path,variety,size,grade,split,out,length_px,width_px,area_px
/Users/ayush/Downloads/date-fruit-quality-ml/data/kaggle/grading/Aseel/Large/Grade-1/70.jpg,Aseel,Large,Grade-1,train,/Users/ayush/Downloads/date-fruit-quality-ml/data/quality/grade/train/Grade-1/Aseel__Large__70.jpg,552.1954345703125,329.2621154785156,147209.0
/Users/ayush/Downloads/date-fruit-quality-ml/data/kaggle/grading/Fasli Toto/Large/Grade-1/76.jpg,Fasli Toto,Large,Grade-1,train,/Users/ayush/Downloads/date-fruit-quality-ml/data/quality/grade/train/Grade-1/Fasli-Toto__Large__76.jpg,482.3526611328125,304.9901428222656,124542.5
/Users/ayush/Downloads/date-fruit-quality-ml/data/kaggle/grading/Gajar/Small/Grade-1/27.jpg,Gajar,Small,Grade-1,train,/Users/ayush/Downloads/date-fruit-quality-ml/data/quality/grade/train/Grade-1/Gajar__Small__27.jpg,525.0341796875,233.7407989501953,103144.0
/Users/ayush/Downloads/date-fruit-quality-ml/data/kaggle/grading/Gajar/Small/Grade-2/119.jpg,Gajar,Small,Grade-2,train,/Users/ayush/Downloads/date-fruit-quality-ml/data/quality/grade/train/Grade-2/Gajar__Small__119.jpg,559.5326538085938,259.60125732421875,121290.5
/Users/ayush/Downloads/date-fruit-quality-ml/data/kaggle/grading/Gajar/Large/Grade-1/119.jpg,Gajar,Large,Grade-1,train,/Users/ayush/Downloads/date-fruit-quality-ml/data/quality/grade/train/Grade-1/Gajar__Large__119.jpg,661.8322143554688,281.59637451171875,160371.0
/Users/ayush/Downloads/date-fruit-quality-ml/data/kaggle/grading/Aseel/Small/Grade-1/138.jpg,Aseel,Small,Grade-1,train,/Users/ayush/Downloads/date-fruit-quality-ml/data/quality/grade/train/Grade-1/Aseel__Small__138.jpg,440.5924072265625,231.34091186523438,84491.0
/Users/ayush/Downloads/date-fruit-quality-ml/data/kaggle/grading/Kupro/Large/Grade-1/82.jpg,Kupro,Large,Grade-1,train,/Users/ayush/Downloads/date-fruit-quality-ml/data/quality/grade/train/Grade-1/Kupro__Large__82.jpg,504.8957214355469,328.9127197265625,127754.5
/Users/ayush/Downloads/date-fruit-quality-ml/data/kaggle/grading/Gajar/Medium/Grade-3/26.jpg,Gajar,Medium,Grade-3,train,/Users/ayush/Downloads/date-fruit-quality-ml/data/quality/grade/train/Grade-3/Gajar__Medium__26.jpg,567.8675537109375,233.806640625,112137.0
/Users/ayush/Downloads/date-fruit-quality-ml/data/kaggle/grading/Aseel/Medium/Grade-1/124.jpg,Aseel,Medium,Grade-1,train,/Users/ayush/Downloads/date-fruit-quality-ml/data/quality/grade/train/Grade-1/Aseel__Medium__124.jpg,482.10760498046875,283.0193786621094,105144.0
/Users/ayush/Downloads/date-fruit-quality-ml/data/kaggle/grading/Fasli Toto/Medium/Grade-1/118.jpg,Fasli Toto,Medium,Grade-1,train,/Users/ayush/Downloads/date-fruit-quality-ml/data/quality/grade/train/Grade-1/Fasli-Toto__Medium__118.jpg,391.6986083984375,277.17132568359375,88743.0
/Users/ayush/Downloads/date-fruit-quality-ml/data/kaggle/grading/Kupro/Large/Grade-2/10.jpg,Kupro,Large,Grade-2,train,/Users/ayush/Downloads/date-fruit-quality-ml/data/quality/grade/train/Grade-2/Kupro__Large__10.jpg,511.39508056640625,333.7350158691406,132082.5
/Users/ayush/Downloads/date-fruit-quality-ml/data/kaggle/grading/Aseel/Large/Grade-1/1.jpg,Aseel,Large,Grade-1,train,/Users/ayush/Downloads/date-fruit-quality-ml/data/quality/grade/train/Grade-1/Aseel__Large__1.jpg,549.4533081054688,349.6657409667969,152045.5
/Users/ayush/Downloads/date-fruit-quality-ml/data/kaggle/grading/Kupro/Large/Grade-1/103.jpg,Kupro,Large,Grade-1,train,/Users/ayush/Downloads/date-fruit-quality-ml/data/quality/grade/train/Grade-1/Kupro__Large__103.jpg,496.02471923828125,352.18798828125,140442.0
/Users/ayush/Downloads/date-fruit-quality-ml/data/kaggle/grading/Gajar/Small/Grade-1/200.jpg,Gajar,Small,Grade-1,train,/Users/ayush/Downloads/date-fruit-quality-ml/data/quality/grade/train/Grade-1/Gajar__Small__200.jpg,567.8851318359375,258.109619140625,120819.5
/Users/ayush/Downloads/date-fruit-quality-ml/data/kaggle/grading/Aseel/Large/Grade-1/9.jpg,Aseel,Large,Grade-1,train,/Users/ayush/Downloads/date-fruit-quality-ml/data/quality/grade/train/Grade-1/Aseel__Large__9.jpg,589.0814208984375,341.1474304199219,162028.0
/Users/ayush/Downloads/date-fruit-quality-ml/data/kaggle/grading/Aseel/Small/Grade-1/34.jpg,Aseel,Small,Grade-1,train,/Users/ayush/Downloads/date-fruit-quality-ml/data/quality/grade/train/Grade-1/Aseel__Small__34.jpg,448.0,279.0,96681.5
/Users/ayush/Downloads/date-fruit-quality-ml/data/kaggle/grading/Gajar/Small/Grade-2/132.jpg,Gajar,Small,Grade-2,train,/Users/ayush/Downloads/date-fruit-quality-ml/data/quality/grade/train/Grade-2/Gajar__Small__132.jpg,552.8513793945312,270.6402282714844,122308.5
/Users/ayush/Downloads/date-fruit-quality-ml/data/kaggle/grading/Aseel/Small/Grade-1/17.jpg,Aseel,Small,Grade-1,train,/Users/ayush/Downloads/date-fruit-quality-ml/data/quality/grade/train/Grade-1/Aseel__Small__17.jpg,476.0,293.0,98562.0
/Users/ayush/Downloads/date-fruit-quality-ml/data/kaggle/grading/Fasli Toto/Medium/Grade-1/97.jpg,Fasli Toto,Medium,Grade-1,train,/Users/ayush/Downloads/date-fruit-quality-ml/data/quality/grade/train/Grade-1/Fasli-Toto__Medium__97.jpg,440.98883056640625,264.0764465332031,86757.0
/Users/ayush/Downloads/date-fruit-quality-ml/data/kaggle/grading/Kupro/Large/Grade-2/320.jpg,Kupro,Large,Grade-2,train,/Users/ayush/Downloads/date-fruit-quality-ml/data/quality/grade/train/Grade-2/Kupro__Large__320.jpg,514.3579711914062,370.1907958984375,142918.5
/Users/ayush/Downloads/date-fruit-quality-ml/data/kaggle/grading/Gajar/Large/Grade-1/164.jpg,Gajar,Large,Grade-1,train,/Users/ayush/Downloads/date-fruit-quality-ml/data/quality/grade/train/Grade-1/Gajar__Large__164.jpg,644.1409301757812,307.79510498046875,158017.5
/Users/ayush/Downloads/date-fruit-quality-ml/data/kaggle/grading/Kupro/Large/Grade-3/7.jpg,Kupro,Large,Grade-3,train,/Users/ayush/Downloads/date-fruit-quality-ml/data/quality/grade/train/Grade-3/Kupro__Large__7.jpg,482.6461486816406,351.9724426269531,135624.0
/Users/ayush/Downloads/date-fruit-quality-ml/data/kaggle/grading/Gajar/Medium/Grade-1/42.jpg,Gajar,Medium,Grade-1,train,/Users/ayush/Downloads/date-fruit-quality-ml/data/quality/grade/train/Grade-1/Gajar__Medium__42.jpg,581.189697265625,279.47088623046875,136777.5
/Users/ayush/Downloads/date-fruit-quality-ml/data/kaggle/grading/Aseel/Large/Grade-1/154.jpg,Aseel,Large,Grade-1,train,/Users/ayush/Downloads/date-fruit-quality-ml/data/quality/grade/train/Grade-1/Aseel__Large__154.jpg,503.7484130859375,317.4287109375,125886.0
/Users/ayush/Downloads/date-fruit-quality-ml/data/kaggle/grading/Fasli Toto/Large/Grade-1/90.jpg,Fasli Toto,Large,Grade-1,train,/Users/ayush/Downloads/date-fruit-quality-ml/data/quality/grade/train/Grade-1/Fasli-Toto__Large__90.jpg,462.11328125,287.10009765625,102594.0
/Users/ayush/Downloads/date-fruit-quality-ml/data/kaggle/grading/Gajar/Small/Grade-3/142.jpg,Gajar,Small,Grade-3,train,/Users/ayush/Downloads/date-fruit-quality-ml/data/quality/grade/train/Grade-3/Gajar__Small__142.jpg,554.9512939453125,257.5064392089844,117030.0
/Users/ayush/Downloads/date-fruit-quality-ml/data/kaggle/grading/Gajar/Large/Grade-1/56.jpg,Gajar,Large,Grade-1,train,/Users/ayush/Downloads/date-fruit-quality-ml/data/quality/grade/train/Grade-1/Gajar__Large__56.jpg,627.8258666992188,279.1632995605469,153842.0
/Users/ayush/Downloads/date-fruit-quality-ml/data/kaggle/grading/Gajar/Medium/Grade-1/151.jpg,Gajar,Medium,Grade-1,train,/Users/ayush/Downloads/date-fruit-quality-ml/data/quality/grade/train/Grade-1/Gajar__Medium__151.jpg,622.6107177734375,282.37066650390625,141658.5
/Users/ayush/Downloads/date-fruit-quality-ml/data/kaggle/grading/Gajar/Large/Grade-3/57.jpg,Gajar,Large,Grade-3,train,/Users/ayush/Downloads/date-fruit-quality-ml/data/quality/grade/train/Grade-3/Gajar__Large__57.jpg,613.7400512695312,307.5849914550781,153033.5
/Users/ayush/Downloads/date-fruit-quality-ml/data/kaggle/grading/Kupro/Large/Grade-1/140.jpg,Kupro,Large,Grade-1,train,/Users/ayush/Downloads/date-fruit-quality-ml/data/quality/grade/train/Grade-1/Kupro__Large__140.jpg,495.0,332.0,131422.0
/Users/ayush/Downloads/date-fruit-quality-ml/data/kaggle/grading/Gajar/Large/Grade-1/155.jpg,Gajar,Large,Grade-1,train,/Users/ayush/Downloads/date-fruit-quality-ml/data/quality/grade/train/Grade-1/Gajar__Large__155.jpg,713.9725952148438,280.21697998046875,147065.0
/Users/ayush/Downloads/date-fruit-quality-ml/data/kaggle/grading/Gajar/Medium/Grade-2/42.jpg,Gajar,Medium,Grade-2,train,/Users/ayush/Downloads/date-fruit-quality-ml/data/quality/grade/train/Grade-2/Gajar__Medium__42.jpg,562.221923828125,241.24505615234375,114618.0
/Users/ayush/Downloads/date-fruit-quality-ml/data/kaggle/grading/Fasli Toto/Medium/Grade-1/89.jpg,Fasli Toto,Medium,Grade-1,train,/Users/ayush/Downloads/date-fruit-quality-ml/data/quality/grade/train/Grade-1/Fasli-Toto__Medium__89.jpg,385.18682861328125,298.71295166015625,91603.5
/Users/ayush/Downloads/date-fruit-quality-ml/data/kaggle/grading/Aseel/Small/Grade-1/25.jpg,Aseel,Small,Grade-1,train,/Users/ayush/Downloads/date-fruit-quality-ml/data/quality/grade/train/Grade-1/Aseel__Small__25.jpg,441.43157958984375,268.3199768066406,93532.0
/Users/ayush/Downloads/date-fruit-quality-ml/data/kaggle/grading/Gajar/Medium/Grade-1/123.jpg,Gajar,Medium,Grade-1,train,/Users/ayush/Downloads/date-fruit-quality-ml/data/quality/grade/train/Grade-1/Gajar__Medium__123.jpg,591.2888793945312,228.78382873535156,109961.5
/Users/ayush/Downloads/date-fruit-quality-ml/data/kaggle/grading/Gajar/Small/Grade-1/61.jpg,Gajar,Small,Grade-1,train,/Users/ayush/Downloads/date-fruit-quality-ml/data/quality/grade/train/Grade-1/Gajar__Small__61.jpg,581.8198852539062,265.5422668457031,130198.0
/Users/ayush/Downloads/date-fruit-quality-ml/data/kaggle/grading/Fasli Toto/Small/Grade-1/46.jpg,Fasli Toto,Small,Grade-1,train,/Users/ayush/Downloads/date-fruit-quality-ml/data/quality/grade/train/Grade-1/Fasli-Toto__Small__46.jpg,402.0,243.0,77174.0
/Users/ayush/Downloads/date-fruit-quality-ml/data/kaggle/grading/Gajar/Small/Grade-1/145.jpg,Gajar,Small,Grade-1,train,/Users/ayush/Downloads/date-fruit-quality-ml/data/quality/grade/train/Grade-1/Gajar__Small__145.jpg,510.8137512207031,250.8175506591797,106451.5
/Users/ayush/Downloads/date-fruit-quality-ml/data/kaggle/grading/Gajar/Medium/Grade-2/51.jpg,Gajar,Medium,Grade-2,train,/Users/ayush/Downloads/date-fruit-quality-ml/data/quality/grade/train/Grade-2/Gajar__Medium__51.jpg,582.0,262.0,125592.0
/Users/ayush/Downloads/date-fruit-quality-ml/data/kaggle/grading/Aseel/Medium/Grade-1/167.jpg,Aseel,Medium,Grade-1,train,/Users/ayush/Downloads/date-fruit-quality-ml/data/quality/grade/train/Grade-1/Aseel__Medium__167.jpg,462.431884765625,283.1215515136719,105827.5
/Users/ayush/Downloads/date-fruit-quality-ml/data/kaggle/grading/Aseel/Small/Grade-1/100.jpg,Aseel,Small,Grade-1,train,/Users/ayush/Downloads/date-fruit-quality-ml/data/quality/grade/train/Grade-1/Aseel__Small__100.jpg,456.5987854003906,240.24351501464844,88389.5
/Users/ayush/Downloads/date-fruit-quality-ml/data/kaggle/grading/Gajar/Large/Grade-1/172.jpg,Gajar,Large,Grade-1,train,/Users/ayush/Downloads/date-fruit-quality-ml/data/quality/grade/train/Grade-1/Gajar__Large__172.jpg,627.5111083984375,294.11883544921875,153260.5
/Users/ayush/Downloads/date-fruit-quality-ml/data/kaggle/grading/Gajar/Medium/Grade-1/47.jpg,Gajar,Medium,Grade-1,train,/Users/ayush/Downloads/date-fruit-quality-ml/data/quality/grade/train/Grade-1/Gajar__Medium__47.jpg,572.5927124023438,282.9376220703125,131308.0
/Users/ayush/Downloads/date-fruit-quality-ml/data/kaggle/grading/Aseel/Large/Grade-1/47.jpg,Aseel,Large,Grade-1,train,/Users/ayush/Downloads/date-fruit-quality-ml/data/quality/grade/train/Grade-1/Aseel__Large__47.jpg,562.216064453125,300.8523864746094,137304.0
/Users/ayush/Downloads/date-fruit-quality-ml/data/kaggle/grading/Aseel/Medium/Grade-1/150.jpg,Aseel,Medium,Grade-1,train,/Users/ayush/Downloads/date-fruit-quality-ml/data/quality/grade/train/Grade-1/Aseel__Medium__150.jpg,461.05963134765625,273.6321716308594,103662.5
/Users/ayush/Downloads/date-fruit-quality-ml/data/kaggle/grading/Gajar/Large/Grade-1/142.jpg,Gajar,Large,Grade-1,train,/Users/ayush/Downloads/date-fruit-quality-ml/data/quality/grade/train/Grade-1/Gajar__Large__142.jpg,632.7088623046875,272.334716796875,145021.5
/Users/ayush/Downloads/date-fruit-quality-ml/data/kaggle/grading/Aseel/Medium/Grade-1/16.jpg,Aseel,Medium,Grade-1,train,/Users/ayush/Downloads/date-fruit-quality-ml/data/quality/grade/train/Grade-1/Aseel__Medium__16.jpg,517.9807739257812,272.3822021484375,114717.5
/Users/ayush/Downloads/date-fruit-quality-ml/data/kaggle/grading/Kupro/Large/Grade-1/56.jpg,Kupro,Large,Grade-1,train,/Users/ayush/Downloads/date-fruit-quality-ml/data/quality/grade/train/Grade-1/Kupro__Large__56.jpg,506.4247131347656,351.77825927734375,140900.5
/Users/ayush/Downloads/date-fruit-quality-ml/data/kaggle/grading/Kupro/Large/Grade-3/98.jpg,Kupro,Large,Grade-3,train,/Users/ayush/Downloads/date-fruit-quality-ml/data/quality/grade/train/Grade-3/Kupro__Large__98.jpg,501.5540466308594,367.7622985839844,147600.0
/Users/ayush/Downloads/date-fruit-quality-ml/data/kaggle/grading/Gajar/Large/Grade-2/77.jpg,Gajar,Large,Grade-2,train,/Users/ayush/Downloads/date-fruit-quality-ml/data/quality/grade/train/Grade-2/Gajar__Large__77.jpg,621.099609375,278.60009765625,145822.5
/Users/ayush/Downloads/date-fruit-quality-ml/data/kaggle/grading/Fasli Toto/Large/Grade-1/25.jpg,Fasli Toto,Large,Grade-1,train,/Users/ayush/Downloads/date-fruit-quality-ml/data/quality/grade/train/Grade-1/Fasli-Toto__Large__25.jpg,457.7276306152344,290.6378173828125,109827.0
/Users/ayush/Downloads/date-fruit-quality-ml/data/kaggle/grading/Gajar/Small/Grade-2/135.jpg,Gajar,Small,Grade-2,train,/Users/ayush/Downloads/date-fruit-quality-ml/data/quality/grade/train/Grade-2/Gajar__Small__135.jpg,557.5389404296875,285.7265625,126639.0
/Users/ayush/Downloads/date-fruit-quality-ml/data/kaggle/grading/Gajar/Small/Grade-3/4.jpg,Gajar,Small,Grade-3,train,/Users/ayush/Downloads/date-fruit-quality-ml/data/quality/grade/train/Grade-3/Gajar__Small__4.jpg,581.9462280273438,273.5810852050781,131615.5
/Users/ayush/Downloads/date-fruit-quality-ml/data/kaggle/grading/Gajar/Small/Grade-3/147.jpg,Gajar,Small,Grade-3,train,/Users/ayush/Downloads/date-fruit-quality-ml/data/quality/grade/train/Grade-3/Gajar__Small__147.jpg,583.65869140625,279.4076843261719,138398.5
/Users/ayush/Downloads/date-fruit-quality-ml/data/kaggle/grading/Gajar/Small/Grade-1/96.jpg,Gajar,Small,Grade-1,train,/Users/ayush/Downloads/date-fruit-quality-ml/data/quality/grade/train/Grade-1/Gajar__Small__96.jpg,581.2769165039062,270.353271484375,127840.0
/Users/ayush/Downloads/date-fruit-quality-ml/data/kaggle/grading/Gajar/Large/Grade-2/90.jpg,Gajar,Large,Grade-2,train,/Users/ayush/Downloads/date-fruit-quality-ml/data/quality/grade/train/Grade-2/Gajar__Large__90.jpg,606.9177856445312,315.4852294921875,153277.0
/Users/ayush/Downloads/date-fruit-quality-ml/data/kaggle/grading/Gajar/Medium/Grade-3/22.jpg,Gajar,Medium,Grade-3,train,/Users/ayush/Downloads/date-fruit-quality-ml/data/quality/grade/train/Grade-3/Gajar__Medium__22.jpg,597.3372802734375,246.15911865234375,121855.5
/Users/ayush/Downloads/date-fruit-quality-ml/data/kaggle/grading/Kupro/Large/Grade-3/116.jpg,Kupro,Large,Grade-3,train,/Users/ayush/Downloads/date-fruit-quality-ml/data/quality/grade/train/Grade-3/Kupro__Large__116.jpg,496.7951965332031,323.72625732421875,127899.0
/Users/ayush/Downloads/date-fruit-quality-ml/data/kaggle/grading/Kupro/Large/Grade-2/83.jpg,Kupro,Large,Grade-2,train,/Users/ayush/Downloads/date-fruit-quality-ml/data/quality/grade/train/Grade-2/Kupro__Large__83.jpg,513.427978515625,346.9765625,139017.0
/Users/ayush/Downloads/date-fruit-quality-ml/data/kaggle/grading/Fasli Toto/Medium/Grade-1/111.jpg,Fasli Toto,Medium,Grade-1,train,/Users/ayush/Downloads/date-fruit-quality-ml/data/quality/grade/train/Grade-1/Fasli-Toto__Medium__111.jpg,417.0603942871094,289.18328857421875,97778.5
/Users/ayush/Downloads/date-fruit-quality-ml/data/kaggle/grading/Kupro/Large/Grade-1/217.jpg,Kupro,Large,Grade-1,train,/Users/ayush/Downloads/date-fruit-quality-ml/data/quality/grade/train/Grade-1/Kupro__Large__217.jpg,445.9879150390625,345.8513488769531,122889.5
/Users/ayush/Downloads/date-fruit-quality-ml/data/kaggle/grading/Kupro/Large/Grade-1/32.jpg,Kupro,Large,Grade-1,train,/Users/ayush/Downloads/date-fruit-quality-ml/data/quality/grade/train/Grade-1/Kupro__Large__32.jpg,473.2044372558594,332.4998779296875,121767.0
/Users/ayush/Downloads/date-fruit-quality-ml/data/kaggle/grading/Gajar/Large/Grade-1/150.jpg,Gajar,Large,Grade-1,train,/Users/ayush/Downloads/date-fruit-quality-ml/data/quality/grade/train/Grade-1/Gajar__Large__150.jpg,615.9940185546875,293.9624328613281,151583.5
/Users/ayush/Downloads/date-fruit-quality-ml/data/kaggle/grading/Fasli Toto/Medium/Grade-1/126.jpg,Fasli Toto,Medium,Grade-1,train,/Users/ayush/Downloads/date-fruit-quality-ml/data/quality/grade/train/Grade-1/Fasli-Toto__Medium__126.jpg,423.9906311035156,250.3377685546875,89683.0
/Users/ayush/Downloads/date-fruit-quality-ml/data/kaggle/grading/Gajar/Medium/Grade-1/63.jpg,Gajar,Medium,Grade-1,train,/Users/ayush/Downloads/date-fruit-quality-ml/data/quality/grade/train/Grade-1/Gajar__Medium__63.jpg,561.5872192382812,258.2138671875,119965.0
/Users/ayush/Downloads/date-fruit-quality-ml/data/kaggle/grading/Kupro/Large/Grade-1/223.jpg,Kupro,Large,Grade-1,train,/Users/ayush/Downloads/date-fruit-quality-ml/data/quality/grade/train/Grade-1/Kupro__Large__223.jpg,497.6569519042969,330.55804443359375,127927.0
/Users/ayush/Downloads/date-fruit-quality-ml/data/kaggle/grading/Gajar/Small/Grade-3/209.jpg,Gajar,Small,Grade-3,train,/Users/ayush/Downloads/date-fruit-quality-ml/data/quality/grade/train/Grade-3/Gajar__Small__209.jpg,512.4539184570312,245.60369873046875,102814.0
/Users/ayush/Downloads/date-fruit-quality-ml/data/kaggle/grading/Kupro/Large/Grade-2/161.jpg,Kupro,Large,Grade-2,train,/Users/ayush/Downloads/date-fruit-quality-ml/data/quality/grade/train/Grade-2/Kupro__Large__161.jpg,490.08551025390625,351.1957092285156,137516.5
/Users/ayush/Downloads/date-fruit-quality-ml/data/kaggle/grading/Gajar/Medium/Grade-1/28.jpg,Gajar,Medium,Grade-1,train,/Users/ayush/Downloads/date-fruit-quality-ml/data/quality/grade/train/Grade-1/Gajar__Medium__28.jpg,520.3599243164062,260.3786926269531,109383.0
/Users/ayush/Downloads/date-fruit-quality-ml/data/kaggle/grading/Fasli Toto/Large/Grade-1/122.jpg,Fasli Toto,Large,Grade-1,train,/Users/ayush/Downloads/date-fruit-quality-ml/data/quality/grade/train/Grade-1/Fasli-Toto__Large__122.jpg,477.0067443847656,308.39825439453125,116987.0
/Users/ayush/Downloads/date-fruit-quality-ml/data/kaggle/grading/Aseel/Large/Grade-1/61.jpg,Aseel,Large,Grade-1,train,/Users/ayush/Downloads/date-fruit-quality-ml/data/quality/grade/train/Grade-1/Aseel__Large__61.jpg,533.0247192382812,288.2669982910156,126650.0
/Users/ayush/Downloads/date-fruit-quality-ml/data/kaggle/grading/Gajar/Small/Grade-2/125.jpg,Gajar,Small,Grade-2,train,/Users/ayush/Downloads/date-fruit-quality-ml/data/quality/grade/train/Grade-2/Gajar__Small__125.jpg,609.0874633789062,273.9136962890625,136065.0
/Users/ayush/Downloads/date-fruit-quality-ml/data/kaggle/grading/Gajar/Large/Grade-3/122.jpg,Gajar,Large,Grade-3,train,/Users/ayush/Downloads/date-fruit-quality-ml/data/quality/grade/train/Grade-3/Gajar__Large__122.jpg,637.1541137695312,270.2568054199219,146523.0
/Users/ayush/Downloads/date-fruit-quality-ml/data/kaggle/grading/Aseel/Small/Grade-1/23.jpg,Aseel,Small,Grade-1,train,/Users/ayush/Downloads/date-fruit-quality-ml/data/quality/grade/train/Grade-1/Aseel__Small__23.jpg,450.86456298828125,270.0410461425781,94975.5
/Users/ayush/Downloads/date-fruit-quality-ml/data/kaggle/grading/Fasli Toto/Medium/Grade-1/144.jpg,Fasli Toto,Medium,Grade-1,train,/Users/ayush/Downloads/date-fruit-quality-ml/data/quality/grade/train/Grade-1/Fasli-Toto__Medium__144.jpg,399.7877197265625,285.4016418457031,92554.5
/Users/ayush/Downloads/date-fruit-quality-ml/data/kaggle/grading/Gajar/Medium/Grade-1/131.jpg,Gajar,Medium,Grade-1,train,/Users/ayush/Downloads/date-fruit-quality-ml/data/quality/grade/train/Grade-1/Gajar__Medium__131.jpg,616.3593139648438,282.28411865234375,138402.0
/Users/ayush/Downloads/date-fruit-quality-ml/data/kaggle/grading/Gajar/Small/Grade-1/32.jpg,Gajar,Small,Grade-1,train,/Users/ayush/Downloads/date-fruit-quality-ml/data/quality/grade/train/Grade-1/Gajar__Small__32.jpg,546.5332641601562,262.5126953125,115409.5
/Users/ayush/Downloads/date-fruit-quality-ml/data/kaggle/grading/Kupro/Large/Grade-1/2.jpg,Kupro,Large,Grade-1,train,/Users/ayush/Downloads/date-fruit-quality-ml/data/quality/grade/train/Grade-1/Kupro__Large__2.jpg,497.5310974121094,348.2070617675781,136906.0
/Users/ayush/Downloads/date-fruit-quality-ml/data/kaggle/grading/Gajar/Small/Grade-1/16.jpg,Gajar,Small,Grade-1,train,/Users/ayush/Downloads/date-fruit-quality-ml/data/quality/grade/train/Grade-1/Gajar__Small__16.jpg,511.9009704589844,258.9319763183594,110430.5
/Users/ayush/Downloads/date-fruit-quality-ml/data/kaggle/grading/Kupro/Large/Grade-2/28.jpg,Kupro,Large,Grade-2,train,/Users/ayush/Downloads/date-fruit-quality-ml/data/quality/grade/train/Grade-2/Kupro__Large__28.jpg,529.6480712890625,365.0729675292969,150978.0
/Users/ayush/Downloads/date-fruit-quality-ml/data/kaggle/grading/Aseel/Small/Grade-1/166.jpg,Aseel,Small,Grade-1,train,/Users/ayush/Downloads/date-fruit-quality-ml/data/quality/grade/train/Grade-1/Aseel__Small__166.jpg,432.58685302734375,265.7568054199219,93390.0
/Users/ayush/Downloads/date-fruit-quality-ml/data/kaggle/grading/Gajar/Medium/Grade-1/181.jpg,Gajar,Medium,Grade-1,train,/Users/ayush/Downloads/date-fruit-quality-ml/data/quality/grade/train/Grade-1/Gajar__Medium__181.jpg,646.9716796875,277.70440673828125,138235.0
/Users/ayush/Downloads/date-fruit-quality-ml/data/kaggle/grading/Gajar/Small/Grade-1/90.jpg,Gajar,Small,Grade-1,train,/Users/ayush/Downloads/date-fruit-quality-ml/data/quality/grade/train/Grade-1/Gajar__Small__90.jpg,603.5537109375,299.9918518066406,145421.5
/Users/ayush/Downloads/date-fruit-quality-ml/data/kaggle/grading/Gajar/Medium/Grade-1/163.jpg,Gajar,Medium,Grade-1,train,/Users/ayush/Downloads/date-fruit-quality-ml/data/quality/grade/train/Grade-1/Gajar__Medium__163.jpg,526.0258178710938,292.3634948730469,126278.0
/Users/ayush/Downloads/date-fruit-quality-ml/data/kaggle/grading/Gajar/Small/Grade-2/122.jpg,Gajar,Small,Grade-2,train,/Users/ayush/Downloads/date-fruit-quality-ml/data/quality/grade/train/Grade-2/Gajar__Small__122.jpg,600.796630859375,266.531005859375,134597.0
/Users/ayush/Downloads/date-fruit-quality-ml/data/kaggle/grading/Aseel/Small/Grade-1/31.jpg,Aseel,Small,Grade-1,train,/Users/ayush/Downloads/date-fruit-quality-ml/data/quality/grade/train/Grade-1/Aseel__Small__31.jpg,451.2339782714844,236.3313751220703,86275.5
/Users/ayush/Downloads/date-fruit-quality-ml/data/kaggle/grading/Fasli Toto/Large/Grade-1/49.jpg,Fasli Toto,Large,Grade-1,train,/Users/ayush/Downloads/date-fruit-quality-ml/data/quality/grade/train/Grade-1/Fasli-Toto__Large__49.jpg,480.0,293.0,112118.0
/Users/ayush/Downloads/date-fruit-quality-ml/data/kaggle/grading/Gajar/Medium/Grade-1/111.jpg,Gajar,Medium,Grade-1,train,/Users/ayush/Downloads/date-fruit-quality-ml/data/quality/grade/train/Grade-1/Gajar__Medium__111.jpg,556.7122192382812,264.10394287109375,122923.5
/Users/ayush/Downloads/date-fruit-quality-ml/data/kaggle/grading/Gajar/Small/Grade-3/107.jpg,Gajar,Small,Grade-3,train,/Users/ayush/Downloads/date-fruit-quality-ml/data/quality/grade/train/Grade-3/Gajar__Small__107.jpg,556.44873046875,273.155517578125,125957.0
/Users/ayush/Downloads/date-fruit-quality-ml/data/kaggle/grading/Fasli Toto/Medium/Grade-1/92.jpg,Fasli Toto,Medium,Grade-1,train,/Users/ayush/Downloads/date-fruit-quality-ml/data/quality/grade/train/Grade-1/Fasli-Toto__Medium__92.jpg,417.73687744140625,297.2540588378906,98617.0
/Users/ayush/Downloads/date-fruit-quality-ml/data/kaggle/grading/Kupro/Large/Grade-1/149.jpg,Kupro,Large,Grade-1,train,/Users/ayush/Downloads/date-fruit-quality-ml/data/quality/grade/train/Grade-1/Kupro__Large__149.jpg,497.0,340.0,135815.5
/Users/ayush/Downloads/date-fruit-quality-ml/data/kaggle/grading/Gajar/Small/Grade-1/177.jpg,Gajar,Small,Grade-1,train,/Users/ayush/Downloads/date-fruit-quality-ml/data/quality/grade/train/Grade-1/Gajar__Small__177.jpg,575.0899047851562,229.12246704101562,115238.0
/Users/ayush/Downloads/date-fruit-quality-ml/data/kaggle/grading/Gajar/Medium/Grade-1/200.jpg,Gajar,Medium,Grade-1,train,/Users/ayush/Downloads/date-fruit-quality-ml/data/quality/grade/train/Grade-1/Gajar__Medium__200.jpg,631.4520874023438,289.1241149902344,150335.0
/Users/ayush/Downloads/date-fruit-quality-ml/data/kaggle/grading/Fasli Toto/Small/Grade-1/30.jpg,Fasli Toto,Small,Grade-1,train,/Users/ayush/Downloads/date-fruit-quality-ml/data/quality/grade/train/Grade-1/Fasli-Toto__Small__30.jpg,383.21014404296875,260.2297058105469,77558.5
/Users/ayush/Downloads/date-fruit-quality-ml/data/kaggle/grading/Gajar/Large/Grade-2/73.jpg,Gajar,Large,Grade-2,train,/Users/ayush/Downloads/date-fruit-quality-ml/data/quality/grade/train/Grade-2/Gajar__Large__73.jpg,643.6408081054688,262.6766357421875,144359.0
/Users/ayush/Downloads/date-fruit-quality-ml/data/kaggle/grading/Aseel/Small/Grade-1/8.jpg,Aseel,Small,Grade-1,train,/Users/ayush/Downloads/date-fruit-quality-ml/data/quality/grade/train/Grade-1/Aseel__Small__8.jpg,449.0,278.0,100261.0
/Users/ayush/Downloads/date-fruit-quality-ml/data/kaggle/grading/Kupro/Large/Grade-1/235.jpg,Kupro,Large,Grade-1,train,/Users/ayush/Downloads/date-fruit-quality-ml/data/quality/grade/train/Grade-1/Kupro__Large__235.jpg,533.7921142578125,369.0631408691406,152725.5
/Users/ayush/Downloads/date-fruit-quality-ml/data/kaggle/grading/Kupro/Large/Grade-1/58.jpg,Kupro,Large,Grade-1,train,/Users/ayush/Downloads/date-fruit-quality-ml/data/quality/grade/train/Grade-1/Kupro__Large__58.jpg,494.34515380859375,367.61578369140625,144556.5
/Users/ayush/Downloads/date-fruit-quality-ml/data/kaggle/grading/Gajar/Medium/Grade-1/139.jpg,Gajar,Medium,Grade-1,train,/Users/ayush/Downloads/date-fruit-quality-ml/data/quality/grade/train/Grade-1/Gajar__Medium__139.jpg,580.3724365234375,256.6871032714844,124771.5
/Users/ayush/Downloads/date-fruit-quality-ml/data/kaggle/grading/Aseel/Large/Grade-1/43.jpg,Aseel,Large,Grade-1,train,/Users/ayush/Downloads/date-fruit-quality-ml/data/quality/grade/train/Grade-1/Aseel__Large__43.jpg,541.6596069335938,341.7156982421875,145271.5
/Users/ayush/Downloads/date-fruit-quality-ml/data/kaggle/grading/Gajar/Large/Grade-1/147.jpg,Gajar,Large,Grade-1,train,/Users/ayush/Downloads/date-fruit-quality-ml/data/quality/grade/train/Grade-1/Gajar__Large__147.jpg,665.550048828125,283.0460510253906,158408.5
/Users/ayush/Downloads/date-fruit-quality-ml/data/kaggle/grading/Gajar/Large/Grade-2/79.jpg,Gajar,Large,Grade-2,train,/Users/ayush/Downloads/date-fruit-quality-ml/data/quality/grade/train/Grade-2/Gajar__Large__79.jpg,632.7655639648438,246.5558319091797,132574.0
/Users/ayush/Downloads/date-fruit-quality-ml/data/kaggle/grading/Gajar/Large/Grade-2/114.jpg,Gajar,Large,Grade-2,train,/Users/ayush/Downloads/date-fruit-quality-ml/data/quality/grade/train/Grade-2/Gajar__Large__114.jpg,606.4375610351562,278.8788757324219,146155.0
/Users/ayush/Downloads/date-fruit-quality-ml/data/kaggle/grading/Kupro/Large/Grade-1/221.jpg,Kupro,Large,Grade-1,train,/Users/ayush/Downloads/date-fruit-quality-ml/data/quality/grade/train/Grade-1/Kupro__Large__221.jpg,489.6391296386719,342.806396484375,130105.0
/Users/ayush/Downloads/date-fruit-quality-ml/data/kaggle/grading/Fasli Toto/Medium/Grade-1/77.jpg,Fasli Toto,Medium,Grade-1,train,/Users/ayush/Downloads/date-fruit-quality-ml/data/quality/grade/train/Grade-1/Fasli-Toto__Medium__77.jpg,430.7420349121094,267.0889587402344,90707.5
/Users/ayush/Downloads/date-fruit-quality-ml/data/kaggle/grading/Gajar/Small/Grade-1/115.jpg,Gajar,Small,Grade-1,train,/Users/ayush/Downloads/date-fruit-quality-ml/data/quality/grade/train/Grade-1/Gajar__Small__115.jpg,524.7730712890625,272.7707214355469,119698.0
/Users/ayush/Downloads/date-fruit-quality-ml/data/kaggle/grading/Kupro/Large/Grade-1/70.jpg,Kupro,Large,Grade-1,train,/Users/ayush/Downloads/date-fruit-quality-ml/data/quality/grade/train/Grade-1/Kupro__Large__70.jpg,470.8631286621094,358.60223388671875,131822.5
/Users/ayush/Downloads/date-fruit-quality-ml/data/kaggle/grading/Gajar/Large/Grade-2/72.jpg,Gajar,Large,Grade-2,train,/Users/ayush/Downloads/date-fruit-quality-ml/data/quality/grade/train/Grade-2/Gajar__Large__72.jpg,639.105224609375,279.15264892578125,148771.5
/Users/ayush/Downloads/date-fruit-quality-ml/data/kaggle/grading/Kupro/Large/Grade-1/291.jpg,Kupro,Large,Grade-1,train,/Users/ayush/Downloads/date-fruit-quality-ml/data/quality/grade/train/Grade-1/Kupro__Large__291.jpg,509.9300537109375,384.9076843261719,152714.0
/Users/ayush/Downloads/date-fruit-quality-ml/data/kaggle/grading/Kupro/Large/Grade-2/146.jpg,Kupro,Large,Grade-2,train,/Users/ayush/Downloads/date-fruit-quality-ml/data/quality/grade/train/Grade-2/Kupro__Large__146.jpg,517.5545654296875,361.6343078613281,144174.0
/Users/ayush/Downloads/date-fruit-quality-ml/data/kaggle/grading/Fasli Toto/Medium/Grade-1/150.jpg,Fasli Toto,Medium,Grade-1,train,/Users/ayush/Downloads/date-fruit-quality-ml/data/quality/grade/train/Grade-1/Fasli-Toto__Medium__150.jpg,442.15155029296875,275.8524169921875,97487.0
/Users/ayush/Downloads/date-fruit-quality-ml/data/kaggle/grading/Gajar/Small/Grade-1/83.jpg,Gajar,Small,Grade-1,train,/Users/ayush/Downloads/date-fruit-quality-ml/data/quality/grade/train/Grade-1/Gajar__Small__83.jpg,557.5656127929688,277.6377258300781,124368.0
/Users/ayush/Downloads/date-fruit-quality-ml/data/kaggle/grading/Gajar/Small/Grade-3/28.jpg,Gajar,Small,Grade-3,train,/Users/ayush/Downloads/date-fruit-quality-ml/data/quality/grade/train/Grade-3/Gajar__Small__28.jpg,538.1356811523438,237.6986083984375,108022.5
/Users/ayush/Downloads/date-fruit-quality-ml/data/kaggle/grading/Kupro/Large/Grade-2/145.jpg,Kupro,Large,Grade-2,train,/Users/ayush/Downloads/date-fruit-quality-ml/data/quality/grade/train/Grade-2/Kupro__Large__145.jpg,493.13311767578125,351.31964111328125,135706.0
/Users/ayush/Downloads/date-fruit-quality-ml/data/kaggle/grading/Gajar/Small/Grade-1/75.jpg,Gajar,Small,Grade-1,train,/Users/ayush/Downloads/date-fruit-quality-ml/data/quality/grade/train/Grade-1/Gajar__Small__75.jpg,525.0248413085938,274.4986572265625,120765.5
/Users/ayush/Downloads/date-fruit-quality-ml/data/kaggle/grading/Aseel/Large/Grade-1/107.jpg,Aseel,Large,Grade-1,train,/Users/ayush/Downloads/date-fruit-quality-ml/data/quality/grade/train/Grade-1/Aseel__Large__107.jpg,482.3604431152344,315.4261779785156,126509.0
/Users/ayush/Downloads/date-fruit-quality-ml/data/kaggle/grading/Kupro/Large/Grade-3/45.jpg,Kupro,Large,Grade-3,train,/Users/ayush/Downloads/date-fruit-quality-ml/data/quality/grade/train/Grade-3/Kupro__Large__45.jpg,469.9743347167969,363.5156555175781,131823.5
/Users/ayush/Downloads/date-fruit-quality-ml/data/kaggle/grading/Gajar/Small/Grade-1/185.jpg,Gajar,Small,Grade-1,train,/Users/ayush/Downloads/date-fruit-quality-ml/data/quality/grade/train/Grade-1/Gajar__Small__185.jpg,517.271484375,296.7853698730469,128752.5
/Users/ayush/Downloads/date-fruit-quality-ml/data/kaggle/grading/Gajar/Small/Grade-3/196.jpg,Gajar,Small,Grade-3,train,/Users/ayush/Downloads/date-fruit-quality-ml/data/quality/grade/train/Grade-3/Gajar__Small__196.jpg,519.210693359375,261.615478515625,114925.5
/Users/ayush/Downloads/date-fruit-quality-ml/data/kaggle/grading/Aseel/Medium/Grade-1/48.jpg,Aseel,Medium,Grade-1,train,/Users/ayush/Downloads/date-fruit-quality-ml/data/quality/grade/train/Grade-1/Aseel__Medium__48.jpg,497.568359375,306.5011901855469,118840.5
/Users/ayush/Downloads/date-fruit-quality-ml/data/kaggle/grading/Aseel/Small/Grade-1/135.jpg,Aseel,Small,Grade-1,train,/Users/ayush/Downloads/date-fruit-quality-ml/data/quality/grade/train/Grade-1/Aseel__Small__135.jpg,421.5999755859375,260.32000732421875,88410.0
/Users/ayush/Downloads/date-fruit-quality-ml/data/kaggle/grading/Gajar/Small/Grade-2/41.jpg,Gajar,Small,Grade-2,train,/Users/ayush/Downloads/date-fruit-quality-ml/data/quality/grade/train/Grade-2/Gajar__Small__41.jpg,568.0,241.0,114777.0
/Users/ayush/Downloads/date-fruit-quality-ml/data/kaggle/grading/Kupro/Large/Grade-1/134.jpg,Kupro,Large,Grade-1,train,/Users/ayush/Downloads/date-fruit-quality-ml/data/quality/grade/train/Grade-1/Kupro__Large__134.jpg,513.4396362304688,368.1683044433594,150719.5
/Users/ayush/Downloads/date-fruit-quality-ml/data/kaggle/grading/Kupro/Large/Grade-1/21.jpg,Kupro,Large,Grade-1,train,/Users/ayush/Downloads/date-fruit-quality-ml/data/quality/grade/train/Grade-1/Kupro__Large__21.jpg,509.73321533203125,373.7046813964844,146967.0
/Users/ayush/Downloads/date-fruit-quality-ml/data/kaggle/grading/Gajar/Large/Grade-2/30.jpg,Gajar,Large,Grade-2,train,/Users/ayush/Downloads/date-fruit-quality-ml/data/quality/grade/train/Grade-2/Gajar__Large__30.jpg,574.0361938476562,271.55419921875,130843.5
/Users/ayush/Downloads/date-fruit-quality-ml/data/kaggle/grading/Kupro/Large/Grade-2/170.jpg,Kupro,Large,Grade-2,train,/Users/ayush/Downloads/date-fruit-quality-ml/data/quality/grade/train/Grade-2/Kupro__Large__170.jpg,516.5117797851562,348.2622985839844,144737.5
/Users/ayush/Downloads/date-fruit-quality-ml/data/kaggle/grading/Gajar/Large/Grade-1/146.jpg,Gajar,Large,Grade-1,train,/Users/ayush/Downloads/date-fruit-quality-ml/data/quality/grade/train/Grade-1/Gajar__Large__146.jpg,656.0,273.0,149041.5
/Users/ayush/Downloads/date-fruit-quality-ml/data/kaggle/grading/Aseel/Medium/Grade-1/136.jpg,Aseel,Medium,Grade-1,train,/Users/ayush/Downloads/date-fruit-quality-ml/data/quality/grade/train/Grade-1/Aseel__Medium__136.jpg,456.3906555175781,305.1054382324219,110850.0
/Users/ayush/Downloads/date-fruit-quality-ml/data/kaggle/grading/Gajar/Small/Grade-2/43.jpg,Gajar,Small,Grade-2,train,/Users/ayush/Downloads/date-fruit-quality-ml/data/quality/grade/train/Grade-2/Gajar__Small__43.jpg,585.302978515625,304.2348937988281,129754.0
/Users/ayush/Downloads/date-fruit-quality-ml/data/kaggle/grading/Aseel/Medium/Grade-1/158.jpg,Aseel,Medium,Grade-1,train,/Users/ayush/Downloads/date-fruit-quality-ml/data/quality/grade/train/Grade-1/Aseel__Medium__158.jpg,474.1756896972656,291.75469970703125,108572.5
/Users/ayush/Downloads/date-fruit-quality-ml/data/kaggle/grading/Kupro/Large/Grade-3/22.jpg,Kupro,Large,Grade-3,train,/Users/ayush/Downloads/date-fruit-quality-ml/data/quality/grade/train/Grade-3/Kupro__Large__22.jpg,507.9576416015625,371.3180236816406,146705.0
/Users/ayush/Downloads/date-fruit-quality-ml/data/kaggle/grading/Gajar/Small/Grade-1/85.jpg,Gajar,Small,Grade-1,train,/Users/ayush/Downloads/date-fruit-quality-ml/data/quality/grade/train/Grade-1/Gajar__Small__85.jpg,521.2032470703125,254.6724395751953,108559.5
/Users/ayush/Downloads/date-fruit-quality-ml/data/kaggle/grading/Gajar/Small/Grade-3/201.jpg,Gajar,Small,Grade-3,train,/Users/ayush/Downloads/date-fruit-quality-ml/data/quality/grade/train/Grade-3/Gajar__Small__201.jpg,561.9478759765625,270.76715087890625,128516.0
/Users/ayush/Downloads/date-fruit-quality-ml/data/kaggle/grading/Gajar/Small/Grade-1/155.jpg,Gajar,Small,Grade-1,train,/Users/ayush/Downloads/date-fruit-quality-ml/data/quality/grade/train/Grade-1/Gajar__Small__155.jpg,553.44384765625,241.16134643554688,111054.0
/Users/ayush/Downloads/date-fruit-quality-ml/data/kaggle/grading/Gajar/Small/Grade-1/107.jpg,Gajar,Small,Grade-1,train,/Users/ayush/Downloads/date-fruit-quality-ml/data/quality/grade/train/Grade-1/Gajar__Small__107.jpg,577.4506225585938,257.7536926269531,124545.5
/Users/ayush/Downloads/date-fruit-quality-ml/data/kaggle/grading/Kupro/Large/Grade-3/10.jpg,Kupro,Large,Grade-3,train,/Users/ayush/Downloads/date-fruit-quality-ml/data/quality/grade/train/Grade-3/Kupro__Large__10.jpg,505.14520263671875,324.75006103515625,130641.0
/Users/ayush/Downloads/date-fruit-quality-ml/data/kaggle/grading/Aseel/Large/Grade-1/28.jpg,Aseel,Large,Grade-1,train,/Users/ayush/Downloads/date-fruit-quality-ml/data/quality/grade/train/Grade-1/Aseel__Large__28.jpg,526.202392578125,349.90777587890625,137124.5
/Users/ayush/Downloads/date-fruit-quality-ml/data/kaggle/grading/Gajar/Large/Grade-2/3.jpg,Gajar,Large,Grade-2,train,/Users/ayush/Downloads/date-fruit-quality-ml/data/quality/grade/train/Grade-2/Gajar__Large__3.jpg,590.49853515625,277.024169921875,138223.0
/Users/ayush/Downloads/date-fruit-quality-ml/data/kaggle/grading/Gajar/Small/Grade-2/128.jpg,Gajar,Small,Grade-2,train,/Users/ayush/Downloads/date-fruit-quality-ml/data/quality/grade/train/Grade-2/Gajar__Small__128.jpg,533.4210205078125,266.621337890625,116987.0
/Users/ayush/Downloads/date-fruit-quality-ml/data/kaggle/grading/Aseel/Large/Grade-1/13.jpg,Aseel,Large,Grade-1,train,/Users/ayush/Downloads/date-fruit-quality-ml/data/quality/grade/train/Grade-1/Aseel__Large__13.jpg,503.7619323730469,321.310546875,130261.5
/Users/ayush/Downloads/date-fruit-quality-ml/data/kaggle/grading/Aseel/Small/Grade-1/104.jpg,Aseel,Small,Grade-1,train,/Users/ayush/Downloads/date-fruit-quality-ml/data/quality/grade/train/Grade-1/Aseel__Small__104.jpg,459.2878723144531,284.73492431640625,102927.5
/Users/ayush/Downloads/date-fruit-quality-ml/data/kaggle/grading/Aseel/Small/Grade-1/7.jpg,Aseel,Small,Grade-1,train,/Users/ayush/Downloads/date-fruit-quality-ml/data/quality/grade/train/Grade-1/Aseel__Small__7.jpg,491.83538818359375,273.3703308105469,99489.5
/Users/ayush/Downloads/date-fruit-quality-ml/data/kaggle/grading/Gajar/Small/Grade-3/117.jpg,Gajar,Small,Grade-3,train,/Users/ayush/Downloads/date-fruit-quality-ml/data/quality/grade/train/Grade-3/Gajar__Small__117.jpg,536.0921020507812,269.4105224609375,123995.5
/Users/ayush/Downloads/date-fruit-quality-ml/data/kaggle/grading/Kupro/Large/Grade-3/58.jpg,Kupro,Large,Grade-3,train,/Users/ayush/Downloads/date-fruit-quality-ml/data/quality/grade/train/Grade-3/Kupro__Large__58.jpg,479.1618347167969,356.0328369140625,135028.5
/Users/ayush/Downloads/date-fruit-quality-ml/data/kaggle/grading/Aseel/Small/Grade-1/82.jpg,Aseel,Small,Grade-1,train,/Users/ayush/Downloads/date-fruit-quality-ml/data/quality/grade/train/Grade-1/Aseel__Small__82.jpg,418.91619873046875,306.34521484375,98003.5
/Users/ayush/Downloads/date-fruit-quality-ml/data/kaggle/grading/Gajar/Large/Grade-1/54.jpg,Gajar,Large,Grade-1,train,/Users/ayush/Downloads/date-fruit-quality-ml/data/quality/grade/train/Grade-1/Gajar__Large__54.jpg,656.3993530273438,292.014892578125,154885.0
/Users/ayush/Downloads/date-fruit-quality-ml/data/kaggle/grading/Kupro/Large/Grade-3/67.jpg,Kupro,Large,Grade-3,train,/Users/ayush/Downloads/date-fruit-quality-ml/data/quality/grade/train/Grade-3/Kupro__Large__67.jpg,507.7768859863281,306.05938720703125,126475.5
/Users/ayush/Downloads/date-fruit-quality-ml/data/kaggle/grading/Fasli Toto/Medium/Grade-1/11.jpg,Fasli Toto,Medium,Grade-1,train,/Users/ayush/Downloads/date-fruit-quality-ml/data/quality/grade/train/Grade-1/Fasli-Toto__Medium__11.jpg,454.4956359863281,262.3990173339844,94042.5
/Users/ayush/Downloads/date-fruit-quality-ml/data/kaggle/grading/Gajar/Large/Grade-1/69.jpg,Gajar,Large,Grade-1,train,/Users/ayush/Downloads/date-fruit-quality-ml/data/quality/grade/train/Grade-1/Gajar__Large__69.jpg,610.6762084960938,267.27838134765625,137296.5
/Users/ayush/Downloads/date-fruit-quality-ml/data/kaggle/grading/Aseel/Medium/Grade-1/141.jpg,Aseel,Medium,Grade-1,train,/Users/ayush/Downloads/date-fruit-quality-ml/data/quality/grade/train/Grade-1/Aseel__Medium__141.jpg,458.0,289.0,104436.5
/Users/ayush/Downloads/date-fruit-quality-ml/data/kaggle/grading/Gajar/Medium/Grade-1/125.jpg,Gajar,Medium,Grade-1,train,/Users/ayush/Downloads/date-fruit-quality-ml/data/quality/grade/train/Grade-1/Gajar__Medium__125.jpg,567.8569946289062,238.17254638671875,113592.0
/Users/ayush/Downloads/date-fruit-quality-ml/data/kaggle/grading/Gajar/Medium/Grade-2/17.jpg,Gajar,Medium,Grade-2,train,/Users/ayush/Downloads/date-fruit-quality-ml/data/quality/grade/train/Grade-2/Gajar__Medium__17.jpg,592.91796875,243.451171875,119011.0
/Users/ayush/Downloads/date-fruit-quality-ml/data/kaggle/grading/Kupro/Large/Grade-3/26.jpg,Kupro,Large,Grade-3,train,/Users/ayush/Downloads/date-fruit-quality-ml/data/quality/grade/train/Grade-3/Kupro__Large__26.jpg,504.00238037109375,344.4296875,132419.5
/Users/ayush/Downloads/date-fruit-quality-ml/data/kaggle/grading/Fasli Toto/Large/Grade-1/17.jpg,Fasli Toto,Large,Grade-1,train,/Users/ayush/Downloads/date-fruit-quality-ml/data/quality/grade/train/Grade-1/Fasli-Toto__Large__17.jpg,470.58673095703125,295.7643127441406,111322.0
/Users/ayush/Downloads/date-fruit-quality-ml/data/kaggle/grading/Gajar/Large/Grade-2/50.jpg,Gajar,Large,Grade-2,train,/Users/ayush/Downloads/date-fruit-quality-ml/data/quality/grade/train/Grade-2/Gajar__Large__50.jpg,631.9843139648438,267.36383056640625,141275.0
/Users/ayush/Downloads/date-fruit-quality-ml/data/kaggle/grading/Gajar/Medium/Grade-1/36.jpg,Gajar,Medium,Grade-1,train,/Users/ayush/Downloads/date-fruit-quality-ml/data/quality/grade/train/Grade-1/Gajar__Medium__36.jpg,571.2852172851562,285.3492431640625,135629.5
/Users/ayush/Downloads/date-fruit-quality-ml/data/kaggle/grading/Aseel/Small/Grade-1/85.jpg,Aseel,Small,Grade-1,train,/Users/ayush/Downloads/date-fruit-quality-ml/data/quality/grade/train/Grade-1/Aseel__Small__85.jpg,428.9044494628906,248.88519287109375,86895.0
/Users/ayush/Downloads/date-fruit-quality-ml/data/kaggle/grading/Gajar/Small/Grade-2/22.jpg,Gajar,Small,Grade-2,train,/Users/ayush/Downloads/date-fruit-quality-ml/data/quality/grade/train/Grade-2/Gajar__Small__22.jpg,524.97509765625,261.7477111816406,115603.5
/Users/ayush/Downloads/date-fruit-quality-ml/data/kaggle/grading/Aseel/Large/Grade-1/124.jpg,Aseel,Large,Grade-1,train,/Users/ayush/Downloads/date-fruit-quality-ml/data/quality/grade/train/Grade-1/Aseel__Large__124.jpg,529.7630615234375,314.7409362792969,135188.0
/Users/ayush/Downloads/date-fruit-quality-ml/data/kaggle/grading/Gajar/Large/Grade-2/65.jpg,Gajar,Large,Grade-2,train,/Users/ayush/Downloads/date-fruit-quality-ml/data/quality/grade/train/Grade-2/Gajar__Large__65.jpg,666.7037963867188,292.755126953125,159186.0
/Users/ayush/Downloads/date-fruit-quality-ml/data/kaggle/grading/Gajar/Large/Grade-3/5.jpg,Gajar,Large,Grade-3,train,/Users/ayush/Downloads/date-fruit-quality-ml/data/quality/grade/train/Grade-3/Gajar__Large__5.jpg,650.5736083984375,273.6409912109375,152049.5
/Users/ayush/Downloads/date-fruit-quality-ml/data/kaggle/grading/Gajar/Small/Grade-1/37.jpg,Gajar,Small,Grade-1,train,/Users/ayush/Downloads/date-fruit-quality-ml/data/quality/grade/train/Grade-1/Gajar__Small__37.jpg,527.0,270.0,115373.5
/Users/ayush/Downloads/date-fruit-quality-ml/data/kaggle/grading/Aseel/Small/Grade-1/13.jpg,Aseel,Small,Grade-1,train,/Users/ayush/Downloads/date-fruit-quality-ml/data/quality/grade/train/Grade-1/Aseel__Small__13.jpg,459.56719970703125,301.8587341308594,103985.0
/Users/ayush/Downloads/date-fruit-quality-ml/data/kaggle/grading/Kupro/Large/Grade-1/219.jpg,Kupro,Large,Grade-1,train,/Users/ayush/Downloads/date-fruit-quality-ml/data/quality/grade/train/Grade-1/Kupro__Large__219.jpg,485.3585205078125,337.5543518066406,127926.0
/Users/ayush/Downloads/date-fruit-quality-ml/data/kaggle/grading/Gajar/Small/Grade-2/20.jpg,Gajar,Small,Grade-2,train,/Users/ayush/Downloads/date-fruit-quality-ml/data/quality/grade/train/Grade-2/Gajar__Small__20.jpg,513.0,251.0,105008.0
/Users/ayush/Downloads/date-fruit-quality-ml/data/kaggle/grading/Gajar/Large/Grade-1/91.jpg,Gajar,Large,Grade-1,train,/Users/ayush/Downloads/date-fruit-quality-ml/data/quality/grade/train/Grade-1/Gajar__Large__91.jpg,621.8037719726562,267.6428527832031,140600.5
/Users/ayush/Downloads/date-fruit-quality-ml/data/kaggle/grading/Gajar/Small/Grade-1/132.jpg,Gajar,Small,Grade-1,train,/Users/ayush/Downloads/date-fruit-quality-ml/data/quality/grade/train/Grade-1/Gajar__Small__132.jpg,560.3579711914062,247.8643341064453,112299.5
/Users/ayush/Downloads/date-fruit-quality-ml/data/kaggle/grading/Kupro/Large/Grade-3/43.jpg,Kupro,Large,Grade-3,train,/Users/ayush/Downloads/date-fruit-quality-ml/data/quality/grade/train/Grade-3/Kupro__Large__43.jpg,487.985107421875,334.50677490234375,131226.5
/Users/ayush/Downloads/date-fruit-quality-ml/data/kaggle/grading/Kupro/Large/Grade-1/241.jpg,Kupro,Large,Grade-1,train,/Users/ayush/Downloads/date-fruit-quality-ml/data/quality/grade/train/Grade-1/Kupro__Large__241.jpg,507.0152893066406,384.3280334472656,151959.5
/Users/ayush/Downloads/date-fruit-quality-ml/data/kaggle/grading/Fasli Toto/Small/Grade-1/22.jpg,Fasli Toto,Small,Grade-1,train,/Users/ayush/Downloads/date-fruit-quality-ml/data/quality/grade/train/Grade-1/Fasli-Toto__Small__22.jpg,406.0,243.0,72741.5
/Users/ayush/Downloads/date-fruit-quality-ml/data/kaggle/grading/Gajar/Large/Grade-1/2.jpg,Gajar,Large,Grade-1,train,/Users/ayush/Downloads/date-fruit-quality-ml/data/quality/grade/train/Grade-1/Gajar__Large__2.jpg,659.727294921875,284.79254150390625,155431.0
/Users/ayush/Downloads/date-fruit-quality-ml/data/kaggle/grading/Aseel/Large/Grade-1/84.jpg,Aseel,Large,Grade-1,train,/Users/ayush/Downloads/date-fruit-quality-ml/data/quality/grade/train/Grade-1/Aseel__Large__84.jpg,519.8471069335938,302.0437927246094,131269.0
/Users/ayush/Downloads/date-fruit-quality-ml/data/kaggle/grading/Aseel/Large/Grade-1/128.jpg,Aseel,Large,Grade-1,train,/Users/ayush/Downloads/date-fruit-quality-ml/data/quality/grade/train/Grade-1/Aseel__Large__128.jpg,551.364501953125,314.52679443359375,143696.5
/Users/ayush/Downloads/date-fruit-quality-ml/data/kaggle/grading/Kupro/Large/Grade-3/12.jpg,Kupro,Large,Grade-3,train,/Users/ayush/Downloads/date-fruit-quality-ml/data/quality/grade/train/Grade-3/Kupro__Large__12.jpg,535.8016357421875,353.9543151855469,148591.5
/Users/ayush/Downloads/date-fruit-quality-ml/data/kaggle/grading/Kupro/Large/Grade-3/96.jpg,Kupro,Large,Grade-3,train,/Users/ayush/Downloads/date-fruit-quality-ml/data/quality/grade/train/Grade-3/Kupro__Large__96.jpg,497.99993896484375,363.99993896484375,145960.5
/Users/ayush/Downloads/date-fruit-quality-ml/data/kaggle/grading/Gajar/Large/Grade-2/41.jpg,Gajar,Large,Grade-2,train,/Users/ayush/Downloads/date-fruit-quality-ml/data/quality/grade/train/Grade-2/Gajar__Large__41.jpg,652.6697998046875,271.2626647949219,151644.0
/Users/ayush/Downloads/date-fruit-quality-ml/data/kaggle/grading/Gajar/Small/Grade-3/114.jpg,Gajar,Small,Grade-3,train,/Users/ayush/Downloads/date-fruit-quality-ml/data/quality/grade/train/Grade-3/Gajar__Small__114.jpg,565.0559692382812,254.57032775878906,118443.5
/Users/ayush/Downloads/date-fruit-quality-ml/data/kaggle/grading/Fasli Toto/Small/Grade-1/44.jpg,Fasli Toto,Small,Grade-1,train,/Users/ayush/Downloads/date-fruit-quality-ml/data/quality/grade/train/Grade-1/Fasli-Toto__Small__44.jpg,372.80926513671875,279.1070556640625,82703.0
/Users/ayush/Downloads/date-fruit-quality-ml/data/kaggle/grading/Gajar/Small/Grade-1/57.jpg,Gajar,Small,Grade-1,train,/Users/ayush/Downloads/date-fruit-quality-ml/data/quality/grade/train/Grade-1/Gajar__Small__57.jpg,549.7133178710938,233.2828369140625,108652.0
/Users/ayush/Downloads/date-fruit-quality-ml/data/kaggle/grading/Gajar/Small/Grade-1/108.jpg,Gajar,Small,Grade-1,train,/Users/ayush/Downloads/date-fruit-quality-ml/data/quality/grade/train/Grade-1/Gajar__Small__108.jpg,549.4093017578125,252.9578857421875,113748.5
/Users/ayush/Downloads/date-fruit-quality-ml/data/kaggle/grading/Aseel/Large/Grade-1/30.jpg,Aseel,Large,Grade-1,train,/Users/ayush/Downloads/date-fruit-quality-ml/data/quality/grade/train/Grade-1/Aseel__Large__30.jpg,539.0704956054688,301.57037353515625,130782.0
/Users/ayush/Downloads/date-fruit-quality-ml/data/kaggle/grading/Gajar/Medium/Grade-1/179.jpg,Gajar,Medium,Grade-1,train,/Users/ayush/Downloads/date-fruit-quality-ml/data/quality/grade/train/Grade-1/Gajar__Medium__179.jpg,597.9647827148438,301.4248352050781,141488.5
/Users/ayush/Downloads/date-fruit-quality-ml/data/kaggle/grading/Kupro/Large/Grade-2/201.jpg,Kupro,Large,Grade-2,train,/Users/ayush/Downloads/date-fruit-quality-ml/data/quality/grade/train/Grade-2/Kupro__Large__201.jpg,471.3631286621094,352.404296875,125526.5
/Users/ayush/Downloads/date-fruit-quality-ml/data/kaggle/grading/Gajar/Medium/Grade-1/94.jpg,Gajar,Medium,Grade-1,train,/Users/ayush/Downloads/date-fruit-quality-ml/data/quality/grade/train/Grade-1/Gajar__Medium__94.jpg,551.7346801757812,225.62083435058594,106433.0
/Users/ayush/Downloads/date-fruit-quality-ml/data/kaggle/grading/Gajar/Large/Grade-1/160.jpg,Gajar,Large,Grade-1,train,/Users/ayush/Downloads/date-fruit-quality-ml/data/quality/grade/train/Grade-1/Gajar__Large__160.jpg,655.9136962890625,301.14361572265625,158827.0
/Users/ayush/Downloads/date-fruit-quality-ml/data/kaggle/grading/Gajar/Medium/Grade-1/118.jpg,Gajar,Medium,Grade-1,train,/Users/ayush/Downloads/date-fruit-quality-ml/data/quality/grade/train/Grade-1/Gajar__Medium__118.jpg,596.2169799804688,270.65338134765625,135960.5
/Users/ayush/Downloads/date-fruit-quality-ml/data/kaggle/grading/Kupro/Large/Grade-2/300.jpg,Kupro,Large,Grade-2,train,/Users/ayush/Downloads/date-fruit-quality-ml/data/quality/grade/train/Grade-2/Kupro__Large__300.jpg,523.0,323.0,131946.5
/Users/ayush/Downloads/date-fruit-quality-ml/data/kaggle/grading/Kupro/Large/Grade-1/269.jpg,Kupro,Large,Grade-1,train,/Users/ayush/Downloads/date-fruit-quality-ml/data/quality/grade/train/Grade-1/Kupro__Large__269.jpg,504.3052978515625,348.29437255859375,143309.0
/Users/ayush/Downloads/date-fruit-quality-ml/data/kaggle/grading/Aseel/Small/Grade-1/86.jpg,Aseel,Small,Grade-1,train,/Users/ayush/Downloads/date-fruit-quality-ml/data/quality/grade/train/Grade-1/Aseel__Small__86.jpg,425.0,264.0,89917.0
/Users/ayush/Downloads/date-fruit-quality-ml/data/kaggle/grading/Gajar/Medium/Grade-2/43.jpg,Gajar,Medium,Grade-2,train,/Users/ayush/Downloads/date-fruit-quality-ml/data/quality/grade/train/Grade-2/Gajar__Medium__43.jpg,584.0371704101562,253.70620727539062,121856.0
/Users/ayush/Downloads/date-fruit-quality-ml/data/kaggle/grading/Aseel/Medium/Grade-1/88.jpg,Aseel,Medium,Grade-1,train,/Users/ayush/Downloads/date-fruit-quality-ml/data/quality/grade/train/Grade-1/Aseel__Medium__88.jpg,471.1674499511719,304.8201599121094,112926.0
/Users/ayush/Downloads/date-fruit-quality-ml/data/kaggle/grading/Gajar/Large/Grade-3/99.jpg,Gajar,Large,Grade-3,train,/Users/ayush/Downloads/date-fruit-quality-ml/data/quality/grade/train/Grade-3/Gajar__Large__99.jpg,620.7958374023438,307.9119873046875,142963.5
/Users/ayush/Downloads/date-fruit-quality-ml/data/kaggle/grading/Gajar/Medium/Grade-1/62.jpg,Gajar,Medium,Grade-1,train,/Users/ayush/Downloads/date-fruit-quality-ml/data/quality/grade/train/Grade-1/Gajar__Medium__62.jpg,580.7437133789062,239.56922912597656,115045.0
/Users/ayush/Downloads/date-fruit-quality-ml/data/kaggle/grading/Gajar/Medium/Grade-1/129.jpg,Gajar,Medium,Grade-1,train,/Users/ayush/Downloads/date-fruit-quality-ml/data/quality/grade/train/Grade-1/Gajar__Medium__129.jpg,613.4602661132812,277.5705261230469,138396.5
/Users/ayush/Downloads/date-fruit-quality-ml/data/kaggle/grading/Fasli Toto/Medium/Grade-1/30.jpg,Fasli Toto,Medium,Grade-1,train,/Users/ayush/Downloads/date-fruit-quality-ml/data/quality/grade/train/Grade-1/Fasli-Toto__Medium__30.jpg,424.16314697265625,247.0192108154297,87643.0
/Users/ayush/Downloads/date-fruit-quality-ml/data/kaggle/grading/Kupro/Large/Grade-2/137.jpg,Kupro,Large,Grade-2,train,/Users/ayush/Downloads/date-fruit-quality-ml/data/quality/grade/train/Grade-2/Kupro__Large__137.jpg,460.9854736328125,324.70782470703125,116745.5
/Users/ayush/Downloads/date-fruit-quality-ml/data/kaggle/grading/Kupro/Large/Grade-1/34.jpg,Kupro,Large,Grade-1,train,/Users/ayush/Downloads/date-fruit-quality-ml/data/quality/grade/train/Grade-1/Kupro__Large__34.jpg,519.3942260742188,330.1734924316406,138637.5
/Users/ayush/Downloads/date-fruit-quality-ml/data/kaggle/grading/Gajar/Medium/Grade-2/20.jpg,Gajar,Medium,Grade-2,train,/Users/ayush/Downloads/date-fruit-quality-ml/data/quality/grade/train/Grade-2/Gajar__Medium__20.jpg,584.9561157226562,238.98109436035156,118565.0
/Users/ayush/Downloads/date-fruit-quality-ml/data/kaggle/grading/Kupro/Large/Grade-2/139.jpg,Kupro,Large,Grade-2,train,/Users/ayush/Downloads/date-fruit-quality-ml/data/quality/grade/train/Grade-2/Kupro__Large__139.jpg,470.5849609375,338.70550537109375,122088.5
/Users/ayush/Downloads/date-fruit-quality-ml/data/kaggle/grading/Gajar/Medium/Grade-1/166.jpg,Gajar,Medium,Grade-1,train,/Users/ayush/Downloads/date-fruit-quality-ml/data/quality/grade/train/Grade-1/Gajar__Medium__166.jpg,581.0980224609375,240.77685546875,116807.5
/Users/ayush/Downloads/date-fruit-quality-ml/data/kaggle/grading/Gajar/Small/Grade-3/181.jpg,Gajar,Small,Grade-3,train,/Users/ayush/Downloads/date-fruit-quality-ml/data/quality/grade/train/Grade-3/Gajar__Small__181.jpg,517.9078979492188,268.6451110839844,117097.5
/Users/ayush/Downloads/date-fruit-quality-ml/data/kaggle/grading/Kupro/Large/Grade-2/47.jpg,Kupro,Large,Grade-2,train,/Users/ayush/Downloads/date-fruit-quality-ml/data/quality/grade/train/Grade-2/Kupro__Large__47.jpg,525.9324340820312,339.93048095703125,131869.0
/Users/ayush/Downloads/date-fruit-quality-ml/data/kaggle/grading/Gajar/Large/Grade-1/114.jpg,Gajar,Large,Grade-1,train,/Users/ayush/Downloads/date-fruit-quality-ml/data/quality/grade/train/Grade-1/Gajar__Large__114.jpg,635.1902465820312,311.3043212890625,162669.0
/Users/ayush/Downloads/date-fruit-quality-ml/data/kaggle/grading/Fasli Toto/Large/Grade-1/52.jpg,Fasli Toto,Large,Grade-1,train,/Users/ayush/Downloads/date-fruit-quality-ml/data/quality/grade/train/Grade-1/Fasli-Toto__Large__52.jpg,493.62353515625,323.1094055175781,129360.5
/Users/ayush/Downloads/date-fruit-quality-ml/data/kaggle/grading/Gajar/Medium/Grade-1/12.jpg,Gajar,Medium,Grade-1,train,/Users/ayush/Downloads/date-fruit-quality-ml/data/quality/grade/train/Grade-1/Gajar__Medium__12.jpg,569.0411376953125,259.6388244628906,126362.0
/Users/ayush/Downloads/date-fruit-quality-ml/data/kaggle/grading/Gajar/Small/Grade-1/161.jpg,Gajar,Small,Grade-1,train,/Users/ayush/Downloads/date-fruit-quality-ml/data/quality/grade/train/Grade-1/Gajar__Small__161.jpg,587.3025512695312,234.0042266845703,117802.0
/Users/ayush/Downloads/date-fruit-quality-ml/data/kaggle/grading/Fasli Toto/Small/Grade-1/20.jpg,Fasli Toto,Small,Grade-1,train,/Users/ayush/Downloads/date-fruit-quality-ml/data/quality/grade/train/Grade-1/Fasli-Toto__Small__20.jpg,368.5229797363281,261.4360656738281,79075.0
/Users/ayush/Downloads/date-fruit-quality-ml/data/kaggle/grading/Fasli Toto/Large/Grade-1/87.jpg,Fasli Toto,Large,Grade-1,train,/Users/ayush/Downloads/date-fruit-quality-ml/data/quality/grade/train/Grade-1/Fasli-Toto__Large__87.jpg,508.9809265136719,324.8858337402344,135604.0
/Users/ayush/Downloads/date-fruit-quality-ml/data/kaggle/grading/Kupro/Large/Grade-2/129.jpg,Kupro,Large,Grade-2,train,/Users/ayush/Downloads/date-fruit-quality-ml/data/quality/grade/train/Grade-2/Kupro__Large__129.jpg,518.1102294921875,362.5355529785156,145894.5
/Users/ayush/Downloads/date-fruit-quality-ml/data/kaggle/grading/Gajar/Medium/Grade-2/33.jpg,Gajar,Medium,Grade-2,train,/Users/ayush/Downloads/date-fruit-quality-ml/data/quality/grade/train/Grade-2/Gajar__Medium__33.jpg,558.6073608398438,291.436279296875,126956.0
/Users/ayush/Downloads/date-fruit-quality-ml/data/kaggle/grading/Gajar/Small/Grade-1/180.jpg,Gajar,Small,Grade-1,train,/Users/ayush/Downloads/date-fruit-quality-ml/data/quality/grade/train/Grade-1/Gajar__Small__180.jpg,562.0836791992188,261.5500793457031,120988.0
/Users/ayush/Downloads/date-fruit-quality-ml/data/kaggle/grading/Fasli Toto/Medium/Grade-1/45.jpg,Fasli Toto,Medium,Grade-1,train,/Users/ayush/Downloads/date-fruit-quality-ml/data/quality/grade/train/Grade-1/Fasli-Toto__Medium__45.jpg,396.68389892578125,289.67266845703125,90431.5
/Users/ayush/Downloads/date-fruit-quality-ml/data/kaggle/grading/Gajar/Large/Grade-3/54.jpg,Gajar,Large,Grade-3,train,/Users/ayush/Downloads/date-fruit-quality-ml/data/quality/grade/train/Grade-3/Gajar__Large__54.jpg,681.3419799804688,285.7050476074219,156528.5
/Users/ayush/Downloads/date-fruit-quality-ml/data/kaggle/grading/Gajar/Medium/Grade-1/75.jpg,Gajar,Medium,Grade-1,train,/Users/ayush/Downloads/date-fruit-quality-ml/data/quality/grade/train/Grade-1/Gajar__Medium__75.jpg,570.1356811523438,241.0089111328125,109211.5
/Users/ayush/Downloads/date-fruit-quality-ml/data/kaggle/grading/Aseel/Small/Grade-1/2.jpg,Aseel,Small,Grade-1,train,/Users/ayush/Downloads/date-fruit-quality-ml/data/quality/grade/train/Grade-1/Aseel__Small__2.jpg,473.0398864746094,256.66131591796875,102006.5
/Users/ayush/Downloads/date-fruit-quality-ml/data/kaggle/grading/Aseel/Medium/Grade-1/66.jpg,Aseel,Medium,Grade-1,train,/Users/ayush/Downloads/date-fruit-quality-ml/data/quality/grade/train/Grade-1/Aseel__Medium__66.jpg,503.0613098144531,309.339599609375,114529.0
/Users/ayush/Downloads/date-fruit-quality-ml/data/kaggle/grading/Kupro/Large/Grade-3/25.jpg,Kupro,Large,Grade-3,train,/Users/ayush/Downloads/date-fruit-quality-ml/data/quality/grade/train/Grade-3/Kupro__Large__25.jpg,498.5022277832031,324.7308044433594,129587.0
/Users/ayush/Downloads/date-fruit-quality-ml/data/kaggle/grading/Kupro/Large/Grade-1/289.jpg,Kupro,Large,Grade-1,train,/Users/ayush/Downloads/date-fruit-quality-ml/data/quality/grade/train/Grade-1/Kupro__Large__289.jpg,494.08203125,376.4988708496094,141046.5
/Users/ayush/Downloads/date-fruit-quality-ml/data/kaggle/grading/Fasli Toto/Large/Grade-1/31.jpg,Fasli Toto,Large,Grade-1,train,/Users/ayush/Downloads/date-fruit-quality-ml/data/quality/grade/train/Grade-1/Fasli-Toto__Large__31.jpg,462.30767822265625,311.5384521484375,113986.5
/Users/ayush/Downloads/date-fruit-quality-ml/data/kaggle/grading/Gajar/Large/Grade-1/175.jpg,Gajar,Large,Grade-1,train,/Users/ayush/Downloads/date-fruit-quality-ml/data/quality/grade/train/Grade-1/Gajar__Large__175.jpg,627.2012329101562,283.4200134277344,151285.0
/Users/ayush/Downloads/date-fruit-quality-ml/data/kaggle/grading/Aseel/Medium/Grade-1/137.jpg,Aseel,Medium,Grade-1,train,/Users/ayush/Downloads/date-fruit-quality-ml/data/quality/grade/train/Grade-1/Aseel__Medium__137.jpg,439.9795227050781,319.1184997558594,104365.5
/Users/ayush/Downloads/date-fruit-quality-ml/data/kaggle/grading/Aseel/Small/Grade-1/58.jpg,Aseel,Small,Grade-1,train,/Users/ayush/Downloads/date-fruit-quality-ml/data/quality/grade/train/Grade-1/Aseel__Small__58.jpg,481.12548828125,255.2107391357422,100661.0
/Users/ayush/Downloads/date-fruit-quality-ml/data/kaggle/grading/Gajar/Medium/Grade-1/82.jpg,Gajar,Medium,Grade-1,train,/Users/ayush/Downloads/date-fruit-quality-ml/data/quality/grade/train/Grade-1/Gajar__Medium__82.jpg,554.967529296875,257.50982666015625,121231.5
/Users/ayush/Downloads/date-fruit-quality-ml/data/kaggle/grading/Gajar/Small/Grade-1/136.jpg,Gajar,Small,Grade-1,train,/Users/ayush/Downloads/date-fruit-quality-ml/data/quality/grade/train/Grade-1/Gajar__Small__136.jpg,548.122802734375,291.8424987792969,134104.5
/Users/ayush/Downloads/date-fruit-quality-ml/data/kaggle/grading/Aseel/Medium/Grade-1/32.jpg,Aseel,Medium,Grade-1,train,/Users/ayush/Downloads/date-fruit-quality-ml/data/quality/grade/train/Grade-1/Aseel__Medium__32.jpg,451.5628356933594,344.0228576660156,117281.5
/Users/ayush/Downloads/date-fruit-quality-ml/data/kaggle/grading/Gajar/Medium/Grade-1/161.jpg,Gajar,Medium,Grade-1,train,/Users/ayush/Downloads/date-fruit-quality-ml/data/quality/grade/train/Grade-1/Gajar__Medium__161.jpg,584.3598022460938,287.93817138671875,140466.5
/Users/ayush/Downloads/date-fruit-quality-ml/data/kaggle/grading/Gajar/Small/Grade-1/134.jpg,Gajar,Small,Grade-1,train,/Users/ayush/Downloads/date-fruit-quality-ml/data/quality/grade/train/Grade-1/Gajar__Small__134.jpg,563.4890747070312,243.9377899169922,114184.0
/Users/ayush/Downloads/date-fruit-quality-ml/data/kaggle/grading/Fasli Toto/Large/Grade-1/102.jpg,Fasli Toto,Large,Grade-1,train,/Users/ayush/Downloads/date-fruit-quality-ml/data/quality/grade/train/Grade-1/Fasli-Toto__Large__102.jpg,486.8757629394531,308.99212646484375,119730.0
/Users/ayush/Downloads/date-fruit-quality-ml/data/kaggle/grading/Aseel/Large/Grade-1/75.jpg,Aseel,Large,Grade-1,train,/Users/ayush/Downloads/date-fruit-quality-ml/data/quality/grade/train/Grade-1/Aseel__Large__75.jpg,569.2607421875,280.8989562988281,131558.5
/Users/ayush/Downloads/date-fruit-quality-ml/data/kaggle/grading/Fasli Toto/Small/Grade-1/31.jpg,Fasli Toto,Small,Grade-1,train,/Users/ayush/Downloads/date-fruit-quality-ml/data/quality/grade/train/Grade-1/Fasli-Toto__Small__31.jpg,392.4080505371094,233.3348388671875,75308.0
/Users/ayush/Downloads/date-fruit-quality-ml/data/kaggle/grading/Kupro/Large/Grade-1/251.jpg,Kupro,Large,Grade-1,train,/Users/ayush/Downloads/date-fruit-quality-ml/data/quality/grade/train/Grade-1/Kupro__Large__251.jpg,494.674072265625,350.62823486328125,134456.0
/Users/ayush/Downloads/date-fruit-quality-ml/data/kaggle/grading/Kupro/Large/Grade-3/69.jpg,Kupro,Large,Grade-3,train,/Users/ayush/Downloads/date-fruit-quality-ml/data/quality/grade/train/Grade-3/Kupro__Large__69.jpg,508.0389099121094,325.4063415527344,133144.5
/Users/ayush/Downloads/date-fruit-quality-ml/data/kaggle/grading/Aseel/Large/Grade-1/74.jpg,Aseel,Large,Grade-1,train,/Users/ayush/Downloads/date-fruit-quality-ml/data/quality/grade/train/Grade-1/Aseel__Large__74.jpg,553.4647216796875,322.4183044433594,144298.5
/Users/ayush/Downloads/date-fruit-quality-ml/data/kaggle/grading/Aseel/Large/Grade-1/94.jpg,Aseel,Large,Grade-1,train,/Users/ayush/Downloads/date-fruit-quality-ml/data/quality/grade/train/Grade-1/Aseel__Large__94.jpg,541.6305541992188,301.89544677734375,129214.0
/Users/ayush/Downloads/date-fruit-quality-ml/data/kaggle/grading/Gajar/Medium/Grade-2/7.jpg,Gajar,Medium,Grade-2,train,/Users/ayush/Downloads/date-fruit-quality-ml/data/quality/grade/train/Grade-2/Gajar__Medium__7.jpg,594.0,272.0,131405.5
/Users/ayush/Downloads/date-fruit-quality-ml/data/kaggle/grading/Aseel/Large/Grade-1/112.jpg,Aseel,Large,Grade-1,train,/Users/ayush/Downloads/date-fruit-quality-ml/data/quality/grade/train/Grade-1/Aseel__Large__112.jpg,506.2749328613281,308.0635070800781,121940.5
/Users/ayush/Downloads/date-fruit-quality-ml/data/kaggle/grading/Gajar/Small/Grade-2/45.jpg,Gajar,Small,Grade-2,train,/Users/ayush/Downloads/date-fruit-quality-ml/data/quality/grade/train/Grade-2/Gajar__Small__45.jpg,548.420166015625,307.3799743652344,126836.5
/Users/ayush/Downloads/date-fruit-quality-ml/data/kaggle/grading/Aseel/Large/Grade-1/155.jpg,Aseel,Large,Grade-1,train,/Users/ayush/Downloads/date-fruit-quality-ml/data/quality/grade/train/Grade-1/Aseel__Large__155.jpg,493.6901550292969,313.1800842285156,121491.5
/Users/ayush/Downloads/date-fruit-quality-ml/data/kaggle/grading/Gajar/Small/Grade-3/24.jpg,Gajar,Small,Grade-3,train,/Users/ayush/Downloads/date-fruit-quality-ml/data/quality/grade/train/Grade-3/Gajar__Small__24.jpg,551.9080810546875,300.1900939941406,137329.0
/Users/ayush/Downloads/date-fruit-quality-ml/data/kaggle/grading/Fasli Toto/Large/Grade-1/147.jpg,Fasli Toto,Large,Grade-1,train,/Users/ayush/Downloads/date-fruit-quality-ml/data/quality/grade/train/Grade-1/Fasli-Toto__Large__147.jpg,418.4649658203125,319.2522277832031,105935.0
/Users/ayush/Downloads/date-fruit-quality-ml/data/kaggle/grading/Aseel/Medium/Grade-1/31.jpg,Aseel,Medium,Grade-1,train,/Users/ayush/Downloads/date-fruit-quality-ml/data/quality/grade/train/Grade-1/Aseel__Medium__31.jpg,507.76409912109375,291.42877197265625,117458.5
/Users/ayush/Downloads/date-fruit-quality-ml/data/kaggle/grading/Gajar/Small/Grade-1/158.jpg,Gajar,Small,Grade-1,train,/Users/ayush/Downloads/date-fruit-quality-ml/data/quality/grade/train/Grade-1/Gajar__Small__158.jpg,588.02978515625,297.1336975097656,149161.5
/Users/ayush/Downloads/date-fruit-quality-ml/data/kaggle/grading/Gajar/Medium/Grade-1/137.jpg,Gajar,Medium,Grade-1,train,/Users/ayush/Downloads/date-fruit-quality-ml/data/quality/grade/train/Grade-1/Gajar__Medium__137.jpg,552.0813598632812,268.8332214355469,125241.0
/Users/ayush/Downloads/date-fruit-quality-ml/data/kaggle/grading/Kupro/Large/Grade-2/215.jpg,Kupro,Large,Grade-2,train,/Users/ayush/Downloads/date-fruit-quality-ml/data/quality/grade/train/Grade-2/Kupro__Large__215.jpg,470.66064453125,331.25537109375,125260.5
/Users/ayush/Downloads/date-fruit-quality-ml/data/kaggle/grading/Fasli Toto/Small/Grade-1/35.jpg,Fasli Toto,Small,Grade-1,train,/Users/ayush/Downloads/date-fruit-quality-ml/data/quality/grade/train/Grade-1/Fasli-Toto__Small__35.jpg,406.63153076171875,241.04086303710938,76055.0
/Users/ayush/Downloads/date-fruit-quality-ml/data/kaggle/grading/Kupro/Large/Grade-2/198.jpg,Kupro,Large,Grade-2,train,/Users/ayush/Downloads/date-fruit-quality-ml/data/quality/grade/train/Grade-2/Kupro__Large__198.jpg,432.8101806640625,349.743408203125,117677.0
/Users/ayush/Downloads/date-fruit-quality-ml/data/kaggle/grading/Gajar/Medium/Grade-3/3.jpg,Gajar,Medium,Grade-3,train,/Users/ayush/Downloads/date-fruit-quality-ml/data/quality/grade/train/Grade-3/Gajar__Medium__3.jpg,561.6204223632812,265.3150939941406,121638.5
/Users/ayush/Downloads/date-fruit-quality-ml/data/kaggle/grading/Gajar/Small/Grade-2/63.jpg,Gajar,Small,Grade-2,train,/Users/ayush/Downloads/date-fruit-quality-ml/data/quality/grade/train/Grade-2/Gajar__Small__63.jpg,518.1369018554688,272.9469299316406,112543.5
/Users/ayush/Downloads/date-fruit-quality-ml/data/kaggle/grading/Gajar/Large/Grade-1/174.jpg,Gajar,Large,Grade-1,train,/Users/ayush/Downloads/date-fruit-quality-ml/data/quality/grade/train/Grade-1/Gajar__Large__174.jpg,614.3251953125,278.1659240722656,139401.5
/Users/ayush/Downloads/date-fruit-quality-ml/data/kaggle/grading/Gajar/Medium/Grade-2/8.jpg,Gajar,Medium,Grade-2,train,/Users/ayush/Downloads/date-fruit-quality-ml/data/quality/grade/train/Grade-2/Gajar__Medium__8.jpg,585.0,280.0,133376.0
/Users/ayush/Downloads/date-fruit-quality-ml/data/kaggle/grading/Gajar/Small/Grade-1/41.jpg,Gajar,Small,Grade-1,train,/Users/ayush/Downloads/date-fruit-quality-ml/data/quality/grade/train/Grade-1/Gajar__Small__41.jpg,536.0060424804688,264.0501708984375,113694.5
/Users/ayush/Downloads/date-fruit-quality-ml/data/kaggle/grading/Gajar/Large/Grade-3/43.jpg,Gajar,Large,Grade-3,train,/Users/ayush/Downloads/date-fruit-quality-ml/data/quality/grade/train/Grade-3/Gajar__Large__43.jpg,625.2741088867188,289.9051208496094,141694.0
/Users/ayush/Downloads/date-fruit-quality-ml/data/kaggle/grading/Gajar/Small/Grade-1/146.jpg,Gajar,Small,Grade-1,train,/Users/ayush/Downloads/date-fruit-quality-ml/data/quality/grade/train/Grade-1/Gajar__Small__146.jpg,518.3174438476562,253.22897338867188,109939.5
/Users/ayush/Downloads/date-fruit-quality-ml/data/kaggle/grading/Gajar/Medium/Grade-1/99.jpg,Gajar,Medium,Grade-1,train,/Users/ayush/Downloads/date-fruit-quality-ml/data/quality/grade/train/Grade-1/Gajar__Medium__99.jpg,617.21923828125,269.5428161621094,141994.0
/Users/ayush/Downloads/date-fruit-quality-ml/data/kaggle/grading/Gajar/Large/Grade-2/75.jpg,Gajar,Large,Grade-2,train,/Users/ayush/Downloads/date-fruit-quality-ml/data/quality/grade/train/Grade-2/Gajar__Large__75.jpg,602.031005859375,297.14288330078125,149124.0
/Users/ayush/Downloads/date-fruit-quality-ml/data/kaggle/grading/Fasli Toto/Medium/Grade-1/106.jpg,Fasli Toto,Medium,Grade-1,train,/Users/ayush/Downloads/date-fruit-quality-ml/data/quality/grade/train/Grade-1/Fasli-Toto__Medium__106.jpg,437.6366271972656,288.6846008300781,100153.0
/Users/ayush/Downloads/date-fruit-quality-ml/data/kaggle/grading/Kupro/Large/Grade-2/174.jpg,Kupro,Large,Grade-2,train,/Users/ayush/Downloads/date-fruit-quality-ml/data/quality/grade/train/Grade-2/Kupro__Large__174.jpg,505.38348388671875,361.72271728515625,139214.0
/Users/ayush/Downloads/date-fruit-quality-ml/data/kaggle/grading/Gajar/Large/Grade-3/120.jpg,Gajar,Large,Grade-3,train,/Users/ayush/Downloads/date-fruit-quality-ml/data/quality/grade/train/Grade-3/Gajar__Large__120.jpg,633.1039428710938,302.1406555175781,156366.0
/Users/ayush/Downloads/date-fruit-quality-ml/data/kaggle/grading/Kupro/Large/Grade-1/273.jpg,Kupro,Large,Grade-1,train,/Users/ayush/Downloads/date-fruit-quality-ml/data/quality/grade/train/Grade-1/Kupro__Large__273.jpg,472.39776611328125,345.1544189453125,127549.5
/Users/ayush/Downloads/date-fruit-quality-ml/data/kaggle/grading/Gajar/Medium/Grade-3/59.jpg,Gajar,Medium,Grade-3,train,/Users/ayush/Downloads/date-fruit-quality-ml/data/quality/grade/train/Grade-3/Gajar__Medium__59.jpg,617.862060546875,276.30560302734375,137897.0
/Users/ayush/Downloads/date-fruit-quality-ml/data/kaggle/grading/Kupro/Large/Grade-2/209.jpg,Kupro,Large,Grade-2,train,/Users/ayush/Downloads/date-fruit-quality-ml/data/quality/grade/train/Grade-2/Kupro__Large__209.jpg,513.4823608398438,368.9783020019531,146106.0
/Users/ayush/Downloads/date-fruit-quality-ml/data/kaggle/grading/Kupro/Large/Grade-2/19.jpg,Kupro,Large,Grade-2,train,/Users/ayush/Downloads/date-fruit-quality-ml/data/quality/grade/train/Grade-2/Kupro__Large__19.jpg,475.9256286621094,351.4185485839844,132185.0
/Users/ayush/Downloads/date-fruit-quality-ml/data/kaggle/grading/Gajar/Small/Grade-3/83.jpg,Gajar,Small,Grade-3,train,/Users/ayush/Downloads/date-fruit-quality-ml/data/quality/grade/train/Grade-3/Gajar__Small__83.jpg,546.2222290039062,265.8545227050781,117116.5
/Users/ayush/Downloads/date-fruit-quality-ml/data/kaggle/grading/Gajar/Medium/Grade-1/173.jpg,Gajar,Medium,Grade-1,train,/Users/ayush/Downloads/date-fruit-quality-ml/data/quality/grade/train/Grade-1/Gajar__Medium__173.jpg,592.7093505859375,261.248291015625,133178.0
/Users/ayush/Downloads/date-fruit-quality-ml/data/kaggle/grading/Gajar/Small/Grade-3/204.jpg,Gajar,Small,Grade-3,train,/Users/ayush/Downloads/date-fruit-quality-ml/data/quality/grade/train/Grade-3/Gajar__Small__204.jpg,526.8517456054688,273.48626708984375,118512.0
/Users/ayush/Downloads/date-fruit-quality-ml/data/kaggle/grading/Gajar/Medium/Grade-2/41.jpg,Gajar,Medium,Grade-2,train,/Users/ayush/Downloads/date-fruit-quality-ml/data/quality/grade/train/Grade-2/Gajar__Medium__41.jpg,525.5496215820312,250.9617462158203,111192.5
/Users/ayush/Downloads/date-fruit-quality-ml/data/kaggle/grading/Kupro/Large/Grade-3/72.jpg,Kupro,Large,Grade-3,train,/Users/ayush/Downloads/date-fruit-quality-ml/data/quality/grade/train/Grade-3/Kupro__Large__72.jpg,527.03564453125,321.72882080078125,137157.0
/Users/ayush/Downloads/date-fruit-quality-ml/data/kaggle/grading/Gajar/Small/Grade-3/154.jpg,Gajar,Small,Grade-3,train,/Users/ayush/Downloads/date-fruit-quality-ml/data/quality/grade/train/Grade-3/Gajar__Small__154.jpg,536.7457275390625,251.06570434570312,111923.0
/Users/ayush/Downloads/date-fruit-quality-ml/data/kaggle/grading/Aseel/Medium/Grade-1/40.jpg,Aseel,Medium,Grade-1,train,/Users/ayush/Downloads/date-fruit-quality-ml/data/quality/grade/train/Grade-1/Aseel__Medium__40.jpg,502.05792236328125,293.8443298339844,116550.0
/Users/ayush/Downloads/date-fruit-quality-ml/data/kaggle/grading/Kupro/Large/Grade-1/312.jpg,Kupro,Large,Grade-1,train,/Users/ayush/Downloads/date-fruit-quality-ml/data/quality/grade/train/Grade-1/Kupro__Large__312.jpg,491.2952880859375,359.5848388671875,140856.5
/Users/ayush/Downloads/date-fruit-quality-ml/data/kaggle/grading/Gajar/Large/Grade-3/48.jpg,Gajar,Large,Grade-3,train,/Users/ayush/Downloads/date-fruit-quality-ml/data/quality/grade/train/Grade-3/Gajar__Large__48.jpg,635.8231201171875,305.4789123535156,158562.5
/Users/ayush/Downloads/date-fruit-quality-ml/data/kaggle/grading/Kupro/Large/Grade-2/237.jpg,Kupro,Large,Grade-2,train,/Users/ayush/Downloads/date-fruit-quality-ml/data/quality/grade/train/Grade-2/Kupro__Large__237.jpg,442.5741882324219,354.381103515625,124962.0
/Users/ayush/Downloads/date-fruit-quality-ml/data/kaggle/grading/Gajar/Small/Grade-1/59.jpg,Gajar,Small,Grade-1,train,/Users/ayush/Downloads/date-fruit-quality-ml/data/quality/grade/train/Grade-1/Gajar__Small__59.jpg,599.172607421875,239.18336486816406,120450.0
/Users/ayush/Downloads/date-fruit-quality-ml/data/kaggle/grading/Aseel/Medium/Grade-1/120.jpg,Aseel,Medium,Grade-1,train,/Users/ayush/Downloads/date-fruit-quality-ml/data/quality/grade/train/Grade-1/Aseel__Medium__120.jpg,476.0452880859375,316.7846984863281,119621.0
/Users/ayush/Downloads/date-fruit-quality-ml/data/kaggle/grading/Gajar/Medium/Grade-2/2.jpg,Gajar,Medium,Grade-2,train,/Users/ayush/Downloads/date-fruit-quality-ml/data/quality/grade/train/Grade-2/Gajar__Medium__2.jpg,565.3024291992188,300.486083984375,135907.0
/Users/ayush/Downloads/date-fruit-quality-ml/data/kaggle/grading/Gajar/Large/Grade-1/3.jpg,Gajar,Large,Grade-1,train,/Users/ayush/Downloads/date-fruit-quality-ml/data/quality/grade/train/Grade-1/Gajar__Large__3.jpg,640.2017211914062,300.8644104003906,161603.5
/Users/ayush/Downloads/date-fruit-quality-ml/data/kaggle/grading/Aseel/Large/Grade-1/72.jpg,Aseel,Large,Grade-1,train,/Users/ayush/Downloads/date-fruit-quality-ml/data/quality/grade/train/Grade-1/Aseel__Large__72.jpg,490.728271484375,340.85260009765625,132072.0
/Users/ayush/Downloads/date-fruit-quality-ml/data/kaggle/grading/Kupro/Large/Grade-2/360.jpg,Kupro,Large,Grade-2,train,/Users/ayush/Downloads/date-fruit-quality-ml/data/quality/grade/train/Grade-2/Kupro__Large__360.jpg,489.47406005859375,353.8403015136719,133520.0
/Users/ayush/Downloads/date-fruit-quality-ml/data/kaggle/grading/Fasli Toto/Large/Grade-1/134.jpg,Fasli Toto,Large,Grade-1,train,/Users/ayush/Downloads/date-fruit-quality-ml/data/quality/grade/train/Grade-1/Fasli-Toto__Large__134.jpg,448.68438720703125,381.3286437988281,129762.5
/Users/ayush/Downloads/date-fruit-quality-ml/data/kaggle/grading/Gajar/Large/Grade-3/10.jpg,Gajar,Large,Grade-3,train,/Users/ayush/Downloads/date-fruit-quality-ml/data/quality/grade/train/Grade-3/Gajar__Large__10.jpg,630.6688842773438,269.3213806152344,135153.0
/Users/ayush/Downloads/date-fruit-quality-ml/data/kaggle/grading/Kupro/Large/Grade-1/18.jpg,Kupro,Large,Grade-1,train,/Users/ayush/Downloads/date-fruit-quality-ml/data/quality/grade/train/Grade-1/Kupro__Large__18.jpg,514.3180541992188,352.0760803222656,139424.0
/Users/ayush/Downloads/date-fruit-quality-ml/data/kaggle/grading/Gajar/Small/Grade-2/85.jpg,Gajar,Small,Grade-2,train,/Users/ayush/Downloads/date-fruit-quality-ml/data/quality/grade/train/Grade-2/Gajar__Small__85.jpg,593.9998779296875,299.99993896484375,149171.0
/Users/ayush/Downloads/date-fruit-quality-ml/data/kaggle/grading/Kupro/Large/Grade-1/237.jpg,Kupro,Large,Grade-1,train,/Users/ayush/Downloads/date-fruit-quality-ml/data/quality/grade/train/Grade-1/Kupro__Large__237.jpg,486.7829895019531,313.5302734375,122287.0
/Users/ayush/Downloads/date-fruit-quality-ml/data/kaggle/grading/Aseel/Medium/Grade-1/165.jpg,Aseel,Medium,Grade-1,train,/Users/ayush/Downloads/date-fruit-quality-ml/data/quality/grade/train/Grade-1/Aseel__Medium__165.jpg,476.4061584472656,285.42059326171875,109962.5
/Users/ayush/Downloads/date-fruit-quality-ml/data/kaggle/grading/Aseel/Large/Grade-1/2.jpg,Aseel,Large,Grade-1,train,/Users/ayush/Downloads/date-fruit-quality-ml/data/quality/grade/train/Grade-1/Aseel__Large__2.jpg,534.0702514648438,344.94586181640625,149235.5
/Users/ayush/Downloads/date-fruit-quality-ml/data/kaggle/grading/Kupro/Large/Grade-2/12.jpg,Kupro,Large,Grade-2,train,/Users/ayush/Downloads/date-fruit-quality-ml/data/quality/grade/train/Grade-2/Kupro__Large__12.jpg,483.6562194824219,375.56170654296875,141378.0
/Users/ayush/Downloads/date-fruit-quality-ml/data/kaggle/grading/Kupro/Large/Grade-1/137.jpg,Kupro,Large,Grade-1,train,/Users/ayush/Downloads/date-fruit-quality-ml/data/quality/grade/train/Grade-1/Kupro__Large__137.jpg,500.5682373046875,331.033935546875,130823.5
/Users/ayush/Downloads/date-fruit-quality-ml/data/kaggle/grading/Fasli Toto/Medium/Grade-1/10.jpg,Fasli Toto,Medium,Grade-1,train,/Users/ayush/Downloads/date-fruit-quality-ml/data/quality/grade/train/Grade-1/Fasli-Toto__Medium__10.jpg,435.20098876953125,275.26531982421875,100565.5
/Users/ayush/Downloads/date-fruit-quality-ml/data/kaggle/grading/Gajar/Large/Grade-1/81.jpg,Gajar,Large,Grade-1,train,/Users/ayush/Downloads/date-fruit-quality-ml/data/quality/grade/train/Grade-1/Gajar__Large__81.jpg,619.9837646484375,251.86302185058594,132777.5
/Users/ayush/Downloads/date-fruit-quality-ml/data/kaggle/grading/Gajar/Small/Grade-1/169.jpg,Gajar,Small,Grade-1,train,/Users/ayush/Downloads/date-fruit-quality-ml/data/quality/grade/train/Grade-1/Gajar__Small__169.jpg,550.3590698242188,275.8562927246094,124853.0
/Users/ayush/Downloads/date-fruit-quality-ml/data/kaggle/grading/Gajar/Small/Grade-1/139.jpg,Gajar,Small,Grade-1,train,/Users/ayush/Downloads/date-fruit-quality-ml/data/quality/grade/train/Grade-1/Gajar__Small__139.jpg,537.0,256.0,113323.0
/Users/ayush/Downloads/date-fruit-quality-ml/data/kaggle/grading/Kupro/Large/Grade-2/325.jpg,Kupro,Large,Grade-2,train,/Users/ayush/Downloads/date-fruit-quality-ml/data/quality/grade/train/Grade-2/Kupro__Large__325.jpg,497.4479675292969,357.02606201171875,141746.5
/Users/ayush/Downloads/date-fruit-quality-ml/data/kaggle/grading/Kupro/Large/Grade-3/23.jpg,Kupro,Large,Grade-3,train,/Users/ayush/Downloads/date-fruit-quality-ml/data/quality/grade/train/Grade-3/Kupro__Large__23.jpg,485.0933532714844,370.93511962890625,144007.0
/Users/ayush/Downloads/date-fruit-quality-ml/data/kaggle/grading/Gajar/Small/Grade-2/48.jpg,Gajar,Small,Grade-2,train,/Users/ayush/Downloads/date-fruit-quality-ml/data/quality/grade/train/Grade-2/Gajar__Small__48.jpg,592.1046142578125,252.97348022460938,120101.5
/Users/ayush/Downloads/date-fruit-quality-ml/data/kaggle/grading/Gajar/Large/Grade-1/6.jpg,Gajar,Large,Grade-1,train,/Users/ayush/Downloads/date-fruit-quality-ml/data/quality/grade/train/Grade-1/Gajar__Large__6.jpg,611.4822387695312,275.02606201171875,139762.0
/Users/ayush/Downloads/date-fruit-quality-ml/data/kaggle/grading/Gajar/Small/Grade-1/14.jpg,Gajar,Small,Grade-1,train,/Users/ayush/Downloads/date-fruit-quality-ml/data/quality/grade/train/Grade-1/Gajar__Small__14.jpg,542.0172729492188,228.85804748535156,105634.5
/Users/ayush/Downloads/date-fruit-quality-ml/data/kaggle/grading/Kupro/Large/Grade-2/99.jpg,Kupro,Large,Grade-2,train,/Users/ayush/Downloads/date-fruit-quality-ml/data/quality/grade/train/Grade-2/Kupro__Large__99.jpg,493.8586120605469,347.4881896972656,134730.5
/Users/ayush/Downloads/date-fruit-quality-ml/data/kaggle/grading/Gajar/Small/Grade-1/71.jpg,Gajar,Small,Grade-1,train,/Users/ayush/Downloads/date-fruit-quality-ml/data/quality/grade/train/Grade-1/Gajar__Small__71.jpg,542.391357421875,277.0402526855469,125293.0
/Users/ayush/Downloads/date-fruit-quality-ml/data/kaggle/grading/Fasli Toto/Small/Grade-1/68.jpg,Fasli Toto,Small,Grade-1,train,/Users/ayush/Downloads/date-fruit-quality-ml/data/quality/grade/train/Grade-1/Fasli-Toto__Small__68.jpg,353.2428894042969,253.49700927734375,68410.5
/Users/ayush/Downloads/date-fruit-quality-ml/data/kaggle/grading/Fasli Toto/Medium/Grade-1/7.jpg,Fasli Toto,Medium,Grade-1,train,/Users/ayush/Downloads/date-fruit-quality-ml/data/quality/grade/train/Grade-1/Fasli-Toto__Medium__7.jpg,382.8338928222656,284.3245544433594,83374.0
/Users/ayush/Downloads/date-fruit-quality-ml/data/kaggle/grading/Kupro/Large/Grade-2/335.jpg,Kupro,Large,Grade-2,train,/Users/ayush/Downloads/date-fruit-quality-ml/data/quality/grade/train/Grade-2/Kupro__Large__335.jpg,481.8669738769531,336.9278259277344,127466.5
/Users/ayush/Downloads/date-fruit-quality-ml/data/kaggle/grading/Gajar/Large/Grade-2/100.jpg,Gajar,Large,Grade-2,train,/Users/ayush/Downloads/date-fruit-quality-ml/data/quality/grade/train/Grade-2/Gajar__Large__100.jpg,624.3776245117188,309.9878845214844,155300.0
/Users/ayush/Downloads/date-fruit-quality-ml/data/kaggle/grading/Kupro/Large/Grade-2/179.jpg,Kupro,Large,Grade-2,train,/Users/ayush/Downloads/date-fruit-quality-ml/data/quality/grade/train/Grade-2/Kupro__Large__179.jpg,526.9216918945312,361.6302795410156,144878.0
/Users/ayush/Downloads/date-fruit-quality-ml/data/kaggle/grading/Gajar/Small/Grade-2/64.jpg,Gajar,Small,Grade-2,train,/Users/ayush/Downloads/date-fruit-quality-ml/data/quality/grade/train/Grade-2/Gajar__Small__64.jpg,543.4452514648438,262.11004638671875,121096.0
/Users/ayush/Downloads/date-fruit-quality-ml/data/kaggle/grading/Gajar/Small/Grade-1/102.jpg,Gajar,Small,Grade-1,train,/Users/ayush/Downloads/date-fruit-quality-ml/data/quality/grade/train/Grade-1/Gajar__Small__102.jpg,501.98602294921875,254.38111877441406,105663.0
/Users/ayush/Downloads/date-fruit-quality-ml/data/kaggle/grading/Gajar/Small/Grade-2/97.jpg,Gajar,Small,Grade-2,train,/Users/ayush/Downloads/date-fruit-quality-ml/data/quality/grade/train/Grade-2/Gajar__Small__97.jpg,577.4506225585938,257.7536926269531,124545.5
/Users/ayush/Downloads/date-fruit-quality-ml/data/kaggle/grading/Gajar/Large/Grade-2/89.jpg,Gajar,Large,Grade-2,train,/Users/ayush/Downloads/date-fruit-quality-ml/data/quality/grade/train/Grade-2/Gajar__Large__89.jpg,621.0,276.0,145000.0
/Users/ayush/Downloads/date-fruit-quality-ml/data/kaggle/grading/Kupro/Large/Grade-1/189.jpg,Kupro,Large,Grade-1,train,/Users/ayush/Downloads/date-fruit-quality-ml/data/quality/grade/train/Grade-1/Kupro__Large__189.jpg,474.08251953125,311.7481994628906,116972.0
/Users/ayush/Downloads/date-fruit-quality-ml/data/kaggle/grading/Gajar/Large/Grade-3/89.jpg,Gajar,Large,Grade-3,train,/Users/ayush/Downloads/date-fruit-quality-ml/data/quality/grade/train/Grade-3/Gajar__Large__89.jpg,659.0938110351562,288.1306457519531,153995.5
/Users/ayush/Downloads/date-fruit-quality-ml/data/kaggle/grading/Fasli Toto/Medium/Grade-1/54.jpg,Fasli Toto,Medium,Grade-1,train,/Users/ayush/Downloads/date-fruit-quality-ml/data/quality/grade/train/Grade-1/Fasli-Toto__Medium__54.jpg,422.5863342285156,264.0428466796875,81838.0
/Users/ayush/Downloads/date-fruit-quality-ml/data/kaggle/grading/Gajar/Large/Grade-1/29.jpg,Gajar,Large,Grade-1,train,/Users/ayush/Downloads/date-fruit-quality-ml/data/quality/grade/train/Grade-1/Gajar__Large__29.jpg,657.0,275.0,143636.5
/Users/ayush/Downloads/date-fruit-quality-ml/data/kaggle/grading/Kupro/Large/Grade-2/259.jpg,Kupro,Large,Grade-2,train,/Users/ayush/Downloads/date-fruit-quality-ml/data/quality/grade/train/Grade-2/Kupro__Large__259.jpg,501.4666748046875,327.4812927246094,131576.5
/Users/ayush/Downloads/date-fruit-quality-ml/data/kaggle/grading/Gajar/Medium/Grade-3/7.jpg,Gajar,Medium,Grade-3,train,/Users/ayush/Downloads/date-fruit-quality-ml/data/quality/grade/train/Grade-3/Gajar__Medium__7.jpg,545.7238159179688,262.5611267089844,121992.0
/Users/ayush/Downloads/date-fruit-quality-ml/data/kaggle/grading/Kupro/Large/Grade-1/91.jpg,Kupro,Large,Grade-1,train,/Users/ayush/Downloads/date-fruit-quality-ml/data/quality/grade/train/Grade-1/Kupro__Large__91.jpg,541.4938354492188,346.309326171875,149960.5
/Users/ayush/Downloads/date-fruit-quality-ml/data/kaggle/grading/Kupro/Large/Grade-2/5.jpg,Kupro,Large,Grade-2,train,/Users/ayush/Downloads/date-fruit-quality-ml/data/quality/grade/train/Grade-2/Kupro__Large__5.jpg,494.5244445800781,342.29736328125,138886.5
/Users/ayush/Downloads/date-fruit-quality-ml/data/kaggle/grading/Gajar/Small/Grade-1/54.jpg,Gajar,Small,Grade-1,train,/Users/ayush/Downloads/date-fruit-quality-ml/data/quality/grade/train/Grade-1/Gajar__Small__54.jpg,545.7139892578125,235.9939422607422,108569.5
/Users/ayush/Downloads/date-fruit-quality-ml/data/kaggle/grading/Gajar/Small/Grade-1/8.jpg,Gajar,Small,Grade-1,train,/Users/ayush/Downloads/date-fruit-quality-ml/data/quality/grade/train/Grade-1/Gajar__Small__8.jpg,520.40673828125,250.12796020507812,112471.5
/Users/ayush/Downloads/date-fruit-quality-ml/data/kaggle/grading/Kupro/Large/Grade-1/11.jpg,Kupro,Large,Grade-1,train,/Users/ayush/Downloads/date-fruit-quality-ml/data/quality/grade/train/Grade-1/Kupro__Large__11.jpg,523.0,385.0,152796.5
/Users/ayush/Downloads/date-fruit-quality-ml/data/kaggle/grading/Aseel/Small/Grade-1/162.jpg,Aseel,Small,Grade-1,train,/Users/ayush/Downloads/date-fruit-quality-ml/data/quality/grade/train/Grade-1/Aseel__Small__162.jpg,475.5449523925781,272.84844970703125,99951.0
/Users/ayush/Downloads/date-fruit-quality-ml/data/kaggle/grading/Fasli Toto/Small/Grade-1/10.jpg,Fasli Toto,Small,Grade-1,train,/Users/ayush/Downloads/date-fruit-quality-ml/data/quality/grade/train/Grade-1/Fasli-Toto__Small__10.jpg,404.98809814453125,225.49424743652344,68182.0
/Users/ayush/Downloads/date-fruit-quality-ml/data/kaggle/grading/Aseel/Small/Grade-1/101.jpg,Aseel,Small,Grade-1,train,/Users/ayush/Downloads/date-fruit-quality-ml/data/quality/grade/train/Grade-1/Aseel__Small__101.jpg,452.3274841308594,287.1219787597656,100372.0
/Users/ayush/Downloads/date-fruit-quality-ml/data/kaggle/grading/Aseel/Medium/Grade-1/39.jpg,Aseel,Medium,Grade-1,train,/Users/ayush/Downloads/date-fruit-quality-ml/data/quality/grade/train/Grade-1/Aseel__Medium__39.jpg,535.3271484375,264.9220275878906,115735.5
/Users/ayush/Downloads/date-fruit-quality-ml/data/kaggle/grading/Fasli Toto/Large/Grade-1/127.jpg,Fasli Toto,Large,Grade-1,train,/Users/ayush/Downloads/date-fruit-quality-ml/data/quality/grade/train/Grade-1/Fasli-Toto__Large__127.jpg,511.274169921875,300.9048156738281,119022.5
/Users/ayush/Downloads/date-fruit-quality-ml/data/kaggle/grading/Kupro/Large/Grade-3/54.jpg,Kupro,Large,Grade-3,train,/Users/ayush/Downloads/date-fruit-quality-ml/data/quality/grade/train/Grade-3/Kupro__Large__54.jpg,471.8069152832031,334.5588684082031,125543.5
/Users/ayush/Downloads/date-fruit-quality-ml/data/kaggle/grading/Aseel/Large/Grade-1/99.jpg,Aseel,Large,Grade-1,train,/Users/ayush/Downloads/date-fruit-quality-ml/data/quality/grade/train/Grade-1/Aseel__Large__99.jpg,555.1384887695312,326.4364318847656,146119.5
/Users/ayush/Downloads/date-fruit-quality-ml/data/kaggle/grading/Kupro/Large/Grade-2/271.jpg,Kupro,Large,Grade-2,train,/Users/ayush/Downloads/date-fruit-quality-ml/data/quality/grade/train/Grade-2/Kupro__Large__271.jpg,500.0,361.0,143620.0
/Users/ayush/Downloads/date-fruit-quality-ml/data/kaggle/grading/Gajar/Large/Grade-1/45.jpg,Gajar,Large,Grade-1,train,/Users/ayush/Downloads/date-fruit-quality-ml/data/quality/grade/train/Grade-1/Gajar__Large__45.jpg,612.7844848632812,293.6088562011719,149912.0
/Users/ayush/Downloads/date-fruit-quality-ml/data/kaggle/grading/Gajar/Large/Grade-1/139.jpg,Gajar,Large,Grade-1,train,/Users/ayush/Downloads/date-fruit-quality-ml/data/quality/grade/train/Grade-1/Gajar__Large__139.jpg,617.8699340820312,311.5512390136719,159072.5
/Users/ayush/Downloads/date-fruit-quality-ml/data/kaggle/grading/Aseel/Small/Grade-1/169.jpg,Aseel,Small,Grade-1,train,/Users/ayush/Downloads/date-fruit-quality-ml/data/quality/grade/train/Grade-1/Aseel__Small__169.jpg,402.0,219.0,71135.5
/Users/ayush/Downloads/date-fruit-quality-ml/data/kaggle/grading/Aseel/Large/Grade-1/20.jpg,Aseel,Large,Grade-1,train,/Users/ayush/Downloads/date-fruit-quality-ml/data/quality/grade/train/Grade-1/Aseel__Large__20.jpg,585.8115234375,301.2362060546875,140464.0
/Users/ayush/Downloads/date-fruit-quality-ml/data/kaggle/grading/Gajar/Small/Grade-2/7.jpg,Gajar,Small,Grade-2,train,/Users/ayush/Downloads/date-fruit-quality-ml/data/quality/grade/train/Grade-2/Gajar__Small__7.jpg,530.8155517578125,258.0063171386719,115958.0
/Users/ayush/Downloads/date-fruit-quality-ml/data/kaggle/grading/Gajar/Large/Grade-1/72.jpg,Gajar,Large,Grade-1,train,/Users/ayush/Downloads/date-fruit-quality-ml/data/quality/grade/train/Grade-1/Gajar__Large__72.jpg,613.0,277.0,143517.0
/Users/ayush/Downloads/date-fruit-quality-ml/data/kaggle/grading/Gajar/Small/Grade-1/125.jpg,Gajar,Small,Grade-1,train,/Users/ayush/Downloads/date-fruit-quality-ml/data/quality/grade/train/Grade-1/Gajar__Small__125.jpg,514.0216674804688,251.0712127685547,108224.0
/Users/ayush/Downloads/date-fruit-quality-ml/data/kaggle/grading/Gajar/Large/Grade-3/42.jpg,Gajar,Large,Grade-3,train,/Users/ayush/Downloads/date-fruit-quality-ml/data/quality/grade/train/Grade-3/Gajar__Large__42.jpg,679.8720703125,261.92822265625,148317.5
/Users/ayush/Downloads/date-fruit-quality-ml/data/kaggle/grading/Fasli Toto/Medium/Grade-1/136.jpg,Fasli Toto,Medium,Grade-1,train,/Users/ayush/Downloads/date-fruit-quality-ml/data/quality/grade/train/Grade-1/Fasli-Toto__Medium__136.jpg,442.5185852050781,278.7295837402344,97335.5
/Users/ayush/Downloads/date-fruit-quality-ml/data/kaggle/grading/Gajar/Small/Grade-3/177.jpg,Gajar,Small,Grade-3,train,/Users/ayush/Downloads/date-fruit-quality-ml/data/quality/grade/train/Grade-3/Gajar__Small__177.jpg,545.9689331054688,289.2544250488281,134632.0
/Users/ayush/Downloads/date-fruit-quality-ml/data/kaggle/grading/Gajar/Large/Grade-2/49.jpg,Gajar,Large,Grade-2,train,/Users/ayush/Downloads/date-fruit-quality-ml/data/quality/grade/train/Grade-2/Gajar__Large__49.jpg,604.32568359375,309.01068115234375,149899.5
/Users/ayush/Downloads/date-fruit-quality-ml/data/kaggle/grading/Gajar/Large/Grade-2/97.jpg,Gajar,Large,Grade-2,train,/Users/ayush/Downloads/date-fruit-quality-ml/data/quality/grade/train/Grade-2/Gajar__Large__97.jpg,628.0805053710938,291.4984130859375,156283.0
/Users/ayush/Downloads/date-fruit-quality-ml/data/kaggle/grading/Kupro/Large/Grade-1/255.jpg,Kupro,Large,Grade-1,train,/Users/ayush/Downloads/date-fruit-quality-ml/data/quality/grade/train/Grade-1/Kupro__Large__255.jpg,509.0,360.0,140194.5
/Users/ayush/Downloads/date-fruit-quality-ml/data/kaggle/grading/Kupro/Large/Grade-2/24.jpg,Kupro,Large,Grade-2,train,/Users/ayush/Downloads/date-fruit-quality-ml/data/quality/grade/train/Grade-2/Kupro__Large__24.jpg,506.7911071777344,353.13043212890625,140456.0
/Users/ayush/Downloads/date-fruit-quality-ml/data/kaggle/grading/Aseel/Small/Grade-1/132.jpg,Aseel,Small,Grade-1,train,/Users/ayush/Downloads/date-fruit-quality-ml/data/quality/grade/train/Grade-1/Aseel__Small__132.jpg,433.6786193847656,275.0104675292969,91682.0
/Users/ayush/Downloads/date-fruit-quality-ml/data/kaggle/grading/Kupro/Large/Grade-2/37.jpg,Kupro,Large,Grade-2,train,/Users/ayush/Downloads/date-fruit-quality-ml/data/quality/grade/train/Grade-2/Kupro__Large__37.jpg,493.8385314941406,330.9256896972656,133946.0
/Users/ayush/Downloads/date-fruit-quality-ml/data/kaggle/grading/Kupro/Large/Grade-1/128.jpg,Kupro,Large,Grade-1,train,/Users/ayush/Downloads/date-fruit-quality-ml/data/quality/grade/train/Grade-1/Kupro__Large__128.jpg,461.9317321777344,319.6036376953125,118564.5
/Users/ayush/Downloads/date-fruit-quality-ml/data/kaggle/grading/Aseel/Large/Grade-1/136.jpg,Aseel,Large,Grade-1,train,/Users/ayush/Downloads/date-fruit-quality-ml/data/quality/grade/train/Grade-1/Aseel__Large__136.jpg,505.8095703125,334.9970397949219,135508.5
/Users/ayush/Downloads/date-fruit-quality-ml/data/kaggle/grading/Aseel/Medium/Grade-1/87.jpg,Aseel,Medium,Grade-1,train,/Users/ayush/Downloads/date-fruit-quality-ml/data/quality/grade/train/Grade-1/Aseel__Medium__87.jpg,485.1907653808594,288.6854553222656,111239.0
/Users/ayush/Downloads/date-fruit-quality-ml/data/kaggle/grading/Gajar/Large/Grade-2/101.jpg,Gajar,Large,Grade-2,train,/Users/ayush/Downloads/date-fruit-quality-ml/data/quality/grade/train/Grade-2/Gajar__Large__101.jpg,659.526123046875,275.26483154296875,138678.0
/Users/ayush/Downloads/date-fruit-quality-ml/data/kaggle/grading/Gajar/Small/Grade-3/100.jpg,Gajar,Small,Grade-3,train,/Users/ayush/Downloads/date-fruit-quality-ml/data/quality/grade/train/Grade-3/Gajar__Small__100.jpg,560.3755493164062,277.2281799316406,129728.5
/Users/ayush/Downloads/date-fruit-quality-ml/data/kaggle/grading/Gajar/Small/Grade-1/28.jpg,Gajar,Small,Grade-1,train,/Users/ayush/Downloads/date-fruit-quality-ml/data/quality/grade/train/Grade-1/Gajar__Small__28.jpg,539.3275146484375,243.24826049804688,104415.5
/Users/ayush/Downloads/date-fruit-quality-ml/data/kaggle/grading/Aseel/Medium/Grade-1/139.jpg,Aseel,Medium,Grade-1,train,/Users/ayush/Downloads/date-fruit-quality-ml/data/quality/grade/train/Grade-1/Aseel__Medium__139.jpg,495.5393371582031,312.597412109375,122210.5
/Users/ayush/Downloads/date-fruit-quality-ml/data/kaggle/grading/Aseel/Small/Grade-1/112.jpg,Aseel,Small,Grade-1,train,/Users/ayush/Downloads/date-fruit-quality-ml/data/quality/grade/train/Grade-1/Aseel__Small__112.jpg,417.7615051269531,297.5134582519531,97784.0
/Users/ayush/Downloads/date-fruit-quality-ml/data/kaggle/grading/Gajar/Small/Grade-1/29.jpg,Gajar,Small,Grade-1,train,/Users/ayush/Downloads/date-fruit-quality-ml/data/quality/grade/train/Grade-1/Gajar__Small__29.jpg,547.6278076171875,236.19024658203125,106767.5
/Users/ayush/Downloads/date-fruit-quality-ml/data/kaggle/grading/Gajar/Large/Grade-2/99.jpg,Gajar,Large,Grade-2,train,/Users/ayush/Downloads/date-fruit-quality-ml/data/quality/grade/train/Grade-2/Gajar__Large__99.jpg,590.4220581054688,301.44610595703125,147740.5
/Users/ayush/Downloads/date-fruit-quality-ml/data/kaggle/grading/Kupro/Large/Grade-2/287.jpg,Kupro,Large,Grade-2,train,/Users/ayush/Downloads/date-fruit-quality-ml/data/quality/grade/train/Grade-2/Kupro__Large__287.jpg,492.19598388671875,345.21856689453125,134877.0
/Users/ayush/Downloads/date-fruit-quality-ml/data/kaggle/grading/Fasli Toto/Medium/Grade-1/20.jpg,Fasli Toto,Medium,Grade-1,train,/Users/ayush/Downloads/date-fruit-quality-ml/data/quality/grade/train/Grade-1/Fasli-Toto__Medium__20.jpg,398.11572265625,272.4052734375,84175.5
/Users/ayush/Downloads/date-fruit-quality-ml/data/kaggle/grading/Aseel/Large/Grade-1/139.jpg,Aseel,Large,Grade-1,train,/Users/ayush/Downloads/date-fruit-quality-ml/data/quality/grade/train/Grade-1/Aseel__Large__139.jpg,508.3382263183594,301.99627685546875,124314.0
/Users/ayush/Downloads/date-fruit-quality-ml/data/kaggle/grading/Kupro/Large/Grade-1/180.jpg,Kupro,Large,Grade-1,train,/Users/ayush/Downloads/date-fruit-quality-ml/data/quality/grade/train/Grade-1/Kupro__Large__180.jpg,537.9135131835938,348.69024658203125,149122.5
/Users/ayush/Downloads/date-fruit-quality-ml/data/kaggle/grading/Gajar/Large/Grade-1/48.jpg,Gajar,Large,Grade-1,train,/Users/ayush/Downloads/date-fruit-quality-ml/data/quality/grade/train/Grade-1/Gajar__Large__48.jpg,607.4591674804688,291.08905029296875,146151.5
/Users/ayush/Downloads/date-fruit-quality-ml/data/kaggle/grading/Kupro/Large/Grade-1/208.jpg,Kupro,Large,Grade-1,train,/Users/ayush/Downloads/date-fruit-quality-ml/data/quality/grade/train/Grade-1/Kupro__Large__208.jpg,510.00958251953125,332.0992736816406,129587.0
/Users/ayush/Downloads/date-fruit-quality-ml/data/kaggle/grading/Gajar/Small/Grade-3/49.jpg,Gajar,Small,Grade-3,train,/Users/ayush/Downloads/date-fruit-quality-ml/data/quality/grade/train/Grade-3/Gajar__Small__49.jpg,546.9574584960938,256.6119384765625,121449.0
/Users/ayush/Downloads/date-fruit-quality-ml/data/kaggle/grading/Aseel/Large/Grade-1/149.jpg,Aseel,Large,Grade-1,train,/Users/ayush/Downloads/date-fruit-quality-ml/data/quality/grade/train/Grade-1/Aseel__Large__149.jpg,509.99993896484375,314.99993896484375,125026.0
/Users/ayush/Downloads/date-fruit-quality-ml/data/kaggle/grading/Gajar/Small/Grade-3/27.jpg,Gajar,Small,Grade-3,train,/Users/ayush/Downloads/date-fruit-quality-ml/data/quality/grade/train/Grade-3/Gajar__Small__27.jpg,537.0,270.0,123904.0
/Users/ayush/Downloads/date-fruit-quality-ml/data/kaggle/grading/Gajar/Large/Grade-1/136.jpg,Gajar,Large,Grade-1,train,/Users/ayush/Downloads/date-fruit-quality-ml/data/quality/grade/train/Grade-1/Gajar__Large__136.jpg,646.454345703125,307.3545837402344,160990.0
/Users/ayush/Downloads/date-fruit-quality-ml/data/kaggle/grading/Gajar/Small/Grade-3/59.jpg,Gajar,Small,Grade-3,train,/Users/ayush/Downloads/date-fruit-quality-ml/data/quality/grade/train/Grade-3/Gajar__Small__59.jpg,576.4382934570312,262.880126953125,122552.0
/Users/ayush/Downloads/date-fruit-quality-ml/data/kaggle/grading/Kupro/Large/Grade-1/280.jpg,Kupro,Large,Grade-1,train,/Users/ayush/Downloads/date-fruit-quality-ml/data/quality/grade/train/Grade-1/Kupro__Large__280.jpg,495.49041748046875,367.6556396484375,146925.5
/Users/ayush/Downloads/date-fruit-quality-ml/data/kaggle/grading/Gajar/Medium/Grade-1/2.jpg,Gajar,Medium,Grade-1,train,/Users/ayush/Downloads/date-fruit-quality-ml/data/quality/grade/train/Grade-1/Gajar__Medium__2.jpg,590.519775390625,295.8236999511719,135229.0
/Users/ayush/Downloads/date-fruit-quality-ml/data/kaggle/grading/Kupro/Large/Grade-2/177.jpg,Kupro,Large,Grade-2,train,/Users/ayush/Downloads/date-fruit-quality-ml/data/quality/grade/train/Grade-2/Kupro__Large__177.jpg,537.3578491210938,360.64569091796875,152433.0
/Users/ayush/Downloads/date-fruit-quality-ml/data/kaggle/grading/Fasli Toto/Small/Grade-1/6.jpg,Fasli Toto,Small,Grade-1,train,/Users/ayush/Downloads/date-fruit-quality-ml/data/quality/grade/train/Grade-1/Fasli-Toto__Small__6.jpg,387.5046081542969,240.4471893310547,74601.5
/Users/ayush/Downloads/date-fruit-quality-ml/data/kaggle/grading/Gajar/Small/Grade-2/84.jpg,Gajar,Small,Grade-2,train,/Users/ayush/Downloads/date-fruit-quality-ml/data/quality/grade/train/Grade-2/Gajar__Small__84.jpg,587.8256225585938,264.0340270996094,128784.0
/Users/ayush/Downloads/date-fruit-quality-ml/data/kaggle/grading/Gajar/Small/Grade-3/158.jpg,Gajar,Small,Grade-3,train,/Users/ayush/Downloads/date-fruit-quality-ml/data/quality/grade/train/Grade-3/Gajar__Small__158.jpg,558.4672241210938,270.3952941894531,125731.5
/Users/ayush/Downloads/date-fruit-quality-ml/data/kaggle/grading/Kupro/Large/Grade-2/314.jpg,Kupro,Large,Grade-2,train,/Users/ayush/Downloads/date-fruit-quality-ml/data/quality/grade/train/Grade-2/Kupro__Large__314.jpg,470.61279296875,349.3773498535156,130071.5
/Users/ayush/Downloads/date-fruit-quality-ml/data/kaggle/grading/Gajar/Small/Grade-2/92.jpg,Gajar,Small,Grade-2,train,/Users/ayush/Downloads/date-fruit-quality-ml/data/quality/grade/train/Grade-2/Gajar__Small__92.jpg,596.5748291015625,255.04847717285156,125032.5
/Users/ayush/Downloads/date-fruit-quality-ml/data/kaggle/grading/Gajar/Medium/Grade-3/2.jpg,Gajar,Medium,Grade-3,train,/Users/ayush/Downloads/date-fruit-quality-ml/data/quality/grade/train/Grade-3/Gajar__Medium__2.jpg,544.5144653320312,262.4761962890625,120243.0
/Users/ayush/Downloads/date-fruit-quality-ml/data/kaggle/grading/Aseel/Medium/Grade-1/107.jpg,Aseel,Medium,Grade-1,train,/Users/ayush/Downloads/date-fruit-quality-ml/data/quality/grade/train/Grade-1/Aseel__Medium__107.jpg,485.4903564453125,300.123291015625,116899.0
/Users/ayush/Downloads/date-fruit-quality-ml/data/kaggle/grading/Kupro/Large/Grade-3/28.jpg,Kupro,Large,Grade-3,train,/Users/ayush/Downloads/date-fruit-quality-ml/data/quality/grade/train/Grade-3/Kupro__Large__28.jpg,506.2109069824219,383.91448974609375,151308.5
/Users/ayush/Downloads/date-fruit-quality-ml/data/kaggle/grading/Gajar/Medium/Grade-1/116.jpg,Gajar,Medium,Grade-1,train,/Users/ayush/Downloads/date-fruit-quality-ml/data/quality/grade/train/Grade-1/Gajar__Medium__116.jpg,595.2114868164062,265.54541015625,134559.0
/Users/ayush/Downloads/date-fruit-quality-ml/data/kaggle/grading/Gajar/Small/Grade-2/62.jpg,Gajar,Small,Grade-2,train,/Users/ayush/Downloads/date-fruit-quality-ml/data/quality/grade/train/Grade-2/Gajar__Small__62.jpg,542.3895263671875,223.147216796875,105498.5
/Users/ayush/Downloads/date-fruit-quality-ml/data/kaggle/grading/Gajar/Small/Grade-2/113.jpg,Gajar,Small,Grade-2,train,/Users/ayush/Downloads/date-fruit-quality-ml/data/quality/grade/train/Grade-2/Gajar__Small__113.jpg,524.7730712890625,272.7707214355469,119698.0
/Users/ayush/Downloads/date-fruit-quality-ml/data/kaggle/grading/Fasli Toto/Large/Grade-1/141.jpg,Fasli Toto,Large,Grade-1,train,/Users/ayush/Downloads/date-fruit-quality-ml/data/quality/grade/train/Grade-1/Fasli-Toto__Large__141.jpg,521.7166748046875,305.3683166503906,129848.5
/Users/ayush/Downloads/date-fruit-quality-ml/data/kaggle/grading/Gajar/Large/Grade-2/25.jpg,Gajar,Large,Grade-2,train,/Users/ayush/Downloads/date-fruit-quality-ml/data/quality/grade/train/Grade-2/Gajar__Large__25.jpg,605.0155029296875,298.0486755371094,147830.5
/Users/ayush/Downloads/date-fruit-quality-ml/data/kaggle/grading/Gajar/Medium/Grade-1/159.jpg,Gajar,Medium,Grade-1,train,/Users/ayush/Downloads/date-fruit-quality-ml/data/quality/grade/train/Grade-1/Gajar__Medium__159.jpg,577.0297241210938,258.4454650878906,130479.5
/Users/ayush/Downloads/date-fruit-quality-ml/data/kaggle/grading/Gajar/Large/Grade-1/66.jpg,Gajar,Large,Grade-1,train,/Users/ayush/Downloads/date-fruit-quality-ml/data/quality/grade/train/Grade-1/Gajar__Large__66.jpg,635.5723266601562,301.5990295410156,164218.5
/Users/ayush/Downloads/date-fruit-quality-ml/data/kaggle/grading/Gajar/Small/Grade-3/134.jpg,Gajar,Small,Grade-3,train,/Users/ayush/Downloads/date-fruit-quality-ml/data/quality/grade/train/Grade-3/Gajar__Small__134.jpg,517.1781005859375,246.54298400878906,110516.0
/Users/ayush/Downloads/date-fruit-quality-ml/data/kaggle/grading/Fasli Toto/Large/Grade-1/97.jpg,Fasli Toto,Large,Grade-1,train,/Users/ayush/Downloads/date-fruit-quality-ml/data/quality/grade/train/Grade-1/Fasli-Toto__Large__97.jpg,490.3149108886719,308.7252197265625,120739.5
/Users/ayush/Downloads/date-fruit-quality-ml/data/kaggle/grading/Gajar/Small/Grade-2/50.jpg,Gajar,Small,Grade-2,train,/Users/ayush/Downloads/date-fruit-quality-ml/data/quality/grade/train/Grade-2/Gajar__Small__50.jpg,561.2850341796875,283.14093017578125,124927.5
/Users/ayush/Downloads/date-fruit-quality-ml/data/kaggle/grading/Kupro/Large/Grade-2/346.jpg,Kupro,Large,Grade-2,train,/Users/ayush/Downloads/date-fruit-quality-ml/data/quality/grade/train/Grade-2/Kupro__Large__346.jpg,485.01043701171875,336.445068359375,128872.5
/Users/ayush/Downloads/date-fruit-quality-ml/data/kaggle/grading/Gajar/Large/Grade-3/18.jpg,Gajar,Large,Grade-3,train,/Users/ayush/Downloads/date-fruit-quality-ml/data/quality/grade/train/Grade-3/Gajar__Large__18.jpg,615.3243408203125,262.9023132324219,137937.5
/Users/ayush/Downloads/date-fruit-quality-ml/data/kaggle/grading/Gajar/Large/Grade-1/100.jpg,Gajar,Large,Grade-1,train,/Users/ayush/Downloads/date-fruit-quality-ml/data/quality/grade/train/Grade-1/Gajar__Large__100.jpg,586.212890625,300.9296875,143764.0
/Users/ayush/Downloads/date-fruit-quality-ml/data/kaggle/grading/Aseel/Medium/Grade-1/41.jpg,Aseel,Medium,Grade-1,train,/Users/ayush/Downloads/date-fruit-quality-ml/data/quality/grade/train/Grade-1/Aseel__Medium__41.jpg,502.34967041015625,278.9392395019531,111319.5
/Users/ayush/Downloads/date-fruit-quality-ml/data/kaggle/grading/Gajar/Medium/Grade-2/59.jpg,Gajar,Medium,Grade-2,train,/Users/ayush/Downloads/date-fruit-quality-ml/data/quality/grade/train/Grade-2/Gajar__Medium__59.jpg,603.2852172851562,276.63250732421875,131740.0
/Users/ayush/Downloads/date-fruit-quality-ml/data/kaggle/grading/Gajar/Small/Grade-2/141.jpg,Gajar,Small,Grade-2,train,/Users/ayush/Downloads/date-fruit-quality-ml/data/quality/grade/train/Grade-2/Gajar__Small__141.jpg,535.5757446289062,252.46583557128906,110712.0
/Users/ayush/Downloads/date-fruit-quality-ml/data/kaggle/grading/Fasli Toto/Large/Grade-1/60.jpg,Fasli Toto,Large,Grade-1,train,/Users/ayush/Downloads/date-fruit-quality-ml/data/quality/grade/train/Grade-1/Fasli-Toto__Large__60.jpg,540.3554077148438,285.3069763183594,123579.5
/Users/ayush/Downloads/date-fruit-quality-ml/data/kaggle/grading/Aseel/Medium/Grade-1/47.jpg,Aseel,Medium,Grade-1,train,/Users/ayush/Downloads/date-fruit-quality-ml/data/quality/grade/train/Grade-1/Aseel__Medium__47.jpg,440.81280517578125,298.8204040527344,104126.5
/Users/ayush/Downloads/date-fruit-quality-ml/data/kaggle/grading/Aseel/Large/Grade-1/21.jpg,Aseel,Large,Grade-1,train,/Users/ayush/Downloads/date-fruit-quality-ml/data/quality/grade/train/Grade-1/Aseel__Large__21.jpg,507.9927978515625,301.83648681640625,124115.0
/Users/ayush/Downloads/date-fruit-quality-ml/data/kaggle/grading/Gajar/Small/Grade-3/45.jpg,Gajar,Small,Grade-3,train,/Users/ayush/Downloads/date-fruit-quality-ml/data/quality/grade/train/Grade-3/Gajar__Small__45.jpg,504.57049560546875,244.87767028808594,104202.5
/Users/ayush/Downloads/date-fruit-quality-ml/data/kaggle/grading/Gajar/Medium/Grade-1/25.jpg,Gajar,Medium,Grade-1,train,/Users/ayush/Downloads/date-fruit-quality-ml/data/quality/grade/train/Grade-1/Gajar__Medium__25.jpg,553.9998779296875,277.99993896484375,126354.0
/Users/ayush/Downloads/date-fruit-quality-ml/data/kaggle/grading/Fasli Toto/Medium/Grade-1/133.jpg,Fasli Toto,Medium,Grade-1,train,/Users/ayush/Downloads/date-fruit-quality-ml/data/quality/grade/train/Grade-1/Fasli-Toto__Medium__133.jpg,384.5973815917969,276.9981994628906,87035.5
/Users/ayush/Downloads/date-fruit-quality-ml/data/kaggle/grading/Kupro/Large/Grade-2/222.jpg,Kupro,Large,Grade-2,train,/Users/ayush/Downloads/date-fruit-quality-ml/data/quality/grade/train/Grade-2/Kupro__Large__222.jpg,507.5796813964844,353.7125244140625,141389.5
/Users/ayush/Downloads/date-fruit-quality-ml/data/kaggle/grading/Kupro/Large/Grade-1/171.jpg,Kupro,Large,Grade-1,train,/Users/ayush/Downloads/date-fruit-quality-ml/data/quality/grade/train/Grade-1/Kupro__Large__171.jpg,517.889892578125,338.079345703125,138920.5
/Users/ayush/Downloads/date-fruit-quality-ml/data/kaggle/grading/Kupro/Large/Grade-1/299.jpg,Kupro,Large,Grade-1,train,/Users/ayush/Downloads/date-fruit-quality-ml/data/quality/grade/train/Grade-1/Kupro__Large__299.jpg,484.73095703125,363.1114501953125,140344.0
/Users/ayush/Downloads/date-fruit-quality-ml/data/kaggle/grading/Aseel/Medium/Grade-1/23.jpg,Aseel,Medium,Grade-1,train,/Users/ayush/Downloads/date-fruit-quality-ml/data/quality/grade/train/Grade-1/Aseel__Medium__23.jpg,524.5516967773438,269.63922119140625,113511.0
/Users/ayush/Downloads/date-fruit-quality-ml/data/kaggle/grading/Gajar/Medium/Grade-1/103.jpg,Gajar,Medium,Grade-1,train,/Users/ayush/Downloads/date-fruit-quality-ml/data/quality/grade/train/Grade-1/Gajar__Medium__103.jpg,601.0,239.0,122179.5
/Users/ayush/Downloads/date-fruit-quality-ml/data/kaggle/grading/Kupro/Large/Grade-2/131.jpg,Kupro,Large,Grade-2,train,/Users/ayush/Downloads/date-fruit-quality-ml/data/quality/grade/train/Grade-2/Kupro__Large__131.jpg,471.5526123046875,352.81768798828125,132429.0
/Users/ayush/Downloads/date-fruit-quality-ml/data/kaggle/grading/Aseel/Large/Grade-1/103.jpg,Aseel,Large,Grade-1,train,/Users/ayush/Downloads/date-fruit-quality-ml/data/quality/grade/train/Grade-1/Aseel__Large__103.jpg,535.0,271.0,123904.5
/Users/ayush/Downloads/date-fruit-quality-ml/data/kaggle/grading/Fasli Toto/Medium/Grade-1/44.jpg,Fasli Toto,Medium,Grade-1,train,/Users/ayush/Downloads/date-fruit-quality-ml/data/quality/grade/train/Grade-1/Fasli-Toto__Medium__44.jpg,389.02716064453125,284.73681640625,85295.0
/Users/ayush/Downloads/date-fruit-quality-ml/data/kaggle/grading/Gajar/Large/Grade-2/45.jpg,Gajar,Large,Grade-2,train,/Users/ayush/Downloads/date-fruit-quality-ml/data/quality/grade/train/Grade-2/Gajar__Large__45.jpg,656.464599609375,282.31488037109375,155379.5
/Users/ayush/Downloads/date-fruit-quality-ml/data/kaggle/grading/Gajar/Small/Grade-3/208.jpg,Gajar,Small,Grade-3,train,/Users/ayush/Downloads/date-fruit-quality-ml/data/quality/grade/train/Grade-3/Gajar__Small__208.jpg,511.99993896484375,244.99996948242188,102908.0
/Users/ayush/Downloads/date-fruit-quality-ml/data/kaggle/grading/Fasli Toto/Medium/Grade-1/79.jpg,Fasli Toto,Medium,Grade-1,train,/Users/ayush/Downloads/date-fruit-quality-ml/data/quality/grade/train/Grade-1/Fasli-Toto__Medium__79.jpg,387.2558898925781,286.58319091796875,85314.5
/Users/ayush/Downloads/date-fruit-quality-ml/data/kaggle/grading/Gajar/Small/Grade-1/197.jpg,Gajar,Small,Grade-1,train,/Users/ayush/Downloads/date-fruit-quality-ml/data/quality/grade/train/Grade-1/Gajar__Small__197.jpg,576.2576293945312,252.0673065185547,122031.0
/Users/ayush/Downloads/date-fruit-quality-ml/data/kaggle/grading/Gajar/Medium/Grade-1/189.jpg,Gajar,Medium,Grade-1,train,/Users/ayush/Downloads/date-fruit-quality-ml/data/quality/grade/train/Grade-1/Gajar__Medium__189.jpg,591.4579467773438,270.873291015625,132450.0
/Users/ayush/Downloads/date-fruit-quality-ml/data/kaggle/grading/Kupro/Large/Grade-2/39.jpg,Kupro,Large,Grade-2,train,/Users/ayush/Downloads/date-fruit-quality-ml/data/quality/grade/train/Grade-2/Kupro__Large__39.jpg,520.542724609375,365.54669189453125,152587.0
/Users/ayush/Downloads/date-fruit-quality-ml/data/kaggle/grading/Aseel/Large/Grade-1/126.jpg,Aseel,Large,Grade-1,train,/Users/ayush/Downloads/date-fruit-quality-ml/data/quality/grade/train/Grade-1/Aseel__Large__126.jpg,551.4676513671875,295.2568664550781,129241.5
/Users/ayush/Downloads/date-fruit-quality-ml/data/kaggle/grading/Gajar/Large/Grade-1/37.jpg,Gajar,Large,Grade-1,train,/Users/ayush/Downloads/date-fruit-quality-ml/data/quality/grade/train/Grade-1/Gajar__Large__37.jpg,644.406982421875,284.09576416015625,148961.5
/Users/ayush/Downloads/date-fruit-quality-ml/data/kaggle/grading/Gajar/Small/Grade-1/164.jpg,Gajar,Small,Grade-1,train,/Users/ayush/Downloads/date-fruit-quality-ml/data/quality/grade/train/Grade-1/Gajar__Small__164.jpg,540.3538208007812,263.0413513183594,113997.5
/Users/ayush/Downloads/date-fruit-quality-ml/data/kaggle/grading/Gajar/Large/Grade-1/96.jpg,Gajar,Large,Grade-1,train,/Users/ayush/Downloads/date-fruit-quality-ml/data/quality/grade/train/Grade-1/Gajar__Large__96.jpg,587.9437255859375,289.89227294921875,142579.0
/Users/ayush/Downloads/date-fruit-quality-ml/data/kaggle/grading/Gajar/Large/Grade-1/31.jpg,Gajar,Large,Grade-1,train,/Users/ayush/Downloads/date-fruit-quality-ml/data/quality/grade/train/Grade-1/Gajar__Large__31.jpg,622.8411254882812,272.5552673339844,136362.5
/Users/ayush/Downloads/date-fruit-quality-ml/data/kaggle/grading/Kupro/Large/Grade-2/154.jpg,Kupro,Large,Grade-2,train,/Users/ayush/Downloads/date-fruit-quality-ml/data/quality/grade/train/Grade-2/Kupro__Large__154.jpg,535.2008666992188,351.8323059082031,152091.5
/Users/ayush/Downloads/date-fruit-quality-ml/data/kaggle/grading/Kupro/Large/Grade-1/9.jpg,Kupro,Large,Grade-1,train,/Users/ayush/Downloads/date-fruit-quality-ml/data/quality/grade/train/Grade-1/Kupro__Large__9.jpg,522.423583984375,345.90887451171875,141183.5
/Users/ayush/Downloads/date-fruit-quality-ml/data/kaggle/grading/Kupro/Large/Grade-2/67.jpg,Kupro,Large,Grade-2,train,/Users/ayush/Downloads/date-fruit-quality-ml/data/quality/grade/train/Grade-2/Kupro__Large__67.jpg,497.5105895996094,351.51348876953125,138295.5
/Users/ayush/Downloads/date-fruit-quality-ml/data/kaggle/grading/Kupro/Large/Grade-3/21.jpg,Kupro,Large,Grade-3,train,/Users/ayush/Downloads/date-fruit-quality-ml/data/quality/grade/train/Grade-3/Kupro__Large__21.jpg,490.1549987792969,343.9213562011719,133396.0
/Users/ayush/Downloads/date-fruit-quality-ml/data/kaggle/grading/Aseel/Small/Grade-1/78.jpg,Aseel,Small,Grade-1,train,/Users/ayush/Downloads/date-fruit-quality-ml/data/quality/grade/train/Grade-1/Aseel__Small__78.jpg,467.0491027832031,243.6150665283203,90800.5
/Users/ayush/Downloads/date-fruit-quality-ml/data/kaggle/grading/Kupro/Large/Grade-1/111.jpg,Kupro,Large,Grade-1,train,/Users/ayush/Downloads/date-fruit-quality-ml/data/quality/grade/train/Grade-1/Kupro__Large__111.jpg,523.8370971679688,337.8481140136719,136476.0
/Users/ayush/Downloads/date-fruit-quality-ml/data/kaggle/grading/Gajar/Large/Grade-1/19.jpg,Gajar,Large,Grade-1,train,/Users/ayush/Downloads/date-fruit-quality-ml/data/quality/grade/train/Grade-1/Gajar__Large__19.jpg,638.7330932617188,285.9242858886719,150822.5
/Users/ayush/Downloads/date-fruit-quality-ml/data/kaggle/grading/Kupro/Large/Grade-2/172.jpg,Kupro,Large,Grade-2,train,/Users/ayush/Downloads/date-fruit-quality-ml/data/quality/grade/train/Grade-2/Kupro__Large__172.jpg,506.1424255371094,355.710205078125,146023.0
/Users/ayush/Downloads/date-fruit-quality-ml/data/kaggle/grading/Gajar/Small/Grade-1/21.jpg,Gajar,Small,Grade-1,train,/Users/ayush/Downloads/date-fruit-quality-ml/data/quality/grade/train/Grade-1/Gajar__Small__21.jpg,563.5743408203125,248.70594787597656,118027.5
/Users/ayush/Downloads/date-fruit-quality-ml/data/kaggle/grading/Fasli Toto/Large/Grade-1/1.jpg,Fasli Toto,Large,Grade-1,train,/Users/ayush/Downloads/date-fruit-quality-ml/data/quality/grade/train/Grade-1/Fasli-Toto__Large__1.jpg,447.4547119140625,281.3117370605469,110578.0
/Users/ayush/Downloads/date-fruit-quality-ml/data/kaggle/grading/Fasli Toto/Small/Grade-1/58.jpg,Fasli Toto,Small,Grade-1,train,/Users/ayush/Downloads/date-fruit-quality-ml/data/quality/grade/train/Grade-1/Fasli-Toto__Small__58.jpg,364.3955383300781,250.489013671875,67807.0
/Users/ayush/Downloads/date-fruit-quality-ml/data/kaggle/grading/Gajar/Small/Grade-2/14.jpg,Gajar,Small,Grade-2,train,/Users/ayush/Downloads/date-fruit-quality-ml/data/quality/grade/train/Grade-2/Gajar__Small__14.jpg,517.0894165039062,260.0028991699219,115565.5
/Users/ayush/Downloads/date-fruit-quality-ml/data/kaggle/grading/Kupro/Large/Grade-1/154.jpg,Kupro,Large,Grade-1,train,/Users/ayush/Downloads/date-fruit-quality-ml/data/quality/grade/train/Grade-1/Kupro__Large__154.jpg,503.1136779785156,312.8078918457031,125174.0
/Users/ayush/Downloads/date-fruit-quality-ml/data/kaggle/grading/Fasli Toto/Medium/Grade-1/25.jpg,Fasli Toto,Medium,Grade-1,train,/Users/ayush/Downloads/date-fruit-quality-ml/data/quality/grade/train/Grade-1/Fasli-Toto__Medium__25.jpg,392.6107482910156,313.1954345703125,95634.5
/Users/ayush/Downloads/date-fruit-quality-ml/data/kaggle/grading/Kupro/Large/Grade-2/276.jpg,Kupro,Large,Grade-2,train,/Users/ayush/Downloads/date-fruit-quality-ml/data/quality/grade/train/Grade-2/Kupro__Large__276.jpg,499.12310791015625,312.4742431640625,126990.5
/Users/ayush/Downloads/date-fruit-quality-ml/data/kaggle/grading/Kupro/Large/Grade-2/149.jpg,Kupro,Large,Grade-2,train,/Users/ayush/Downloads/date-fruit-quality-ml/data/quality/grade/train/Grade-2/Kupro__Large__149.jpg,499.1600341796875,352.56121826171875,137499.5
/Users/ayush/Downloads/date-fruit-quality-ml/data/kaggle/grading/Kupro/Large/Grade-1/6.jpg,Kupro,Large,Grade-1,train,/Users/ayush/Downloads/date-fruit-quality-ml/data/quality/grade/train/Grade-1/Kupro__Large__6.jpg,518.4685668945312,371.00128173828125,149882.0
/Users/ayush/Downloads/date-fruit-quality-ml/data/kaggle/grading/Fasli Toto/Medium/Grade-1/75.jpg,Fasli Toto,Medium,Grade-1,train,/Users/ayush/Downloads/date-fruit-quality-ml/data/quality/grade/train/Grade-1/Fasli-Toto__Medium__75.jpg,378.9273681640625,306.86090087890625,91468.5
/Users/ayush/Downloads/date-fruit-quality-ml/data/kaggle/grading/Kupro/Large/Grade-1/178.jpg,Kupro,Large,Grade-1,train,/Users/ayush/Downloads/date-fruit-quality-ml/data/quality/grade/train/Grade-1/Kupro__Large__178.jpg,530.5513305664062,361.4722595214844,151162.0
/Users/ayush/Downloads/date-fruit-quality-ml/data/kaggle/grading/Kupro/Large/Grade-2/106.jpg,Kupro,Large,Grade-2,train,/Users/ayush/Downloads/date-fruit-quality-ml/data/quality/grade/train/Grade-2/Kupro__Large__106.jpg,498.2128601074219,373.5234069824219,145525.0
/Users/ayush/Downloads/date-fruit-quality-ml/data/kaggle/grading/Aseel/Large/Grade-1/131.jpg,Aseel,Large,Grade-1,train,/Users/ayush/Downloads/date-fruit-quality-ml/data/quality/grade/train/Grade-1/Aseel__Large__131.jpg,551.2448120117188,317.1639404296875,147665.0
/Users/ayush/Downloads/date-fruit-quality-ml/data/kaggle/grading/Gajar/Medium/Grade-1/24.jpg,Gajar,Medium,Grade-1,train,/Users/ayush/Downloads/date-fruit-quality-ml/data/quality/grade/train/Grade-1/Gajar__Medium__24.jpg,543.8632202148438,272.0569763183594,121400.0
/Users/ayush/Downloads/date-fruit-quality-ml/data/kaggle/grading/Aseel/Medium/Grade-1/80.jpg,Aseel,Medium,Grade-1,train,/Users/ayush/Downloads/date-fruit-quality-ml/data/quality/grade/train/Grade-1/Aseel__Medium__80.jpg,467.99566650390625,311.4993591308594,111435.5
/Users/ayush/Downloads/date-fruit-quality-ml/data/kaggle/grading/Fasli Toto/Large/Grade-1/140.jpg,Fasli Toto,Large,Grade-1,train,/Users/ayush/Downloads/date-fruit-quality-ml/data/quality/grade/train/Grade-1/Fasli-Toto__Large__140.jpg,555.2880249023438,322.4234313964844,150181.5
/Users/ayush/Downloads/date-fruit-quality-ml/data/kaggle/grading/Gajar/Small/Grade-3/31.jpg,Gajar,Small,Grade-3,train,/Users/ayush/Downloads/date-fruit-quality-ml/data/quality/grade/train/Grade-3/Gajar__Small__31.jpg,533.0,294.0,125891.5
/Users/ayush/Downloads/date-fruit-quality-ml/data/kaggle/grading/Fasli Toto/Large/Grade-1/30.jpg,Fasli Toto,Large,Grade-1,train,/Users/ayush/Downloads/date-fruit-quality-ml/data/quality/grade/train/Grade-1/Fasli-Toto__Large__30.jpg,450.206787109375,282.0146484375,107682.5
/Users/ayush/Downloads/date-fruit-quality-ml/data/kaggle/grading/Gajar/Small/Grade-1/168.jpg,Gajar,Small,Grade-1,train,/Users/ayush/Downloads/date-fruit-quality-ml/data/quality/grade/train/Grade-1/Gajar__Small__168.jpg,534.15771484375,253.8019561767578,114711.5
/Users/ayush/Downloads/date-fruit-quality-ml/data/kaggle/grading/Kupro/Large/Grade-2/216.jpg,Kupro,Large,Grade-2,train,/Users/ayush/Downloads/date-fruit-quality-ml/data/quality/grade/train/Grade-2/Kupro__Large__216.jpg,466.2729187011719,342.5429382324219,127395.5
/Users/ayush/Downloads/date-fruit-quality-ml/data/kaggle/grading/Gajar/Large/Grade-3/65.jpg,Gajar,Large,Grade-3,train,/Users/ayush/Downloads/date-fruit-quality-ml/data/quality/grade/train/Grade-3/Gajar__Large__65.jpg,608.9998779296875,261.99993896484375,134120.5
/Users/ayush/Downloads/date-fruit-quality-ml/data/kaggle/grading/Fasli Toto/Large/Grade-1/149.jpg,Fasli Toto,Large,Grade-1,train,/Users/ayush/Downloads/date-fruit-quality-ml/data/quality/grade/train/Grade-1/Fasli-Toto__Large__149.jpg,494.67083740234375,268.6120910644531,104644.5
/Users/ayush/Downloads/date-fruit-quality-ml/data/kaggle/grading/Gajar/Small/Grade-1/159.jpg,Gajar,Small,Grade-1,train,/Users/ayush/Downloads/date-fruit-quality-ml/data/quality/grade/train/Grade-1/Gajar__Small__159.jpg,508.6059875488281,240.89845275878906,106415.0
/Users/ayush/Downloads/date-fruit-quality-ml/data/kaggle/grading/Fasli Toto/Medium/Grade-1/131.jpg,Fasli Toto,Medium,Grade-1,train,/Users/ayush/Downloads/date-fruit-quality-ml/data/quality/grade/train/Grade-1/Fasli-Toto__Medium__131.jpg,409.88519287109375,275.5204772949219,87389.0
/Users/ayush/Downloads/date-fruit-quality-ml/data/kaggle/grading/Aseel/Small/Grade-1/55.jpg,Aseel,Small,Grade-1,train,/Users/ayush/Downloads/date-fruit-quality-ml/data/quality/grade/train/Grade-1/Aseel__Small__55.jpg,430.34173583984375,260.6797790527344,87537.0
/Users/ayush/Downloads/date-fruit-quality-ml/data/kaggle/grading/Gajar/Small/Grade-3/58.jpg,Gajar,Small,Grade-3,train,/Users/ayush/Downloads/date-fruit-quality-ml/data/quality/grade/train/Grade-3/Gajar__Small__58.jpg,566.7301635742188,258.5783996582031,120469.5
/Users/ayush/Downloads/date-fruit-quality-ml/data/kaggle/grading/Gajar/Large/Grade-2/15.jpg,Gajar,Large,Grade-2,train,/Users/ayush/Downloads/date-fruit-quality-ml/data/quality/grade/train/Grade-2/Gajar__Large__15.jpg,646.7152099609375,290.7142028808594,154182.0
/Users/ayush/Downloads/date-fruit-quality-ml/data/kaggle/grading/Kupro/Large/Grade-1/129.jpg,Kupro,Large,Grade-1,train,/Users/ayush/Downloads/date-fruit-quality-ml/data/quality/grade/train/Grade-1/Kupro__Large__129.jpg,465.06494140625,348.3328857421875,128249.0
/Users/ayush/Downloads/date-fruit-quality-ml/data/kaggle/grading/Gajar/Small/Grade-3/69.jpg,Gajar,Small,Grade-3,train,/Users/ayush/Downloads/date-fruit-quality-ml/data/quality/grade/train/Grade-3/Gajar__Small__69.jpg,509.99993896484375,241.99996948242188,106501.0
/Users/ayush/Downloads/date-fruit-quality-ml/data/kaggle/grading/Gajar/Small/Grade-3/74.jpg,Gajar,Small,Grade-3,train,/Users/ayush/Downloads/date-fruit-quality-ml/data/quality/grade/train/Grade-3/Gajar__Small__74.jpg,546.1522216796875,246.6026153564453,111415.0
/Users/ayush/Downloads/date-fruit-quality-ml/data/kaggle/grading/Fasli Toto/Medium/Grade-1/50.jpg,Fasli Toto,Medium,Grade-1,train,/Users/ayush/Downloads/date-fruit-quality-ml/data/quality/grade/train/Grade-1/Fasli-Toto__Medium__50.jpg,426.1754455566406,295.4048767089844,98763.5
/Users/ayush/Downloads/date-fruit-quality-ml/data/kaggle/grading/Gajar/Large/Grade-2/91.jpg,Gajar,Large,Grade-2,train,/Users/ayush/Downloads/date-fruit-quality-ml/data/quality/grade/train/Grade-2/Gajar__Large__91.jpg,632.478271484375,278.6978759765625,142263.0
/Users/ayush/Downloads/date-fruit-quality-ml/data/kaggle/grading/Kupro/Large/Grade-1/86.jpg,Kupro,Large,Grade-1,train,/Users/ayush/Downloads/date-fruit-quality-ml/data/quality/grade/train/Grade-1/Kupro__Large__86.jpg,482.6037902832031,353.5953063964844,133865.0
/Users/ayush/Downloads/date-fruit-quality-ml/data/kaggle/grading/Gajar/Small/Grade-1/34.jpg,Gajar,Small,Grade-1,train,/Users/ayush/Downloads/date-fruit-quality-ml/data/quality/grade/train/Grade-1/Gajar__Small__34.jpg,557.2200927734375,256.2941589355469,116265.0
/Users/ayush/Downloads/date-fruit-quality-ml/data/kaggle/grading/Kupro/Large/Grade-2/365.jpg,Kupro,Large,Grade-2,train,/Users/ayush/Downloads/date-fruit-quality-ml/data/quality/grade/train/Grade-2/Kupro__Large__365.jpg,475.4710998535156,329.8082580566406,128463.5
/Users/ayush/Downloads/date-fruit-quality-ml/data/kaggle/grading/Gajar/Small/Grade-1/135.jpg,Gajar,Small,Grade-1,train,/Users/ayush/Downloads/date-fruit-quality-ml/data/quality/grade/train/Grade-1/Gajar__Small__135.jpg,525.7124633789062,250.3880615234375,110373.5
/Users/ayush/Downloads/date-fruit-quality-ml/data/kaggle/grading/Gajar/Medium/Grade-1/184.jpg,Gajar,Medium,Grade-1,train,/Users/ayush/Downloads/date-fruit-quality-ml/data/quality/grade/train/Grade-1/Gajar__Medium__184.jpg,638.9263916015625,264.0693359375,132645.5
/Users/ayush/Downloads/date-fruit-quality-ml/data/kaggle/grading/Gajar/Large/Grade-1/36.jpg,Gajar,Large,Grade-1,train,/Users/ayush/Downloads/date-fruit-quality-ml/data/quality/grade/train/Grade-1/Gajar__Large__36.jpg,617.3758544921875,276.2821960449219,147605.5
/Users/ayush/Downloads/date-fruit-quality-ml/data/kaggle/grading/Gajar/Large/Grade-2/26.jpg,Gajar,Large,Grade-2,train,/Users/ayush/Downloads/date-fruit-quality-ml/data/quality/grade/train/Grade-2/Gajar__Large__26.jpg,641.6904296875,274.5540466308594,147342.0
/Users/ayush/Downloads/date-fruit-quality-ml/data/kaggle/grading/Fasli Toto/Large/Grade-1/107.jpg,Fasli Toto,Large,Grade-1,train,/Users/ayush/Downloads/date-fruit-quality-ml/data/quality/grade/train/Grade-1/Fasli-Toto__Large__107.jpg,481.42010498046875,310.8447570800781,123551.5
/Users/ayush/Downloads/date-fruit-quality-ml/data/kaggle/grading/Kupro/Large/Grade-3/1.jpg,Kupro,Large,Grade-3,train,/Users/ayush/Downloads/date-fruit-quality-ml/data/quality/grade/train/Grade-3/Kupro__Large__1.jpg,469.29241943359375,330.0896301269531,122854.0
/Users/ayush/Downloads/date-fruit-quality-ml/data/kaggle/grading/Kupro/Large/Grade-2/277.jpg,Kupro,Large,Grade-2,train,/Users/ayush/Downloads/date-fruit-quality-ml/data/quality/grade/train/Grade-2/Kupro__Large__277.jpg,498.8251037597656,331.07623291015625,130101.5
/Users/ayush/Downloads/date-fruit-quality-ml/data/kaggle/grading/Kupro/Large/Grade-2/14.jpg,Kupro,Large,Grade-2,train,/Users/ayush/Downloads/date-fruit-quality-ml/data/quality/grade/train/Grade-2/Kupro__Large__14.jpg,525.07275390625,318.5937194824219,129878.0
/Users/ayush/Downloads/date-fruit-quality-ml/data/kaggle/grading/Kupro/Large/Grade-2/13.jpg,Kupro,Large,Grade-2,train,/Users/ayush/Downloads/date-fruit-quality-ml/data/quality/grade/train/Grade-2/Kupro__Large__13.jpg,487.7408447265625,355.16632080078125,139303.0
/Users/ayush/Downloads/date-fruit-quality-ml/data/kaggle/grading/Aseel/Large/Grade-1/41.jpg,Aseel,Large,Grade-1,train,/Users/ayush/Downloads/date-fruit-quality-ml/data/quality/grade/train/Grade-1/Aseel__Large__41.jpg,531.7327880859375,333.46142578125,135888.5
/Users/ayush/Downloads/date-fruit-quality-ml/data/kaggle/grading/Kupro/Large/Grade-1/108.jpg,Kupro,Large,Grade-1,train,/Users/ayush/Downloads/date-fruit-quality-ml/data/quality/grade/train/Grade-1/Kupro__Large__108.jpg,493.0,335.0,129633.0
/Users/ayush/Downloads/date-fruit-quality-ml/data/kaggle/grading/Gajar/Small/Grade-2/52.jpg,Gajar,Small,Grade-2,train,/Users/ayush/Downloads/date-fruit-quality-ml/data/quality/grade/train/Grade-2/Gajar__Small__52.jpg,592.63525390625,255.1937713623047,121411.5
/Users/ayush/Downloads/date-fruit-quality-ml/data/kaggle/grading/Gajar/Small/Grade-2/38.jpg,Gajar,Small,Grade-2,train,/Users/ayush/Downloads/date-fruit-quality-ml/data/quality/grade/train/Grade-2/Gajar__Small__38.jpg,543.3956298828125,235.5740203857422,106805.5
/Users/ayush/Downloads/date-fruit-quality-ml/data/kaggle/grading/Aseel/Large/Grade-1/7.jpg,Aseel,Large,Grade-1,train,/Users/ayush/Downloads/date-fruit-quality-ml/data/quality/grade/train/Grade-1/Aseel__Large__7.jpg,551.3540649414062,355.56903076171875,158903.5
/Users/ayush/Downloads/date-fruit-quality-ml/data/kaggle/grading/Gajar/Medium/Grade-2/49.jpg,Gajar,Medium,Grade-2,train,/Users/ayush/Downloads/date-fruit-quality-ml/data/quality/grade/train/Grade-2/Gajar__Medium__49.jpg,557.156982421875,282.1999206542969,128408.0
/Users/ayush/Downloads/date-fruit-quality-ml/data/kaggle/grading/Aseel/Large/Grade-1/113.jpg,Aseel,Large,Grade-1,train,/Users/ayush/Downloads/date-fruit-quality-ml/data/quality/grade/train/Grade-1/Aseel__Large__113.jpg,485.7330322265625,319.72509765625,122088.5
/Users/ayush/Downloads/date-fruit-quality-ml/data/kaggle/grading/Gajar/Large/Grade-2/47.jpg,Gajar,Large,Grade-2,train,/Users/ayush/Downloads/date-fruit-quality-ml/data/quality/grade/train/Grade-2/Gajar__Large__47.jpg,659.4441528320312,309.130859375,158669.0
/Users/ayush/Downloads/date-fruit-quality-ml/data/kaggle/grading/Gajar/Large/Grade-2/53.jpg,Gajar,Large,Grade-2,train,/Users/ayush/Downloads/date-fruit-quality-ml/data/quality/grade/train/Grade-2/Gajar__Large__53.jpg,658.5961303710938,306.1234130859375,169331.0
/Users/ayush/Downloads/date-fruit-quality-ml/data/kaggle/grading/Gajar/Medium/Grade-3/19.jpg,Gajar,Medium,Grade-3,train,/Users/ayush/Downloads/date-fruit-quality-ml/data/quality/grade/train/Grade-3/Gajar__Medium__19.jpg,516.7944946289062,242.53900146484375,109429.0
/Users/ayush/Downloads/date-fruit-quality-ml/data/kaggle/grading/Gajar/Small/Grade-3/120.jpg,Gajar,Small,Grade-3,train,/Users/ayush/Downloads/date-fruit-quality-ml/data/quality/grade/train/Grade-3/Gajar__Small__120.jpg,602.704345703125,245.96286010742188,119566.0
/Users/ayush/Downloads/date-fruit-quality-ml/data/kaggle/grading/Kupro/Large/Grade-1/48.jpg,Kupro,Large,Grade-1,train,/Users/ayush/Downloads/date-fruit-quality-ml/data/quality/grade/train/Grade-1/Kupro__Large__48.jpg,489.8910217285156,358.91534423828125,143042.0
/Users/ayush/Downloads/date-fruit-quality-ml/data/kaggle/grading/Aseel/Medium/Grade-1/61.jpg,Aseel,Medium,Grade-1,train,/Users/ayush/Downloads/date-fruit-quality-ml/data/quality/grade/train/Grade-1/Aseel__Medium__61.jpg,500.0,286.0,113024.0
/Users/ayush/Downloads/date-fruit-quality-ml/data/kaggle/grading/Kupro/Large/Grade-1/218.jpg,Kupro,Large,Grade-1,train,/Users/ayush/Downloads/date-fruit-quality-ml/data/quality/grade/train/Grade-1/Kupro__Large__218.jpg,496.0,333.0,128942.0
/Users/ayush/Downloads/date-fruit-quality-ml/data/kaggle/grading/Gajar/Large/Grade-3/121.jpg,Gajar,Large,Grade-3,train,/Users/ayush/Downloads/date-fruit-quality-ml/data/quality/grade/train/Grade-3/Gajar__Large__121.jpg,624.91943359375,298.24859619140625,154561.5
/Users/ayush/Downloads/date-fruit-quality-ml/data/kaggle/grading/Aseel/Small/Grade-1/16.jpg,Aseel,Small,Grade-1,train,/Users/ayush/Downloads/date-fruit-quality-ml/data/quality/grade/train/Grade-1/Aseel__Small__16.jpg,438.0,273.0,96781.5
/Users/ayush/Downloads/date-fruit-quality-ml/data/kaggle/grading/Fasli Toto/Medium/Grade-1/8.jpg,Fasli Toto,Medium,Grade-1,train,/Users/ayush/Downloads/date-fruit-quality-ml/data/quality/grade/train/Grade-1/Fasli-Toto__Medium__8.jpg,423.5432434082031,263.561279296875,90098.5
/Users/ayush/Downloads/date-fruit-quality-ml/data/kaggle/grading/Gajar/Small/Grade-3/98.jpg,Gajar,Small,Grade-3,train,/Users/ayush/Downloads/date-fruit-quality-ml/data/quality/grade/train/Grade-3/Gajar__Small__98.jpg,545.162841796875,237.82069396972656,104340.0
/Users/ayush/Downloads/date-fruit-quality-ml/data/kaggle/grading/Kupro/Large/Grade-1/245.jpg,Kupro,Large,Grade-1,train,/Users/ayush/Downloads/date-fruit-quality-ml/data/quality/grade/train/Grade-1/Kupro__Large__245.jpg,488.3345947265625,326.8451232910156,127067.5
/Users/ayush/Downloads/date-fruit-quality-ml/data/kaggle/grading/Gajar/Medium/Grade-2/62.jpg,Gajar,Medium,Grade-2,train,/Users/ayush/Downloads/date-fruit-quality-ml/data/quality/grade/train/Grade-2/Gajar__Medium__62.jpg,589.7601928710938,311.291259765625,151041.0
/Users/ayush/Downloads/date-fruit-quality-ml/data/kaggle/grading/Kupro/Large/Grade-1/297.jpg,Kupro,Large,Grade-1,train,/Users/ayush/Downloads/date-fruit-quality-ml/data/quality/grade/train/Grade-1/Kupro__Large__297.jpg,501.1558532714844,339.81866455078125,135624.0
/Users/ayush/Downloads/date-fruit-quality-ml/data/kaggle/grading/Kupro/Large/Grade-2/33.jpg,Kupro,Large,Grade-2,train,/Users/ayush/Downloads/date-fruit-quality-ml/data/quality/grade/train/Grade-2/Kupro__Large__33.jpg,497.48248291015625,352.255615234375,138561.5
/Users/ayush/Downloads/date-fruit-quality-ml/data/kaggle/grading/Gajar/Medium/Grade-1/185.jpg,Gajar,Medium,Grade-1,train,/Users/ayush/Downloads/date-fruit-quality-ml/data/quality/grade/train/Grade-1/Gajar__Medium__185.jpg,589.4237670898438,274.00592041015625,135651.5
/Users/ayush/Downloads/date-fruit-quality-ml/data/kaggle/grading/Kupro/Large/Grade-2/171.jpg,Kupro,Large,Grade-2,train,/Users/ayush/Downloads/date-fruit-quality-ml/data/quality/grade/train/Grade-2/Kupro__Large__171.jpg,517.3839721679688,348.78082275390625,141953.0
/Users/ayush/Downloads/date-fruit-quality-ml/data/kaggle/grading/Kupro/Large/Grade-2/302.jpg,Kupro,Large,Grade-2,train,/Users/ayush/Downloads/date-fruit-quality-ml/data/quality/grade/train/Grade-2/Kupro__Large__302.jpg,546.3771362304688,349.5904235839844,150517.5
/Users/ayush/Downloads/date-fruit-quality-ml/data/kaggle/grading/Gajar/Large/Grade-3/46.jpg,Gajar,Large,Grade-3,train,/Users/ayush/Downloads/date-fruit-quality-ml/data/quality/grade/train/Grade-3/Gajar__Large__46.jpg,619.0,305.0,153764.5
/Users/ayush/Downloads/date-fruit-quality-ml/data/kaggle/grading/Gajar/Medium/Grade-3/1.jpg,Gajar,Medium,Grade-3,train,/Users/ayush/Downloads/date-fruit-quality-ml/data/quality/grade/train/Grade-3/Gajar__Medium__1.jpg,553.1734008789062,237.83738708496094,114708.0
/Users/ayush/Downloads/date-fruit-quality-ml/data/kaggle/grading/Kupro/Large/Grade-3/94.jpg,Kupro,Large,Grade-3,train,/Users/ayush/Downloads/date-fruit-quality-ml/data/quality/grade/train/Grade-3/Kupro__Large__94.jpg,502.6336975097656,390.00469970703125,149136.5
/Users/ayush/Downloads/date-fruit-quality-ml/data/kaggle/grading/Kupro/Large/Grade-2/258.jpg,Kupro,Large,Grade-2,train,/Users/ayush/Downloads/date-fruit-quality-ml/data/quality/grade/train/Grade-2/Kupro__Large__258.jpg,470.71661376953125,330.1255798339844,122215.5
/Users/ayush/Downloads/date-fruit-quality-ml/data/kaggle/grading/Kupro/Large/Grade-2/327.jpg,Kupro,Large,Grade-2,train,/Users/ayush/Downloads/date-fruit-quality-ml/data/quality/grade/train/Grade-2/Kupro__Large__327.jpg,505.9137878417969,340.9709777832031,135282.5
/Users/ayush/Downloads/date-fruit-quality-ml/data/kaggle/grading/Kupro/Large/Grade-1/54.jpg,Kupro,Large,Grade-1,train,/Users/ayush/Downloads/date-fruit-quality-ml/data/quality/grade/train/Grade-1/Kupro__Large__54.jpg,501.34796142578125,337.5399169921875,136100.0
/Users/ayush/Downloads/date-fruit-quality-ml/data/kaggle/grading/Aseel/Medium/Grade-1/12.jpg,Aseel,Medium,Grade-1,train,/Users/ayush/Downloads/date-fruit-quality-ml/data/quality/grade/train/Grade-1/Aseel__Medium__12.jpg,512.216796875,289.1296081542969,118011.5
/Users/ayush/Downloads/date-fruit-quality-ml/data/kaggle/grading/Gajar/Medium/Grade-1/40.jpg,Gajar,Medium,Grade-1,train,/Users/ayush/Downloads/date-fruit-quality-ml/data/quality/grade/train/Grade-1/Gajar__Medium__40.jpg,582.5450439453125,272.2701110839844,132259.0
/Users/ayush/Downloads/date-fruit-quality-ml/data/kaggle/grading/Aseel/Small/Grade-1/70.jpg,Aseel,Small,Grade-1,train,/Users/ayush/Downloads/date-fruit-quality-ml/data/quality/grade/train/Grade-1/Aseel__Small__70.jpg,444.80621337890625,259.4176330566406,93938.5
/Users/ayush/Downloads/date-fruit-quality-ml/data/kaggle/grading/Kupro/Large/Grade-1/120.jpg,Kupro,Large,Grade-1,train,/Users/ayush/Downloads/date-fruit-quality-ml/data/quality/grade/train/Grade-1/Kupro__Large__120.jpg,507.8617858886719,354.49127197265625,141908.5
/Users/ayush/Downloads/date-fruit-quality-ml/data/kaggle/grading/Kupro/Large/Grade-2/185.jpg,Kupro,Large,Grade-2,train,/Users/ayush/Downloads/date-fruit-quality-ml/data/quality/grade/train/Grade-2/Kupro__Large__185.jpg,504.0,369.0,148387.5
/Users/ayush/Downloads/date-fruit-quality-ml/data/kaggle/grading/Gajar/Large/Grade-2/21.jpg,Gajar,Large,Grade-2,train,/Users/ayush/Downloads/date-fruit-quality-ml/data/quality/grade/train/Grade-2/Gajar__Large__21.jpg,634.3955078125,275.4507141113281,138780.0
/Users/ayush/Downloads/date-fruit-quality-ml/data/kaggle/grading/Kupro/Large/Grade-2/164.jpg,Kupro,Large,Grade-2,train,/Users/ayush/Downloads/date-fruit-quality-ml/data/quality/grade/train/Grade-2/Kupro__Large__164.jpg,544.8602905273438,370.8860778808594,151890.0
/Users/ayush/Downloads/date-fruit-quality-ml/data/kaggle/grading/Fasli Toto/Small/Grade-1/16.jpg,Fasli Toto,Small,Grade-1,train,/Users/ayush/Downloads/date-fruit-quality-ml/data/quality/grade/train/Grade-1/Fasli-Toto__Small__16.jpg,391.9457702636719,261.6202087402344,79242.5
/Users/ayush/Downloads/date-fruit-quality-ml/data/kaggle/grading/Gajar/Large/Grade-2/68.jpg,Gajar,Large,Grade-2,train,/Users/ayush/Downloads/date-fruit-quality-ml/data/quality/grade/train/Grade-2/Gajar__Large__68.jpg,631.8663940429688,260.45172119140625,131461.0
/Users/ayush/Downloads/date-fruit-quality-ml/data/kaggle/grading/Aseel/Medium/Grade-1/168.jpg,Aseel,Medium,Grade-1,train,/Users/ayush/Downloads/date-fruit-quality-ml/data/quality/grade/train/Grade-1/Aseel__Medium__168.jpg,474.8347473144531,304.7206115722656,112986.5
/Users/ayush/Downloads/date-fruit-quality-ml/data/kaggle/grading/Aseel/Medium/Grade-1/92.jpg,Aseel,Medium,Grade-1,train,/Users/ayush/Downloads/date-fruit-quality-ml/data/quality/grade/train/Grade-1/Aseel__Medium__92.jpg,488.6241149902344,302.0448913574219,112990.0
/Users/ayush/Downloads/date-fruit-quality-ml/data/kaggle/grading/Gajar/Medium/Grade-1/30.jpg,Gajar,Medium,Grade-1,train,/Users/ayush/Downloads/date-fruit-quality-ml/data/quality/grade/train/Grade-1/Gajar__Medium__30.jpg,580.7427978515625,282.035400390625,132541.5
/Users/ayush/Downloads/date-fruit-quality-ml/data/kaggle/grading/Aseel/Large/Grade-1/37.jpg,Aseel,Large,Grade-1,train,/Users/ayush/Downloads/date-fruit-quality-ml/data/quality/grade/train/Grade-1/Aseel__Large__37.jpg,546.0317993164062,271.92449951171875,128542.5
/Users/ayush/Downloads/date-fruit-quality-ml/data/kaggle/grading/Kupro/Large/Grade-1/276.jpg,Kupro,Large,Grade-1,train,/Users/ayush/Downloads/date-fruit-quality-ml/data/quality/grade/train/Grade-1/Kupro__Large__276.jpg,482.4594421386719,366.9725036621094,137008.0
/Users/ayush/Downloads/date-fruit-quality-ml/data/kaggle/grading/Kupro/Large/Grade-1/225.jpg,Kupro,Large,Grade-1,train,/Users/ayush/Downloads/date-fruit-quality-ml/data/quality/grade/train/Grade-1/Kupro__Large__225.jpg,491.5901794433594,387.3240661621094,147461.5
/Users/ayush/Downloads/date-fruit-quality-ml/data/kaggle/grading/Kupro/Large/Grade-2/25.jpg,Kupro,Large,Grade-2,train,/Users/ayush/Downloads/date-fruit-quality-ml/data/quality/grade/train/Grade-2/Kupro__Large__25.jpg,531.763427734375,345.2490234375,146274.5
/Users/ayush/Downloads/date-fruit-quality-ml/data/kaggle/grading/Gajar/Small/Grade-3/138.jpg,Gajar,Small,Grade-3,train,/Users/ayush/Downloads/date-fruit-quality-ml/data/quality/grade/train/Grade-3/Gajar__Small__138.jpg,556.9447021484375,282.4425964355469,120803.0
/Users/ayush/Downloads/date-fruit-quality-ml/data/kaggle/grading/Gajar/Large/Grade-1/153.jpg,Gajar,Large,Grade-1,train,/Users/ayush/Downloads/date-fruit-quality-ml/data/quality/grade/train/Grade-1/Gajar__Large__153.jpg,652.2626953125,307.8916320800781,158792.0
/Users/ayush/Downloads/date-fruit-quality-ml/data/kaggle/grading/Fasli Toto/Large/Grade-1/39.jpg,Fasli Toto,Large,Grade-1,train,/Users/ayush/Downloads/date-fruit-quality-ml/data/quality/grade/train/Grade-1/Fasli-Toto__Large__39.jpg,473.9209289550781,329.9888610839844,122539.5
/Users/ayush/Downloads/date-fruit-quality-ml/data/kaggle/grading/Kupro/Large/Grade-1/188.jpg,Kupro,Large,Grade-1,train,/Users/ayush/Downloads/date-fruit-quality-ml/data/quality/grade/train/Grade-1/Kupro__Large__188.jpg,467.1831359863281,351.4554443359375,131153.0
/Users/ayush/Downloads/date-fruit-quality-ml/data/kaggle/grading/Gajar/Small/Grade-3/178.jpg,Gajar,Small,Grade-3,train,/Users/ayush/Downloads/date-fruit-quality-ml/data/quality/grade/train/Grade-3/Gajar__Small__178.jpg,519.9069213867188,266.470947265625,116887.5
/Users/ayush/Downloads/date-fruit-quality-ml/data/kaggle/grading/Kupro/Large/Grade-1/116.jpg,Kupro,Large,Grade-1,train,/Users/ayush/Downloads/date-fruit-quality-ml/data/quality/grade/train/Grade-1/Kupro__Large__116.jpg,525.3980712890625,355.6763610839844,148739.0
/Users/ayush/Downloads/date-fruit-quality-ml/data/kaggle/grading/Fasli Toto/Large/Grade-1/21.jpg,Fasli Toto,Large,Grade-1,train,/Users/ayush/Downloads/date-fruit-quality-ml/data/quality/grade/train/Grade-1/Fasli-Toto__Large__21.jpg,501.51959228515625,273.1148986816406,113075.0
/Users/ayush/Downloads/date-fruit-quality-ml/data/kaggle/grading/Fasli Toto/Medium/Grade-1/61.jpg,Fasli Toto,Medium,Grade-1,train,/Users/ayush/Downloads/date-fruit-quality-ml/data/quality/grade/train/Grade-1/Fasli-Toto__Medium__61.jpg,392.3935241699219,274.3857116699219,89869.0
/Users/ayush/Downloads/date-fruit-quality-ml/data/kaggle/grading/Gajar/Medium/Grade-1/141.jpg,Gajar,Medium,Grade-1,train,/Users/ayush/Downloads/date-fruit-quality-ml/data/quality/grade/train/Grade-1/Gajar__Medium__141.jpg,573.3160400390625,262.9673767089844,123579.0
/Users/ayush/Downloads/date-fruit-quality-ml/data/kaggle/grading/Gajar/Medium/Grade-1/89.jpg,Gajar,Medium,Grade-1,train,/Users/ayush/Downloads/date-fruit-quality-ml/data/quality/grade/train/Grade-1/Gajar__Medium__89.jpg,516.1114501953125,253.7653350830078,109956.0
/Users/ayush/Downloads/date-fruit-quality-ml/data/kaggle/grading/Gajar/Medium/Grade-1/127.jpg,Gajar,Medium,Grade-1,train,/Users/ayush/Downloads/date-fruit-quality-ml/data/quality/grade/train/Grade-1/Gajar__Medium__127.jpg,587.7302856445312,274.56927490234375,136599.5
/Users/ayush/Downloads/date-fruit-quality-ml/data/kaggle/grading/Fasli Toto/Medium/Grade-1/87.jpg,Fasli Toto,Medium,Grade-1,train,/Users/ayush/Downloads/date-fruit-quality-ml/data/quality/grade/train/Grade-1/Fasli-Toto__Medium__87.jpg,393.0552062988281,294.91961669921875,87495.0
/Users/ayush/Downloads/date-fruit-quality-ml/data/kaggle/grading/Gajar/Small/Grade-1/20.jpg,Gajar,Small,Grade-1,train,/Users/ayush/Downloads/date-fruit-quality-ml/data/quality/grade/train/Grade-1/Gajar__Small__20.jpg,581.0,256.0,123552.0
/Users/ayush/Downloads/date-fruit-quality-ml/data/kaggle/grading/Gajar/Medium/Grade-1/37.jpg,Gajar,Medium,Grade-1,train,/Users/ayush/Downloads/date-fruit-quality-ml/data/quality/grade/train/Grade-1/Gajar__Medium__37.jpg,562.4921875,267.51739501953125,126184.0
/Users/ayush/Downloads/date-fruit-quality-ml/data/kaggle/grading/Aseel/Medium/Grade-1/101.jpg,Aseel,Medium,Grade-1,train,/Users/ayush/Downloads/date-fruit-quality-ml/data/quality/grade/train/Grade-1/Aseel__Medium__101.jpg,473.89874267578125,304.809326171875,114733.0
/Users/ayush/Downloads/date-fruit-quality-ml/data/kaggle/grading/Fasli Toto/Large/Grade-1/116.jpg,Fasli Toto,Large,Grade-1,train,/Users/ayush/Downloads/date-fruit-quality-ml/data/quality/grade/train/Grade-1/Fasli-Toto__Large__116.jpg,463.345947265625,280.14093017578125,105592.5
/Users/ayush/Downloads/date-fruit-quality-ml/data/kaggle/grading/Gajar/Medium/Grade-1/4.jpg,Gajar,Medium,Grade-1,train,/Users/ayush/Downloads/date-fruit-quality-ml/data/quality/grade/train/Grade-1/Gajar__Medium__4.jpg,566.5726318359375,269.97760009765625,129530.5
/Users/ayush/Downloads/date-fruit-quality-ml/data/kaggle/grading/Gajar/Small/Grade-3/30.jpg,Gajar,Small,Grade-3,train,/Users/ayush/Downloads/date-fruit-quality-ml/data/quality/grade/train/Grade-3/Gajar__Small__30.jpg,538.6378784179688,244.4900360107422,111841.5
/Users/ayush/Downloads/date-fruit-quality-ml/data/kaggle/grading/Gajar/Medium/Grade-3/32.jpg,Gajar,Medium,Grade-3,train,/Users/ayush/Downloads/date-fruit-quality-ml/data/quality/grade/train/Grade-3/Gajar__Medium__32.jpg,601.150146484375,268.8193054199219,133973.5
/Users/ayush/Downloads/date-fruit-quality-ml/data/kaggle/grading/Aseel/Small/Grade-1/41.jpg,Aseel,Small,Grade-1,train,/Users/ayush/Downloads/date-fruit-quality-ml/data/quality/grade/train/Grade-1/Aseel__Small__41.jpg,466.61407470703125,242.72494506835938,90426.5
/Users/ayush/Downloads/date-fruit-quality-ml/data/kaggle/grading/Kupro/Large/Grade-2/45.jpg,Kupro,Large,Grade-2,train,/Users/ayush/Downloads/date-fruit-quality-ml/data/quality/grade/train/Grade-2/Kupro__Large__45.jpg,449.2492370605469,343.3525085449219,121824.5
/Users/ayush/Downloads/date-fruit-quality-ml/data/kaggle/grading/Fasli Toto/Medium/Grade-1/101.jpg,Fasli Toto,Medium,Grade-1,train,/Users/ayush/Downloads/date-fruit-quality-ml/data/quality/grade/train/Grade-1/Fasli-Toto__Medium__101.jpg,442.6789245605469,258.4352722167969,85441.5
/Users/ayush/Downloads/date-fruit-quality-ml/data/kaggle/grading/Kupro/Large/Grade-3/104.jpg,Kupro,Large,Grade-3,train,/Users/ayush/Downloads/date-fruit-quality-ml/data/quality/grade/train/Grade-3/Kupro__Large__104.jpg,476.0,358.0,133903.5
/Users/ayush/Downloads/date-fruit-quality-ml/data/kaggle/grading/Kupro/Large/Grade-2/46.jpg,Kupro,Large,Grade-2,train,/Users/ayush/Downloads/date-fruit-quality-ml/data/quality/grade/train/Grade-2/Kupro__Large__46.jpg,457.9872741699219,328.4600524902344,119634.5
/Users/ayush/Downloads/date-fruit-quality-ml/data/kaggle/grading/Gajar/Medium/Grade-3/38.jpg,Gajar,Medium,Grade-3,train,/Users/ayush/Downloads/date-fruit-quality-ml/data/quality/grade/train/Grade-3/Gajar__Medium__38.jpg,531.8873901367188,251.37911987304688,112957.0
/Users/ayush/Downloads/date-fruit-quality-ml/data/kaggle/grading/Gajar/Small/Grade-3/19.jpg,Gajar,Small,Grade-3,train,/Users/ayush/Downloads/date-fruit-quality-ml/data/quality/grade/train/Grade-3/Gajar__Small__19.jpg,568.2786254882812,256.1617126464844,115121.0
/Users/ayush/Downloads/date-fruit-quality-ml/data/kaggle/grading/Gajar/Medium/Grade-1/86.jpg,Gajar,Medium,Grade-1,train,/Users/ayush/Downloads/date-fruit-quality-ml/data/quality/grade/train/Grade-1/Gajar__Medium__86.jpg,585.9173583984375,285.826904296875,133659.5
/Users/ayush/Downloads/date-fruit-quality-ml/data/kaggle/grading/Kupro/Large/Grade-1/177.jpg,Kupro,Large,Grade-1,train,/Users/ayush/Downloads/date-fruit-quality-ml/data/quality/grade/train/Grade-1/Kupro__Large__177.jpg,519.0,358.0,145853.0
/Users/ayush/Downloads/date-fruit-quality-ml/data/kaggle/grading/Gajar/Large/Grade-3/58.jpg,Gajar,Large,Grade-3,train,/Users/ayush/Downloads/date-fruit-quality-ml/data/quality/grade/train/Grade-3/Gajar__Large__58.jpg,599.2555541992188,254.99574279785156,128588.0
/Users/ayush/Downloads/date-fruit-quality-ml/data/kaggle/grading/Aseel/Small/Grade-1/128.jpg,Aseel,Small,Grade-1,train,/Users/ayush/Downloads/date-fruit-quality-ml/data/quality/grade/train/Grade-1/Aseel__Small__128.jpg,419.009765625,272.531494140625,86236.5
/Users/ayush/Downloads/date-fruit-quality-ml/data/kaggle/grading/Aseel/Large/Grade-1/32.jpg,Aseel,Large,Grade-1,train,/Users/ayush/Downloads/date-fruit-quality-ml/data/quality/grade/train/Grade-1/Aseel__Large__32.jpg,506.0613098144531,344.70098876953125,137228.0
/Users/ayush/Downloads/date-fruit-quality-ml/data/kaggle/grading/Gajar/Medium/Grade-1/29.jpg,Gajar,Medium,Grade-1,train,/Users/ayush/Downloads/date-fruit-quality-ml/data/quality/grade/train/Grade-1/Gajar__Medium__29.jpg,601.9163208007812,282.89178466796875,137545.0
/Users/ayush/Downloads/date-fruit-quality-ml/data/kaggle/grading/Gajar/Small/Grade-3/61.jpg,Gajar,Small,Grade-3,train,/Users/ayush/Downloads/date-fruit-quality-ml/data/quality/grade/train/Grade-3/Gajar__Small__61.jpg,571.434814453125,263.84716796875,122433.5
/Users/ayush/Downloads/date-fruit-quality-ml/data/kaggle/grading/Gajar/Large/Grade-1/165.jpg,Gajar,Large,Grade-1,train,/Users/ayush/Downloads/date-fruit-quality-ml/data/quality/grade/train/Grade-1/Gajar__Large__165.jpg,671.420166015625,276.285888671875,157823.5
/Users/ayush/Downloads/date-fruit-quality-ml/data/kaggle/grading/Aseel/Small/Grade-1/42.jpg,Aseel,Small,Grade-1,train,/Users/ayush/Downloads/date-fruit-quality-ml/data/quality/grade/train/Grade-1/Aseel__Small__42.jpg,466.4290466308594,270.1800231933594,101008.0
/Users/ayush/Downloads/date-fruit-quality-ml/data/kaggle/grading/Kupro/Large/Grade-3/27.jpg,Kupro,Large,Grade-3,train,/Users/ayush/Downloads/date-fruit-quality-ml/data/quality/grade/train/Grade-3/Kupro__Large__27.jpg,493.3816223144531,329.15380859375,129011.0
/Users/ayush/Downloads/date-fruit-quality-ml/data/kaggle/grading/Kupro/Large/Grade-2/272.jpg,Kupro,Large,Grade-2,train,/Users/ayush/Downloads/date-fruit-quality-ml/data/quality/grade/train/Grade-2/Kupro__Large__272.jpg,495.7642822265625,320.0580139160156,127628.5
/Users/ayush/Downloads/date-fruit-quality-ml/data/kaggle/grading/Gajar/Large/Grade-1/124.jpg,Gajar,Large,Grade-1,train,/Users/ayush/Downloads/date-fruit-quality-ml/data/quality/grade/train/Grade-1/Gajar__Large__124.jpg,626.36767578125,288.44720458984375,148707.5
/Users/ayush/Downloads/date-fruit-quality-ml/data/kaggle/grading/Gajar/Large/Grade-1/112.jpg,Gajar,Large,Grade-1,train,/Users/ayush/Downloads/date-fruit-quality-ml/data/quality/grade/train/Grade-1/Gajar__Large__112.jpg,640.7044677734375,313.26959228515625,164355.0
/Users/ayush/Downloads/date-fruit-quality-ml/data/kaggle/grading/Gajar/Medium/Grade-3/64.jpg,Gajar,Medium,Grade-3,train,/Users/ayush/Downloads/date-fruit-quality-ml/data/quality/grade/train/Grade-3/Gajar__Medium__64.jpg,545.9337158203125,246.67845153808594,111540.0
/Users/ayush/Downloads/date-fruit-quality-ml/data/kaggle/grading/Gajar/Small/Grade-1/105.jpg,Gajar,Small,Grade-1,train,/Users/ayush/Downloads/date-fruit-quality-ml/data/quality/grade/train/Grade-1/Gajar__Small__105.jpg,591.0286865234375,264.87890625,129468.0
/Users/ayush/Downloads/date-fruit-quality-ml/data/kaggle/grading/Gajar/Small/Grade-3/33.jpg,Gajar,Small,Grade-3,train,/Users/ayush/Downloads/date-fruit-quality-ml/data/quality/grade/train/Grade-3/Gajar__Small__33.jpg,580.9005126953125,257.0478515625,126009.0
/Users/ayush/Downloads/date-fruit-quality-ml/data/kaggle/grading/Gajar/Medium/Grade-3/49.jpg,Gajar,Medium,Grade-3,train,/Users/ayush/Downloads/date-fruit-quality-ml/data/quality/grade/train/Grade-3/Gajar__Medium__49.jpg,583.1574096679688,306.113037109375,142850.0
/Users/ayush/Downloads/date-fruit-quality-ml/data/kaggle/grading/Gajar/Large/Grade-2/110.jpg,Gajar,Large,Grade-2,train,/Users/ayush/Downloads/date-fruit-quality-ml/data/quality/grade/train/Grade-2/Gajar__Large__110.jpg,646.2233276367188,308.86627197265625,163862.0
/Users/ayush/Downloads/date-fruit-quality-ml/data/kaggle/grading/Gajar/Large/Grade-3/102.jpg,Gajar,Large,Grade-3,train,/Users/ayush/Downloads/date-fruit-quality-ml/data/quality/grade/train/Grade-3/Gajar__Large__102.jpg,644.1804809570312,283.49151611328125,156375.0
/Users/ayush/Downloads/date-fruit-quality-ml/data/kaggle/grading/Aseel/Small/Grade-1/67.jpg,Aseel,Small,Grade-1,train,/Users/ayush/Downloads/date-fruit-quality-ml/data/quality/grade/train/Grade-1/Aseel__Small__67.jpg,469.0041809082031,280.8858642578125,102769.0
/Users/ayush/Downloads/date-fruit-quality-ml/data/kaggle/grading/Gajar/Small/Grade-1/67.jpg,Gajar,Small,Grade-1,train,/Users/ayush/Downloads/date-fruit-quality-ml/data/quality/grade/train/Grade-1/Gajar__Small__67.jpg,479.00067138671875,283.6424865722656,111593.0
/Users/ayush/Downloads/date-fruit-quality-ml/data/kaggle/grading/Kupro/Large/Grade-2/93.jpg,Kupro,Large,Grade-2,train,/Users/ayush/Downloads/date-fruit-quality-ml/data/quality/grade/train/Grade-2/Kupro__Large__93.jpg,489.2808532714844,386.5632019042969,149950.0
/Users/ayush/Downloads/date-fruit-quality-ml/data/kaggle/grading/Gajar/Large/Grade-2/42.jpg,Gajar,Large,Grade-2,train,/Users/ayush/Downloads/date-fruit-quality-ml/data/quality/grade/train/Grade-2/Gajar__Large__42.jpg,654.8602294921875,286.7461853027344,156143.0
/Users/ayush/Downloads/date-fruit-quality-ml/data/kaggle/grading/Fasli Toto/Small/Grade-1/73.jpg,Fasli Toto,Small,Grade-1,train,/Users/ayush/Downloads/date-fruit-quality-ml/data/quality/grade/train/Grade-1/Fasli-Toto__Small__73.jpg,361.1577453613281,271.341552734375,78610.0
/Users/ayush/Downloads/date-fruit-quality-ml/data/kaggle/grading/Gajar/Small/Grade-2/53.jpg,Gajar,Small,Grade-2,train,/Users/ayush/Downloads/date-fruit-quality-ml/data/quality/grade/train/Grade-2/Gajar__Small__53.jpg,575.305908203125,264.06817626953125,128716.5
/Users/ayush/Downloads/date-fruit-quality-ml/data/kaggle/grading/Kupro/Large/Grade-1/214.jpg,Kupro,Large,Grade-1,train,/Users/ayush/Downloads/date-fruit-quality-ml/data/quality/grade/train/Grade-1/Kupro__Large__214.jpg,512.2863159179688,351.83685302734375,139957.0
/Users/ayush/Downloads/date-fruit-quality-ml/data/kaggle/grading/Kupro/Large/Grade-1/222.jpg,Kupro,Large,Grade-1,train,/Users/ayush/Downloads/date-fruit-quality-ml/data/quality/grade/train/Grade-1/Kupro__Large__222.jpg,479.8389587402344,317.2915954589844,121609.0
/Users/ayush/Downloads/date-fruit-quality-ml/data/kaggle/grading/Gajar/Large/Grade-2/56.jpg,Gajar,Large,Grade-2,train,/Users/ayush/Downloads/date-fruit-quality-ml/data/quality/grade/train/Grade-2/Gajar__Large__56.jpg,652.1243896484375,306.78472900390625,168618.5
/Users/ayush/Downloads/date-fruit-quality-ml/data/kaggle/grading/Gajar/Large/Grade-3/35.jpg,Gajar,Large,Grade-3,train,/Users/ayush/Downloads/date-fruit-quality-ml/data/quality/grade/train/Grade-3/Gajar__Large__35.jpg,652.0863647460938,291.5906677246094,158212.0
/Users/ayush/Downloads/date-fruit-quality-ml/data/kaggle/grading/Kupro/Large/Grade-2/166.jpg,Kupro,Large,Grade-2,train,/Users/ayush/Downloads/date-fruit-quality-ml/data/quality/grade/train/Grade-2/Kupro__Large__166.jpg,575.73828125,334.5417785644531,147801.0
/Users/ayush/Downloads/date-fruit-quality-ml/data/kaggle/grading/Kupro/Large/Grade-1/135.jpg,Kupro,Large,Grade-1,train,/Users/ayush/Downloads/date-fruit-quality-ml/data/quality/grade/train/Grade-1/Kupro__Large__135.jpg,524.5244750976562,373.0913391113281,150569.0
/Users/ayush/Downloads/date-fruit-quality-ml/data/kaggle/grading/Gajar/Small/Grade-3/198.jpg,Gajar,Small,Grade-3,train,/Users/ayush/Downloads/date-fruit-quality-ml/data/quality/grade/train/Grade-3/Gajar__Small__198.jpg,525.9689331054688,244.40255737304688,109821.5
/Users/ayush/Downloads/date-fruit-quality-ml/data/kaggle/grading/Gajar/Large/Grade-1/107.jpg,Gajar,Large,Grade-1,train,/Users/ayush/Downloads/date-fruit-quality-ml/data/quality/grade/train/Grade-1/Gajar__Large__107.jpg,585.6259155273438,278.60009765625,132691.5
/Users/ayush/Downloads/date-fruit-quality-ml/data/kaggle/grading/Gajar/Large/Grade-3/29.jpg,Gajar,Large,Grade-3,train,/Users/ayush/Downloads/date-fruit-quality-ml/data/quality/grade/train/Grade-3/Gajar__Large__29.jpg,624.0758666992188,266.3009948730469,141138.0
/Users/ayush/Downloads/date-fruit-quality-ml/data/kaggle/grading/Gajar/Large/Grade-1/43.jpg,Gajar,Large,Grade-1,train,/Users/ayush/Downloads/date-fruit-quality-ml/data/quality/grade/train/Grade-1/Gajar__Large__43.jpg,670.0211181640625,290.6734924316406,157243.5
/Users/ayush/Downloads/date-fruit-quality-ml/data/kaggle/grading/Gajar/Large/Grade-3/79.jpg,Gajar,Large,Grade-3,train,/Users/ayush/Downloads/date-fruit-quality-ml/data/quality/grade/train/Grade-3/Gajar__Large__79.jpg,673.7230834960938,313.5495910644531,168524.0
/Users/ayush/Downloads/date-fruit-quality-ml/data/kaggle/grading/Aseel/Large/Grade-1/116.jpg,Aseel,Large,Grade-1,train,/Users/ayush/Downloads/date-fruit-quality-ml/data/quality/grade/train/Grade-1/Aseel__Large__116.jpg,524.0,308.0,128741.0
/Users/ayush/Downloads/date-fruit-quality-ml/data/kaggle/grading/Gajar/Small/Grade-3/6.jpg,Gajar,Small,Grade-3,train,/Users/ayush/Downloads/date-fruit-quality-ml/data/quality/grade/train/Grade-3/Gajar__Small__6.jpg,546.1726684570312,269.4682312011719,121194.5
/Users/ayush/Downloads/date-fruit-quality-ml/data/kaggle/grading/Aseel/Small/Grade-1/151.jpg,Aseel,Small,Grade-1,train,/Users/ayush/Downloads/date-fruit-quality-ml/data/quality/grade/train/Grade-1/Aseel__Small__151.jpg,461.14190673828125,270.253173828125,100136.0
/Users/ayush/Downloads/date-fruit-quality-ml/data/kaggle/grading/Aseel/Medium/Grade-1/37.jpg,Aseel,Medium,Grade-1,train,/Users/ayush/Downloads/date-fruit-quality-ml/data/quality/grade/train/Grade-1/Aseel__Medium__37.jpg,502.0,302.0,120147.5
/Users/ayush/Downloads/date-fruit-quality-ml/data/kaggle/grading/Kupro/Large/Grade-1/165.jpg,Kupro,Large,Grade-1,train,/Users/ayush/Downloads/date-fruit-quality-ml/data/quality/grade/train/Grade-1/Kupro__Large__165.jpg,507.61260986328125,342.43084716796875,137814.5
/Users/ayush/Downloads/date-fruit-quality-ml/data/kaggle/grading/Fasli Toto/Large/Grade-1/86.jpg,Fasli Toto,Large,Grade-1,train,/Users/ayush/Downloads/date-fruit-quality-ml/data/quality/grade/train/Grade-1/Fasli-Toto__Large__86.jpg,474.4810485839844,385.54571533203125,134045.0
/Users/ayush/Downloads/date-fruit-quality-ml/data/kaggle/grading/Gajar/Small/Grade-2/40.jpg,Gajar,Small,Grade-2,train,/Users/ayush/Downloads/date-fruit-quality-ml/data/quality/grade/train/Grade-2/Gajar__Small__40.jpg,535.2554321289062,291.0393371582031,128182.0
/Users/ayush/Downloads/date-fruit-quality-ml/data/kaggle/grading/Kupro/Large/Grade-2/267.jpg,Kupro,Large,Grade-2,train,/Users/ayush/Downloads/date-fruit-quality-ml/data/quality/grade/train/Grade-2/Kupro__Large__267.jpg,482.81268310546875,344.5882873535156,131864.0
/Users/ayush/Downloads/date-fruit-quality-ml/data/kaggle/grading/Kupro/Large/Grade-2/226.jpg,Kupro,Large,Grade-2,train,/Users/ayush/Downloads/date-fruit-quality-ml/data/quality/grade/train/Grade-2/Kupro__Large__226.jpg,533.8094482421875,326.4939880371094,135973.0
/Users/ayush/Downloads/date-fruit-quality-ml/data/kaggle/grading/Aseel/Large/Grade-1/50.jpg,Aseel,Large,Grade-1,train,/Users/ayush/Downloads/date-fruit-quality-ml/data/quality/grade/train/Grade-1/Aseel__Large__50.jpg,509.0248718261719,297.6101989746094,122691.5
/Users/ayush/Downloads/date-fruit-quality-ml/data/kaggle/grading/Kupro/Large/Grade-1/308.jpg,Kupro,Large,Grade-1,train,/Users/ayush/Downloads/date-fruit-quality-ml/data/quality/grade/train/Grade-1/Kupro__Large__308.jpg,496.8426513671875,352.25189208984375,137520.5
/Users/ayush/Downloads/date-fruit-quality-ml/data/kaggle/grading/Gajar/Medium/Grade-2/6.jpg,Gajar,Medium,Grade-2,train,/Users/ayush/Downloads/date-fruit-quality-ml/data/quality/grade/train/Grade-2/Gajar__Medium__6.jpg,585.2206420898438,252.8649139404297,123968.5
/Users/ayush/Downloads/date-fruit-quality-ml/data/kaggle/grading/Aseel/Small/Grade-1/44.jpg,Aseel,Small,Grade-1,train,/Users/ayush/Downloads/date-fruit-quality-ml/data/quality/grade/train/Grade-1/Aseel__Small__44.jpg,466.0,275.0,101986.0
/Users/ayush/Downloads/date-fruit-quality-ml/data/kaggle/grading/Gajar/Large/Grade-3/44.jpg,Gajar,Large,Grade-3,train,/Users/ayush/Downloads/date-fruit-quality-ml/data/quality/grade/train/Grade-3/Gajar__Large__44.jpg,638.2274169921875,259.41485595703125,134914.5
/Users/ayush/Downloads/date-fruit-quality-ml/data/kaggle/grading/Kupro/Large/Grade-2/116.jpg,Kupro,Large,Grade-2,train,/Users/ayush/Downloads/date-fruit-quality-ml/data/quality/grade/train/Grade-2/Kupro__Large__116.jpg,502.2995300292969,352.30950927734375,140622.5
/Users/ayush/Downloads/date-fruit-quality-ml/data/kaggle/grading/Gajar/Large/Grade-2/54.jpg,Gajar,Large,Grade-2,train,/Users/ayush/Downloads/date-fruit-quality-ml/data/quality/grade/train/Grade-2/Gajar__Large__54.jpg,640.519287109375,289.80609130859375,161794.0
/Users/ayush/Downloads/date-fruit-quality-ml/data/kaggle/grading/Fasli Toto/Large/Grade-1/53.jpg,Fasli Toto,Large,Grade-1,train,/Users/ayush/Downloads/date-fruit-quality-ml/data/quality/grade/train/Grade-1/Fasli-Toto__Large__53.jpg,507.36981201171875,280.78302001953125,118397.0
/Users/ayush/Downloads/date-fruit-quality-ml/data/kaggle/grading/Kupro/Large/Grade-3/97.jpg,Kupro,Large,Grade-3,train,/Users/ayush/Downloads/date-fruit-quality-ml/data/quality/grade/train/Grade-3/Kupro__Large__97.jpg,526.461669921875,374.3446044921875,148777.5
/Users/ayush/Downloads/date-fruit-quality-ml/data/kaggle/grading/Aseel/Small/Grade-1/167.jpg,Aseel,Small,Grade-1,train,/Users/ayush/Downloads/date-fruit-quality-ml/data/quality/grade/train/Grade-1/Aseel__Small__167.jpg,412.9905700683594,293.32586669921875,92628.0
/Users/ayush/Downloads/date-fruit-quality-ml/data/kaggle/grading/Aseel/Small/Grade-1/110.jpg,Aseel,Small,Grade-1,train,/Users/ayush/Downloads/date-fruit-quality-ml/data/quality/grade/train/Grade-1/Aseel__Small__110.jpg,473.75079345703125,257.7205505371094,92954.5
/Users/ayush/Downloads/date-fruit-quality-ml/data/kaggle/grading/Gajar/Small/Grade-3/63.jpg,Gajar,Small,Grade-3,train,/Users/ayush/Downloads/date-fruit-quality-ml/data/quality/grade/train/Grade-3/Gajar__Small__63.jpg,552.1554565429688,288.53948974609375,125791.5
/Users/ayush/Downloads/date-fruit-quality-ml/data/kaggle/grading/Gajar/Medium/Grade-2/52.jpg,Gajar,Medium,Grade-2,train,/Users/ayush/Downloads/date-fruit-quality-ml/data/quality/grade/train/Grade-2/Gajar__Medium__52.jpg,574.0,259.0,124147.5
/Users/ayush/Downloads/date-fruit-quality-ml/data/kaggle/grading/Gajar/Medium/Grade-2/23.jpg,Gajar,Medium,Grade-2,train,/Users/ayush/Downloads/date-fruit-quality-ml/data/quality/grade/train/Grade-2/Gajar__Medium__23.jpg,580.8541870117188,281.7175598144531,129585.5
/Users/ayush/Downloads/date-fruit-quality-ml/data/kaggle/grading/Gajar/Medium/Grade-1/68.jpg,Gajar,Medium,Grade-1,train,/Users/ayush/Downloads/date-fruit-quality-ml/data/quality/grade/train/Grade-1/Gajar__Medium__68.jpg,582.7477416992188,248.26327514648438,127008.0
/Users/ayush/Downloads/date-fruit-quality-ml/data/kaggle/grading/Gajar/Small/Grade-1/162.jpg,Gajar,Small,Grade-1,train,/Users/ayush/Downloads/date-fruit-quality-ml/data/quality/grade/train/Grade-1/Gajar__Small__162.jpg,565.464111328125,281.69573974609375,134302.5
/Users/ayush/Downloads/date-fruit-quality-ml/data/kaggle/grading/Aseel/Large/Grade-1/129.jpg,Aseel,Large,Grade-1,train,/Users/ayush/Downloads/date-fruit-quality-ml/data/quality/grade/train/Grade-1/Aseel__Large__129.jpg,543.8366088867188,328.9351806640625,147909.5
/Users/ayush/Downloads/date-fruit-quality-ml/data/kaggle/grading/Fasli Toto/Large/Grade-1/95.jpg,Fasli Toto,Large,Grade-1,train,/Users/ayush/Downloads/date-fruit-quality-ml/data/quality/grade/train/Grade-1/Fasli-Toto__Large__95.jpg,457.7621154785156,306.6895751953125,114543.0
/Users/ayush/Downloads/date-fruit-quality-ml/data/kaggle/grading/Aseel/Small/Grade-1/126.jpg,Aseel,Small,Grade-1,train,/Users/ayush/Downloads/date-fruit-quality-ml/data/quality/grade/train/Grade-1/Aseel__Small__126.jpg,457.8577575683594,262.181396484375,96048.0
/Users/ayush/Downloads/date-fruit-quality-ml/data/kaggle/grading/Kupro/Large/Grade-2/268.jpg,Kupro,Large,Grade-2,train,/Users/ayush/Downloads/date-fruit-quality-ml/data/quality/grade/train/Grade-2/Kupro__Large__268.jpg,548.9517822265625,368.52801513671875,147979.5
/Users/ayush/Downloads/date-fruit-quality-ml/data/kaggle/grading/Gajar/Medium/Grade-3/17.jpg,Gajar,Medium,Grade-3,train,/Users/ayush/Downloads/date-fruit-quality-ml/data/quality/grade/train/Grade-3/Gajar__Medium__17.jpg,502.0,240.0,103309.0
/Users/ayush/Downloads/date-fruit-quality-ml/data/kaggle/grading/Kupro/Large/Grade-2/38.jpg,Kupro,Large,Grade-2,train,/Users/ayush/Downloads/date-fruit-quality-ml/data/quality/grade/train/Grade-2/Kupro__Large__38.jpg,507.1313171386719,328.562255859375,133800.0
/Users/ayush/Downloads/date-fruit-quality-ml/data/kaggle/grading/Gajar/Medium/Grade-1/79.jpg,Gajar,Medium,Grade-1,train,/Users/ayush/Downloads/date-fruit-quality-ml/data/quality/grade/train/Grade-1/Gajar__Medium__79.jpg,578.957275390625,258.50714111328125,124333.0
/Users/ayush/Downloads/date-fruit-quality-ml/data/kaggle/grading/Aseel/Large/Grade-1/125.jpg,Aseel,Large,Grade-1,train,/Users/ayush/Downloads/date-fruit-quality-ml/data/quality/grade/train/Grade-1/Aseel__Large__125.jpg,482.92669677734375,316.94793701171875,121881.0
/Users/ayush/Downloads/date-fruit-quality-ml/data/kaggle/grading/Gajar/Medium/Grade-1/17.jpg,Gajar,Medium,Grade-1,train,/Users/ayush/Downloads/date-fruit-quality-ml/data/quality/grade/train/Grade-1/Gajar__Medium__17.jpg,575.5774536132812,269.15972900390625,127868.5
/Users/ayush/Downloads/date-fruit-quality-ml/data/kaggle/grading/Gajar/Medium/Grade-1/58.jpg,Gajar,Medium,Grade-1,train,/Users/ayush/Downloads/date-fruit-quality-ml/data/quality/grade/train/Grade-1/Gajar__Medium__58.jpg,542.940185546875,261.12750244140625,116965.0
/Users/ayush/Downloads/date-fruit-quality-ml/data/kaggle/grading/Kupro/Large/Grade-1/41.jpg,Kupro,Large,Grade-1,train,/Users/ayush/Downloads/date-fruit-quality-ml/data/quality/grade/train/Grade-1/Kupro__Large__41.jpg,473.6191711425781,358.3736877441406,139974.5
/Users/ayush/Downloads/date-fruit-quality-ml/data/kaggle/grading/Kupro/Large/Grade-1/290.jpg,Kupro,Large,Grade-1,train,/Users/ayush/Downloads/date-fruit-quality-ml/data/quality/grade/train/Grade-1/Kupro__Large__290.jpg,504.0,339.0,135645.0
/Users/ayush/Downloads/date-fruit-quality-ml/data/kaggle/grading/Gajar/Small/Grade-3/191.jpg,Gajar,Small,Grade-3,train,/Users/ayush/Downloads/date-fruit-quality-ml/data/quality/grade/train/Grade-3/Gajar__Small__191.jpg,566.1096801757812,277.610107421875,126232.5
/Users/ayush/Downloads/date-fruit-quality-ml/data/kaggle/grading/Gajar/Small/Grade-2/51.jpg,Gajar,Small,Grade-2,train,/Users/ayush/Downloads/date-fruit-quality-ml/data/quality/grade/train/Grade-2/Gajar__Small__51.jpg,583.4811401367188,247.3612518310547,114342.0
/Users/ayush/Downloads/date-fruit-quality-ml/data/kaggle/grading/Fasli Toto/Medium/Grade-1/103.jpg,Fasli Toto,Medium,Grade-1,train,/Users/ayush/Downloads/date-fruit-quality-ml/data/quality/grade/train/Grade-1/Fasli-Toto__Medium__103.jpg,432.0,268.0,87176.0
/Users/ayush/Downloads/date-fruit-quality-ml/data/kaggle/grading/Fasli Toto/Large/Grade-1/18.jpg,Fasli Toto,Large,Grade-1,train,/Users/ayush/Downloads/date-fruit-quality-ml/data/quality/grade/train/Grade-1/Fasli-Toto__Large__18.jpg,431.6916198730469,291.2734680175781,101746.5
/Users/ayush/Downloads/date-fruit-quality-ml/data/kaggle/grading/Fasli Toto/Small/Grade-1/84.jpg,Fasli Toto,Small,Grade-1,train,/Users/ayush/Downloads/date-fruit-quality-ml/data/quality/grade/train/Grade-1/Fasli-Toto__Small__84.jpg,389.1322021484375,264.3895263671875,81129.0
/Users/ayush/Downloads/date-fruit-quality-ml/data/kaggle/grading/Kupro/Large/Grade-2/181.jpg,Kupro,Large,Grade-2,train,/Users/ayush/Downloads/date-fruit-quality-ml/data/quality/grade/train/Grade-2/Kupro__Large__181.jpg,535.9656372070312,362.2010498046875,148244.0
/Users/ayush/Downloads/date-fruit-quality-ml/data/kaggle/grading/Gajar/Small/Grade-1/63.jpg,Gajar,Small,Grade-1,train,/Users/ayush/Downloads/date-fruit-quality-ml/data/quality/grade/train/Grade-1/Gajar__Small__63.jpg,595.90771484375,279.62420654296875,139399.0
/Users/ayush/Downloads/date-fruit-quality-ml/data/kaggle/grading/Kupro/Large/Grade-1/324.jpg,Kupro,Large,Grade-1,train,/Users/ayush/Downloads/date-fruit-quality-ml/data/quality/grade/train/Grade-1/Kupro__Large__324.jpg,468.306884765625,356.0851745605469,129427.0
/Users/ayush/Downloads/date-fruit-quality-ml/data/kaggle/grading/Aseel/Large/Grade-1/71.jpg,Aseel,Large,Grade-1,train,/Users/ayush/Downloads/date-fruit-quality-ml/data/quality/grade/train/Grade-1/Aseel__Large__71.jpg,551.9203491210938,330.1888732910156,147025.0
/Users/ayush/Downloads/date-fruit-quality-ml/data/kaggle/grading/Kupro/Large/Grade-1/61.jpg,Kupro,Large,Grade-1,train,/Users/ayush/Downloads/date-fruit-quality-ml/data/quality/grade/train/Grade-1/Kupro__Large__61.jpg,505.68768310546875,386.82159423828125,150822.5
/Users/ayush/Downloads/date-fruit-quality-ml/data/kaggle/grading/Gajar/Large/Grade-1/50.jpg,Gajar,Large,Grade-1,train,/Users/ayush/Downloads/date-fruit-quality-ml/data/quality/grade/train/Grade-1/Gajar__Large__50.jpg,605.2396850585938,300.9051818847656,149862.5
/Users/ayush/Downloads/date-fruit-quality-ml/data/kaggle/grading/Gajar/Small/Grade-1/153.jpg,Gajar,Small,Grade-1,train,/Users/ayush/Downloads/date-fruit-quality-ml/data/quality/grade/train/Grade-1/Gajar__Small__153.jpg,535.1280517578125,234.70596313476562,105502.5
/Users/ayush/Downloads/date-fruit-quality-ml/data/kaggle/grading/Fasli Toto/Medium/Grade-1/113.jpg,Fasli Toto,Medium,Grade-1,train,/Users/ayush/Downloads/date-fruit-quality-ml/data/quality/grade/train/Grade-1/Fasli-Toto__Medium__113.jpg,423.50323486328125,277.5040283203125,90060.0
/Users/ayush/Downloads/date-fruit-quality-ml/data/kaggle/grading/Aseel/Small/Grade-1/75.jpg,Aseel,Small,Grade-1,train,/Users/ayush/Downloads/date-fruit-quality-ml/data/quality/grade/train/Grade-1/Aseel__Small__75.jpg,456.689697265625,264.135009765625,97033.0
/Users/ayush/Downloads/date-fruit-quality-ml/data/kaggle/grading/Kupro/Large/Grade-2/4.jpg,Kupro,Large,Grade-2,train,/Users/ayush/Downloads/date-fruit-quality-ml/data/quality/grade/train/Grade-2/Kupro__Large__4.jpg,480.4754333496094,359.784912109375,136123.0
/Users/ayush/Downloads/date-fruit-quality-ml/data/kaggle/grading/Fasli Toto/Large/Grade-1/35.jpg,Fasli Toto,Large,Grade-1,train,/Users/ayush/Downloads/date-fruit-quality-ml/data/quality/grade/train/Grade-1/Fasli-Toto__Large__35.jpg,462.7051086425781,269.04876708984375,102655.5
/Users/ayush/Downloads/date-fruit-quality-ml/data/kaggle/grading/Gajar/Large/Grade-3/26.jpg,Gajar,Large,Grade-3,train,/Users/ayush/Downloads/date-fruit-quality-ml/data/quality/grade/train/Grade-3/Gajar__Large__26.jpg,585.8944702148438,309.7752685546875,148146.0
/Users/ayush/Downloads/date-fruit-quality-ml/data/kaggle/grading/Aseel/Medium/Grade-1/128.jpg,Aseel,Medium,Grade-1,train,/Users/ayush/Downloads/date-fruit-quality-ml/data/quality/grade/train/Grade-1/Aseel__Medium__128.jpg,475.0,297.0,113729.0
/Users/ayush/Downloads/date-fruit-quality-ml/data/kaggle/grading/Kupro/Large/Grade-2/239.jpg,Kupro,Large,Grade-2,train,/Users/ayush/Downloads/date-fruit-quality-ml/data/quality/grade/train/Grade-2/Kupro__Large__239.jpg,456.31109619140625,350.814208984375,126995.5
/Users/ayush/Downloads/date-fruit-quality-ml/data/kaggle/grading/Kupro/Large/Grade-3/55.jpg,Kupro,Large,Grade-3,train,/Users/ayush/Downloads/date-fruit-quality-ml/data/quality/grade/train/Grade-3/Kupro__Large__55.jpg,457.9903869628906,358.9114074707031,129877.5
/Users/ayush/Downloads/date-fruit-quality-ml/data/kaggle/grading/Gajar/Large/Grade-2/17.jpg,Gajar,Large,Grade-2,train,/Users/ayush/Downloads/date-fruit-quality-ml/data/quality/grade/train/Grade-2/Gajar__Large__17.jpg,651.8695068359375,288.12457275390625,159480.5
/Users/ayush/Downloads/date-fruit-quality-ml/data/kaggle/grading/Gajar/Large/Grade-2/111.jpg,Gajar,Large,Grade-2,train,/Users/ayush/Downloads/date-fruit-quality-ml/data/quality/grade/train/Grade-2/Gajar__Large__111.jpg,611.33056640625,283.9335632324219,146182.0
/Users/ayush/Downloads/date-fruit-quality-ml/data/kaggle/grading/Aseel/Small/Grade-1/1.jpg,Aseel,Small,Grade-1,train,/Users/ayush/Downloads/date-fruit-quality-ml/data/quality/grade/train/Grade-1/Aseel__Small__1.jpg,455.2378845214844,265.6490478515625,98643.5
/Users/ayush/Downloads/date-fruit-quality-ml/data/kaggle/grading/Gajar/Small/Grade-2/106.jpg,Gajar,Small,Grade-2,train,/Users/ayush/Downloads/date-fruit-quality-ml/data/quality/grade/train/Grade-2/Gajar__Small__106.jpg,538.1555786132812,294.1948547363281,125577.5
/Users/ayush/Downloads/date-fruit-quality-ml/data/kaggle/grading/Fasli Toto/Medium/Grade-1/23.jpg,Fasli Toto,Medium,Grade-1,train,/Users/ayush/Downloads/date-fruit-quality-ml/data/quality/grade/train/Grade-1/Fasli-Toto__Medium__23.jpg,421.11724853515625,258.07958984375,87865.5
/Users/ayush/Downloads/date-fruit-quality-ml/data/kaggle/grading/Aseel/Small/Grade-1/72.jpg,Aseel,Small,Grade-1,train,/Users/ayush/Downloads/date-fruit-quality-ml/data/quality/grade/train/Grade-1/Aseel__Small__72.jpg,443.9797058105469,267.09796142578125,91163.5
/Users/ayush/Downloads/date-fruit-quality-ml/data/kaggle/grading/Aseel/Large/Grade-1/48.jpg,Aseel,Large,Grade-1,train,/Users/ayush/Downloads/date-fruit-quality-ml/data/quality/grade/train/Grade-1/Aseel__Large__48.jpg,568.0,299.0,138538.5
/Users/ayush/Downloads/date-fruit-quality-ml/data/kaggle/grading/Gajar/Large/Grade-1/143.jpg,Gajar,Large,Grade-1,train,/Users/ayush/Downloads/date-fruit-quality-ml/data/quality/grade/train/Grade-1/Gajar__Large__143.jpg,649.8470458984375,298.1025390625,160587.0
/Users/ayush/Downloads/date-fruit-quality-ml/data/kaggle/grading/Aseel/Large/Grade-1/19.jpg,Aseel,Large,Grade-1,train,/Users/ayush/Downloads/date-fruit-quality-ml/data/quality/grade/train/Grade-1/Aseel__Large__19.jpg,551.9998779296875,324.99993896484375,145169.5
/Users/ayush/Downloads/date-fruit-quality-ml/data/kaggle/grading/Gajar/Small/Grade-2/80.jpg,Gajar,Small,Grade-2,train,/Users/ayush/Downloads/date-fruit-quality-ml/data/quality/grade/train/Grade-2/Gajar__Small__80.jpg,519.712158203125,252.33087158203125,105585.5
/Users/ayush/Downloads/date-fruit-quality-ml/data/kaggle/grading/Fasli Toto/Large/Grade-1/121.jpg,Fasli Toto,Large,Grade-1,train,/Users/ayush/Downloads/date-fruit-quality-ml/data/quality/grade/train/Grade-1/Fasli-Toto__Large__121.jpg,505.8954772949219,310.015625,121240.5
/Users/ayush/Downloads/date-fruit-quality-ml/data/kaggle/grading/Aseel/Medium/Grade-1/102.jpg,Aseel,Medium,Grade-1,train,/Users/ayush/Downloads/date-fruit-quality-ml/data/quality/grade/train/Grade-1/Aseel__Medium__102.jpg,472.4617614746094,316.9037780761719,117487.0
/Users/ayush/Downloads/date-fruit-quality-ml/data/kaggle/grading/Kupro/Large/Grade-1/126.jpg,Kupro,Large,Grade-1,train,/Users/ayush/Downloads/date-fruit-quality-ml/data/quality/grade/train/Grade-1/Kupro__Large__126.jpg,511.11358642578125,350.8478698730469,139542.0
/Users/ayush/Downloads/date-fruit-quality-ml/data/kaggle/grading/Kupro/Large/Grade-1/141.jpg,Kupro,Large,Grade-1,train,/Users/ayush/Downloads/date-fruit-quality-ml/data/quality/grade/train/Grade-1/Kupro__Large__141.jpg,457.99993896484375,328.99993896484375,121764.0
/Users/ayush/Downloads/date-fruit-quality-ml/data/kaggle/grading/Aseel/Medium/Grade-1/85.jpg,Aseel,Medium,Grade-1,train,/Users/ayush/Downloads/date-fruit-quality-ml/data/quality/grade/train/Grade-1/Aseel__Medium__85.jpg,454.1293640136719,331.6014404296875,113987.0
/Users/ayush/Downloads/date-fruit-quality-ml/data/kaggle/grading/Gajar/Small/Grade-3/180.jpg,Gajar,Small,Grade-3,train,/Users/ayush/Downloads/date-fruit-quality-ml/data/quality/grade/train/Grade-3/Gajar__Small__180.jpg,522.94482421875,260.1268310546875,116474.5
/Users/ayush/Downloads/date-fruit-quality-ml/data/kaggle/grading/Kupro/Large/Grade-2/243.jpg,Kupro,Large,Grade-2,train,/Users/ayush/Downloads/date-fruit-quality-ml/data/quality/grade/train/Grade-2/Kupro__Large__243.jpg,526.4850463867188,335.62890625,140361.0
/Users/ayush/Downloads/date-fruit-quality-ml/data/kaggle/grading/Aseel/Medium/Grade-1/155.jpg,Aseel,Medium,Grade-1,train,/Users/ayush/Downloads/date-fruit-quality-ml/data/quality/grade/train/Grade-1/Aseel__Medium__155.jpg,486.6751403808594,272.4410705566406,104272.0
/Users/ayush/Downloads/date-fruit-quality-ml/data/kaggle/grading/Aseel/Small/Grade-1/80.jpg,Aseel,Small,Grade-1,train,/Users/ayush/Downloads/date-fruit-quality-ml/data/quality/grade/train/Grade-1/Aseel__Small__80.jpg,441.9147644042969,262.11798095703125,93342.0
/Users/ayush/Downloads/date-fruit-quality-ml/data/kaggle/grading/Kupro/Large/Grade-2/288.jpg,Kupro,Large,Grade-2,train,/Users/ayush/Downloads/date-fruit-quality-ml/data/quality/grade/train/Grade-2/Kupro__Large__288.jpg,492.0,323.0,124749.0
/Users/ayush/Downloads/date-fruit-quality-ml/data/kaggle/grading/Aseel/Medium/Grade-1/84.jpg,Aseel,Medium,Grade-1,train,/Users/ayush/Downloads/date-fruit-quality-ml/data/quality/grade/train/Grade-1/Aseel__Medium__84.jpg,473.2159729003906,307.3836975097656,113484.0
/Users/ayush/Downloads/date-fruit-quality-ml/data/kaggle/grading/Aseel/Medium/Grade-1/104.jpg,Aseel,Medium,Grade-1,train,/Users/ayush/Downloads/date-fruit-quality-ml/data/quality/grade/train/Grade-1/Aseel__Medium__104.jpg,487.88934326171875,299.5120849609375,116202.5
/Users/ayush/Downloads/date-fruit-quality-ml/data/kaggle/grading/Kupro/Large/Grade-1/22.jpg,Kupro,Large,Grade-1,train,/Users/ayush/Downloads/date-fruit-quality-ml/data/quality/grade/train/Grade-1/Kupro__Large__22.jpg,505.68060302734375,347.903564453125,137808.5
/Users/ayush/Downloads/date-fruit-quality-ml/data/kaggle/grading/Fasli Toto/Medium/Grade-1/82.jpg,Fasli Toto,Medium,Grade-1,train,/Users/ayush/Downloads/date-fruit-quality-ml/data/quality/grade/train/Grade-1/Fasli-Toto__Medium__82.jpg,406.42596435546875,295.8405456542969,94921.5
/Users/ayush/Downloads/date-fruit-quality-ml/data/kaggle/grading/Aseel/Large/Grade-1/93.jpg,Aseel,Large,Grade-1,train,/Users/ayush/Downloads/date-fruit-quality-ml/data/quality/grade/train/Grade-1/Aseel__Large__93.jpg,549.2607421875,302.0435791015625,132045.0
/Users/ayush/Downloads/date-fruit-quality-ml/data/kaggle/grading/Fasli Toto/Medium/Grade-1/139.jpg,Fasli Toto,Medium,Grade-1,train,/Users/ayush/Downloads/date-fruit-quality-ml/data/quality/grade/train/Grade-1/Fasli-Toto__Medium__139.jpg,370.0617980957031,322.8153381347656,93898.0
/Users/ayush/Downloads/date-fruit-quality-ml/data/kaggle/grading/Aseel/Large/Grade-1/45.jpg,Aseel,Large,Grade-1,train,/Users/ayush/Downloads/date-fruit-quality-ml/data/quality/grade/train/Grade-1/Aseel__Large__45.jpg,564.0,300.0,138193.5
/Users/ayush/Downloads/date-fruit-quality-ml/data/kaggle/grading/Aseel/Small/Grade-1/145.jpg,Aseel,Small,Grade-1,train,/Users/ayush/Downloads/date-fruit-quality-ml/data/quality/grade/train/Grade-1/Aseel__Small__145.jpg,450.9326477050781,261.4273986816406,96212.5
/Users/ayush/Downloads/date-fruit-quality-ml/data/kaggle/grading/Gajar/Small/Grade-2/37.jpg,Gajar,Small,Grade-2,train,/Users/ayush/Downloads/date-fruit-quality-ml/data/quality/grade/train/Grade-2/Gajar__Small__37.jpg,549.5866088867188,283.9007263183594,127767.5
/Users/ayush/Downloads/date-fruit-quality-ml/data/kaggle/grading/Gajar/Large/Grade-1/159.jpg,Gajar,Large,Grade-1,train,/Users/ayush/Downloads/date-fruit-quality-ml/data/quality/grade/train/Grade-1/Gajar__Large__159.jpg,619.1807861328125,266.1309509277344,135984.5
/Users/ayush/Downloads/date-fruit-quality-ml/data/kaggle/grading/Aseel/Small/Grade-1/18.jpg,Aseel,Small,Grade-1,train,/Users/ayush/Downloads/date-fruit-quality-ml/data/quality/grade/train/Grade-1/Aseel__Small__18.jpg,425.64251708984375,288.7159423828125,94998.0
/Users/ayush/Downloads/date-fruit-quality-ml/data/kaggle/grading/Gajar/Large/Grade-3/51.jpg,Gajar,Large,Grade-3,train,/Users/ayush/Downloads/date-fruit-quality-ml/data/quality/grade/train/Grade-3/Gajar__Large__51.jpg,643.7799072265625,304.29901123046875,161819.0
/Users/ayush/Downloads/date-fruit-quality-ml/data/kaggle/grading/Kupro/Large/Grade-2/130.jpg,Kupro,Large,Grade-2,train,/Users/ayush/Downloads/date-fruit-quality-ml/data/quality/grade/train/Grade-2/Kupro__Large__130.jpg,518.3027954101562,340.14691162109375,139309.5
/Users/ayush/Downloads/date-fruit-quality-ml/data/kaggle/grading/Gajar/Small/Grade-3/34.jpg,Gajar,Small,Grade-3,train,/Users/ayush/Downloads/date-fruit-quality-ml/data/quality/grade/train/Grade-3/Gajar__Small__34.jpg,536.4866333007812,276.560302734375,125610.0
/Users/ayush/Downloads/date-fruit-quality-ml/data/kaggle/grading/Aseel/Medium/Grade-1/93.jpg,Aseel,Medium,Grade-1,train,/Users/ayush/Downloads/date-fruit-quality-ml/data/quality/grade/train/Grade-1/Aseel__Medium__93.jpg,501.3843078613281,274.3411560058594,111219.0
/Users/ayush/Downloads/date-fruit-quality-ml/data/kaggle/grading/Kupro/Large/Grade-1/250.jpg,Kupro,Large,Grade-1,train,/Users/ayush/Downloads/date-fruit-quality-ml/data/quality/grade/train/Grade-1/Kupro__Large__250.jpg,502.45074462890625,369.9585266113281,147885.0
/Users/ayush/Downloads/date-fruit-quality-ml/data/kaggle/grading/Gajar/Large/Grade-3/40.jpg,Gajar,Large,Grade-3,train,/Users/ayush/Downloads/date-fruit-quality-ml/data/quality/grade/train/Grade-3/Gajar__Large__40.jpg,620.3890991210938,286.7670593261719,147845.0
/Users/ayush/Downloads/date-fruit-quality-ml/data/kaggle/grading/Kupro/Large/Grade-2/212.jpg,Kupro,Large,Grade-2,train,/Users/ayush/Downloads/date-fruit-quality-ml/data/quality/grade/train/Grade-2/Kupro__Large__212.jpg,453.55206298828125,370.1164855957031,132612.5
/Users/ayush/Downloads/date-fruit-quality-ml/data/kaggle/grading/Gajar/Medium/Grade-3/75.jpg,Gajar,Medium,Grade-3,train,/Users/ayush/Downloads/date-fruit-quality-ml/data/quality/grade/train/Grade-3/Gajar__Medium__75.jpg,594.5288696289062,284.7933349609375,134108.5
/Users/ayush/Downloads/date-fruit-quality-ml/data/kaggle/grading/Fasli Toto/Small/Grade-1/76.jpg,Fasli Toto,Small,Grade-1,train,/Users/ayush/Downloads/date-fruit-quality-ml/data/quality/grade/train/Grade-1/Fasli-Toto__Small__76.jpg,323.558349609375,262.95721435546875,70152.5
/Users/ayush/Downloads/date-fruit-quality-ml/data/kaggle/grading/Gajar/Small/Grade-2/60.jpg,Gajar,Small,Grade-2,train,/Users/ayush/Downloads/date-fruit-quality-ml/data/quality/grade/train/Grade-2/Gajar__Small__60.jpg,520.0947265625,234.29501342773438,101600.5
/Users/ayush/Downloads/date-fruit-quality-ml/data/kaggle/grading/Fasli Toto/Medium/Grade-1/148.jpg,Fasli Toto,Medium,Grade-1,train,/Users/ayush/Downloads/date-fruit-quality-ml/data/quality/grade/train/Grade-1/Fasli-Toto__Medium__148.jpg,447.6005859375,275.944091796875,102064.0
/Users/ayush/Downloads/date-fruit-quality-ml/data/kaggle/grading/Gajar/Large/Grade-1/111.jpg,Gajar,Large,Grade-1,train,/Users/ayush/Downloads/date-fruit-quality-ml/data/quality/grade/train/Grade-1/Gajar__Large__111.jpg,633.3678588867188,299.188720703125,153529.0
/Users/ayush/Downloads/date-fruit-quality-ml/data/kaggle/grading/Gajar/Small/Grade-3/124.jpg,Gajar,Small,Grade-3,train,/Users/ayush/Downloads/date-fruit-quality-ml/data/quality/grade/train/Grade-3/Gajar__Small__124.jpg,579.0186767578125,282.2090148925781,131039.0
/Users/ayush/Downloads/date-fruit-quality-ml/data/kaggle/grading/Gajar/Small/Grade-1/38.jpg,Gajar,Small,Grade-1,train,/Users/ayush/Downloads/date-fruit-quality-ml/data/quality/grade/train/Grade-1/Gajar__Small__38.jpg,577.884033203125,252.46279907226562,120667.0
/Users/ayush/Downloads/date-fruit-quality-ml/data/kaggle/grading/Kupro/Large/Grade-1/19.jpg,Kupro,Large,Grade-1,train,/Users/ayush/Downloads/date-fruit-quality-ml/data/quality/grade/train/Grade-1/Kupro__Large__19.jpg,504.8929138183594,361.2215270996094,143921.5
/Users/ayush/Downloads/date-fruit-quality-ml/data/kaggle/grading/Gajar/Medium/Grade-1/46.jpg,Gajar,Medium,Grade-1,train,/Users/ayush/Downloads/date-fruit-quality-ml/data/quality/grade/train/Grade-1/Gajar__Medium__46.jpg,591.0,300.0,146435.0
/Users/ayush/Downloads/date-fruit-quality-ml/data/kaggle/grading/Kupro/Large/Grade-2/26.jpg,Kupro,Large,Grade-2,train,/Users/ayush/Downloads/date-fruit-quality-ml/data/quality/grade/train/Grade-2/Kupro__Large__26.jpg,498.4577331542969,365.7877502441406,145855.5
/Users/ayush/Downloads/date-fruit-quality-ml/data/kaggle/grading/Fasli Toto/Medium/Grade-1/80.jpg,Fasli Toto,Medium,Grade-1,train,/Users/ayush/Downloads/date-fruit-quality-ml/data/quality/grade/train/Grade-1/Fasli-Toto__Medium__80.jpg,404.2173156738281,281.3272705078125,91792.0
/Users/ayush/Downloads/date-fruit-quality-ml/data/kaggle/grading/Kupro/Large/Grade-2/326.jpg,Kupro,Large,Grade-2,train,/Users/ayush/Downloads/date-fruit-quality-ml/data/quality/grade/train/Grade-2/Kupro__Large__326.jpg,508.0,338.0,135183.5
/Users/ayush/Downloads/date-fruit-quality-ml/data/kaggle/grading/Fasli Toto/Small/Grade-1/34.jpg,Fasli Toto,Small,Grade-1,train,/Users/ayush/Downloads/date-fruit-quality-ml/data/quality/grade/train/Grade-1/Fasli-Toto__Small__34.jpg,407.6093444824219,248.7329559326172,72758.5
/Users/ayush/Downloads/date-fruit-quality-ml/data/kaggle/grading/Gajar/Large/Grade-2/95.jpg,Gajar,Large,Grade-2,train,/Users/ayush/Downloads/date-fruit-quality-ml/data/quality/grade/train/Grade-2/Gajar__Large__95.jpg,615.9155883789062,263.442626953125,138880.5
/Users/ayush/Downloads/date-fruit-quality-ml/data/kaggle/grading/Gajar/Small/Grade-1/129.jpg,Gajar,Small,Grade-1,train,/Users/ayush/Downloads/date-fruit-quality-ml/data/quality/grade/train/Grade-1/Gajar__Small__129.jpg,554.49560546875,259.6200866699219,120553.5
/Users/ayush/Downloads/date-fruit-quality-ml/data/kaggle/grading/Kupro/Large/Grade-3/101.jpg,Kupro,Large,Grade-3,train,/Users/ayush/Downloads/date-fruit-quality-ml/data/quality/grade/train/Grade-3/Kupro__Large__101.jpg,464.89013671875,333.80059814453125,125288.0
/Users/ayush/Downloads/date-fruit-quality-ml/data/kaggle/grading/Fasli Toto/Small/Grade-1/81.jpg,Fasli Toto,Small,Grade-1,train,/Users/ayush/Downloads/date-fruit-quality-ml/data/quality/grade/train/Grade-1/Fasli-Toto__Small__81.jpg,353.6058349609375,272.5354919433594,75345.5
/Users/ayush/Downloads/date-fruit-quality-ml/data/kaggle/grading/Aseel/Small/Grade-1/148.jpg,Aseel,Small,Grade-1,train,/Users/ayush/Downloads/date-fruit-quality-ml/data/quality/grade/train/Grade-1/Aseel__Small__148.jpg,459.0811462402344,240.13999938964844,93562.0
/Users/ayush/Downloads/date-fruit-quality-ml/data/kaggle/grading/Gajar/Large/Grade-2/66.jpg,Gajar,Large,Grade-2,train,/Users/ayush/Downloads/date-fruit-quality-ml/data/quality/grade/train/Grade-2/Gajar__Large__66.jpg,630.3106079101562,257.1146240234375,133363.5
/Users/ayush/Downloads/date-fruit-quality-ml/data/kaggle/grading/Gajar/Large/Grade-2/112.jpg,Gajar,Large,Grade-2,train,/Users/ayush/Downloads/date-fruit-quality-ml/data/quality/grade/train/Grade-2/Gajar__Large__112.jpg,622.0,297.0,148394.5
/Users/ayush/Downloads/date-fruit-quality-ml/data/kaggle/grading/Aseel/Small/Grade-1/62.jpg,Aseel,Small,Grade-1,train,/Users/ayush/Downloads/date-fruit-quality-ml/data/quality/grade/train/Grade-1/Aseel__Small__62.jpg,474.89739990234375,279.215087890625,105403.5
/Users/ayush/Downloads/date-fruit-quality-ml/data/kaggle/grading/Kupro/Large/Grade-2/151.jpg,Kupro,Large,Grade-2,train,/Users/ayush/Downloads/date-fruit-quality-ml/data/quality/grade/train/Grade-2/Kupro__Large__151.jpg,514.1138305664062,345.536376953125,139520.5
/Users/ayush/Downloads/date-fruit-quality-ml/data/kaggle/grading/Fasli Toto/Medium/Grade-1/117.jpg,Fasli Toto,Medium,Grade-1,train,/Users/ayush/Downloads/date-fruit-quality-ml/data/quality/grade/train/Grade-1/Fasli-Toto__Medium__117.jpg,410.3017272949219,269.9534912109375,88968.0
/Users/ayush/Downloads/date-fruit-quality-ml/data/kaggle/grading/Gajar/Medium/Grade-1/115.jpg,Gajar,Medium,Grade-1,train,/Users/ayush/Downloads/date-fruit-quality-ml/data/quality/grade/train/Grade-1/Gajar__Medium__115.jpg,590.7236328125,249.4403076171875,125878.5
/Users/ayush/Downloads/date-fruit-quality-ml/data/kaggle/grading/Gajar/Large/Grade-2/80.jpg,Gajar,Large,Grade-2,train,/Users/ayush/Downloads/date-fruit-quality-ml/data/quality/grade/train/Grade-2/Gajar__Large__80.jpg,620.1400146484375,291.9573974609375,144600.0
/Users/ayush/Downloads/date-fruit-quality-ml/data/kaggle/grading/Fasli Toto/Medium/Grade-1/98.jpg,Fasli Toto,Medium,Grade-1,train,/Users/ayush/Downloads/date-fruit-quality-ml/data/quality/grade/train/Grade-1/Fasli-Toto__Medium__98.jpg,419.76361083984375,272.2680358886719,88176.5
/Users/ayush/Downloads/date-fruit-quality-ml/data/kaggle/grading/Aseel/Small/Grade-1/109.jpg,Aseel,Small,Grade-1,train,/Users/ayush/Downloads/date-fruit-quality-ml/data/quality/grade/train/Grade-1/Aseel__Small__109.jpg,435.7618713378906,249.6175537109375,88420.0
/Users/ayush/Downloads/date-fruit-quality-ml/data/kaggle/grading/Fasli Toto/Small/Grade-1/62.jpg,Fasli Toto,Small,Grade-1,train,/Users/ayush/Downloads/date-fruit-quality-ml/data/quality/grade/train/Grade-1/Fasli-Toto__Small__62.jpg,348.62127685546875,264.4493408203125,74348.0
/Users/ayush/Downloads/date-fruit-quality-ml/data/kaggle/grading/Gajar/Large/Grade-3/52.jpg,Gajar,Large,Grade-3,train,/Users/ayush/Downloads/date-fruit-quality-ml/data/quality/grade/train/Grade-3/Gajar__Large__52.jpg,631.6058349609375,285.5410461425781,148229.5
/Users/ayush/Downloads/date-fruit-quality-ml/data/kaggle/grading/Fasli Toto/Medium/Grade-1/16.jpg,Fasli Toto,Medium,Grade-1,train,/Users/ayush/Downloads/date-fruit-quality-ml/data/quality/grade/train/Grade-1/Fasli-Toto__Medium__16.jpg,381.62615966796875,279.6631774902344,85507.0
/Users/ayush/Downloads/date-fruit-quality-ml/data/kaggle/grading/Gajar/Small/Grade-3/5.jpg,Gajar,Small,Grade-3,train,/Users/ayush/Downloads/date-fruit-quality-ml/data/quality/grade/train/Grade-3/Gajar__Small__5.jpg,559.173828125,277.1006164550781,125794.5
/Users/ayush/Downloads/date-fruit-quality-ml/data/kaggle/grading/Aseel/Medium/Grade-1/105.jpg,Aseel,Medium,Grade-1,train,/Users/ayush/Downloads/date-fruit-quality-ml/data/quality/grade/train/Grade-1/Aseel__Medium__105.jpg,495.7804260253906,301.252197265625,118134.0
/Users/ayush/Downloads/date-fruit-quality-ml/data/kaggle/grading/Aseel/Small/Grade-1/125.jpg,Aseel,Small,Grade-1,train,/Users/ayush/Downloads/date-fruit-quality-ml/data/quality/grade/train/Grade-1/Aseel__Small__125.jpg,454.85540771484375,230.3870391845703,87936.0
/Users/ayush/Downloads/date-fruit-quality-ml/data/kaggle/grading/Aseel/Large/Grade-1/18.jpg,Aseel,Large,Grade-1,train,/Users/ayush/Downloads/date-fruit-quality-ml/data/quality/grade/train/Grade-1/Aseel__Large__18.jpg,542.827392578125,323.2190856933594,140374.0
/Users/ayush/Downloads/date-fruit-quality-ml/data/kaggle/grading/Aseel/Medium/Grade-1/91.jpg,Aseel,Medium,Grade-1,train,/Users/ayush/Downloads/date-fruit-quality-ml/data/quality/grade/train/Grade-1/Aseel__Medium__91.jpg,492.6302185058594,269.9175109863281,107404.5
/Users/ayush/Downloads/date-fruit-quality-ml/data/kaggle/grading/Kupro/Large/Grade-1/260.jpg,Kupro,Large,Grade-1,train,/Users/ayush/Downloads/date-fruit-quality-ml/data/quality/grade/train/Grade-1/Kupro__Large__260.jpg,502.0660400390625,365.6506652832031,147907.0
/Users/ayush/Downloads/date-fruit-quality-ml/data/kaggle/grading/Aseel/Small/Grade-1/141.jpg,Aseel,Small,Grade-1,train,/Users/ayush/Downloads/date-fruit-quality-ml/data/quality/grade/train/Grade-1/Aseel__Small__141.jpg,420.2174987792969,273.526123046875,88720.5
/Users/ayush/Downloads/date-fruit-quality-ml/data/kaggle/grading/Kupro/Large/Grade-3/48.jpg,Kupro,Large,Grade-3,train,/Users/ayush/Downloads/date-fruit-quality-ml/data/quality/grade/train/Grade-3/Kupro__Large__48.jpg,481.0,354.0,133454.5
/Users/ayush/Downloads/date-fruit-quality-ml/data/kaggle/grading/Fasli Toto/Large/Grade-1/9.jpg,Fasli Toto,Large,Grade-1,train,/Users/ayush/Downloads/date-fruit-quality-ml/data/quality/grade/train/Grade-1/Fasli-Toto__Large__9.jpg,469.7594299316406,305.5399169921875,116802.0
/Users/ayush/Downloads/date-fruit-quality-ml/data/kaggle/grading/Gajar/Medium/Grade-1/169.jpg,Gajar,Medium,Grade-1,train,/Users/ayush/Downloads/date-fruit-quality-ml/data/quality/grade/train/Grade-1/Gajar__Medium__169.jpg,613.994384765625,262.10888671875,133953.5
/Users/ayush/Downloads/date-fruit-quality-ml/data/kaggle/grading/Aseel/Large/Grade-1/81.jpg,Aseel,Large,Grade-1,train,/Users/ayush/Downloads/date-fruit-quality-ml/data/quality/grade/train/Grade-1/Aseel__Large__81.jpg,521.7196655273438,287.33892822265625,123483.5
/Users/ayush/Downloads/date-fruit-quality-ml/data/kaggle/grading/Gajar/Medium/Grade-1/92.jpg,Gajar,Medium,Grade-1,train,/Users/ayush/Downloads/date-fruit-quality-ml/data/quality/grade/train/Grade-1/Gajar__Medium__92.jpg,527.9793090820312,241.95761108398438,105985.0
/Users/ayush/Downloads/date-fruit-quality-ml/data/kaggle/grading/Gajar/Small/Grade-1/58.jpg,Gajar,Small,Grade-1,train,/Users/ayush/Downloads/date-fruit-quality-ml/data/quality/grade/train/Grade-1/Gajar__Small__58.jpg,579.4926147460938,284.61444091796875,122763.5
/Users/ayush/Downloads/date-fruit-quality-ml/data/kaggle/grading/Gajar/Medium/Grade-1/119.jpg,Gajar,Medium,Grade-1,train,/Users/ayush/Downloads/date-fruit-quality-ml/data/quality/grade/train/Grade-1/Gajar__Medium__119.jpg,625.5833740234375,229.74073791503906,118861.0
/Users/ayush/Downloads/date-fruit-quality-ml/data/kaggle/grading/Gajar/Large/Grade-3/59.jpg,Gajar,Large,Grade-3,train,/Users/ayush/Downloads/date-fruit-quality-ml/data/quality/grade/train/Grade-3/Gajar__Large__59.jpg,569.7398071289062,293.4551696777344,141435.5
/Users/ayush/Downloads/date-fruit-quality-ml/data/kaggle/grading/Gajar/Medium/Grade-2/13.jpg,Gajar,Medium,Grade-2,train,/Users/ayush/Downloads/date-fruit-quality-ml/data/quality/grade/train/Grade-2/Gajar__Medium__13.jpg,531.0828857421875,262.3577575683594,116795.5
/Users/ayush/Downloads/date-fruit-quality-ml/data/kaggle/grading/Aseel/Large/Grade-1/137.jpg,Aseel,Large,Grade-1,train,/Users/ayush/Downloads/date-fruit-quality-ml/data/quality/grade/train/Grade-1/Aseel__Large__137.jpg,532.1704711914062,326.83935546875,137032.5
/Users/ayush/Downloads/date-fruit-quality-ml/data/kaggle/grading/Kupro/Large/Grade-3/62.jpg,Kupro,Large,Grade-3,train,/Users/ayush/Downloads/date-fruit-quality-ml/data/quality/grade/train/Grade-3/Kupro__Large__62.jpg,515.446044921875,349.69439697265625,139719.5
/Users/ayush/Downloads/date-fruit-quality-ml/data/kaggle/grading/Gajar/Small/Grade-1/130.jpg,Gajar,Small,Grade-1,train,/Users/ayush/Downloads/date-fruit-quality-ml/data/quality/grade/train/Grade-1/Gajar__Small__130.jpg,554.897216796875,249.2570343017578,113662.5
/Users/ayush/Downloads/date-fruit-quality-ml/data/kaggle/grading/Kupro/Large/Grade-2/368.jpg,Kupro,Large,Grade-2,train,/Users/ayush/Downloads/date-fruit-quality-ml/data/quality/grade/train/Grade-2/Kupro__Large__368.jpg,499.733154296875,340.4778137207031,128450.0
/Users/ayush/Downloads/date-fruit-quality-ml/data/kaggle/grading/Gajar/Medium/Grade-3/43.jpg,Gajar,Medium,Grade-3,train,/Users/ayush/Downloads/date-fruit-quality-ml/data/quality/grade/train/Grade-3/Gajar__Medium__43.jpg,644.5117797851562,275.17523193359375,151309.0
/Users/ayush/Downloads/date-fruit-quality-ml/data/kaggle/grading/Kupro/Large/Grade-2/279.jpg,Kupro,Large,Grade-2,train,/Users/ayush/Downloads/date-fruit-quality-ml/data/quality/grade/train/Grade-2/Kupro__Large__279.jpg,505.0,352.0,143128.5
/Users/ayush/Downloads/date-fruit-quality-ml/data/kaggle/grading/Fasli Toto/Large/Grade-1/58.jpg,Fasli Toto,Large,Grade-1,train,/Users/ayush/Downloads/date-fruit-quality-ml/data/quality/grade/train/Grade-1/Fasli-Toto__Large__58.jpg,504.5914001464844,307.0257263183594,121254.5
/Users/ayush/Downloads/date-fruit-quality-ml/data/kaggle/grading/Gajar/Medium/Grade-1/135.jpg,Gajar,Medium,Grade-1,train,/Users/ayush/Downloads/date-fruit-quality-ml/data/quality/grade/train/Grade-1/Gajar__Medium__135.jpg,573.139892578125,254.64547729492188,121296.0
/Users/ayush/Downloads/date-fruit-quality-ml/data/kaggle/grading/Kupro/Large/Grade-2/240.jpg,Kupro,Large,Grade-2,train,/Users/ayush/Downloads/date-fruit-quality-ml/data/quality/grade/train/Grade-2/Kupro__Large__240.jpg,514.0,363.0,146651.0
/Users/ayush/Downloads/date-fruit-quality-ml/data/kaggle/grading/Gajar/Large/Grade-2/34.jpg,Gajar,Large,Grade-2,train,/Users/ayush/Downloads/date-fruit-quality-ml/data/quality/grade/train/Grade-2/Gajar__Large__34.jpg,612.4480590820312,280.58807373046875,134385.5
/Users/ayush/Downloads/date-fruit-quality-ml/data/kaggle/grading/Fasli Toto/Large/Grade-1/32.jpg,Fasli Toto,Large,Grade-1,train,/Users/ayush/Downloads/date-fruit-quality-ml/data/quality/grade/train/Grade-1/Fasli-Toto__Large__32.jpg,449.3481140136719,297.2977600097656,109818.5
/Users/ayush/Downloads/date-fruit-quality-ml/data/kaggle/grading/Gajar/Medium/Grade-3/54.jpg,Gajar,Medium,Grade-3,train,/Users/ayush/Downloads/date-fruit-quality-ml/data/quality/grade/train/Grade-3/Gajar__Medium__54.jpg,574.8047485351562,239.29566955566406,116155.0
/Users/ayush/Downloads/date-fruit-quality-ml/data/kaggle/grading/Gajar/Small/Grade-1/95.jpg,Gajar,Small,Grade-1,train,/Users/ayush/Downloads/date-fruit-quality-ml/data/quality/grade/train/Grade-1/Gajar__Small__95.jpg,526.8783569335938,264.15301513671875,115180.5
/Users/ayush/Downloads/date-fruit-quality-ml/data/kaggle/grading/Kupro/Large/Grade-2/322.jpg,Kupro,Large,Grade-2,train,/Users/ayush/Downloads/date-fruit-quality-ml/data/quality/grade/train/Grade-2/Kupro__Large__322.jpg,500.593505859375,351.9191589355469,139072.5
/Users/ayush/Downloads/date-fruit-quality-ml/data/kaggle/grading/Kupro/Large/Grade-1/13.jpg,Kupro,Large,Grade-1,train,/Users/ayush/Downloads/date-fruit-quality-ml/data/quality/grade/train/Grade-1/Kupro__Large__13.jpg,535.5691528320312,361.9155578613281,151190.0
/Users/ayush/Downloads/date-fruit-quality-ml/data/kaggle/grading/Gajar/Small/Grade-1/152.jpg,Gajar,Small,Grade-1,train,/Users/ayush/Downloads/date-fruit-quality-ml/data/quality/grade/train/Grade-1/Gajar__Small__152.jpg,532.0606689453125,251.25889587402344,111685.0
/Users/ayush/Downloads/date-fruit-quality-ml/data/kaggle/grading/Kupro/Large/Grade-2/219.jpg,Kupro,Large,Grade-2,train,/Users/ayush/Downloads/date-fruit-quality-ml/data/quality/grade/train/Grade-2/Kupro__Large__219.jpg,474.84307861328125,314.1783447265625,118038.5
/Users/ayush/Downloads/date-fruit-quality-ml/data/kaggle/grading/Kupro/Large/Grade-1/53.jpg,Kupro,Large,Grade-1,train,/Users/ayush/Downloads/date-fruit-quality-ml/data/quality/grade/train/Grade-1/Kupro__Large__53.jpg,496.4776916503906,367.4326477050781,145159.0
/Users/ayush/Downloads/date-fruit-quality-ml/data/kaggle/grading/Kupro/Large/Grade-1/272.jpg,Kupro,Large,Grade-1,train,/Users/ayush/Downloads/date-fruit-quality-ml/data/quality/grade/train/Grade-1/Kupro__Large__272.jpg,489.5429992675781,325.331298828125,129396.0
/Users/ayush/Downloads/date-fruit-quality-ml/data/kaggle/grading/Gajar/Small/Grade-3/78.jpg,Gajar,Small,Grade-3,train,/Users/ayush/Downloads/date-fruit-quality-ml/data/quality/grade/train/Grade-3/Gajar__Small__78.jpg,550.9910888671875,263.89337158203125,117183.5
/Users/ayush/Downloads/date-fruit-quality-ml/data/kaggle/grading/Gajar/Large/Grade-1/173.jpg,Gajar,Large,Grade-1,train,/Users/ayush/Downloads/date-fruit-quality-ml/data/quality/grade/train/Grade-1/Gajar__Large__173.jpg,633.9284057617188,286.9224548339844,148815.0
/Users/ayush/Downloads/date-fruit-quality-ml/data/kaggle/grading/Kupro/Large/Grade-1/45.jpg,Kupro,Large,Grade-1,train,/Users/ayush/Downloads/date-fruit-quality-ml/data/quality/grade/train/Grade-1/Kupro__Large__45.jpg,519.8088989257812,343.9322509765625,139777.0
/Users/ayush/Downloads/date-fruit-quality-ml/data/kaggle/grading/Fasli Toto/Large/Grade-1/144.jpg,Fasli Toto,Large,Grade-1,train,/Users/ayush/Downloads/date-fruit-quality-ml/data/quality/grade/train/Grade-1/Fasli-Toto__Large__144.jpg,430.11932373046875,330.7077941894531,111871.0
/Users/ayush/Downloads/date-fruit-quality-ml/data/kaggle/grading/Kupro/Large/Grade-1/105.jpg,Kupro,Large,Grade-1,train,/Users/ayush/Downloads/date-fruit-quality-ml/data/quality/grade/train/Grade-1/Kupro__Large__105.jpg,494.40777587890625,336.0941162109375,129655.5
/Users/ayush/Downloads/date-fruit-quality-ml/data/kaggle/grading/Gajar/Large/Grade-2/83.jpg,Gajar,Large,Grade-2,train,/Users/ayush/Downloads/date-fruit-quality-ml/data/quality/grade/train/Grade-2/Gajar__Large__83.jpg,650.25537109375,274.6402587890625,152124.5
/Users/ayush/Downloads/date-fruit-quality-ml/data/kaggle/grading/Aseel/Medium/Grade-1/55.jpg,Aseel,Medium,Grade-1,train,/Users/ayush/Downloads/date-fruit-quality-ml/data/quality/grade/train/Grade-1/Aseel__Medium__55.jpg,523.6819458007812,269.6240234375,116888.5
/Users/ayush/Downloads/date-fruit-quality-ml/data/kaggle/grading/Gajar/Medium/Grade-1/10.jpg,Gajar,Medium,Grade-1,train,/Users/ayush/Downloads/date-fruit-quality-ml/data/quality/grade/train/Grade-1/Gajar__Medium__10.jpg,536.1954345703125,273.227294921875,118486.5
/Users/ayush/Downloads/date-fruit-quality-ml/data/kaggle/grading/Kupro/Large/Grade-2/362.jpg,Kupro,Large,Grade-2,train,/Users/ayush/Downloads/date-fruit-quality-ml/data/quality/grade/train/Grade-2/Kupro__Large__362.jpg,455.4376525878906,348.106201171875,122919.0
/Users/ayush/Downloads/date-fruit-quality-ml/data/kaggle/grading/Aseel/Large/Grade-1/119.jpg,Aseel,Large,Grade-1,train,/Users/ayush/Downloads/date-fruit-quality-ml/data/quality/grade/train/Grade-1/Aseel__Large__119.jpg,531.6162109375,314.29827880859375,135077.5
/Users/ayush/Downloads/date-fruit-quality-ml/data/kaggle/grading/Aseel/Small/Grade-1/108.jpg,Aseel,Small,Grade-1,train,/Users/ayush/Downloads/date-fruit-quality-ml/data/quality/grade/train/Grade-1/Aseel__Small__108.jpg,451.0,271.0,93358.5
/Users/ayush/Downloads/date-fruit-quality-ml/data/kaggle/grading/Gajar/Medium/Grade-1/32.jpg,Gajar,Medium,Grade-1,train,/Users/ayush/Downloads/date-fruit-quality-ml/data/quality/grade/train/Grade-1/Gajar__Medium__32.jpg,557.1445922851562,248.26116943359375,115760.5
/Users/ayush/Downloads/date-fruit-quality-ml/data/kaggle/grading/Kupro/Large/Grade-2/162.jpg,Kupro,Large,Grade-2,train,/Users/ayush/Downloads/date-fruit-quality-ml/data/quality/grade/train/Grade-2/Kupro__Large__162.jpg,493.7655334472656,362.80548095703125,139949.0
/Users/ayush/Downloads/date-fruit-quality-ml/data/kaggle/grading/Gajar/Large/Grade-1/122.jpg,Gajar,Large,Grade-1,train,/Users/ayush/Downloads/date-fruit-quality-ml/data/quality/grade/train/Grade-1/Gajar__Large__122.jpg,625.1455688476562,304.324462890625,154640.5
/Users/ayush/Downloads/date-fruit-quality-ml/data/kaggle/grading/Gajar/Small/Grade-3/133.jpg,Gajar,Small,Grade-3,train,/Users/ayush/Downloads/date-fruit-quality-ml/data/quality/grade/train/Grade-3/Gajar__Small__133.jpg,522.999267578125,237.02806091308594,104345.0
/Users/ayush/Downloads/date-fruit-quality-ml/data/kaggle/grading/Kupro/Large/Grade-1/138.jpg,Kupro,Large,Grade-1,train,/Users/ayush/Downloads/date-fruit-quality-ml/data/quality/grade/train/Grade-1/Kupro__Large__138.jpg,472.8007507324219,348.65948486328125,132296.0
/Users/ayush/Downloads/date-fruit-quality-ml/data/kaggle/grading/Gajar/Medium/Grade-3/31.jpg,Gajar,Medium,Grade-3,train,/Users/ayush/Downloads/date-fruit-quality-ml/data/quality/grade/train/Grade-3/Gajar__Medium__31.jpg,593.4061889648438,272.6004638671875,132261.0
/Users/ayush/Downloads/date-fruit-quality-ml/data/kaggle/grading/Kupro/Large/Grade-1/216.jpg,Kupro,Large,Grade-1,train,/Users/ayush/Downloads/date-fruit-quality-ml/data/quality/grade/train/Grade-1/Kupro__Large__216.jpg,468.25225830078125,343.189697265625,124757.5
/Users/ayush/Downloads/date-fruit-quality-ml/data/kaggle/grading/Kupro/Large/Grade-1/28.jpg,Kupro,Large,Grade-1,train,/Users/ayush/Downloads/date-fruit-quality-ml/data/quality/grade/train/Grade-1/Kupro__Large__28.jpg,516.8792114257812,329.5086669921875,135282.0
/Users/ayush/Downloads/date-fruit-quality-ml/data/kaggle/grading/Aseel/Small/Grade-1/168.jpg,Aseel,Small,Grade-1,train,/Users/ayush/Downloads/date-fruit-quality-ml/data/quality/grade/train/Grade-1/Aseel__Small__168.jpg,403.7235107421875,250.3090057373047,80796.0
/Users/ayush/Downloads/date-fruit-quality-ml/data/kaggle/grading/Fasli Toto/Large/Grade-1/24.jpg,Fasli Toto,Large,Grade-1,train,/Users/ayush/Downloads/date-fruit-quality-ml/data/quality/grade/train/Grade-1/Fasli-Toto__Large__24.jpg,456.24261474609375,291.1189270019531,108585.0
/Users/ayush/Downloads/date-fruit-quality-ml/data/kaggle/grading/Kupro/Large/Grade-3/13.jpg,Kupro,Large,Grade-3,train,/Users/ayush/Downloads/date-fruit-quality-ml/data/quality/grade/train/Grade-3/Kupro__Large__13.jpg,555.7296752929688,354.0807800292969,155056.5
/Users/ayush/Downloads/date-fruit-quality-ml/data/kaggle/grading/Gajar/Small/Grade-3/82.jpg,Gajar,Small,Grade-3,train,/Users/ayush/Downloads/date-fruit-quality-ml/data/quality/grade/train/Grade-3/Gajar__Small__82.jpg,568.0123901367188,274.77203369140625,130043.5
/Users/ayush/Downloads/date-fruit-quality-ml/data/kaggle/grading/Gajar/Large/Grade-2/104.jpg,Gajar,Large,Grade-2,train,/Users/ayush/Downloads/date-fruit-quality-ml/data/quality/grade/train/Grade-2/Gajar__Large__104.jpg,637.7699584960938,296.725341796875,152078.0
/Users/ayush/Downloads/date-fruit-quality-ml/data/kaggle/grading/Kupro/Large/Grade-3/30.jpg,Kupro,Large,Grade-3,train,/Users/ayush/Downloads/date-fruit-quality-ml/data/quality/grade/train/Grade-3/Kupro__Large__30.jpg,517.3294677734375,376.9289855957031,153442.0
/Users/ayush/Downloads/date-fruit-quality-ml/data/kaggle/grading/Gajar/Small/Grade-1/18.jpg,Gajar,Small,Grade-1,train,/Users/ayush/Downloads/date-fruit-quality-ml/data/quality/grade/train/Grade-1/Gajar__Small__18.jpg,579.0,282.0,135599.5
/Users/ayush/Downloads/date-fruit-quality-ml/data/kaggle/grading/Kupro/Large/Grade-2/66.jpg,Kupro,Large,Grade-2,train,/Users/ayush/Downloads/date-fruit-quality-ml/data/quality/grade/train/Grade-2/Kupro__Large__66.jpg,473.0,345.0,128711.5
/Users/ayush/Downloads/date-fruit-quality-ml/data/kaggle/grading/Kupro/Large/Grade-3/114.jpg,Kupro,Large,Grade-3,train,/Users/ayush/Downloads/date-fruit-quality-ml/data/quality/grade/train/Grade-3/Kupro__Large__114.jpg,491.02362060546875,343.5266418457031,134652.0
/Users/ayush/Downloads/date-fruit-quality-ml/data/kaggle/grading/Gajar/Medium/Grade-1/158.jpg,Gajar,Medium,Grade-1,train,/Users/ayush/Downloads/date-fruit-quality-ml/data/quality/grade/train/Grade-1/Gajar__Medium__158.jpg,570.1212768554688,271.07330322265625,126536.0
/Users/ayush/Downloads/date-fruit-quality-ml/data/kaggle/grading/Aseel/Large/Grade-1/35.jpg,Aseel,Large,Grade-1,train,/Users/ayush/Downloads/date-fruit-quality-ml/data/quality/grade/train/Grade-1/Aseel__Large__35.jpg,542.2852172851562,290.684326171875,130489.0
/Users/ayush/Downloads/date-fruit-quality-ml/data/kaggle/grading/Aseel/Small/Grade-1/170.jpg,Aseel,Small,Grade-1,train,/Users/ayush/Downloads/date-fruit-quality-ml/data/quality/grade/train/Grade-1/Aseel__Small__170.jpg,450.058349609375,263.9662780761719,93829.5
/Users/ayush/Downloads/date-fruit-quality-ml/data/kaggle/grading/Kupro/Large/Grade-2/64.jpg,Kupro,Large,Grade-2,train,/Users/ayush/Downloads/date-fruit-quality-ml/data/quality/grade/train/Grade-2/Kupro__Large__64.jpg,488.7110595703125,335.140869140625,130983.0
/Users/ayush/Downloads/date-fruit-quality-ml/data/kaggle/grading/Gajar/Small/Grade-3/135.jpg,Gajar,Small,Grade-3,train,/Users/ayush/Downloads/date-fruit-quality-ml/data/quality/grade/train/Grade-3/Gajar__Small__135.jpg,530.3403930664062,246.82400512695312,110541.5
/Users/ayush/Downloads/date-fruit-quality-ml/data/kaggle/grading/Kupro/Large/Grade-2/159.jpg,Kupro,Large,Grade-2,train,/Users/ayush/Downloads/date-fruit-quality-ml/data/quality/grade/train/Grade-2/Kupro__Large__159.jpg,489.2867126464844,352.5120544433594,137764.0
/Users/ayush/Downloads/date-fruit-quality-ml/data/kaggle/grading/Gajar/Large/Grade-3/6.jpg,Gajar,Large,Grade-3,train,/Users/ayush/Downloads/date-fruit-quality-ml/data/quality/grade/train/Grade-3/Gajar__Large__6.jpg,614.9998779296875,266.99993896484375,139582.0
/Users/ayush/Downloads/date-fruit-quality-ml/data/kaggle/grading/Fasli Toto/Large/Grade-1/3.jpg,Fasli Toto,Large,Grade-1,train,/Users/ayush/Downloads/date-fruit-quality-ml/data/quality/grade/train/Grade-1/Fasli-Toto__Large__3.jpg,451.0,270.0,102504.0
/Users/ayush/Downloads/date-fruit-quality-ml/data/kaggle/grading/Kupro/Large/Grade-1/27.jpg,Kupro,Large,Grade-1,train,/Users/ayush/Downloads/date-fruit-quality-ml/data/quality/grade/train/Grade-1/Kupro__Large__27.jpg,479.7174987792969,332.98779296875,126485.5
/Users/ayush/Downloads/date-fruit-quality-ml/data/kaggle/grading/Gajar/Small/Grade-3/7.jpg,Gajar,Small,Grade-3,train,/Users/ayush/Downloads/date-fruit-quality-ml/data/quality/grade/train/Grade-3/Gajar__Small__7.jpg,574.7045288085938,267.1171875,124515.0
/Users/ayush/Downloads/date-fruit-quality-ml/data/kaggle/grading/Gajar/Small/Grade-2/1.jpg,Gajar,Small,Grade-2,train,/Users/ayush/Downloads/date-fruit-quality-ml/data/quality/grade/train/Grade-2/Gajar__Small__1.jpg,559.3092651367188,283.8537902832031,133841.0
/Users/ayush/Downloads/date-fruit-quality-ml/data/kaggle/grading/Gajar/Medium/Grade-1/157.jpg,Gajar,Medium,Grade-1,train,/Users/ayush/Downloads/date-fruit-quality-ml/data/quality/grade/train/Grade-1/Gajar__Medium__157.jpg,571.9107055664062,265.43963623046875,127987.5
/Users/ayush/Downloads/date-fruit-quality-ml/data/kaggle/grading/Gajar/Small/Grade-2/82.jpg,Gajar,Small,Grade-2,train,/Users/ayush/Downloads/date-fruit-quality-ml/data/quality/grade/train/Grade-2/Gajar__Small__82.jpg,581.2769165039062,270.353271484375,127840.0
/Users/ayush/Downloads/date-fruit-quality-ml/data/kaggle/grading/Gajar/Small/Grade-1/138.jpg,Gajar,Small,Grade-1,train,/Users/ayush/Downloads/date-fruit-quality-ml/data/quality/grade/train/Grade-1/Gajar__Small__138.jpg,559.5326538085938,259.60125732421875,121290.5
/Users/ayush/Downloads/date-fruit-quality-ml/data/kaggle/grading/Gajar/Small/Grade-3/3.jpg,Gajar,Small,Grade-3,train,/Users/ayush/Downloads/date-fruit-quality-ml/data/quality/grade/train/Grade-3/Gajar__Small__3.jpg,612.4996337890625,277.6848449707031,121987.0
/Users/ayush/Downloads/date-fruit-quality-ml/data/kaggle/grading/Gajar/Medium/Grade-1/162.jpg,Gajar,Medium,Grade-1,train,/Users/ayush/Downloads/date-fruit-quality-ml/data/quality/grade/train/Grade-1/Gajar__Medium__162.jpg,531.5048828125,289.40594482421875,122916.0
/Users/ayush/Downloads/date-fruit-quality-ml/data/kaggle/grading/Fasli Toto/Large/Grade-1/70.jpg,Fasli Toto,Large,Grade-1,train,/Users/ayush/Downloads/date-fruit-quality-ml/data/quality/grade/train/Grade-1/Fasli-Toto__Large__70.jpg,504.50946044921875,278.1978454589844,121696.5
/Users/ayush/Downloads/date-fruit-quality-ml/data/kaggle/grading/Fasli Toto/Medium/Grade-1/130.jpg,Fasli Toto,Medium,Grade-1,train,/Users/ayush/Downloads/date-fruit-quality-ml/data/quality/grade/train/Grade-1/Fasli-Toto__Medium__130.jpg,426.898193359375,306.1314697265625,99496.0
/Users/ayush/Downloads/date-fruit-quality-ml/data/kaggle/grading/Kupro/Large/Grade-1/25.jpg,Kupro,Large,Grade-1,train,/Users/ayush/Downloads/date-fruit-quality-ml/data/quality/grade/train/Grade-1/Kupro__Large__25.jpg,487.8023376464844,334.97698974609375,129730.5
/Users/ayush/Downloads/date-fruit-quality-ml/data/kaggle/grading/Gajar/Large/Grade-2/39.jpg,Gajar,Large,Grade-2,train,/Users/ayush/Downloads/date-fruit-quality-ml/data/quality/grade/train/Grade-2/Gajar__Large__39.jpg,657.2946166992188,288.06097412109375,156561.5
/Users/ayush/Downloads/date-fruit-quality-ml/data/kaggle/grading/Gajar/Medium/Grade-1/174.jpg,Gajar,Medium,Grade-1,train,/Users/ayush/Downloads/date-fruit-quality-ml/data/quality/grade/train/Grade-1/Gajar__Medium__174.jpg,587.3106079101562,237.05319213867188,116728.5
/Users/ayush/Downloads/date-fruit-quality-ml/data/kaggle/grading/Gajar/Large/Grade-1/106.jpg,Gajar,Large,Grade-1,train,/Users/ayush/Downloads/date-fruit-quality-ml/data/quality/grade/train/Grade-1/Gajar__Large__106.jpg,571.849365234375,279.6590881347656,132634.0
/Users/ayush/Downloads/date-fruit-quality-ml/data/kaggle/grading/Aseel/Medium/Grade-1/5.jpg,Aseel,Medium,Grade-1,train,/Users/ayush/Downloads/date-fruit-quality-ml/data/quality/grade/train/Grade-1/Aseel__Medium__5.jpg,509.0627746582031,270.3653259277344,108971.5
/Users/ayush/Downloads/date-fruit-quality-ml/data/kaggle/grading/Aseel/Small/Grade-1/45.jpg,Aseel,Small,Grade-1,train,/Users/ayush/Downloads/date-fruit-quality-ml/data/quality/grade/train/Grade-1/Aseel__Small__45.jpg,452.5618896484375,278.2904968261719,98245.5
/Users/ayush/Downloads/date-fruit-quality-ml/data/kaggle/grading/Kupro/Large/Grade-1/17.jpg,Kupro,Large,Grade-1,train,/Users/ayush/Downloads/date-fruit-quality-ml/data/quality/grade/train/Grade-1/Kupro__Large__17.jpg,515.1826171875,328.23785400390625,134216.0
/Users/ayush/Downloads/date-fruit-quality-ml/data/kaggle/grading/Fasli Toto/Large/Grade-1/83.jpg,Fasli Toto,Large,Grade-1,train,/Users/ayush/Downloads/date-fruit-quality-ml/data/quality/grade/train/Grade-1/Fasli-Toto__Large__83.jpg,508.4271545410156,333.9143981933594,137245.5
/Users/ayush/Downloads/date-fruit-quality-ml/data/kaggle/grading/Gajar/Medium/Grade-1/96.jpg,Gajar,Medium,Grade-1,train,/Users/ayush/Downloads/date-fruit-quality-ml/data/quality/grade/train/Grade-1/Gajar__Medium__96.jpg,560.750732421875,281.2680969238281,126078.5
/Users/ayush/Downloads/date-fruit-quality-ml/data/kaggle/grading/Kupro/Large/Grade-3/87.jpg,Kupro,Large,Grade-3,train,/Users/ayush/Downloads/date-fruit-quality-ml/data/quality/grade/train/Grade-3/Kupro__Large__87.jpg,538.5730590820312,336.51678466796875,146464.5
/Users/ayush/Downloads/date-fruit-quality-ml/data/kaggle/grading/Kupro/Large/Grade-1/78.jpg,Kupro,Large,Grade-1,train,/Users/ayush/Downloads/date-fruit-quality-ml/data/quality/grade/train/Grade-1/Kupro__Large__78.jpg,531.5391845703125,343.71173095703125,143945.5
/Users/ayush/Downloads/date-fruit-quality-ml/data/kaggle/grading/Aseel/Large/Grade-1/34.jpg,Aseel,Large,Grade-1,train,/Users/ayush/Downloads/date-fruit-quality-ml/data/quality/grade/train/Grade-1/Aseel__Large__34.jpg,544.5139770507812,326.1116943359375,139118.0
/Users/ayush/Downloads/date-fruit-quality-ml/data/kaggle/grading/Aseel/Medium/Grade-1/14.jpg,Aseel,Medium,Grade-1,train,/Users/ayush/Downloads/date-fruit-quality-ml/data/quality/grade/train/Grade-1/Aseel__Medium__14.jpg,463.0188293457031,287.02386474609375,104430.5
/Users/ayush/Downloads/date-fruit-quality-ml/data/kaggle/grading/Gajar/Medium/Grade-2/21.jpg,Gajar,Medium,Grade-2,train,/Users/ayush/Downloads/date-fruit-quality-ml/data/quality/grade/train/Grade-2/Gajar__Medium__21.jpg,590.154541015625,278.17529296875,135549.5
/Users/ayush/Downloads/date-fruit-quality-ml/data/kaggle/grading/Aseel/Large/Grade-1/3.jpg,Aseel,Large,Grade-1,train,/Users/ayush/Downloads/date-fruit-quality-ml/data/quality/grade/train/Grade-1/Aseel__Large__3.jpg,554.0374755859375,355.38385009765625,154458.5
/Users/ayush/Downloads/date-fruit-quality-ml/data/kaggle/grading/Gajar/Small/Grade-1/78.jpg,Gajar,Small,Grade-1,train,/Users/ayush/Downloads/date-fruit-quality-ml/data/quality/grade/train/Grade-1/Gajar__Small__78.jpg,598.08349609375,294.93182373046875,132216.5
/Users/ayush/Downloads/date-fruit-quality-ml/data/kaggle/grading/Gajar/Medium/Grade-3/23.jpg,Gajar,Medium,Grade-3,train,/Users/ayush/Downloads/date-fruit-quality-ml/data/quality/grade/train/Grade-3/Gajar__Medium__23.jpg,548.0,262.0,119144.5
/Users/ayush/Downloads/date-fruit-quality-ml/data/kaggle/grading/Gajar/Large/Grade-3/111.jpg,Gajar,Large,Grade-3,train,/Users/ayush/Downloads/date-fruit-quality-ml/data/quality/grade/train/Grade-3/Gajar__Large__111.jpg,618.0,340.0,173366.5
/Users/ayush/Downloads/date-fruit-quality-ml/data/kaggle/grading/Aseel/Medium/Grade-1/160.jpg,Aseel,Medium,Grade-1,train,/Users/ayush/Downloads/date-fruit-quality-ml/data/quality/grade/train/Grade-1/Aseel__Medium__160.jpg,456.88372802734375,309.3671569824219,108658.0
/Users/ayush/Downloads/date-fruit-quality-ml/data/kaggle/grading/Kupro/Large/Grade-1/213.jpg,Kupro,Large,Grade-1,train,/Users/ayush/Downloads/date-fruit-quality-ml/data/quality/grade/train/Grade-1/Kupro__Large__213.jpg,489.3857727050781,373.2276306152344,143413.5
/Users/ayush/Downloads/date-fruit-quality-ml/data/kaggle/grading/Fasli Toto/Large/Grade-1/72.jpg,Fasli Toto,Large,Grade-1,train,/Users/ayush/Downloads/date-fruit-quality-ml/data/quality/grade/train/Grade-1/Fasli-Toto__Large__72.jpg,535.994384765625,302.8097839355469,124176.5
/Users/ayush/Downloads/date-fruit-quality-ml/data/kaggle/grading/Gajar/Medium/Grade-2/30.jpg,Gajar,Medium,Grade-2,train,/Users/ayush/Downloads/date-fruit-quality-ml/data/quality/grade/train/Grade-2/Gajar__Medium__30.jpg,597.296142578125,266.0787048339844,133543.5
/Users/ayush/Downloads/date-fruit-quality-ml/data/kaggle/grading/Gajar/Small/Grade-2/107.jpg,Gajar,Small,Grade-2,train,/Users/ayush/Downloads/date-fruit-quality-ml/data/quality/grade/train/Grade-2/Gajar__Small__107.jpg,538.1555786132812,294.1948547363281,125577.5
/Users/ayush/Downloads/date-fruit-quality-ml/data/kaggle/grading/Aseel/Medium/Grade-1/26.jpg,Aseel,Medium,Grade-1,train,/Users/ayush/Downloads/date-fruit-quality-ml/data/quality/grade/train/Grade-1/Aseel__Medium__26.jpg,500.6708068847656,295.3238220214844,118011.0
/Users/ayush/Downloads/date-fruit-quality-ml/data/kaggle/grading/Fasli Toto/Small/Grade-1/70.jpg,Fasli Toto,Small,Grade-1,train,/Users/ayush/Downloads/date-fruit-quality-ml/data/quality/grade/train/Grade-1/Fasli-Toto__Small__70.jpg,359.6496887207031,265.3963317871094,79515.0
/Users/ayush/Downloads/date-fruit-quality-ml/data/kaggle/grading/Gajar/Large/Grade-3/92.jpg,Gajar,Large,Grade-3,train,/Users/ayush/Downloads/date-fruit-quality-ml/data/quality/grade/train/Grade-3/Gajar__Large__92.jpg,633.5184936523438,280.90289306640625,148639.0
/Users/ayush/Downloads/date-fruit-quality-ml/data/kaggle/grading/Gajar/Large/Grade-1/28.jpg,Gajar,Large,Grade-1,train,/Users/ayush/Downloads/date-fruit-quality-ml/data/quality/grade/train/Grade-1/Gajar__Large__28.jpg,607.009765625,291.61004638671875,145227.0
/Users/ayush/Downloads/date-fruit-quality-ml/data/kaggle/grading/Gajar/Small/Grade-3/156.jpg,Gajar,Small,Grade-3,train,/Users/ayush/Downloads/date-fruit-quality-ml/data/quality/grade/train/Grade-3/Gajar__Small__156.jpg,575.1172485351562,254.42149353027344,118699.5
/Users/ayush/Downloads/date-fruit-quality-ml/data/kaggle/grading/Aseel/Medium/Grade-1/30.jpg,Aseel,Medium,Grade-1,train,/Users/ayush/Downloads/date-fruit-quality-ml/data/quality/grade/train/Grade-1/Aseel__Medium__30.jpg,505.26824951171875,264.41571044921875,113276.5
/Users/ayush/Downloads/date-fruit-quality-ml/data/kaggle/grading/Gajar/Large/Grade-2/48.jpg,Gajar,Large,Grade-2,train,/Users/ayush/Downloads/date-fruit-quality-ml/data/quality/grade/train/Grade-2/Gajar__Large__48.jpg,641.9629516601562,276.4345397949219,150389.5
/Users/ayush/Downloads/date-fruit-quality-ml/data/kaggle/grading/Aseel/Small/Grade-1/144.jpg,Aseel,Small,Grade-1,train,/Users/ayush/Downloads/date-fruit-quality-ml/data/quality/grade/train/Grade-1/Aseel__Small__144.jpg,469.0,261.0,98755.5
/Users/ayush/Downloads/date-fruit-quality-ml/data/kaggle/grading/Aseel/Large/Grade-1/130.jpg,Aseel,Large,Grade-1,train,/Users/ayush/Downloads/date-fruit-quality-ml/data/quality/grade/train/Grade-1/Aseel__Large__130.jpg,549.0197143554688,309.82330322265625,133255.0
/Users/ayush/Downloads/date-fruit-quality-ml/data/kaggle/grading/Gajar/Large/Grade-2/2.jpg,Gajar,Large,Grade-2,train,/Users/ayush/Downloads/date-fruit-quality-ml/data/quality/grade/train/Grade-2/Gajar__Large__2.jpg,648.251708984375,303.7554626464844,167752.5
/Users/ayush/Downloads/date-fruit-quality-ml/data/kaggle/grading/Gajar/Small/Grade-2/120.jpg,Gajar,Small,Grade-2,train,/Users/ayush/Downloads/date-fruit-quality-ml/data/quality/grade/train/Grade-2/Gajar__Small__120.jpg,537.0,256.0,113323.0
/Users/ayush/Downloads/date-fruit-quality-ml/data/kaggle/grading/Fasli Toto/Small/Grade-1/82.jpg,Fasli Toto,Small,Grade-1,train,/Users/ayush/Downloads/date-fruit-quality-ml/data/quality/grade/train/Grade-1/Fasli-Toto__Small__82.jpg,381.18572998046875,279.2856140136719,79705.5
/Users/ayush/Downloads/date-fruit-quality-ml/data/kaggle/grading/Aseel/Medium/Grade-1/130.jpg,Aseel,Medium,Grade-1,train,/Users/ayush/Downloads/date-fruit-quality-ml/data/quality/grade/train/Grade-1/Aseel__Medium__130.jpg,500.36529541015625,263.6000671386719,110434.0
/Users/ayush/Downloads/date-fruit-quality-ml/data/kaggle/grading/Gajar/Large/Grade-1/52.jpg,Gajar,Large,Grade-1,train,/Users/ayush/Downloads/date-fruit-quality-ml/data/quality/grade/train/Grade-1/Gajar__Large__52.jpg,587.0,266.0,126833.0
/Users/ayush/Downloads/date-fruit-quality-ml/data/kaggle/grading/Gajar/Large/Grade-1/44.jpg,Gajar,Large,Grade-1,train,/Users/ayush/Downloads/date-fruit-quality-ml/data/quality/grade/train/Grade-1/Gajar__Large__44.jpg,607.1378173828125,274.7400817871094,142874.5
/Users/ayush/Downloads/date-fruit-quality-ml/data/kaggle/grading/Fasli Toto/Large/Grade-1/85.jpg,Fasli Toto,Large,Grade-1,train,/Users/ayush/Downloads/date-fruit-quality-ml/data/quality/grade/train/Grade-1/Fasli-Toto__Large__85.jpg,509.5679626464844,308.9184265136719,123122.0
/Users/ayush/Downloads/date-fruit-quality-ml/data/kaggle/grading/Fasli Toto/Medium/Grade-1/73.jpg,Fasli Toto,Medium,Grade-1,train,/Users/ayush/Downloads/date-fruit-quality-ml/data/quality/grade/train/Grade-1/Fasli-Toto__Medium__73.jpg,412.67059326171875,240.5535125732422,81044.0
/Users/ayush/Downloads/date-fruit-quality-ml/data/kaggle/grading/Gajar/Medium/Grade-1/8.jpg,Gajar,Medium,Grade-1,train,/Users/ayush/Downloads/date-fruit-quality-ml/data/quality/grade/train/Grade-1/Gajar__Medium__8.jpg,582.0726928710938,275.5431823730469,133578.0
/Users/ayush/Downloads/date-fruit-quality-ml/data/kaggle/grading/Kupro/Large/Grade-1/15.jpg,Kupro,Large,Grade-1,train,/Users/ayush/Downloads/date-fruit-quality-ml/data/quality/grade/train/Grade-1/Kupro__Large__15.jpg,513.3163452148438,351.3682556152344,141620.0
/Users/ayush/Downloads/date-fruit-quality-ml/data/kaggle/grading/Gajar/Medium/Grade-1/60.jpg,Gajar,Medium,Grade-1,train,/Users/ayush/Downloads/date-fruit-quality-ml/data/quality/grade/train/Grade-1/Gajar__Medium__60.jpg,598.52734375,246.1273651123047,117576.5
/Users/ayush/Downloads/date-fruit-quality-ml/data/kaggle/grading/Kupro/Large/Grade-2/180.jpg,Kupro,Large,Grade-2,train,/Users/ayush/Downloads/date-fruit-quality-ml/data/quality/grade/train/Grade-2/Kupro__Large__180.jpg,533.3760986328125,358.5038146972656,151035.0
/Users/ayush/Downloads/date-fruit-quality-ml/data/kaggle/grading/Gajar/Small/Grade-1/186.jpg,Gajar,Small,Grade-1,train,/Users/ayush/Downloads/date-fruit-quality-ml/data/quality/grade/train/Grade-1/Gajar__Small__186.jpg,533.896484375,276.12127685546875,123915.5
/Users/ayush/Downloads/date-fruit-quality-ml/data/kaggle/grading/Kupro/Large/Grade-3/102.jpg,Kupro,Large,Grade-3,train,/Users/ayush/Downloads/date-fruit-quality-ml/data/quality/grade/train/Grade-3/Kupro__Large__102.jpg,500.1139221191406,352.115234375,138193.5
/Users/ayush/Downloads/date-fruit-quality-ml/data/kaggle/grading/Fasli Toto/Small/Grade-1/37.jpg,Fasli Toto,Small,Grade-1,train,/Users/ayush/Downloads/date-fruit-quality-ml/data/quality/grade/train/Grade-1/Fasli-Toto__Small__37.jpg,367.0,268.0,78972.0
/Users/ayush/Downloads/date-fruit-quality-ml/data/kaggle/grading/Fasli Toto/Medium/Grade-1/91.jpg,Fasli Toto,Medium,Grade-1,train,/Users/ayush/Downloads/date-fruit-quality-ml/data/quality/grade/train/Grade-1/Fasli-Toto__Medium__91.jpg,387.10186767578125,283.4851379394531,89638.0
/Users/ayush/Downloads/date-fruit-quality-ml/data/kaggle/grading/Gajar/Medium/Grade-3/80.jpg,Gajar,Medium,Grade-3,train,/Users/ayush/Downloads/date-fruit-quality-ml/data/quality/grade/train/Grade-3/Gajar__Medium__80.jpg,570.7247924804688,293.1309814453125,135054.5
/Users/ayush/Downloads/date-fruit-quality-ml/data/kaggle/grading/Kupro/Large/Grade-2/337.jpg,Kupro,Large,Grade-2,train,/Users/ayush/Downloads/date-fruit-quality-ml/data/quality/grade/train/Grade-2/Kupro__Large__337.jpg,531.0975952148438,352.5322265625,140310.5
/Users/ayush/Downloads/date-fruit-quality-ml/data/kaggle/grading/Kupro/Large/Grade-2/71.jpg,Kupro,Large,Grade-2,train,/Users/ayush/Downloads/date-fruit-quality-ml/data/quality/grade/train/Grade-2/Kupro__Large__71.jpg,497.1357727050781,352.1730651855469,137086.5
/Users/ayush/Downloads/date-fruit-quality-ml/data/kaggle/grading/Gajar/Large/Grade-1/94.jpg,Gajar,Large,Grade-1,train,/Users/ayush/Downloads/date-fruit-quality-ml/data/quality/grade/train/Grade-1/Gajar__Large__94.jpg,609.1337890625,278.7220458984375,144827.5
/Users/ayush/Downloads/date-fruit-quality-ml/data/kaggle/grading/Kupro/Large/Grade-1/252.jpg,Kupro,Large,Grade-1,train,/Users/ayush/Downloads/date-fruit-quality-ml/data/quality/grade/train/Grade-1/Kupro__Large__252.jpg,504.6934814453125,349.0255432128906,138469.0
/Users/ayush/Downloads/date-fruit-quality-ml/data/kaggle/grading/Gajar/Small/Grade-2/102.jpg,Gajar,Small,Grade-2,train,/Users/ayush/Downloads/date-fruit-quality-ml/data/quality/grade/train/Grade-2/Gajar__Small__102.jpg,549.4093017578125,252.9578857421875,113748.5
/Users/ayush/Downloads/date-fruit-quality-ml/data/kaggle/grading/Fasli Toto/Large/Grade-1/80.jpg,Fasli Toto,Large,Grade-1,train,/Users/ayush/Downloads/date-fruit-quality-ml/data/quality/grade/train/Grade-1/Fasli-Toto__Large__80.jpg,509.6411437988281,317.6160583496094,132805.5
/Users/ayush/Downloads/date-fruit-quality-ml/data/kaggle/grading/Gajar/Large/Grade-3/109.jpg,Gajar,Large,Grade-3,train,/Users/ayush/Downloads/date-fruit-quality-ml/data/quality/grade/train/Grade-3/Gajar__Large__109.jpg,638.7304077148438,329.3733825683594,171030.5
/Users/ayush/Downloads/date-fruit-quality-ml/data/kaggle/grading/Gajar/Small/Grade-3/97.jpg,Gajar,Small,Grade-3,train,/Users/ayush/Downloads/date-fruit-quality-ml/data/quality/grade/train/Grade-3/Gajar__Small__97.jpg,543.2272338867188,275.91156005859375,127717.5
/Users/ayush/Downloads/date-fruit-quality-ml/data/kaggle/grading/Kupro/Large/Grade-1/183.jpg,Kupro,Large,Grade-1,train,/Users/ayush/Downloads/date-fruit-quality-ml/data/quality/grade/train/Grade-1/Kupro__Large__183.jpg,496.72930908203125,360.0633239746094,143747.5
/Users/ayush/Downloads/date-fruit-quality-ml/data/kaggle/grading/Gajar/Large/Grade-3/74.jpg,Gajar,Large,Grade-3,train,/Users/ayush/Downloads/date-fruit-quality-ml/data/quality/grade/train/Grade-3/Gajar__Large__74.jpg,643.892333984375,288.3726501464844,150528.0
/Users/ayush/Downloads/date-fruit-quality-ml/data/kaggle/grading/Kupro/Large/Grade-3/82.jpg,Kupro,Large,Grade-3,train,/Users/ayush/Downloads/date-fruit-quality-ml/data/quality/grade/train/Grade-3/Kupro__Large__82.jpg,507.9043884277344,379.18597412109375,150510.5
/Users/ayush/Downloads/date-fruit-quality-ml/data/kaggle/grading/Gajar/Large/Grade-2/62.jpg,Gajar,Large,Grade-2,train,/Users/ayush/Downloads/date-fruit-quality-ml/data/quality/grade/train/Grade-2/Gajar__Large__62.jpg,674.310546875,302.8506164550781,165462.0
/Users/ayush/Downloads/date-fruit-quality-ml/data/kaggle/grading/Aseel/Large/Grade-1/145.jpg,Aseel,Large,Grade-1,train,/Users/ayush/Downloads/date-fruit-quality-ml/data/quality/grade/train/Grade-1/Aseel__Large__145.jpg,494.5802001953125,324.4496765136719,127320.0
/Users/ayush/Downloads/date-fruit-quality-ml/data/kaggle/grading/Gajar/Medium/Grade-3/40.jpg,Gajar,Medium,Grade-3,train,/Users/ayush/Downloads/date-fruit-quality-ml/data/quality/grade/train/Grade-3/Gajar__Medium__40.jpg,541.3909301757812,255.2008819580078,107433.0
/Users/ayush/Downloads/date-fruit-quality-ml/data/kaggle/grading/Gajar/Large/Grade-2/58.jpg,Gajar,Large,Grade-2,train,/Users/ayush/Downloads/date-fruit-quality-ml/data/quality/grade/train/Grade-2/Gajar__Large__58.jpg,622.8607177734375,321.3500061035156,164007.5
/Users/ayush/Downloads/date-fruit-quality-ml/data/kaggle/grading/Gajar/Medium/Grade-1/44.jpg,Gajar,Medium,Grade-1,train,/Users/ayush/Downloads/date-fruit-quality-ml/data/quality/grade/train/Grade-1/Gajar__Medium__44.jpg,587.4420166015625,265.4182434082031,124097.0
/Users/ayush/Downloads/date-fruit-quality-ml/data/kaggle/grading/Gajar/Small/Grade-2/115.jpg,Gajar,Small,Grade-2,train,/Users/ayush/Downloads/date-fruit-quality-ml/data/quality/grade/train/Grade-2/Gajar__Small__115.jpg,563.2741088867188,257.9513854980469,120367.5
/Users/ayush/Downloads/date-fruit-quality-ml/data/kaggle/grading/Gajar/Medium/Grade-1/16.jpg,Gajar,Medium,Grade-1,train,/Users/ayush/Downloads/date-fruit-quality-ml/data/quality/grade/train/Grade-1/Gajar__Medium__16.jpg,545.8768920898438,268.5351867675781,120537.0
/Users/ayush/Downloads/date-fruit-quality-ml/data/kaggle/grading/Gajar/Small/Grade-3/17.jpg,Gajar,Small,Grade-3,train,/Users/ayush/Downloads/date-fruit-quality-ml/data/quality/grade/train/Grade-3/Gajar__Small__17.jpg,540.9729614257812,264.80511474609375,119464.0
/Users/ayush/Downloads/date-fruit-quality-ml/data/kaggle/grading/Gajar/Large/Grade-3/11.jpg,Gajar,Large,Grade-3,train,/Users/ayush/Downloads/date-fruit-quality-ml/data/quality/grade/train/Grade-3/Gajar__Large__11.jpg,606.0,284.0,139244.0
/Users/ayush/Downloads/date-fruit-quality-ml/data/kaggle/grading/Fasli Toto/Medium/Grade-1/127.jpg,Fasli Toto,Medium,Grade-1,train,/Users/ayush/Downloads/date-fruit-quality-ml/data/quality/grade/train/Grade-1/Fasli-Toto__Medium__127.jpg,466.215087890625,253.56613159179688,94385.0
/Users/ayush/Downloads/date-fruit-quality-ml/data/kaggle/grading/Aseel/Medium/Grade-1/108.jpg,Aseel,Medium,Grade-1,train,/Users/ayush/Downloads/date-fruit-quality-ml/data/quality/grade/train/Grade-1/Aseel__Medium__108.jpg,505.610107421875,285.2198181152344,115032.0
/Users/ayush/Downloads/date-fruit-quality-ml/data/kaggle/grading/Fasli Toto/Small/Grade-1/14.jpg,Fasli Toto,Small,Grade-1,train,/Users/ayush/Downloads/date-fruit-quality-ml/data/quality/grade/train/Grade-1/Fasli-Toto__Small__14.jpg,382.2743835449219,253.01812744140625,77587.5
/Users/ayush/Downloads/date-fruit-quality-ml/data/kaggle/grading/Gajar/Medium/Grade-1/142.jpg,Gajar,Medium,Grade-1,train,/Users/ayush/Downloads/date-fruit-quality-ml/data/quality/grade/train/Grade-1/Gajar__Medium__142.jpg,558.7042846679688,256.4117431640625,119875.5
/Users/ayush/Downloads/date-fruit-quality-ml/data/kaggle/grading/Gajar/Large/Grade-1/51.jpg,Gajar,Large,Grade-1,train,/Users/ayush/Downloads/date-fruit-quality-ml/data/quality/grade/train/Grade-1/Gajar__Large__51.jpg,576.9935302734375,257.57891845703125,120467.0
/Users/ayush/Downloads/date-fruit-quality-ml/data/kaggle/grading/Gajar/Medium/Grade-2/22.jpg,Gajar,Medium,Grade-2,train,/Users/ayush/Downloads/date-fruit-quality-ml/data/quality/grade/train/Grade-2/Gajar__Medium__22.jpg,595.0322265625,258.1126403808594,127220.5
/Users/ayush/Downloads/date-fruit-quality-ml/data/kaggle/grading/Gajar/Small/Grade-1/98.jpg,Gajar,Small,Grade-1,train,/Users/ayush/Downloads/date-fruit-quality-ml/data/quality/grade/train/Grade-1/Gajar__Small__98.jpg,573.18701171875,260.5564270019531,123976.5
/Users/ayush/Downloads/date-fruit-quality-ml/data/kaggle/grading/Kupro/Large/Grade-3/85.jpg,Kupro,Large,Grade-3,train,/Users/ayush/Downloads/date-fruit-quality-ml/data/quality/grade/train/Grade-3/Kupro__Large__85.jpg,509.7688903808594,375.38543701171875,150216.5
/Users/ayush/Downloads/date-fruit-quality-ml/data/kaggle/grading/Kupro/Large/Grade-2/283.jpg,Kupro,Large,Grade-2,train,/Users/ayush/Downloads/date-fruit-quality-ml/data/quality/grade/train/Grade-2/Kupro__Large__283.jpg,526.1784057617188,330.70220947265625,132179.0
/Users/ayush/Downloads/date-fruit-quality-ml/data/kaggle/grading/Kupro/Large/Grade-2/155.jpg,Kupro,Large,Grade-2,train,/Users/ayush/Downloads/date-fruit-quality-ml/data/quality/grade/train/Grade-2/Kupro__Large__155.jpg,534.480224609375,350.1323547363281,148870.0
/Users/ayush/Downloads/date-fruit-quality-ml/data/kaggle/grading/Kupro/Large/Grade-1/168.jpg,Kupro,Large,Grade-1,train,/Users/ayush/Downloads/date-fruit-quality-ml/data/quality/grade/train/Grade-1/Kupro__Large__168.jpg,518.652099609375,337.1788024902344,137146.5
/Users/ayush/Downloads/date-fruit-quality-ml/data/kaggle/grading/Gajar/Small/Grade-1/191.jpg,Gajar,Small,Grade-1,train,/Users/ayush/Downloads/date-fruit-quality-ml/data/quality/grade/train/Grade-1/Gajar__Small__191.jpg,572.5374755859375,269.9465026855469,125088.0
/Users/ayush/Downloads/date-fruit-quality-ml/data/kaggle/grading/Aseel/Medium/Grade-1/76.jpg,Aseel,Medium,Grade-1,train,/Users/ayush/Downloads/date-fruit-quality-ml/data/quality/grade/train/Grade-1/Aseel__Medium__76.jpg,517.8872680664062,295.34246826171875,119284.0
/Users/ayush/Downloads/date-fruit-quality-ml/data/kaggle/grading/Gajar/Medium/Grade-1/81.jpg,Gajar,Medium,Grade-1,train,/Users/ayush/Downloads/date-fruit-quality-ml/data/quality/grade/train/Grade-1/Gajar__Medium__81.jpg,575.6979370117188,275.1109924316406,130058.5
/Users/ayush/Downloads/date-fruit-quality-ml/data/kaggle/grading/Gajar/Small/Grade-3/137.jpg,Gajar,Small,Grade-3,train,/Users/ayush/Downloads/date-fruit-quality-ml/data/quality/grade/train/Grade-3/Gajar__Small__137.jpg,587.6448974609375,264.5689697265625,122414.5
/Users/ayush/Downloads/date-fruit-quality-ml/data/kaggle/grading/Kupro/Large/Grade-1/106.jpg,Kupro,Large,Grade-1,train,/Users/ayush/Downloads/date-fruit-quality-ml/data/quality/grade/train/Grade-1/Kupro__Large__106.jpg,485.5256042480469,344.4376220703125,130138.0
/Users/ayush/Downloads/date-fruit-quality-ml/data/kaggle/grading/Kupro/Large/Grade-2/6.jpg,Kupro,Large,Grade-2,train,/Users/ayush/Downloads/date-fruit-quality-ml/data/quality/grade/train/Grade-2/Kupro__Large__6.jpg,486.1358337402344,340.74383544921875,130283.5
/Users/ayush/Downloads/date-fruit-quality-ml/data/kaggle/grading/Kupro/Large/Grade-2/350.jpg,Kupro,Large,Grade-2,train,/Users/ayush/Downloads/date-fruit-quality-ml/data/quality/grade/train/Grade-2/Kupro__Large__350.jpg,514.0,347.0,135510.0
/Users/ayush/Downloads/date-fruit-quality-ml/data/kaggle/grading/Gajar/Small/Grade-1/4.jpg,Gajar,Small,Grade-1,train,/Users/ayush/Downloads/date-fruit-quality-ml/data/quality/grade/train/Grade-1/Gajar__Small__4.jpg,573.559814453125,239.7571563720703,117306.5
/Users/ayush/Downloads/date-fruit-quality-ml/data/kaggle/grading/Kupro/Large/Grade-1/184.jpg,Kupro,Large,Grade-1,train,/Users/ayush/Downloads/date-fruit-quality-ml/data/quality/grade/train/Grade-1/Kupro__Large__184.jpg,437.9959716796875,341.6809387207031,122477.0
/Users/ayush/Downloads/date-fruit-quality-ml/data/kaggle/grading/Kupro/Large/Grade-1/266.jpg,Kupro,Large,Grade-1,train,/Users/ayush/Downloads/date-fruit-quality-ml/data/quality/grade/train/Grade-1/Kupro__Large__266.jpg,510.3058776855469,364.56689453125,146655.0
/Users/ayush/Downloads/date-fruit-quality-ml/data/kaggle/grading/Aseel/Large/Grade-1/17.jpg,Aseel,Large,Grade-1,train,/Users/ayush/Downloads/date-fruit-quality-ml/data/quality/grade/train/Grade-1/Aseel__Large__17.jpg,554.0,325.0,145470.5
/Users/ayush/Downloads/date-fruit-quality-ml/data/kaggle/grading/Gajar/Large/Grade-3/83.jpg,Gajar,Large,Grade-3,train,/Users/ayush/Downloads/date-fruit-quality-ml/data/quality/grade/train/Grade-3/Gajar__Large__83.jpg,648.4509887695312,323.7666931152344,169266.5
/Users/ayush/Downloads/date-fruit-quality-ml/data/kaggle/grading/Fasli Toto/Small/Grade-1/27.jpg,Fasli Toto,Small,Grade-1,train,/Users/ayush/Downloads/date-fruit-quality-ml/data/quality/grade/train/Grade-1/Fasli-Toto__Small__27.jpg,391.2548828125,267.02117919921875,82407.5
/Users/ayush/Downloads/date-fruit-quality-ml/data/kaggle/grading/Kupro/Large/Grade-1/57.jpg,Kupro,Large,Grade-1,train,/Users/ayush/Downloads/date-fruit-quality-ml/data/quality/grade/train/Grade-1/Kupro__Large__57.jpg,495.9578552246094,367.9049987792969,145089.5
/Users/ayush/Downloads/date-fruit-quality-ml/data/kaggle/grading/Aseel/Large/Grade-1/143.jpg,Aseel,Large,Grade-1,train,/Users/ayush/Downloads/date-fruit-quality-ml/data/quality/grade/train/Grade-1/Aseel__Large__143.jpg,496.0684509277344,308.3578796386719,122448.0
/Users/ayush/Downloads/date-fruit-quality-ml/data/kaggle/grading/Gajar/Small/Grade-2/111.jpg,Gajar,Small,Grade-2,train,/Users/ayush/Downloads/date-fruit-quality-ml/data/quality/grade/train/Grade-2/Gajar__Small__111.jpg,538.0,264.0,115318.0
/Users/ayush/Downloads/date-fruit-quality-ml/data/kaggle/grading/Aseel/Medium/Grade-1/96.jpg,Aseel,Medium,Grade-1,train,/Users/ayush/Downloads/date-fruit-quality-ml/data/quality/grade/train/Grade-1/Aseel__Medium__96.jpg,517.8733520507812,256.8794860839844,109244.5
/Users/ayush/Downloads/date-fruit-quality-ml/data/kaggle/grading/Gajar/Medium/Grade-1/95.jpg,Gajar,Medium,Grade-1,train,/Users/ayush/Downloads/date-fruit-quality-ml/data/quality/grade/train/Grade-1/Gajar__Medium__95.jpg,512.9864501953125,238.92247009277344,105264.5
/Users/ayush/Downloads/date-fruit-quality-ml/data/kaggle/grading/Gajar/Small/Grade-3/159.jpg,Gajar,Small,Grade-3,train,/Users/ayush/Downloads/date-fruit-quality-ml/data/quality/grade/train/Grade-3/Gajar__Small__159.jpg,547.3435668945312,284.14306640625,126535.0
/Users/ayush/Downloads/date-fruit-quality-ml/data/kaggle/grading/Kupro/Large/Grade-1/265.jpg,Kupro,Large,Grade-1,train,/Users/ayush/Downloads/date-fruit-quality-ml/data/quality/grade/train/Grade-1/Kupro__Large__265.jpg,504.2345886230469,356.3900451660156,145007.5
/Users/ayush/Downloads/date-fruit-quality-ml/data/kaggle/grading/Gajar/Small/Grade-3/109.jpg,Gajar,Small,Grade-3,train,/Users/ayush/Downloads/date-fruit-quality-ml/data/quality/grade/train/Grade-3/Gajar__Small__109.jpg,537.6392211914062,247.27926635742188,115982.0
/Users/ayush/Downloads/date-fruit-quality-ml/data/kaggle/grading/Gajar/Small/Grade-1/94.jpg,Gajar,Small,Grade-1,train,/Users/ayush/Downloads/date-fruit-quality-ml/data/quality/grade/train/Grade-1/Gajar__Small__94.jpg,527.5687255859375,261.49578857421875,114449.5
/Users/ayush/Downloads/date-fruit-quality-ml/data/kaggle/grading/Gajar/Small/Grade-3/71.jpg,Gajar,Small,Grade-3,train,/Users/ayush/Downloads/date-fruit-quality-ml/data/quality/grade/train/Grade-3/Gajar__Small__71.jpg,500.2916259765625,251.63998413085938,105874.0
/Users/ayush/Downloads/date-fruit-quality-ml/data/kaggle/grading/Kupro/Large/Grade-2/352.jpg,Kupro,Large,Grade-2,train,/Users/ayush/Downloads/date-fruit-quality-ml/data/quality/grade/train/Grade-2/Kupro__Large__352.jpg,523.1467895507812,343.0607604980469,139633.5
/Users/ayush/Downloads/date-fruit-quality-ml/data/kaggle/grading/Kupro/Large/Grade-1/30.jpg,Kupro,Large,Grade-1,train,/Users/ayush/Downloads/date-fruit-quality-ml/data/quality/grade/train/Grade-1/Kupro__Large__30.jpg,460.3583068847656,326.1446533203125,120416.5
/Users/ayush/Downloads/date-fruit-quality-ml/data/kaggle/grading/Fasli Toto/Medium/Grade-1/36.jpg,Fasli Toto,Medium,Grade-1,train,/Users/ayush/Downloads/date-fruit-quality-ml/data/quality/grade/train/Grade-1/Fasli-Toto__Medium__36.jpg,413.0381164550781,286.4345703125,86745.5
/Users/ayush/Downloads/date-fruit-quality-ml/data/kaggle/grading/Fasli Toto/Medium/Grade-1/24.jpg,Fasli Toto,Medium,Grade-1,train,/Users/ayush/Downloads/date-fruit-quality-ml/data/quality/grade/train/Grade-1/Fasli-Toto__Medium__24.jpg,475.27197265625,283.0486145019531,97639.0
/Users/ayush/Downloads/date-fruit-quality-ml/data/kaggle/grading/Gajar/Small/Grade-2/77.jpg,Gajar,Small,Grade-2,train,/Users/ayush/Downloads/date-fruit-quality-ml/data/quality/grade/train/Grade-2/Gajar__Small__77.jpg,531.9256591796875,240.00711059570312,104923.5
/Users/ayush/Downloads/date-fruit-quality-ml/data/kaggle/grading/Kupro/Large/Grade-2/321.jpg,Kupro,Large,Grade-2,train,/Users/ayush/Downloads/date-fruit-quality-ml/data/quality/grade/train/Grade-2/Kupro__Large__321.jpg,504.4198913574219,371.3604736328125,142539.0
/Users/ayush/Downloads/date-fruit-quality-ml/data/kaggle/grading/Fasli Toto/Small/Grade-1/11.jpg,Fasli Toto,Small,Grade-1,train,/Users/ayush/Downloads/date-fruit-quality-ml/data/quality/grade/train/Grade-1/Fasli-Toto__Small__11.jpg,398.4880065917969,248.66885375976562,78537.5
/Users/ayush/Downloads/date-fruit-quality-ml/data/kaggle/grading/Gajar/Small/Grade-1/65.jpg,Gajar,Small,Grade-1,train,/Users/ayush/Downloads/date-fruit-quality-ml/data/quality/grade/train/Grade-1/Gajar__Small__65.jpg,558.3921508789062,233.26571655273438,110536.5
/Users/ayush/Downloads/date-fruit-quality-ml/data/kaggle/grading/Gajar/Large/Grade-1/18.jpg,Gajar,Large,Grade-1,train,/Users/ayush/Downloads/date-fruit-quality-ml/data/quality/grade/train/Grade-1/Gajar__Large__18.jpg,635.96484375,299.78680419921875,159447.5
/Users/ayush/Downloads/date-fruit-quality-ml/data/kaggle/grading/Fasli Toto/Large/Grade-1/29.jpg,Fasli Toto,Large,Grade-1,train,/Users/ayush/Downloads/date-fruit-quality-ml/data/quality/grade/train/Grade-1/Fasli-Toto__Large__29.jpg,415.1990966796875,320.9744567871094,108796.0
/Users/ayush/Downloads/date-fruit-quality-ml/data/kaggle/grading/Kupro/Large/Grade-2/23.jpg,Kupro,Large,Grade-2,train,/Users/ayush/Downloads/date-fruit-quality-ml/data/quality/grade/train/Grade-2/Kupro__Large__23.jpg,530.0,344.0,145714.0
/Users/ayush/Downloads/date-fruit-quality-ml/data/kaggle/grading/Gajar/Small/Grade-3/150.jpg,Gajar,Small,Grade-3,train,/Users/ayush/Downloads/date-fruit-quality-ml/data/quality/grade/train/Grade-3/Gajar__Small__150.jpg,574.98779296875,271.57366943359375,133959.0
/Users/ayush/Downloads/date-fruit-quality-ml/data/kaggle/grading/Gajar/Small/Grade-1/116.jpg,Gajar,Small,Grade-1,train,/Users/ayush/Downloads/date-fruit-quality-ml/data/quality/grade/train/Grade-1/Gajar__Small__116.jpg,518.5723266601562,232.65794372558594,102719.5
/Users/ayush/Downloads/date-fruit-quality-ml/data/kaggle/grading/Kupro/Large/Grade-1/281.jpg,Kupro,Large,Grade-1,train,/Users/ayush/Downloads/date-fruit-quality-ml/data/quality/grade/train/Grade-1/Kupro__Large__281.jpg,555.9998779296875,326.99993896484375,140331.5
/Users/ayush/Downloads/date-fruit-quality-ml/data/kaggle/grading/Gajar/Medium/Grade-3/35.jpg,Gajar,Medium,Grade-3,train,/Users/ayush/Downloads/date-fruit-quality-ml/data/quality/grade/train/Grade-3/Gajar__Medium__35.jpg,535.1448974609375,285.4886474609375,122572.5
/Users/ayush/Downloads/date-fruit-quality-ml/data/kaggle/grading/Gajar/Small/Grade-1/154.jpg,Gajar,Small,Grade-1,train,/Users/ayush/Downloads/date-fruit-quality-ml/data/quality/grade/train/Grade-1/Gajar__Small__154.jpg,551.5328369140625,248.143798828125,112506.5
/Users/ayush/Downloads/date-fruit-quality-ml/data/kaggle/grading/Gajar/Small/Grade-3/123.jpg,Gajar,Small,Grade-3,train,/Users/ayush/Downloads/date-fruit-quality-ml/data/quality/grade/train/Grade-3/Gajar__Small__123.jpg,557.529541015625,250.14279174804688,121362.5
/Users/ayush/Downloads/date-fruit-quality-ml/data/kaggle/grading/Fasli Toto/Large/Grade-1/20.jpg,Fasli Toto,Large,Grade-1,train,/Users/ayush/Downloads/date-fruit-quality-ml/data/quality/grade/train/Grade-1/Fasli-Toto__Large__20.jpg,477.4984436035156,292.0191955566406,116255.5
/Users/ayush/Downloads/date-fruit-quality-ml/data/kaggle/grading/Kupro/Large/Grade-2/280.jpg,Kupro,Large,Grade-2,train,/Users/ayush/Downloads/date-fruit-quality-ml/data/quality/grade/train/Grade-2/Kupro__Large__280.jpg,528.1592407226562,373.87054443359375,146428.0
/Users/ayush/Downloads/date-fruit-quality-ml/data/kaggle/grading/Aseel/Medium/Grade-1/114.jpg,Aseel,Medium,Grade-1,train,/Users/ayush/Downloads/date-fruit-quality-ml/data/quality/grade/train/Grade-1/Aseel__Medium__114.jpg,447.3111267089844,331.028564453125,111627.0
/Users/ayush/Downloads/date-fruit-quality-ml/data/kaggle/grading/Gajar/Small/Grade-2/33.jpg,Gajar,Small,Grade-2,train,/Users/ayush/Downloads/date-fruit-quality-ml/data/quality/grade/train/Grade-2/Gajar__Small__33.jpg,544.9230346679688,259.9292907714844,118780.0
/Users/ayush/Downloads/date-fruit-quality-ml/data/kaggle/grading/Kupro/Large/Grade-3/42.jpg,Kupro,Large,Grade-3,train,/Users/ayush/Downloads/date-fruit-quality-ml/data/quality/grade/train/Grade-3/Kupro__Large__42.jpg,494.0,352.0,132900.0
/Users/ayush/Downloads/date-fruit-quality-ml/data/kaggle/grading/Aseel/Large/Grade-1/57.jpg,Aseel,Large,Grade-1,train,/Users/ayush/Downloads/date-fruit-quality-ml/data/quality/grade/train/Grade-1/Aseel__Large__57.jpg,498.5838623046875,315.38189697265625,129309.5
/Users/ayush/Downloads/date-fruit-quality-ml/data/kaggle/grading/Gajar/Small/Grade-3/66.jpg,Gajar,Small,Grade-3,train,/Users/ayush/Downloads/date-fruit-quality-ml/data/quality/grade/train/Grade-3/Gajar__Small__66.jpg,568.9812622070312,272.42041015625,126906.5
/Users/ayush/Downloads/date-fruit-quality-ml/data/kaggle/grading/Kupro/Large/Grade-2/90.jpg,Kupro,Large,Grade-2,train,/Users/ayush/Downloads/date-fruit-quality-ml/data/quality/grade/train/Grade-2/Kupro__Large__90.jpg,518.0,355.0,143435.5
/Users/ayush/Downloads/date-fruit-quality-ml/data/kaggle/grading/Fasli Toto/Medium/Grade-1/72.jpg,Fasli Toto,Medium,Grade-1,train,/Users/ayush/Downloads/date-fruit-quality-ml/data/quality/grade/train/Grade-1/Fasli-Toto__Medium__72.jpg,385.2241516113281,273.6199951171875,84944.0
/Users/ayush/Downloads/date-fruit-quality-ml/data/kaggle/grading/Kupro/Large/Grade-2/348.jpg,Kupro,Large,Grade-2,train,/Users/ayush/Downloads/date-fruit-quality-ml/data/quality/grade/train/Grade-2/Kupro__Large__348.jpg,487.79266357421875,353.36859130859375,136448.0
/Users/ayush/Downloads/date-fruit-quality-ml/data/kaggle/grading/Kupro/Large/Grade-2/187.jpg,Kupro,Large,Grade-2,train,/Users/ayush/Downloads/date-fruit-quality-ml/data/quality/grade/train/Grade-2/Kupro__Large__187.jpg,514.7102661132812,362.160888671875,148727.0
/Users/ayush/Downloads/date-fruit-quality-ml/data/kaggle/grading/Fasli Toto/Small/Grade-1/43.jpg,Fasli Toto,Small,Grade-1,train,/Users/ayush/Downloads/date-fruit-quality-ml/data/quality/grade/train/Grade-1/Fasli-Toto__Small__43.jpg,380.48284912109375,260.5493469238281,75554.5
/Users/ayush/Downloads/date-fruit-quality-ml/data/kaggle/grading/Gajar/Large/Grade-1/12.jpg,Gajar,Large,Grade-1,train,/Users/ayush/Downloads/date-fruit-quality-ml/data/quality/grade/train/Grade-1/Gajar__Large__12.jpg,657.4277954101562,277.4007873535156,150970.0
/Users/ayush/Downloads/date-fruit-quality-ml/data/kaggle/grading/Kupro/Large/Grade-2/229.jpg,Kupro,Large,Grade-2,train,/Users/ayush/Downloads/date-fruit-quality-ml/data/quality/grade/train/Grade-2/Kupro__Large__229.jpg,497.0,339.0,132872.0
/Users/ayush/Downloads/date-fruit-quality-ml/data/kaggle/grading/Kupro/Large/Grade-1/302.jpg,Kupro,Large,Grade-1,train,/Users/ayush/Downloads/date-fruit-quality-ml/data/quality/grade/train/Grade-1/Kupro__Large__302.jpg,477.38348388671875,329.3558654785156,127247.5
/Users/ayush/Downloads/date-fruit-quality-ml/data/kaggle/grading/Gajar/Large/Grade-3/7.jpg,Gajar,Large,Grade-3,train,/Users/ayush/Downloads/date-fruit-quality-ml/data/quality/grade/train/Grade-3/Gajar__Large__7.jpg,642.4346313476562,282.4945373535156,155345.5
/Users/ayush/Downloads/date-fruit-quality-ml/data/kaggle/grading/Aseel/Small/Grade-1/4.jpg,Aseel,Small,Grade-1,train,/Users/ayush/Downloads/date-fruit-quality-ml/data/quality/grade/train/Grade-1/Aseel__Small__4.jpg,479.9031677246094,250.9991912841797,100808.0
/Users/ayush/Downloads/date-fruit-quality-ml/data/kaggle/grading/Fasli Toto/Medium/Grade-1/129.jpg,Fasli Toto,Medium,Grade-1,train,/Users/ayush/Downloads/date-fruit-quality-ml/data/quality/grade/train/Grade-1/Fasli-Toto__Medium__129.jpg,426.1665344238281,276.9695129394531,93528.0
/Users/ayush/Downloads/date-fruit-quality-ml/data/kaggle/grading/Gajar/Small/Grade-2/105.jpg,Gajar,Small,Grade-2,train,/Users/ayush/Downloads/date-fruit-quality-ml/data/quality/grade/train/Grade-2/Gajar__Small__105.jpg,544.0178833007812,214.15858459472656,101546.0
/Users/ayush/Downloads/date-fruit-quality-ml/data/kaggle/grading/Aseel/Small/Grade-1/142.jpg,Aseel,Small,Grade-1,train,/Users/ayush/Downloads/date-fruit-quality-ml/data/quality/grade/train/Grade-1/Aseel__Small__142.jpg,412.6051330566406,260.2735900878906,85655.5
/Users/ayush/Downloads/date-fruit-quality-ml/data/kaggle/grading/Kupro/Large/Grade-3/9.jpg,Kupro,Large,Grade-3,train,/Users/ayush/Downloads/date-fruit-quality-ml/data/quality/grade/train/Grade-3/Kupro__Large__9.jpg,499.9736022949219,365.4279479980469,142729.0
/Users/ayush/Downloads/date-fruit-quality-ml/data/kaggle/grading/Gajar/Small/Grade-1/126.jpg,Gajar,Small,Grade-1,train,/Users/ayush/Downloads/date-fruit-quality-ml/data/quality/grade/train/Grade-1/Gajar__Small__126.jpg,518.6304931640625,232.53237915039062,104167.0
/Users/ayush/Downloads/date-fruit-quality-ml/data/kaggle/grading/Aseel/Medium/Grade-1/20.jpg,Aseel,Medium,Grade-1,train,/Users/ayush/Downloads/date-fruit-quality-ml/data/quality/grade/train/Grade-1/Aseel__Medium__20.jpg,507.0107116699219,296.5645751953125,118370.5
/Users/ayush/Downloads/date-fruit-quality-ml/data/kaggle/grading/Aseel/Small/Grade-1/98.jpg,Aseel,Small,Grade-1,train,/Users/ayush/Downloads/date-fruit-quality-ml/data/quality/grade/train/Grade-1/Aseel__Small__98.jpg,465.2192077636719,256.3207092285156,92973.0
/Users/ayush/Downloads/date-fruit-quality-ml/data/kaggle/grading/Aseel/Medium/Grade-1/72.jpg,Aseel,Medium,Grade-1,train,/Users/ayush/Downloads/date-fruit-quality-ml/data/quality/grade/train/Grade-1/Aseel__Medium__72.jpg,477.64337158203125,280.49755859375,108916.5
/Users/ayush/Downloads/date-fruit-quality-ml/data/kaggle/grading/Gajar/Medium/Grade-3/36.jpg,Gajar,Medium,Grade-3,train,/Users/ayush/Downloads/date-fruit-quality-ml/data/quality/grade/train/Grade-3/Gajar__Medium__36.jpg,529.3829345703125,268.04498291015625,118027.0
/Users/ayush/Downloads/date-fruit-quality-ml/data/kaggle/grading/Gajar/Large/Grade-3/112.jpg,Gajar,Large,Grade-3,train,/Users/ayush/Downloads/date-fruit-quality-ml/data/quality/grade/train/Grade-3/Gajar__Large__112.jpg,636.3839111328125,296.9576416015625,156056.0
/Users/ayush/Downloads/date-fruit-quality-ml/data/kaggle/grading/Gajar/Small/Grade-1/69.jpg,Gajar,Small,Grade-1,train,/Users/ayush/Downloads/date-fruit-quality-ml/data/quality/grade/train/Grade-1/Gajar__Small__69.jpg,556.9925537109375,254.04473876953125,114842.5
/Users/ayush/Downloads/date-fruit-quality-ml/data/kaggle/grading/Gajar/Medium/Grade-1/71.jpg,Gajar,Medium,Grade-1,train,/Users/ayush/Downloads/date-fruit-quality-ml/data/quality/grade/train/Grade-1/Gajar__Medium__71.jpg,579.9998779296875,263.99993896484375,128324.0
/Users/ayush/Downloads/date-fruit-quality-ml/data/kaggle/grading/Kupro/Large/Grade-1/114.jpg,Kupro,Large,Grade-1,train,/Users/ayush/Downloads/date-fruit-quality-ml/data/quality/grade/train/Grade-1/Kupro__Large__114.jpg,542.1000366210938,313.0262756347656,133090.5
/Users/ayush/Downloads/date-fruit-quality-ml/data/kaggle/grading/Kupro/Large/Grade-2/189.jpg,Kupro,Large,Grade-2,train,/Users/ayush/Downloads/date-fruit-quality-ml/data/quality/grade/train/Grade-2/Kupro__Large__189.jpg,510.0,368.0,149097.5
/Users/ayush/Downloads/date-fruit-quality-ml/data/kaggle/grading/Gajar/Large/Grade-3/21.jpg,Gajar,Large,Grade-3,train,/Users/ayush/Downloads/date-fruit-quality-ml/data/quality/grade/train/Grade-3/Gajar__Large__21.jpg,661.4668579101562,285.3150634765625,160023.0
/Users/ayush/Downloads/date-fruit-quality-ml/data/kaggle/grading/Gajar/Large/Grade-2/7.jpg,Gajar,Large,Grade-2,train,/Users/ayush/Downloads/date-fruit-quality-ml/data/quality/grade/train/Grade-2/Gajar__Large__7.jpg,632.4569702148438,279.2579345703125,142329.0
/Users/ayush/Downloads/date-fruit-quality-ml/data/kaggle/grading/Kupro/Large/Grade-2/194.jpg,Kupro,Large,Grade-2,train,/Users/ayush/Downloads/date-fruit-quality-ml/data/quality/grade/train/Grade-2/Kupro__Large__194.jpg,523.0320434570312,374.67010498046875,153305.5
/Users/ayush/Downloads/date-fruit-quality-ml/data/kaggle/grading/Kupro/Large/Grade-1/60.jpg,Kupro,Large,Grade-1,train,/Users/ayush/Downloads/date-fruit-quality-ml/data/quality/grade/train/Grade-1/Kupro__Large__60.jpg,526.3301391601562,290.2598571777344,119642.5
/Users/ayush/Downloads/date-fruit-quality-ml/data/kaggle/grading/Kupro/Large/Grade-3/2.jpg,Kupro,Large,Grade-3,train,/Users/ayush/Downloads/date-fruit-quality-ml/data/quality/grade/train/Grade-3/Kupro__Large__2.jpg,484.2834777832031,333.6289367675781,124447.0
/Users/ayush/Downloads/date-fruit-quality-ml/data/kaggle/grading/Gajar/Large/Grade-2/37.jpg,Gajar,Large,Grade-2,train,/Users/ayush/Downloads/date-fruit-quality-ml/data/quality/grade/train/Grade-2/Gajar__Large__37.jpg,614.0,284.0,146007.5
/Users/ayush/Downloads/date-fruit-quality-ml/data/kaggle/grading/Gajar/Large/Grade-3/80.jpg,Gajar,Large,Grade-3,train,/Users/ayush/Downloads/date-fruit-quality-ml/data/quality/grade/train/Grade-3/Gajar__Large__80.jpg,624.3274536132812,287.87921142578125,148047.5
/Users/ayush/Downloads/date-fruit-quality-ml/data/kaggle/grading/Aseel/Large/Grade-1/134.jpg,Aseel,Large,Grade-1,train,/Users/ayush/Downloads/date-fruit-quality-ml/data/quality/grade/train/Grade-1/Aseel__Large__134.jpg,526.4314575195312,299.66815185546875,127876.0
/Users/ayush/Downloads/date-fruit-quality-ml/data/kaggle/grading/Gajar/Small/Grade-2/71.jpg,Gajar,Small,Grade-2,train,/Users/ayush/Downloads/date-fruit-quality-ml/data/quality/grade/train/Grade-2/Gajar__Small__71.jpg,578.774169921875,276.4071044921875,134236.5
/Users/ayush/Downloads/date-fruit-quality-ml/data/kaggle/grading/Kupro/Large/Grade-3/41.jpg,Kupro,Large,Grade-3,train,/Users/ayush/Downloads/date-fruit-quality-ml/data/quality/grade/train/Grade-3/Kupro__Large__41.jpg,510.0,330.0,130751.0
/Users/ayush/Downloads/date-fruit-quality-ml/data/kaggle/grading/Gajar/Small/Grade-1/48.jpg,Gajar,Small,Grade-1,train,/Users/ayush/Downloads/date-fruit-quality-ml/data/quality/grade/train/Grade-1/Gajar__Small__48.jpg,558.0480346679688,255.052978515625,121818.0
/Users/ayush/Downloads/date-fruit-quality-ml/data/kaggle/grading/Aseel/Large/Grade-1/78.jpg,Aseel,Large,Grade-1,train,/Users/ayush/Downloads/date-fruit-quality-ml/data/quality/grade/train/Grade-1/Aseel__Large__78.jpg,499.25189208984375,322.37286376953125,128329.5
/Users/ayush/Downloads/date-fruit-quality-ml/data/kaggle/grading/Gajar/Large/Grade-3/50.jpg,Gajar,Large,Grade-3,train,/Users/ayush/Downloads/date-fruit-quality-ml/data/quality/grade/train/Grade-3/Gajar__Large__50.jpg,626.34716796875,275.1149597167969,141155.0
/Users/ayush/Downloads/date-fruit-quality-ml/data/kaggle/grading/Kupro/Large/Grade-1/294.jpg,Kupro,Large,Grade-1,train,/Users/ayush/Downloads/date-fruit-quality-ml/data/quality/grade/train/Grade-1/Kupro__Large__294.jpg,505.6576232910156,338.1148376464844,137987.5
/Users/ayush/Downloads/date-fruit-quality-ml/data/kaggle/grading/Kupro/Large/Grade-1/259.jpg,Kupro,Large,Grade-1,train,/Users/ayush/Downloads/date-fruit-quality-ml/data/quality/grade/train/Grade-1/Kupro__Large__259.jpg,506.66314697265625,369.8186340332031,146514.5
/Users/ayush/Downloads/date-fruit-quality-ml/data/kaggle/grading/Fasli Toto/Large/Grade-1/66.jpg,Fasli Toto,Large,Grade-1,train,/Users/ayush/Downloads/date-fruit-quality-ml/data/quality/grade/train/Grade-1/Fasli-Toto__Large__66.jpg,497.19097900390625,279.0332336425781,111358.5
/Users/ayush/Downloads/date-fruit-quality-ml/data/kaggle/grading/Aseel/Medium/Grade-1/103.jpg,Aseel,Medium,Grade-1,train,/Users/ayush/Downloads/date-fruit-quality-ml/data/quality/grade/train/Grade-1/Aseel__Medium__103.jpg,480.3642578125,295.5869445800781,112318.0
/Users/ayush/Downloads/date-fruit-quality-ml/data/kaggle/grading/Kupro/Large/Grade-1/230.jpg,Kupro,Large,Grade-1,train,/Users/ayush/Downloads/date-fruit-quality-ml/data/quality/grade/train/Grade-1/Kupro__Large__230.jpg,516.0245361328125,350.4326171875,141768.0
/Users/ayush/Downloads/date-fruit-quality-ml/data/kaggle/grading/Gajar/Small/Grade-3/171.jpg,Gajar,Small,Grade-3,train,/Users/ayush/Downloads/date-fruit-quality-ml/data/quality/grade/train/Grade-3/Gajar__Small__171.jpg,605.2448120117188,263.9300842285156,133740.0
/Users/ayush/Downloads/date-fruit-quality-ml/data/kaggle/grading/Aseel/Large/Grade-1/29.jpg,Aseel,Large,Grade-1,train,/Users/ayush/Downloads/date-fruit-quality-ml/data/quality/grade/train/Grade-1/Aseel__Large__29.jpg,535.0,314.0,134641.0
/Users/ayush/Downloads/date-fruit-quality-ml/data/kaggle/grading/Gajar/Small/Grade-3/110.jpg,Gajar,Small,Grade-3,train,/Users/ayush/Downloads/date-fruit-quality-ml/data/quality/grade/train/Grade-3/Gajar__Small__110.jpg,565.9680786132812,239.7003173828125,114179.5
/Users/ayush/Downloads/date-fruit-quality-ml/data/kaggle/grading/Fasli Toto/Medium/Grade-1/46.jpg,Fasli Toto,Medium,Grade-1,train,/Users/ayush/Downloads/date-fruit-quality-ml/data/quality/grade/train/Grade-1/Fasli-Toto__Medium__46.jpg,405.70068359375,251.7257080078125,84682.5
/Users/ayush/Downloads/date-fruit-quality-ml/data/kaggle/grading/Gajar/Large/Grade-3/25.jpg,Gajar,Large,Grade-3,train,/Users/ayush/Downloads/date-fruit-quality-ml/data/quality/grade/train/Grade-3/Gajar__Large__25.jpg,614.0718994140625,286.3981018066406,148799.5
/Users/ayush/Downloads/date-fruit-quality-ml/data/kaggle/grading/Aseel/Large/Grade-1/59.jpg,Aseel,Large,Grade-1,train,/Users/ayush/Downloads/date-fruit-quality-ml/data/quality/grade/train/Grade-1/Aseel__Large__59.jpg,533.1569213867188,309.2036437988281,130444.5
/Users/ayush/Downloads/date-fruit-quality-ml/data/kaggle/grading/Aseel/Medium/Grade-1/1.jpg,Aseel,Medium,Grade-1,train,/Users/ayush/Downloads/date-fruit-quality-ml/data/quality/grade/train/Grade-1/Aseel__Medium__1.jpg,534.90234375,271.1853942871094,117377.5
/Users/ayush/Downloads/date-fruit-quality-ml/data/kaggle/grading/Gajar/Small/Grade-3/162.jpg,Gajar,Small,Grade-3,train,/Users/ayush/Downloads/date-fruit-quality-ml/data/quality/grade/train/Grade-3/Gajar__Small__162.jpg,566.7384033203125,251.533935546875,113113.5
/Users/ayush/Downloads/date-fruit-quality-ml/data/kaggle/grading/Kupro/Large/Grade-1/31.jpg,Kupro,Large,Grade-1,train,/Users/ayush/Downloads/date-fruit-quality-ml/data/quality/grade/train/Grade-1/Kupro__Large__31.jpg,456.1670227050781,338.2043762207031,125144.0
/Users/ayush/Downloads/date-fruit-quality-ml/data/kaggle/grading/Kupro/Large/Grade-2/52.jpg,Kupro,Large,Grade-2,train,/Users/ayush/Downloads/date-fruit-quality-ml/data/quality/grade/train/Grade-2/Kupro__Large__52.jpg,490.2142333984375,340.0974426269531,134483.5
/Users/ayush/Downloads/date-fruit-quality-ml/data/kaggle/grading/Gajar/Large/Grade-3/108.jpg,Gajar,Large,Grade-3,train,/Users/ayush/Downloads/date-fruit-quality-ml/data/quality/grade/train/Grade-3/Gajar__Large__108.jpg,613.3282470703125,279.00238037109375,146568.0
/Users/ayush/Downloads/date-fruit-quality-ml/data/kaggle/grading/Kupro/Large/Grade-2/262.jpg,Kupro,Large,Grade-2,train,/Users/ayush/Downloads/date-fruit-quality-ml/data/quality/grade/train/Grade-2/Kupro__Large__262.jpg,493.3440856933594,362.85009765625,139933.5
/Users/ayush/Downloads/date-fruit-quality-ml/data/kaggle/grading/Fasli Toto/Small/Grade-1/23.jpg,Fasli Toto,Small,Grade-1,train,/Users/ayush/Downloads/date-fruit-quality-ml/data/quality/grade/train/Grade-1/Fasli-Toto__Small__23.jpg,393.97467041015625,246.2296905517578,71213.0
/Users/ayush/Downloads/date-fruit-quality-ml/data/kaggle/grading/Fasli Toto/Small/Grade-1/63.jpg,Fasli Toto,Small,Grade-1,train,/Users/ayush/Downloads/date-fruit-quality-ml/data/quality/grade/train/Grade-1/Fasli-Toto__Small__63.jpg,352.0,276.0,77182.5
/Users/ayush/Downloads/date-fruit-quality-ml/data/kaggle/grading/Gajar/Small/Grade-3/36.jpg,Gajar,Small,Grade-3,train,/Users/ayush/Downloads/date-fruit-quality-ml/data/quality/grade/train/Grade-3/Gajar__Small__36.jpg,556.0120239257812,247.69869995117188,116116.5
/Users/ayush/Downloads/date-fruit-quality-ml/data/kaggle/grading/Fasli Toto/Medium/Grade-1/138.jpg,Fasli Toto,Medium,Grade-1,train,/Users/ayush/Downloads/date-fruit-quality-ml/data/quality/grade/train/Grade-1/Fasli-Toto__Medium__138.jpg,370.1199035644531,325.0706787109375,94530.5
/Users/ayush/Downloads/date-fruit-quality-ml/data/kaggle/grading/Gajar/Small/Grade-1/119.jpg,Gajar,Small,Grade-1,train,/Users/ayush/Downloads/date-fruit-quality-ml/data/quality/grade/train/Grade-1/Gajar__Small__119.jpg,563.2741088867188,257.9513854980469,120367.5
/Users/ayush/Downloads/date-fruit-quality-ml/data/kaggle/grading/Aseel/Small/Grade-1/92.jpg,Aseel,Small,Grade-1,train,/Users/ayush/Downloads/date-fruit-quality-ml/data/quality/grade/train/Grade-1/Aseel__Small__92.jpg,444.3829040527344,268.10186767578125,91603.5
/Users/ayush/Downloads/date-fruit-quality-ml/data/kaggle/grading/Aseel/Small/Grade-1/118.jpg,Aseel,Small,Grade-1,train,/Users/ayush/Downloads/date-fruit-quality-ml/data/quality/grade/train/Grade-1/Aseel__Small__118.jpg,455.8265380859375,255.92356872558594,97079.0
/Users/ayush/Downloads/date-fruit-quality-ml/data/kaggle/grading/Kupro/Large/Grade-1/284.jpg,Kupro,Large,Grade-1,train,/Users/ayush/Downloads/date-fruit-quality-ml/data/quality/grade/train/Grade-1/Kupro__Large__284.jpg,524.0570678710938,338.26226806640625,136214.5
/Users/ayush/Downloads/date-fruit-quality-ml/data/kaggle/grading/Kupro/Large/Grade-1/212.jpg,Kupro,Large,Grade-1,train,/Users/ayush/Downloads/date-fruit-quality-ml/data/quality/grade/train/Grade-1/Kupro__Large__212.jpg,477.19976806640625,354.87249755859375,134303.5
/Users/ayush/Downloads/date-fruit-quality-ml/data/kaggle/grading/Kupro/Large/Grade-1/151.jpg,Kupro,Large,Grade-1,train,/Users/ayush/Downloads/date-fruit-quality-ml/data/quality/grade/train/Grade-1/Kupro__Large__151.jpg,444.4869384765625,368.3996276855469,126845.0
/Users/ayush/Downloads/date-fruit-quality-ml/data/kaggle/grading/Kupro/Large/Grade-2/292.jpg,Kupro,Large,Grade-2,train,/Users/ayush/Downloads/date-fruit-quality-ml/data/quality/grade/train/Grade-2/Kupro__Large__292.jpg,456.60650634765625,348.0526428222656,126404.5
/Users/ayush/Downloads/date-fruit-quality-ml/data/kaggle/grading/Kupro/Large/Grade-2/56.jpg,Kupro,Large,Grade-2,train,/Users/ayush/Downloads/date-fruit-quality-ml/data/quality/grade/train/Grade-2/Kupro__Large__56.jpg,496.67376708984375,329.1798095703125,126933.0
/Users/ayush/Downloads/date-fruit-quality-ml/data/kaggle/grading/Gajar/Medium/Grade-1/67.jpg,Gajar,Medium,Grade-1,train,/Users/ayush/Downloads/date-fruit-quality-ml/data/quality/grade/train/Grade-1/Gajar__Medium__67.jpg,546.5067749023438,267.0514221191406,119209.0
/Users/ayush/Downloads/date-fruit-quality-ml/data/kaggle/grading/Kupro/Large/Grade-3/107.jpg,Kupro,Large,Grade-3,train,/Users/ayush/Downloads/date-fruit-quality-ml/data/quality/grade/train/Grade-3/Kupro__Large__107.jpg,475.0,342.0,129877.0
/Users/ayush/Downloads/date-fruit-quality-ml/data/kaggle/grading/Fasli Toto/Large/Grade-1/104.jpg,Fasli Toto,Large,Grade-1,train,/Users/ayush/Downloads/date-fruit-quality-ml/data/quality/grade/train/Grade-1/Fasli-Toto__Large__104.jpg,455.37481689453125,366.8785400390625,126964.0
/Users/ayush/Downloads/date-fruit-quality-ml/data/kaggle/grading/Gajar/Small/Grade-1/56.jpg,Gajar,Small,Grade-1,train,/Users/ayush/Downloads/date-fruit-quality-ml/data/quality/grade/train/Grade-1/Gajar__Small__56.jpg,563.0,238.0,112619.0
/Users/ayush/Downloads/date-fruit-quality-ml/data/kaggle/grading/Aseel/Small/Grade-1/115.jpg,Aseel,Small,Grade-1,train,/Users/ayush/Downloads/date-fruit-quality-ml/data/quality/grade/train/Grade-1/Aseel__Small__115.jpg,427.396484375,222.38021850585938,79227.5
/Users/ayush/Downloads/date-fruit-quality-ml/data/kaggle/grading/Kupro/Large/Grade-1/236.jpg,Kupro,Large,Grade-1,train,/Users/ayush/Downloads/date-fruit-quality-ml/data/quality/grade/train/Grade-1/Kupro__Large__236.jpg,530.0,373.0,155420.0
/Users/ayush/Downloads/date-fruit-quality-ml/data/kaggle/grading/Kupro/Large/Grade-1/1.jpg,Kupro,Large,Grade-1,train,/Users/ayush/Downloads/date-fruit-quality-ml/data/quality/grade/train/Grade-1/Kupro__Large__1.jpg,495.6872863769531,362.7969970703125,143238.5
/Users/ayush/Downloads/date-fruit-quality-ml/data/kaggle/grading/Aseel/Medium/Grade-1/50.jpg,Aseel,Medium,Grade-1,train,/Users/ayush/Downloads/date-fruit-quality-ml/data/quality/grade/train/Grade-1/Aseel__Medium__50.jpg,494.302734375,247.3176727294922,102558.0
/Users/ayush/Downloads/date-fruit-quality-ml/data/kaggle/grading/Fasli Toto/Large/Grade-1/4.jpg,Fasli Toto,Large,Grade-1,train,/Users/ayush/Downloads/date-fruit-quality-ml/data/quality/grade/train/Grade-1/Fasli-Toto__Large__4.jpg,495.0,268.0,111285.0
/Users/ayush/Downloads/date-fruit-quality-ml/data/kaggle/grading/Kupro/Large/Grade-1/144.jpg,Kupro,Large,Grade-1,train,/Users/ayush/Downloads/date-fruit-quality-ml/data/quality/grade/train/Grade-1/Kupro__Large__144.jpg,507.0351257324219,338.7595520019531,130021.0
/Users/ayush/Downloads/date-fruit-quality-ml/data/kaggle/grading/Gajar/Small/Grade-3/130.jpg,Gajar,Small,Grade-3,train,/Users/ayush/Downloads/date-fruit-quality-ml/data/quality/grade/train/Grade-3/Gajar__Small__130.jpg,555.959716796875,246.7522430419922,114172.5
/Users/ayush/Downloads/date-fruit-quality-ml/data/kaggle/grading/Gajar/Small/Grade-2/34.jpg,Gajar,Small,Grade-2,train,/Users/ayush/Downloads/date-fruit-quality-ml/data/quality/grade/train/Grade-2/Gajar__Small__34.jpg,561.4982299804688,253.47900390625,121258.5
/Users/ayush/Downloads/date-fruit-quality-ml/data/kaggle/grading/Gajar/Large/Grade-3/115.jpg,Gajar,Large,Grade-3,train,/Users/ayush/Downloads/date-fruit-quality-ml/data/quality/grade/train/Grade-3/Gajar__Large__115.jpg,674.6254272460938,296.9540100097656,163576.0
/Users/ayush/Downloads/date-fruit-quality-ml/data/kaggle/grading/Fasli Toto/Large/Grade-1/57.jpg,Fasli Toto,Large,Grade-1,train,/Users/ayush/Downloads/date-fruit-quality-ml/data/quality/grade/train/Grade-1/Fasli-Toto__Large__57.jpg,504.127685546875,307.673828125,120851.0
/Users/ayush/Downloads/date-fruit-quality-ml/data/kaggle/grading/Aseel/Large/Grade-1/73.jpg,Aseel,Large,Grade-1,train,/Users/ayush/Downloads/date-fruit-quality-ml/data/quality/grade/train/Grade-1/Aseel__Large__73.jpg,509.23492431640625,304.44476318359375,124065.0
/Users/ayush/Downloads/date-fruit-quality-ml/data/kaggle/grading/Gajar/Large/Grade-2/12.jpg,Gajar,Large,Grade-2,train,/Users/ayush/Downloads/date-fruit-quality-ml/data/quality/grade/train/Grade-2/Gajar__Large__12.jpg,624.2498779296875,277.4312438964844,144768.5
/Users/ayush/Downloads/date-fruit-quality-ml/data/kaggle/grading/Kupro/Large/Grade-2/8.jpg,Kupro,Large,Grade-2,train,/Users/ayush/Downloads/date-fruit-quality-ml/data/quality/grade/train/Grade-2/Kupro__Large__8.jpg,497.0,349.0,135144.5
/Users/ayush/Downloads/date-fruit-quality-ml/data/kaggle/grading/Gajar/Small/Grade-3/169.jpg,Gajar,Small,Grade-3,train,/Users/ayush/Downloads/date-fruit-quality-ml/data/quality/grade/train/Grade-3/Gajar__Small__169.jpg,570.5994262695312,267.42041015625,127894.5
/Users/ayush/Downloads/date-fruit-quality-ml/data/kaggle/grading/Aseel/Large/Grade-1/89.jpg,Aseel,Large,Grade-1,train,/Users/ayush/Downloads/date-fruit-quality-ml/data/quality/grade/train/Grade-1/Aseel__Large__89.jpg,523.3097534179688,293.9222717285156,125871.5
/Users/ayush/Downloads/date-fruit-quality-ml/data/kaggle/grading/Gajar/Large/Grade-3/75.jpg,Gajar,Large,Grade-3,train,/Users/ayush/Downloads/date-fruit-quality-ml/data/quality/grade/train/Grade-3/Gajar__Large__75.jpg,629.8681640625,298.15625,152488.0
/Users/ayush/Downloads/date-fruit-quality-ml/data/kaggle/grading/Kupro/Large/Grade-2/303.jpg,Kupro,Large,Grade-2,train,/Users/ayush/Downloads/date-fruit-quality-ml/data/quality/grade/train/Grade-2/Kupro__Large__303.jpg,510.6229248046875,375.8014221191406,154240.5
/Users/ayush/Downloads/date-fruit-quality-ml/data/kaggle/grading/Aseel/Large/Grade-1/96.jpg,Aseel,Large,Grade-1,train,/Users/ayush/Downloads/date-fruit-quality-ml/data/quality/grade/train/Grade-1/Aseel__Large__96.jpg,494.7984924316406,349.8036193847656,137194.5
/Users/ayush/Downloads/date-fruit-quality-ml/data/kaggle/grading/Gajar/Large/Grade-2/38.jpg,Gajar,Large,Grade-2,train,/Users/ayush/Downloads/date-fruit-quality-ml/data/quality/grade/train/Grade-2/Gajar__Large__38.jpg,631.2701416015625,269.3315124511719,140566.5
/Users/ayush/Downloads/date-fruit-quality-ml/data/kaggle/grading/Kupro/Large/Grade-2/247.jpg,Kupro,Large,Grade-2,train,/Users/ayush/Downloads/date-fruit-quality-ml/data/quality/grade/train/Grade-2/Kupro__Large__247.jpg,480.51055908203125,349.9019775390625,135168.0
/Users/ayush/Downloads/date-fruit-quality-ml/data/kaggle/grading/Gajar/Small/Grade-1/10.jpg,Gajar,Small,Grade-1,train,/Users/ayush/Downloads/date-fruit-quality-ml/data/quality/grade/train/Grade-1/Gajar__Small__10.jpg,525.4020385742188,247.8551483154297,108238.0
/Users/ayush/Downloads/date-fruit-quality-ml/data/kaggle/grading/Aseel/Medium/Grade-1/43.jpg,Aseel,Medium,Grade-1,train,/Users/ayush/Downloads/date-fruit-quality-ml/data/quality/grade/train/Grade-1/Aseel__Medium__43.jpg,507.85345458984375,277.24359130859375,115859.0
/Users/ayush/Downloads/date-fruit-quality-ml/data/kaggle/grading/Gajar/Small/Grade-1/40.jpg,Gajar,Small,Grade-1,train,/Users/ayush/Downloads/date-fruit-quality-ml/data/quality/grade/train/Grade-1/Gajar__Small__40.jpg,527.3624267578125,268.1050109863281,113956.0
/Users/ayush/Downloads/date-fruit-quality-ml/data/kaggle/grading/Gajar/Medium/Grade-2/61.jpg,Gajar,Medium,Grade-2,train,/Users/ayush/Downloads/date-fruit-quality-ml/data/quality/grade/train/Grade-2/Gajar__Medium__61.jpg,593.0,295.0,145945.5
/Users/ayush/Downloads/date-fruit-quality-ml/data/kaggle/grading/Aseel/Large/Grade-1/140.jpg,Aseel,Large,Grade-1,train,/Users/ayush/Downloads/date-fruit-quality-ml/data/quality/grade/train/Grade-1/Aseel__Large__140.jpg,513.7776489257812,295.5256042480469,122385.5
/Users/ayush/Downloads/date-fruit-quality-ml/data/kaggle/grading/Kupro/Large/Grade-2/188.jpg,Kupro,Large,Grade-2,train,/Users/ayush/Downloads/date-fruit-quality-ml/data/quality/grade/train/Grade-2/Kupro__Large__188.jpg,510.0367736816406,350.8861083984375,141720.0
/Users/ayush/Downloads/date-fruit-quality-ml/data/kaggle/grading/Gajar/Medium/Grade-1/132.jpg,Gajar,Medium,Grade-1,train,/Users/ayush/Downloads/date-fruit-quality-ml/data/quality/grade/train/Grade-1/Gajar__Medium__132.jpg,552.9939575195312,256.3903503417969,119315.5
/Users/ayush/Downloads/date-fruit-quality-ml/data/kaggle/grading/Gajar/Large/Grade-1/123.jpg,Gajar,Large,Grade-1,train,/Users/ayush/Downloads/date-fruit-quality-ml/data/quality/grade/train/Grade-1/Gajar__Large__123.jpg,621.0044555664062,301.2532958984375,152789.5
/Users/ayush/Downloads/date-fruit-quality-ml/data/kaggle/grading/Aseel/Medium/Grade-1/140.jpg,Aseel,Medium,Grade-1,train,/Users/ayush/Downloads/date-fruit-quality-ml/data/quality/grade/train/Grade-1/Aseel__Medium__140.jpg,472.99993896484375,299.99993896484375,108798.0
/Users/ayush/Downloads/date-fruit-quality-ml/data/kaggle/grading/Kupro/Large/Grade-2/186.jpg,Kupro,Large,Grade-2,train,/Users/ayush/Downloads/date-fruit-quality-ml/data/quality/grade/train/Grade-2/Kupro__Large__186.jpg,541.1945190429688,350.21795654296875,147231.5
/Users/ayush/Downloads/date-fruit-quality-ml/data/kaggle/grading/Fasli Toto/Large/Grade-1/74.jpg,Fasli Toto,Large,Grade-1,train,/Users/ayush/Downloads/date-fruit-quality-ml/data/quality/grade/train/Grade-1/Fasli-Toto__Large__74.jpg,520.8067626953125,295.8792724609375,129447.0
/Users/ayush/Downloads/date-fruit-quality-ml/data/kaggle/grading/Gajar/Small/Grade-1/190.jpg,Gajar,Small,Grade-1,train,/Users/ayush/Downloads/date-fruit-quality-ml/data/quality/grade/train/Grade-1/Gajar__Small__190.jpg,594.5023193359375,293.5948486328125,142684.0
/Users/ayush/Downloads/date-fruit-quality-ml/data/kaggle/grading/Gajar/Small/Grade-1/178.jpg,Gajar,Small,Grade-1,train,/Users/ayush/Downloads/date-fruit-quality-ml/data/quality/grade/train/Grade-1/Gajar__Small__178.jpg,526.3799438476562,275.11126708984375,120330.0
/Users/ayush/Downloads/date-fruit-quality-ml/data/kaggle/grading/Gajar/Large/Grade-2/6.jpg,Gajar,Large,Grade-2,train,/Users/ayush/Downloads/date-fruit-quality-ml/data/quality/grade/train/Grade-2/Gajar__Large__6.jpg,600.5353393554688,285.3332824707031,143752.5
/Users/ayush/Downloads/date-fruit-quality-ml/data/kaggle/grading/Kupro/Large/Grade-2/221.jpg,Kupro,Large,Grade-2,train,/Users/ayush/Downloads/date-fruit-quality-ml/data/quality/grade/train/Grade-2/Kupro__Large__221.jpg,501.7490539550781,357.5256652832031,143184.0
/Users/ayush/Downloads/date-fruit-quality-ml/data/kaggle/grading/Gajar/Small/Grade-3/15.jpg,Gajar,Small,Grade-3,train,/Users/ayush/Downloads/date-fruit-quality-ml/data/quality/grade/train/Grade-3/Gajar__Small__15.jpg,540.2725830078125,286.2001037597656,126155.0
/Users/ayush/Downloads/date-fruit-quality-ml/data/kaggle/grading/Gajar/Medium/Grade-3/79.jpg,Gajar,Medium,Grade-3,train,/Users/ayush/Downloads/date-fruit-quality-ml/data/quality/grade/train/Grade-3/Gajar__Medium__79.jpg,591.9190673828125,297.3111267089844,145266.0
/Users/ayush/Downloads/date-fruit-quality-ml/data/kaggle/grading/Kupro/Large/Grade-1/224.jpg,Kupro,Large,Grade-1,train,/Users/ayush/Downloads/date-fruit-quality-ml/data/quality/grade/train/Grade-1/Kupro__Large__224.jpg,480.99993896484375,333.99993896484375,125802.5
/Users/ayush/Downloads/date-fruit-quality-ml/data/kaggle/grading/Gajar/Medium/Grade-3/60.jpg,Gajar,Medium,Grade-3,train,/Users/ayush/Downloads/date-fruit-quality-ml/data/quality/grade/train/Grade-3/Gajar__Medium__60.jpg,577.6755981445312,290.65374755859375,128761.0
/Users/ayush/Downloads/date-fruit-quality-ml/data/kaggle/grading/Kupro/Large/Grade-3/34.jpg,Kupro,Large,Grade-3,train,/Users/ayush/Downloads/date-fruit-quality-ml/data/quality/grade/train/Grade-3/Kupro__Large__34.jpg,516.8527221679688,370.77691650390625,152472.0
/Users/ayush/Downloads/date-fruit-quality-ml/data/kaggle/grading/Fasli Toto/Medium/Grade-1/94.jpg,Fasli Toto,Medium,Grade-1,train,/Users/ayush/Downloads/date-fruit-quality-ml/data/quality/grade/train/Grade-1/Fasli-Toto__Medium__94.jpg,419.2822265625,269.9125671386719,88030.0
/Users/ayush/Downloads/date-fruit-quality-ml/data/kaggle/grading/Kupro/Large/Grade-2/298.jpg,Kupro,Large,Grade-2,train,/Users/ayush/Downloads/date-fruit-quality-ml/data/quality/grade/train/Grade-2/Kupro__Large__298.jpg,517.2838745117188,343.7823486328125,136519.5
/Users/ayush/Downloads/date-fruit-quality-ml/data/kaggle/grading/Gajar/Large/Grade-2/78.jpg,Gajar,Large,Grade-2,train,/Users/ayush/Downloads/date-fruit-quality-ml/data/quality/grade/train/Grade-2/Gajar__Large__78.jpg,606.0604248046875,282.3835754394531,145752.0
/Users/ayush/Downloads/date-fruit-quality-ml/data/kaggle/grading/Gajar/Small/Grade-2/74.jpg,Gajar,Small,Grade-2,train,/Users/ayush/Downloads/date-fruit-quality-ml/data/quality/grade/train/Grade-2/Gajar__Small__74.jpg,564.7951049804688,259.54205322265625,121701.5
/Users/ayush/Downloads/date-fruit-quality-ml/data/kaggle/grading/Gajar/Small/Grade-3/106.jpg,Gajar,Small,Grade-3,train,/Users/ayush/Downloads/date-fruit-quality-ml/data/quality/grade/train/Grade-3/Gajar__Small__106.jpg,528.5640258789062,273.470947265625,119746.0
/Users/ayush/Downloads/date-fruit-quality-ml/data/kaggle/grading/Aseel/Large/Grade-1/92.jpg,Aseel,Large,Grade-1,train,/Users/ayush/Downloads/date-fruit-quality-ml/data/quality/grade/train/Grade-1/Aseel__Large__92.jpg,480.7607421875,323.3931579589844,121273.0
/Users/ayush/Downloads/date-fruit-quality-ml/data/kaggle/grading/Gajar/Medium/Grade-1/98.jpg,Gajar,Medium,Grade-1,train,/Users/ayush/Downloads/date-fruit-quality-ml/data/quality/grade/train/Grade-1/Gajar__Medium__98.jpg,612.6465454101562,265.838134765625,136943.5
/Users/ayush/Downloads/date-fruit-quality-ml/data/kaggle/grading/Kupro/Large/Grade-2/86.jpg,Kupro,Large,Grade-2,train,/Users/ayush/Downloads/date-fruit-quality-ml/data/quality/grade/train/Grade-2/Kupro__Large__86.jpg,514.2408447265625,349.40277099609375,145281.0
/Users/ayush/Downloads/date-fruit-quality-ml/data/kaggle/grading/Kupro/Large/Grade-2/80.jpg,Kupro,Large,Grade-2,train,/Users/ayush/Downloads/date-fruit-quality-ml/data/quality/grade/train/Grade-2/Kupro__Large__80.jpg,521.5262451171875,348.125,141056.5
/Users/ayush/Downloads/date-fruit-quality-ml/data/kaggle/grading/Kupro/Large/Grade-1/67.jpg,Kupro,Large,Grade-1,train,/Users/ayush/Downloads/date-fruit-quality-ml/data/quality/grade/train/Grade-1/Kupro__Large__67.jpg,494.41180419921875,422.2563781738281,159211.0
/Users/ayush/Downloads/date-fruit-quality-ml/data/kaggle/grading/Aseel/Small/Grade-1/54.jpg,Aseel,Small,Grade-1,train,/Users/ayush/Downloads/date-fruit-quality-ml/data/quality/grade/train/Grade-1/Aseel__Small__54.jpg,427.086181640625,269.1620788574219,90229.5
/Users/ayush/Downloads/date-fruit-quality-ml/data/kaggle/grading/Aseel/Medium/Grade-1/34.jpg,Aseel,Medium,Grade-1,train,/Users/ayush/Downloads/date-fruit-quality-ml/data/quality/grade/train/Grade-1/Aseel__Medium__34.jpg,502.7127685546875,279.57427978515625,117023.5
/Users/ayush/Downloads/date-fruit-quality-ml/data/kaggle/grading/Fasli Toto/Medium/Grade-1/48.jpg,Fasli Toto,Medium,Grade-1,train,/Users/ayush/Downloads/date-fruit-quality-ml/data/quality/grade/train/Grade-1/Fasli-Toto__Medium__48.jpg,385.614013671875,261.8074035644531,83427.5
/Users/ayush/Downloads/date-fruit-quality-ml/data/kaggle/grading/Fasli Toto/Medium/Grade-1/88.jpg,Fasli Toto,Medium,Grade-1,train,/Users/ayush/Downloads/date-fruit-quality-ml/data/quality/grade/train/Grade-1/Fasli-Toto__Medium__88.jpg,396.0246276855469,265.5647277832031,83947.5
/Users/ayush/Downloads/date-fruit-quality-ml/data/kaggle/grading/Aseel/Medium/Grade-1/116.jpg,Aseel,Medium,Grade-1,train,/Users/ayush/Downloads/date-fruit-quality-ml/data/quality/grade/train/Grade-1/Aseel__Medium__116.jpg,449.3231201171875,321.616455078125,110430.0
/Users/ayush/Downloads/date-fruit-quality-ml/data/kaggle/grading/Fasli Toto/Medium/Grade-1/6.jpg,Fasli Toto,Medium,Grade-1,train,/Users/ayush/Downloads/date-fruit-quality-ml/data/quality/grade/train/Grade-1/Fasli-Toto__Medium__6.jpg,436.6817626953125,252.83282470703125,86943.0
/Users/ayush/Downloads/date-fruit-quality-ml/data/kaggle/grading/Gajar/Large/Grade-3/106.jpg,Gajar,Large,Grade-3,train,/Users/ayush/Downloads/date-fruit-quality-ml/data/quality/grade/train/Grade-3/Gajar__Large__106.jpg,630.5238037109375,289.4454040527344,155858.5
/Users/ayush/Downloads/date-fruit-quality-ml/data/kaggle/grading/Gajar/Large/Grade-1/84.jpg,Gajar,Large,Grade-1,train,/Users/ayush/Downloads/date-fruit-quality-ml/data/quality/grade/train/Grade-1/Gajar__Large__84.jpg,622.6344604492188,304.4612731933594,150247.5
/Users/ayush/Downloads/date-fruit-quality-ml/data/kaggle/grading/Aseel/Small/Grade-1/119.jpg,Aseel,Small,Grade-1,train,/Users/ayush/Downloads/date-fruit-quality-ml/data/quality/grade/train/Grade-1/Aseel__Small__119.jpg,414.739990234375,254.38711547851562,82153.0
/Users/ayush/Downloads/date-fruit-quality-ml/data/kaggle/grading/Gajar/Large/Grade-2/19.jpg,Gajar,Large,Grade-2,train,/Users/ayush/Downloads/date-fruit-quality-ml/data/quality/grade/train/Grade-2/Gajar__Large__19.jpg,609.7400512695312,275.9732360839844,137643.0
/Users/ayush/Downloads/date-fruit-quality-ml/data/kaggle/grading/Kupro/Large/Grade-2/367.jpg,Kupro,Large,Grade-2,train,/Users/ayush/Downloads/date-fruit-quality-ml/data/quality/grade/train/Grade-2/Kupro__Large__367.jpg,491.7065734863281,332.9593811035156,124500.5
/Users/ayush/Downloads/date-fruit-quality-ml/data/kaggle/grading/Gajar/Large/Grade-3/13.jpg,Gajar,Large,Grade-3,train,/Users/ayush/Downloads/date-fruit-quality-ml/data/quality/grade/train/Grade-3/Gajar__Large__13.jpg,618.2919311523438,278.20794677734375,142970.0
/Users/ayush/Downloads/date-fruit-quality-ml/data/kaggle/grading/Aseel/Small/Grade-1/53.jpg,Aseel,Small,Grade-1,train,/Users/ayush/Downloads/date-fruit-quality-ml/data/quality/grade/train/Grade-1/Aseel__Small__53.jpg,472.1962890625,271.1537170410156,102879.0
/Users/ayush/Downloads/date-fruit-quality-ml/data/kaggle/grading/Fasli Toto/Large/Grade-1/137.jpg,Fasli Toto,Large,Grade-1,train,/Users/ayush/Downloads/date-fruit-quality-ml/data/quality/grade/train/Grade-1/Fasli-Toto__Large__137.jpg,489.85009765625,313.9869384765625,115692.5
/Users/ayush/Downloads/date-fruit-quality-ml/data/kaggle/grading/Aseel/Medium/Grade-1/164.jpg,Aseel,Medium,Grade-1,train,/Users/ayush/Downloads/date-fruit-quality-ml/data/quality/grade/train/Grade-1/Aseel__Medium__164.jpg,449.91949462890625,284.96478271484375,103237.0
/Users/ayush/Downloads/date-fruit-quality-ml/data/kaggle/grading/Fasli Toto/Large/Grade-1/103.jpg,Fasli Toto,Large,Grade-1,train,/Users/ayush/Downloads/date-fruit-quality-ml/data/quality/grade/train/Grade-1/Fasli-Toto__Large__103.jpg,501.11944580078125,336.78369140625,136795.5
/Users/ayush/Downloads/date-fruit-quality-ml/data/kaggle/grading/Gajar/Large/Grade-1/105.jpg,Gajar,Large,Grade-1,train,/Users/ayush/Downloads/date-fruit-quality-ml/data/quality/grade/train/Grade-1/Gajar__Large__105.jpg,627.4470825195312,299.48834228515625,151844.0
/Users/ayush/Downloads/date-fruit-quality-ml/data/kaggle/grading/Fasli Toto/Small/Grade-1/19.jpg,Fasli Toto,Small,Grade-1,train,/Users/ayush/Downloads/date-fruit-quality-ml/data/quality/grade/train/Grade-1/Fasli-Toto__Small__19.jpg,381.87542724609375,261.283447265625,74651.5
/Users/ayush/Downloads/date-fruit-quality-ml/data/kaggle/grading/Gajar/Medium/Grade-2/44.jpg,Gajar,Medium,Grade-2,train,/Users/ayush/Downloads/date-fruit-quality-ml/data/quality/grade/train/Grade-2/Gajar__Medium__44.jpg,583.9757690429688,244.09890747070312,114656.5
/Users/ayush/Downloads/date-fruit-quality-ml/data/kaggle/grading/Gajar/Large/Grade-2/16.jpg,Gajar,Large,Grade-2,train,/Users/ayush/Downloads/date-fruit-quality-ml/data/quality/grade/train/Grade-2/Gajar__Large__16.jpg,596.9176635742188,242.3423614501953,123419.5
/Users/ayush/Downloads/date-fruit-quality-ml/data/kaggle/grading/Gajar/Large/Grade-1/171.jpg,Gajar,Large,Grade-1,train,/Users/ayush/Downloads/date-fruit-quality-ml/data/quality/grade/train/Grade-1/Gajar__Large__171.jpg,625.4519653320312,284.8352966308594,137528.0
/Users/ayush/Downloads/date-fruit-quality-ml/data/kaggle/grading/Aseel/Medium/Grade-1/94.jpg,Aseel,Medium,Grade-1,train,/Users/ayush/Downloads/date-fruit-quality-ml/data/quality/grade/train/Grade-1/Aseel__Medium__94.jpg,492.9322204589844,287.1665954589844,108945.5
/Users/ayush/Downloads/date-fruit-quality-ml/data/kaggle/grading/Aseel/Small/Grade-1/24.jpg,Aseel,Small,Grade-1,train,/Users/ayush/Downloads/date-fruit-quality-ml/data/quality/grade/train/Grade-1/Aseel__Small__24.jpg,445.174072265625,260.3929443359375,92333.5
/Users/ayush/Downloads/date-fruit-quality-ml/data/kaggle/grading/Gajar/Small/Grade-3/8.jpg,Gajar,Small,Grade-3,train,/Users/ayush/Downloads/date-fruit-quality-ml/data/quality/grade/train/Grade-3/Gajar__Small__8.jpg,600.8277587890625,272.7591552734375,121231.5
/Users/ayush/Downloads/date-fruit-quality-ml/data/kaggle/grading/Fasli Toto/Small/Grade-1/9.jpg,Fasli Toto,Small,Grade-1,train,/Users/ayush/Downloads/date-fruit-quality-ml/data/quality/grade/train/Grade-1/Fasli-Toto__Small__9.jpg,368.0,278.0,81344.0
/Users/ayush/Downloads/date-fruit-quality-ml/data/kaggle/grading/Gajar/Large/Grade-3/86.jpg,Gajar,Large,Grade-3,train,/Users/ayush/Downloads/date-fruit-quality-ml/data/quality/grade/train/Grade-3/Gajar__Large__86.jpg,627.41943359375,273.09161376953125,139621.0
/Users/ayush/Downloads/date-fruit-quality-ml/data/kaggle/grading/Aseel/Small/Grade-1/91.jpg,Aseel,Small,Grade-1,train,/Users/ayush/Downloads/date-fruit-quality-ml/data/quality/grade/train/Grade-1/Aseel__Small__91.jpg,436.9725341796875,270.6007385253906,92216.0
/Users/ayush/Downloads/date-fruit-quality-ml/data/kaggle/grading/Gajar/Medium/Grade-2/45.jpg,Gajar,Medium,Grade-2,train,/Users/ayush/Downloads/date-fruit-quality-ml/data/quality/grade/train/Grade-2/Gajar__Medium__45.jpg,565.1107177734375,235.3888702392578,110132.0
/Users/ayush/Downloads/date-fruit-quality-ml/data/kaggle/grading/Kupro/Large/Grade-2/75.jpg,Kupro,Large,Grade-2,train,/Users/ayush/Downloads/date-fruit-quality-ml/data/quality/grade/train/Grade-2/Kupro__Large__75.jpg,502.0048828125,349.1572265625,134749.5
/Users/ayush/Downloads/date-fruit-quality-ml/data/kaggle/grading/Fasli Toto/Large/Grade-1/133.jpg,Fasli Toto,Large,Grade-1,train,/Users/ayush/Downloads/date-fruit-quality-ml/data/quality/grade/train/Grade-1/Fasli-Toto__Large__133.jpg,454.1123962402344,316.8150634765625,114367.5
/Users/ayush/Downloads/date-fruit-quality-ml/data/kaggle/grading/Aseel/Small/Grade-1/51.jpg,Aseel,Small,Grade-1,train,/Users/ayush/Downloads/date-fruit-quality-ml/data/quality/grade/train/Grade-1/Aseel__Small__51.jpg,424.8069763183594,250.0508270263672,82412.5
/Users/ayush/Downloads/date-fruit-quality-ml/data/kaggle/grading/Gajar/Medium/Grade-1/23.jpg,Gajar,Medium,Grade-1,train,/Users/ayush/Downloads/date-fruit-quality-ml/data/quality/grade/train/Grade-1/Gajar__Medium__23.jpg,553.0,273.0,124850.5
/Users/ayush/Downloads/date-fruit-quality-ml/data/kaggle/grading/Fasli Toto/Medium/Grade-1/35.jpg,Fasli Toto,Medium,Grade-1,train,/Users/ayush/Downloads/date-fruit-quality-ml/data/quality/grade/train/Grade-1/Fasli-Toto__Medium__35.jpg,379.6756286621094,265.2581481933594,83984.5
/Users/ayush/Downloads/date-fruit-quality-ml/data/kaggle/grading/Gajar/Medium/Grade-1/114.jpg,Gajar,Medium,Grade-1,train,/Users/ayush/Downloads/date-fruit-quality-ml/data/quality/grade/train/Grade-1/Gajar__Medium__114.jpg,598.67724609375,266.6173400878906,137760.0
/Users/ayush/Downloads/date-fruit-quality-ml/data/kaggle/grading/Aseel/Medium/Grade-1/143.jpg,Aseel,Medium,Grade-1,train,/Users/ayush/Downloads/date-fruit-quality-ml/data/quality/grade/train/Grade-1/Aseel__Medium__143.jpg,451.5862731933594,278.87127685546875,102987.0
/Users/ayush/Downloads/date-fruit-quality-ml/data/kaggle/grading/Aseel/Large/Grade-1/122.jpg,Aseel,Large,Grade-1,train,/Users/ayush/Downloads/date-fruit-quality-ml/data/quality/grade/train/Grade-1/Aseel__Large__122.jpg,533.1566772460938,307.0672912597656,136120.5
/Users/ayush/Downloads/date-fruit-quality-ml/data/kaggle/grading/Gajar/Large/Grade-1/169.jpg,Gajar,Large,Grade-1,train,/Users/ayush/Downloads/date-fruit-quality-ml/data/quality/grade/train/Grade-1/Gajar__Large__169.jpg,647.5203857421875,284.41473388671875,149591.5
/Users/ayush/Downloads/date-fruit-quality-ml/data/kaggle/grading/Kupro/Large/Grade-3/38.jpg,Kupro,Large,Grade-3,train,/Users/ayush/Downloads/date-fruit-quality-ml/data/quality/grade/train/Grade-3/Kupro__Large__38.jpg,483.6368408203125,340.21881103515625,132664.0
/Users/ayush/Downloads/date-fruit-quality-ml/data/kaggle/grading/Aseel/Small/Grade-1/71.jpg,Aseel,Small,Grade-1,train,/Users/ayush/Downloads/date-fruit-quality-ml/data/quality/grade/train/Grade-1/Aseel__Small__71.jpg,410.430908203125,254.0231170654297,82706.5
/Users/ayush/Downloads/date-fruit-quality-ml/data/kaggle/grading/Kupro/Large/Grade-1/64.jpg,Kupro,Large,Grade-1,train,/Users/ayush/Downloads/date-fruit-quality-ml/data/quality/grade/train/Grade-1/Kupro__Large__64.jpg,488.578369140625,346.5469055175781,133181.0
/Users/ayush/Downloads/date-fruit-quality-ml/data/kaggle/grading/Fasli Toto/Medium/Grade-1/53.jpg,Fasli Toto,Medium,Grade-1,train,/Users/ayush/Downloads/date-fruit-quality-ml/data/quality/grade/train/Grade-1/Fasli-Toto__Medium__53.jpg,398.0,274.0,86004.5
/Users/ayush/Downloads/date-fruit-quality-ml/data/kaggle/grading/Gajar/Medium/Grade-1/150.jpg,Gajar,Medium,Grade-1,train,/Users/ayush/Downloads/date-fruit-quality-ml/data/quality/grade/train/Grade-1/Gajar__Medium__150.jpg,579.9558715820312,257.2898864746094,124231.5
/Users/ayush/Downloads/date-fruit-quality-ml/data/kaggle/grading/Fasli Toto/Small/Grade-1/48.jpg,Fasli Toto,Small,Grade-1,train,/Users/ayush/Downloads/date-fruit-quality-ml/data/quality/grade/train/Grade-1/Fasli-Toto__Small__48.jpg,396.3627624511719,253.09014892578125,78597.5
/Users/ayush/Downloads/date-fruit-quality-ml/data/kaggle/grading/Aseel/Medium/Grade-1/121.jpg,Aseel,Medium,Grade-1,train,/Users/ayush/Downloads/date-fruit-quality-ml/data/quality/grade/train/Grade-1/Aseel__Medium__121.jpg,478.1105041503906,313.9992370605469,116987.0
/Users/ayush/Downloads/date-fruit-quality-ml/data/kaggle/grading/Kupro/Large/Grade-2/153.jpg,Kupro,Large,Grade-2,train,/Users/ayush/Downloads/date-fruit-quality-ml/data/quality/grade/train/Grade-2/Kupro__Large__153.jpg,533.6004638671875,351.90289306640625,149150.0
/Users/ayush/Downloads/date-fruit-quality-ml/data/kaggle/grading/Aseel/Medium/Grade-1/132.jpg,Aseel,Medium,Grade-1,train,/Users/ayush/Downloads/date-fruit-quality-ml/data/quality/grade/train/Grade-1/Aseel__Medium__132.jpg,450.14996337890625,314.0172119140625,110262.0
/Users/ayush/Downloads/date-fruit-quality-ml/data/kaggle/grading/Gajar/Large/Grade-1/34.jpg,Gajar,Large,Grade-1,train,/Users/ayush/Downloads/date-fruit-quality-ml/data/quality/grade/train/Grade-1/Gajar__Large__34.jpg,651.9273681640625,270.63580322265625,151185.5
/Users/ayush/Downloads/date-fruit-quality-ml/data/kaggle/grading/Kupro/Large/Grade-2/76.jpg,Kupro,Large,Grade-2,train,/Users/ayush/Downloads/date-fruit-quality-ml/data/quality/grade/train/Grade-2/Kupro__Large__76.jpg,511.99993896484375,349.99993896484375,137187.0
/Users/ayush/Downloads/date-fruit-quality-ml/data/kaggle/grading/Aseel/Large/Grade-1/60.jpg,Aseel,Large,Grade-1,train,/Users/ayush/Downloads/date-fruit-quality-ml/data/quality/grade/train/Grade-1/Aseel__Large__60.jpg,523.9038696289062,333.59686279296875,139139.5
/Users/ayush/Downloads/date-fruit-quality-ml/data/kaggle/grading/Gajar/Large/Grade-3/39.jpg,Gajar,Large,Grade-3,train,/Users/ayush/Downloads/date-fruit-quality-ml/data/quality/grade/train/Grade-3/Gajar__Large__39.jpg,635.0656127929688,279.2032165527344,148096.0
/Users/ayush/Downloads/date-fruit-quality-ml/data/kaggle/grading/Gajar/Large/Grade-2/87.jpg,Gajar,Large,Grade-2,train,/Users/ayush/Downloads/date-fruit-quality-ml/data/quality/grade/train/Grade-2/Gajar__Large__87.jpg,604.39501953125,260.3747253417969,125843.5
/Users/ayush/Downloads/date-fruit-quality-ml/data/kaggle/grading/Kupro/Large/Grade-2/160.jpg,Kupro,Large,Grade-2,train,/Users/ayush/Downloads/date-fruit-quality-ml/data/quality/grade/train/Grade-2/Kupro__Large__160.jpg,501.886474609375,348.307373046875,134573.5
/Users/ayush/Downloads/date-fruit-quality-ml/data/kaggle/grading/Fasli Toto/Medium/Grade-1/86.jpg,Fasli Toto,Medium,Grade-1,train,/Users/ayush/Downloads/date-fruit-quality-ml/data/quality/grade/train/Grade-1/Fasli-Toto__Medium__86.jpg,418.0,259.0,88324.0
/Users/ayush/Downloads/date-fruit-quality-ml/data/kaggle/grading/Fasli Toto/Large/Grade-1/132.jpg,Fasli Toto,Large,Grade-1,train,/Users/ayush/Downloads/date-fruit-quality-ml/data/quality/grade/train/Grade-1/Fasli-Toto__Large__132.jpg,450.79046630859375,325.802001953125,120903.5
/Users/ayush/Downloads/date-fruit-quality-ml/data/kaggle/grading/Fasli Toto/Medium/Grade-1/5.jpg,Fasli Toto,Medium,Grade-1,train,/Users/ayush/Downloads/date-fruit-quality-ml/data/quality/grade/train/Grade-1/Fasli-Toto__Medium__5.jpg,409.81573486328125,282.78643798828125,94592.0
/Users/ayush/Downloads/date-fruit-quality-ml/data/kaggle/grading/Gajar/Medium/Grade-3/69.jpg,Gajar,Medium,Grade-3,train,/Users/ayush/Downloads/date-fruit-quality-ml/data/quality/grade/train/Grade-3/Gajar__Medium__69.jpg,626.2305908203125,268.7480163574219,134831.5
/Users/ayush/Downloads/date-fruit-quality-ml/data/kaggle/grading/Gajar/Small/Grade-3/41.jpg,Gajar,Small,Grade-3,train,/Users/ayush/Downloads/date-fruit-quality-ml/data/quality/grade/train/Grade-3/Gajar__Small__41.jpg,554.5848388671875,248.71212768554688,114032.5
/Users/ayush/Downloads/date-fruit-quality-ml/data/kaggle/grading/Aseel/Medium/Grade-1/46.jpg,Aseel,Medium,Grade-1,train,/Users/ayush/Downloads/date-fruit-quality-ml/data/quality/grade/train/Grade-1/Aseel__Medium__46.jpg,475.60626220703125,282.9306640625,104038.0
/Users/ayush/Downloads/date-fruit-quality-ml/data/kaggle/grading/Gajar/Large/Grade-1/38.jpg,Gajar,Large,Grade-1,train,/Users/ayush/Downloads/date-fruit-quality-ml/data/quality/grade/train/Grade-1/Gajar__Large__38.jpg,642.4592895507812,288.3968505859375,150757.0
/Users/ayush/Downloads/date-fruit-quality-ml/data/kaggle/grading/Fasli Toto/Large/Grade-1/92.jpg,Fasli Toto,Large,Grade-1,train,/Users/ayush/Downloads/date-fruit-quality-ml/data/quality/grade/train/Grade-1/Fasli-Toto__Large__92.jpg,445.8077697753906,309.29510498046875,105438.5
/Users/ayush/Downloads/date-fruit-quality-ml/data/kaggle/grading/Aseel/Small/Grade-1/90.jpg,Aseel,Small,Grade-1,train,/Users/ayush/Downloads/date-fruit-quality-ml/data/quality/grade/train/Grade-1/Aseel__Small__90.jpg,444.3374328613281,259.7622375488281,88886.5
/Users/ayush/Downloads/date-fruit-quality-ml/data/kaggle/grading/Fasli Toto/Small/Grade-1/61.jpg,Fasli Toto,Small,Grade-1,train,/Users/ayush/Downloads/date-fruit-quality-ml/data/quality/grade/train/Grade-1/Fasli-Toto__Small__61.jpg,371.9053955078125,254.43807983398438,72120.5
/Users/ayush/Downloads/date-fruit-quality-ml/data/kaggle/grading/Aseel/Large/Grade-1/31.jpg,Aseel,Large,Grade-1,train,/Users/ayush/Downloads/date-fruit-quality-ml/data/quality/grade/train/Grade-1/Aseel__Large__31.jpg,509.1436462402344,335.3739318847656,133634.5
/Users/ayush/Downloads/date-fruit-quality-ml/data/kaggle/grading/Kupro/Large/Grade-2/241.jpg,Kupro,Large,Grade-2,train,/Users/ayush/Downloads/date-fruit-quality-ml/data/quality/grade/train/Grade-2/Kupro__Large__241.jpg,521.9745483398438,350.6882019042969,144222.5
/Users/ayush/Downloads/date-fruit-quality-ml/data/kaggle/grading/Kupro/Large/Grade-1/146.jpg,Kupro,Large,Grade-1,train,/Users/ayush/Downloads/date-fruit-quality-ml/data/quality/grade/train/Grade-1/Kupro__Large__146.jpg,489.4580383300781,351.33782958984375,136388.0
/Users/ayush/Downloads/date-fruit-quality-ml/data/kaggle/grading/Gajar/Large/Grade-2/60.jpg,Gajar,Large,Grade-2,train,/Users/ayush/Downloads/date-fruit-quality-ml/data/quality/grade/train/Grade-2/Gajar__Large__60.jpg,623.6314697265625,267.4947509765625,140423.5
/Users/ayush/Downloads/date-fruit-quality-ml/data/kaggle/grading/Gajar/Large/Grade-1/82.jpg,Gajar,Large,Grade-1,train,/Users/ayush/Downloads/date-fruit-quality-ml/data/quality/grade/train/Grade-1/Gajar__Large__82.jpg,616.61669921875,278.7747497558594,138451.5
/Users/ayush/Downloads/date-fruit-quality-ml/data/kaggle/grading/Gajar/Large/Grade-1/152.jpg,Gajar,Large,Grade-1,train,/Users/ayush/Downloads/date-fruit-quality-ml/data/quality/grade/train/Grade-1/Gajar__Large__152.jpg,724.4453735351562,278.748291015625,147256.5
/Users/ayush/Downloads/date-fruit-quality-ml/data/kaggle/grading/Gajar/Small/Grade-3/143.jpg,Gajar,Small,Grade-3,train,/Users/ayush/Downloads/date-fruit-quality-ml/data/quality/grade/train/Grade-3/Gajar__Small__143.jpg,584.653076171875,266.4427490234375,129993.5
/Users/ayush/Downloads/date-fruit-quality-ml/data/kaggle/grading/Gajar/Medium/Grade-1/45.jpg,Gajar,Medium,Grade-1,train,/Users/ayush/Downloads/date-fruit-quality-ml/data/quality/grade/train/Grade-1/Gajar__Medium__45.jpg,599.7015991210938,260.9140625,127985.5
/Users/ayush/Downloads/date-fruit-quality-ml/data/kaggle/grading/Kupro/Large/Grade-2/147.jpg,Kupro,Large,Grade-2,train,/Users/ayush/Downloads/date-fruit-quality-ml/data/quality/grade/train/Grade-2/Kupro__Large__147.jpg,503.27490234375,362.1886291503906,139943.5
/Users/ayush/Downloads/date-fruit-quality-ml/data/kaggle/grading/Kupro/Large/Grade-2/316.jpg,Kupro,Large,Grade-2,train,/Users/ayush/Downloads/date-fruit-quality-ml/data/quality/grade/train/Grade-2/Kupro__Large__316.jpg,544.8012084960938,372.70263671875,151949.0
/Users/ayush/Downloads/date-fruit-quality-ml/data/kaggle/grading/Kupro/Large/Grade-1/267.jpg,Kupro,Large,Grade-1,train,/Users/ayush/Downloads/date-fruit-quality-ml/data/quality/grade/train/Grade-1/Kupro__Large__267.jpg,507.22515869140625,328.6016845703125,134533.0
/Users/ayush/Downloads/date-fruit-quality-ml/data/kaggle/grading/Aseel/Small/Grade-1/73.jpg,Aseel,Small,Grade-1,train,/Users/ayush/Downloads/date-fruit-quality-ml/data/quality/grade/train/Grade-1/Aseel__Small__73.jpg,441.7183532714844,263.7106628417969,90410.5
/Users/ayush/Downloads/date-fruit-quality-ml/data/kaggle/grading/Gajar/Small/Grade-1/184.jpg,Gajar,Small,Grade-1,train,/Users/ayush/Downloads/date-fruit-quality-ml/data/quality/grade/train/Grade-1/Gajar__Small__184.jpg,556.048828125,256.0087890625,121109.5
/Users/ayush/Downloads/date-fruit-quality-ml/data/kaggle/grading/Gajar/Medium/Grade-2/39.jpg,Gajar,Medium,Grade-2,train,/Users/ayush/Downloads/date-fruit-quality-ml/data/quality/grade/train/Grade-2/Gajar__Medium__39.jpg,530.25341796875,247.7926788330078,109149.0
/Users/ayush/Downloads/date-fruit-quality-ml/data/kaggle/grading/Aseel/Medium/Grade-1/111.jpg,Aseel,Medium,Grade-1,train,/Users/ayush/Downloads/date-fruit-quality-ml/data/quality/grade/train/Grade-1/Aseel__Medium__111.jpg,499.608154296875,293.33697509765625,117815.5
/Users/ayush/Downloads/date-fruit-quality-ml/data/kaggle/grading/Gajar/Medium/Grade-1/59.jpg,Gajar,Medium,Grade-1,train,/Users/ayush/Downloads/date-fruit-quality-ml/data/quality/grade/train/Grade-1/Gajar__Medium__59.jpg,568.6790771484375,264.6512451171875,125815.0
/Users/ayush/Downloads/date-fruit-quality-ml/data/kaggle/grading/Aseel/Small/Grade-1/102.jpg,Aseel,Small,Grade-1,train,/Users/ayush/Downloads/date-fruit-quality-ml/data/quality/grade/train/Grade-1/Aseel__Small__102.jpg,464.9245300292969,254.057861328125,94600.5
/Users/ayush/Downloads/date-fruit-quality-ml/data/kaggle/grading/Gajar/Medium/Grade-3/77.jpg,Gajar,Medium,Grade-3,train,/Users/ayush/Downloads/date-fruit-quality-ml/data/quality/grade/train/Grade-3/Gajar__Medium__77.jpg,603.9865112304688,256.25689697265625,123932.0
/Users/ayush/Downloads/date-fruit-quality-ml/data/kaggle/grading/Gajar/Large/Grade-1/55.jpg,Gajar,Large,Grade-1,train,/Users/ayush/Downloads/date-fruit-quality-ml/data/quality/grade/train/Grade-1/Gajar__Large__55.jpg,645.4002685546875,313.9072265625,166628.5
/Users/ayush/Downloads/date-fruit-quality-ml/data/kaggle/grading/Gajar/Large/Grade-3/64.jpg,Gajar,Large,Grade-3,train,/Users/ayush/Downloads/date-fruit-quality-ml/data/quality/grade/train/Grade-3/Gajar__Large__64.jpg,623.6228637695312,275.71978759765625,144994.0
/Users/ayush/Downloads/date-fruit-quality-ml/data/kaggle/grading/Gajar/Small/Grade-3/182.jpg,Gajar,Small,Grade-3,train,/Users/ayush/Downloads/date-fruit-quality-ml/data/quality/grade/train/Grade-3/Gajar__Small__182.jpg,505.67987060546875,292.69866943359375,111590.0
/Users/ayush/Downloads/date-fruit-quality-ml/data/kaggle/grading/Gajar/Large/Grade-1/74.jpg,Gajar,Large,Grade-1,train,/Users/ayush/Downloads/date-fruit-quality-ml/data/quality/grade/train/Grade-1/Gajar__Large__74.jpg,593.9700317382812,297.3230285644531,147976.5
/Users/ayush/Downloads/date-fruit-quality-ml/data/kaggle/grading/Gajar/Small/Grade-1/11.jpg,Gajar,Small,Grade-1,train,/Users/ayush/Downloads/date-fruit-quality-ml/data/quality/grade/train/Grade-1/Gajar__Small__11.jpg,517.2007446289062,247.41793823242188,105488.0
/Users/ayush/Downloads/date-fruit-quality-ml/data/kaggle/grading/Gajar/Medium/Grade-1/66.jpg,Gajar,Medium,Grade-1,train,/Users/ayush/Downloads/date-fruit-quality-ml/data/quality/grade/train/Grade-1/Gajar__Medium__66.jpg,547.4926147460938,244.50950622558594,112498.0
/Users/ayush/Downloads/date-fruit-quality-ml/data/kaggle/grading/Gajar/Large/Grade-1/75.jpg,Gajar,Large,Grade-1,train,/Users/ayush/Downloads/date-fruit-quality-ml/data/quality/grade/train/Grade-1/Gajar__Large__75.jpg,621.8875122070312,277.6100769042969,143690.5
/Users/ayush/Downloads/date-fruit-quality-ml/data/kaggle/grading/Kupro/Large/Grade-2/354.jpg,Kupro,Large,Grade-2,train,/Users/ayush/Downloads/date-fruit-quality-ml/data/quality/grade/train/Grade-2/Kupro__Large__354.jpg,547.2919311523438,371.9934997558594,153327.0
/Users/ayush/Downloads/date-fruit-quality-ml/data/kaggle/grading/Kupro/Large/Grade-2/35.jpg,Kupro,Large,Grade-2,train,/Users/ayush/Downloads/date-fruit-quality-ml/data/quality/grade/train/Grade-2/Kupro__Large__35.jpg,507.34197998046875,322.968505859375,132729.5
/Users/ayush/Downloads/date-fruit-quality-ml/data/kaggle/grading/Gajar/Small/Grade-1/144.jpg,Gajar,Small,Grade-1,train,/Users/ayush/Downloads/date-fruit-quality-ml/data/quality/grade/train/Grade-1/Gajar__Small__144.jpg,503.0,262.0,106173.0
/Users/ayush/Downloads/date-fruit-quality-ml/data/kaggle/grading/Aseel/Small/Grade-1/76.jpg,Aseel,Small,Grade-1,train,/Users/ayush/Downloads/date-fruit-quality-ml/data/quality/grade/train/Grade-1/Aseel__Small__76.jpg,456.21142578125,278.8708801269531,99098.0
/Users/ayush/Downloads/date-fruit-quality-ml/data/kaggle/grading/Kupro/Large/Grade-2/359.jpg,Kupro,Large,Grade-2,train,/Users/ayush/Downloads/date-fruit-quality-ml/data/quality/grade/train/Grade-2/Kupro__Large__359.jpg,504.9941101074219,363.5120849609375,144822.5
/Users/ayush/Downloads/date-fruit-quality-ml/data/kaggle/grading/Fasli Toto/Small/Grade-1/69.jpg,Fasli Toto,Small,Grade-1,train,/Users/ayush/Downloads/date-fruit-quality-ml/data/quality/grade/train/Grade-1/Fasli-Toto__Small__69.jpg,394.2294616699219,255.61981201171875,77404.0
/Users/ayush/Downloads/date-fruit-quality-ml/data/kaggle/grading/Aseel/Medium/Grade-1/129.jpg,Aseel,Medium,Grade-1,train,/Users/ayush/Downloads/date-fruit-quality-ml/data/quality/grade/train/Grade-1/Aseel__Medium__129.jpg,475.91815185546875,312.32659912109375,121141.0
/Users/ayush/Downloads/date-fruit-quality-ml/data/kaggle/grading/Fasli Toto/Medium/Grade-1/33.jpg,Fasli Toto,Medium,Grade-1,train,/Users/ayush/Downloads/date-fruit-quality-ml/data/quality/grade/train/Grade-1/Fasli-Toto__Medium__33.jpg,390.4360046386719,274.07135009765625,83399.0
/Users/ayush/Downloads/date-fruit-quality-ml/data/kaggle/grading/Kupro/Large/Grade-1/94.jpg,Kupro,Large,Grade-1,train,/Users/ayush/Downloads/date-fruit-quality-ml/data/quality/grade/train/Grade-1/Kupro__Large__94.jpg,529.2357177734375,336.3193359375,135022.5
/Users/ayush/Downloads/date-fruit-quality-ml/data/kaggle/grading/Kupro/Large/Grade-3/93.jpg,Kupro,Large,Grade-3,train,/Users/ayush/Downloads/date-fruit-quality-ml/data/quality/grade/train/Grade-3/Kupro__Large__93.jpg,490.54852294921875,334.9589538574219,135467.5
/Users/ayush/Downloads/date-fruit-quality-ml/data/kaggle/grading/Aseel/Large/Grade-1/85.jpg,Aseel,Large,Grade-1,train,/Users/ayush/Downloads/date-fruit-quality-ml/data/quality/grade/train/Grade-1/Aseel__Large__85.jpg,525.9777221679688,298.3735046386719,131700.5
/Users/ayush/Downloads/date-fruit-quality-ml/data/kaggle/grading/Fasli Toto/Large/Grade-1/138.jpg,Fasli Toto,Large,Grade-1,train,/Users/ayush/Downloads/date-fruit-quality-ml/data/quality/grade/train/Grade-1/Fasli-Toto__Large__138.jpg,502.4817810058594,342.79425048828125,135086.5
/Users/ayush/Downloads/date-fruit-quality-ml/data/kaggle/grading/Gajar/Small/Grade-2/67.jpg,Gajar,Small,Grade-2,train,/Users/ayush/Downloads/date-fruit-quality-ml/data/quality/grade/train/Grade-2/Gajar__Small__67.jpg,546.7731323242188,297.1947021484375,134620.5
/Users/ayush/Downloads/date-fruit-quality-ml/data/kaggle/grading/Kupro/Large/Grade-1/139.jpg,Kupro,Large,Grade-1,train,/Users/ayush/Downloads/date-fruit-quality-ml/data/quality/grade/train/Grade-1/Kupro__Large__139.jpg,500.9755859375,318.4755859375,123714.5
/Users/ayush/Downloads/date-fruit-quality-ml/data/kaggle/grading/Gajar/Large/Grade-2/10.jpg,Gajar,Large,Grade-2,train,/Users/ayush/Downloads/date-fruit-quality-ml/data/quality/grade/train/Grade-2/Gajar__Large__10.jpg,669.1285400390625,285.4793395996094,153443.0
/Users/ayush/Downloads/date-fruit-quality-ml/data/kaggle/grading/Gajar/Medium/Grade-1/167.jpg,Gajar,Medium,Grade-1,train,/Users/ayush/Downloads/date-fruit-quality-ml/data/quality/grade/train/Grade-1/Gajar__Medium__167.jpg,548.7010498046875,291.6899719238281,131731.5
/Users/ayush/Downloads/date-fruit-quality-ml/data/kaggle/grading/Kupro/Large/Grade-1/97.jpg,Kupro,Large,Grade-1,train,/Users/ayush/Downloads/date-fruit-quality-ml/data/quality/grade/train/Grade-1/Kupro__Large__97.jpg,483.4873962402344,367.390869140625,148795.0
/Users/ayush/Downloads/date-fruit-quality-ml/data/kaggle/grading/Kupro/Large/Grade-3/6.jpg,Kupro,Large,Grade-3,train,/Users/ayush/Downloads/date-fruit-quality-ml/data/quality/grade/train/Grade-3/Kupro__Large__6.jpg,548.3515014648438,323.3032531738281,135837.0
/Users/ayush/Downloads/date-fruit-quality-ml/data/kaggle/grading/Gajar/Large/Grade-3/56.jpg,Gajar,Large,Grade-3,train,/Users/ayush/Downloads/date-fruit-quality-ml/data/quality/grade/train/Grade-3/Gajar__Large__56.jpg,649.0001831054688,279.4570617675781,150636.0
/Users/ayush/Downloads/date-fruit-quality-ml/data/kaggle/grading/Kupro/Large/Grade-2/101.jpg,Kupro,Large,Grade-2,train,/Users/ayush/Downloads/date-fruit-quality-ml/data/quality/grade/train/Grade-2/Kupro__Large__101.jpg,492.77667236328125,348.5964050292969,135758.0
/Users/ayush/Downloads/date-fruit-quality-ml/data/kaggle/grading/Kupro/Large/Grade-2/102.jpg,Kupro,Large,Grade-2,train,/Users/ayush/Downloads/date-fruit-quality-ml/data/quality/grade/train/Grade-2/Kupro__Large__102.jpg,511.4831848144531,337.1783142089844,132535.5
/Users/ayush/Downloads/date-fruit-quality-ml/data/kaggle/grading/Aseel/Large/Grade-1/54.jpg,Aseel,Large,Grade-1,train,/Users/ayush/Downloads/date-fruit-quality-ml/data/quality/grade/train/Grade-1/Aseel__Large__54.jpg,590.8158569335938,314.7350158691406,151667.5
/Users/ayush/Downloads/date-fruit-quality-ml/data/kaggle/grading/Kupro/Large/Grade-1/26.jpg,Kupro,Large,Grade-1,train,/Users/ayush/Downloads/date-fruit-quality-ml/data/quality/grade/train/Grade-1/Kupro__Large__26.jpg,488.6108093261719,370.52398681640625,140496.5
/Users/ayush/Downloads/date-fruit-quality-ml/data/kaggle/grading/Kupro/Large/Grade-1/24.jpg,Kupro,Large,Grade-1,train,/Users/ayush/Downloads/date-fruit-quality-ml/data/quality/grade/train/Grade-1/Kupro__Large__24.jpg,519.2449951171875,378.0940246582031,154543.0
/Users/ayush/Downloads/date-fruit-quality-ml/data/kaggle/grading/Gajar/Small/Grade-2/104.jpg,Gajar,Small,Grade-2,train,/Users/ayush/Downloads/date-fruit-quality-ml/data/quality/grade/train/Grade-2/Gajar__Small__104.jpg,562.6279907226562,262.4430847167969,120073.0
/Users/ayush/Downloads/date-fruit-quality-ml/data/kaggle/grading/Aseel/Large/Grade-1/25.jpg,Aseel,Large,Grade-1,train,/Users/ayush/Downloads/date-fruit-quality-ml/data/quality/grade/train/Grade-1/Aseel__Large__25.jpg,552.8255615234375,304.3211975097656,138037.5
/Users/ayush/Downloads/date-fruit-quality-ml/data/kaggle/grading/Kupro/Large/Grade-2/278.jpg,Kupro,Large,Grade-2,train,/Users/ayush/Downloads/date-fruit-quality-ml/data/quality/grade/train/Grade-2/Kupro__Large__278.jpg,505.69317626953125,311.91632080078125,129867.0
/Users/ayush/Downloads/date-fruit-quality-ml/data/kaggle/grading/Gajar/Large/Grade-2/67.jpg,Gajar,Large,Grade-2,train,/Users/ayush/Downloads/date-fruit-quality-ml/data/quality/grade/train/Grade-2/Gajar__Large__67.jpg,627.3308715820312,304.6168518066406,154872.5
/Users/ayush/Downloads/date-fruit-quality-ml/data/kaggle/grading/Aseel/Medium/Grade-1/126.jpg,Aseel,Medium,Grade-1,train,/Users/ayush/Downloads/date-fruit-quality-ml/data/quality/grade/train/Grade-1/Aseel__Medium__126.jpg,498.0,263.0,108848.0
/Users/ayush/Downloads/date-fruit-quality-ml/data/kaggle/grading/Fasli Toto/Small/Grade-1/25.jpg,Fasli Toto,Small,Grade-1,train,/Users/ayush/Downloads/date-fruit-quality-ml/data/quality/grade/train/Grade-1/Fasli-Toto__Small__25.jpg,393.10906982421875,253.5435028076172,79600.0
/Users/ayush/Downloads/date-fruit-quality-ml/data/kaggle/grading/Gajar/Medium/Grade-2/54.jpg,Gajar,Medium,Grade-2,train,/Users/ayush/Downloads/date-fruit-quality-ml/data/quality/grade/train/Grade-2/Gajar__Medium__54.jpg,600.0,249.0,127481.0
/Users/ayush/Downloads/date-fruit-quality-ml/data/kaggle/grading/Kupro/Large/Grade-1/179.jpg,Kupro,Large,Grade-1,train,/Users/ayush/Downloads/date-fruit-quality-ml/data/quality/grade/train/Grade-1/Kupro__Large__179.jpg,539.0529174804688,328.76885986328125,137448.0
/Users/ayush/Downloads/date-fruit-quality-ml/data/kaggle/grading/Fasli Toto/Medium/Grade-1/76.jpg,Fasli Toto,Medium,Grade-1,train,/Users/ayush/Downloads/date-fruit-quality-ml/data/quality/grade/train/Grade-1/Fasli-Toto__Medium__76.jpg,449.5225524902344,278.0982360839844,96990.5
/Users/ayush/Downloads/date-fruit-quality-ml/data/kaggle/grading/Fasli Toto/Medium/Grade-1/69.jpg,Fasli Toto,Medium,Grade-1,train,/Users/ayush/Downloads/date-fruit-quality-ml/data/quality/grade/train/Grade-1/Fasli-Toto__Medium__69.jpg,396.2034912109375,259.6825866699219,81314.5
/Users/ayush/Downloads/date-fruit-quality-ml/data/kaggle/grading/Aseel/Large/Grade-1/79.jpg,Aseel,Large,Grade-1,train,/Users/ayush/Downloads/date-fruit-quality-ml/data/quality/grade/train/Grade-1/Aseel__Large__79.jpg,507.4709167480469,325.65216064453125,138976.0
/Users/ayush/Downloads/date-fruit-quality-ml/data/kaggle/grading/Gajar/Small/Grade-1/93.jpg,Gajar,Small,Grade-1,train,/Users/ayush/Downloads/date-fruit-quality-ml/data/quality/grade/train/Grade-1/Gajar__Small__93.jpg,560.3037719726562,249.8519287109375,117932.0
/Users/ayush/Downloads/date-fruit-quality-ml/data/kaggle/grading/Gajar/Small/Grade-1/15.jpg,Gajar,Small,Grade-1,train,/Users/ayush/Downloads/date-fruit-quality-ml/data/quality/grade/train/Grade-1/Gajar__Small__15.jpg,528.194091796875,270.77813720703125,117189.0
/Users/ayush/Downloads/date-fruit-quality-ml/data/kaggle/grading/Kupro/Large/Grade-1/264.jpg,Kupro,Large,Grade-1,train,/Users/ayush/Downloads/date-fruit-quality-ml/data/quality/grade/train/Grade-1/Kupro__Large__264.jpg,487.9422302246094,365.0039978027344,142668.5
/Users/ayush/Downloads/date-fruit-quality-ml/data/kaggle/grading/Gajar/Small/Grade-3/57.jpg,Gajar,Small,Grade-3,train,/Users/ayush/Downloads/date-fruit-quality-ml/data/quality/grade/train/Grade-3/Gajar__Small__57.jpg,579.9988403320312,254.32888793945312,120917.5
/Users/ayush/Downloads/date-fruit-quality-ml/data/kaggle/grading/Gajar/Large/Grade-3/24.jpg,Gajar,Large,Grade-3,train,/Users/ayush/Downloads/date-fruit-quality-ml/data/quality/grade/train/Grade-3/Gajar__Large__24.jpg,615.3817749023438,291.66412353515625,145994.0
/Users/ayush/Downloads/date-fruit-quality-ml/data/kaggle/grading/Kupro/Large/Grade-2/210.jpg,Kupro,Large,Grade-2,train,/Users/ayush/Downloads/date-fruit-quality-ml/data/quality/grade/train/Grade-2/Kupro__Large__210.jpg,526.359130859375,358.1060791015625,144855.5
/Users/ayush/Downloads/date-fruit-quality-ml/data/kaggle/grading/Fasli Toto/Small/Grade-1/77.jpg,Fasli Toto,Small,Grade-1,train,/Users/ayush/Downloads/date-fruit-quality-ml/data/quality/grade/train/Grade-1/Fasli-Toto__Small__77.jpg,326.0182800292969,323.1100158691406,77851.5
/Users/ayush/Downloads/date-fruit-quality-ml/data/kaggle/grading/Kupro/Large/Grade-1/205.jpg,Kupro,Large,Grade-1,train,/Users/ayush/Downloads/date-fruit-quality-ml/data/quality/grade/train/Grade-1/Kupro__Large__205.jpg,494.8602294921875,332.5161437988281,130852.0
/Users/ayush/Downloads/date-fruit-quality-ml/data/kaggle/grading/Kupro/Large/Grade-1/5.jpg,Kupro,Large,Grade-1,train,/Users/ayush/Downloads/date-fruit-quality-ml/data/quality/grade/train/Grade-1/Kupro__Large__5.jpg,522.038818359375,355.6792907714844,144283.5
/Users/ayush/Downloads/date-fruit-quality-ml/data/kaggle/grading/Kupro/Large/Grade-1/33.jpg,Kupro,Large,Grade-1,train,/Users/ayush/Downloads/date-fruit-quality-ml/data/quality/grade/train/Grade-1/Kupro__Large__33.jpg,515.6477661132812,332.44097900390625,136249.0
/Users/ayush/Downloads/date-fruit-quality-ml/data/kaggle/grading/Gajar/Small/Grade-1/112.jpg,Gajar,Small,Grade-1,train,/Users/ayush/Downloads/date-fruit-quality-ml/data/quality/grade/train/Grade-1/Gajar__Small__112.jpg,567.8919067382812,270.1611022949219,130966.0
/Users/ayush/Downloads/date-fruit-quality-ml/data/kaggle/grading/Kupro/Large/Grade-3/49.jpg,Kupro,Large,Grade-3,train,/Users/ayush/Downloads/date-fruit-quality-ml/data/quality/grade/train/Grade-3/Kupro__Large__49.jpg,461.93182373046875,334.80859375,123285.0
/Users/ayush/Downloads/date-fruit-quality-ml/data/kaggle/grading/Gajar/Large/Grade-3/114.jpg,Gajar,Large,Grade-3,train,/Users/ayush/Downloads/date-fruit-quality-ml/data/quality/grade/train/Grade-3/Gajar__Large__114.jpg,635.5120849609375,292.3764953613281,151992.5
/Users/ayush/Downloads/date-fruit-quality-ml/data/kaggle/grading/Gajar/Large/Grade-3/15.jpg,Gajar,Large,Grade-3,train,/Users/ayush/Downloads/date-fruit-quality-ml/data/quality/grade/train/Grade-3/Gajar__Large__15.jpg,635.2317504882812,275.5257873535156,143012.0
/Users/ayush/Downloads/date-fruit-quality-ml/data/kaggle/grading/Aseel/Small/Grade-1/89.jpg,Aseel,Small,Grade-1,train,/Users/ayush/Downloads/date-fruit-quality-ml/data/quality/grade/train/Grade-1/Aseel__Small__89.jpg,446.0,262.0,92946.0
/Users/ayush/Downloads/date-fruit-quality-ml/data/kaggle/grading/Gajar/Medium/Grade-1/165.jpg,Gajar,Medium,Grade-1,train,/Users/ayush/Downloads/date-fruit-quality-ml/data/quality/grade/train/Grade-1/Gajar__Medium__165.jpg,562.9153442382812,273.2241516113281,129652.0
/Users/ayush/Downloads/date-fruit-quality-ml/data/kaggle/grading/Gajar/Small/Grade-2/57.jpg,Gajar,Small,Grade-2,train,/Users/ayush/Downloads/date-fruit-quality-ml/data/quality/grade/train/Grade-2/Gajar__Small__57.jpg,576.4622802734375,250.08900451660156,122919.0
/Users/ayush/Downloads/date-fruit-quality-ml/data/kaggle/grading/Fasli Toto/Large/Grade-1/108.jpg,Fasli Toto,Large,Grade-1,train,/Users/ayush/Downloads/date-fruit-quality-ml/data/quality/grade/train/Grade-1/Fasli-Toto__Large__108.jpg,488.5177001953125,316.8337097167969,124203.0
/Users/ayush/Downloads/date-fruit-quality-ml/data/kaggle/grading/Gajar/Small/Grade-1/13.jpg,Gajar,Small,Grade-1,train,/Users/ayush/Downloads/date-fruit-quality-ml/data/quality/grade/train/Grade-1/Gajar__Small__13.jpg,518.5992431640625,269.6007385253906,114438.0
/Users/ayush/Downloads/date-fruit-quality-ml/data/kaggle/grading/Gajar/Medium/Grade-1/193.jpg,Gajar,Medium,Grade-1,train,/Users/ayush/Downloads/date-fruit-quality-ml/data/quality/grade/train/Grade-1/Gajar__Medium__193.jpg,576.6401977539062,288.73736572265625,140165.0
/Users/ayush/Downloads/date-fruit-quality-ml/data/kaggle/grading/Gajar/Small/Grade-1/170.jpg,Gajar,Small,Grade-1,train,/Users/ayush/Downloads/date-fruit-quality-ml/data/quality/grade/train/Grade-1/Gajar__Small__170.jpg,532.7191772460938,258.2958068847656,113521.0
/Users/ayush/Downloads/date-fruit-quality-ml/data/kaggle/grading/Kupro/Large/Grade-2/235.jpg,Kupro,Large,Grade-2,train,/Users/ayush/Downloads/date-fruit-quality-ml/data/quality/grade/train/Grade-2/Kupro__Large__235.jpg,481.0415954589844,332.8070068359375,131731.5
/Users/ayush/Downloads/date-fruit-quality-ml/data/kaggle/grading/Kupro/Large/Grade-1/247.jpg,Kupro,Large,Grade-1,train,/Users/ayush/Downloads/date-fruit-quality-ml/data/quality/grade/train/Grade-1/Kupro__Large__247.jpg,502.0,359.0,142422.5
/Users/ayush/Downloads/date-fruit-quality-ml/data/kaggle/grading/Kupro/Large/Grade-2/42.jpg,Kupro,Large,Grade-2,train,/Users/ayush/Downloads/date-fruit-quality-ml/data/quality/grade/train/Grade-2/Kupro__Large__42.jpg,519.0096435546875,364.4363708496094,152166.0
/Users/ayush/Downloads/date-fruit-quality-ml/data/kaggle/grading/Fasli Toto/Small/Grade-1/75.jpg,Fasli Toto,Small,Grade-1,train,/Users/ayush/Downloads/date-fruit-quality-ml/data/quality/grade/train/Grade-1/Fasli-Toto__Small__75.jpg,377.10626220703125,283.7292785644531,80860.0
/Users/ayush/Downloads/date-fruit-quality-ml/data/kaggle/grading/Aseel/Small/Grade-1/117.jpg,Aseel,Small,Grade-1,train,/Users/ayush/Downloads/date-fruit-quality-ml/data/quality/grade/train/Grade-1/Aseel__Small__117.jpg,460.4770812988281,254.8763427734375,97105.0
/Users/ayush/Downloads/date-fruit-quality-ml/data/kaggle/grading/Kupro/Large/Grade-2/260.jpg,Kupro,Large,Grade-2,train,/Users/ayush/Downloads/date-fruit-quality-ml/data/quality/grade/train/Grade-2/Kupro__Large__260.jpg,507.5007629394531,354.03106689453125,143112.0
/Users/ayush/Downloads/date-fruit-quality-ml/data/kaggle/grading/Aseel/Large/Grade-1/153.jpg,Aseel,Large,Grade-1,train,/Users/ayush/Downloads/date-fruit-quality-ml/data/quality/grade/train/Grade-1/Aseel__Large__153.jpg,551.3685302734375,272.66839599609375,126595.5
/Users/ayush/Downloads/date-fruit-quality-ml/data/kaggle/grading/Aseel/Small/Grade-1/161.jpg,Aseel,Small,Grade-1,train,/Users/ayush/Downloads/date-fruit-quality-ml/data/quality/grade/train/Grade-1/Aseel__Small__161.jpg,454.95733642578125,249.53689575195312,92811.5
/Users/ayush/Downloads/date-fruit-quality-ml/data/kaggle/grading/Gajar/Small/Grade-3/48.jpg,Gajar,Small,Grade-3,train,/Users/ayush/Downloads/date-fruit-quality-ml/data/quality/grade/train/Grade-3/Gajar__Small__48.jpg,553.1276245117188,246.54742431640625,116741.0
/Users/ayush/Downloads/date-fruit-quality-ml/data/kaggle/grading/Kupro/Large/Grade-1/278.jpg,Kupro,Large,Grade-1,train,/Users/ayush/Downloads/date-fruit-quality-ml/data/quality/grade/train/Grade-1/Kupro__Large__278.jpg,476.2023010253906,329.15045166015625,128751.0
/Users/ayush/Downloads/date-fruit-quality-ml/data/kaggle/grading/Fasli Toto/Medium/Grade-1/39.jpg,Fasli Toto,Medium,Grade-1,train,/Users/ayush/Downloads/date-fruit-quality-ml/data/quality/grade/train/Grade-1/Fasli-Toto__Medium__39.jpg,406.89971923828125,256.0338439941406,84979.0
/Users/ayush/Downloads/date-fruit-quality-ml/data/kaggle/grading/Kupro/Large/Grade-3/80.jpg,Kupro,Large,Grade-3,train,/Users/ayush/Downloads/date-fruit-quality-ml/data/quality/grade/train/Grade-3/Kupro__Large__80.jpg,502.0,366.0,148279.0
/Users/ayush/Downloads/date-fruit-quality-ml/data/kaggle/grading/Gajar/Medium/Grade-3/24.jpg,Gajar,Medium,Grade-3,train,/Users/ayush/Downloads/date-fruit-quality-ml/data/quality/grade/train/Grade-3/Gajar__Medium__24.jpg,518.936767578125,248.7394561767578,106571.0
/Users/ayush/Downloads/date-fruit-quality-ml/data/kaggle/grading/Kupro/Large/Grade-2/1.jpg,Kupro,Large,Grade-2,train,/Users/ayush/Downloads/date-fruit-quality-ml/data/quality/grade/train/Grade-2/Kupro__Large__1.jpg,541.8484497070312,372.4161376953125,154225.0
/Users/ayush/Downloads/date-fruit-quality-ml/data/kaggle/grading/Aseel/Large/Grade-1/33.jpg,Aseel,Large,Grade-1,train,/Users/ayush/Downloads/date-fruit-quality-ml/data/quality/grade/train/Grade-1/Aseel__Large__33.jpg,528.5071411132812,343.73358154296875,143588.0
/Users/ayush/Downloads/date-fruit-quality-ml/data/kaggle/grading/Aseel/Small/Grade-1/19.jpg,Aseel,Small,Grade-1,train,/Users/ayush/Downloads/date-fruit-quality-ml/data/quality/grade/train/Grade-1/Aseel__Small__19.jpg,430.1274719238281,268.78045654296875,90249.5
/Users/ayush/Downloads/date-fruit-quality-ml/data/kaggle/grading/Gajar/Large/Grade-1/13.jpg,Gajar,Large,Grade-1,train,/Users/ayush/Downloads/date-fruit-quality-ml/data/quality/grade/train/Grade-1/Gajar__Large__13.jpg,661.0183715820312,274.8673400878906,156481.5
/Users/ayush/Downloads/date-fruit-quality-ml/data/kaggle/grading/Kupro/Large/Grade-1/46.jpg,Kupro,Large,Grade-1,train,/Users/ayush/Downloads/date-fruit-quality-ml/data/quality/grade/train/Grade-1/Kupro__Large__46.jpg,504.0,355.0,142767.0
/Users/ayush/Downloads/date-fruit-quality-ml/data/kaggle/grading/Fasli Toto/Large/Grade-1/98.jpg,Fasli Toto,Large,Grade-1,train,/Users/ayush/Downloads/date-fruit-quality-ml/data/quality/grade/train/Grade-1/Fasli-Toto__Large__98.jpg,484.1098937988281,376.31939697265625,140599.0
/Users/ayush/Downloads/date-fruit-quality-ml/data/kaggle/grading/Fasli Toto/Small/Grade-1/49.jpg,Fasli Toto,Small,Grade-1,train,/Users/ayush/Downloads/date-fruit-quality-ml/data/quality/grade/train/Grade-1/Fasli-Toto__Small__49.jpg,391.1317138671875,243.79214477539062,77888.5
/Users/ayush/Downloads/date-fruit-quality-ml/data/kaggle/grading/Fasli Toto/Large/Grade-1/71.jpg,Fasli Toto,Large,Grade-1,train,/Users/ayush/Downloads/date-fruit-quality-ml/data/quality/grade/train/Grade-1/Fasli-Toto__Large__71.jpg,493.2584228515625,327.8494873046875,129871.5
/Users/ayush/Downloads/date-fruit-quality-ml/data/kaggle/grading/Gajar/Small/Grade-3/88.jpg,Gajar,Small,Grade-3,train,/Users/ayush/Downloads/date-fruit-quality-ml/data/quality/grade/train/Grade-3/Gajar__Small__88.jpg,549.463623046875,253.2566375732422,113556.0
/Users/ayush/Downloads/date-fruit-quality-ml/data/kaggle/grading/Gajar/Medium/Grade-3/62.jpg,Gajar,Medium,Grade-3,train,/Users/ayush/Downloads/date-fruit-quality-ml/data/quality/grade/train/Grade-3/Gajar__Medium__62.jpg,546.4180908203125,257.2451477050781,113560.5
/Users/ayush/Downloads/date-fruit-quality-ml/data/kaggle/grading/Gajar/Large/Grade-1/77.jpg,Gajar,Large,Grade-1,train,/Users/ayush/Downloads/date-fruit-quality-ml/data/quality/grade/train/Grade-1/Gajar__Large__77.jpg,613.7238159179688,266.6746826171875,136378.0
/Users/ayush/Downloads/date-fruit-quality-ml/data/kaggle/grading/Aseel/Large/Grade-1/120.jpg,Aseel,Large,Grade-1,train,/Users/ayush/Downloads/date-fruit-quality-ml/data/quality/grade/train/Grade-1/Aseel__Large__120.jpg,540.195556640625,341.8830261230469,142493.0
/Users/ayush/Downloads/date-fruit-quality-ml/data/kaggle/grading/Fasli Toto/Large/Grade-1/54.jpg,Fasli Toto,Large,Grade-1,train,/Users/ayush/Downloads/date-fruit-quality-ml/data/quality/grade/train/Grade-1/Fasli-Toto__Large__54.jpg,468.3987121582031,283.2499694824219,110274.0
/Users/ayush/Downloads/date-fruit-quality-ml/data/kaggle/grading/Gajar/Medium/Grade-1/1.jpg,Gajar,Medium,Grade-1,train,/Users/ayush/Downloads/date-fruit-quality-ml/data/quality/grade/train/Grade-1/Gajar__Medium__1.jpg,591.1983032226562,290.49969482421875,141289.0
/Users/ayush/Downloads/date-fruit-quality-ml/data/kaggle/grading/Aseel/Small/Grade-1/10.jpg,Aseel,Small,Grade-1,train,/Users/ayush/Downloads/date-fruit-quality-ml/data/quality/grade/train/Grade-1/Aseel__Small__10.jpg,483.6847229003906,273.4283752441406,101377.5
/Users/ayush/Downloads/date-fruit-quality-ml/data/kaggle/grading/Fasli Toto/Medium/Grade-1/18.jpg,Fasli Toto,Medium,Grade-1,train,/Users/ayush/Downloads/date-fruit-quality-ml/data/quality/grade/train/Grade-1/Fasli-Toto__Medium__18.jpg,433.0,275.0,87386.5
/Users/ayush/Downloads/date-fruit-quality-ml/data/kaggle/grading/Fasli Toto/Large/Grade-1/111.jpg,Fasli Toto,Large,Grade-1,train,/Users/ayush/Downloads/date-fruit-quality-ml/data/quality/grade/train/Grade-1/Fasli-Toto__Large__111.jpg,433.39971923828125,311.06103515625,106560.0
/Users/ayush/Downloads/date-fruit-quality-ml/data/kaggle/grading/Aseel/Large/Grade-1/62.jpg,Aseel,Large,Grade-1,train,/Users/ayush/Downloads/date-fruit-quality-ml/data/quality/grade/train/Grade-1/Aseel__Large__62.jpg,532.1182861328125,310.3407897949219,130463.0
/Users/ayush/Downloads/date-fruit-quality-ml/data/kaggle/grading/Gajar/Small/Grade-3/96.jpg,Gajar,Small,Grade-3,train,/Users/ayush/Downloads/date-fruit-quality-ml/data/quality/grade/train/Grade-3/Gajar__Small__96.jpg,545.0404663085938,235.10194396972656,108138.5
/Users/ayush/Downloads/date-fruit-quality-ml/data/kaggle/grading/Gajar/Large/Grade-1/22.jpg,Gajar,Large,Grade-1,train,/Users/ayush/Downloads/date-fruit-quality-ml/data/quality/grade/train/Grade-1/Gajar__Large__22.jpg,603.5528564453125,280.1815490722656,143902.5
/Users/ayush/Downloads/date-fruit-quality-ml/data/kaggle/grading/Gajar/Small/Grade-1/72.jpg,Gajar,Small,Grade-1,train,/Users/ayush/Downloads/date-fruit-quality-ml/data/quality/grade/train/Grade-1/Gajar__Small__72.jpg,566.898681640625,245.95298767089844,115066.5
/Users/ayush/Downloads/date-fruit-quality-ml/data/kaggle/grading/Aseel/Medium/Grade-1/99.jpg,Aseel,Medium,Grade-1,train,/Users/ayush/Downloads/date-fruit-quality-ml/data/quality/grade/train/Grade-1/Aseel__Medium__99.jpg,469.2529602050781,310.939453125,115500.0
/Users/ayush/Downloads/date-fruit-quality-ml/data/kaggle/grading/Kupro/Large/Grade-2/190.jpg,Kupro,Large,Grade-2,train,/Users/ayush/Downloads/date-fruit-quality-ml/data/quality/grade/train/Grade-2/Kupro__Large__190.jpg,489.592041015625,382.10400390625,147997.0
/Users/ayush/Downloads/date-fruit-quality-ml/data/kaggle/grading/Aseel/Medium/Grade-1/24.jpg,Aseel,Medium,Grade-1,train,/Users/ayush/Downloads/date-fruit-quality-ml/data/quality/grade/train/Grade-1/Aseel__Medium__24.jpg,509.66290283203125,293.6574401855469,119046.5
/Users/ayush/Downloads/date-fruit-quality-ml/data/kaggle/grading/Gajar/Small/Grade-2/118.jpg,Gajar,Small,Grade-2,train,/Users/ayush/Downloads/date-fruit-quality-ml/data/quality/grade/train/Grade-2/Gajar__Small__118.jpg,568.3577880859375,275.3932189941406,128421.5
/Users/ayush/Downloads/date-fruit-quality-ml/data/kaggle/grading/Fasli Toto/Small/Grade-1/42.jpg,Fasli Toto,Small,Grade-1,train,/Users/ayush/Downloads/date-fruit-quality-ml/data/quality/grade/train/Grade-1/Fasli-Toto__Small__42.jpg,364.75439453125,286.1515808105469,82133.0
/Users/ayush/Downloads/date-fruit-quality-ml/data/kaggle/grading/Gajar/Medium/Grade-2/47.jpg,Gajar,Medium,Grade-2,train,/Users/ayush/Downloads/date-fruit-quality-ml/data/quality/grade/train/Grade-2/Gajar__Medium__47.jpg,545.1654052734375,265.3697204589844,121522.5
/Users/ayush/Downloads/date-fruit-quality-ml/data/kaggle/grading/Fasli Toto/Medium/Grade-1/137.jpg,Fasli Toto,Medium,Grade-1,train,/Users/ayush/Downloads/date-fruit-quality-ml/data/quality/grade/train/Grade-1/Fasli-Toto__Medium__137.jpg,371.4458312988281,305.3997802734375,93667.0
/Users/ayush/Downloads/date-fruit-quality-ml/data/kaggle/grading/Gajar/Large/Grade-3/84.jpg,Gajar,Large,Grade-3,train,/Users/ayush/Downloads/date-fruit-quality-ml/data/quality/grade/train/Grade-3/Gajar__Large__84.jpg,632.964111328125,278.2381896972656,150074.0
/Users/ayush/Downloads/date-fruit-quality-ml/data/kaggle/grading/Kupro/Large/Grade-2/319.jpg,Kupro,Large,Grade-2,train,/Users/ayush/Downloads/date-fruit-quality-ml/data/quality/grade/train/Grade-2/Kupro__Large__319.jpg,465.6126708984375,381.5765380859375,139368.0
/Users/ayush/Downloads/date-fruit-quality-ml/data/kaggle/grading/Gajar/Medium/Grade-2/3.jpg,Gajar,Medium,Grade-2,train,/Users/ayush/Downloads/date-fruit-quality-ml/data/quality/grade/train/Grade-2/Gajar__Medium__3.jpg,586.0287475585938,283.7123107910156,136539.0
/Users/ayush/Downloads/date-fruit-quality-ml/data/kaggle/grading/Kupro/Large/Grade-2/120.jpg,Kupro,Large,Grade-2,train,/Users/ayush/Downloads/date-fruit-quality-ml/data/quality/grade/train/Grade-2/Kupro__Large__120.jpg,508.5390319824219,362.5387268066406,141714.5
/Users/ayush/Downloads/date-fruit-quality-ml/data/kaggle/grading/Fasli Toto/Medium/Grade-1/28.jpg,Fasli Toto,Medium,Grade-1,train,/Users/ayush/Downloads/date-fruit-quality-ml/data/quality/grade/train/Grade-1/Fasli-Toto__Medium__28.jpg,405.19207763671875,288.9582824707031,88961.5
/Users/ayush/Downloads/date-fruit-quality-ml/data/kaggle/grading/Kupro/Large/Grade-1/62.jpg,Kupro,Large,Grade-1,train,/Users/ayush/Downloads/date-fruit-quality-ml/data/quality/grade/train/Grade-1/Kupro__Large__62.jpg,522.0,346.0,143500.0
/Users/ayush/Downloads/date-fruit-quality-ml/data/kaggle/grading/Fasli Toto/Medium/Grade-1/4.jpg,Fasli Toto,Medium,Grade-1,train,/Users/ayush/Downloads/date-fruit-quality-ml/data/quality/grade/train/Grade-1/Fasli-Toto__Medium__4.jpg,389.9470520019531,261.16522216796875,83039.5
/Users/ayush/Downloads/date-fruit-quality-ml/data/kaggle/grading/Gajar/Medium/Grade-1/9.jpg,Gajar,Medium,Grade-1,train,/Users/ayush/Downloads/date-fruit-quality-ml/data/quality/grade/train/Grade-1/Gajar__Medium__9.jpg,520.38037109375,271.4517517089844,115511.5
/Users/ayush/Downloads/date-fruit-quality-ml/data/kaggle/grading/Kupro/Large/Grade-2/291.jpg,Kupro,Large,Grade-2,train,/Users/ayush/Downloads/date-fruit-quality-ml/data/quality/grade/train/Grade-2/Kupro__Large__291.jpg,518.5883178710938,371.64117431640625,153854.0
/Users/ayush/Downloads/date-fruit-quality-ml/data/kaggle/grading/Kupro/Large/Grade-2/135.jpg,Kupro,Large,Grade-2,train,/Users/ayush/Downloads/date-fruit-quality-ml/data/quality/grade/train/Grade-2/Kupro__Large__135.jpg,484.99993896484375,340.99993896484375,130825.0
/Users/ayush/Downloads/date-fruit-quality-ml/data/kaggle/grading/Gajar/Small/Grade-1/175.jpg,Gajar,Small,Grade-1,train,/Users/ayush/Downloads/date-fruit-quality-ml/data/quality/grade/train/Grade-1/Gajar__Small__175.jpg,572.715576171875,227.91334533691406,113760.0
/Users/ayush/Downloads/date-fruit-quality-ml/data/kaggle/grading/Gajar/Medium/Grade-3/16.jpg,Gajar,Medium,Grade-3,train,/Users/ayush/Downloads/date-fruit-quality-ml/data/quality/grade/train/Grade-3/Gajar__Medium__16.jpg,566.4566650390625,236.16000366210938,113083.0
/Users/ayush/Downloads/date-fruit-quality-ml/data/kaggle/grading/Kupro/Large/Grade-2/293.jpg,Kupro,Large,Grade-2,train,/Users/ayush/Downloads/date-fruit-quality-ml/data/quality/grade/train/Grade-2/Kupro__Large__293.jpg,455.2341613769531,337.3004150390625,122237.0
/Users/ayush/Downloads/date-fruit-quality-ml/data/kaggle/grading/Aseel/Small/Grade-1/26.jpg,Aseel,Small,Grade-1,train,/Users/ayush/Downloads/date-fruit-quality-ml/data/quality/grade/train/Grade-1/Aseel__Small__26.jpg,444.54119873046875,235.78846740722656,87431.5
/Users/ayush/Downloads/date-fruit-quality-ml/data/kaggle/grading/Gajar/Small/Grade-2/36.jpg,Gajar,Small,Grade-2,train,/Users/ayush/Downloads/date-fruit-quality-ml/data/quality/grade/train/Grade-2/Gajar__Small__36.jpg,541.5136108398438,243.8285675048828,114807.0
/Users/ayush/Downloads/date-fruit-quality-ml/data/kaggle/grading/Gajar/Small/Grade-1/84.jpg,Gajar,Small,Grade-1,train,/Users/ayush/Downloads/date-fruit-quality-ml/data/quality/grade/train/Grade-1/Gajar__Small__84.jpg,535.6589965820312,246.44143676757812,107218.5
/Users/ayush/Downloads/date-fruit-quality-ml/data/kaggle/grading/Fasli Toto/Large/Grade-1/15.jpg,Fasli Toto,Large,Grade-1,train,/Users/ayush/Downloads/date-fruit-quality-ml/data/quality/grade/train/Grade-1/Fasli-Toto__Large__15.jpg,488.2794494628906,341.5796813964844,133308.5
/Users/ayush/Downloads/date-fruit-quality-ml/data/kaggle/grading/Kupro/Large/Grade-3/44.jpg,Kupro,Large,Grade-3,train,/Users/ayush/Downloads/date-fruit-quality-ml/data/quality/grade/train/Grade-3/Kupro__Large__44.jpg,477.07330322265625,343.9643859863281,127048.5
/Users/ayush/Downloads/date-fruit-quality-ml/data/kaggle/grading/Fasli Toto/Small/Grade-1/40.jpg,Fasli Toto,Small,Grade-1,train,/Users/ayush/Downloads/date-fruit-quality-ml/data/quality/grade/train/Grade-1/Fasli-Toto__Small__40.jpg,379.989990234375,251.6154327392578,76409.0
/Users/ayush/Downloads/date-fruit-quality-ml/data/kaggle/grading/Gajar/Large/Grade-1/67.jpg,Gajar,Large,Grade-1,train,/Users/ayush/Downloads/date-fruit-quality-ml/data/quality/grade/train/Grade-1/Gajar__Large__67.jpg,656.4728393554688,279.8038330078125,149228.5
/Users/ayush/Downloads/date-fruit-quality-ml/data/kaggle/grading/Kupro/Large/Grade-3/112.jpg,Kupro,Large,Grade-3,train,/Users/ayush/Downloads/date-fruit-quality-ml/data/quality/grade/train/Grade-3/Kupro__Large__112.jpg,478.6672058105469,325.88153076171875,126908.0
/Users/ayush/Downloads/date-fruit-quality-ml/data/kaggle/grading/Gajar/Small/Grade-3/99.jpg,Gajar,Small,Grade-3,train,/Users/ayush/Downloads/date-fruit-quality-ml/data/quality/grade/train/Grade-3/Gajar__Small__99.jpg,535.56787109375,244.88844299316406,111160.5
/Users/ayush/Downloads/date-fruit-quality-ml/data/kaggle/grading/Fasli Toto/Medium/Grade-1/21.jpg,Fasli Toto,Medium,Grade-1,train,/Users/ayush/Downloads/date-fruit-quality-ml/data/quality/grade/train/Grade-1/Fasli-Toto__Medium__21.jpg,484.27447509765625,289.55072021484375,90537.5
/Users/ayush/Downloads/date-fruit-quality-ml/data/kaggle/grading/Gajar/Small/Grade-2/93.jpg,Gajar,Small,Grade-2,train,/Users/ayush/Downloads/date-fruit-quality-ml/data/quality/grade/train/Grade-2/Gajar__Small__93.jpg,599.336181640625,248.0352783203125,121561.0
/Users/ayush/Downloads/date-fruit-quality-ml/data/kaggle/grading/Gajar/Medium/Grade-3/66.jpg,Gajar,Medium,Grade-3,train,/Users/ayush/Downloads/date-fruit-quality-ml/data/quality/grade/train/Grade-3/Gajar__Medium__66.jpg,588.5994873046875,273.7254943847656,129559.5
/Users/ayush/Downloads/date-fruit-quality-ml/data/kaggle/grading/Gajar/Medium/Grade-3/58.jpg,Gajar,Medium,Grade-3,train,/Users/ayush/Downloads/date-fruit-quality-ml/data/quality/grade/train/Grade-3/Gajar__Medium__58.jpg,621.25634765625,315.3360290527344,139570.5
/Users/ayush/Downloads/date-fruit-quality-ml/data/kaggle/grading/Gajar/Small/Grade-3/9.jpg,Gajar,Small,Grade-3,train,/Users/ayush/Downloads/date-fruit-quality-ml/data/quality/grade/train/Grade-3/Gajar__Small__9.jpg,542.2713623046875,243.97808837890625,112316.5
/Users/ayush/Downloads/date-fruit-quality-ml/data/kaggle/grading/Gajar/Small/Grade-3/127.jpg,Gajar,Small,Grade-3,train,/Users/ayush/Downloads/date-fruit-quality-ml/data/quality/grade/train/Grade-3/Gajar__Small__127.jpg,562.3606567382812,270.1021728515625,120097.0
/Users/ayush/Downloads/date-fruit-quality-ml/data/kaggle/grading/Fasli Toto/Small/Grade-1/74.jpg,Fasli Toto,Small,Grade-1,train,/Users/ayush/Downloads/date-fruit-quality-ml/data/quality/grade/train/Grade-1/Fasli-Toto__Small__74.jpg,365.5541687011719,280.7569885253906,81790.0
/Users/ayush/Downloads/date-fruit-quality-ml/data/kaggle/grading/Aseel/Medium/Grade-1/77.jpg,Aseel,Medium,Grade-1,train,/Users/ayush/Downloads/date-fruit-quality-ml/data/quality/grade/train/Grade-1/Aseel__Medium__77.jpg,527.671630859375,297.9399108886719,121696.0
/Users/ayush/Downloads/date-fruit-quality-ml/data/kaggle/grading/Fasli Toto/Medium/Grade-1/12.jpg,Fasli Toto,Medium,Grade-1,train,/Users/ayush/Downloads/date-fruit-quality-ml/data/quality/grade/train/Grade-1/Fasli-Toto__Medium__12.jpg,442.0,262.0,98165.5
/Users/ayush/Downloads/date-fruit-quality-ml/data/kaggle/grading/Kupro/Large/Grade-1/99.jpg,Kupro,Large,Grade-1,train,/Users/ayush/Downloads/date-fruit-quality-ml/data/quality/grade/train/Grade-1/Kupro__Large__99.jpg,521.3818359375,355.91217041015625,141108.5
/Users/ayush/Downloads/date-fruit-quality-ml/data/kaggle/grading/Fasli Toto/Small/Grade-1/36.jpg,Fasli Toto,Small,Grade-1,train,/Users/ayush/Downloads/date-fruit-quality-ml/data/quality/grade/train/Grade-1/Fasli-Toto__Small__36.jpg,400.4405822753906,246.41773986816406,78517.5
/Users/ayush/Downloads/date-fruit-quality-ml/data/kaggle/grading/Gajar/Large/Grade-1/23.jpg,Gajar,Large,Grade-1,train,/Users/ayush/Downloads/date-fruit-quality-ml/data/quality/grade/train/Grade-1/Gajar__Large__23.jpg,639.5003662109375,284.3341979980469,149211.0
/Users/ayush/Downloads/date-fruit-quality-ml/data/kaggle/grading/Kupro/Large/Grade-1/298.jpg,Kupro,Large,Grade-1,train,/Users/ayush/Downloads/date-fruit-quality-ml/data/quality/grade/train/Grade-1/Kupro__Large__298.jpg,507.384521484375,341.7326965332031,136743.0
/Users/ayush/Downloads/date-fruit-quality-ml/data/kaggle/grading/Kupro/Large/Grade-1/263.jpg,Kupro,Large,Grade-1,train,/Users/ayush/Downloads/date-fruit-quality-ml/data/quality/grade/train/Grade-1/Kupro__Large__263.jpg,483.9988098144531,340.8506164550781,134608.5
/Users/ayush/Downloads/date-fruit-quality-ml/data/kaggle/grading/Gajar/Medium/Grade-2/37.jpg,Gajar,Medium,Grade-2,train,/Users/ayush/Downloads/date-fruit-quality-ml/data/quality/grade/train/Grade-2/Gajar__Medium__37.jpg,597.887939453125,275.84271240234375,132277.5
/Users/ayush/Downloads/date-fruit-quality-ml/data/kaggle/grading/Gajar/Large/Grade-1/10.jpg,Gajar,Large,Grade-1,train,/Users/ayush/Downloads/date-fruit-quality-ml/data/quality/grade/train/Grade-1/Gajar__Large__10.jpg,627.7915649414062,251.95223999023438,131868.0
/Users/ayush/Downloads/date-fruit-quality-ml/data/kaggle/grading/Gajar/Medium/Grade-1/64.jpg,Gajar,Medium,Grade-1,train,/Users/ayush/Downloads/date-fruit-quality-ml/data/quality/grade/train/Grade-1/Gajar__Medium__64.jpg,575.086669921875,255.93283081054688,121225.0
/Users/ayush/Downloads/date-fruit-quality-ml/data/kaggle/grading/Aseel/Medium/Grade-1/148.jpg,Aseel,Medium,Grade-1,train,/Users/ayush/Downloads/date-fruit-quality-ml/data/quality/grade/train/Grade-1/Aseel__Medium__148.jpg,476.1732177734375,289.1038513183594,111844.0
/Users/ayush/Downloads/date-fruit-quality-ml/data/kaggle/grading/Gajar/Small/Grade-2/95.jpg,Gajar,Small,Grade-2,train,/Users/ayush/Downloads/date-fruit-quality-ml/data/quality/grade/train/Grade-2/Gajar__Small__95.jpg,583.8314819335938,252.03857421875,124609.0
/Users/ayush/Downloads/date-fruit-quality-ml/data/kaggle/grading/Aseel/Small/Grade-1/84.jpg,Aseel,Small,Grade-1,train,/Users/ayush/Downloads/date-fruit-quality-ml/data/quality/grade/train/Grade-1/Aseel__Small__84.jpg,437.2558288574219,265.41552734375,92047.5
/Users/ayush/Downloads/date-fruit-quality-ml/data/kaggle/grading/Gajar/Small/Grade-3/202.jpg,Gajar,Small,Grade-3,train,/Users/ayush/Downloads/date-fruit-quality-ml/data/quality/grade/train/Grade-3/Gajar__Small__202.jpg,546.8348999023438,263.1637878417969,119699.0
/Users/ayush/Downloads/date-fruit-quality-ml/data/kaggle/grading/Fasli Toto/Medium/Grade-1/78.jpg,Fasli Toto,Medium,Grade-1,train,/Users/ayush/Downloads/date-fruit-quality-ml/data/quality/grade/train/Grade-1/Fasli-Toto__Medium__78.jpg,403.1719055175781,264.1239929199219,87718.0
/Users/ayush/Downloads/date-fruit-quality-ml/data/kaggle/grading/Aseel/Small/Grade-1/60.jpg,Aseel,Small,Grade-1,train,/Users/ayush/Downloads/date-fruit-quality-ml/data/quality/grade/train/Grade-1/Aseel__Small__60.jpg,468.0,287.0,102868.5
/Users/ayush/Downloads/date-fruit-quality-ml/data/kaggle/grading/Gajar/Large/Grade-1/24.jpg,Gajar,Large,Grade-1,train,/Users/ayush/Downloads/date-fruit-quality-ml/data/quality/grade/train/Grade-1/Gajar__Large__24.jpg,650.5061645507812,284.77874755859375,156306.0
/Users/ayush/Downloads/date-fruit-quality-ml/data/kaggle/grading/Kupro/Large/Grade-1/52.jpg,Kupro,Large,Grade-1,train,/Users/ayush/Downloads/date-fruit-quality-ml/data/quality/grade/train/Grade-1/Kupro__Large__52.jpg,430.9848327636719,423.4540100097656,135503.0
/Users/ayush/Downloads/date-fruit-quality-ml/data/kaggle/grading/Gajar/Medium/Grade-1/5.jpg,Gajar,Medium,Grade-1,train,/Users/ayush/Downloads/date-fruit-quality-ml/data/quality/grade/train/Grade-1/Gajar__Medium__5.jpg,583.5089721679688,275.8059997558594,134703.5
/Users/ayush/Downloads/date-fruit-quality-ml/data/kaggle/grading/Fasli Toto/Medium/Grade-1/124.jpg,Fasli Toto,Medium,Grade-1,train,/Users/ayush/Downloads/date-fruit-quality-ml/data/quality/grade/train/Grade-1/Fasli-Toto__Medium__124.jpg,420.6734313964844,275.09234619140625,90527.0
/Users/ayush/Downloads/date-fruit-quality-ml/data/kaggle/grading/Fasli Toto/Large/Grade-1/152.jpg,Fasli Toto,Large,Grade-1,train,/Users/ayush/Downloads/date-fruit-quality-ml/data/quality/grade/train/Grade-1/Fasli-Toto__Large__152.jpg,498.5934143066406,285.2136535644531,112089.5
/Users/ayush/Downloads/date-fruit-quality-ml/data/kaggle/grading/Kupro/Large/Grade-2/336.jpg,Kupro,Large,Grade-2,train,/Users/ayush/Downloads/date-fruit-quality-ml/data/quality/grade/train/Grade-2/Kupro__Large__336.jpg,503.5345764160156,357.9999694824219,144725.0
/Users/ayush/Downloads/date-fruit-quality-ml/data/kaggle/grading/Gajar/Small/Grade-3/65.jpg,Gajar,Small,Grade-3,train,/Users/ayush/Downloads/date-fruit-quality-ml/data/quality/grade/train/Grade-3/Gajar__Small__65.jpg,551.9775390625,260.49359130859375,117383.5
/Users/ayush/Downloads/date-fruit-quality-ml/data/kaggle/grading/Aseel/Large/Grade-1/40.jpg,Aseel,Large,Grade-1,train,/Users/ayush/Downloads/date-fruit-quality-ml/data/quality/grade/train/Grade-1/Aseel__Large__40.jpg,542.5153198242188,291.7715148925781,130852.0
/Users/ayush/Downloads/date-fruit-quality-ml/data/kaggle/grading/Gajar/Large/Grade-2/115.jpg,Gajar,Large,Grade-2,train,/Users/ayush/Downloads/date-fruit-quality-ml/data/quality/grade/train/Grade-2/Gajar__Large__115.jpg,602.0157470703125,248.8857879638672,124666.5
/Users/ayush/Downloads/date-fruit-quality-ml/data/kaggle/grading/Fasli Toto/Medium/Grade-1/143.jpg,Fasli Toto,Medium,Grade-1,train,/Users/ayush/Downloads/date-fruit-quality-ml/data/quality/grade/train/Grade-1/Fasli-Toto__Medium__143.jpg,379.8673400878906,293.23663330078125,87653.0
/Users/ayush/Downloads/date-fruit-quality-ml/data/kaggle/grading/Aseel/Large/Grade-1/65.jpg,Aseel,Large,Grade-1,train,/Users/ayush/Downloads/date-fruit-quality-ml/data/quality/grade/train/Grade-1/Aseel__Large__65.jpg,509.494873046875,311.865234375,123072.5
/Users/ayush/Downloads/date-fruit-quality-ml/data/kaggle/grading/Aseel/Large/Grade-1/15.jpg,Aseel,Large,Grade-1,train,/Users/ayush/Downloads/date-fruit-quality-ml/data/quality/grade/train/Grade-1/Aseel__Large__15.jpg,507.6403503417969,311.82476806640625,128371.0
/Users/ayush/Downloads/date-fruit-quality-ml/data/kaggle/grading/Gajar/Large/Grade-1/49.jpg,Gajar,Large,Grade-1,train,/Users/ayush/Downloads/date-fruit-quality-ml/data/quality/grade/train/Grade-1/Gajar__Large__49.jpg,629.3648681640625,315.09942626953125,161940.0
/Users/ayush/Downloads/date-fruit-quality-ml/data/kaggle/grading/Gajar/Small/Grade-1/149.jpg,Gajar,Small,Grade-1,train,/Users/ayush/Downloads/date-fruit-quality-ml/data/quality/grade/train/Grade-1/Gajar__Small__149.jpg,566.87353515625,276.93646240234375,124350.0
/Users/ayush/Downloads/date-fruit-quality-ml/data/kaggle/grading/Gajar/Large/Grade-2/8.jpg,Gajar,Large,Grade-2,train,/Users/ayush/Downloads/date-fruit-quality-ml/data/quality/grade/train/Grade-2/Gajar__Large__8.jpg,639.5230712890625,278.830078125,147607.5
/Users/ayush/Downloads/date-fruit-quality-ml/data/kaggle/grading/Gajar/Small/Grade-2/139.jpg,Gajar,Small,Grade-2,train,/Users/ayush/Downloads/date-fruit-quality-ml/data/quality/grade/train/Grade-2/Gajar__Small__139.jpg,570.8954467773438,241.2937774658203,112951.0
/Users/ayush/Downloads/date-fruit-quality-ml/data/kaggle/grading/Gajar/Large/Grade-1/118.jpg,Gajar,Large,Grade-1,train,/Users/ayush/Downloads/date-fruit-quality-ml/data/quality/grade/train/Grade-1/Gajar__Large__118.jpg,664.644287109375,284.17376708984375,160233.0
/Users/ayush/Downloads/date-fruit-quality-ml/data/kaggle/grading/Kupro/Large/Grade-1/163.jpg,Kupro,Large,Grade-1,train,/Users/ayush/Downloads/date-fruit-quality-ml/data/quality/grade/train/Grade-1/Kupro__Large__163.jpg,513.1149291992188,366.2468566894531,148049.5
/Users/ayush/Downloads/date-fruit-quality-ml/data/kaggle/grading/Kupro/Large/Grade-2/96.jpg,Kupro,Large,Grade-2,train,/Users/ayush/Downloads/date-fruit-quality-ml/data/quality/grade/train/Grade-2/Kupro__Large__96.jpg,561.405517578125,328.3336181640625,144201.5
/Users/ayush/Downloads/date-fruit-quality-ml/data/kaggle/grading/Gajar/Large/Grade-2/113.jpg,Gajar,Large,Grade-2,train,/Users/ayush/Downloads/date-fruit-quality-ml/data/quality/grade/train/Grade-2/Gajar__Large__113.jpg,628.4520263671875,260.9300537109375,135061.5
/Users/ayush/Downloads/date-fruit-quality-ml/data/kaggle/grading/Kupro/Large/Grade-1/77.jpg,Kupro,Large,Grade-1,train,/Users/ayush/Downloads/date-fruit-quality-ml/data/quality/grade/train/Grade-1/Kupro__Large__77.jpg,525.9049682617188,343.50115966796875,142151.5
/Users/ayush/Downloads/date-fruit-quality-ml/data/kaggle/grading/Aseel/Medium/Grade-1/83.jpg,Aseel,Medium,Grade-1,train,/Users/ayush/Downloads/date-fruit-quality-ml/data/quality/grade/train/Grade-1/Aseel__Medium__83.jpg,468.3037414550781,312.5802001953125,116105.5
/Users/ayush/Downloads/date-fruit-quality-ml/data/kaggle/grading/Aseel/Small/Grade-1/122.jpg,Aseel,Small,Grade-1,train,/Users/ayush/Downloads/date-fruit-quality-ml/data/quality/grade/train/Grade-1/Aseel__Small__122.jpg,412.341552734375,234.43637084960938,78538.0
/Users/ayush/Downloads/date-fruit-quality-ml/data/kaggle/grading/Gajar/Large/Grade-3/27.jpg,Gajar,Large,Grade-3,train,/Users/ayush/Downloads/date-fruit-quality-ml/data/quality/grade/train/Grade-3/Gajar__Large__27.jpg,602.20166015625,284.6452331542969,140828.0
/Users/ayush/Downloads/date-fruit-quality-ml/data/kaggle/grading/Kupro/Large/Grade-1/185.jpg,Kupro,Large,Grade-1,train,/Users/ayush/Downloads/date-fruit-quality-ml/data/quality/grade/train/Grade-1/Kupro__Large__185.jpg,495.2447204589844,361.3283996582031,137176.5
/Users/ayush/Downloads/date-fruit-quality-ml/data/kaggle/grading/Gajar/Large/Grade-1/168.jpg,Gajar,Large,Grade-1,train,/Users/ayush/Downloads/date-fruit-quality-ml/data/quality/grade/train/Grade-1/Gajar__Large__168.jpg,636.6788940429688,293.1664733886719,155082.0
/Users/ayush/Downloads/date-fruit-quality-ml/data/kaggle/grading/Fasli Toto/Large/Grade-1/10.jpg,Fasli Toto,Large,Grade-1,train,/Users/ayush/Downloads/date-fruit-quality-ml/data/quality/grade/train/Grade-1/Fasli-Toto__Large__10.jpg,482.1553955078125,310.1319274902344,118920.5
/Users/ayush/Downloads/date-fruit-quality-ml/data/kaggle/grading/Aseel/Medium/Grade-1/36.jpg,Aseel,Medium,Grade-1,train,/Users/ayush/Downloads/date-fruit-quality-ml/data/quality/grade/train/Grade-1/Aseel__Medium__36.jpg,512.6439819335938,270.0352783203125,114424.5
/Users/ayush/Downloads/date-fruit-quality-ml/data/kaggle/grading/Fasli Toto/Medium/Grade-1/119.jpg,Fasli Toto,Medium,Grade-1,train,/Users/ayush/Downloads/date-fruit-quality-ml/data/quality/grade/train/Grade-1/Fasli-Toto__Medium__119.jpg,404.0364074707031,272.9939880371094,88041.0
/Users/ayush/Downloads/date-fruit-quality-ml/data/kaggle/grading/Gajar/Large/Grade-3/97.jpg,Gajar,Large,Grade-3,train,/Users/ayush/Downloads/date-fruit-quality-ml/data/quality/grade/train/Grade-3/Gajar__Large__97.jpg,692.1090698242188,305.8673400878906,153406.5
/Users/ayush/Downloads/date-fruit-quality-ml/data/kaggle/grading/Gajar/Small/Grade-1/33.jpg,Gajar,Small,Grade-1,train,/Users/ayush/Downloads/date-fruit-quality-ml/data/quality/grade/train/Grade-1/Gajar__Small__33.jpg,567.1625366210938,229.10223388671875,107774.5
/Users/ayush/Downloads/date-fruit-quality-ml/data/kaggle/grading/Aseel/Large/Grade-1/67.jpg,Aseel,Large,Grade-1,train,/Users/ayush/Downloads/date-fruit-quality-ml/data/quality/grade/train/Grade-1/Aseel__Large__67.jpg,514.0001220703125,377.1300048828125,145903.0
/Users/ayush/Downloads/date-fruit-quality-ml/data/kaggle/grading/Kupro/Large/Grade-3/83.jpg,Kupro,Large,Grade-3,train,/Users/ayush/Downloads/date-fruit-quality-ml/data/quality/grade/train/Grade-3/Kupro__Large__83.jpg,511.5783386230469,379.7224426269531,153173.5
/Users/ayush/Downloads/date-fruit-quality-ml/data/kaggle/grading/Gajar/Small/Grade-3/151.jpg,Gajar,Small,Grade-3,train,/Users/ayush/Downloads/date-fruit-quality-ml/data/quality/grade/train/Grade-3/Gajar__Small__151.jpg,567.9239501953125,277.128662109375,131794.5
/Users/ayush/Downloads/date-fruit-quality-ml/data/kaggle/grading/Kupro/Large/Grade-1/166.jpg,Kupro,Large,Grade-1,train,/Users/ayush/Downloads/date-fruit-quality-ml/data/quality/grade/train/Grade-1/Kupro__Large__166.jpg,530.857666015625,304.2252502441406,129780.5
/Users/ayush/Downloads/date-fruit-quality-ml/data/kaggle/grading/Gajar/Large/Grade-1/144.jpg,Gajar,Large,Grade-1,train,/Users/ayush/Downloads/date-fruit-quality-ml/data/quality/grade/train/Grade-1/Gajar__Large__144.jpg,637.4923095703125,289.326416015625,153448.0
/Users/ayush/Downloads/date-fruit-quality-ml/data/kaggle/grading/Gajar/Small/Grade-1/137.jpg,Gajar,Small,Grade-1,train,/Users/ayush/Downloads/date-fruit-quality-ml/data/quality/grade/train/Grade-1/Gajar__Small__137.jpg,568.3577880859375,275.3932189941406,128421.5
/Users/ayush/Downloads/date-fruit-quality-ml/data/kaggle/grading/Kupro/Large/Grade-2/244.jpg,Kupro,Large,Grade-2,train,/Users/ayush/Downloads/date-fruit-quality-ml/data/quality/grade/train/Grade-2/Kupro__Large__244.jpg,497.3661193847656,348.5101623535156,135908.0
/Users/ayush/Downloads/date-fruit-quality-ml/data/kaggle/grading/Gajar/Large/Grade-3/62.jpg,Gajar,Large,Grade-3,train,/Users/ayush/Downloads/date-fruit-quality-ml/data/quality/grade/train/Grade-3/Gajar__Large__62.jpg,657.6598510742188,288.6125183105469,156300.0
/Users/ayush/Downloads/date-fruit-quality-ml/data/kaggle/grading/Kupro/Large/Grade-1/14.jpg,Kupro,Large,Grade-1,train,/Users/ayush/Downloads/date-fruit-quality-ml/data/quality/grade/train/Grade-1/Kupro__Large__14.jpg,528.9757690429688,361.77740478515625,148579.5
/Users/ayush/Downloads/date-fruit-quality-ml/data/kaggle/grading/Kupro/Large/Grade-1/313.jpg,Kupro,Large,Grade-1,train,/Users/ayush/Downloads/date-fruit-quality-ml/data/quality/grade/train/Grade-1/Kupro__Large__313.jpg,487.34442138671875,348.73553466796875,138463.0
/Users/ayush/Downloads/date-fruit-quality-ml/data/kaggle/grading/Kupro/Large/Grade-2/256.jpg,Kupro,Large,Grade-2,train,/Users/ayush/Downloads/date-fruit-quality-ml/data/quality/grade/train/Grade-2/Kupro__Large__256.jpg,484.329345703125,385.26470947265625,143267.5
/Users/ayush/Downloads/date-fruit-quality-ml/data/kaggle/grading/Gajar/Medium/Grade-2/26.jpg,Gajar,Medium,Grade-2,train,/Users/ayush/Downloads/date-fruit-quality-ml/data/quality/grade/train/Grade-2/Gajar__Medium__26.jpg,591.72705078125,296.0411376953125,139675.0
/Users/ayush/Downloads/date-fruit-quality-ml/data/kaggle/grading/Fasli Toto/Small/Grade-1/59.jpg,Fasli Toto,Small,Grade-1,train,/Users/ayush/Downloads/date-fruit-quality-ml/data/quality/grade/train/Grade-1/Fasli-Toto__Small__59.jpg,346.88970947265625,277.32110595703125,74442.0
/Users/ayush/Downloads/date-fruit-quality-ml/data/kaggle/grading/Aseel/Large/Grade-1/66.jpg,Aseel,Large,Grade-1,train,/Users/ayush/Downloads/date-fruit-quality-ml/data/quality/grade/train/Grade-1/Aseel__Large__66.jpg,524.0,329.0,131213.0
/Users/ayush/Downloads/date-fruit-quality-ml/data/kaggle/grading/Aseel/Medium/Grade-1/17.jpg,Aseel,Medium,Grade-1,train,/Users/ayush/Downloads/date-fruit-quality-ml/data/quality/grade/train/Grade-1/Aseel__Medium__17.jpg,512.409912109375,269.16375732421875,112471.5
/Users/ayush/Downloads/date-fruit-quality-ml/data/kaggle/grading/Kupro/Large/Grade-1/227.jpg,Kupro,Large,Grade-1,train,/Users/ayush/Downloads/date-fruit-quality-ml/data/quality/grade/train/Grade-1/Kupro__Large__227.jpg,471.6606140136719,359.37615966796875,135800.0
/Users/ayush/Downloads/date-fruit-quality-ml/data/kaggle/grading/Gajar/Small/Grade-2/137.jpg,Gajar,Small,Grade-2,train,/Users/ayush/Downloads/date-fruit-quality-ml/data/quality/grade/train/Grade-2/Gajar__Small__137.jpg,531.17529296875,257.873779296875,115713.0
/Users/ayush/Downloads/date-fruit-quality-ml/data/kaggle/grading/Gajar/Small/Grade-2/140.jpg,Gajar,Small,Grade-2,train,/Users/ayush/Downloads/date-fruit-quality-ml/data/quality/grade/train/Grade-2/Gajar__Small__140.jpg,526.0115356445312,256.3315124511719,114805.0
/Users/ayush/Downloads/date-fruit-quality-ml/data/kaggle/grading/Gajar/Small/Grade-1/100.jpg,Gajar,Small,Grade-1,train,/Users/ayush/Downloads/date-fruit-quality-ml/data/quality/grade/train/Grade-1/Gajar__Small__100.jpg,563.76708984375,244.80250549316406,123202.5
/Users/ayush/Downloads/date-fruit-quality-ml/data/kaggle/grading/Fasli Toto/Large/Grade-1/84.jpg,Fasli Toto,Large,Grade-1,train,/Users/ayush/Downloads/date-fruit-quality-ml/data/quality/grade/train/Grade-1/Fasli-Toto__Large__84.jpg,477.28399658203125,309.6396789550781,115080.0
/Users/ayush/Downloads/date-fruit-quality-ml/data/kaggle/grading/Kupro/Large/Grade-1/303.jpg,Kupro,Large,Grade-1,train,/Users/ayush/Downloads/date-fruit-quality-ml/data/quality/grade/train/Grade-1/Kupro__Large__303.jpg,486.4958190917969,336.3061828613281,133577.0
/Users/ayush/Downloads/date-fruit-quality-ml/data/kaggle/grading/Gajar/Large/Grade-2/27.jpg,Gajar,Large,Grade-2,train,/Users/ayush/Downloads/date-fruit-quality-ml/data/quality/grade/train/Grade-2/Gajar__Large__27.jpg,614.551513671875,285.575927734375,146596.0
/Users/ayush/Downloads/date-fruit-quality-ml/data/kaggle/grading/Fasli Toto/Medium/Grade-1/134.jpg,Fasli Toto,Medium,Grade-1,train,/Users/ayush/Downloads/date-fruit-quality-ml/data/quality/grade/train/Grade-1/Fasli-Toto__Medium__134.jpg,408.2209167480469,276.2875671386719,87569.5
/Users/ayush/Downloads/date-fruit-quality-ml/data/kaggle/grading/Gajar/Small/Grade-2/39.jpg,Gajar,Small,Grade-2,train,/Users/ayush/Downloads/date-fruit-quality-ml/data/quality/grade/train/Grade-2/Gajar__Small__39.jpg,544.7505493164062,275.4489440917969,121999.5
/Users/ayush/Downloads/date-fruit-quality-ml/data/kaggle/grading/Gajar/Small/Grade-1/89.jpg,Gajar,Small,Grade-1,train,/Users/ayush/Downloads/date-fruit-quality-ml/data/quality/grade/train/Grade-1/Gajar__Small__89.jpg,588.854248046875,292.619384765625,136950.5
/Users/ayush/Downloads/date-fruit-quality-ml/data/kaggle/grading/Gajar/Small/Grade-2/5.jpg,Gajar,Small,Grade-2,train,/Users/ayush/Downloads/date-fruit-quality-ml/data/quality/grade/train/Grade-2/Gajar__Small__5.jpg,535.5757446289062,252.46583557128906,110711.0
/Users/ayush/Downloads/date-fruit-quality-ml/data/kaggle/grading/Aseel/Small/Grade-1/146.jpg,Aseel,Small,Grade-1,train,/Users/ayush/Downloads/date-fruit-quality-ml/data/quality/grade/train/Grade-1/Aseel__Small__146.jpg,451.24786376953125,273.4577941894531,94470.5
/Users/ayush/Downloads/date-fruit-quality-ml/data/kaggle/grading/Gajar/Medium/Grade-2/1.jpg,Gajar,Medium,Grade-2,train,/Users/ayush/Downloads/date-fruit-quality-ml/data/quality/grade/train/Grade-2/Gajar__Medium__1.jpg,561.5471801757812,310.1192626953125,141104.5
/Users/ayush/Downloads/date-fruit-quality-ml/data/kaggle/grading/Gajar/Medium/Grade-1/31.jpg,Gajar,Medium,Grade-1,train,/Users/ayush/Downloads/date-fruit-quality-ml/data/quality/grade/train/Grade-1/Gajar__Medium__31.jpg,578.4853515625,279.7765808105469,129649.0
/Users/ayush/Downloads/date-fruit-quality-ml/data/kaggle/grading/Aseel/Small/Grade-1/95.jpg,Aseel,Small,Grade-1,train,/Users/ayush/Downloads/date-fruit-quality-ml/data/quality/grade/train/Grade-1/Aseel__Small__95.jpg,441.1252136230469,246.3040008544922,87718.5
/Users/ayush/Downloads/date-fruit-quality-ml/data/kaggle/grading/Gajar/Small/Grade-1/60.jpg,Gajar,Small,Grade-1,train,/Users/ayush/Downloads/date-fruit-quality-ml/data/quality/grade/train/Grade-1/Gajar__Small__60.jpg,597.3456420898438,259.7921447753906,128836.5
/Users/ayush/Downloads/date-fruit-quality-ml/data/kaggle/grading/Kupro/Large/Grade-1/316.jpg,Kupro,Large,Grade-1,train,/Users/ayush/Downloads/date-fruit-quality-ml/data/quality/grade/train/Grade-1/Kupro__Large__316.jpg,489.6903381347656,346.5606384277344,137199.0
/Users/ayush/Downloads/date-fruit-quality-ml/data/kaggle/grading/Kupro/Large/Grade-3/92.jpg,Kupro,Large,Grade-3,train,/Users/ayush/Downloads/date-fruit-quality-ml/data/quality/grade/train/Grade-3/Kupro__Large__92.jpg,534.5751342773438,339.74468994140625,144265.5
/Users/ayush/Downloads/date-fruit-quality-ml/data/kaggle/grading/Gajar/Small/Grade-1/195.jpg,Gajar,Small,Grade-1,train,/Users/ayush/Downloads/date-fruit-quality-ml/data/quality/grade/train/Grade-1/Gajar__Small__195.jpg,536.550537109375,275.1469421386719,121971.5
/Users/ayush/Downloads/date-fruit-quality-ml/data/kaggle/grading/Gajar/Large/Grade-1/15.jpg,Gajar,Large,Grade-1,train,/Users/ayush/Downloads/date-fruit-quality-ml/data/quality/grade/train/Grade-1/Gajar__Large__15.jpg,620.7584228515625,267.6839904785156,135184.0
/Users/ayush/Downloads/date-fruit-quality-ml/data/kaggle/grading/Gajar/Small/Grade-2/79.jpg,Gajar,Small,Grade-2,train,/Users/ayush/Downloads/date-fruit-quality-ml/data/quality/grade/train/Grade-2/Gajar__Small__79.jpg,535.1077270507812,239.7367401123047,109542.5
/Users/ayush/Downloads/date-fruit-quality-ml/data/kaggle/grading/Gajar/Medium/Grade-1/191.jpg,Gajar,Medium,Grade-1,train,/Users/ayush/Downloads/date-fruit-quality-ml/data/quality/grade/train/Grade-1/Gajar__Medium__191.jpg,586.0950317382812,267.1632995605469,130370.5
/Users/ayush/Downloads/date-fruit-quality-ml/data/kaggle/grading/Gajar/Small/Grade-1/44.jpg,Gajar,Small,Grade-1,train,/Users/ayush/Downloads/date-fruit-quality-ml/data/quality/grade/train/Grade-1/Gajar__Small__44.jpg,580.4825439453125,276.84552001953125,134493.0
/Users/ayush/Downloads/date-fruit-quality-ml/data/kaggle/grading/Aseel/Small/Grade-1/35.jpg,Aseel,Small,Grade-1,train,/Users/ayush/Downloads/date-fruit-quality-ml/data/quality/grade/train/Grade-1/Aseel__Small__35.jpg,418.66314697265625,304.3537902832031,97375.5
/Users/ayush/Downloads/date-fruit-quality-ml/data/kaggle/grading/Gajar/Large/Grade-1/92.jpg,Gajar,Large,Grade-1,train,/Users/ayush/Downloads/date-fruit-quality-ml/data/quality/grade/train/Grade-1/Gajar__Large__92.jpg,622.0,264.0,137448.5
/Users/ayush/Downloads/date-fruit-quality-ml/data/kaggle/grading/Gajar/Large/Grade-3/110.jpg,Gajar,Large,Grade-3,train,/Users/ayush/Downloads/date-fruit-quality-ml/data/quality/grade/train/Grade-3/Gajar__Large__110.jpg,641.8285522460938,293.172119140625,153748.5
/Users/ayush/Downloads/date-fruit-quality-ml/data/kaggle/grading/Gajar/Small/Grade-3/174.jpg,Gajar,Small,Grade-3,train,/Users/ayush/Downloads/date-fruit-quality-ml/data/quality/grade/train/Grade-3/Gajar__Small__174.jpg,591.7432250976562,281.1900634765625,143683.5
/Users/ayush/Downloads/date-fruit-quality-ml/data/kaggle/grading/Gajar/Medium/Grade-3/21.jpg,Gajar,Medium,Grade-3,train,/Users/ayush/Downloads/date-fruit-quality-ml/data/quality/grade/train/Grade-3/Gajar__Medium__21.jpg,543.5371704101562,252.3038330078125,113138.5
/Users/ayush/Downloads/date-fruit-quality-ml/data/kaggle/grading/Kupro/Large/Grade-2/141.jpg,Kupro,Large,Grade-2,train,/Users/ayush/Downloads/date-fruit-quality-ml/data/quality/grade/train/Grade-2/Kupro__Large__141.jpg,492.2861633300781,343.30511474609375,132028.0
/Users/ayush/Downloads/date-fruit-quality-ml/data/kaggle/grading/Gajar/Large/Grade-1/30.jpg,Gajar,Large,Grade-1,train,/Users/ayush/Downloads/date-fruit-quality-ml/data/quality/grade/train/Grade-1/Gajar__Large__30.jpg,622.9232177734375,266.8328857421875,142953.0
/Users/ayush/Downloads/date-fruit-quality-ml/data/kaggle/grading/Kupro/Large/Grade-2/313.jpg,Kupro,Large,Grade-2,train,/Users/ayush/Downloads/date-fruit-quality-ml/data/quality/grade/train/Grade-2/Kupro__Large__313.jpg,508.0660705566406,360.5167541503906,142907.5
/Users/ayush/Downloads/date-fruit-quality-ml/data/kaggle/grading/Kupro/Large/Grade-2/363.jpg,Kupro,Large,Grade-2,train,/Users/ayush/Downloads/date-fruit-quality-ml/data/quality/grade/train/Grade-2/Kupro__Large__363.jpg,456.438232421875,335.1370544433594,125562.0
/Users/ayush/Downloads/date-fruit-quality-ml/data/kaggle/grading/Kupro/Large/Grade-2/53.jpg,Kupro,Large,Grade-2,train,/Users/ayush/Downloads/date-fruit-quality-ml/data/quality/grade/train/Grade-2/Kupro__Large__53.jpg,484.9856262207031,344.9709777832031,132848.0
/Users/ayush/Downloads/date-fruit-quality-ml/data/kaggle/grading/Gajar/Small/Grade-3/81.jpg,Gajar,Small,Grade-3,train,/Users/ayush/Downloads/date-fruit-quality-ml/data/quality/grade/train/Grade-3/Gajar__Small__81.jpg,517.9866333007812,250.7970428466797,110039.0
/Users/ayush/Downloads/date-fruit-quality-ml/data/kaggle/grading/Gajar/Small/Grade-1/196.jpg,Gajar,Small,Grade-1,train,/Users/ayush/Downloads/date-fruit-quality-ml/data/quality/grade/train/Grade-1/Gajar__Small__196.jpg,524.7462768554688,232.10166931152344,105169.0
/Users/ayush/Downloads/date-fruit-quality-ml/data/kaggle/grading/Aseel/Small/Grade-1/30.jpg,Aseel,Small,Grade-1,train,/Users/ayush/Downloads/date-fruit-quality-ml/data/quality/grade/train/Grade-1/Aseel__Small__30.jpg,449.0852355957031,265.6712646484375,95880.5
/Users/ayush/Downloads/date-fruit-quality-ml/data/kaggle/grading/Gajar/Small/Grade-3/189.jpg,Gajar,Small,Grade-3,train,/Users/ayush/Downloads/date-fruit-quality-ml/data/quality/grade/train/Grade-3/Gajar__Small__189.jpg,520.4760131835938,275.34698486328125,114494.0
/Users/ayush/Downloads/date-fruit-quality-ml/data/kaggle/grading/Gajar/Medium/Grade-1/49.jpg,Gajar,Medium,Grade-1,train,/Users/ayush/Downloads/date-fruit-quality-ml/data/quality/grade/train/Grade-1/Gajar__Medium__49.jpg,599.5598754882812,240.07679748535156,122609.5
/Users/ayush/Downloads/date-fruit-quality-ml/data/kaggle/grading/Kupro/Large/Grade-2/29.jpg,Kupro,Large,Grade-2,train,/Users/ayush/Downloads/date-fruit-quality-ml/data/quality/grade/train/Grade-2/Kupro__Large__29.jpg,511.5636291503906,366.665283203125,146988.5
/Users/ayush/Downloads/date-fruit-quality-ml/data/kaggle/grading/Gajar/Large/Grade-3/94.jpg,Gajar,Large,Grade-3,train,/Users/ayush/Downloads/date-fruit-quality-ml/data/quality/grade/train/Grade-3/Gajar__Large__94.jpg,625.9486083984375,253.7526092529297,135257.0
/Users/ayush/Downloads/date-fruit-quality-ml/data/kaggle/grading/Kupro/Large/Grade-1/238.jpg,Kupro,Large,Grade-1,train,/Users/ayush/Downloads/date-fruit-quality-ml/data/quality/grade/train/Grade-1/Kupro__Large__238.jpg,505.85406494140625,347.68560791015625,141782.5
/Users/ayush/Downloads/date-fruit-quality-ml/data/kaggle/grading/Kupro/Large/Grade-2/265.jpg,Kupro,Large,Grade-2,train,/Users/ayush/Downloads/date-fruit-quality-ml/data/quality/grade/train/Grade-2/Kupro__Large__265.jpg,478.1758728027344,330.02276611328125,125096.5
/Users/ayush/Downloads/date-fruit-quality-ml/data/kaggle/grading/Gajar/Small/Grade-3/206.jpg,Gajar,Small,Grade-3,train,/Users/ayush/Downloads/date-fruit-quality-ml/data/quality/grade/train/Grade-3/Gajar__Small__206.jpg,589.6405639648438,291.97039794921875,140838.0
/Users/ayush/Downloads/date-fruit-quality-ml/data/kaggle/grading/Gajar/Large/Grade-2/4.jpg,Gajar,Large,Grade-2,train,/Users/ayush/Downloads/date-fruit-quality-ml/data/quality/grade/train/Grade-2/Gajar__Large__4.jpg,590.4612426757812,278.24969482421875,138936.5
/Users/ayush/Downloads/date-fruit-quality-ml/data/kaggle/grading/Gajar/Small/Grade-2/49.jpg,Gajar,Small,Grade-2,train,/Users/ayush/Downloads/date-fruit-quality-ml/data/quality/grade/train/Grade-2/Gajar__Small__49.jpg,559.0,297.0,138600.5
/Users/ayush/Downloads/date-fruit-quality-ml/data/kaggle/grading/Gajar/Medium/Grade-1/101.jpg,Gajar,Medium,Grade-1,train,/Users/ayush/Downloads/date-fruit-quality-ml/data/quality/grade/train/Grade-1/Gajar__Medium__101.jpg,596.055419921875,255.7304229736328,128583.0
/Users/ayush/Downloads/date-fruit-quality-ml/data/kaggle/grading/Kupro/Large/Grade-2/89.jpg,Kupro,Large,Grade-2,train,/Users/ayush/Downloads/date-fruit-quality-ml/data/quality/grade/train/Grade-2/Kupro__Large__89.jpg,497.9145812988281,346.7738342285156,136515.0
/Users/ayush/Downloads/date-fruit-quality-ml/data/kaggle/grading/Gajar/Large/Grade-2/43.jpg,Gajar,Large,Grade-2,train,/Users/ayush/Downloads/date-fruit-quality-ml/data/quality/grade/train/Grade-2/Gajar__Large__43.jpg,653.4183959960938,306.3068542480469,159134.0
/Users/ayush/Downloads/date-fruit-quality-ml/data/kaggle/grading/Kupro/Large/Grade-1/20.jpg,Kupro,Large,Grade-1,train,/Users/ayush/Downloads/date-fruit-quality-ml/data/quality/grade/train/Grade-1/Kupro__Large__20.jpg,520.4871826171875,348.5258483886719,141138.0
/Users/ayush/Downloads/date-fruit-quality-ml/data/kaggle/grading/Fasli Toto/Medium/Grade-1/68.jpg,Fasli Toto,Medium,Grade-1,train,/Users/ayush/Downloads/date-fruit-quality-ml/data/quality/grade/train/Grade-1/Fasli-Toto__Medium__68.jpg,405.6901550292969,261.7557678222656,86751.0
/Users/ayush/Downloads/date-fruit-quality-ml/data/kaggle/grading/Gajar/Small/Grade-2/3.jpg,Gajar,Small,Grade-2,train,/Users/ayush/Downloads/date-fruit-quality-ml/data/quality/grade/train/Grade-2/Gajar__Small__3.jpg,555.8291625976562,279.20458984375,132828.5
/Users/ayush/Downloads/date-fruit-quality-ml/data/kaggle/grading/Gajar/Medium/Grade-3/10.jpg,Gajar,Medium,Grade-3,train,/Users/ayush/Downloads/date-fruit-quality-ml/data/quality/grade/train/Grade-3/Gajar__Medium__10.jpg,599.2060546875,280.6410217285156,136117.5
/Users/ayush/Downloads/date-fruit-quality-ml/data/kaggle/grading/Kupro/Large/Grade-2/126.jpg,Kupro,Large,Grade-2,train,/Users/ayush/Downloads/date-fruit-quality-ml/data/quality/grade/train/Grade-2/Kupro__Large__126.jpg,495.3525695800781,352.5072937011719,136697.5
/Users/ayush/Downloads/date-fruit-quality-ml/data/kaggle/grading/Kupro/Large/Grade-1/317.jpg,Kupro,Large,Grade-1,train,/Users/ayush/Downloads/date-fruit-quality-ml/data/quality/grade/train/Grade-1/Kupro__Large__317.jpg,498.9872131347656,352.3333740234375,140467.0
/Users/ayush/Downloads/date-fruit-quality-ml/data/kaggle/grading/Kupro/Large/Grade-3/36.jpg,Kupro,Large,Grade-3,train,/Users/ayush/Downloads/date-fruit-quality-ml/data/quality/grade/train/Grade-3/Kupro__Large__36.jpg,484.1599426269531,330.14190673828125,124688.0
/Users/ayush/Downloads/date-fruit-quality-ml/data/kaggle/grading/Aseel/Medium/Grade-1/106.jpg,Aseel,Medium,Grade-1,train,/Users/ayush/Downloads/date-fruit-quality-ml/data/quality/grade/train/Grade-1/Aseel__Medium__106.jpg,480.8118591308594,294.52545166015625,112352.0
/Users/ayush/Downloads/date-fruit-quality-ml/data/kaggle/grading/Gajar/Small/Grade-3/25.jpg,Gajar,Small,Grade-3,train,/Users/ayush/Downloads/date-fruit-quality-ml/data/quality/grade/train/Grade-3/Gajar__Small__25.jpg,559.1506958007812,294.3410949707031,137885.0
/Users/ayush/Downloads/date-fruit-quality-ml/data/kaggle/grading/Kupro/Large/Grade-2/282.jpg,Kupro,Large,Grade-2,train,/Users/ayush/Downloads/date-fruit-quality-ml/data/quality/grade/train/Grade-2/Kupro__Large__282.jpg,488.5951843261719,308.5745544433594,123512.0
/Users/ayush/Downloads/date-fruit-quality-ml/data/kaggle/grading/Gajar/Small/Grade-3/118.jpg,Gajar,Small,Grade-3,train,/Users/ayush/Downloads/date-fruit-quality-ml/data/quality/grade/train/Grade-3/Gajar__Small__118.jpg,541.359130859375,261.09375,118516.0
/Users/ayush/Downloads/date-fruit-quality-ml/data/kaggle/grading/Gajar/Medium/Grade-1/188.jpg,Gajar,Medium,Grade-1,train,/Users/ayush/Downloads/date-fruit-quality-ml/data/quality/grade/train/Grade-1/Gajar__Medium__188.jpg,575.4559936523438,285.7021179199219,138696.0
/Users/ayush/Downloads/date-fruit-quality-ml/data/kaggle/grading/Aseel/Medium/Grade-1/35.jpg,Aseel,Medium,Grade-1,train,/Users/ayush/Downloads/date-fruit-quality-ml/data/quality/grade/train/Grade-1/Aseel__Medium__35.jpg,506.89520263671875,274.2037658691406,117511.0
/Users/ayush/Downloads/date-fruit-quality-ml/data/kaggle/grading/Fasli Toto/Medium/Grade-1/85.jpg,Fasli Toto,Medium,Grade-1,train,/Users/ayush/Downloads/date-fruit-quality-ml/data/quality/grade/train/Grade-1/Fasli-Toto__Medium__85.jpg,428.067626953125,242.78909301757812,86945.5
/Users/ayush/Downloads/date-fruit-quality-ml/data/kaggle/grading/Fasli Toto/Large/Grade-1/139.jpg,Fasli Toto,Large,Grade-1,train,/Users/ayush/Downloads/date-fruit-quality-ml/data/quality/grade/train/Grade-1/Fasli-Toto__Large__139.jpg,535.7153930664062,349.0103454589844,151484.0
/Users/ayush/Downloads/date-fruit-quality-ml/data/kaggle/grading/Gajar/Large/Grade-1/125.jpg,Gajar,Large,Grade-1,train,/Users/ayush/Downloads/date-fruit-quality-ml/data/quality/grade/train/Grade-1/Gajar__Large__125.jpg,594.8598022460938,296.76995849609375,142270.0
/Users/ayush/Downloads/date-fruit-quality-ml/data/kaggle/grading/Gajar/Large/Grade-1/83.jpg,Gajar,Large,Grade-1,train,/Users/ayush/Downloads/date-fruit-quality-ml/data/quality/grade/train/Grade-1/Gajar__Large__83.jpg,639.7725219726562,289.71844482421875,153601.5
/Users/ayush/Downloads/date-fruit-quality-ml/data/kaggle/grading/Aseel/Medium/Grade-1/162.jpg,Aseel,Medium,Grade-1,train,/Users/ayush/Downloads/date-fruit-quality-ml/data/quality/grade/train/Grade-1/Aseel__Medium__162.jpg,429.0,316.0,106978.5
/Users/ayush/Downloads/date-fruit-quality-ml/data/kaggle/grading/Aseel/Medium/Grade-1/131.jpg,Aseel,Medium,Grade-1,train,/Users/ayush/Downloads/date-fruit-quality-ml/data/quality/grade/train/Grade-1/Aseel__Medium__131.jpg,471.207763671875,297.82379150390625,112602.0
/Users/ayush/Downloads/date-fruit-quality-ml/data/kaggle/grading/Gajar/Medium/Grade-3/55.jpg,Gajar,Medium,Grade-3,train,/Users/ayush/Downloads/date-fruit-quality-ml/data/quality/grade/train/Grade-3/Gajar__Medium__55.jpg,558.0,258.0,121237.0
/Users/ayush/Downloads/date-fruit-quality-ml/data/kaggle/grading/Gajar/Small/Grade-3/144.jpg,Gajar,Small,Grade-3,train,/Users/ayush/Downloads/date-fruit-quality-ml/data/quality/grade/train/Grade-3/Gajar__Small__144.jpg,557.8179321289062,273.1377258300781,124719.0
/Users/ayush/Downloads/date-fruit-quality-ml/data/kaggle/grading/Kupro/Large/Grade-2/65.jpg,Kupro,Large,Grade-2,train,/Users/ayush/Downloads/date-fruit-quality-ml/data/quality/grade/train/Grade-2/Kupro__Large__65.jpg,469.20697021484375,351.03326416015625,129475.5
/Users/ayush/Downloads/date-fruit-quality-ml/data/kaggle/grading/Gajar/Small/Grade-3/43.jpg,Gajar,Small,Grade-3,train,/Users/ayush/Downloads/date-fruit-quality-ml/data/quality/grade/train/Grade-3/Gajar__Small__43.jpg,570.3453979492188,260.04351806640625,125124.0
/Users/ayush/Downloads/date-fruit-quality-ml/data/kaggle/grading/Fasli Toto/Small/Grade-1/66.jpg,Fasli Toto,Small,Grade-1,train,/Users/ayush/Downloads/date-fruit-quality-ml/data/quality/grade/train/Grade-1/Fasli-Toto__Small__66.jpg,368.7597351074219,277.2984924316406,80769.5
/Users/ayush/Downloads/date-fruit-quality-ml/data/kaggle/grading/Fasli Toto/Large/Grade-1/110.jpg,Fasli Toto,Large,Grade-1,train,/Users/ayush/Downloads/date-fruit-quality-ml/data/quality/grade/train/Grade-1/Fasli-Toto__Large__110.jpg,423.8584899902344,304.6732482910156,102578.5
/Users/ayush/Downloads/date-fruit-quality-ml/data/kaggle/grading/Aseel/Medium/Grade-1/6.jpg,Aseel,Medium,Grade-1,train,/Users/ayush/Downloads/date-fruit-quality-ml/data/quality/grade/train/Grade-1/Aseel__Medium__6.jpg,502.0,287.0,114413.0
/Users/ayush/Downloads/date-fruit-quality-ml/data/kaggle/grading/Fasli Toto/Small/Grade-1/12.jpg,Fasli Toto,Small,Grade-1,train,/Users/ayush/Downloads/date-fruit-quality-ml/data/quality/grade/train/Grade-1/Fasli-Toto__Small__12.jpg,385.2414245605469,272.3614807128906,81128.0
/Users/ayush/Downloads/date-fruit-quality-ml/data/kaggle/grading/Kupro/Large/Grade-3/63.jpg,Kupro,Large,Grade-3,train,/Users/ayush/Downloads/date-fruit-quality-ml/data/quality/grade/train/Grade-3/Kupro__Large__63.jpg,468.160400390625,324.11798095703125,123674.5
/Users/ayush/Downloads/date-fruit-quality-ml/data/kaggle/grading/Gajar/Large/Grade-1/33.jpg,Gajar,Large,Grade-1,train,/Users/ayush/Downloads/date-fruit-quality-ml/data/quality/grade/train/Grade-1/Gajar__Large__33.jpg,632.0965576171875,269.70635986328125,144108.5
/Users/ayush/Downloads/date-fruit-quality-ml/data/kaggle/grading/Gajar/Small/Grade-1/73.jpg,Gajar,Small,Grade-1,train,/Users/ayush/Downloads/date-fruit-quality-ml/data/quality/grade/train/Grade-1/Gajar__Small__73.jpg,568.477294921875,261.17327880859375,114256.0
/Users/ayush/Downloads/date-fruit-quality-ml/data/kaggle/grading/Gajar/Large/Grade-3/20.jpg,Gajar,Large,Grade-3,train,/Users/ayush/Downloads/date-fruit-quality-ml/data/quality/grade/train/Grade-3/Gajar__Large__20.jpg,631.843017578125,296.9883117675781,148259.0
/Users/ayush/Downloads/date-fruit-quality-ml/data/kaggle/grading/Gajar/Medium/Grade-1/145.jpg,Gajar,Medium,Grade-1,train,/Users/ayush/Downloads/date-fruit-quality-ml/data/quality/grade/train/Grade-1/Gajar__Medium__145.jpg,520.9323120117188,267.09417724609375,114946.5
/Users/ayush/Downloads/date-fruit-quality-ml/data/kaggle/grading/Kupro/Large/Grade-1/182.jpg,Kupro,Large,Grade-1,train,/Users/ayush/Downloads/date-fruit-quality-ml/data/quality/grade/train/Grade-1/Kupro__Large__182.jpg,497.1761474609375,313.160400390625,126153.5
/Users/ayush/Downloads/date-fruit-quality-ml/data/kaggle/grading/Fasli Toto/Large/Grade-1/126.jpg,Fasli Toto,Large,Grade-1,train,/Users/ayush/Downloads/date-fruit-quality-ml/data/quality/grade/train/Grade-1/Fasli-Toto__Large__126.jpg,505.7369384765625,340.42608642578125,132221.0
/Users/ayush/Downloads/date-fruit-quality-ml/data/kaggle/grading/Gajar/Large/Grade-2/81.jpg,Gajar,Large,Grade-2,train,/Users/ayush/Downloads/date-fruit-quality-ml/data/quality/grade/train/Grade-2/Gajar__Large__81.jpg,626.3386840820312,250.683349609375,129951.5
/Users/ayush/Downloads/date-fruit-quality-ml/data/kaggle/grading/Gajar/Medium/Grade-3/50.jpg,Gajar,Medium,Grade-3,train,/Users/ayush/Downloads/date-fruit-quality-ml/data/quality/grade/train/Grade-3/Gajar__Medium__50.jpg,584.8778076171875,305.4134826660156,143249.0
/Users/ayush/Downloads/date-fruit-quality-ml/data/kaggle/grading/Kupro/Large/Grade-2/123.jpg,Kupro,Large,Grade-2,train,/Users/ayush/Downloads/date-fruit-quality-ml/data/quality/grade/train/Grade-2/Kupro__Large__123.jpg,496.24322509765625,339.5285339355469,131837.0
/Users/ayush/Downloads/date-fruit-quality-ml/data/kaggle/grading/Aseel/Medium/Grade-1/19.jpg,Aseel,Medium,Grade-1,train,/Users/ayush/Downloads/date-fruit-quality-ml/data/quality/grade/train/Grade-1/Aseel__Medium__19.jpg,512.6581420898438,258.0115661621094,103661.0
/Users/ayush/Downloads/date-fruit-quality-ml/data/kaggle/grading/Aseel/Small/Grade-1/20.jpg,Aseel,Small,Grade-1,train,/Users/ayush/Downloads/date-fruit-quality-ml/data/quality/grade/train/Grade-1/Aseel__Small__20.jpg,425.1649475097656,286.9196472167969,96102.5
/Users/ayush/Downloads/date-fruit-quality-ml/data/kaggle/grading/Gajar/Medium/Grade-3/67.jpg,Gajar,Medium,Grade-3,train,/Users/ayush/Downloads/date-fruit-quality-ml/data/quality/grade/train/Grade-3/Gajar__Medium__67.jpg,592.46044921875,254.6902618408203,127008.0
/Users/ayush/Downloads/date-fruit-quality-ml/data/kaggle/grading/Gajar/Small/Grade-1/157.jpg,Gajar,Small,Grade-1,train,/Users/ayush/Downloads/date-fruit-quality-ml/data/quality/grade/train/Grade-1/Gajar__Small__157.jpg,528.8289184570312,264.528076171875,115827.5
/Users/ayush/Downloads/date-fruit-quality-ml/data/kaggle/grading/Kupro/Large/Grade-1/160.jpg,Kupro,Large,Grade-1,train,/Users/ayush/Downloads/date-fruit-quality-ml/data/quality/grade/train/Grade-1/Kupro__Large__160.jpg,515.3711547851562,339.1445007324219,137949.0
/Users/ayush/Downloads/date-fruit-quality-ml/data/kaggle/grading/Gajar/Small/Grade-1/46.jpg,Gajar,Small,Grade-1,train,/Users/ayush/Downloads/date-fruit-quality-ml/data/quality/grade/train/Grade-1/Gajar__Small__46.jpg,580.935791015625,255.3010711669922,125001.5
/Users/ayush/Downloads/date-fruit-quality-ml/data/kaggle/grading/Gajar/Medium/Grade-1/183.jpg,Gajar,Medium,Grade-1,train,/Users/ayush/Downloads/date-fruit-quality-ml/data/quality/grade/train/Grade-1/Gajar__Medium__183.jpg,572.58203125,289.0727844238281,137603.5
/Users/ayush/Downloads/date-fruit-quality-ml/data/kaggle/grading/Gajar/Large/Grade-3/78.jpg,Gajar,Large,Grade-3,train,/Users/ayush/Downloads/date-fruit-quality-ml/data/quality/grade/train/Grade-3/Gajar__Large__78.jpg,644.9225463867188,311.3460388183594,156137.0
/Users/ayush/Downloads/date-fruit-quality-ml/data/kaggle/grading/Gajar/Small/Grade-3/125.jpg,Gajar,Small,Grade-3,train,/Users/ayush/Downloads/date-fruit-quality-ml/data/quality/grade/train/Grade-3/Gajar__Small__125.jpg,557.7080688476562,276.499267578125,128973.0
/Users/ayush/Downloads/date-fruit-quality-ml/data/kaggle/grading/Fasli Toto/Large/Grade-1/135.jpg,Fasli Toto,Large,Grade-1,train,/Users/ayush/Downloads/date-fruit-quality-ml/data/quality/grade/train/Grade-1/Fasli-Toto__Large__135.jpg,461.8665771484375,335.3935546875,128523.5
/Users/ayush/Downloads/date-fruit-quality-ml/data/kaggle/grading/Kupro/Large/Grade-2/103.jpg,Kupro,Large,Grade-2,train,/Users/ayush/Downloads/date-fruit-quality-ml/data/quality/grade/train/Grade-2/Kupro__Large__103.jpg,500.0,374.0,146455.0
/Users/ayush/Downloads/date-fruit-quality-ml/data/kaggle/grading/Gajar/Small/Grade-3/2.jpg,Gajar,Small,Grade-3,train,/Users/ayush/Downloads/date-fruit-quality-ml/data/quality/grade/train/Grade-3/Gajar__Small__2.jpg,536.2069091796875,238.87684631347656,110665.0
/Users/ayush/Downloads/date-fruit-quality-ml/data/kaggle/grading/Gajar/Medium/Grade-1/178.jpg,Gajar,Medium,Grade-1,train,/Users/ayush/Downloads/date-fruit-quality-ml/data/quality/grade/train/Grade-1/Gajar__Medium__178.jpg,587.87890625,250.38211059570312,124617.5
/Users/ayush/Downloads/date-fruit-quality-ml/data/kaggle/grading/Gajar/Large/Grade-2/118.jpg,Gajar,Large,Grade-2,train,/Users/ayush/Downloads/date-fruit-quality-ml/data/quality/grade/train/Grade-2/Gajar__Large__118.jpg,683.9393310546875,257.19085693359375,149244.5
/Users/ayush/Downloads/date-fruit-quality-ml/data/kaggle/grading/Gajar/Medium/Grade-2/38.jpg,Gajar,Medium,Grade-2,train,/Users/ayush/Downloads/date-fruit-quality-ml/data/quality/grade/train/Grade-2/Gajar__Medium__38.jpg,524.6926879882812,266.94586181640625,112209.0
/Users/ayush/Downloads/date-fruit-quality-ml/data/kaggle/grading/Gajar/Small/Grade-1/79.jpg,Gajar,Small,Grade-1,train,/Users/ayush/Downloads/date-fruit-quality-ml/data/quality/grade/train/Grade-1/Gajar__Small__79.jpg,552.4390869140625,260.5632629394531,120990.5
/Users/ayush/Downloads/date-fruit-quality-ml/data/kaggle/grading/Aseel/Small/Grade-1/139.jpg,Aseel,Small,Grade-1,train,/Users/ayush/Downloads/date-fruit-quality-ml/data/quality/grade/train/Grade-1/Aseel__Small__139.jpg,442.03948974609375,277.8421630859375,96633.5
/Users/ayush/Downloads/date-fruit-quality-ml/data/kaggle/grading/Kupro/Large/Grade-1/320.jpg,Kupro,Large,Grade-1,train,/Users/ayush/Downloads/date-fruit-quality-ml/data/quality/grade/train/Grade-1/Kupro__Large__320.jpg,489.0035400390625,360.2967224121094,135638.0
/Users/ayush/Downloads/date-fruit-quality-ml/data/kaggle/grading/Kupro/Large/Grade-1/110.jpg,Kupro,Large,Grade-1,train,/Users/ayush/Downloads/date-fruit-quality-ml/data/quality/grade/train/Grade-1/Kupro__Large__110.jpg,522.4349975585938,355.8031921386719,146661.5
/Users/ayush/Downloads/date-fruit-quality-ml/data/kaggle/grading/Gajar/Medium/Grade-1/138.jpg,Gajar,Medium,Grade-1,train,/Users/ayush/Downloads/date-fruit-quality-ml/data/quality/grade/train/Grade-1/Gajar__Medium__138.jpg,561.0,262.0,123778.5
/Users/ayush/Downloads/date-fruit-quality-ml/data/kaggle/grading/Kupro/Large/Grade-1/89.jpg,Kupro,Large,Grade-1,train,/Users/ayush/Downloads/date-fruit-quality-ml/data/quality/grade/train/Grade-1/Kupro__Large__89.jpg,482.11322021484375,318.14764404296875,117572.0
/Users/ayush/Downloads/date-fruit-quality-ml/data/kaggle/grading/Fasli Toto/Large/Grade-1/94.jpg,Fasli Toto,Large,Grade-1,train,/Users/ayush/Downloads/date-fruit-quality-ml/data/quality/grade/train/Grade-1/Fasli-Toto__Large__94.jpg,436.6239929199219,308.52008056640625,108903.5
/Users/ayush/Downloads/date-fruit-quality-ml/data/kaggle/grading/Aseel/Large/Grade-1/123.jpg,Aseel,Large,Grade-1,train,/Users/ayush/Downloads/date-fruit-quality-ml/data/quality/grade/train/Grade-1/Aseel__Large__123.jpg,531.052001953125,322.65667724609375,138293.5
/Users/ayush/Downloads/date-fruit-quality-ml/data/kaggle/grading/Kupro/Large/Grade-2/207.jpg,Kupro,Large,Grade-2,train,/Users/ayush/Downloads/date-fruit-quality-ml/data/quality/grade/train/Grade-2/Kupro__Large__207.jpg,521.491943359375,356.9240417480469,144147.5
/Users/ayush/Downloads/date-fruit-quality-ml/data/kaggle/grading/Kupro/Large/Grade-3/90.jpg,Kupro,Large,Grade-3,train,/Users/ayush/Downloads/date-fruit-quality-ml/data/quality/grade/train/Grade-3/Kupro__Large__90.jpg,512.5355224609375,375.64501953125,145997.5
/Users/ayush/Downloads/date-fruit-quality-ml/data/kaggle/grading/Gajar/Small/Grade-1/142.jpg,Gajar,Small,Grade-1,train,/Users/ayush/Downloads/date-fruit-quality-ml/data/quality/grade/train/Grade-1/Gajar__Small__142.jpg,503.1815490722656,256.4013366699219,104305.0
/Users/ayush/Downloads/date-fruit-quality-ml/data/kaggle/grading/Gajar/Medium/Grade-1/154.jpg,Gajar,Medium,Grade-1,train,/Users/ayush/Downloads/date-fruit-quality-ml/data/quality/grade/train/Grade-1/Gajar__Medium__154.jpg,606.6401977539062,303.2459716796875,146457.5
/Users/ayush/Downloads/date-fruit-quality-ml/data/kaggle/grading/Aseel/Medium/Grade-1/79.jpg,Aseel,Medium,Grade-1,train,/Users/ayush/Downloads/date-fruit-quality-ml/data/quality/grade/train/Grade-1/Aseel__Medium__79.jpg,473.6151123046875,317.32867431640625,117966.5
/Users/ayush/Downloads/date-fruit-quality-ml/data/kaggle/grading/Gajar/Large/Grade-1/46.jpg,Gajar,Large,Grade-1,train,/Users/ayush/Downloads/date-fruit-quality-ml/data/quality/grade/train/Grade-1/Gajar__Large__46.jpg,662.9542236328125,271.7257385253906,148111.0
/Users/ayush/Downloads/date-fruit-quality-ml/data/kaggle/grading/Gajar/Medium/Grade-1/105.jpg,Gajar,Medium,Grade-1,train,/Users/ayush/Downloads/date-fruit-quality-ml/data/quality/grade/train/Grade-1/Gajar__Medium__105.jpg,586.3494262695312,243.9271240234375,117394.0
/Users/ayush/Downloads/date-fruit-quality-ml/data/kaggle/grading/Gajar/Medium/Grade-3/27.jpg,Gajar,Medium,Grade-3,train,/Users/ayush/Downloads/date-fruit-quality-ml/data/quality/grade/train/Grade-3/Gajar__Medium__27.jpg,571.5773315429688,274.8826904296875,129012.0
/Users/ayush/Downloads/date-fruit-quality-ml/data/kaggle/grading/Fasli Toto/Medium/Grade-1/93.jpg,Fasli Toto,Medium,Grade-1,train,/Users/ayush/Downloads/date-fruit-quality-ml/data/quality/grade/train/Grade-1/Fasli-Toto__Medium__93.jpg,358.8101501464844,349.7040100097656,95890.0
/Users/ayush/Downloads/date-fruit-quality-ml/data/kaggle/grading/Gajar/Medium/Grade-1/19.jpg,Gajar,Medium,Grade-1,train,/Users/ayush/Downloads/date-fruit-quality-ml/data/quality/grade/train/Grade-1/Gajar__Medium__19.jpg,543.41796875,263.98260498046875,112911.5
/Users/ayush/Downloads/date-fruit-quality-ml/data/kaggle/grading/Kupro/Large/Grade-2/245.jpg,Kupro,Large,Grade-2,train,/Users/ayush/Downloads/date-fruit-quality-ml/data/quality/grade/train/Grade-2/Kupro__Large__245.jpg,515.3782958984375,347.9982604980469,137883.5
/Users/ayush/Downloads/date-fruit-quality-ml/data/kaggle/grading/Gajar/Small/Grade-3/13.jpg,Gajar,Small,Grade-3,train,/Users/ayush/Downloads/date-fruit-quality-ml/data/quality/grade/train/Grade-3/Gajar__Small__13.jpg,536.0151977539062,266.1280517578125,120508.5
/Users/ayush/Downloads/date-fruit-quality-ml/data/kaggle/grading/Aseel/Large/Grade-1/14.jpg,Aseel,Large,Grade-1,train,/Users/ayush/Downloads/date-fruit-quality-ml/data/quality/grade/train/Grade-1/Aseel__Large__14.jpg,507.6490173339844,311.9070739746094,128394.5
/Users/ayush/Downloads/date-fruit-quality-ml/data/kaggle/grading/Gajar/Large/Grade-1/4.jpg,Gajar,Large,Grade-1,train,/Users/ayush/Downloads/date-fruit-quality-ml/data/quality/grade/train/Grade-1/Gajar__Large__4.jpg,587.428466796875,299.2957763671875,146203.0
/Users/ayush/Downloads/date-fruit-quality-ml/data/kaggle/grading/Gajar/Small/Grade-2/90.jpg,Gajar,Small,Grade-2,train,/Users/ayush/Downloads/date-fruit-quality-ml/data/quality/grade/train/Grade-2/Gajar__Small__90.jpg,588.0529174804688,283.0070495605469,141231.5
/Users/ayush/Downloads/date-fruit-quality-ml/data/kaggle/grading/Kupro/Large/Grade-3/95.jpg,Kupro,Large,Grade-3,train,/Users/ayush/Downloads/date-fruit-quality-ml/data/quality/grade/train/Grade-3/Kupro__Large__95.jpg,538.033203125,364.07049560546875,150355.5
/Users/ayush/Downloads/date-fruit-quality-ml/data/kaggle/grading/Gajar/Medium/Grade-2/9.jpg,Gajar,Medium,Grade-2,train,/Users/ayush/Downloads/date-fruit-quality-ml/data/quality/grade/train/Grade-2/Gajar__Medium__9.jpg,612.8082275390625,263.7731018066406,135825.5
/Users/ayush/Downloads/date-fruit-quality-ml/data/kaggle/grading/Gajar/Small/Grade-3/75.jpg,Gajar,Small,Grade-3,train,/Users/ayush/Downloads/date-fruit-quality-ml/data/quality/grade/train/Grade-3/Gajar__Small__75.jpg,532.2208862304688,274.42962646484375,118042.0
/Users/ayush/Downloads/date-fruit-quality-ml/data/kaggle/grading/Gajar/Large/Grade-2/33.jpg,Gajar,Large,Grade-2,train,/Users/ayush/Downloads/date-fruit-quality-ml/data/quality/grade/train/Grade-2/Gajar__Large__33.jpg,651.3134155273438,277.6438293457031,157181.0
/Users/ayush/Downloads/date-fruit-quality-ml/data/kaggle/grading/Fasli Toto/Large/Grade-1/146.jpg,Fasli Toto,Large,Grade-1,train,/Users/ayush/Downloads/date-fruit-quality-ml/data/quality/grade/train/Grade-1/Fasli-Toto__Large__146.jpg,474.6027526855469,320.5445251464844,121045.5
/Users/ayush/Downloads/date-fruit-quality-ml/data/kaggle/grading/Gajar/Small/Grade-1/106.jpg,Gajar,Small,Grade-1,train,/Users/ayush/Downloads/date-fruit-quality-ml/data/quality/grade/train/Grade-1/Gajar__Small__106.jpg,573.1984252929688,239.87696838378906,115433.5
/Users/ayush/Downloads/date-fruit-quality-ml/data/kaggle/grading/Gajar/Medium/Grade-1/143.jpg,Gajar,Medium,Grade-1,train,/Users/ayush/Downloads/date-fruit-quality-ml/data/quality/grade/train/Grade-1/Gajar__Medium__143.jpg,551.9081420898438,248.2537078857422,116698.5
/Users/ayush/Downloads/date-fruit-quality-ml/data/kaggle/grading/Aseel/Small/Grade-1/29.jpg,Aseel,Small,Grade-1,train,/Users/ayush/Downloads/date-fruit-quality-ml/data/quality/grade/train/Grade-1/Aseel__Small__29.jpg,421.72174072265625,294.5085754394531,95136.5
/Users/ayush/Downloads/date-fruit-quality-ml/data/kaggle/grading/Gajar/Small/Grade-1/141.jpg,Gajar,Small,Grade-1,train,/Users/ayush/Downloads/date-fruit-quality-ml/data/quality/grade/train/Grade-1/Gajar__Small__141.jpg,569.7199096679688,251.81161499023438,115894.0
/Users/ayush/Downloads/date-fruit-quality-ml/data/kaggle/grading/Gajar/Large/Grade-1/102.jpg,Gajar,Large,Grade-1,train,/Users/ayush/Downloads/date-fruit-quality-ml/data/quality/grade/train/Grade-1/Gajar__Large__102.jpg,591.6012573242188,303.29315185546875,146000.5
/Users/ayush/Downloads/date-fruit-quality-ml/data/kaggle/grading/Gajar/Medium/Grade-1/190.jpg,Gajar,Medium,Grade-1,train,/Users/ayush/Downloads/date-fruit-quality-ml/data/quality/grade/train/Grade-1/Gajar__Medium__190.jpg,590.9094848632812,278.7061767578125,138460.0
/Users/ayush/Downloads/date-fruit-quality-ml/data/kaggle/grading/Gajar/Large/Grade-1/68.jpg,Gajar,Large,Grade-1,train,/Users/ayush/Downloads/date-fruit-quality-ml/data/quality/grade/train/Grade-1/Gajar__Large__68.jpg,615.5989990234375,274.731689453125,141063.0
/Users/ayush/Downloads/date-fruit-quality-ml/data/kaggle/grading/Kupro/Large/Grade-1/296.jpg,Kupro,Large,Grade-1,train,/Users/ayush/Downloads/date-fruit-quality-ml/data/quality/grade/train/Grade-1/Kupro__Large__296.jpg,556.0,368.0,152253.5
/Users/ayush/Downloads/date-fruit-quality-ml/data/kaggle/grading/Gajar/Small/Grade-1/194.jpg,Gajar,Small,Grade-1,train,/Users/ayush/Downloads/date-fruit-quality-ml/data/quality/grade/train/Grade-1/Gajar__Small__194.jpg,571.7726440429688,258.1554870605469,123261.0
/Users/ayush/Downloads/date-fruit-quality-ml/data/kaggle/grading/Gajar/Large/Grade-3/77.jpg,Gajar,Large,Grade-3,train,/Users/ayush/Downloads/date-fruit-quality-ml/data/quality/grade/train/Grade-3/Gajar__Large__77.jpg,614.5093383789062,302.27764892578125,150670.0
/Users/ayush/Downloads/date-fruit-quality-ml/data/kaggle/grading/Aseel/Small/Grade-1/156.jpg,Aseel,Small,Grade-1,train,/Users/ayush/Downloads/date-fruit-quality-ml/data/quality/grade/train/Grade-1/Aseel__Small__156.jpg,443.27056884765625,271.14422607421875,92813.5
/Users/ayush/Downloads/date-fruit-quality-ml/data/kaggle/grading/Kupro/Large/Grade-1/254.jpg,Kupro,Large,Grade-1,train,/Users/ayush/Downloads/date-fruit-quality-ml/data/quality/grade/train/Grade-1/Kupro__Large__254.jpg,500.11785888671875,382.4168701171875,153219.5
/Users/ayush/Downloads/date-fruit-quality-ml/data/kaggle/grading/Fasli Toto/Medium/Grade-1/74.jpg,Fasli Toto,Medium,Grade-1,train,/Users/ayush/Downloads/date-fruit-quality-ml/data/quality/grade/train/Grade-1/Fasli-Toto__Medium__74.jpg,395.0,284.0,87477.0
/Users/ayush/Downloads/date-fruit-quality-ml/data/kaggle/grading/Aseel/Medium/Grade-1/69.jpg,Aseel,Medium,Grade-1,train,/Users/ayush/Downloads/date-fruit-quality-ml/data/quality/grade/train/Grade-1/Aseel__Medium__69.jpg,484.0,298.0,112926.0
/Users/ayush/Downloads/date-fruit-quality-ml/data/kaggle/grading/Aseel/Medium/Grade-1/42.jpg,Aseel,Medium,Grade-1,train,/Users/ayush/Downloads/date-fruit-quality-ml/data/quality/grade/train/Grade-1/Aseel__Medium__42.jpg,508.5954284667969,276.4462585449219,115013.0
/Users/ayush/Downloads/date-fruit-quality-ml/data/kaggle/grading/Kupro/Large/Grade-2/136.jpg,Kupro,Large,Grade-2,train,/Users/ayush/Downloads/date-fruit-quality-ml/data/quality/grade/train/Grade-2/Kupro__Large__136.jpg,478.52801513671875,338.5828857421875,127085.5
/Users/ayush/Downloads/date-fruit-quality-ml/data/kaggle/grading/Kupro/Large/Grade-2/58.jpg,Kupro,Large,Grade-2,train,/Users/ayush/Downloads/date-fruit-quality-ml/data/quality/grade/train/Grade-2/Kupro__Large__58.jpg,489.03485107421875,343.0347900390625,130847.0
/Users/ayush/Downloads/date-fruit-quality-ml/data/kaggle/grading/Aseel/Small/Grade-1/97.jpg,Aseel,Small,Grade-1,train,/Users/ayush/Downloads/date-fruit-quality-ml/data/quality/grade/train/Grade-1/Aseel__Small__97.jpg,445.6916198730469,287.1005554199219,100371.5
/Users/ayush/Downloads/date-fruit-quality-ml/data/kaggle/grading/Kupro/Large/Grade-1/75.jpg,Kupro,Large,Grade-1,train,/Users/ayush/Downloads/date-fruit-quality-ml/data/quality/grade/train/Grade-1/Kupro__Large__75.jpg,524.9482421875,362.57623291015625,149624.0
/Users/ayush/Downloads/date-fruit-quality-ml/data/kaggle/grading/Kupro/Large/Grade-3/24.jpg,Kupro,Large,Grade-3,train,/Users/ayush/Downloads/date-fruit-quality-ml/data/quality/grade/train/Grade-3/Kupro__Large__24.jpg,507.78387451171875,341.5237731933594,131466.5
/Users/ayush/Downloads/date-fruit-quality-ml/data/kaggle/grading/Kupro/Large/Grade-1/270.jpg,Kupro,Large,Grade-1,train,/Users/ayush/Downloads/date-fruit-quality-ml/data/quality/grade/train/Grade-1/Kupro__Large__270.jpg,487.84857177734375,326.14349365234375,125061.5
/Users/ayush/Downloads/date-fruit-quality-ml/data/kaggle/grading/Aseel/Medium/Grade-1/142.jpg,Aseel,Medium,Grade-1,train,/Users/ayush/Downloads/date-fruit-quality-ml/data/quality/grade/train/Grade-1/Aseel__Medium__142.jpg,462.31591796875,280.88934326171875,104167.5
/Users/ayush/Downloads/date-fruit-quality-ml/data/kaggle/grading/Kupro/Large/Grade-1/170.jpg,Kupro,Large,Grade-1,train,/Users/ayush/Downloads/date-fruit-quality-ml/data/quality/grade/train/Grade-1/Kupro__Large__170.jpg,519.0361328125,349.95001220703125,143534.0
/Users/ayush/Downloads/date-fruit-quality-ml/data/kaggle/grading/Kupro/Large/Grade-2/357.jpg,Kupro,Large,Grade-2,train,/Users/ayush/Downloads/date-fruit-quality-ml/data/quality/grade/train/Grade-2/Kupro__Large__357.jpg,506.2000427246094,365.5368957519531,145231.5
/Users/ayush/Downloads/date-fruit-quality-ml/data/kaggle/grading/Kupro/Large/Grade-3/76.jpg,Kupro,Large,Grade-3,train,/Users/ayush/Downloads/date-fruit-quality-ml/data/quality/grade/train/Grade-3/Kupro__Large__76.jpg,521.7974853515625,326.1731872558594,134256.5
/Users/ayush/Downloads/date-fruit-quality-ml/data/kaggle/grading/Fasli Toto/Large/Grade-1/34.jpg,Fasli Toto,Large,Grade-1,train,/Users/ayush/Downloads/date-fruit-quality-ml/data/quality/grade/train/Grade-1/Fasli-Toto__Large__34.jpg,466.20751953125,295.99542236328125,115066.5
/Users/ayush/Downloads/date-fruit-quality-ml/data/kaggle/grading/Gajar/Medium/Grade-3/9.jpg,Gajar,Medium,Grade-3,train,/Users/ayush/Downloads/date-fruit-quality-ml/data/quality/grade/train/Grade-3/Gajar__Medium__9.jpg,533.953857421875,259.2094421386719,118286.5
/Users/ayush/Downloads/date-fruit-quality-ml/data/kaggle/grading/Kupro/Large/Grade-3/8.jpg,Kupro,Large,Grade-3,train,/Users/ayush/Downloads/date-fruit-quality-ml/data/quality/grade/train/Grade-3/Kupro__Large__8.jpg,490.5360412597656,360.53216552734375,138776.5
/Users/ayush/Downloads/date-fruit-quality-ml/data/kaggle/grading/Aseel/Large/Grade-1/27.jpg,Aseel,Large,Grade-1,train,/Users/ayush/Downloads/date-fruit-quality-ml/data/quality/grade/train/Grade-1/Aseel__Large__27.jpg,562.5237426757812,294.1014709472656,135500.5
/Users/ayush/Downloads/date-fruit-quality-ml/data/kaggle/grading/Kupro/Large/Grade-1/198.jpg,Kupro,Large,Grade-1,train,/Users/ayush/Downloads/date-fruit-quality-ml/data/quality/grade/train/Grade-1/Kupro__Large__198.jpg,516.6919555664062,351.11004638671875,142234.0
/Users/ayush/Downloads/date-fruit-quality-ml/data/kaggle/grading/Gajar/Small/Grade-3/54.jpg,Gajar,Small,Grade-3,train,/Users/ayush/Downloads/date-fruit-quality-ml/data/quality/grade/train/Grade-3/Gajar__Small__54.jpg,575.3224487304688,291.1651611328125,142249.0
/Users/ayush/Downloads/date-fruit-quality-ml/data/kaggle/grading/Kupro/Large/Grade-2/51.jpg,Kupro,Large,Grade-2,train,/Users/ayush/Downloads/date-fruit-quality-ml/data/quality/grade/train/Grade-2/Kupro__Large__51.jpg,490.0513916015625,345.2200622558594,136093.5
/Users/ayush/Downloads/date-fruit-quality-ml/data/kaggle/grading/Gajar/Small/Grade-2/10.jpg,Gajar,Small,Grade-2,train,/Users/ayush/Downloads/date-fruit-quality-ml/data/quality/grade/train/Grade-2/Gajar__Small__10.jpg,566.85693359375,237.59170532226562,116786.5
/Users/ayush/Downloads/date-fruit-quality-ml/data/kaggle/grading/Kupro/Large/Grade-1/271.jpg,Kupro,Large,Grade-1,train,/Users/ayush/Downloads/date-fruit-quality-ml/data/quality/grade/train/Grade-1/Kupro__Large__271.jpg,487.35357666015625,323.0439453125,126831.0
/Users/ayush/Downloads/date-fruit-quality-ml/data/kaggle/grading/Gajar/Small/Grade-2/138.jpg,Gajar,Small,Grade-2,train,/Users/ayush/Downloads/date-fruit-quality-ml/data/quality/grade/train/Grade-2/Gajar__Small__138.jpg,543.611083984375,269.3481750488281,120099.0
/Users/ayush/Downloads/date-fruit-quality-ml/data/kaggle/grading/Fasli Toto/Large/Grade-1/43.jpg,Fasli Toto,Large,Grade-1,train,/Users/ayush/Downloads/date-fruit-quality-ml/data/quality/grade/train/Grade-1/Fasli-Toto__Large__43.jpg,475.91070556640625,341.98968505859375,124637.0
/Users/ayush/Downloads/date-fruit-quality-ml/data/kaggle/grading/Gajar/Small/Grade-1/182.jpg,Gajar,Small,Grade-1,train,/Users/ayush/Downloads/date-fruit-quality-ml/data/quality/grade/train/Grade-1/Gajar__Small__182.jpg,479.8426513671875,270.2561950683594,106152.5
/Users/ayush/Downloads/date-fruit-quality-ml/data/kaggle/grading/Gajar/Small/Grade-3/113.jpg,Gajar,Small,Grade-3,train,/Users/ayush/Downloads/date-fruit-quality-ml/data/quality/grade/train/Grade-3/Gajar__Small__113.jpg,529.0057983398438,267.46466064453125,119026.0
/Users/ayush/Downloads/date-fruit-quality-ml/data/kaggle/grading/Kupro/Large/Grade-1/187.jpg,Kupro,Large,Grade-1,train,/Users/ayush/Downloads/date-fruit-quality-ml/data/quality/grade/train/Grade-1/Kupro__Large__187.jpg,497.5511169433594,356.67364501953125,135813.5
/Users/ayush/Downloads/date-fruit-quality-ml/data/kaggle/grading/Gajar/Large/Grade-2/107.jpg,Gajar,Large,Grade-2,train,/Users/ayush/Downloads/date-fruit-quality-ml/data/quality/grade/train/Grade-2/Gajar__Large__107.jpg,677.01513671875,277.9937438964844,156374.0
/Users/ayush/Downloads/date-fruit-quality-ml/data/kaggle/grading/Gajar/Small/Grade-1/114.jpg,Gajar,Small,Grade-1,train,/Users/ayush/Downloads/date-fruit-quality-ml/data/quality/grade/train/Grade-1/Gajar__Small__114.jpg,565.6429443359375,267.143310546875,128780.0
/Users/ayush/Downloads/date-fruit-quality-ml/data/kaggle/grading/Gajar/Medium/Grade-3/44.jpg,Gajar,Medium,Grade-3,train,/Users/ayush/Downloads/date-fruit-quality-ml/data/quality/grade/train/Grade-3/Gajar__Medium__44.jpg,648.4300537109375,241.93783569335938,129761.5
/Users/ayush/Downloads/date-fruit-quality-ml/data/kaggle/grading/Gajar/Large/Grade-1/167.jpg,Gajar,Large,Grade-1,train,/Users/ayush/Downloads/date-fruit-quality-ml/data/quality/grade/train/Grade-1/Gajar__Large__167.jpg,611.2882080078125,297.3705139160156,148346.0
/Users/ayush/Downloads/date-fruit-quality-ml/data/kaggle/grading/Gajar/Small/Grade-3/23.jpg,Gajar,Small,Grade-3,train,/Users/ayush/Downloads/date-fruit-quality-ml/data/quality/grade/train/Grade-3/Gajar__Small__23.jpg,576.445068359375,233.8118896484375,111078.0
/Users/ayush/Downloads/date-fruit-quality-ml/data/kaggle/grading/Fasli Toto/Medium/Grade-1/84.jpg,Fasli Toto,Medium,Grade-1,train,/Users/ayush/Downloads/date-fruit-quality-ml/data/quality/grade/train/Grade-1/Fasli-Toto__Medium__84.jpg,433.6038818359375,271.2164611816406,95433.0
/Users/ayush/Downloads/date-fruit-quality-ml/data/kaggle/grading/Aseel/Small/Grade-1/163.jpg,Aseel,Small,Grade-1,train,/Users/ayush/Downloads/date-fruit-quality-ml/data/quality/grade/train/Grade-1/Aseel__Small__163.jpg,480.0,268.0,100303.0
/Users/ayush/Downloads/date-fruit-quality-ml/data/kaggle/grading/Kupro/Large/Grade-1/176.jpg,Kupro,Large,Grade-1,train,/Users/ayush/Downloads/date-fruit-quality-ml/data/quality/grade/train/Grade-1/Kupro__Large__176.jpg,462.64117431640625,371.2513427734375,130745.5
/Users/ayush/Downloads/date-fruit-quality-ml/data/kaggle/grading/Kupro/Large/Grade-1/68.jpg,Kupro,Large,Grade-1,train,/Users/ayush/Downloads/date-fruit-quality-ml/data/quality/grade/train/Grade-1/Kupro__Large__68.jpg,473.96221923828125,356.5813903808594,131353.0
/Users/ayush/Downloads/date-fruit-quality-ml/data/kaggle/grading/Gajar/Small/Grade-1/52.jpg,Gajar,Small,Grade-1,train,/Users/ayush/Downloads/date-fruit-quality-ml/data/quality/grade/train/Grade-1/Gajar__Small__52.jpg,528.1478271484375,229.31956481933594,103709.5
/Users/ayush/Downloads/date-fruit-quality-ml/data/kaggle/grading/Aseel/Medium/Grade-1/119.jpg,Aseel,Medium,Grade-1,train,/Users/ayush/Downloads/date-fruit-quality-ml/data/quality/grade/train/Grade-1/Aseel__Medium__119.jpg,481.8147277832031,287.6899719238281,110797.5
/Users/ayush/Downloads/date-fruit-quality-ml/data/kaggle/grading/Gajar/Large/Grade-1/162.jpg,Gajar,Large,Grade-1,train,/Users/ayush/Downloads/date-fruit-quality-ml/data/quality/grade/train/Grade-1/Gajar__Large__162.jpg,594.1343994140625,309.3146667480469,151164.5
/Users/ayush/Downloads/date-fruit-quality-ml/data/kaggle/grading/Aseel/Medium/Grade-1/117.jpg,Aseel,Medium,Grade-1,train,/Users/ayush/Downloads/date-fruit-quality-ml/data/quality/grade/train/Grade-1/Aseel__Medium__117.jpg,447.5061340332031,300.7464904785156,104244.5
/Users/ayush/Downloads/date-fruit-quality-ml/data/kaggle/grading/Kupro/Large/Grade-1/145.jpg,Kupro,Large,Grade-1,train,/Users/ayush/Downloads/date-fruit-quality-ml/data/quality/grade/train/Grade-1/Kupro__Large__145.jpg,497.0,340.0,135526.5
/Users/ayush/Downloads/date-fruit-quality-ml/data/kaggle/grading/Kupro/Large/Grade-2/307.jpg,Kupro,Large,Grade-2,train,/Users/ayush/Downloads/date-fruit-quality-ml/data/quality/grade/train/Grade-2/Kupro__Large__307.jpg,517.8074340820312,359.6975402832031,142013.5
/Users/ayush/Downloads/date-fruit-quality-ml/data/kaggle/grading/Aseel/Large/Grade-1/127.jpg,Aseel,Large,Grade-1,train,/Users/ayush/Downloads/date-fruit-quality-ml/data/quality/grade/train/Grade-1/Aseel__Large__127.jpg,552.1589965820312,314.63397216796875,143725.0
/Users/ayush/Downloads/date-fruit-quality-ml/data/kaggle/grading/Gajar/Small/Grade-2/19.jpg,Gajar,Small,Grade-2,train,/Users/ayush/Downloads/date-fruit-quality-ml/data/quality/grade/train/Grade-2/Gajar__Small__19.jpg,524.6318969726562,265.7507629394531,112329.0
/Users/ayush/Downloads/date-fruit-quality-ml/data/kaggle/grading/Kupro/Large/Grade-2/257.jpg,Kupro,Large,Grade-2,train,/Users/ayush/Downloads/date-fruit-quality-ml/data/quality/grade/train/Grade-2/Kupro__Large__257.jpg,466.03173828125,342.0719909667969,124560.0
/Users/ayush/Downloads/date-fruit-quality-ml/data/kaggle/grading/Kupro/Large/Grade-2/32.jpg,Kupro,Large,Grade-2,train,/Users/ayush/Downloads/date-fruit-quality-ml/data/quality/grade/train/Grade-2/Kupro__Large__32.jpg,492.1532897949219,350.075927734375,131554.5
/Users/ayush/Downloads/date-fruit-quality-ml/data/kaggle/grading/Gajar/Large/Grade-1/137.jpg,Gajar,Large,Grade-1,train,/Users/ayush/Downloads/date-fruit-quality-ml/data/quality/grade/train/Grade-1/Gajar__Large__137.jpg,642.6414184570312,294.62445068359375,150753.5
/Users/ayush/Downloads/date-fruit-quality-ml/data/kaggle/grading/Kupro/Large/Grade-1/37.jpg,Kupro,Large,Grade-1,train,/Users/ayush/Downloads/date-fruit-quality-ml/data/quality/grade/train/Grade-1/Kupro__Large__37.jpg,510.3568420410156,338.1298828125,135418.5
/Users/ayush/Downloads/date-fruit-quality-ml/data/kaggle/grading/Kupro/Large/Grade-3/113.jpg,Kupro,Large,Grade-3,train,/Users/ayush/Downloads/date-fruit-quality-ml/data/quality/grade/train/Grade-3/Kupro__Large__113.jpg,489.3047790527344,330.68115234375,128284.5
/Users/ayush/Downloads/date-fruit-quality-ml/data/kaggle/grading/Aseel/Medium/Grade-1/118.jpg,Aseel,Medium,Grade-1,train,/Users/ayush/Downloads/date-fruit-quality-ml/data/quality/grade/train/Grade-1/Aseel__Medium__118.jpg,482.7234191894531,303.07171630859375,116232.0
/Users/ayush/Downloads/date-fruit-quality-ml/data/kaggle/grading/Gajar/Large/Grade-2/120.jpg,Gajar,Large,Grade-2,train,/Users/ayush/Downloads/date-fruit-quality-ml/data/quality/grade/train/Grade-2/Gajar__Large__120.jpg,640.6297607421875,304.7005310058594,162328.5
/Users/ayush/Downloads/date-fruit-quality-ml/data/kaggle/grading/Aseel/Small/Grade-1/160.jpg,Aseel,Small,Grade-1,train,/Users/ayush/Downloads/date-fruit-quality-ml/data/quality/grade/train/Grade-1/Aseel__Small__160.jpg,417.0044860839844,233.37242126464844,80759.5
/Users/ayush/Downloads/date-fruit-quality-ml/data/kaggle/grading/Gajar/Small/Grade-3/132.jpg,Gajar,Small,Grade-3,train,/Users/ayush/Downloads/date-fruit-quality-ml/data/quality/grade/train/Grade-3/Gajar__Small__132.jpg,566.0911254882812,256.82611083984375,120259.5
/Users/ayush/Downloads/date-fruit-quality-ml/data/kaggle/grading/Kupro/Large/Grade-2/225.jpg,Kupro,Large,Grade-2,train,/Users/ayush/Downloads/date-fruit-quality-ml/data/quality/grade/train/Grade-2/Kupro__Large__225.jpg,551.0604248046875,337.4925231933594,151497.0
/Users/ayush/Downloads/date-fruit-quality-ml/data/kaggle/grading/Gajar/Small/Grade-1/123.jpg,Gajar,Small,Grade-1,train,/Users/ayush/Downloads/date-fruit-quality-ml/data/quality/grade/train/Grade-1/Gajar__Small__123.jpg,618.1405639648438,310.2694091796875,156518.5
/Users/ayush/Downloads/date-fruit-quality-ml/data/kaggle/grading/Gajar/Small/Grade-2/32.jpg,Gajar,Small,Grade-2,train,/Users/ayush/Downloads/date-fruit-quality-ml/data/quality/grade/train/Grade-2/Gajar__Small__32.jpg,561.3463134765625,241.04087829589844,110832.0
/Users/ayush/Downloads/date-fruit-quality-ml/data/kaggle/grading/Aseel/Large/Grade-1/102.jpg,Aseel,Large,Grade-1,train,/Users/ayush/Downloads/date-fruit-quality-ml/data/quality/grade/train/Grade-1/Aseel__Large__102.jpg,489.4336853027344,319.9290771484375,124173.5
/Users/ayush/Downloads/date-fruit-quality-ml/data/kaggle/grading/Gajar/Small/Grade-2/35.jpg,Gajar,Small,Grade-2,train,/Users/ayush/Downloads/date-fruit-quality-ml/data/quality/grade/train/Grade-2/Gajar__Small__35.jpg,560.4910278320312,267.1632995605469,125496.0
/Users/ayush/Downloads/date-fruit-quality-ml/data/kaggle/grading/Gajar/Large/Grade-1/170.jpg,Gajar,Large,Grade-1,train,/Users/ayush/Downloads/date-fruit-quality-ml/data/quality/grade/train/Grade-1/Gajar__Large__170.jpg,633.1775512695312,294.9625549316406,155820.5
/Users/ayush/Downloads/date-fruit-quality-ml/data/kaggle/grading/Kupro/Large/Grade-2/144.jpg,Kupro,Large,Grade-2,train,/Users/ayush/Downloads/date-fruit-quality-ml/data/quality/grade/train/Grade-2/Kupro__Large__144.jpg,498.9528503417969,353.51043701171875,145389.5
/Users/ayush/Downloads/date-fruit-quality-ml/data/kaggle/grading/Kupro/Large/Grade-1/36.jpg,Kupro,Large,Grade-1,train,/Users/ayush/Downloads/date-fruit-quality-ml/data/quality/grade/train/Grade-1/Kupro__Large__36.jpg,494.4156799316406,366.5792236328125,140930.5
/Users/ayush/Downloads/date-fruit-quality-ml/data/kaggle/grading/Kupro/Large/Grade-1/172.jpg,Kupro,Large,Grade-1,train,/Users/ayush/Downloads/date-fruit-quality-ml/data/quality/grade/train/Grade-1/Kupro__Large__172.jpg,455.6909484863281,374.134765625,130333.0
/Users/ayush/Downloads/date-fruit-quality-ml/data/kaggle/grading/Kupro/Large/Grade-1/169.jpg,Kupro,Large,Grade-1,train,/Users/ayush/Downloads/date-fruit-quality-ml/data/quality/grade/train/Grade-1/Kupro__Large__169.jpg,526.2515258789062,341.9317932128906,139677.5
/Users/ayush/Downloads/date-fruit-quality-ml/data/kaggle/grading/Kupro/Large/Grade-2/289.jpg,Kupro,Large,Grade-2,train,/Users/ayush/Downloads/date-fruit-quality-ml/data/quality/grade/train/Grade-2/Kupro__Large__289.jpg,498.83856201171875,331.36810302734375,129471.0
/Users/ayush/Downloads/date-fruit-quality-ml/data/kaggle/grading/Gajar/Large/Grade-3/2.jpg,Gajar,Large,Grade-3,train,/Users/ayush/Downloads/date-fruit-quality-ml/data/quality/grade/train/Grade-3/Gajar__Large__2.jpg,634.2590942382812,278.984375,146433.0
/Users/ayush/Downloads/date-fruit-quality-ml/data/kaggle/grading/Gajar/Large/Grade-1/120.jpg,Gajar,Large,Grade-1,train,/Users/ayush/Downloads/date-fruit-quality-ml/data/quality/grade/train/Grade-1/Gajar__Large__120.jpg,662.7003173828125,282.56427001953125,157331.0
/Users/ayush/Downloads/date-fruit-quality-ml/data/kaggle/grading/Gajar/Small/Grade-2/81.jpg,Gajar,Small,Grade-2,train,/Users/ayush/Downloads/date-fruit-quality-ml/data/quality/grade/train/Grade-2/Gajar__Small__81.jpg,519.712158203125,252.33087158203125,105585.5
/Users/ayush/Downloads/date-fruit-quality-ml/data/kaggle/grading/Aseel/Large/Grade-1/115.jpg,Aseel,Large,Grade-1,train,/Users/ayush/Downloads/date-fruit-quality-ml/data/quality/grade/train/Grade-1/Aseel__Large__115.jpg,497.00579833984375,317.32135009765625,124501.0
/Users/ayush/Downloads/date-fruit-quality-ml/data/kaggle/grading/Kupro/Large/Grade-2/48.jpg,Kupro,Large,Grade-2,train,/Users/ayush/Downloads/date-fruit-quality-ml/data/quality/grade/train/Grade-2/Kupro__Large__48.jpg,485.3035888671875,350.0320129394531,136713.0
/Users/ayush/Downloads/date-fruit-quality-ml/data/kaggle/grading/Gajar/Medium/Grade-3/41.jpg,Gajar,Medium,Grade-3,train,/Users/ayush/Downloads/date-fruit-quality-ml/data/quality/grade/train/Grade-3/Gajar__Medium__41.jpg,535.3331298828125,246.3099365234375,111023.5
/Users/ayush/Downloads/date-fruit-quality-ml/data/kaggle/grading/Gajar/Large/Grade-1/113.jpg,Gajar,Large,Grade-1,train,/Users/ayush/Downloads/date-fruit-quality-ml/data/quality/grade/train/Grade-1/Gajar__Large__113.jpg,615.0853271484375,279.12188720703125,143939.5
/Users/ayush/Downloads/date-fruit-quality-ml/data/kaggle/grading/Aseel/Small/Grade-1/65.jpg,Aseel,Small,Grade-1,train,/Users/ayush/Downloads/date-fruit-quality-ml/data/quality/grade/train/Grade-1/Aseel__Small__65.jpg,431.3462219238281,279.99072265625,93813.5
/Users/ayush/Downloads/date-fruit-quality-ml/data/kaggle/grading/Kupro/Large/Grade-2/110.jpg,Kupro,Large,Grade-2,train,/Users/ayush/Downloads/date-fruit-quality-ml/data/quality/grade/train/Grade-2/Kupro__Large__110.jpg,509.1758728027344,355.8200378417969,143797.0
/Users/ayush/Downloads/date-fruit-quality-ml/data/kaggle/grading/Gajar/Medium/Grade-1/170.jpg,Gajar,Medium,Grade-1,train,/Users/ayush/Downloads/date-fruit-quality-ml/data/quality/grade/train/Grade-1/Gajar__Medium__170.jpg,613.74365234375,271.90216064453125,138990.5
/Users/ayush/Downloads/date-fruit-quality-ml/data/kaggle/grading/Kupro/Large/Grade-1/173.jpg,Kupro,Large,Grade-1,train,/Users/ayush/Downloads/date-fruit-quality-ml/data/quality/grade/train/Grade-1/Kupro__Large__173.jpg,457.2693176269531,359.5254211425781,130451.5
/Users/ayush/Downloads/date-fruit-quality-ml/data/kaggle/grading/Kupro/Large/Grade-1/3.jpg,Kupro,Large,Grade-1,train,/Users/ayush/Downloads/date-fruit-quality-ml/data/quality/grade/train/Grade-1/Kupro__Large__3.jpg,535.3833618164062,344.8775329589844,140941.0
/Users/ayush/Downloads/date-fruit-quality-ml/data/kaggle/grading/Gajar/Small/Grade-2/65.jpg,Gajar,Small,Grade-2,train,/Users/ayush/Downloads/date-fruit-quality-ml/data/quality/grade/train/Grade-2/Gajar__Small__65.jpg,501.9052734375,259.7535095214844,108189.5
/Users/ayush/Downloads/date-fruit-quality-ml/data/kaggle/grading/Kupro/Large/Grade-1/131.jpg,Kupro,Large,Grade-1,train,/Users/ayush/Downloads/date-fruit-quality-ml/data/quality/grade/train/Grade-1/Kupro__Large__131.jpg,462.4932861328125,321.695556640625,119390.0
/Users/ayush/Downloads/date-fruit-quality-ml/data/kaggle/grading/Kupro/Large/Grade-3/52.jpg,Kupro,Large,Grade-3,train,/Users/ayush/Downloads/date-fruit-quality-ml/data/quality/grade/train/Grade-3/Kupro__Large__52.jpg,484.5589294433594,339.1761474609375,127694.0
/Users/ayush/Downloads/date-fruit-quality-ml/data/kaggle/grading/Gajar/Large/Grade-1/93.jpg,Gajar,Large,Grade-1,train,/Users/ayush/Downloads/date-fruit-quality-ml/data/quality/grade/train/Grade-1/Gajar__Large__93.jpg,612.6703491210938,249.14344787597656,128649.5
/Users/ayush/Downloads/date-fruit-quality-ml/data/kaggle/grading/Kupro/Large/Grade-2/286.jpg,Kupro,Large,Grade-2,train,/Users/ayush/Downloads/date-fruit-quality-ml/data/quality/grade/train/Grade-2/Kupro__Large__286.jpg,486.79937744140625,364.2915954589844,140531.0
/Users/ayush/Downloads/date-fruit-quality-ml/data/kaggle/grading/Aseel/Small/Grade-1/52.jpg,Aseel,Small,Grade-1,train,/Users/ayush/Downloads/date-fruit-quality-ml/data/quality/grade/train/Grade-1/Aseel__Small__52.jpg,421.7438049316406,264.29669189453125,84954.0
/Users/ayush/Downloads/date-fruit-quality-ml/data/kaggle/grading/Gajar/Medium/Grade-1/39.jpg,Gajar,Medium,Grade-1,train,/Users/ayush/Downloads/date-fruit-quality-ml/data/quality/grade/train/Grade-1/Gajar__Medium__39.jpg,578.6248168945312,281.19122314453125,134123.5
/Users/ayush/Downloads/date-fruit-quality-ml/data/kaggle/grading/Aseel/Medium/Grade-1/81.jpg,Aseel,Medium,Grade-1,train,/Users/ayush/Downloads/date-fruit-quality-ml/data/quality/grade/train/Grade-1/Aseel__Medium__81.jpg,481.0,308.0,117278.5
/Users/ayush/Downloads/date-fruit-quality-ml/data/kaggle/grading/Gajar/Small/Grade-2/2.jpg,Gajar,Small,Grade-2,train,/Users/ayush/Downloads/date-fruit-quality-ml/data/quality/grade/train/Grade-2/Gajar__Small__2.jpg,555.8291625976562,279.20458984375,132828.5
/Users/ayush/Downloads/date-fruit-quality-ml/data/kaggle/grading/Fasli Toto/Medium/Grade-1/15.jpg,Fasli Toto,Medium,Grade-1,train,/Users/ayush/Downloads/date-fruit-quality-ml/data/quality/grade/train/Grade-1/Fasli-Toto__Medium__15.jpg,442.1678466796875,255.75942993164062,91213.5
/Users/ayush/Downloads/date-fruit-quality-ml/data/kaggle/grading/Gajar/Medium/Grade-2/10.jpg,Gajar,Medium,Grade-2,train,/Users/ayush/Downloads/date-fruit-quality-ml/data/quality/grade/train/Grade-2/Gajar__Medium__10.jpg,607.9351196289062,256.1246643066406,129879.0
/Users/ayush/Downloads/date-fruit-quality-ml/data/kaggle/grading/Aseel/Medium/Grade-1/21.jpg,Aseel,Medium,Grade-1,train,/Users/ayush/Downloads/date-fruit-quality-ml/data/quality/grade/train/Grade-1/Aseel__Medium__21.jpg,503.0355529785156,276.5606384277344,110945.5
/Users/ayush/Downloads/date-fruit-quality-ml/data/kaggle/grading/Kupro/Large/Grade-1/133.jpg,Kupro,Large,Grade-1,train,/Users/ayush/Downloads/date-fruit-quality-ml/data/quality/grade/train/Grade-1/Kupro__Large__133.jpg,505.12738037109375,347.4812927246094,131491.0
/Users/ayush/Downloads/date-fruit-quality-ml/data/kaggle/grading/Gajar/Large/Grade-3/3.jpg,Gajar,Large,Grade-3,train,/Users/ayush/Downloads/date-fruit-quality-ml/data/quality/grade/train/Grade-3/Gajar__Large__3.jpg,626.0,319.0,160113.5
/Users/ayush/Downloads/date-fruit-quality-ml/data/kaggle/grading/Kupro/Large/Grade-2/195.jpg,Kupro,Large,Grade-2,train,/Users/ayush/Downloads/date-fruit-quality-ml/data/quality/grade/train/Grade-2/Kupro__Large__195.jpg,505.8818664550781,359.99615478515625,141278.0
/Users/ayush/Downloads/date-fruit-quality-ml/data/kaggle/grading/Fasli Toto/Small/Grade-1/56.jpg,Fasli Toto,Small,Grade-1,train,/Users/ayush/Downloads/date-fruit-quality-ml/data/quality/grade/train/Grade-1/Fasli-Toto__Small__56.jpg,373.9067687988281,238.91055297851562,67269.0
/Users/ayush/Downloads/date-fruit-quality-ml/data/kaggle/grading/Aseel/Large/Grade-1/88.jpg,Aseel,Large,Grade-1,train,/Users/ayush/Downloads/date-fruit-quality-ml/data/quality/grade/train/Grade-1/Aseel__Large__88.jpg,527.0,304.0,132849.0
/Users/ayush/Downloads/date-fruit-quality-ml/data/kaggle/grading/Gajar/Medium/Grade-1/168.jpg,Gajar,Medium,Grade-1,train,/Users/ayush/Downloads/date-fruit-quality-ml/data/quality/grade/train/Grade-1/Gajar__Medium__168.jpg,618.1638793945312,301.8852233886719,155073.0
/Users/ayush/Downloads/date-fruit-quality-ml/data/kaggle/grading/Gajar/Small/Grade-3/76.jpg,Gajar,Small,Grade-3,train,/Users/ayush/Downloads/date-fruit-quality-ml/data/quality/grade/train/Grade-3/Gajar__Small__76.jpg,511.0,241.0,105062.5
/Users/ayush/Downloads/date-fruit-quality-ml/data/kaggle/grading/Fasli Toto/Medium/Grade-1/132.jpg,Fasli Toto,Medium,Grade-1,train,/Users/ayush/Downloads/date-fruit-quality-ml/data/quality/grade/train/Grade-1/Fasli-Toto__Medium__132.jpg,398.0,295.0,94524.5
/Users/ayush/Downloads/date-fruit-quality-ml/data/kaggle/grading/Gajar/Large/Grade-2/40.jpg,Gajar,Large,Grade-2,train,/Users/ayush/Downloads/date-fruit-quality-ml/data/quality/grade/train/Grade-2/Gajar__Large__40.jpg,678.0,291.0,164124.0
/Users/ayush/Downloads/date-fruit-quality-ml/data/kaggle/grading/Kupro/Large/Grade-2/168.jpg,Kupro,Large,Grade-2,train,/Users/ayush/Downloads/date-fruit-quality-ml/data/quality/grade/train/Grade-2/Kupro__Large__168.jpg,487.1206359863281,340.2873840332031,131077.0
/Users/ayush/Downloads/date-fruit-quality-ml/data/kaggle/grading/Gajar/Large/Grade-1/53.jpg,Gajar,Large,Grade-1,train,/Users/ayush/Downloads/date-fruit-quality-ml/data/quality/grade/train/Grade-1/Gajar__Large__53.jpg,653.1365966796875,291.7562255859375,153107.5
/Users/ayush/Downloads/date-fruit-quality-ml/data/kaggle/grading/Fasli Toto/Large/Grade-1/118.jpg,Fasli Toto,Large,Grade-1,train,/Users/ayush/Downloads/date-fruit-quality-ml/data/quality/grade/train/Grade-1/Fasli-Toto__Large__118.jpg,489.3229064941406,359.1168212890625,144197.0
/Users/ayush/Downloads/date-fruit-quality-ml/data/kaggle/grading/Fasli Toto/Large/Grade-1/124.jpg,Fasli Toto,Large,Grade-1,train,/Users/ayush/Downloads/date-fruit-quality-ml/data/quality/grade/train/Grade-1/Fasli-Toto__Large__124.jpg,453.68896484375,300.1131591796875,117583.0
/Users/ayush/Downloads/date-fruit-quality-ml/data/kaggle/grading/Gajar/Small/Grade-1/172.jpg,Gajar,Small,Grade-1,train,/Users/ayush/Downloads/date-fruit-quality-ml/data/quality/grade/train/Grade-1/Gajar__Small__172.jpg,536.4413452148438,247.3833770751953,111435.5
/Users/ayush/Downloads/date-fruit-quality-ml/data/kaggle/grading/Kupro/Large/Grade-3/84.jpg,Kupro,Large,Grade-3,train,/Users/ayush/Downloads/date-fruit-quality-ml/data/quality/grade/train/Grade-3/Kupro__Large__84.jpg,512.3971557617188,364.41876220703125,150107.5
/Users/ayush/Downloads/date-fruit-quality-ml/data/kaggle/grading/Gajar/Medium/Grade-3/12.jpg,Gajar,Medium,Grade-3,train,/Users/ayush/Downloads/date-fruit-quality-ml/data/quality/grade/train/Grade-3/Gajar__Medium__12.jpg,605.9976196289062,261.499755859375,129199.0
/Users/ayush/Downloads/date-fruit-quality-ml/data/kaggle/grading/Gajar/Small/Grade-1/176.jpg,Gajar,Small,Grade-1,train,/Users/ayush/Downloads/date-fruit-quality-ml/data/quality/grade/train/Grade-1/Gajar__Small__176.jpg,572.0003051757812,255.3932647705078,123963.0
/Users/ayush/Downloads/date-fruit-quality-ml/data/kaggle/grading/Kupro/Large/Grade-2/55.jpg,Kupro,Large,Grade-2,train,/Users/ayush/Downloads/date-fruit-quality-ml/data/quality/grade/train/Grade-2/Kupro__Large__55.jpg,490.641357421875,345.0690612792969,131655.0
/Users/ayush/Downloads/date-fruit-quality-ml/data/kaggle/grading/Gajar/Medium/Grade-1/172.jpg,Gajar,Medium,Grade-1,train,/Users/ayush/Downloads/date-fruit-quality-ml/data/quality/grade/train/Grade-1/Gajar__Medium__172.jpg,637.02197265625,264.4732360839844,140938.0
/Users/ayush/Downloads/date-fruit-quality-ml/data/kaggle/grading/Fasli Toto/Small/Grade-1/57.jpg,Fasli Toto,Small,Grade-1,train,/Users/ayush/Downloads/date-fruit-quality-ml/data/quality/grade/train/Grade-1/Fasli-Toto__Small__57.jpg,371.6163024902344,261.162109375,76531.5
/Users/ayush/Downloads/date-fruit-quality-ml/data/kaggle/grading/Gajar/Large/Grade-3/113.jpg,Gajar,Large,Grade-3,train,/Users/ayush/Downloads/date-fruit-quality-ml/data/quality/grade/train/Grade-3/Gajar__Large__113.jpg,633.3914794921875,286.1685791015625,152789.5
/Users/ayush/Downloads/date-fruit-quality-ml/data/kaggle/grading/Kupro/Large/Grade-2/231.jpg,Kupro,Large,Grade-2,train,/Users/ayush/Downloads/date-fruit-quality-ml/data/quality/grade/train/Grade-2/Kupro__Large__231.jpg,478.6532897949219,340.0030822753906,130918.5
/Users/ayush/Downloads/date-fruit-quality-ml/data/kaggle/grading/Gajar/Large/Grade-1/35.jpg,Gajar,Large,Grade-1,train,/Users/ayush/Downloads/date-fruit-quality-ml/data/quality/grade/train/Grade-1/Gajar__Large__35.jpg,690.5284423828125,287.8949890136719,162757.0
/Users/ayush/Downloads/date-fruit-quality-ml/data/kaggle/grading/Kupro/Large/Grade-2/15.jpg,Kupro,Large,Grade-2,train,/Users/ayush/Downloads/date-fruit-quality-ml/data/quality/grade/train/Grade-2/Kupro__Large__15.jpg,510.183837890625,358.1813659667969,142675.5
/Users/ayush/Downloads/date-fruit-quality-ml/data/kaggle/grading/Gajar/Large/Grade-1/58.jpg,Gajar,Large,Grade-1,train,/Users/ayush/Downloads/date-fruit-quality-ml/data/quality/grade/train/Grade-1/Gajar__Large__58.jpg,629.5234375,302.4419860839844,161707.5
/Users/ayush/Downloads/date-fruit-quality-ml/data/kaggle/grading/Aseel/Medium/Grade-1/156.jpg,Aseel,Medium,Grade-1,train,/Users/ayush/Downloads/date-fruit-quality-ml/data/quality/grade/train/Grade-1/Aseel__Medium__156.jpg,464.8363952636719,292.4015808105469,106716.5
/Users/ayush/Downloads/date-fruit-quality-ml/data/kaggle/grading/Gajar/Large/Grade-3/30.jpg,Gajar,Large,Grade-3,train,/Users/ayush/Downloads/date-fruit-quality-ml/data/quality/grade/train/Grade-3/Gajar__Large__30.jpg,642.5897827148438,304.1158752441406,157014.0
/Users/ayush/Downloads/date-fruit-quality-ml/data/kaggle/grading/Kupro/Large/Grade-2/68.jpg,Kupro,Large,Grade-2,train,/Users/ayush/Downloads/date-fruit-quality-ml/data/quality/grade/train/Grade-2/Kupro__Large__68.jpg,518.1456909179688,345.3638610839844,141449.0
/Users/ayush/Downloads/date-fruit-quality-ml/data/kaggle/grading/Kupro/Large/Grade-1/71.jpg,Kupro,Large,Grade-1,train,/Users/ayush/Downloads/date-fruit-quality-ml/data/quality/grade/train/Grade-1/Kupro__Large__71.jpg,515.92822265625,346.0677795410156,136733.0
/Users/ayush/Downloads/date-fruit-quality-ml/data/kaggle/grading/Gajar/Medium/Grade-1/76.jpg,Gajar,Medium,Grade-1,train,/Users/ayush/Downloads/date-fruit-quality-ml/data/quality/grade/train/Grade-1/Gajar__Medium__76.jpg,598.6324462890625,267.80926513671875,136219.0
/Users/ayush/Downloads/date-fruit-quality-ml/data/kaggle/grading/Fasli Toto/Medium/Grade-1/151.jpg,Fasli Toto,Medium,Grade-1,train,/Users/ayush/Downloads/date-fruit-quality-ml/data/quality/grade/train/Grade-1/Fasli-Toto__Medium__151.jpg,447.0993347167969,255.6715087890625,91535.5
/Users/ayush/Downloads/date-fruit-quality-ml/data/kaggle/grading/Gajar/Medium/Grade-1/53.jpg,Gajar,Medium,Grade-1,train,/Users/ayush/Downloads/date-fruit-quality-ml/data/quality/grade/train/Grade-1/Gajar__Medium__53.jpg,580.2046508789062,248.3550262451172,121224.5
/Users/ayush/Downloads/date-fruit-quality-ml/data/kaggle/grading/Gajar/Small/Grade-1/5.jpg,Gajar,Small,Grade-1,train,/Users/ayush/Downloads/date-fruit-quality-ml/data/quality/grade/train/Grade-1/Gajar__Small__5.jpg,577.2531127929688,271.5184326171875,131008.5
/Users/ayush/Downloads/date-fruit-quality-ml/data/kaggle/grading/Kupro/Large/Grade-2/203.jpg,Kupro,Large,Grade-2,train,/Users/ayush/Downloads/date-fruit-quality-ml/data/quality/grade/train/Grade-2/Kupro__Large__203.jpg,486.33343505859375,353.7010192871094,135623.0
/Users/ayush/Downloads/date-fruit-quality-ml/data/kaggle/grading/Kupro/Large/Grade-1/274.jpg,Kupro,Large,Grade-1,train,/Users/ayush/Downloads/date-fruit-quality-ml/data/quality/grade/train/Grade-1/Kupro__Large__274.jpg,465.9162902832031,332.8573913574219,125636.5
/Users/ayush/Downloads/date-fruit-quality-ml/data/kaggle/grading/Fasli Toto/Medium/Grade-1/32.jpg,Fasli Toto,Medium,Grade-1,train,/Users/ayush/Downloads/date-fruit-quality-ml/data/quality/grade/train/Grade-1/Fasli-Toto__Medium__32.jpg,425.56658935546875,288.162841796875,101331.5
/Users/ayush/Downloads/date-fruit-quality-ml/data/kaggle/grading/Gajar/Small/Grade-3/203.jpg,Gajar,Small,Grade-3,train,/Users/ayush/Downloads/date-fruit-quality-ml/data/quality/grade/train/Grade-3/Gajar__Small__203.jpg,539.4384765625,237.24176025390625,109373.0
/Users/ayush/Downloads/date-fruit-quality-ml/data/kaggle/grading/Kupro/Large/Grade-1/262.jpg,Kupro,Large,Grade-1,train,/Users/ayush/Downloads/date-fruit-quality-ml/data/quality/grade/train/Grade-1/Kupro__Large__262.jpg,518.0,389.0,158423.5
/Users/ayush/Downloads/date-fruit-quality-ml/data/kaggle/grading/Aseel/Small/Grade-1/63.jpg,Aseel,Small,Grade-1,train,/Users/ayush/Downloads/date-fruit-quality-ml/data/quality/grade/train/Grade-1/Aseel__Small__63.jpg,437.970703125,272.0836181640625,94333.0
/Users/ayush/Downloads/date-fruit-quality-ml/data/kaggle/grading/Gajar/Small/Grade-1/86.jpg,Gajar,Small,Grade-1,train,/Users/ayush/Downloads/date-fruit-quality-ml/data/quality/grade/train/Grade-1/Gajar__Small__86.jpg,542.3047485351562,247.1962432861328,108111.0
/Users/ayush/Downloads/date-fruit-quality-ml/data/kaggle/grading/Aseel/Small/Grade-1/36.jpg,Aseel,Small,Grade-1,train,/Users/ayush/Downloads/date-fruit-quality-ml/data/quality/grade/train/Grade-1/Aseel__Small__36.jpg,441.0127868652344,252.29248046875,87830.0
/Users/ayush/Downloads/date-fruit-quality-ml/data/kaggle/grading/Gajar/Medium/Grade-3/76.jpg,Gajar,Medium,Grade-3,train,/Users/ayush/Downloads/date-fruit-quality-ml/data/quality/grade/train/Grade-3/Gajar__Medium__76.jpg,587.2037963867188,254.7805938720703,130900.5
/Users/ayush/Downloads/date-fruit-quality-ml/data/kaggle/grading/Gajar/Medium/Grade-3/51.jpg,Gajar,Medium,Grade-3,train,/Users/ayush/Downloads/date-fruit-quality-ml/data/quality/grade/train/Grade-3/Gajar__Medium__51.jpg,556.6686401367188,255.48696899414062,118447.0
/Users/ayush/Downloads/date-fruit-quality-ml/data/kaggle/grading/Aseel/Large/Grade-1/108.jpg,Aseel,Large,Grade-1,train,/Users/ayush/Downloads/date-fruit-quality-ml/data/quality/grade/train/Grade-1/Aseel__Large__108.jpg,538.4092407226562,324.67364501953125,140493.5
/Users/ayush/Downloads/date-fruit-quality-ml/data/kaggle/grading/Aseel/Medium/Grade-1/27.jpg,Aseel,Medium,Grade-1,train,/Users/ayush/Downloads/date-fruit-quality-ml/data/quality/grade/train/Grade-1/Aseel__Medium__27.jpg,478.6500244140625,316.28857421875,117090.5
/Users/ayush/Downloads/date-fruit-quality-ml/data/kaggle/grading/Fasli Toto/Small/Grade-1/24.jpg,Fasli Toto,Small,Grade-1,train,/Users/ayush/Downloads/date-fruit-quality-ml/data/quality/grade/train/Grade-1/Fasli-Toto__Small__24.jpg,405.843017578125,242.69683837890625,78911.0
/Users/ayush/Downloads/date-fruit-quality-ml/data/kaggle/grading/Gajar/Large/Grade-1/104.jpg,Gajar,Large,Grade-1,train,/Users/ayush/Downloads/date-fruit-quality-ml/data/quality/grade/train/Grade-1/Gajar__Large__104.jpg,607.0,271.0,134942.5
/Users/ayush/Downloads/date-fruit-quality-ml/data/kaggle/grading/Fasli Toto/Medium/Grade-1/31.jpg,Fasli Toto,Medium,Grade-1,train,/Users/ayush/Downloads/date-fruit-quality-ml/data/quality/grade/train/Grade-1/Fasli-Toto__Medium__31.jpg,443.1756591796875,282.0325012207031,99869.0
/Users/ayush/Downloads/date-fruit-quality-ml/data/kaggle/grading/Gajar/Small/Grade-2/76.jpg,Gajar,Small,Grade-2,train,/Users/ayush/Downloads/date-fruit-quality-ml/data/quality/grade/train/Grade-2/Gajar__Small__76.jpg,531.9256591796875,240.00711059570312,104923.5
/Users/ayush/Downloads/date-fruit-quality-ml/data/kaggle/grading/Kupro/Large/Grade-2/88.jpg,Kupro,Large,Grade-2,train,/Users/ayush/Downloads/date-fruit-quality-ml/data/quality/grade/train/Grade-2/Kupro__Large__88.jpg,485.8487854003906,362.6260681152344,141076.5
/Users/ayush/Downloads/date-fruit-quality-ml/data/kaggle/grading/Gajar/Medium/Grade-1/77.jpg,Gajar,Medium,Grade-1,train,/Users/ayush/Downloads/date-fruit-quality-ml/data/quality/grade/train/Grade-1/Gajar__Medium__77.jpg,571.0994873046875,266.3561706542969,122814.0
/Users/ayush/Downloads/date-fruit-quality-ml/data/kaggle/grading/Aseel/Medium/Grade-1/153.jpg,Aseel,Medium,Grade-1,train,/Users/ayush/Downloads/date-fruit-quality-ml/data/quality/grade/train/Grade-1/Aseel__Medium__153.jpg,487.99993896484375,269.99993896484375,104445.5
/Users/ayush/Downloads/date-fruit-quality-ml/data/kaggle/grading/Kupro/Large/Grade-2/284.jpg,Kupro,Large,Grade-2,train,/Users/ayush/Downloads/date-fruit-quality-ml/data/quality/grade/train/Grade-2/Kupro__Large__284.jpg,516.6456909179688,324.2582702636719,133431.0
/Users/ayush/Downloads/date-fruit-quality-ml/data/kaggle/grading/Kupro/Large/Grade-2/140.jpg,Kupro,Large,Grade-2,train,/Users/ayush/Downloads/date-fruit-quality-ml/data/quality/grade/train/Grade-2/Kupro__Large__140.jpg,491.85003662109375,343.1104431152344,131908.5
/Users/ayush/Downloads/date-fruit-quality-ml/data/kaggle/grading/Gajar/Small/Grade-1/64.jpg,Gajar,Small,Grade-1,train,/Users/ayush/Downloads/date-fruit-quality-ml/data/quality/grade/train/Grade-1/Gajar__Small__64.jpg,566.6939086914062,241.056884765625,120778.0
/Users/ayush/Downloads/date-fruit-quality-ml/data/kaggle/grading/Aseel/Large/Grade-1/138.jpg,Aseel,Large,Grade-1,train,/Users/ayush/Downloads/date-fruit-quality-ml/data/quality/grade/train/Grade-1/Aseel__Large__138.jpg,527.0,321.0,133719.0
/Users/ayush/Downloads/date-fruit-quality-ml/data/kaggle/grading/Gajar/Medium/Grade-3/53.jpg,Gajar,Medium,Grade-3,train,/Users/ayush/Downloads/date-fruit-quality-ml/data/quality/grade/train/Grade-3/Gajar__Medium__53.jpg,573.048828125,235.132568359375,113670.5
/Users/ayush/Downloads/date-fruit-quality-ml/data/kaggle/grading/Aseel/Small/Grade-1/164.jpg,Aseel,Small,Grade-1,train,/Users/ayush/Downloads/date-fruit-quality-ml/data/quality/grade/train/Grade-1/Aseel__Small__164.jpg,439.7691955566406,254.68057250976562,91042.5
/Users/ayush/Downloads/date-fruit-quality-ml/data/kaggle/grading/Fasli Toto/Medium/Grade-1/141.jpg,Fasli Toto,Medium,Grade-1,train,/Users/ayush/Downloads/date-fruit-quality-ml/data/quality/grade/train/Grade-1/Fasli-Toto__Medium__141.jpg,457.30877685546875,267.53558349609375,98122.5
/Users/ayush/Downloads/date-fruit-quality-ml/data/kaggle/grading/Fasli Toto/Large/Grade-1/48.jpg,Fasli Toto,Large,Grade-1,train,/Users/ayush/Downloads/date-fruit-quality-ml/data/quality/grade/train/Grade-1/Fasli-Toto__Large__48.jpg,472.13275146484375,327.3316345214844,121808.5
/Users/ayush/Downloads/date-fruit-quality-ml/data/kaggle/grading/Gajar/Medium/Grade-1/7.jpg,Gajar,Medium,Grade-1,train,/Users/ayush/Downloads/date-fruit-quality-ml/data/quality/grade/train/Grade-1/Gajar__Medium__7.jpg,580.100830078125,254.4805908203125,119717.5
/Users/ayush/Downloads/date-fruit-quality-ml/data/kaggle/grading/Kupro/Large/Grade-1/73.jpg,Kupro,Large,Grade-1,train,/Users/ayush/Downloads/date-fruit-quality-ml/data/quality/grade/train/Grade-1/Kupro__Large__73.jpg,512.7133178710938,342.8965148925781,135027.0
/Users/ayush/Downloads/date-fruit-quality-ml/data/kaggle/grading/Gajar/Large/Grade-3/118.jpg,Gajar,Large,Grade-3,train,/Users/ayush/Downloads/date-fruit-quality-ml/data/quality/grade/train/Grade-3/Gajar__Large__118.jpg,601.6726684570312,285.27392578125,145588.5
/Users/ayush/Downloads/date-fruit-quality-ml/data/kaggle/grading/Gajar/Medium/Grade-3/15.jpg,Gajar,Medium,Grade-3,train,/Users/ayush/Downloads/date-fruit-quality-ml/data/quality/grade/train/Grade-3/Gajar__Medium__15.jpg,590.7157592773438,267.7646789550781,128384.5
/Users/ayush/Downloads/date-fruit-quality-ml/data/kaggle/grading/Gajar/Large/Grade-3/93.jpg,Gajar,Large,Grade-3,train,/Users/ayush/Downloads/date-fruit-quality-ml/data/quality/grade/train/Grade-3/Gajar__Large__93.jpg,606.5676879882812,313.6170349121094,153800.0
/Users/ayush/Downloads/date-fruit-quality-ml/data/kaggle/grading/Kupro/Large/Grade-3/75.jpg,Kupro,Large,Grade-3,train,/Users/ayush/Downloads/date-fruit-quality-ml/data/quality/grade/train/Grade-3/Kupro__Large__75.jpg,527.9470825195312,320.92669677734375,131364.5
/Users/ayush/Downloads/date-fruit-quality-ml/data/kaggle/grading/Gajar/Small/Grade-2/70.jpg,Gajar,Small,Grade-2,train,/Users/ayush/Downloads/date-fruit-quality-ml/data/quality/grade/train/Grade-2/Gajar__Small__70.jpg,526.3991088867188,268.815185546875,121472.5
/Users/ayush/Downloads/date-fruit-quality-ml/data/kaggle/grading/Gajar/Small/Grade-3/192.jpg,Gajar,Small,Grade-3,train,/Users/ayush/Downloads/date-fruit-quality-ml/data/quality/grade/train/Grade-3/Gajar__Small__192.jpg,557.0399780273438,254.39523315429688,116483.5
/Users/ayush/Downloads/date-fruit-quality-ml/data/kaggle/grading/Gajar/Small/Grade-3/188.jpg,Gajar,Small,Grade-3,train,/Users/ayush/Downloads/date-fruit-quality-ml/data/quality/grade/train/Grade-3/Gajar__Small__188.jpg,526.5521850585938,251.83468627929688,110437.0
/Users/ayush/Downloads/date-fruit-quality-ml/data/kaggle/grading/Gajar/Large/Grade-3/32.jpg,Gajar,Large,Grade-3,train,/Users/ayush/Downloads/date-fruit-quality-ml/data/quality/grade/train/Grade-3/Gajar__Large__32.jpg,626.8601684570312,312.175537109375,155399.0
/Users/ayush/Downloads/date-fruit-quality-ml/data/kaggle/grading/Fasli Toto/Large/Grade-1/129.jpg,Fasli Toto,Large,Grade-1,train,/Users/ayush/Downloads/date-fruit-quality-ml/data/quality/grade/train/Grade-1/Fasli-Toto__Large__129.jpg,488.6102294921875,254.0357666015625,107956.0
/Users/ayush/Downloads/date-fruit-quality-ml/data/kaggle/grading/Aseel/Medium/Grade-1/86.jpg,Aseel,Medium,Grade-1,train,/Users/ayush/Downloads/date-fruit-quality-ml/data/quality/grade/train/Grade-1/Aseel__Medium__86.jpg,486.0,296.0,114072.0
/Users/ayush/Downloads/date-fruit-quality-ml/data/kaggle/grading/Aseel/Small/Grade-1/129.jpg,Aseel,Small,Grade-1,train,/Users/ayush/Downloads/date-fruit-quality-ml/data/quality/grade/train/Grade-1/Aseel__Small__129.jpg,419.5547790527344,254.82086181640625,85639.0
/Users/ayush/Downloads/date-fruit-quality-ml/data/kaggle/grading/Kupro/Large/Grade-1/42.jpg,Kupro,Large,Grade-1,train,/Users/ayush/Downloads/date-fruit-quality-ml/data/quality/grade/train/Grade-1/Kupro__Large__42.jpg,496.4989929199219,313.3355407714844,125252.5
/Users/ayush/Downloads/date-fruit-quality-ml/data/kaggle/grading/Gajar/Medium/Grade-1/110.jpg,Gajar,Medium,Grade-1,train,/Users/ayush/Downloads/date-fruit-quality-ml/data/quality/grade/train/Grade-1/Gajar__Medium__110.jpg,578.74609375,274.3648376464844,132070.0
/Users/ayush/Downloads/date-fruit-quality-ml/data/kaggle/grading/Fasli Toto/Large/Grade-1/100.jpg,Fasli Toto,Large,Grade-1,train,/Users/ayush/Downloads/date-fruit-quality-ml/data/quality/grade/train/Grade-1/Fasli-Toto__Large__100.jpg,458.206298828125,361.5333251953125,134087.5
/Users/ayush/Downloads/date-fruit-quality-ml/data/kaggle/grading/Gajar/Medium/Grade-1/182.jpg,Gajar,Medium,Grade-1,train,/Users/ayush/Downloads/date-fruit-quality-ml/data/quality/grade/train/Grade-1/Gajar__Medium__182.jpg,643.3480224609375,304.4107360839844,162499.0
/Users/ayush/Downloads/date-fruit-quality-ml/data/kaggle/grading/Kupro/Large/Grade-2/364.jpg,Kupro,Large,Grade-2,train,/Users/ayush/Downloads/date-fruit-quality-ml/data/quality/grade/train/Grade-2/Kupro__Large__364.jpg,463.1969299316406,338.0066833496094,127258.0
/Users/ayush/Downloads/date-fruit-quality-ml/data/kaggle/grading/Gajar/Small/Grade-3/165.jpg,Gajar,Small,Grade-3,train,/Users/ayush/Downloads/date-fruit-quality-ml/data/quality/grade/train/Grade-3/Gajar__Small__165.jpg,572.4835815429688,270.2675476074219,130201.0
/Users/ayush/Downloads/date-fruit-quality-ml/data/kaggle/grading/Gajar/Large/Grade-2/105.jpg,Gajar,Large,Grade-2,train,/Users/ayush/Downloads/date-fruit-quality-ml/data/quality/grade/train/Grade-2/Gajar__Large__105.jpg,675.4886474609375,277.43341064453125,145679.5
/Users/ayush/Downloads/date-fruit-quality-ml/data/kaggle/grading/Kupro/Large/Grade-2/254.jpg,Kupro,Large,Grade-2,train,/Users/ayush/Downloads/date-fruit-quality-ml/data/quality/grade/train/Grade-2/Kupro__Large__254.jpg,477.7394714355469,347.5617980957031,131243.5
/Users/ayush/Downloads/date-fruit-quality-ml/data/kaggle/grading/Kupro/Large/Grade-2/369.jpg,Kupro,Large,Grade-2,train,/Users/ayush/Downloads/date-fruit-quality-ml/data/quality/grade/train/Grade-2/Kupro__Large__369.jpg,423.5198669433594,389.2039489746094,121033.0
/Users/ayush/Downloads/date-fruit-quality-ml/data/kaggle/grading/Gajar/Small/Grade-3/194.jpg,Gajar,Small,Grade-3,train,/Users/ayush/Downloads/date-fruit-quality-ml/data/quality/grade/train/Grade-3/Gajar__Small__194.jpg,516.0983276367188,262.8155517578125,107828.5
/Users/ayush/Downloads/date-fruit-quality-ml/data/kaggle/grading/Kupro/Large/Grade-3/51.jpg,Kupro,Large,Grade-3,train,/Users/ayush/Downloads/date-fruit-quality-ml/data/quality/grade/train/Grade-3/Kupro__Large__51.jpg,464.9149169921875,355.7115783691406,130155.0
/Users/ayush/Downloads/date-fruit-quality-ml/data/kaggle/grading/Kupro/Large/Grade-1/118.jpg,Kupro,Large,Grade-1,train,/Users/ayush/Downloads/date-fruit-quality-ml/data/quality/grade/train/Grade-1/Kupro__Large__118.jpg,495.7778625488281,372.77081298828125,144879.0
/Users/ayush/Downloads/date-fruit-quality-ml/data/kaggle/grading/Kupro/Large/Grade-3/68.jpg,Kupro,Large,Grade-3,train,/Users/ayush/Downloads/date-fruit-quality-ml/data/quality/grade/train/Grade-3/Kupro__Large__68.jpg,498.3369140625,326.28900146484375,127945.5
/Users/ayush/Downloads/date-fruit-quality-ml/data/kaggle/grading/Kupro/Large/Grade-3/61.jpg,Kupro,Large,Grade-3,train,/Users/ayush/Downloads/date-fruit-quality-ml/data/quality/grade/train/Grade-3/Kupro__Large__61.jpg,522.2190551757812,353.8375549316406,141076.0
/Users/ayush/Downloads/date-fruit-quality-ml/data/kaggle/grading/Kupro/Large/Grade-2/59.jpg,Kupro,Large,Grade-2,train,/Users/ayush/Downloads/date-fruit-quality-ml/data/quality/grade/train/Grade-2/Kupro__Large__59.jpg,502.7068786621094,346.185791015625,132101.0
/Users/ayush/Downloads/date-fruit-quality-ml/data/kaggle/grading/Gajar/Small/Grade-3/56.jpg,Gajar,Small,Grade-3,train,/Users/ayush/Downloads/date-fruit-quality-ml/data/quality/grade/train/Grade-3/Gajar__Small__56.jpg,552.0330200195312,278.9757080078125,132716.0
/Users/ayush/Downloads/date-fruit-quality-ml/data/kaggle/grading/Kupro/Large/Grade-2/323.jpg,Kupro,Large,Grade-2,train,/Users/ayush/Downloads/date-fruit-quality-ml/data/quality/grade/train/Grade-2/Kupro__Large__323.jpg,506.5068054199219,337.0870056152344,133162.0
/Users/ayush/Downloads/date-fruit-quality-ml/data/kaggle/grading/Fasli Toto/Large/Grade-1/6.jpg,Fasli Toto,Large,Grade-1,train,/Users/ayush/Downloads/date-fruit-quality-ml/data/quality/grade/train/Grade-1/Fasli-Toto__Large__6.jpg,440.0,297.0,102221.0
/Users/ayush/Downloads/date-fruit-quality-ml/data/kaggle/grading/Gajar/Large/Grade-1/27.jpg,Gajar,Large,Grade-1,train,/Users/ayush/Downloads/date-fruit-quality-ml/data/quality/grade/train/Grade-1/Gajar__Large__27.jpg,647.5601806640625,302.61279296875,156074.0
/Users/ayush/Downloads/date-fruit-quality-ml/data/kaggle/grading/Aseel/Small/Grade-1/106.jpg,Aseel,Small,Grade-1,train,/Users/ayush/Downloads/date-fruit-quality-ml/data/quality/grade/train/Grade-1/Aseel__Small__106.jpg,455.0,282.0,101076.5
/Users/ayush/Downloads/date-fruit-quality-ml/data/kaggle/grading/Gajar/Small/Grade-3/161.jpg,Gajar,Small,Grade-3,train,/Users/ayush/Downloads/date-fruit-quality-ml/data/quality/grade/train/Grade-3/Gajar__Small__161.jpg,502.3421325683594,243.82154846191406,103054.5
/Users/ayush/Downloads/date-fruit-quality-ml/data/kaggle/grading/Gajar/Small/Grade-1/173.jpg,Gajar,Small,Grade-1,train,/Users/ayush/Downloads/date-fruit-quality-ml/data/quality/grade/train/Grade-1/Gajar__Small__173.jpg,537.9447631835938,232.090087890625,105743.0
/Users/ayush/Downloads/date-fruit-quality-ml/data/kaggle/grading/Gajar/Medium/Grade-2/53.jpg,Gajar,Medium,Grade-2,train,/Users/ayush/Downloads/date-fruit-quality-ml/data/quality/grade/train/Grade-2/Gajar__Medium__53.jpg,582.3609619140625,253.66827392578125,121402.5
/Users/ayush/Downloads/date-fruit-quality-ml/data/kaggle/grading/Kupro/Large/Grade-2/331.jpg,Kupro,Large,Grade-2,train,/Users/ayush/Downloads/date-fruit-quality-ml/data/quality/grade/train/Grade-2/Kupro__Large__331.jpg,510.4386901855469,369.7484436035156,146533.5
/Users/ayush/Downloads/date-fruit-quality-ml/data/kaggle/grading/Gajar/Small/Grade-2/26.jpg,Gajar,Small,Grade-2,train,/Users/ayush/Downloads/date-fruit-quality-ml/data/quality/grade/train/Grade-2/Gajar__Small__26.jpg,526.9812622070312,253.72637939453125,108177.0
/Users/ayush/Downloads/date-fruit-quality-ml/data/kaggle/grading/Gajar/Medium/Grade-1/97.jpg,Gajar,Medium,Grade-1,train,/Users/ayush/Downloads/date-fruit-quality-ml/data/quality/grade/train/Grade-1/Gajar__Medium__97.jpg,559.8441162109375,270.3819580078125,122464.5
/Users/ayush/Downloads/date-fruit-quality-ml/data/kaggle/grading/Aseel/Medium/Grade-1/97.jpg,Aseel,Medium,Grade-1,train,/Users/ayush/Downloads/date-fruit-quality-ml/data/quality/grade/train/Grade-1/Aseel__Medium__97.jpg,462.30914306640625,303.377685546875,110011.0
/Users/ayush/Downloads/date-fruit-quality-ml/data/kaggle/grading/Gajar/Small/Grade-3/108.jpg,Gajar,Small,Grade-3,train,/Users/ayush/Downloads/date-fruit-quality-ml/data/quality/grade/train/Grade-3/Gajar__Small__108.jpg,545.449462890625,250.6099395751953,107844.5
/Users/ayush/Downloads/date-fruit-quality-ml/data/kaggle/grading/Gajar/Large/Grade-1/8.jpg,Gajar,Large,Grade-1,train,/Users/ayush/Downloads/date-fruit-quality-ml/data/quality/grade/train/Grade-1/Gajar__Large__8.jpg,597.6744995117188,253.3010711669922,135388.5
/Users/ayush/Downloads/date-fruit-quality-ml/data/kaggle/grading/Kupro/Large/Grade-2/218.jpg,Kupro,Large,Grade-2,train,/Users/ayush/Downloads/date-fruit-quality-ml/data/quality/grade/train/Grade-2/Kupro__Large__218.jpg,474.9139404296875,323.972412109375,121740.0
/Users/ayush/Downloads/date-fruit-quality-ml/data/kaggle/grading/Aseel/Large/Grade-1/36.jpg,Aseel,Large,Grade-1,train,/Users/ayush/Downloads/date-fruit-quality-ml/data/quality/grade/train/Grade-1/Aseel__Large__36.jpg,535.5157470703125,296.1519470214844,134777.0
/Users/ayush/Downloads/date-fruit-quality-ml/data/kaggle/grading/Aseel/Large/Grade-1/58.jpg,Aseel,Large,Grade-1,train,/Users/ayush/Downloads/date-fruit-quality-ml/data/quality/grade/train/Grade-1/Aseel__Large__58.jpg,504.1084899902344,304.8435363769531,124921.5
/Users/ayush/Downloads/date-fruit-quality-ml/data/kaggle/grading/Gajar/Large/Grade-2/63.jpg,Gajar,Large,Grade-2,train,/Users/ayush/Downloads/date-fruit-quality-ml/data/quality/grade/train/Grade-2/Gajar__Large__63.jpg,645.9132080078125,274.8907165527344,148687.0
/Users/ayush/Downloads/date-fruit-quality-ml/data/kaggle/grading/Fasli Toto/Large/Grade-1/128.jpg,Fasli Toto,Large,Grade-1,train,/Users/ayush/Downloads/date-fruit-quality-ml/data/quality/grade/train/Grade-1/Fasli-Toto__Large__128.jpg,506.56915283203125,274.7983703613281,116624.0
/Users/ayush/Downloads/date-fruit-quality-ml/data/kaggle/grading/Aseel/Medium/Grade-1/159.jpg,Aseel,Medium,Grade-1,train,/Users/ayush/Downloads/date-fruit-quality-ml/data/quality/grade/train/Grade-1/Aseel__Medium__159.jpg,461.4579162597656,290.0552062988281,105423.0
/Users/ayush/Downloads/date-fruit-quality-ml/data/kaggle/grading/Gajar/Large/Grade-2/20.jpg,Gajar,Large,Grade-2,train,/Users/ayush/Downloads/date-fruit-quality-ml/data/quality/grade/train/Grade-2/Gajar__Large__20.jpg,645.4641723632812,262.4646911621094,140408.5
/Users/ayush/Downloads/date-fruit-quality-ml/data/kaggle/grading/Kupro/Large/Grade-3/11.jpg,Kupro,Large,Grade-3,train,/Users/ayush/Downloads/date-fruit-quality-ml/data/quality/grade/train/Grade-3/Kupro__Large__11.jpg,543.4669189453125,372.5699768066406,158772.5
/Users/ayush/Downloads/date-fruit-quality-ml/data/kaggle/grading/Kupro/Large/Grade-2/165.jpg,Kupro,Large,Grade-2,train,/Users/ayush/Downloads/date-fruit-quality-ml/data/quality/grade/train/Grade-2/Kupro__Large__165.jpg,520.7813110351562,365.0669250488281,146993.5
/Users/ayush/Downloads/date-fruit-quality-ml/data/kaggle/grading/Kupro/Large/Grade-2/150.jpg,Kupro,Large,Grade-2,train,/Users/ayush/Downloads/date-fruit-quality-ml/data/quality/grade/train/Grade-2/Kupro__Large__150.jpg,509.1237487792969,341.2517395019531,136136.5
/Users/ayush/Downloads/date-fruit-quality-ml/data/kaggle/grading/Kupro/Large/Grade-3/64.jpg,Kupro,Large,Grade-3,train,/Users/ayush/Downloads/date-fruit-quality-ml/data/quality/grade/train/Grade-3/Kupro__Large__64.jpg,459.84783935546875,353.02392578125,127048.5
/Users/ayush/Downloads/date-fruit-quality-ml/data/kaggle/grading/Aseel/Medium/Grade-1/29.jpg,Aseel,Medium,Grade-1,train,/Users/ayush/Downloads/date-fruit-quality-ml/data/quality/grade/train/Grade-1/Aseel__Medium__29.jpg,479.8329772949219,270.759521484375,106399.0
/Users/ayush/Downloads/date-fruit-quality-ml/data/kaggle/grading/Kupro/Large/Grade-2/117.jpg,Kupro,Large,Grade-2,train,/Users/ayush/Downloads/date-fruit-quality-ml/data/quality/grade/train/Grade-2/Kupro__Large__117.jpg,535.200927734375,373.2089538574219,154463.0
/Users/ayush/Downloads/date-fruit-quality-ml/data/kaggle/grading/Kupro/Large/Grade-1/209.jpg,Kupro,Large,Grade-1,train,/Users/ayush/Downloads/date-fruit-quality-ml/data/quality/grade/train/Grade-1/Kupro__Large__209.jpg,474.1770324707031,338.52117919921875,126000.5
/Users/ayush/Downloads/date-fruit-quality-ml/data/kaggle/grading/Aseel/Medium/Grade-1/135.jpg,Aseel,Medium,Grade-1,train,/Users/ayush/Downloads/date-fruit-quality-ml/data/quality/grade/train/Grade-1/Aseel__Medium__135.jpg,434.9241027832031,325.9573669433594,105695.0
/Users/ayush/Downloads/date-fruit-quality-ml/data/kaggle/grading/Kupro/Large/Grade-2/230.jpg,Kupro,Large,Grade-2,train,/Users/ayush/Downloads/date-fruit-quality-ml/data/quality/grade/train/Grade-2/Kupro__Large__230.jpg,496.3914489746094,329.3012390136719,127631.0
/Users/ayush/Downloads/date-fruit-quality-ml/data/kaggle/grading/Fasli Toto/Medium/Grade-1/146.jpg,Fasli Toto,Medium,Grade-1,train,/Users/ayush/Downloads/date-fruit-quality-ml/data/quality/grade/train/Grade-1/Fasli-Toto__Medium__146.jpg,413.0,300.0,101452.0
/Users/ayush/Downloads/date-fruit-quality-ml/data/kaggle/grading/Aseel/Small/Grade-1/69.jpg,Aseel,Small,Grade-1,train,/Users/ayush/Downloads/date-fruit-quality-ml/data/quality/grade/train/Grade-1/Aseel__Small__69.jpg,449.1309509277344,257.0893249511719,91184.5
/Users/ayush/Downloads/date-fruit-quality-ml/data/kaggle/grading/Gajar/Medium/Grade-1/43.jpg,Gajar,Medium,Grade-1,train,/Users/ayush/Downloads/date-fruit-quality-ml/data/quality/grade/train/Grade-1/Gajar__Medium__43.jpg,592.3950805664062,259.8697509765625,128818.5
/Users/ayush/Downloads/date-fruit-quality-ml/data/kaggle/grading/Aseel/Medium/Grade-1/59.jpg,Aseel,Medium,Grade-1,train,/Users/ayush/Downloads/date-fruit-quality-ml/data/quality/grade/train/Grade-1/Aseel__Medium__59.jpg,488.0,320.0,122827.5
/Users/ayush/Downloads/date-fruit-quality-ml/data/kaggle/grading/Kupro/Large/Grade-2/54.jpg,Kupro,Large,Grade-2,train,/Users/ayush/Downloads/date-fruit-quality-ml/data/quality/grade/train/Grade-2/Kupro__Large__54.jpg,492.94927978515625,343.8398742675781,130592.5
/Users/ayush/Downloads/date-fruit-quality-ml/data/kaggle/grading/Kupro/Large/Grade-1/258.jpg,Kupro,Large,Grade-1,train,/Users/ayush/Downloads/date-fruit-quality-ml/data/quality/grade/train/Grade-1/Kupro__Large__258.jpg,521.081787109375,335.9789733886719,137927.5
/Users/ayush/Downloads/date-fruit-quality-ml/data/kaggle/grading/Gajar/Small/Grade-1/189.jpg,Gajar,Small,Grade-1,train,/Users/ayush/Downloads/date-fruit-quality-ml/data/quality/grade/train/Grade-1/Gajar__Small__189.jpg,592.7356567382812,321.0213317871094,149613.0
/Users/ayush/Downloads/date-fruit-quality-ml/data/kaggle/grading/Fasli Toto/Large/Grade-1/123.jpg,Fasli Toto,Large,Grade-1,train,/Users/ayush/Downloads/date-fruit-quality-ml/data/quality/grade/train/Grade-1/Fasli-Toto__Large__123.jpg,513.1387939453125,289.69622802734375,119334.0
/Users/ayush/Downloads/date-fruit-quality-ml/data/kaggle/grading/Fasli Toto/Large/Grade-1/88.jpg,Fasli Toto,Large,Grade-1,train,/Users/ayush/Downloads/date-fruit-quality-ml/data/quality/grade/train/Grade-1/Fasli-Toto__Large__88.jpg,459.48193359375,322.3357238769531,115524.5
/Users/ayush/Downloads/date-fruit-quality-ml/data/kaggle/grading/Gajar/Small/Grade-3/153.jpg,Gajar,Small,Grade-3,train,/Users/ayush/Downloads/date-fruit-quality-ml/data/quality/grade/train/Grade-3/Gajar__Small__153.jpg,525.7390747070312,232.06024169921875,103923.0
/Users/ayush/Downloads/date-fruit-quality-ml/data/kaggle/grading/Gajar/Small/Grade-1/192.jpg,Gajar,Small,Grade-1,train,/Users/ayush/Downloads/date-fruit-quality-ml/data/quality/grade/train/Grade-1/Gajar__Small__192.jpg,544.6111450195312,248.8490447998047,116948.5
/Users/ayush/Downloads/date-fruit-quality-ml/data/kaggle/grading/Fasli Toto/Medium/Grade-1/122.jpg,Fasli Toto,Medium,Grade-1,train,/Users/ayush/Downloads/date-fruit-quality-ml/data/quality/grade/train/Grade-1/Fasli-Toto__Medium__122.jpg,429.3114929199219,254.17066955566406,90530.0
/Users/ayush/Downloads/date-fruit-quality-ml/data/kaggle/grading/Aseel/Large/Grade-1/121.jpg,Aseel,Large,Grade-1,train,/Users/ayush/Downloads/date-fruit-quality-ml/data/quality/grade/train/Grade-1/Aseel__Large__121.jpg,544.7872314453125,306.96026611328125,137207.5
/Users/ayush/Downloads/date-fruit-quality-ml/data/kaggle/grading/Kupro/Large/Grade-3/99.jpg,Kupro,Large,Grade-3,train,/Users/ayush/Downloads/date-fruit-quality-ml/data/quality/grade/train/Grade-3/Kupro__Large__99.jpg,507.01397705078125,340.928466796875,137225.0
/Users/ayush/Downloads/date-fruit-quality-ml/data/kaggle/grading/Fasli Toto/Large/Grade-1/112.jpg,Fasli Toto,Large,Grade-1,train,/Users/ayush/Downloads/date-fruit-quality-ml/data/quality/grade/train/Grade-1/Fasli-Toto__Large__112.jpg,456.46624755859375,287.22930908203125,105608.5
/Users/ayush/Downloads/date-fruit-quality-ml/data/kaggle/grading/Kupro/Large/Grade-2/324.jpg,Kupro,Large,Grade-2,train,/Users/ayush/Downloads/date-fruit-quality-ml/data/quality/grade/train/Grade-2/Kupro__Large__324.jpg,512.4459838867188,336.0552978515625,134378.0
/Users/ayush/Downloads/date-fruit-quality-ml/data/kaggle/grading/Kupro/Large/Grade-2/347.jpg,Kupro,Large,Grade-2,train,/Users/ayush/Downloads/date-fruit-quality-ml/data/quality/grade/train/Grade-2/Kupro__Large__347.jpg,445.8780212402344,396.731689453125,136888.0
/Users/ayush/Downloads/date-fruit-quality-ml/data/kaggle/grading/Gajar/Medium/Grade-1/70.jpg,Gajar,Medium,Grade-1,train,/Users/ayush/Downloads/date-fruit-quality-ml/data/quality/grade/train/Grade-1/Gajar__Medium__70.jpg,585.5946044921875,271.9248046875,133459.0
/Users/ayush/Downloads/date-fruit-quality-ml/data/kaggle/grading/Gajar/Large/Grade-3/60.jpg,Gajar,Large,Grade-3,train,/Users/ayush/Downloads/date-fruit-quality-ml/data/quality/grade/train/Grade-3/Gajar__Large__60.jpg,592.7449340820312,278.7391357421875,136034.5
/Users/ayush/Downloads/date-fruit-quality-ml/data/kaggle/grading/Gajar/Small/Grade-3/86.jpg,Gajar,Small,Grade-3,train,/Users/ayush/Downloads/date-fruit-quality-ml/data/quality/grade/train/Grade-3/Gajar__Small__86.jpg,594.6761474609375,283.94842529296875,137744.0
/Users/ayush/Downloads/date-fruit-quality-ml/data/kaggle/grading/Kupro/Large/Grade-1/310.jpg,Kupro,Large,Grade-1,train,/Users/ayush/Downloads/date-fruit-quality-ml/data/quality/grade/train/Grade-1/Kupro__Large__310.jpg,529.4368286132812,356.16400146484375,146124.5
/Users/ayush/Downloads/date-fruit-quality-ml/data/kaggle/grading/Gajar/Small/Grade-3/62.jpg,Gajar,Small,Grade-3,train,/Users/ayush/Downloads/date-fruit-quality-ml/data/quality/grade/train/Grade-3/Gajar__Small__62.jpg,569.5523071289062,264.54388427734375,122454.0
/Users/ayush/Downloads/date-fruit-quality-ml/data/kaggle/grading/Gajar/Medium/Grade-2/34.jpg,Gajar,Medium,Grade-2,train,/Users/ayush/Downloads/date-fruit-quality-ml/data/quality/grade/train/Grade-2/Gajar__Medium__34.jpg,576.9207153320312,244.01040649414062,117005.0
/Users/ayush/Downloads/date-fruit-quality-ml/data/kaggle/grading/Kupro/Large/Grade-3/106.jpg,Kupro,Large,Grade-3,train,/Users/ayush/Downloads/date-fruit-quality-ml/data/quality/grade/train/Grade-3/Kupro__Large__106.jpg,471.3319396972656,357.4034423828125,132802.5
/Users/ayush/Downloads/date-fruit-quality-ml/data/kaggle/grading/Gajar/Small/Grade-3/35.jpg,Gajar,Small,Grade-3,train,/Users/ayush/Downloads/date-fruit-quality-ml/data/quality/grade/train/Grade-3/Gajar__Small__35.jpg,549.4417114257812,268.8996276855469,122657.0
/Users/ayush/Downloads/date-fruit-quality-ml/data/kaggle/grading/Gajar/Small/Grade-1/167.jpg,Gajar,Small,Grade-1,train,/Users/ayush/Downloads/date-fruit-quality-ml/data/quality/grade/train/Grade-1/Gajar__Small__167.jpg,565.7294921875,250.00091552734375,116076.0
/Users/ayush/Downloads/date-fruit-quality-ml/data/kaggle/grading/Gajar/Small/Grade-3/10.jpg,Gajar,Small,Grade-3,train,/Users/ayush/Downloads/date-fruit-quality-ml/data/quality/grade/train/Grade-3/Gajar__Small__10.jpg,541.1390991210938,268.91668701171875,120920.5
/Users/ayush/Downloads/date-fruit-quality-ml/data/kaggle/grading/Kupro/Large/Grade-1/244.jpg,Kupro,Large,Grade-1,train,/Users/ayush/Downloads/date-fruit-quality-ml/data/quality/grade/train/Grade-1/Kupro__Large__244.jpg,505.948974609375,336.1248474121094,135697.5
/Users/ayush/Downloads/date-fruit-quality-ml/data/kaggle/grading/Gajar/Medium/Grade-1/180.jpg,Gajar,Medium,Grade-1,train,/Users/ayush/Downloads/date-fruit-quality-ml/data/quality/grade/train/Grade-1/Gajar__Medium__180.jpg,643.6798706054688,283.0796813964844,147512.5
/Users/ayush/Downloads/date-fruit-quality-ml/data/kaggle/grading/Gajar/Small/Grade-3/47.jpg,Gajar,Small,Grade-3,train,/Users/ayush/Downloads/date-fruit-quality-ml/data/quality/grade/train/Grade-3/Gajar__Small__47.jpg,500.3162536621094,237.0201873779297,99985.5
/Users/ayush/Downloads/date-fruit-quality-ml/data/kaggle/grading/Aseel/Small/Grade-1/74.jpg,Aseel,Small,Grade-1,train,/Users/ayush/Downloads/date-fruit-quality-ml/data/quality/grade/train/Grade-1/Aseel__Small__74.jpg,454.2259521484375,254.86019897460938,89734.5
/Users/ayush/Downloads/date-fruit-quality-ml/data/kaggle/grading/Fasli Toto/Small/Grade-1/45.jpg,Fasli Toto,Small,Grade-1,train,/Users/ayush/Downloads/date-fruit-quality-ml/data/quality/grade/train/Grade-1/Fasli-Toto__Small__45.jpg,390.3233642578125,249.79087829589844,78112.0
/Users/ayush/Downloads/date-fruit-quality-ml/data/kaggle/grading/Kupro/Large/Grade-2/104.jpg,Kupro,Large,Grade-2,train,/Users/ayush/Downloads/date-fruit-quality-ml/data/quality/grade/train/Grade-2/Kupro__Large__104.jpg,482.1096496582031,362.1170349121094,136830.0
/Users/ayush/Downloads/date-fruit-quality-ml/data/kaggle/grading/Kupro/Large/Grade-2/175.jpg,Kupro,Large,Grade-2,train,/Users/ayush/Downloads/date-fruit-quality-ml/data/quality/grade/train/Grade-2/Kupro__Large__175.jpg,502.15972900390625,343.59271240234375,137952.5
/Users/ayush/Downloads/date-fruit-quality-ml/data/kaggle/grading/Fasli Toto/Large/Grade-1/45.jpg,Fasli Toto,Large,Grade-1,train,/Users/ayush/Downloads/date-fruit-quality-ml/data/quality/grade/train/Grade-1/Fasli-Toto__Large__45.jpg,518.3562622070312,322.28521728515625,135178.5
/Users/ayush/Downloads/date-fruit-quality-ml/data/kaggle/grading/Aseel/Medium/Grade-1/11.jpg,Aseel,Medium,Grade-1,train,/Users/ayush/Downloads/date-fruit-quality-ml/data/quality/grade/train/Grade-1/Aseel__Medium__11.jpg,497.0,285.0,117343.5
/Users/ayush/Downloads/date-fruit-quality-ml/data/kaggle/grading/Gajar/Small/Grade-3/111.jpg,Gajar,Small,Grade-3,train,/Users/ayush/Downloads/date-fruit-quality-ml/data/quality/grade/train/Grade-3/Gajar__Small__111.jpg,544.1304321289062,253.09413146972656,113707.5
/Users/ayush/Downloads/date-fruit-quality-ml/data/kaggle/grading/Gajar/Small/Grade-3/131.jpg,Gajar,Small,Grade-3,train,/Users/ayush/Downloads/date-fruit-quality-ml/data/quality/grade/train/Grade-3/Gajar__Small__131.jpg,568.9766235351562,262.9078369140625,123120.5
/Users/ayush/Downloads/date-fruit-quality-ml/data/kaggle/grading/Gajar/Medium/Grade-1/175.jpg,Gajar,Medium,Grade-1,train,/Users/ayush/Downloads/date-fruit-quality-ml/data/quality/grade/train/Grade-1/Gajar__Medium__175.jpg,593.9270629882812,277.8435363769531,139307.0
/Users/ayush/Downloads/date-fruit-quality-ml/data/kaggle/grading/Gajar/Small/Grade-3/195.jpg,Gajar,Small,Grade-3,train,/Users/ayush/Downloads/date-fruit-quality-ml/data/quality/grade/train/Grade-3/Gajar__Small__195.jpg,524.607421875,234.85659790039062,105905.0
/Users/ayush/Downloads/date-fruit-quality-ml/data/kaggle/grading/Gajar/Small/Grade-3/139.jpg,Gajar,Small,Grade-3,train,/Users/ayush/Downloads/date-fruit-quality-ml/data/quality/grade/train/Grade-3/Gajar__Small__139.jpg,570.7438354492188,307.4579162597656,141209.5
/Users/ayush/Downloads/date-fruit-quality-ml/data/kaggle/grading/Gajar/Medium/Grade-1/74.jpg,Gajar,Medium,Grade-1,train,/Users/ayush/Downloads/date-fruit-quality-ml/data/quality/grade/train/Grade-1/Gajar__Medium__74.jpg,561.1627807617188,260.8221435546875,126237.0
/Users/ayush/Downloads/date-fruit-quality-ml/data/kaggle/grading/Gajar/Small/Grade-3/112.jpg,Gajar,Small,Grade-3,train,/Users/ayush/Downloads/date-fruit-quality-ml/data/quality/grade/train/Grade-3/Gajar__Small__112.jpg,554.0,248.0,110084.0
/Users/ayush/Downloads/date-fruit-quality-ml/data/kaggle/grading/Gajar/Small/Grade-1/198.jpg,Gajar,Small,Grade-1,train,/Users/ayush/Downloads/date-fruit-quality-ml/data/quality/grade/train/Grade-1/Gajar__Small__198.jpg,565.3016357421875,271.5122375488281,129628.0
/Users/ayush/Downloads/date-fruit-quality-ml/data/kaggle/grading/Kupro/Large/Grade-2/332.jpg,Kupro,Large,Grade-2,train,/Users/ayush/Downloads/date-fruit-quality-ml/data/quality/grade/train/Grade-2/Kupro__Large__332.jpg,489.7377624511719,329.9067077636719,131672.5
/Users/ayush/Downloads/date-fruit-quality-ml/data/kaggle/grading/Gajar/Small/Grade-1/148.jpg,Gajar,Small,Grade-1,train,/Users/ayush/Downloads/date-fruit-quality-ml/data/quality/grade/train/Grade-1/Gajar__Small__148.jpg,520.9038696289062,243.85206604003906,105186.0
/Users/ayush/Downloads/date-fruit-quality-ml/data/kaggle/grading/Kupro/Large/Grade-2/356.jpg,Kupro,Large,Grade-2,train,/Users/ayush/Downloads/date-fruit-quality-ml/data/quality/grade/train/Grade-2/Kupro__Large__356.jpg,544.09619140625,373.4794616699219,154572.5
/Users/ayush/Downloads/date-fruit-quality-ml/data/kaggle/grading/Gajar/Small/Grade-1/160.jpg,Gajar,Small,Grade-1,train,/Users/ayush/Downloads/date-fruit-quality-ml/data/quality/grade/train/Grade-1/Gajar__Small__160.jpg,552.8685913085938,266.8303527832031,127153.5
/Users/ayush/Downloads/date-fruit-quality-ml/data/kaggle/grading/Gajar/Large/Grade-3/117.jpg,Gajar,Large,Grade-3,train,/Users/ayush/Downloads/date-fruit-quality-ml/data/quality/grade/train/Grade-3/Gajar__Large__117.jpg,608.1566162109375,299.41796875,140124.5
/Users/ayush/Downloads/date-fruit-quality-ml/data/kaggle/grading/Kupro/Large/Grade-1/153.jpg,Kupro,Large,Grade-1,train,/Users/ayush/Downloads/date-fruit-quality-ml/data/quality/grade/train/Grade-1/Kupro__Large__153.jpg,472.728271484375,370.14715576171875,138914.0
/Users/ayush/Downloads/date-fruit-quality-ml/data/kaggle/grading/Fasli Toto/Large/Grade-1/27.jpg,Fasli Toto,Large,Grade-1,train,/Users/ayush/Downloads/date-fruit-quality-ml/data/quality/grade/train/Grade-1/Fasli-Toto__Large__27.jpg,453.44622802734375,297.2489318847656,106140.0
/Users/ayush/Downloads/date-fruit-quality-ml/data/kaggle/grading/Gajar/Small/Grade-1/55.jpg,Gajar,Small,Grade-1,train,/Users/ayush/Downloads/date-fruit-quality-ml/data/quality/grade/train/Grade-1/Gajar__Small__55.jpg,539.2115478515625,242.3834228515625,112511.0
/Users/ayush/Downloads/date-fruit-quality-ml/data/kaggle/grading/Aseel/Large/Grade-1/44.jpg,Aseel,Large,Grade-1,train,/Users/ayush/Downloads/date-fruit-quality-ml/data/quality/grade/train/Grade-1/Aseel__Large__44.jpg,509.1114196777344,295.83795166015625,122537.5
/Users/ayush/Downloads/date-fruit-quality-ml/data/kaggle/grading/Gajar/Medium/Grade-1/84.jpg,Gajar,Medium,Grade-1,train,/Users/ayush/Downloads/date-fruit-quality-ml/data/quality/grade/train/Grade-1/Gajar__Medium__84.jpg,532.0,278.0,118146.5
/Users/ayush/Downloads/date-fruit-quality-ml/data/kaggle/grading/Kupro/Large/Grade-1/314.jpg,Kupro,Large,Grade-1,train,/Users/ayush/Downloads/date-fruit-quality-ml/data/quality/grade/train/Grade-1/Kupro__Large__314.jpg,485.6455383300781,372.23822021484375,144622.5
/Users/ayush/Downloads/date-fruit-quality-ml/data/kaggle/grading/Fasli Toto/Large/Grade-1/120.jpg,Fasli Toto,Large,Grade-1,train,/Users/ayush/Downloads/date-fruit-quality-ml/data/quality/grade/train/Grade-1/Fasli-Toto__Large__120.jpg,496.2250061035156,326.3721618652344,124897.5
/Users/ayush/Downloads/date-fruit-quality-ml/data/kaggle/grading/Gajar/Small/Grade-2/127.jpg,Gajar,Small,Grade-2,train,/Users/ayush/Downloads/date-fruit-quality-ml/data/quality/grade/train/Grade-2/Gajar__Small__127.jpg,639.5137939453125,286.3515319824219,142503.5
/Users/ayush/Downloads/date-fruit-quality-ml/data/kaggle/grading/Gajar/Large/Grade-1/133.jpg,Gajar,Large,Grade-1,train,/Users/ayush/Downloads/date-fruit-quality-ml/data/quality/grade/train/Grade-1/Gajar__Large__133.jpg,633.2600708007812,296.3288879394531,152979.0
/Users/ayush/Downloads/date-fruit-quality-ml/data/kaggle/grading/Kupro/Large/Grade-2/92.jpg,Kupro,Large,Grade-2,train,/Users/ayush/Downloads/date-fruit-quality-ml/data/quality/grade/train/Grade-2/Kupro__Large__92.jpg,562.8165893554688,325.72711181640625,144446.0
/Users/ayush/Downloads/date-fruit-quality-ml/data/kaggle/grading/Kupro/Large/Grade-1/162.jpg,Kupro,Large,Grade-1,train,/Users/ayush/Downloads/date-fruit-quality-ml/data/quality/grade/train/Grade-1/Kupro__Large__162.jpg,510.8539123535156,376.41363525390625,149786.0
/Users/ayush/Downloads/date-fruit-quality-ml/data/kaggle/grading/Kupro/Large/Grade-2/285.jpg,Kupro,Large,Grade-2,train,/Users/ayush/Downloads/date-fruit-quality-ml/data/quality/grade/train/Grade-2/Kupro__Large__285.jpg,520.2240600585938,334.7323303222656,136761.5
/Users/ayush/Downloads/date-fruit-quality-ml/data/kaggle/grading/Gajar/Large/Grade-1/80.jpg,Gajar,Large,Grade-1,train,/Users/ayush/Downloads/date-fruit-quality-ml/data/quality/grade/train/Grade-1/Gajar__Large__80.jpg,632.7703857421875,275.027587890625,147044.0
/Users/ayush/Downloads/date-fruit-quality-ml/data/kaggle/grading/Fasli Toto/Medium/Grade-1/40.jpg,Fasli Toto,Medium,Grade-1,train,/Users/ayush/Downloads/date-fruit-quality-ml/data/quality/grade/train/Grade-1/Fasli-Toto__Medium__40.jpg,408.5370788574219,293.7623596191406,91859.0
/Users/ayush/Downloads/date-fruit-quality-ml/data/kaggle/grading/Kupro/Large/Grade-3/57.jpg,Kupro,Large,Grade-3,train,/Users/ayush/Downloads/date-fruit-quality-ml/data/quality/grade/train/Grade-3/Kupro__Large__57.jpg,475.2538146972656,353.211181640625,131716.0
/Users/ayush/Downloads/date-fruit-quality-ml/data/kaggle/grading/Fasli Toto/Large/Grade-1/68.jpg,Fasli Toto,Large,Grade-1,train,/Users/ayush/Downloads/date-fruit-quality-ml/data/quality/grade/train/Grade-1/Fasli-Toto__Large__68.jpg,458.8564758300781,283.4372863769531,106876.0
/Users/ayush/Downloads/date-fruit-quality-ml/data/kaggle/grading/Aseel/Large/Grade-1/11.jpg,Aseel,Large,Grade-1,train,/Users/ayush/Downloads/date-fruit-quality-ml/data/quality/grade/train/Grade-1/Aseel__Large__11.jpg,589.9503784179688,338.5930480957031,154867.5
/Users/ayush/Downloads/date-fruit-quality-ml/data/kaggle/grading/Kupro/Large/Grade-3/66.jpg,Kupro,Large,Grade-3,train,/Users/ayush/Downloads/date-fruit-quality-ml/data/quality/grade/train/Grade-3/Kupro__Large__66.jpg,492.61590576171875,322.3882751464844,127178.0
/Users/ayush/Downloads/date-fruit-quality-ml/data/kaggle/grading/Kupro/Large/Grade-2/295.jpg,Kupro,Large,Grade-2,train,/Users/ayush/Downloads/date-fruit-quality-ml/data/quality/grade/train/Grade-2/Kupro__Large__295.jpg,473.97967529296875,372.5958251953125,141409.5
/Users/ayush/Downloads/date-fruit-quality-ml/data/kaggle/grading/Gajar/Large/Grade-3/69.jpg,Gajar,Large,Grade-3,train,/Users/ayush/Downloads/date-fruit-quality-ml/data/quality/grade/train/Grade-3/Gajar__Large__69.jpg,651.673828125,300.0701904296875,161099.5
/Users/ayush/Downloads/date-fruit-quality-ml/data/kaggle/grading/Gajar/Small/Grade-1/193.jpg,Gajar,Small,Grade-1,train,/Users/ayush/Downloads/date-fruit-quality-ml/data/quality/grade/train/Grade-1/Gajar__Small__193.jpg,553.0,260.0,120105.0
/Users/ayush/Downloads/date-fruit-quality-ml/data/kaggle/grading/Gajar/Small/Grade-1/151.jpg,Gajar,Small,Grade-1,train,/Users/ayush/Downloads/date-fruit-quality-ml/data/quality/grade/train/Grade-1/Gajar__Small__151.jpg,532.9493408203125,279.5886535644531,121049.0
/Users/ayush/Downloads/date-fruit-quality-ml/data/kaggle/grading/Aseel/Medium/Grade-1/134.jpg,Aseel,Medium,Grade-1,train,/Users/ayush/Downloads/date-fruit-quality-ml/data/quality/grade/train/Grade-1/Aseel__Medium__134.jpg,456.0122985839844,315.53900146484375,110858.0
/Users/ayush/Downloads/date-fruit-quality-ml/data/kaggle/grading/Gajar/Small/Grade-3/207.jpg,Gajar,Small,Grade-3,train,/Users/ayush/Downloads/date-fruit-quality-ml/data/quality/grade/train/Grade-3/Gajar__Small__207.jpg,515.5186157226562,260.2253723144531,110324.0
/Users/ayush/Downloads/date-fruit-quality-ml/data/kaggle/grading/Gajar/Small/Grade-2/91.jpg,Gajar,Small,Grade-2,train,/Users/ayush/Downloads/date-fruit-quality-ml/data/quality/grade/train/Grade-2/Gajar__Small__91.jpg,563.76708984375,244.80250549316406,123202.5
/Users/ayush/Downloads/date-fruit-quality-ml/data/kaggle/grading/Gajar/Small/Grade-1/179.jpg,Gajar,Small,Grade-1,train,/Users/ayush/Downloads/date-fruit-quality-ml/data/quality/grade/train/Grade-1/Gajar__Small__179.jpg,531.1742553710938,253.72384643554688,111643.0
/Users/ayush/Downloads/date-fruit-quality-ml/data/kaggle/grading/Gajar/Medium/Grade-2/36.jpg,Gajar,Medium,Grade-2,train,/Users/ayush/Downloads/date-fruit-quality-ml/data/quality/grade/train/Grade-2/Gajar__Medium__36.jpg,568.30322265625,277.0730285644531,129634.0
/Users/ayush/Downloads/date-fruit-quality-ml/data/kaggle/grading/Kupro/Large/Grade-1/191.jpg,Kupro,Large,Grade-1,train,/Users/ayush/Downloads/date-fruit-quality-ml/data/quality/grade/train/Grade-1/Kupro__Large__191.jpg,454.5079345703125,338.32733154296875,119417.0
/Users/ayush/Downloads/date-fruit-quality-ml/data/kaggle/grading/Aseel/Large/Grade-1/135.jpg,Aseel,Large,Grade-1,train,/Users/ayush/Downloads/date-fruit-quality-ml/data/quality/grade/train/Grade-1/Aseel__Large__135.jpg,523.5695190429688,339.2109680175781,131489.0
/Users/ayush/Downloads/date-fruit-quality-ml/data/kaggle/grading/Fasli Toto/Large/Grade-1/2.jpg,Fasli Toto,Large,Grade-1,train,/Users/ayush/Downloads/date-fruit-quality-ml/data/quality/grade/train/Grade-1/Fasli-Toto__Large__2.jpg,451.6349792480469,280.2482604980469,106300.0
/Users/ayush/Downloads/date-fruit-quality-ml/data/kaggle/grading/Gajar/Small/Grade-3/80.jpg,Gajar,Small,Grade-3,train,/Users/ayush/Downloads/date-fruit-quality-ml/data/quality/grade/train/Grade-3/Gajar__Small__80.jpg,535.284912109375,258.1910400390625,115209.0
/Users/ayush/Downloads/date-fruit-quality-ml/data/kaggle/grading/Fasli Toto/Small/Grade-1/41.jpg,Fasli Toto,Small,Grade-1,train,/Users/ayush/Downloads/date-fruit-quality-ml/data/quality/grade/train/Grade-1/Fasli-Toto__Small__41.jpg,390.628662109375,264.024169921875,81780.5
/Users/ayush/Downloads/date-fruit-quality-ml/data/kaggle/grading/Kupro/Large/Grade-2/156.jpg,Kupro,Large,Grade-2,train,/Users/ayush/Downloads/date-fruit-quality-ml/data/quality/grade/train/Grade-2/Kupro__Large__156.jpg,519.0042724609375,356.9604797363281,144942.5
/Users/ayush/Downloads/date-fruit-quality-ml/data/kaggle/grading/Kupro/Large/Grade-2/157.jpg,Kupro,Large,Grade-2,train,/Users/ayush/Downloads/date-fruit-quality-ml/data/quality/grade/train/Grade-2/Kupro__Large__157.jpg,525.1806640625,355.228271484375,144911.0
/Users/ayush/Downloads/date-fruit-quality-ml/data/kaggle/grading/Gajar/Medium/Grade-3/18.jpg,Gajar,Medium,Grade-3,train,/Users/ayush/Downloads/date-fruit-quality-ml/data/quality/grade/train/Grade-3/Gajar__Medium__18.jpg,499.28900146484375,232.81837463378906,100493.0
/Users/ayush/Downloads/date-fruit-quality-ml/data/kaggle/grading/Gajar/Small/Grade-3/101.jpg,Gajar,Small,Grade-3,train,/Users/ayush/Downloads/date-fruit-quality-ml/data/quality/grade/train/Grade-3/Gajar__Small__101.jpg,561.4806518554688,278.4911193847656,131636.5
/Users/ayush/Downloads/date-fruit-quality-ml/data/kaggle/grading/Aseel/Small/Grade-1/40.jpg,Aseel,Small,Grade-1,train,/Users/ayush/Downloads/date-fruit-quality-ml/data/quality/grade/train/Grade-1/Aseel__Small__40.jpg,412.467529296875,266.5929260253906,85712.5
/Users/ayush/Downloads/date-fruit-quality-ml/data/kaggle/grading/Gajar/Small/Grade-2/29.jpg,Gajar,Small,Grade-2,train,/Users/ayush/Downloads/date-fruit-quality-ml/data/quality/grade/train/Grade-2/Gajar__Small__29.jpg,561.9618530273438,265.5416564941406,123756.0
/Users/ayush/Downloads/date-fruit-quality-ml/data/kaggle/grading/Gajar/Small/Grade-3/152.jpg,Gajar,Small,Grade-3,train,/Users/ayush/Downloads/date-fruit-quality-ml/data/quality/grade/train/Grade-3/Gajar__Small__152.jpg,517.839599609375,269.8176574707031,116412.0
/Users/ayush/Downloads/date-fruit-quality-ml/data/kaggle/grading/Gajar/Small/Grade-3/183.jpg,Gajar,Small,Grade-3,train,/Users/ayush/Downloads/date-fruit-quality-ml/data/quality/grade/train/Grade-3/Gajar__Small__183.jpg,520.0,268.0,112183.0
/Users/ayush/Downloads/date-fruit-quality-ml/data/kaggle/grading/Gajar/Small/Grade-2/68.jpg,Gajar,Small,Grade-2,train,/Users/ayush/Downloads/date-fruit-quality-ml/data/quality/grade/train/Grade-2/Gajar__Small__68.jpg,647.0,248.0,126126.5
/Users/ayush/Downloads/date-fruit-quality-ml/data/kaggle/grading/Gajar/Medium/Grade-1/88.jpg,Gajar,Medium,Grade-1,train,/Users/ayush/Downloads/date-fruit-quality-ml/data/quality/grade/train/Grade-1/Gajar__Medium__88.jpg,580.8712158203125,275.6895751953125,133922.0
/Users/ayush/Downloads/date-fruit-quality-ml/data/kaggle/grading/Aseel/Medium/Grade-1/149.jpg,Aseel,Medium,Grade-1,train,/Users/ayush/Downloads/date-fruit-quality-ml/data/quality/grade/train/Grade-1/Aseel__Medium__149.jpg,476.7446594238281,278.0374450683594,107958.0
/Users/ayush/Downloads/date-fruit-quality-ml/data/kaggle/grading/Kupro/Large/Grade-2/44.jpg,Kupro,Large,Grade-2,train,/Users/ayush/Downloads/date-fruit-quality-ml/data/quality/grade/train/Grade-2/Kupro__Large__44.jpg,498.9227600097656,363.1648864746094,144538.0
/Users/ayush/Downloads/date-fruit-quality-ml/data/kaggle/grading/Kupro/Large/Grade-2/334.jpg,Kupro,Large,Grade-2,train,/Users/ayush/Downloads/date-fruit-quality-ml/data/quality/grade/train/Grade-2/Kupro__Large__334.jpg,468.3414306640625,362.14300537109375,136866.5
/Users/ayush/Downloads/date-fruit-quality-ml/data/kaggle/grading/Fasli Toto/Small/Grade-1/67.jpg,Fasli Toto,Small,Grade-1,train,/Users/ayush/Downloads/date-fruit-quality-ml/data/quality/grade/train/Grade-1/Fasli-Toto__Small__67.jpg,360.2640075683594,247.4313201904297,72151.5
/Users/ayush/Downloads/date-fruit-quality-ml/data/kaggle/grading/Gajar/Small/Grade-1/187.jpg,Gajar,Small,Grade-1,train,/Users/ayush/Downloads/date-fruit-quality-ml/data/quality/grade/train/Grade-1/Gajar__Small__187.jpg,545.1058959960938,278.11651611328125,123701.5
/Users/ayush/Downloads/date-fruit-quality-ml/data/kaggle/grading/Gajar/Small/Grade-2/110.jpg,Gajar,Small,Grade-2,train,/Users/ayush/Downloads/date-fruit-quality-ml/data/quality/grade/train/Grade-2/Gajar__Small__110.jpg,536.462890625,284.6810607910156,122933.0
/Users/ayush/Downloads/date-fruit-quality-ml/data/kaggle/grading/Gajar/Medium/Grade-1/100.jpg,Gajar,Medium,Grade-1,train,/Users/ayush/Downloads/date-fruit-quality-ml/data/quality/grade/train/Grade-1/Gajar__Medium__100.jpg,615.1978759765625,256.3310241699219,131548.0
/Users/ayush/Downloads/date-fruit-quality-ml/data/kaggle/grading/Gajar/Small/Grade-2/8.jpg,Gajar,Small,Grade-2,train,/Users/ayush/Downloads/date-fruit-quality-ml/data/quality/grade/train/Grade-2/Gajar__Small__8.jpg,552.5701293945312,248.437744140625,117897.0
/Users/ayush/Downloads/date-fruit-quality-ml/data/kaggle/grading/Aseel/Small/Grade-1/50.jpg,Aseel,Small,Grade-1,train,/Users/ayush/Downloads/date-fruit-quality-ml/data/quality/grade/train/Grade-1/Aseel__Small__50.jpg,425.27276611328125,258.1839294433594,85177.0
/Users/ayush/Downloads/date-fruit-quality-ml/data/kaggle/grading/Fasli Toto/Large/Grade-1/7.jpg,Fasli Toto,Large,Grade-1,train,/Users/ayush/Downloads/date-fruit-quality-ml/data/quality/grade/train/Grade-1/Fasli-Toto__Large__7.jpg,446.50634765625,306.9792175292969,106535.0
/Users/ayush/Downloads/date-fruit-quality-ml/data/kaggle/grading/Kupro/Large/Grade-2/148.jpg,Kupro,Large,Grade-2,train,/Users/ayush/Downloads/date-fruit-quality-ml/data/quality/grade/train/Grade-2/Kupro__Large__148.jpg,512.9263305664062,344.5837097167969,138803.5
/Users/ayush/Downloads/date-fruit-quality-ml/data/kaggle/grading/Gajar/Medium/Grade-3/29.jpg,Gajar,Medium,Grade-3,train,/Users/ayush/Downloads/date-fruit-quality-ml/data/quality/grade/train/Grade-3/Gajar__Medium__29.jpg,586.471923828125,286.9151611328125,137325.5
/Users/ayush/Downloads/date-fruit-quality-ml/data/kaggle/grading/Aseel/Small/Grade-1/149.jpg,Aseel,Small,Grade-1,train,/Users/ayush/Downloads/date-fruit-quality-ml/data/quality/grade/train/Grade-1/Aseel__Small__149.jpg,461.302734375,256.3601379394531,94631.5
/Users/ayush/Downloads/date-fruit-quality-ml/data/kaggle/grading/Aseel/Small/Grade-1/153.jpg,Aseel,Small,Grade-1,train,/Users/ayush/Downloads/date-fruit-quality-ml/data/quality/grade/train/Grade-1/Aseel__Small__153.jpg,452.1973876953125,261.6651916503906,91788.5
/Users/ayush/Downloads/date-fruit-quality-ml/data/kaggle/grading/Gajar/Small/Grade-2/27.jpg,Gajar,Small,Grade-2,train,/Users/ayush/Downloads/date-fruit-quality-ml/data/quality/grade/train/Grade-2/Gajar__Small__27.jpg,580.1756591796875,277.111328125,132173.5
/Users/ayush/Downloads/date-fruit-quality-ml/data/kaggle/grading/Fasli Toto/Large/Grade-1/19.jpg,Fasli Toto,Large,Grade-1,train,/Users/ayush/Downloads/date-fruit-quality-ml/data/quality/grade/train/Grade-1/Fasli-Toto__Large__19.jpg,436.845458984375,301.979736328125,104843.5
/Users/ayush/Downloads/date-fruit-quality-ml/data/kaggle/grading/Kupro/Large/Grade-1/293.jpg,Kupro,Large,Grade-1,train,/Users/ayush/Downloads/date-fruit-quality-ml/data/quality/grade/train/Grade-1/Kupro__Large__293.jpg,510.2315673828125,360.3834228515625,143675.5
/Users/ayush/Downloads/date-fruit-quality-ml/data/kaggle/grading/Kupro/Large/Grade-1/117.jpg,Kupro,Large,Grade-1,train,/Users/ayush/Downloads/date-fruit-quality-ml/data/quality/grade/train/Grade-1/Kupro__Large__117.jpg,508.0,348.0,136888.0
/Users/ayush/Downloads/date-fruit-quality-ml/data/kaggle/grading/Kupro/Large/Grade-1/239.jpg,Kupro,Large,Grade-1,train,/Users/ayush/Downloads/date-fruit-quality-ml/data/quality/grade/train/Grade-1/Kupro__Large__239.jpg,499.0,371.0,146722.5
/Users/ayush/Downloads/date-fruit-quality-ml/data/kaggle/grading/Gajar/Large/Grade-1/109.jpg,Gajar,Large,Grade-1,train,/Users/ayush/Downloads/date-fruit-quality-ml/data/quality/grade/train/Grade-1/Gajar__Large__109.jpg,633.8558349609375,275.086669921875,145022.5
/Users/ayush/Downloads/date-fruit-quality-ml/data/kaggle/grading/Gajar/Large/Grade-1/149.jpg,Gajar,Large,Grade-1,train,/Users/ayush/Downloads/date-fruit-quality-ml/data/quality/grade/train/Grade-1/Gajar__Large__149.jpg,616.45263671875,262.08538818359375,134528.0
/Users/ayush/Downloads/date-fruit-quality-ml/data/kaggle/grading/Fasli Toto/Medium/Grade-1/81.jpg,Fasli Toto,Medium,Grade-1,train,/Users/ayush/Downloads/date-fruit-quality-ml/data/quality/grade/train/Grade-1/Fasli-Toto__Medium__81.jpg,386.263671875,287.66363525390625,88560.5
/Users/ayush/Downloads/date-fruit-quality-ml/data/kaggle/grading/Kupro/Large/Grade-2/345.jpg,Kupro,Large,Grade-2,train,/Users/ayush/Downloads/date-fruit-quality-ml/data/quality/grade/train/Grade-2/Kupro__Large__345.jpg,445.2393493652344,362.828369140625,131507.5
/Users/ayush/Downloads/date-fruit-quality-ml/data/kaggle/grading/Gajar/Large/Grade-2/74.jpg,Gajar,Large,Grade-2,train,/Users/ayush/Downloads/date-fruit-quality-ml/data/quality/grade/train/Grade-2/Gajar__Large__74.jpg,637.1751708984375,298.379638671875,152585.5
/Users/ayush/Downloads/date-fruit-quality-ml/data/kaggle/grading/Kupro/Large/Grade-1/309.jpg,Kupro,Large,Grade-1,train,/Users/ayush/Downloads/date-fruit-quality-ml/data/quality/grade/train/Grade-1/Kupro__Large__309.jpg,529.0570678710938,354.4650573730469,146945.5
/Users/ayush/Downloads/date-fruit-quality-ml/data/kaggle/grading/Kupro/Large/Grade-3/20.jpg,Kupro,Large,Grade-3,train,/Users/ayush/Downloads/date-fruit-quality-ml/data/quality/grade/train/Grade-3/Kupro__Large__20.jpg,500.0,356.0,140640.5
/Users/ayush/Downloads/date-fruit-quality-ml/data/kaggle/grading/Gajar/Small/Grade-3/67.jpg,Gajar,Small,Grade-3,train,/Users/ayush/Downloads/date-fruit-quality-ml/data/quality/grade/train/Grade-3/Gajar__Small__67.jpg,537.3649291992188,259.6799011230469,118158.5
/Users/ayush/Downloads/date-fruit-quality-ml/data/kaggle/grading/Gajar/Large/Grade-1/7.jpg,Gajar,Large,Grade-1,train,/Users/ayush/Downloads/date-fruit-quality-ml/data/quality/grade/train/Grade-1/Gajar__Large__7.jpg,611.961669921875,292.4115905761719,146453.0
/Users/ayush/Downloads/date-fruit-quality-ml/data/kaggle/grading/Gajar/Medium/Grade-3/48.jpg,Gajar,Medium,Grade-3,train,/Users/ayush/Downloads/date-fruit-quality-ml/data/quality/grade/train/Grade-3/Gajar__Medium__48.jpg,585.95654296875,259.1071472167969,121928.5
/Users/ayush/Downloads/date-fruit-quality-ml/data/kaggle/grading/Fasli Toto/Small/Grade-1/7.jpg,Fasli Toto,Small,Grade-1,train,/Users/ayush/Downloads/date-fruit-quality-ml/data/quality/grade/train/Grade-1/Fasli-Toto__Small__7.jpg,379.0,267.0,80312.5
/Users/ayush/Downloads/date-fruit-quality-ml/data/kaggle/grading/Aseel/Medium/Grade-1/45.jpg,Aseel,Medium,Grade-1,train,/Users/ayush/Downloads/date-fruit-quality-ml/data/quality/grade/train/Grade-1/Aseel__Medium__45.jpg,471.6064758300781,292.8537292480469,111942.0
/Users/ayush/Downloads/date-fruit-quality-ml/data/kaggle/grading/Gajar/Large/Grade-3/70.jpg,Gajar,Large,Grade-3,train,/Users/ayush/Downloads/date-fruit-quality-ml/data/quality/grade/train/Grade-3/Gajar__Large__70.jpg,581.660888671875,301.018798828125,142438.0
/Users/ayush/Downloads/date-fruit-quality-ml/data/kaggle/grading/Gajar/Small/Grade-1/97.jpg,Gajar,Small,Grade-1,train,/Users/ayush/Downloads/date-fruit-quality-ml/data/quality/grade/train/Grade-1/Gajar__Small__97.jpg,574.248291015625,237.9134521484375,112288.5
/Users/ayush/Downloads/date-fruit-quality-ml/data/kaggle/grading/Fasli Toto/Large/Grade-1/106.jpg,Fasli Toto,Large,Grade-1,train,/Users/ayush/Downloads/date-fruit-quality-ml/data/quality/grade/train/Grade-1/Fasli-Toto__Large__106.jpg,508.95928955078125,331.90313720703125,128863.0
/Users/ayush/Downloads/date-fruit-quality-ml/data/kaggle/grading/Aseel/Medium/Grade-1/58.jpg,Aseel,Medium,Grade-1,train,/Users/ayush/Downloads/date-fruit-quality-ml/data/quality/grade/train/Grade-1/Aseel__Medium__58.jpg,503.0,307.0,121304.0
/Users/ayush/Downloads/date-fruit-quality-ml/data/kaggle/grading/Aseel/Large/Grade-1/22.jpg,Aseel,Large,Grade-1,train,/Users/ayush/Downloads/date-fruit-quality-ml/data/quality/grade/train/Grade-1/Aseel__Large__22.jpg,509.5411071777344,301.22747802734375,124088.0
/Users/ayush/Downloads/date-fruit-quality-ml/data/kaggle/grading/Gajar/Medium/Grade-1/3.jpg,Gajar,Medium,Grade-1,train,/Users/ayush/Downloads/date-fruit-quality-ml/data/quality/grade/train/Grade-1/Gajar__Medium__3.jpg,597.7802124023438,269.59124755859375,137485.5
/Users/ayush/Downloads/date-fruit-quality-ml/data/kaggle/grading/Kupro/Large/Grade-2/305.jpg,Kupro,Large,Grade-2,train,/Users/ayush/Downloads/date-fruit-quality-ml/data/quality/grade/train/Grade-2/Kupro__Large__305.jpg,548.9352416992188,350.4499816894531,150985.5
/Users/ayush/Downloads/date-fruit-quality-ml/data/kaggle/grading/Gajar/Large/Grade-1/145.jpg,Gajar,Large,Grade-1,train,/Users/ayush/Downloads/date-fruit-quality-ml/data/quality/grade/train/Grade-1/Gajar__Large__145.jpg,652.9847412109375,272.70721435546875,146651.0
/Users/ayush/Downloads/date-fruit-quality-ml/data/kaggle/grading/Kupro/Large/Grade-2/105.jpg,Kupro,Large,Grade-2,train,/Users/ayush/Downloads/date-fruit-quality-ml/data/quality/grade/train/Grade-2/Kupro__Large__105.jpg,495.0151672363281,352.4042663574219,136977.0
/Users/ayush/Downloads/date-fruit-quality-ml/data/kaggle/grading/Gajar/Small/Grade-3/50.jpg,Gajar,Small,Grade-3,train,/Users/ayush/Downloads/date-fruit-quality-ml/data/quality/grade/train/Grade-3/Gajar__Small__50.jpg,586.7362060546875,266.0438537597656,130069.5
/Users/ayush/Downloads/date-fruit-quality-ml/data/kaggle/grading/Kupro/Large/Grade-2/202.jpg,Kupro,Large,Grade-2,train,/Users/ayush/Downloads/date-fruit-quality-ml/data/quality/grade/train/Grade-2/Kupro__Large__202.jpg,416.5465393066406,355.4364929199219,115430.5
/Users/ayush/Downloads/date-fruit-quality-ml/data/kaggle/grading/Kupro/Large/Grade-1/10.jpg,Kupro,Large,Grade-1,train,/Users/ayush/Downloads/date-fruit-quality-ml/data/quality/grade/train/Grade-1/Kupro__Large__10.jpg,539.6444702148438,359.9002990722656,151114.5
/Users/ayush/Downloads/date-fruit-quality-ml/data/kaggle/grading/Gajar/Medium/Grade-3/70.jpg,Gajar,Medium,Grade-3,train,/Users/ayush/Downloads/date-fruit-quality-ml/data/quality/grade/train/Grade-3/Gajar__Medium__70.jpg,626.9486694335938,263.332763671875,138528.5
/Users/ayush/Downloads/date-fruit-quality-ml/data/kaggle/grading/Gajar/Medium/Grade-3/28.jpg,Gajar,Medium,Grade-3,train,/Users/ayush/Downloads/date-fruit-quality-ml/data/quality/grade/train/Grade-3/Gajar__Medium__28.jpg,601.8406372070312,252.83372497558594,119460.0
/Users/ayush/Downloads/date-fruit-quality-ml/data/kaggle/grading/Kupro/Large/Grade-2/317.jpg,Kupro,Large,Grade-2,train,/Users/ayush/Downloads/date-fruit-quality-ml/data/quality/grade/train/Grade-2/Kupro__Large__317.jpg,508.0,369.0,141568.0
/Users/ayush/Downloads/date-fruit-quality-ml/data/kaggle/grading/Fasli Toto/Large/Grade-1/143.jpg,Fasli Toto,Large,Grade-1,train,/Users/ayush/Downloads/date-fruit-quality-ml/data/quality/grade/train/Grade-1/Fasli-Toto__Large__143.jpg,521.1097412109375,312.3770751953125,131311.0
/Users/ayush/Downloads/date-fruit-quality-ml/data/kaggle/grading/Kupro/Large/Grade-2/122.jpg,Kupro,Large,Grade-2,train,/Users/ayush/Downloads/date-fruit-quality-ml/data/quality/grade/train/Grade-2/Kupro__Large__122.jpg,506.0088195800781,348.734375,135392.0
/Users/ayush/Downloads/date-fruit-quality-ml/data/kaggle/grading/Kupro/Large/Grade-2/121.jpg,Kupro,Large,Grade-2,train,/Users/ayush/Downloads/date-fruit-quality-ml/data/quality/grade/train/Grade-2/Kupro__Large__121.jpg,494.43585205078125,349.2248229980469,136709.5
/Users/ayush/Downloads/date-fruit-quality-ml/data/kaggle/grading/Fasli Toto/Medium/Grade-1/153.jpg,Fasli Toto,Medium,Grade-1,train,/Users/ayush/Downloads/date-fruit-quality-ml/data/quality/grade/train/Grade-1/Fasli-Toto__Medium__153.jpg,445.66485595703125,260.64434814453125,96986.5
/Users/ayush/Downloads/date-fruit-quality-ml/data/kaggle/grading/Fasli Toto/Small/Grade-1/79.jpg,Fasli Toto,Small,Grade-1,train,/Users/ayush/Downloads/date-fruit-quality-ml/data/quality/grade/train/Grade-1/Fasli-Toto__Small__79.jpg,390.3909912109375,270.1829528808594,80505.0
/Users/ayush/Downloads/date-fruit-quality-ml/data/kaggle/grading/Fasli Toto/Large/Grade-1/67.jpg,Fasli Toto,Large,Grade-1,train,/Users/ayush/Downloads/date-fruit-quality-ml/data/quality/grade/train/Grade-1/Fasli-Toto__Large__67.jpg,460.23992919921875,326.89666748046875,120575.0
/Users/ayush/Downloads/date-fruit-quality-ml/data/kaggle/grading/Gajar/Large/Grade-1/9.jpg,Gajar,Large,Grade-1,train,/Users/ayush/Downloads/date-fruit-quality-ml/data/quality/grade/train/Grade-1/Gajar__Large__9.jpg,587.8401489257812,290.5894470214844,140401.0
/Users/ayush/Downloads/date-fruit-quality-ml/data/kaggle/grading/Kupro/Large/Grade-1/88.jpg,Kupro,Large,Grade-1,train,/Users/ayush/Downloads/date-fruit-quality-ml/data/quality/grade/train/Grade-1/Kupro__Large__88.jpg,467.1835021972656,342.7943420410156,126388.5
/Users/ayush/Downloads/date-fruit-quality-ml/data/kaggle/grading/Gajar/Medium/Grade-1/93.jpg,Gajar,Medium,Grade-1,train,/Users/ayush/Downloads/date-fruit-quality-ml/data/quality/grade/train/Grade-1/Gajar__Medium__93.jpg,542.9456176757812,239.6670684814453,109302.5
/Users/ayush/Downloads/date-fruit-quality-ml/data/kaggle/grading/Kupro/Large/Grade-2/366.jpg,Kupro,Large,Grade-2,train,/Users/ayush/Downloads/date-fruit-quality-ml/data/quality/grade/train/Grade-2/Kupro__Large__366.jpg,454.48345947265625,351.7544250488281,125490.5
/Users/ayush/Downloads/date-fruit-quality-ml/data/kaggle/grading/Kupro/Large/Grade-1/80.jpg,Kupro,Large,Grade-1,train,/Users/ayush/Downloads/date-fruit-quality-ml/data/quality/grade/train/Grade-1/Kupro__Large__80.jpg,532.1985473632812,337.8111267089844,143182.0
/Users/ayush/Downloads/date-fruit-quality-ml/data/kaggle/grading/Gajar/Large/Grade-3/16.jpg,Gajar,Large,Grade-3,train,/Users/ayush/Downloads/date-fruit-quality-ml/data/quality/grade/train/Grade-3/Gajar__Large__16.jpg,614.625,299.2054748535156,157345.5
/Users/ayush/Downloads/date-fruit-quality-ml/data/kaggle/grading/Kupro/Large/Grade-1/76.jpg,Kupro,Large,Grade-1,train,/Users/ayush/Downloads/date-fruit-quality-ml/data/quality/grade/train/Grade-1/Kupro__Large__76.jpg,536.6642456054688,340.2362976074219,144384.5
/Users/ayush/Downloads/date-fruit-quality-ml/data/kaggle/grading/Kupro/Large/Grade-2/273.jpg,Kupro,Large,Grade-2,train,/Users/ayush/Downloads/date-fruit-quality-ml/data/quality/grade/train/Grade-2/Kupro__Large__273.jpg,499.898193359375,329.607421875,130274.0
/Users/ayush/Downloads/date-fruit-quality-ml/data/kaggle/grading/Gajar/Large/Grade-1/79.jpg,Gajar,Large,Grade-1,train,/Users/ayush/Downloads/date-fruit-quality-ml/data/quality/grade/train/Grade-1/Gajar__Large__79.jpg,602.5211791992188,258.43634033203125,133022.5
/Users/ayush/Downloads/date-fruit-quality-ml/data/kaggle/grading/Fasli Toto/Large/Grade-1/136.jpg,Fasli Toto,Large,Grade-1,train,/Users/ayush/Downloads/date-fruit-quality-ml/data/quality/grade/train/Grade-1/Fasli-Toto__Large__136.jpg,515.4899291992188,319.2218933105469,133221.0
/Users/ayush/Downloads/date-fruit-quality-ml/data/kaggle/grading/Gajar/Medium/Grade-1/104.jpg,Gajar,Medium,Grade-1,train,/Users/ayush/Downloads/date-fruit-quality-ml/data/quality/grade/train/Grade-1/Gajar__Medium__104.jpg,606.0961303710938,250.15731811523438,128512.5
/Users/ayush/Downloads/date-fruit-quality-ml/data/kaggle/grading/Kupro/Large/Grade-2/315.jpg,Kupro,Large,Grade-2,train,/Users/ayush/Downloads/date-fruit-quality-ml/data/quality/grade/train/Grade-2/Kupro__Large__315.jpg,553.97314453125,355.6198425292969,147370.0
/Users/ayush/Downloads/date-fruit-quality-ml/data/kaggle/grading/Gajar/Small/Grade-2/72.jpg,Gajar,Small,Grade-2,train,/Users/ayush/Downloads/date-fruit-quality-ml/data/quality/grade/train/Grade-2/Gajar__Small__72.jpg,588.4329223632812,277.76904296875,139929.5
/Users/ayush/Downloads/date-fruit-quality-ml/data/kaggle/grading/Kupro/Large/Grade-2/98.jpg,Kupro,Large,Grade-2,train,/Users/ayush/Downloads/date-fruit-quality-ml/data/quality/grade/train/Grade-2/Kupro__Large__98.jpg,492.0,344.0,133330.0
/Users/ayush/Downloads/date-fruit-quality-ml/data/kaggle/grading/Gajar/Large/Grade-3/23.jpg,Gajar,Large,Grade-3,train,/Users/ayush/Downloads/date-fruit-quality-ml/data/quality/grade/train/Grade-3/Gajar__Large__23.jpg,621.0,236.48922729492188,123479.0
/Users/ayush/Downloads/date-fruit-quality-ml/data/kaggle/grading/Gajar/Small/Grade-1/68.jpg,Gajar,Small,Grade-1,train,/Users/ayush/Downloads/date-fruit-quality-ml/data/quality/grade/train/Grade-1/Gajar__Small__68.jpg,519.9645385742188,283.5023498535156,119185.0
/Users/ayush/Downloads/date-fruit-quality-ml/data/kaggle/grading/Fasli Toto/Medium/Grade-1/83.jpg,Fasli Toto,Medium,Grade-1,train,/Users/ayush/Downloads/date-fruit-quality-ml/data/quality/grade/train/Grade-1/Fasli-Toto__Medium__83.jpg,417.0127258300781,296.6882629394531,96686.0
/Users/ayush/Downloads/date-fruit-quality-ml/data/kaggle/grading/Gajar/Small/Grade-3/85.jpg,Gajar,Small,Grade-3,train,/Users/ayush/Downloads/date-fruit-quality-ml/data/quality/grade/train/Grade-3/Gajar__Small__85.jpg,559.1832885742188,281.4354553222656,131655.0
/Users/ayush/Downloads/date-fruit-quality-ml/data/kaggle/grading/Gajar/Small/Grade-1/47.jpg,Gajar,Small,Grade-1,train,/Users/ayush/Downloads/date-fruit-quality-ml/data/quality/grade/train/Grade-1/Gajar__Small__47.jpg,598.298828125,264.4793395996094,135497.0
/Users/ayush/Downloads/date-fruit-quality-ml/data/kaggle/grading/Kupro/Large/Grade-2/191.jpg,Kupro,Large,Grade-2,train,/Users/ayush/Downloads/date-fruit-quality-ml/data/quality/grade/train/Grade-2/Kupro__Large__191.jpg,560.6106567382812,339.9139709472656,146196.0
/Users/ayush/Downloads/date-fruit-quality-ml/data/kaggle/grading/Aseel/Large/Grade-1/105.jpg,Aseel,Large,Grade-1,train,/Users/ayush/Downloads/date-fruit-quality-ml/data/quality/grade/train/Grade-1/Aseel__Large__105.jpg,514.4094848632812,309.7405090332031,129072.5
/Users/ayush/Downloads/date-fruit-quality-ml/data/kaggle/grading/Kupro/Large/Grade-2/112.jpg,Kupro,Large,Grade-2,train,/Users/ayush/Downloads/date-fruit-quality-ml/data/quality/grade/train/Grade-2/Kupro__Large__112.jpg,491.9544982910156,368.9927978515625,150269.5
/Users/ayush/Downloads/date-fruit-quality-ml/data/kaggle/grading/Kupro/Large/Grade-2/183.jpg,Kupro,Large,Grade-2,train,/Users/ayush/Downloads/date-fruit-quality-ml/data/quality/grade/train/Grade-2/Kupro__Large__183.jpg,473.45404052734375,325.5313415527344,118895.5
/Users/ayush/Downloads/date-fruit-quality-ml/data/kaggle/grading/Gajar/Small/Grade-1/183.jpg,Gajar,Small,Grade-1,train,/Users/ayush/Downloads/date-fruit-quality-ml/data/quality/grade/train/Grade-1/Gajar__Small__183.jpg,546.9554443359375,277.3410949707031,122710.0
/Users/ayush/Downloads/date-fruit-quality-ml/data/kaggle/grading/Fasli Toto/Large/Grade-1/145.jpg,Fasli Toto,Large,Grade-1,train,/Users/ayush/Downloads/date-fruit-quality-ml/data/quality/grade/train/Grade-1/Fasli-Toto__Large__145.jpg,471.811767578125,333.9365234375,123504.0
/Users/ayush/Downloads/date-fruit-quality-ml/data/kaggle/grading/Gajar/Small/Grade-2/31.jpg,Gajar,Small,Grade-2,train,/Users/ayush/Downloads/date-fruit-quality-ml/data/quality/grade/train/Grade-2/Gajar__Small__31.jpg,555.4570922851562,275.5144348144531,124367.0
/Users/ayush/Downloads/date-fruit-quality-ml/data/kaggle/grading/Gajar/Medium/Grade-3/37.jpg,Gajar,Medium,Grade-3,train,/Users/ayush/Downloads/date-fruit-quality-ml/data/quality/grade/train/Grade-3/Gajar__Medium__37.jpg,525.3878784179688,250.32302856445312,107789.0
/Users/ayush/Downloads/date-fruit-quality-ml/data/kaggle/grading/Gajar/Medium/Grade-1/83.jpg,Gajar,Medium,Grade-1,train,/Users/ayush/Downloads/date-fruit-quality-ml/data/quality/grade/train/Grade-1/Gajar__Medium__83.jpg,582.0278930664062,273.6502380371094,133752.5
/Users/ayush/Downloads/date-fruit-quality-ml/data/kaggle/grading/Fasli Toto/Medium/Grade-1/58.jpg,Fasli Toto,Medium,Grade-1,train,/Users/ayush/Downloads/date-fruit-quality-ml/data/quality/grade/train/Grade-1/Fasli-Toto__Medium__58.jpg,426.0,286.0,94374.5
/Users/ayush/Downloads/date-fruit-quality-ml/data/kaggle/grading/Fasli Toto/Small/Grade-1/18.jpg,Fasli Toto,Small,Grade-1,train,/Users/ayush/Downloads/date-fruit-quality-ml/data/quality/grade/train/Grade-1/Fasli-Toto__Small__18.jpg,357.46044921875,297.3031311035156,82663.0
/Users/ayush/Downloads/date-fruit-quality-ml/data/kaggle/grading/Gajar/Small/Grade-2/108.jpg,Gajar,Small,Grade-2,train,/Users/ayush/Downloads/date-fruit-quality-ml/data/quality/grade/train/Grade-2/Gajar__Small__108.jpg,534.5205078125,242.24061584472656,111236.0
/Users/ayush/Downloads/date-fruit-quality-ml/data/kaggle/grading/Aseel/Large/Grade-1/97.jpg,Aseel,Large,Grade-1,train,/Users/ayush/Downloads/date-fruit-quality-ml/data/quality/grade/train/Grade-1/Aseel__Large__97.jpg,556.6514892578125,327.77325439453125,143701.0
/Users/ayush/Downloads/date-fruit-quality-ml/data/kaggle/grading/Kupro/Large/Grade-1/199.jpg,Kupro,Large,Grade-1,train,/Users/ayush/Downloads/date-fruit-quality-ml/data/quality/grade/train/Grade-1/Kupro__Large__199.jpg,510.53192138671875,353.3567199707031,140758.0
/Users/ayush/Downloads/date-fruit-quality-ml/data/kaggle/grading/Gajar/Small/Grade-1/2.jpg,Gajar,Small,Grade-1,train,/Users/ayush/Downloads/date-fruit-quality-ml/data/quality/grade/train/Grade-1/Gajar__Small__2.jpg,574.8338623046875,242.2866973876953,121266.0
/Users/ayush/Downloads/date-fruit-quality-ml/data/kaggle/grading/Aseel/Large/Grade-1/46.jpg,Aseel,Large,Grade-1,train,/Users/ayush/Downloads/date-fruit-quality-ml/data/quality/grade/train/Grade-1/Aseel__Large__46.jpg,568.0502319335938,276.26739501953125,124622.0
/Users/ayush/Downloads/date-fruit-quality-ml/data/kaggle/grading/Kupro/Large/Grade-1/84.jpg,Kupro,Large,Grade-1,train,/Users/ayush/Downloads/date-fruit-quality-ml/data/quality/grade/train/Grade-1/Kupro__Large__84.jpg,483.8722229003906,347.6938781738281,132139.0
/Users/ayush/Downloads/date-fruit-quality-ml/data/kaggle/grading/Kupro/Large/Grade-1/123.jpg,Kupro,Large,Grade-1,train,/Users/ayush/Downloads/date-fruit-quality-ml/data/quality/grade/train/Grade-1/Kupro__Large__123.jpg,534.3763427734375,345.35150146484375,141969.0
/Users/ayush/Downloads/date-fruit-quality-ml/data/kaggle/grading/Aseel/Medium/Grade-1/18.jpg,Aseel,Medium,Grade-1,train,/Users/ayush/Downloads/date-fruit-quality-ml/data/quality/grade/train/Grade-1/Aseel__Medium__18.jpg,509.650146484375,294.7284240722656,118278.0
/Users/ayush/Downloads/date-fruit-quality-ml/data/kaggle/grading/Gajar/Small/Grade-2/126.jpg,Gajar,Small,Grade-2,train,/Users/ayush/Downloads/date-fruit-quality-ml/data/quality/grade/train/Grade-2/Gajar__Small__126.jpg,609.0874633789062,273.9136962890625,136065.0
/Users/ayush/Downloads/date-fruit-quality-ml/data/kaggle/grading/Gajar/Large/Grade-3/87.jpg,Gajar,Large,Grade-3,train,/Users/ayush/Downloads/date-fruit-quality-ml/data/quality/grade/train/Grade-3/Gajar__Large__87.jpg,645.8422241210938,276.64825439453125,145616.5
/Users/ayush/Downloads/date-fruit-quality-ml/data/kaggle/grading/Kupro/Large/Grade-3/78.jpg,Kupro,Large,Grade-3,train,/Users/ayush/Downloads/date-fruit-quality-ml/data/quality/grade/train/Grade-3/Kupro__Large__78.jpg,480.50164794921875,368.2699279785156,139810.5
/Users/ayush/Downloads/date-fruit-quality-ml/data/kaggle/grading/Gajar/Small/Grade-3/93.jpg,Gajar,Small,Grade-3,train,/Users/ayush/Downloads/date-fruit-quality-ml/data/quality/grade/train/Grade-3/Gajar__Small__93.jpg,558.0,257.0,120967.0
/Users/ayush/Downloads/date-fruit-quality-ml/data/kaggle/grading/Kupro/Large/Grade-2/206.jpg,Kupro,Large,Grade-2,train,/Users/ayush/Downloads/date-fruit-quality-ml/data/quality/grade/train/Grade-2/Kupro__Large__206.jpg,526.4179077148438,358.78692626953125,146547.5
/Users/ayush/Downloads/date-fruit-quality-ml/data/kaggle/grading/Kupro/Large/Grade-1/104.jpg,Kupro,Large,Grade-1,train,/Users/ayush/Downloads/date-fruit-quality-ml/data/quality/grade/train/Grade-1/Kupro__Large__104.jpg,469.8804626464844,346.5708312988281,127385.0
/Users/ayush/Downloads/date-fruit-quality-ml/data/kaggle/grading/Fasli Toto/Large/Grade-1/26.jpg,Fasli Toto,Large,Grade-1,train,/Users/ayush/Downloads/date-fruit-quality-ml/data/quality/grade/train/Grade-1/Fasli-Toto__Large__26.jpg,439.6000061035156,282.04705810546875,102112.0
/Users/ayush/Downloads/date-fruit-quality-ml/data/kaggle/grading/Kupro/Large/Grade-1/257.jpg,Kupro,Large,Grade-1,train,/Users/ayush/Downloads/date-fruit-quality-ml/data/quality/grade/train/Grade-1/Kupro__Large__257.jpg,509.27978515625,340.97015380859375,133250.5
/Users/ayush/Downloads/date-fruit-quality-ml/data/kaggle/grading/Gajar/Medium/Grade-2/28.jpg,Gajar,Medium,Grade-2,train,/Users/ayush/Downloads/date-fruit-quality-ml/data/quality/grade/train/Grade-2/Gajar__Medium__28.jpg,576.0,252.0,113835.0
/Users/ayush/Downloads/date-fruit-quality-ml/data/kaggle/grading/Aseel/Medium/Grade-1/152.jpg,Aseel,Medium,Grade-1,train,/Users/ayush/Downloads/date-fruit-quality-ml/data/quality/grade/train/Grade-1/Aseel__Medium__152.jpg,458.7113037109375,307.64495849609375,106001.5
/Users/ayush/Downloads/date-fruit-quality-ml/data/kaggle/grading/Kupro/Large/Grade-1/322.jpg,Kupro,Large,Grade-1,train,/Users/ayush/Downloads/date-fruit-quality-ml/data/quality/grade/train/Grade-1/Kupro__Large__322.jpg,475.8587951660156,328.38946533203125,120986.5
/Users/ayush/Downloads/date-fruit-quality-ml/data/kaggle/grading/Gajar/Large/Grade-2/1.jpg,Gajar,Large,Grade-2,train,/Users/ayush/Downloads/date-fruit-quality-ml/data/quality/grade/train/Grade-2/Gajar__Large__1.jpg,658.0794067382812,307.8475646972656,172679.0
/Users/ayush/Downloads/date-fruit-quality-ml/data/kaggle/grading/Kupro/Large/Grade-2/249.jpg,Kupro,Large,Grade-2,train,/Users/ayush/Downloads/date-fruit-quality-ml/data/quality/grade/train/Grade-2/Kupro__Large__249.jpg,481.7616271972656,360.068115234375,135832.0
/Users/ayush/Downloads/date-fruit-quality-ml/data/kaggle/grading/Kupro/Large/Grade-3/73.jpg,Kupro,Large,Grade-3,train,/Users/ayush/Downloads/date-fruit-quality-ml/data/quality/grade/train/Grade-3/Kupro__Large__73.jpg,486.6484069824219,381.90673828125,143998.5
/Users/ayush/Downloads/date-fruit-quality-ml/data/kaggle/grading/Kupro/Large/Grade-1/55.jpg,Kupro,Large,Grade-1,train,/Users/ayush/Downloads/date-fruit-quality-ml/data/quality/grade/train/Grade-1/Kupro__Large__55.jpg,513.5814819335938,369.1949768066406,145074.0
/Users/ayush/Downloads/date-fruit-quality-ml/data/kaggle/grading/Fasli Toto/Medium/Grade-1/49.jpg,Fasli Toto,Medium,Grade-1,train,/Users/ayush/Downloads/date-fruit-quality-ml/data/quality/grade/train/Grade-1/Fasli-Toto__Medium__49.jpg,404.7481994628906,255.6927032470703,83936.0
/Users/ayush/Downloads/date-fruit-quality-ml/data/kaggle/grading/Gajar/Large/Grade-2/117.jpg,Gajar,Large,Grade-2,train,/Users/ayush/Downloads/date-fruit-quality-ml/data/quality/grade/train/Grade-2/Gajar__Large__117.jpg,601.6083374023438,279.927734375,146109.5
/Users/ayush/Downloads/date-fruit-quality-ml/data/kaggle/grading/Kupro/Large/Grade-1/12.jpg,Kupro,Large,Grade-1,train,/Users/ayush/Downloads/date-fruit-quality-ml/data/quality/grade/train/Grade-1/Kupro__Large__12.jpg,498.5272216796875,358.89251708984375,141702.5
/Users/ayush/Downloads/date-fruit-quality-ml/data/kaggle/grading/Gajar/Small/Grade-2/123.jpg,Gajar,Small,Grade-2,train,/Users/ayush/Downloads/date-fruit-quality-ml/data/quality/grade/train/Grade-2/Gajar__Small__123.jpg,598.889404296875,277.6108093261719,139870.0
/Users/ayush/Downloads/date-fruit-quality-ml/data/kaggle/grading/Kupro/Large/Grade-2/248.jpg,Kupro,Large,Grade-2,train,/Users/ayush/Downloads/date-fruit-quality-ml/data/quality/grade/train/Grade-2/Kupro__Large__248.jpg,484.9390869140625,359.5911560058594,136763.5
/Users/ayush/Downloads/date-fruit-quality-ml/data/kaggle/grading/Aseel/Small/Grade-1/37.jpg,Aseel,Small,Grade-1,train,/Users/ayush/Downloads/date-fruit-quality-ml/data/quality/grade/train/Grade-1/Aseel__Small__37.jpg,440.8420104980469,281.3537292480469,95611.0
/Users/ayush/Downloads/date-fruit-quality-ml/data/kaggle/grading/Fasli Toto/Large/Grade-1/23.jpg,Fasli Toto,Large,Grade-1,train,/Users/ayush/Downloads/date-fruit-quality-ml/data/quality/grade/train/Grade-1/Fasli-Toto__Large__23.jpg,494.6624450683594,307.4429626464844,116652.0
/Users/ayush/Downloads/date-fruit-quality-ml/data/kaggle/grading/Kupro/Large/Grade-2/128.jpg,Kupro,Large,Grade-2,train,/Users/ayush/Downloads/date-fruit-quality-ml/data/quality/grade/train/Grade-2/Kupro__Large__128.jpg,525.33837890625,327.4979553222656,136560.5
/Users/ayush/Downloads/date-fruit-quality-ml/data/kaggle/grading/Gajar/Small/Grade-2/121.jpg,Gajar,Small,Grade-2,train,/Users/ayush/Downloads/date-fruit-quality-ml/data/quality/grade/train/Grade-2/Gajar__Small__121.jpg,600.796630859375,266.531005859375,134597.0
/Users/ayush/Downloads/date-fruit-quality-ml/data/kaggle/grading/Fasli Toto/Small/Grade-1/78.jpg,Fasli Toto,Small,Grade-1,train,/Users/ayush/Downloads/date-fruit-quality-ml/data/quality/grade/train/Grade-1/Fasli-Toto__Small__78.jpg,382.7208251953125,279.9714660644531,81434.0
/Users/ayush/Downloads/date-fruit-quality-ml/data/kaggle/grading/Aseel/Small/Grade-1/134.jpg,Aseel,Small,Grade-1,train,/Users/ayush/Downloads/date-fruit-quality-ml/data/quality/grade/train/Grade-1/Aseel__Small__134.jpg,444.1261901855469,280.509521484375,93928.5
/Users/ayush/Downloads/date-fruit-quality-ml/data/kaggle/grading/Gajar/Large/Grade-1/129.jpg,Gajar,Large,Grade-1,train,/Users/ayush/Downloads/date-fruit-quality-ml/data/quality/grade/train/Grade-1/Gajar__Large__129.jpg,655.0167236328125,267.3796081542969,143608.5
/Users/ayush/Downloads/date-fruit-quality-ml/data/kaggle/grading/Kupro/Large/Grade-2/87.jpg,Kupro,Large,Grade-2,train,/Users/ayush/Downloads/date-fruit-quality-ml/data/quality/grade/train/Grade-2/Kupro__Large__87.jpg,492.6875915527344,365.1011657714844,140310.5
/Users/ayush/Downloads/date-fruit-quality-ml/data/kaggle/grading/Aseel/Small/Grade-1/154.jpg,Aseel,Small,Grade-1,train,/Users/ayush/Downloads/date-fruit-quality-ml/data/quality/grade/train/Grade-1/Aseel__Small__154.jpg,442.49285888671875,275.7762145996094,96936.0
/Users/ayush/Downloads/date-fruit-quality-ml/data/kaggle/grading/Kupro/Large/Grade-2/339.jpg,Kupro,Large,Grade-2,train,/Users/ayush/Downloads/date-fruit-quality-ml/data/quality/grade/train/Grade-2/Kupro__Large__339.jpg,500.2368469238281,364.81585693359375,139678.0
/Users/ayush/Downloads/date-fruit-quality-ml/data/kaggle/grading/Fasli Toto/Small/Grade-1/3.jpg,Fasli Toto,Small,Grade-1,train,/Users/ayush/Downloads/date-fruit-quality-ml/data/quality/grade/train/Grade-1/Fasli-Toto__Small__3.jpg,387.119384765625,288.5844421386719,73524.5
/Users/ayush/Downloads/date-fruit-quality-ml/data/kaggle/grading/Gajar/Large/Grade-3/12.jpg,Gajar,Large,Grade-3,train,/Users/ayush/Downloads/date-fruit-quality-ml/data/quality/grade/train/Grade-3/Gajar__Large__12.jpg,629.0302734375,306.82257080078125,162266.5
/Users/ayush/Downloads/date-fruit-quality-ml/data/kaggle/grading/Gajar/Large/Grade-3/119.jpg,Gajar,Large,Grade-3,train,/Users/ayush/Downloads/date-fruit-quality-ml/data/quality/grade/train/Grade-3/Gajar__Large__119.jpg,603.9995727539062,275.5459289550781,138726.5
/Users/ayush/Downloads/date-fruit-quality-ml/data/kaggle/grading/Fasli Toto/Large/Grade-1/56.jpg,Fasli Toto,Large,Grade-1,train,/Users/ayush/Downloads/date-fruit-quality-ml/data/quality/grade/train/Grade-1/Fasli-Toto__Large__56.jpg,475.6087341308594,277.1461181640625,107987.0
/Users/ayush/Downloads/date-fruit-quality-ml/data/kaggle/grading/Fasli Toto/Medium/Grade-1/3.jpg,Fasli Toto,Medium,Grade-1,train,/Users/ayush/Downloads/date-fruit-quality-ml/data/quality/grade/train/Grade-1/Fasli-Toto__Medium__3.jpg,414.84039306640625,255.90499877929688,81525.0
/Users/ayush/Downloads/date-fruit-quality-ml/data/kaggle/grading/Gajar/Small/Grade-1/51.jpg,Gajar,Small,Grade-1,train,/Users/ayush/Downloads/date-fruit-quality-ml/data/quality/grade/train/Grade-1/Gajar__Small__51.jpg,535.2351684570312,241.25192260742188,109570.5
/Users/ayush/Downloads/date-fruit-quality-ml/data/kaggle/grading/Gajar/Small/Grade-1/70.jpg,Gajar,Small,Grade-1,train,/Users/ayush/Downloads/date-fruit-quality-ml/data/quality/grade/train/Grade-1/Gajar__Small__70.jpg,543.930419921875,244.51730346679688,112299.0
/Users/ayush/Downloads/date-fruit-quality-ml/data/kaggle/grading/Kupro/Large/Grade-2/7.jpg,Kupro,Large,Grade-2,train,/Users/ayush/Downloads/date-fruit-quality-ml/data/quality/grade/train/Grade-2/Kupro__Large__7.jpg,489.5067443847656,364.7094421386719,138423.0
/Users/ayush/Downloads/date-fruit-quality-ml/data/kaggle/grading/Gajar/Small/Grade-2/47.jpg,Gajar,Small,Grade-2,train,/Users/ayush/Downloads/date-fruit-quality-ml/data/quality/grade/train/Grade-2/Gajar__Small__47.jpg,576.3872680664062,242.87074279785156,120934.5
/Users/ayush/Downloads/date-fruit-quality-ml/data/kaggle/grading/Aseel/Large/Grade-1/109.jpg,Aseel,Large,Grade-1,train,/Users/ayush/Downloads/date-fruit-quality-ml/data/quality/grade/train/Grade-1/Aseel__Large__109.jpg,536.0,317.0,136051.0
/Users/ayush/Downloads/date-fruit-quality-ml/data/kaggle/grading/Gajar/Medium/Grade-1/57.jpg,Gajar,Medium,Grade-1,train,/Users/ayush/Downloads/date-fruit-quality-ml/data/quality/grade/train/Grade-1/Gajar__Medium__57.jpg,561.8241577148438,255.45838928222656,121496.5
/Users/ayush/Downloads/date-fruit-quality-ml/data/kaggle/grading/Gajar/Large/Grade-1/57.jpg,Gajar,Large,Grade-1,train,/Users/ayush/Downloads/date-fruit-quality-ml/data/quality/grade/train/Grade-1/Gajar__Large__57.jpg,631.2027587890625,281.3434143066406,148887.5
/Users/ayush/Downloads/date-fruit-quality-ml/data/kaggle/grading/Gajar/Large/Grade-1/141.jpg,Gajar,Large,Grade-1,train,/Users/ayush/Downloads/date-fruit-quality-ml/data/quality/grade/train/Grade-1/Gajar__Large__141.jpg,641.064208984375,293.7063903808594,157067.0
/Users/ayush/Downloads/date-fruit-quality-ml/data/kaggle/grading/Kupro/Large/Grade-1/147.jpg,Kupro,Large,Grade-1,train,/Users/ayush/Downloads/date-fruit-quality-ml/data/quality/grade/train/Grade-1/Kupro__Large__147.jpg,510.0766906738281,342.88519287109375,137014.5
/Users/ayush/Downloads/date-fruit-quality-ml/data/kaggle/grading/Kupro/Large/Grade-2/16.jpg,Kupro,Large,Grade-2,train,/Users/ayush/Downloads/date-fruit-quality-ml/data/quality/grade/train/Grade-2/Kupro__Large__16.jpg,470.7151184082031,375.1902770996094,139755.5
/Users/ayush/Downloads/date-fruit-quality-ml/data/kaggle/grading/Kupro/Large/Grade-2/84.jpg,Kupro,Large,Grade-2,train,/Users/ayush/Downloads/date-fruit-quality-ml/data/quality/grade/train/Grade-2/Kupro__Large__84.jpg,551.1685180664062,360.2196350097656,154564.0
/Users/ayush/Downloads/date-fruit-quality-ml/data/kaggle/grading/Gajar/Large/Grade-2/35.jpg,Gajar,Large,Grade-2,train,/Users/ayush/Downloads/date-fruit-quality-ml/data/quality/grade/train/Grade-2/Gajar__Large__35.jpg,636.7046508789062,275.95526123046875,143672.5
/Users/ayush/Downloads/date-fruit-quality-ml/data/kaggle/grading/Gajar/Small/Grade-3/149.jpg,Gajar,Small,Grade-3,train,/Users/ayush/Downloads/date-fruit-quality-ml/data/quality/grade/train/Grade-3/Gajar__Small__149.jpg,561.3982543945312,270.6053466796875,126810.5
/Users/ayush/Downloads/date-fruit-quality-ml/data/kaggle/grading/Gajar/Small/Grade-2/73.jpg,Gajar,Small,Grade-2,train,/Users/ayush/Downloads/date-fruit-quality-ml/data/quality/grade/train/Grade-2/Gajar__Small__73.jpg,588.4329223632812,277.76904296875,139929.5
/Users/ayush/Downloads/date-fruit-quality-ml/data/kaggle/grading/Kupro/Large/Grade-3/47.jpg,Kupro,Large,Grade-3,train,/Users/ayush/Downloads/date-fruit-quality-ml/data/quality/grade/train/Grade-3/Kupro__Large__47.jpg,475.0,342.0,129998.0
/Users/ayush/Downloads/date-fruit-quality-ml/data/kaggle/grading/Kupro/Large/Grade-2/275.jpg,Kupro,Large,Grade-2,train,/Users/ayush/Downloads/date-fruit-quality-ml/data/quality/grade/train/Grade-2/Kupro__Large__275.jpg,482.744384765625,330.9037170410156,130280.0
/Users/ayush/Downloads/date-fruit-quality-ml/data/kaggle/grading/Gajar/Large/Grade-3/61.jpg,Gajar,Large,Grade-3,train,/Users/ayush/Downloads/date-fruit-quality-ml/data/quality/grade/train/Grade-3/Gajar__Large__61.jpg,640.9998779296875,266.99993896484375,148839.0
/Users/ayush/Downloads/date-fruit-quality-ml/data/kaggle/grading/Gajar/Large/Grade-2/69.jpg,Gajar,Large,Grade-2,train,/Users/ayush/Downloads/date-fruit-quality-ml/data/quality/grade/train/Grade-2/Gajar__Large__69.jpg,614.732421875,281.66461181640625,142835.0
/Users/ayush/Downloads/date-fruit-quality-ml/data/kaggle/grading/Kupro/Large/Grade-1/206.jpg,Kupro,Large,Grade-1,train,/Users/ayush/Downloads/date-fruit-quality-ml/data/quality/grade/train/Grade-1/Kupro__Large__206.jpg,482.4361267089844,328.3238830566406,124883.0
/Users/ayush/Downloads/date-fruit-quality-ml/data/kaggle/grading/Aseel/Large/Grade-1/147.jpg,Aseel,Large,Grade-1,train,/Users/ayush/Downloads/date-fruit-quality-ml/data/quality/grade/train/Grade-1/Aseel__Large__147.jpg,512.0073852539062,318.03582763671875,126852.0
/Users/ayush/Downloads/date-fruit-quality-ml/data/kaggle/grading/Fasli Toto/Large/Grade-1/59.jpg,Fasli Toto,Large,Grade-1,train,/Users/ayush/Downloads/date-fruit-quality-ml/data/quality/grade/train/Grade-1/Fasli-Toto__Large__59.jpg,540.1800537109375,284.0791015625,122862.5
/Users/ayush/Downloads/date-fruit-quality-ml/data/kaggle/grading/Gajar/Small/Grade-3/122.jpg,Gajar,Small,Grade-3,train,/Users/ayush/Downloads/date-fruit-quality-ml/data/quality/grade/train/Grade-3/Gajar__Small__122.jpg,573.4652099609375,272.54815673828125,133501.0
/Users/ayush/Downloads/date-fruit-quality-ml/data/kaggle/grading/Fasli Toto/Large/Grade-1/12.jpg,Fasli Toto,Large,Grade-1,train,/Users/ayush/Downloads/date-fruit-quality-ml/data/quality/grade/train/Grade-1/Fasli-Toto__Large__12.jpg,470.7718505859375,303.43145751953125,115857.5
/Users/ayush/Downloads/date-fruit-quality-ml/data/kaggle/grading/Gajar/Small/Grade-3/77.jpg,Gajar,Small,Grade-3,train,/Users/ayush/Downloads/date-fruit-quality-ml/data/quality/grade/train/Grade-3/Gajar__Small__77.jpg,557.2271118164062,250.69383239746094,117757.0
/Users/ayush/Downloads/date-fruit-quality-ml/data/kaggle/grading/Gajar/Small/Grade-3/46.jpg,Gajar,Small,Grade-3,train,/Users/ayush/Downloads/date-fruit-quality-ml/data/quality/grade/train/Grade-3/Gajar__Small__46.jpg,501.7459411621094,233.64303588867188,99953.0
/Users/ayush/Downloads/date-fruit-quality-ml/data/kaggle/grading/Kupro/Large/Grade-1/211.jpg,Kupro,Large,Grade-1,train,/Users/ayush/Downloads/date-fruit-quality-ml/data/quality/grade/train/Grade-1/Kupro__Large__211.jpg,514.897216796875,340.1566467285156,135448.5
/Users/ayush/Downloads/date-fruit-quality-ml/data/kaggle/grading/Aseel/Small/Grade-1/57.jpg,Aseel,Small,Grade-1,train,/Users/ayush/Downloads/date-fruit-quality-ml/data/quality/grade/train/Grade-1/Aseel__Small__57.jpg,472.8983459472656,268.41278076171875,102440.0
/Users/ayush/Downloads/date-fruit-quality-ml/data/kaggle/grading/Gajar/Large/Grade-1/65.jpg,Gajar,Large,Grade-1,train,/Users/ayush/Downloads/date-fruit-quality-ml/data/quality/grade/train/Grade-1/Gajar__Large__65.jpg,643.0929565429688,301.1703186035156,165700.5
/Users/ayush/Downloads/date-fruit-quality-ml/data/kaggle/grading/Aseel/Small/Grade-1/165.jpg,Aseel,Small,Grade-1,train,/Users/ayush/Downloads/date-fruit-quality-ml/data/quality/grade/train/Grade-1/Aseel__Small__165.jpg,438.0893859863281,260.17578125,91720.0
/Users/ayush/Downloads/date-fruit-quality-ml/data/kaggle/grading/Gajar/Large/Grade-2/86.jpg,Gajar,Large,Grade-2,train,/Users/ayush/Downloads/date-fruit-quality-ml/data/quality/grade/train/Grade-2/Gajar__Large__86.jpg,609.6543579101562,256.214111328125,129295.5
/Users/ayush/Downloads/date-fruit-quality-ml/data/kaggle/grading/Fasli Toto/Small/Grade-1/39.jpg,Fasli Toto,Small,Grade-1,train,/Users/ayush/Downloads/date-fruit-quality-ml/data/quality/grade/train/Grade-1/Fasli-Toto__Small__39.jpg,346.9864196777344,285.7592468261719,74815.5
/Users/ayush/Downloads/date-fruit-quality-ml/data/kaggle/grading/Kupro/Large/Grade-1/318.jpg,Kupro,Large,Grade-1,train,/Users/ayush/Downloads/date-fruit-quality-ml/data/quality/grade/train/Grade-1/Kupro__Large__318.jpg,499.4745178222656,359.4335021972656,137491.0
/Users/ayush/Downloads/date-fruit-quality-ml/data/kaggle/grading/Kupro/Large/Grade-1/181.jpg,Kupro,Large,Grade-1,train,/Users/ayush/Downloads/date-fruit-quality-ml/data/quality/grade/train/Grade-1/Kupro__Large__181.jpg,494.68536376953125,353.4089050292969,141615.5
/Users/ayush/Downloads/date-fruit-quality-ml/data/kaggle/grading/Aseel/Medium/Grade-1/112.jpg,Aseel,Medium,Grade-1,train,/Users/ayush/Downloads/date-fruit-quality-ml/data/quality/grade/train/Grade-1/Aseel__Medium__112.jpg,505.81134033203125,281.4891357421875,112084.0
/Users/ayush/Downloads/date-fruit-quality-ml/data/kaggle/grading/Gajar/Small/Grade-1/163.jpg,Gajar,Small,Grade-1,train,/Users/ayush/Downloads/date-fruit-quality-ml/data/quality/grade/train/Grade-1/Gajar__Small__163.jpg,506.1851806640625,255.2582244873047,106698.0
/Users/ayush/Downloads/date-fruit-quality-ml/data/kaggle/grading/Gajar/Medium/Grade-3/11.jpg,Gajar,Medium,Grade-3,train,/Users/ayush/Downloads/date-fruit-quality-ml/data/quality/grade/train/Grade-3/Gajar__Medium__11.jpg,579.9274291992188,246.44317626953125,120169.5
/Users/ayush/Downloads/date-fruit-quality-ml/data/kaggle/grading/Kupro/Large/Grade-1/121.jpg,Kupro,Large,Grade-1,train,/Users/ayush/Downloads/date-fruit-quality-ml/data/quality/grade/train/Grade-1/Kupro__Large__121.jpg,520.3088989257812,343.4020690917969,141651.5
/Users/ayush/Downloads/date-fruit-quality-ml/data/kaggle/grading/Kupro/Large/Grade-2/223.jpg,Kupro,Large,Grade-2,train,/Users/ayush/Downloads/date-fruit-quality-ml/data/quality/grade/train/Grade-2/Kupro__Large__223.jpg,555.1769409179688,339.4447021484375,151662.0
/Users/ayush/Downloads/date-fruit-quality-ml/data/kaggle/grading/Gajar/Small/Grade-2/89.jpg,Gajar,Small,Grade-2,train,/Users/ayush/Downloads/date-fruit-quality-ml/data/quality/grade/train/Grade-2/Gajar__Small__89.jpg,588.0529174804688,283.0070495605469,141231.5
/Users/ayush/Downloads/date-fruit-quality-ml/data/kaggle/grading/Gajar/Medium/Grade-1/61.jpg,Gajar,Medium,Grade-1,train,/Users/ayush/Downloads/date-fruit-quality-ml/data/quality/grade/train/Grade-1/Gajar__Medium__61.jpg,560.0,270.0,125666.0
/Users/ayush/Downloads/date-fruit-quality-ml/data/kaggle/grading/Fasli Toto/Large/Grade-1/65.jpg,Fasli Toto,Large,Grade-1,train,/Users/ayush/Downloads/date-fruit-quality-ml/data/quality/grade/train/Grade-1/Fasli-Toto__Large__65.jpg,463.6690979003906,336.301025390625,123302.0
/Users/ayush/Downloads/date-fruit-quality-ml/data/kaggle/grading/Gajar/Small/Grade-1/165.jpg,Gajar,Small,Grade-1,train,/Users/ayush/Downloads/date-fruit-quality-ml/data/quality/grade/train/Grade-1/Gajar__Small__165.jpg,529.9381713867188,261.9701843261719,112638.0
/Users/ayush/Downloads/date-fruit-quality-ml/data/kaggle/grading/Aseel/Medium/Grade-1/74.jpg,Aseel,Medium,Grade-1,train,/Users/ayush/Downloads/date-fruit-quality-ml/data/quality/grade/train/Grade-1/Aseel__Medium__74.jpg,485.67645263671875,303.8407287597656,117897.5
/Users/ayush/Downloads/date-fruit-quality-ml/data/kaggle/grading/Gajar/Small/Grade-3/73.jpg,Gajar,Small,Grade-3,train,/Users/ayush/Downloads/date-fruit-quality-ml/data/quality/grade/train/Grade-3/Gajar__Small__73.jpg,559.0052490234375,240.31930541992188,108421.0
/Users/ayush/Downloads/date-fruit-quality-ml/data/kaggle/grading/Gajar/Large/Grade-3/36.jpg,Gajar,Large,Grade-3,train,/Users/ayush/Downloads/date-fruit-quality-ml/data/quality/grade/train/Grade-3/Gajar__Large__36.jpg,625.8677978515625,343.7549133300781,165358.0
/Users/ayush/Downloads/date-fruit-quality-ml/data/kaggle/grading/Fasli Toto/Small/Grade-1/71.jpg,Fasli Toto,Small,Grade-1,train,/Users/ayush/Downloads/date-fruit-quality-ml/data/quality/grade/train/Grade-1/Fasli-Toto__Small__71.jpg,382.0,265.0,80108.0
/Users/ayush/Downloads/date-fruit-quality-ml/data/kaggle/grading/Aseel/Large/Grade-1/12.jpg,Aseel,Large,Grade-1,train,/Users/ayush/Downloads/date-fruit-quality-ml/data/quality/grade/train/Grade-1/Aseel__Large__12.jpg,592.9943237304688,256.8016662597656,131150.0
/Users/ayush/Downloads/date-fruit-quality-ml/data/kaggle/grading/Gajar/Small/Grade-3/12.jpg,Gajar,Small,Grade-3,train,/Users/ayush/Downloads/date-fruit-quality-ml/data/quality/grade/train/Grade-3/Gajar__Small__12.jpg,552.6782836914062,261.7278137207031,118484.0
/Users/ayush/Downloads/date-fruit-quality-ml/data/kaggle/grading/Gajar/Large/Grade-2/5.jpg,Gajar,Large,Grade-2,train,/Users/ayush/Downloads/date-fruit-quality-ml/data/quality/grade/train/Grade-2/Gajar__Large__5.jpg,600.7568359375,282.02947998046875,137976.0
/Users/ayush/Downloads/date-fruit-quality-ml/data/kaggle/grading/Fasli Toto/Medium/Grade-1/57.jpg,Fasli Toto,Medium,Grade-1,train,/Users/ayush/Downloads/date-fruit-quality-ml/data/quality/grade/train/Grade-1/Fasli-Toto__Medium__57.jpg,443.05206298828125,279.69830322265625,98848.0
/Users/ayush/Downloads/date-fruit-quality-ml/data/kaggle/grading/Fasli Toto/Large/Grade-1/8.jpg,Fasli Toto,Large,Grade-1,train,/Users/ayush/Downloads/date-fruit-quality-ml/data/quality/grade/train/Grade-1/Fasli-Toto__Large__8.jpg,466.4201354980469,300.8311462402344,108606.5
/Users/ayush/Downloads/date-fruit-quality-ml/data/kaggle/grading/Gajar/Small/Grade-3/87.jpg,Gajar,Small,Grade-3,train,/Users/ayush/Downloads/date-fruit-quality-ml/data/quality/grade/train/Grade-3/Gajar__Small__87.jpg,547.9998779296875,245.99996948242188,118990.5
/Users/ayush/Downloads/date-fruit-quality-ml/data/kaggle/grading/Kupro/Large/Grade-2/238.jpg,Kupro,Large,Grade-2,train,/Users/ayush/Downloads/date-fruit-quality-ml/data/quality/grade/train/Grade-2/Kupro__Large__238.jpg,453.15692138671875,352.67095947265625,125842.0
/Users/ayush/Downloads/date-fruit-quality-ml/data/kaggle/grading/Aseel/Medium/Grade-1/8.jpg,Aseel,Medium,Grade-1,train,/Users/ayush/Downloads/date-fruit-quality-ml/data/quality/grade/train/Grade-1/Aseel__Medium__8.jpg,489.8089294433594,274.6192321777344,109495.0
/Users/ayush/Downloads/date-fruit-quality-ml/data/kaggle/grading/Aseel/Medium/Grade-1/75.jpg,Aseel,Medium,Grade-1,train,/Users/ayush/Downloads/date-fruit-quality-ml/data/quality/grade/train/Grade-1/Aseel__Medium__75.jpg,482.1423645019531,283.2361145019531,108419.5
/Users/ayush/Downloads/date-fruit-quality-ml/data/kaggle/grading/Kupro/Large/Grade-1/283.jpg,Kupro,Large,Grade-1,train,/Users/ayush/Downloads/date-fruit-quality-ml/data/quality/grade/train/Grade-1/Kupro__Large__283.jpg,495.9250793457031,366.41162109375,140173.0
/Users/ayush/Downloads/date-fruit-quality-ml/data/kaggle/grading/Fasli Toto/Medium/Grade-1/56.jpg,Fasli Toto,Medium,Grade-1,train,/Users/ayush/Downloads/date-fruit-quality-ml/data/quality/grade/train/Grade-1/Fasli-Toto__Medium__56.jpg,456.24761962890625,288.1592712402344,100264.5
/Users/ayush/Downloads/date-fruit-quality-ml/data/kaggle/grading/Kupro/Large/Grade-2/173.jpg,Kupro,Large,Grade-2,train,/Users/ayush/Downloads/date-fruit-quality-ml/data/quality/grade/train/Grade-2/Kupro__Large__173.jpg,518.4483032226562,341.86102294921875,141705.0
/Users/ayush/Downloads/date-fruit-quality-ml/data/kaggle/grading/Kupro/Large/Grade-1/119.jpg,Kupro,Large,Grade-1,train,/Users/ayush/Downloads/date-fruit-quality-ml/data/quality/grade/train/Grade-1/Kupro__Large__119.jpg,523.7564086914062,328.96435546875,139156.0
/Users/ayush/Downloads/date-fruit-quality-ml/data/kaggle/grading/Kupro/Large/Grade-2/111.jpg,Kupro,Large,Grade-2,train,/Users/ayush/Downloads/date-fruit-quality-ml/data/quality/grade/train/Grade-2/Kupro__Large__111.jpg,515.0,369.0,150251.0
/Users/ayush/Downloads/date-fruit-quality-ml/data/kaggle/grading/Kupro/Large/Grade-3/35.jpg,Kupro,Large,Grade-3,train,/Users/ayush/Downloads/date-fruit-quality-ml/data/quality/grade/train/Grade-3/Kupro__Large__35.jpg,475.3074035644531,365.6270751953125,135910.0
/Users/ayush/Downloads/date-fruit-quality-ml/data/kaggle/grading/Aseel/Small/Grade-1/171.jpg,Aseel,Small,Grade-1,train,/Users/ayush/Downloads/date-fruit-quality-ml/data/quality/grade/train/Grade-1/Aseel__Small__171.jpg,452.1371154785156,241.30807495117188,88335.5
/Users/ayush/Downloads/date-fruit-quality-ml/data/kaggle/grading/Fasli Toto/Large/Grade-1/79.jpg,Fasli Toto,Large,Grade-1,train,/Users/ayush/Downloads/date-fruit-quality-ml/data/quality/grade/train/Grade-1/Fasli-Toto__Large__79.jpg,502.01416015625,324.4735412597656,133106.0
/Users/ayush/Downloads/date-fruit-quality-ml/data/kaggle/grading/Fasli Toto/Small/Grade-1/21.jpg,Fasli Toto,Small,Grade-1,train,/Users/ayush/Downloads/date-fruit-quality-ml/data/quality/grade/train/Grade-1/Fasli-Toto__Small__21.jpg,386.8932189941406,257.2891540527344,81465.0
/Users/ayush/Downloads/date-fruit-quality-ml/data/kaggle/grading/Kupro/Large/Grade-2/217.jpg,Kupro,Large,Grade-2,train,/Users/ayush/Downloads/date-fruit-quality-ml/data/quality/grade/train/Grade-2/Kupro__Large__217.jpg,461.8813171386719,332.2513427734375,123220.5
/Users/ayush/Downloads/date-fruit-quality-ml/data/kaggle/grading/Aseel/Large/Grade-1/53.jpg,Aseel,Large,Grade-1,train,/Users/ayush/Downloads/date-fruit-quality-ml/data/quality/grade/train/Grade-1/Aseel__Large__53.jpg,590.6343383789062,315.13372802734375,151823.5
/Users/ayush/Downloads/date-fruit-quality-ml/data/kaggle/grading/Gajar/Large/Grade-1/135.jpg,Gajar,Large,Grade-1,train,/Users/ayush/Downloads/date-fruit-quality-ml/data/quality/grade/train/Grade-1/Gajar__Large__135.jpg,648.8317260742188,256.8031921386719,143068.0
/Users/ayush/Downloads/date-fruit-quality-ml/data/kaggle/grading/Kupro/Large/Grade-2/132.jpg,Kupro,Large,Grade-2,train,/Users/ayush/Downloads/date-fruit-quality-ml/data/quality/grade/train/Grade-2/Kupro__Large__132.jpg,478.23992919921875,396.6701354980469,147290.5
/Users/ayush/Downloads/date-fruit-quality-ml/data/kaggle/grading/Fasli Toto/Medium/Grade-1/65.jpg,Fasli Toto,Medium,Grade-1,train,/Users/ayush/Downloads/date-fruit-quality-ml/data/quality/grade/train/Grade-1/Fasli-Toto__Medium__65.jpg,403.99993896484375,271.99993896484375,85469.5
/Users/ayush/Downloads/date-fruit-quality-ml/data/kaggle/grading/Fasli Toto/Medium/Grade-1/38.jpg,Fasli Toto,Medium,Grade-1,train,/Users/ayush/Downloads/date-fruit-quality-ml/data/quality/grade/train/Grade-1/Fasli-Toto__Medium__38.jpg,428.78955078125,281.287109375,96289.0
/Users/ayush/Downloads/date-fruit-quality-ml/data/kaggle/grading/Aseel/Medium/Grade-1/90.jpg,Aseel,Medium,Grade-1,train,/Users/ayush/Downloads/date-fruit-quality-ml/data/quality/grade/train/Grade-1/Aseel__Medium__90.jpg,499.50518798828125,308.7893371582031,122419.5
/Users/ayush/Downloads/date-fruit-quality-ml/data/kaggle/grading/Kupro/Large/Grade-1/8.jpg,Kupro,Large,Grade-1,train,/Users/ayush/Downloads/date-fruit-quality-ml/data/quality/grade/train/Grade-1/Kupro__Large__8.jpg,508.5969543457031,370.0743408203125,145963.0
/Users/ayush/Downloads/date-fruit-quality-ml/data/kaggle/grading/Fasli Toto/Large/Grade-1/37.jpg,Fasli Toto,Large,Grade-1,train,/Users/ayush/Downloads/date-fruit-quality-ml/data/quality/grade/train/Grade-1/Fasli-Toto__Large__37.jpg,481.1830139160156,335.45794677734375,126394.0
/Users/ayush/Downloads/date-fruit-quality-ml/data/kaggle/grading/Aseel/Small/Grade-1/77.jpg,Aseel,Small,Grade-1,train,/Users/ayush/Downloads/date-fruit-quality-ml/data/quality/grade/train/Grade-1/Aseel__Small__77.jpg,449.2544860839844,274.3804016113281,96274.0
/Users/ayush/Downloads/date-fruit-quality-ml/data/kaggle/grading/Gajar/Small/Grade-3/79.jpg,Gajar,Small,Grade-3,train,/Users/ayush/Downloads/date-fruit-quality-ml/data/quality/grade/train/Grade-3/Gajar__Small__79.jpg,566.1307373046875,256.482666015625,120328.0
/Users/ayush/Downloads/date-fruit-quality-ml/data/kaggle/grading/Gajar/Small/Grade-3/136.jpg,Gajar,Small,Grade-3,train,/Users/ayush/Downloads/date-fruit-quality-ml/data/quality/grade/train/Grade-3/Gajar__Small__136.jpg,589.2067260742188,269.9713439941406,126413.0
/Users/ayush/Downloads/date-fruit-quality-ml/data/kaggle/grading/Aseel/Small/Grade-1/83.jpg,Aseel,Small,Grade-1,train,/Users/ayush/Downloads/date-fruit-quality-ml/data/quality/grade/train/Grade-1/Aseel__Small__83.jpg,434.31707763671875,291.8645935058594,94724.5
/Users/ayush/Downloads/date-fruit-quality-ml/data/kaggle/grading/Gajar/Small/Grade-2/44.jpg,Gajar,Small,Grade-2,train,/Users/ayush/Downloads/date-fruit-quality-ml/data/quality/grade/train/Grade-2/Gajar__Small__44.jpg,555.6316528320312,284.619140625,125301.0
/Users/ayush/Downloads/date-fruit-quality-ml/data/kaggle/grading/Gajar/Medium/Grade-1/117.jpg,Gajar,Medium,Grade-1,train,/Users/ayush/Downloads/date-fruit-quality-ml/data/quality/grade/train/Grade-1/Gajar__Medium__117.jpg,601.6417846679688,265.7594299316406,133509.0
/Users/ayush/Downloads/date-fruit-quality-ml/data/kaggle/grading/Gajar/Medium/Grade-2/60.jpg,Gajar,Medium,Grade-2,train,/Users/ayush/Downloads/date-fruit-quality-ml/data/quality/grade/train/Grade-2/Gajar__Medium__60.jpg,607.6493530273438,276.3670959472656,137602.5
/Users/ayush/Downloads/date-fruit-quality-ml/data/kaggle/grading/Fasli Toto/Medium/Grade-1/145.jpg,Fasli Toto,Medium,Grade-1,train,/Users/ayush/Downloads/date-fruit-quality-ml/data/quality/grade/train/Grade-1/Fasli-Toto__Medium__145.jpg,442.59698486328125,269.5884704589844,93557.5
/Users/ayush/Downloads/date-fruit-quality-ml/data/kaggle/grading/Gajar/Large/Grade-1/11.jpg,Gajar,Large,Grade-1,train,/Users/ayush/Downloads/date-fruit-quality-ml/data/quality/grade/train/Grade-1/Gajar__Large__11.jpg,639.9342651367188,278.3318176269531,152711.5
/Users/ayush/Downloads/date-fruit-quality-ml/data/kaggle/grading/Fasli Toto/Medium/Grade-1/71.jpg,Fasli Toto,Medium,Grade-1,train,/Users/ayush/Downloads/date-fruit-quality-ml/data/quality/grade/train/Grade-1/Fasli-Toto__Medium__71.jpg,393.7730712890625,289.7247619628906,88646.0
/Users/ayush/Downloads/date-fruit-quality-ml/data/kaggle/grading/Gajar/Medium/Grade-1/11.jpg,Gajar,Medium,Grade-1,train,/Users/ayush/Downloads/date-fruit-quality-ml/data/quality/grade/train/Grade-1/Gajar__Medium__11.jpg,568.3885498046875,278.77557373046875,133874.0
/Users/ayush/Downloads/date-fruit-quality-ml/data/kaggle/grading/Kupro/Large/Grade-2/311.jpg,Kupro,Large,Grade-2,train,/Users/ayush/Downloads/date-fruit-quality-ml/data/quality/grade/train/Grade-2/Kupro__Large__311.jpg,492.19720458984375,349.8337707519531,133785.5
/Users/ayush/Downloads/date-fruit-quality-ml/data/kaggle/grading/Gajar/Small/Grade-2/46.jpg,Gajar,Small,Grade-2,train,/Users/ayush/Downloads/date-fruit-quality-ml/data/quality/grade/train/Grade-2/Gajar__Small__46.jpg,596.5039672851562,247.08534240722656,124732.0
/Users/ayush/Downloads/date-fruit-quality-ml/data/kaggle/grading/Kupro/Large/Grade-2/227.jpg,Kupro,Large,Grade-2,train,/Users/ayush/Downloads/date-fruit-quality-ml/data/quality/grade/train/Grade-2/Kupro__Large__227.jpg,549.0443115234375,333.595947265625,150332.5
/Users/ayush/Downloads/date-fruit-quality-ml/data/kaggle/grading/Gajar/Small/Grade-3/91.jpg,Gajar,Small,Grade-3,train,/Users/ayush/Downloads/date-fruit-quality-ml/data/quality/grade/train/Grade-3/Gajar__Small__91.jpg,538.364013671875,297.39984130859375,134471.0
/Users/ayush/Downloads/date-fruit-quality-ml/data/kaggle/grading/Gajar/Small/Grade-1/147.jpg,Gajar,Small,Grade-1,train,/Users/ayush/Downloads/date-fruit-quality-ml/data/quality/grade/train/Grade-1/Gajar__Small__147.jpg,539.0,242.0,110560.5
/Users/ayush/Downloads/date-fruit-quality-ml/data/kaggle/grading/Gajar/Medium/Grade-1/107.jpg,Gajar,Medium,Grade-1,train,/Users/ayush/Downloads/date-fruit-quality-ml/data/quality/grade/train/Grade-1/Gajar__Medium__107.jpg,578.5042724609375,232.71678161621094,116406.0
/Users/ayush/Downloads/date-fruit-quality-ml/data/kaggle/grading/Kupro/Large/Grade-2/167.jpg,Kupro,Large,Grade-2,train,/Users/ayush/Downloads/date-fruit-quality-ml/data/quality/grade/train/Grade-2/Kupro__Large__167.jpg,469.4170227050781,336.3599853515625,125695.5
/Users/ayush/Downloads/date-fruit-quality-ml/data/kaggle/grading/Kupro/Large/Grade-1/323.jpg,Kupro,Large,Grade-1,train,/Users/ayush/Downloads/date-fruit-quality-ml/data/quality/grade/train/Grade-1/Kupro__Large__323.jpg,470.9314880371094,334.9527893066406,125940.0
/Users/ayush/Downloads/date-fruit-quality-ml/data/kaggle/grading/Kupro/Large/Grade-2/41.jpg,Kupro,Large,Grade-2,train,/Users/ayush/Downloads/date-fruit-quality-ml/data/quality/grade/train/Grade-2/Kupro__Large__41.jpg,509.9994812011719,349.5791320800781,144207.5
/Users/ayush/Downloads/date-fruit-quality-ml/data/kaggle/grading/Gajar/Small/Grade-2/78.jpg,Gajar,Small,Grade-2,train,/Users/ayush/Downloads/date-fruit-quality-ml/data/quality/grade/train/Grade-2/Gajar__Small__78.jpg,535.1077270507812,239.7367401123047,109542.5
/Users/ayush/Downloads/date-fruit-quality-ml/data/kaggle/grading/Gajar/Small/Grade-2/83.jpg,Gajar,Small,Grade-2,train,/Users/ayush/Downloads/date-fruit-quality-ml/data/quality/grade/train/Grade-2/Gajar__Small__83.jpg,573.18701171875,260.5564270019531,123976.5
/Users/ayush/Downloads/date-fruit-quality-ml/data/kaggle/grading/Gajar/Small/Grade-2/124.jpg,Gajar,Small,Grade-2,train,/Users/ayush/Downloads/date-fruit-quality-ml/data/quality/grade/train/Grade-2/Gajar__Small__124.jpg,598.889404296875,277.6108093261719,139870.0
/Users/ayush/Downloads/date-fruit-quality-ml/data/kaggle/grading/Gajar/Large/Grade-1/32.jpg,Gajar,Large,Grade-1,train,/Users/ayush/Downloads/date-fruit-quality-ml/data/quality/grade/train/Grade-1/Gajar__Large__32.jpg,630.072509765625,280.11151123046875,147089.5
/Users/ayush/Downloads/date-fruit-quality-ml/data/kaggle/grading/Kupro/Large/Grade-2/134.jpg,Kupro,Large,Grade-2,train,/Users/ayush/Downloads/date-fruit-quality-ml/data/quality/grade/train/Grade-2/Kupro__Large__134.jpg,471.9864807128906,353.8530578613281,133289.0
/Users/ayush/Downloads/date-fruit-quality-ml/data/kaggle/grading/Gajar/Small/Grade-3/44.jpg,Gajar,Small,Grade-3,train,/Users/ayush/Downloads/date-fruit-quality-ml/data/quality/grade/train/Grade-3/Gajar__Small__44.jpg,551.90185546875,237.35337829589844,110377.5
/Users/ayush/Downloads/date-fruit-quality-ml/data/kaggle/grading/Kupro/Large/Grade-1/256.jpg,Kupro,Large,Grade-1,train,/Users/ayush/Downloads/date-fruit-quality-ml/data/quality/grade/train/Grade-1/Kupro__Large__256.jpg,501.3030700683594,367.8467712402344,141997.5
/Users/ayush/Downloads/date-fruit-quality-ml/data/kaggle/grading/Fasli Toto/Medium/Grade-1/55.jpg,Fasli Toto,Medium,Grade-1,train,/Users/ayush/Downloads/date-fruit-quality-ml/data/quality/grade/train/Grade-1/Fasli-Toto__Medium__55.jpg,448.466064453125,257.74407958984375,94194.5
/Users/ayush/Downloads/date-fruit-quality-ml/data/kaggle/grading/Kupro/Large/Grade-1/167.jpg,Kupro,Large,Grade-1,train,/Users/ayush/Downloads/date-fruit-quality-ml/data/quality/grade/train/Grade-1/Kupro__Large__167.jpg,511.60650634765625,373.8852233886719,151800.0
/Users/ayush/Downloads/date-fruit-quality-ml/data/kaggle/grading/Gajar/Large/Grade-2/28.jpg,Gajar,Large,Grade-2,train,/Users/ayush/Downloads/date-fruit-quality-ml/data/quality/grade/train/Grade-2/Gajar__Large__28.jpg,614.075927734375,270.317626953125,140693.5
/Users/ayush/Downloads/date-fruit-quality-ml/data/kaggle/grading/Gajar/Medium/Grade-2/29.jpg,Gajar,Medium,Grade-2,train,/Users/ayush/Downloads/date-fruit-quality-ml/data/quality/grade/train/Grade-2/Gajar__Medium__29.jpg,578.413330078125,263.04376220703125,114600.5
/Users/ayush/Downloads/date-fruit-quality-ml/data/kaggle/grading/Aseel/Small/Grade-1/39.jpg,Aseel,Small,Grade-1,train,/Users/ayush/Downloads/date-fruit-quality-ml/data/quality/grade/train/Grade-1/Aseel__Small__39.jpg,419.3441162109375,270.4272155761719,88089.5
/Users/ayush/Downloads/date-fruit-quality-ml/data/kaggle/grading/Kupro/Large/Grade-1/85.jpg,Kupro,Large,Grade-1,train,/Users/ayush/Downloads/date-fruit-quality-ml/data/quality/grade/train/Grade-1/Kupro__Large__85.jpg,480.958984375,346.69073486328125,132742.5
/Users/ayush/Downloads/date-fruit-quality-ml/data/kaggle/grading/Fasli Toto/Large/Grade-1/42.jpg,Fasli Toto,Large,Grade-1,train,/Users/ayush/Downloads/date-fruit-quality-ml/data/quality/grade/train/Grade-1/Fasli-Toto__Large__42.jpg,475.8075256347656,301.2960510253906,112010.5
/Users/ayush/Downloads/date-fruit-quality-ml/data/kaggle/grading/Gajar/Large/Grade-3/116.jpg,Gajar,Large,Grade-3,train,/Users/ayush/Downloads/date-fruit-quality-ml/data/quality/grade/train/Grade-3/Gajar__Large__116.jpg,691.7098999023438,291.9992370605469,164416.5
/Users/ayush/Downloads/date-fruit-quality-ml/data/kaggle/grading/Gajar/Medium/Grade-2/24.jpg,Gajar,Medium,Grade-2,train,/Users/ayush/Downloads/date-fruit-quality-ml/data/quality/grade/train/Grade-2/Gajar__Medium__24.jpg,538.753173828125,252.87893676757812,118438.0
/Users/ayush/Downloads/date-fruit-quality-ml/data/kaggle/grading/Fasli Toto/Medium/Grade-1/116.jpg,Fasli Toto,Medium,Grade-1,train,/Users/ayush/Downloads/date-fruit-quality-ml/data/quality/grade/train/Grade-1/Fasli-Toto__Medium__116.jpg,411.8071594238281,248.2163848876953,86424.0
/Users/ayush/Downloads/date-fruit-quality-ml/data/kaggle/grading/Gajar/Medium/Grade-1/140.jpg,Gajar,Medium,Grade-1,train,/Users/ayush/Downloads/date-fruit-quality-ml/data/quality/grade/train/Grade-1/Gajar__Medium__140.jpg,587.0,277.0,132753.0
/Users/ayush/Downloads/date-fruit-quality-ml/data/kaggle/grading/Gajar/Large/Grade-1/163.jpg,Gajar,Large,Grade-1,train,/Users/ayush/Downloads/date-fruit-quality-ml/data/quality/grade/train/Grade-1/Gajar__Large__163.jpg,652.3046264648438,279.6793212890625,157419.0
/Users/ayush/Downloads/date-fruit-quality-ml/data/kaggle/grading/Gajar/Small/Grade-1/9.jpg,Gajar,Small,Grade-1,train,/Users/ayush/Downloads/date-fruit-quality-ml/data/quality/grade/train/Grade-1/Gajar__Small__9.jpg,531.7687377929688,260.4227294921875,118166.0
/Users/ayush/Downloads/date-fruit-quality-ml/data/kaggle/grading/Gajar/Small/Grade-1/131.jpg,Gajar,Small,Grade-1,train,/Users/ayush/Downloads/date-fruit-quality-ml/data/quality/grade/train/Grade-1/Gajar__Small__131.jpg,551.5620727539062,237.60064697265625,110714.5
/Users/ayush/Downloads/date-fruit-quality-ml/data/kaggle/grading/Kupro/Large/Grade-1/113.jpg,Kupro,Large,Grade-1,train,/Users/ayush/Downloads/date-fruit-quality-ml/data/quality/grade/train/Grade-1/Kupro__Large__113.jpg,524.9998779296875,353.99993896484375,147213.5
/Users/ayush/Downloads/date-fruit-quality-ml/data/kaggle/grading/Kupro/Large/Grade-2/152.jpg,Kupro,Large,Grade-2,train,/Users/ayush/Downloads/date-fruit-quality-ml/data/quality/grade/train/Grade-2/Kupro__Large__152.jpg,511.8584899902344,333.3343811035156,136355.0
/Users/ayush/Downloads/date-fruit-quality-ml/data/kaggle/grading/Kupro/Large/Grade-1/195.jpg,Kupro,Large,Grade-1,train,/Users/ayush/Downloads/date-fruit-quality-ml/data/quality/grade/train/Grade-1/Kupro__Large__195.jpg,516.6822509765625,305.312255859375,123520.0
/Users/ayush/Downloads/date-fruit-quality-ml/data/kaggle/grading/Kupro/Large/Grade-3/79.jpg,Kupro,Large,Grade-3,train,/Users/ayush/Downloads/date-fruit-quality-ml/data/quality/grade/train/Grade-3/Kupro__Large__79.jpg,496.4667663574219,359.91937255859375,141247.5
/Users/ayush/Downloads/date-fruit-quality-ml/data/kaggle/grading/Kupro/Large/Grade-1/186.jpg,Kupro,Large,Grade-1,train,/Users/ayush/Downloads/date-fruit-quality-ml/data/quality/grade/train/Grade-1/Kupro__Large__186.jpg,524.3318481445312,335.482177734375,141200.5
/Users/ayush/Downloads/date-fruit-quality-ml/data/kaggle/grading/Kupro/Large/Grade-2/251.jpg,Kupro,Large,Grade-2,train,/Users/ayush/Downloads/date-fruit-quality-ml/data/quality/grade/train/Grade-2/Kupro__Large__251.jpg,457.8486328125,342.1888122558594,125382.5
/Users/ayush/Downloads/date-fruit-quality-ml/data/kaggle/grading/Fasli Toto/Medium/Grade-1/42.jpg,Fasli Toto,Medium,Grade-1,train,/Users/ayush/Downloads/date-fruit-quality-ml/data/quality/grade/train/Grade-1/Fasli-Toto__Medium__42.jpg,427.3477478027344,265.3339538574219,92614.5
/Users/ayush/Downloads/date-fruit-quality-ml/data/kaggle/grading/Kupro/Large/Grade-2/341.jpg,Kupro,Large,Grade-2,train,/Users/ayush/Downloads/date-fruit-quality-ml/data/quality/grade/train/Grade-2/Kupro__Large__341.jpg,517.3543090820312,373.40509033203125,154151.5
/Users/ayush/Downloads/date-fruit-quality-ml/data/kaggle/grading/Gajar/Medium/Grade-1/152.jpg,Gajar,Medium,Grade-1,train,/Users/ayush/Downloads/date-fruit-quality-ml/data/quality/grade/train/Grade-1/Gajar__Medium__152.jpg,577.4150390625,251.3013153076172,114676.5
/Users/ayush/Downloads/date-fruit-quality-ml/data/kaggle/grading/Aseel/Large/Grade-1/6.jpg,Aseel,Large,Grade-1,train,/Users/ayush/Downloads/date-fruit-quality-ml/data/quality/grade/train/Grade-1/Aseel__Large__6.jpg,560.6049194335938,305.0846862792969,143205.5
/Users/ayush/Downloads/date-fruit-quality-ml/data/kaggle/grading/Kupro/Large/Grade-1/319.jpg,Kupro,Large,Grade-1,train,/Users/ayush/Downloads/date-fruit-quality-ml/data/quality/grade/train/Grade-1/Kupro__Large__319.jpg,489.0877990722656,340.9922180175781,134501.0
/Users/ayush/Downloads/date-fruit-quality-ml/data/kaggle/grading/Kupro/Large/Grade-3/111.jpg,Kupro,Large,Grade-3,train,/Users/ayush/Downloads/date-fruit-quality-ml/data/quality/grade/train/Grade-3/Kupro__Large__111.jpg,466.597412109375,339.1107482910156,124392.0
/Users/ayush/Downloads/date-fruit-quality-ml/data/kaggle/grading/Aseel/Medium/Grade-1/113.jpg,Aseel,Medium,Grade-1,train,/Users/ayush/Downloads/date-fruit-quality-ml/data/quality/grade/train/Grade-1/Aseel__Medium__113.jpg,457.1502990722656,300.6062316894531,104597.0
/Users/ayush/Downloads/date-fruit-quality-ml/data/kaggle/grading/Aseel/Small/Grade-1/136.jpg,Aseel,Small,Grade-1,train,/Users/ayush/Downloads/date-fruit-quality-ml/data/quality/grade/train/Grade-1/Aseel__Small__136.jpg,441.7711181640625,266.5292663574219,92983.5
/Users/ayush/Downloads/date-fruit-quality-ml/data/kaggle/grading/Kupro/Large/Grade-2/113.jpg,Kupro,Large,Grade-2,train,/Users/ayush/Downloads/date-fruit-quality-ml/data/quality/grade/train/Grade-2/Kupro__Large__113.jpg,535.8042602539062,345.20697021484375,141907.0
/Users/ayush/Downloads/date-fruit-quality-ml/data/kaggle/grading/Gajar/Medium/Grade-1/106.jpg,Gajar,Medium,Grade-1,train,/Users/ayush/Downloads/date-fruit-quality-ml/data/quality/grade/train/Grade-1/Gajar__Medium__106.jpg,589.8128662109375,259.7273254394531,127805.5
/Users/ayush/Downloads/date-fruit-quality-ml/data/kaggle/grading/Kupro/Large/Grade-2/17.jpg,Kupro,Large,Grade-2,train,/Users/ayush/Downloads/date-fruit-quality-ml/data/quality/grade/train/Grade-2/Kupro__Large__17.jpg,503.3447570800781,322.4268798828125,127257.0
/Users/ayush/Downloads/date-fruit-quality-ml/data/kaggle/grading/Gajar/Large/Grade-2/9.jpg,Gajar,Large,Grade-2,train,/Users/ayush/Downloads/date-fruit-quality-ml/data/quality/grade/train/Grade-2/Gajar__Large__9.jpg,633.9987182617188,299.16668701171875,154084.5
/Users/ayush/Downloads/date-fruit-quality-ml/data/kaggle/grading/Gajar/Small/Grade-1/23.jpg,Gajar,Small,Grade-1,train,/Users/ayush/Downloads/date-fruit-quality-ml/data/quality/grade/train/Grade-1/Gajar__Small__23.jpg,567.0,264.0,128311.0
/Users/ayush/Downloads/date-fruit-quality-ml/data/kaggle/grading/Kupro/Large/Grade-1/231.jpg,Kupro,Large,Grade-1,train,/Users/ayush/Downloads/date-fruit-quality-ml/data/quality/grade/train/Grade-1/Kupro__Large__231.jpg,474.6442565917969,359.431396484375,136435.0
/Users/ayush/Downloads/date-fruit-quality-ml/data/kaggle/grading/Aseel/Large/Grade-1/90.jpg,Aseel,Large,Grade-1,train,/Users/ayush/Downloads/date-fruit-quality-ml/data/quality/grade/train/Grade-1/Aseel__Large__90.jpg,517.472900390625,304.6293029785156,124150.0
/Users/ayush/Downloads/date-fruit-quality-ml/data/kaggle/grading/Gajar/Large/Grade-2/88.jpg,Gajar,Large,Grade-2,train,/Users/ayush/Downloads/date-fruit-quality-ml/data/quality/grade/train/Grade-2/Gajar__Large__88.jpg,627.0119018554688,297.5570373535156,154452.0
/Users/ayush/Downloads/date-fruit-quality-ml/data/kaggle/grading/Gajar/Small/Grade-3/103.jpg,Gajar,Small,Grade-3,train,/Users/ayush/Downloads/date-fruit-quality-ml/data/quality/grade/train/Grade-3/Gajar__Small__103.jpg,550.31787109375,270.9063415527344,119689.5
/Users/ayush/Downloads/date-fruit-quality-ml/data/kaggle/grading/Gajar/Large/Grade-1/62.jpg,Gajar,Large,Grade-1,train,/Users/ayush/Downloads/date-fruit-quality-ml/data/quality/grade/train/Grade-1/Gajar__Large__62.jpg,648.2725219726562,288.6591491699219,152665.0
/Users/ayush/Downloads/date-fruit-quality-ml/data/kaggle/grading/Aseel/Small/Grade-1/140.jpg,Aseel,Small,Grade-1,train,/Users/ayush/Downloads/date-fruit-quality-ml/data/quality/grade/train/Grade-1/Aseel__Small__140.jpg,415.5643615722656,247.6720428466797,82484.0
/Users/ayush/Downloads/date-fruit-quality-ml/data/kaggle/grading/Aseel/Small/Grade-1/107.jpg,Aseel,Small,Grade-1,train,/Users/ayush/Downloads/date-fruit-quality-ml/data/quality/grade/train/Grade-1/Aseel__Small__107.jpg,430.3261413574219,237.6818084716797,83505.5
/Users/ayush/Downloads/date-fruit-quality-ml/data/kaggle/grading/Aseel/Small/Grade-1/124.jpg,Aseel,Small,Grade-1,train,/Users/ayush/Downloads/date-fruit-quality-ml/data/quality/grade/train/Grade-1/Aseel__Small__124.jpg,414.4933776855469,249.8116912841797,83344.0
/Users/ayush/Downloads/date-fruit-quality-ml/data/kaggle/grading/Fasli Toto/Medium/Grade-1/104.jpg,Fasli Toto,Medium,Grade-1,train,/Users/ayush/Downloads/date-fruit-quality-ml/data/quality/grade/train/Grade-1/Fasli-Toto__Medium__104.jpg,396.02813720703125,272.8546142578125,90995.5
/Users/ayush/Downloads/date-fruit-quality-ml/data/kaggle/grading/Kupro/Large/Grade-3/91.jpg,Kupro,Large,Grade-3,train,/Users/ayush/Downloads/date-fruit-quality-ml/data/quality/grade/train/Grade-3/Kupro__Large__91.jpg,542.0899047851562,345.3099365234375,147000.0
/Users/ayush/Downloads/date-fruit-quality-ml/data/kaggle/grading/Gajar/Large/Grade-1/127.jpg,Gajar,Large,Grade-1,train,/Users/ayush/Downloads/date-fruit-quality-ml/data/quality/grade/train/Grade-1/Gajar__Large__127.jpg,604.2679443359375,270.517578125,138626.0
/Users/ayush/Downloads/date-fruit-quality-ml/data/kaggle/grading/Kupro/Large/Grade-2/318.jpg,Kupro,Large,Grade-2,train,/Users/ayush/Downloads/date-fruit-quality-ml/data/quality/grade/train/Grade-2/Kupro__Large__318.jpg,498.91949462890625,352.81292724609375,136562.0
/Users/ayush/Downloads/date-fruit-quality-ml/data/kaggle/grading/Gajar/Small/Grade-3/104.jpg,Gajar,Small,Grade-3,train,/Users/ayush/Downloads/date-fruit-quality-ml/data/quality/grade/train/Grade-3/Gajar__Small__104.jpg,559.0386352539062,270.5390625,125402.5
/Users/ayush/Downloads/date-fruit-quality-ml/data/kaggle/grading/Gajar/Medium/Grade-1/6.jpg,Gajar,Medium,Grade-1,train,/Users/ayush/Downloads/date-fruit-quality-ml/data/quality/grade/train/Grade-1/Gajar__Medium__6.jpg,587.0579223632812,256.33721923828125,128607.5
/Users/ayush/Downloads/date-fruit-quality-ml/data/kaggle/grading/Gajar/Medium/Grade-3/46.jpg,Gajar,Medium,Grade-3,train,/Users/ayush/Downloads/date-fruit-quality-ml/data/quality/grade/train/Grade-3/Gajar__Medium__46.jpg,572.2744140625,257.8016357421875,121812.0
/Users/ayush/Downloads/date-fruit-quality-ml/data/kaggle/grading/Fasli Toto/Large/Grade-1/91.jpg,Fasli Toto,Large,Grade-1,train,/Users/ayush/Downloads/date-fruit-quality-ml/data/quality/grade/train/Grade-1/Fasli-Toto__Large__91.jpg,458.532470703125,311.610107421875,113067.0
/Users/ayush/Downloads/date-fruit-quality-ml/data/kaggle/grading/Gajar/Medium/Grade-1/112.jpg,Gajar,Medium,Grade-1,train,/Users/ayush/Downloads/date-fruit-quality-ml/data/quality/grade/train/Grade-1/Gajar__Medium__112.jpg,561.0724487304688,261.0491027832031,125526.0
/Users/ayush/Downloads/date-fruit-quality-ml/data/kaggle/grading/Kupro/Large/Grade-3/37.jpg,Kupro,Large,Grade-3,train,/Users/ayush/Downloads/date-fruit-quality-ml/data/quality/grade/train/Grade-3/Kupro__Large__37.jpg,473.3264465332031,354.3087158203125,130700.5
/Users/ayush/Downloads/date-fruit-quality-ml/data/kaggle/grading/Gajar/Large/Grade-2/92.jpg,Gajar,Large,Grade-2,train,/Users/ayush/Downloads/date-fruit-quality-ml/data/quality/grade/train/Grade-2/Gajar__Large__92.jpg,610.1220092773438,289.9966735839844,140642.5
/Users/ayush/Downloads/date-fruit-quality-ml/data/kaggle/grading/Gajar/Small/Grade-3/39.jpg,Gajar,Small,Grade-3,train,/Users/ayush/Downloads/date-fruit-quality-ml/data/quality/grade/train/Grade-3/Gajar__Small__39.jpg,579.7811889648438,273.5802307128906,128850.5
/Users/ayush/Downloads/date-fruit-quality-ml/data/kaggle/grading/Gajar/Large/Grade-1/95.jpg,Gajar,Large,Grade-1,train,/Users/ayush/Downloads/date-fruit-quality-ml/data/quality/grade/train/Grade-1/Gajar__Large__95.jpg,627.8707275390625,274.7844543457031,136985.5
/Users/ayush/Downloads/date-fruit-quality-ml/data/kaggle/grading/Gajar/Small/Grade-3/184.jpg,Gajar,Small,Grade-3,train,/Users/ayush/Downloads/date-fruit-quality-ml/data/quality/grade/train/Grade-3/Gajar__Small__184.jpg,548.608154296875,260.76495361328125,117246.5
/Users/ayush/Downloads/date-fruit-quality-ml/data/kaggle/grading/Kupro/Large/Grade-1/101.jpg,Kupro,Large,Grade-1,train,/Users/ayush/Downloads/date-fruit-quality-ml/data/quality/grade/train/Grade-1/Kupro__Large__101.jpg,534.0755615234375,385.0814208984375,161682.0
/Users/ayush/Downloads/date-fruit-quality-ml/data/kaggle/grading/Gajar/Large/Grade-2/61.jpg,Gajar,Large,Grade-2,train,/Users/ayush/Downloads/date-fruit-quality-ml/data/quality/grade/train/Grade-2/Gajar__Large__61.jpg,605.9453735351562,303.8436584472656,150856.0
/Users/ayush/Downloads/date-fruit-quality-ml/data/kaggle/grading/Gajar/Medium/Grade-3/57.jpg,Gajar,Medium,Grade-3,train,/Users/ayush/Downloads/date-fruit-quality-ml/data/quality/grade/train/Grade-3/Gajar__Medium__57.jpg,621.7880859375,279.3376770019531,137640.5
/Users/ayush/Downloads/date-fruit-quality-ml/data/kaggle/grading/Gajar/Medium/Grade-2/25.jpg,Gajar,Medium,Grade-2,train,/Users/ayush/Downloads/date-fruit-quality-ml/data/quality/grade/train/Grade-2/Gajar__Medium__25.jpg,555.88427734375,257.8646545410156,120934.5
/Users/ayush/Downloads/date-fruit-quality-ml/data/kaggle/grading/Kupro/Large/Grade-1/152.jpg,Kupro,Large,Grade-1,train,/Users/ayush/Downloads/date-fruit-quality-ml/data/quality/grade/train/Grade-1/Kupro__Large__152.jpg,492.4751892089844,331.23590087890625,129982.5
/Users/ayush/Downloads/date-fruit-quality-ml/data/kaggle/grading/Gajar/Small/Grade-2/112.jpg,Gajar,Small,Grade-2,train,/Users/ayush/Downloads/date-fruit-quality-ml/data/quality/grade/train/Grade-2/Gajar__Small__112.jpg,571.5776977539062,298.06341552734375,137409.0
/Users/ayush/Downloads/date-fruit-quality-ml/data/kaggle/grading/Aseel/Medium/Grade-1/163.jpg,Aseel,Medium,Grade-1,train,/Users/ayush/Downloads/date-fruit-quality-ml/data/quality/grade/train/Grade-1/Aseel__Medium__163.jpg,466.290771484375,284.1625671386719,104344.0
/Users/ayush/Downloads/date-fruit-quality-ml/data/kaggle/grading/Gajar/Medium/Grade-1/198.jpg,Gajar,Medium,Grade-1,train,/Users/ayush/Downloads/date-fruit-quality-ml/data/quality/grade/train/Grade-1/Gajar__Medium__198.jpg,575.8251953125,250.54840087890625,123695.5
/Users/ayush/Downloads/date-fruit-quality-ml/data/kaggle/grading/Aseel/Small/Grade-1/123.jpg,Aseel,Small,Grade-1,train,/Users/ayush/Downloads/date-fruit-quality-ml/data/quality/grade/train/Grade-1/Aseel__Small__123.jpg,421.57427978515625,254.63465881347656,82748.5
/Users/ayush/Downloads/date-fruit-quality-ml/data/kaggle/grading/Kupro/Large/Grade-1/248.jpg,Kupro,Large,Grade-1,train,/Users/ayush/Downloads/date-fruit-quality-ml/data/quality/grade/train/Grade-1/Kupro__Large__248.jpg,524.3593139648438,380.67974853515625,158024.0
/Users/ayush/Downloads/date-fruit-quality-ml/data/kaggle/grading/Gajar/Small/Grade-2/11.jpg,Gajar,Small,Grade-2,train,/Users/ayush/Downloads/date-fruit-quality-ml/data/quality/grade/train/Grade-2/Gajar__Small__11.jpg,566.85693359375,237.59170532226562,116786.5
/Users/ayush/Downloads/date-fruit-quality-ml/data/kaggle/grading/Gajar/Small/Grade-3/116.jpg,Gajar,Small,Grade-3,train,/Users/ayush/Downloads/date-fruit-quality-ml/data/quality/grade/train/Grade-3/Gajar__Small__116.jpg,546.0,274.0,125461.5
/Users/ayush/Downloads/date-fruit-quality-ml/data/kaggle/grading/Gajar/Large/Grade-3/66.jpg,Gajar,Large,Grade-3,train,/Users/ayush/Downloads/date-fruit-quality-ml/data/quality/grade/train/Grade-3/Gajar__Large__66.jpg,695.570556640625,317.4505615234375,176067.0
/Users/ayush/Downloads/date-fruit-quality-ml/data/kaggle/grading/Gajar/Medium/Grade-1/102.jpg,Gajar,Medium,Grade-1,train,/Users/ayush/Downloads/date-fruit-quality-ml/data/quality/grade/train/Grade-1/Gajar__Medium__102.jpg,553.2390747070312,284.6772766113281,132160.0
/Users/ayush/Downloads/date-fruit-quality-ml/data/kaggle/grading/Kupro/Large/Grade-1/155.jpg,Kupro,Large,Grade-1,train,/Users/ayush/Downloads/date-fruit-quality-ml/data/quality/grade/train/Grade-1/Kupro__Large__155.jpg,459.8633117675781,366.54693603515625,130341.5
/Users/ayush/Downloads/date-fruit-quality-ml/data/kaggle/grading/Aseel/Large/Grade-1/141.jpg,Aseel,Large,Grade-1,train,/Users/ayush/Downloads/date-fruit-quality-ml/data/quality/grade/train/Grade-1/Aseel__Large__141.jpg,521.2999877929688,294.92901611328125,128896.5
/Users/ayush/Downloads/date-fruit-quality-ml/data/kaggle/grading/Kupro/Large/Grade-2/343.jpg,Kupro,Large,Grade-2,train,/Users/ayush/Downloads/date-fruit-quality-ml/data/quality/grade/train/Grade-2/Kupro__Large__343.jpg,445.1697082519531,362.14849853515625,131519.0
/Users/ayush/Downloads/date-fruit-quality-ml/data/kaggle/grading/Gajar/Large/Grade-1/40.jpg,Gajar,Large,Grade-1,train,/Users/ayush/Downloads/date-fruit-quality-ml/data/quality/grade/train/Grade-1/Gajar__Large__40.jpg,638.411376953125,278.0240783691406,145628.0
/Users/ayush/Downloads/date-fruit-quality-ml/data/kaggle/grading/Kupro/Large/Grade-1/72.jpg,Kupro,Large,Grade-1,train,/Users/ayush/Downloads/date-fruit-quality-ml/data/quality/grade/train/Grade-1/Kupro__Large__72.jpg,517.9513549804688,338.5159606933594,137416.5
/Users/ayush/Downloads/date-fruit-quality-ml/data/kaggle/grading/Fasli Toto/Small/Grade-1/52.jpg,Fasli Toto,Small,Grade-1,train,/Users/ayush/Downloads/date-fruit-quality-ml/data/quality/grade/train/Grade-1/Fasli-Toto__Small__52.jpg,383.0887756347656,248.13987731933594,77424.0
/Users/ayush/Downloads/date-fruit-quality-ml/data/kaggle/grading/Aseel/Medium/Grade-1/157.jpg,Aseel,Medium,Grade-1,train,/Users/ayush/Downloads/date-fruit-quality-ml/data/quality/grade/train/Grade-1/Aseel__Medium__157.jpg,473.99993896484375,289.99993896484375,106685.0
/Users/ayush/Downloads/date-fruit-quality-ml/data/kaggle/grading/Aseel/Small/Grade-1/64.jpg,Aseel,Small,Grade-1,train,/Users/ayush/Downloads/date-fruit-quality-ml/data/quality/grade/train/Grade-1/Aseel__Small__64.jpg,442.2550964355469,276.9924011230469,96036.0
/Users/ayush/Downloads/date-fruit-quality-ml/data/kaggle/grading/Gajar/Large/Grade-3/28.jpg,Gajar,Large,Grade-3,train,/Users/ayush/Downloads/date-fruit-quality-ml/data/quality/grade/train/Grade-3/Gajar__Large__28.jpg,624.3907470703125,296.3189697265625,152502.0
/Users/ayush/Downloads/date-fruit-quality-ml/data/kaggle/grading/Fasli Toto/Large/Grade-1/114.jpg,Fasli Toto,Large,Grade-1,train,/Users/ayush/Downloads/date-fruit-quality-ml/data/quality/grade/train/Grade-1/Fasli-Toto__Large__114.jpg,475.23553466796875,315.93701171875,116328.0
/Users/ayush/Downloads/date-fruit-quality-ml/data/kaggle/grading/Aseel/Small/Grade-1/43.jpg,Aseel,Small,Grade-1,train,/Users/ayush/Downloads/date-fruit-quality-ml/data/quality/grade/train/Grade-1/Aseel__Small__43.jpg,462.676025390625,243.4209442138672,90615.0
/Users/ayush/Downloads/date-fruit-quality-ml/data/kaggle/grading/Kupro/Large/Grade-2/182.jpg,Kupro,Large,Grade-2,train,/Users/ayush/Downloads/date-fruit-quality-ml/data/quality/grade/train/Grade-2/Kupro__Large__182.jpg,540.3807983398438,338.7431640625,139350.5
/Users/ayush/Downloads/date-fruit-quality-ml/data/kaggle/grading/Fasli Toto/Small/Grade-1/15.jpg,Fasli Toto,Small,Grade-1,train,/Users/ayush/Downloads/date-fruit-quality-ml/data/quality/grade/train/Grade-1/Fasli-Toto__Small__15.jpg,375.2987060546875,275.2099609375,80116.5
/Users/ayush/Downloads/date-fruit-quality-ml/data/kaggle/grading/Gajar/Small/Grade-3/157.jpg,Gajar,Small,Grade-3,train,/Users/ayush/Downloads/date-fruit-quality-ml/data/quality/grade/train/Grade-3/Gajar__Small__157.jpg,539.23291015625,254.84625244140625,113604.0
/Users/ayush/Downloads/date-fruit-quality-ml/data/kaggle/grading/Kupro/Large/Grade-3/5.jpg,Kupro,Large,Grade-3,train,/Users/ayush/Downloads/date-fruit-quality-ml/data/quality/grade/train/Grade-3/Kupro__Large__5.jpg,503.60888671875,340.38470458984375,131920.5
/Users/ayush/Downloads/date-fruit-quality-ml/data/kaggle/grading/Kupro/Large/Grade-1/156.jpg,Kupro,Large,Grade-1,train,/Users/ayush/Downloads/date-fruit-quality-ml/data/quality/grade/train/Grade-1/Kupro__Large__156.jpg,494.18310546875,315.42462158203125,120326.0
/Users/ayush/Downloads/date-fruit-quality-ml/data/kaggle/grading/Kupro/Large/Grade-1/285.jpg,Kupro,Large,Grade-1,train,/Users/ayush/Downloads/date-fruit-quality-ml/data/quality/grade/train/Grade-1/Kupro__Large__285.jpg,500.8572692871094,355.5047912597656,141194.0
/Users/ayush/Downloads/date-fruit-quality-ml/data/kaggle/grading/Gajar/Large/Grade-3/103.jpg,Gajar,Large,Grade-3,train,/Users/ayush/Downloads/date-fruit-quality-ml/data/quality/grade/train/Grade-3/Gajar__Large__103.jpg,630.5855102539062,303.87493896484375,151064.0
/Users/ayush/Downloads/date-fruit-quality-ml/data/kaggle/grading/Fasli Toto/Medium/Grade-1/62.jpg,Fasli Toto,Medium,Grade-1,train,/Users/ayush/Downloads/date-fruit-quality-ml/data/quality/grade/train/Grade-1/Fasli-Toto__Medium__62.jpg,412.7100524902344,274.7649841308594,87560.5
/Users/ayush/Downloads/date-fruit-quality-ml/data/kaggle/grading/Aseel/Medium/Grade-1/110.jpg,Aseel,Medium,Grade-1,train,/Users/ayush/Downloads/date-fruit-quality-ml/data/quality/grade/train/Grade-1/Aseel__Medium__110.jpg,509.91302490234375,282.397216796875,115002.0
/Users/ayush/Downloads/date-fruit-quality-ml/data/kaggle/grading/Gajar/Small/Grade-2/86.jpg,Gajar,Small,Grade-2,train,/Users/ayush/Downloads/date-fruit-quality-ml/data/quality/grade/train/Grade-2/Gajar__Small__86.jpg,593.9998779296875,299.99993896484375,149171.0
/Users/ayush/Downloads/date-fruit-quality-ml/data/kaggle/grading/Gajar/Small/Grade-3/186.jpg,Gajar,Small,Grade-3,train,/Users/ayush/Downloads/date-fruit-quality-ml/data/quality/grade/train/Grade-3/Gajar__Small__186.jpg,556.0,235.0,114253.5
/Users/ayush/Downloads/date-fruit-quality-ml/data/kaggle/grading/Gajar/Large/Grade-1/20.jpg,Gajar,Large,Grade-1,train,/Users/ayush/Downloads/date-fruit-quality-ml/data/quality/grade/train/Grade-1/Gajar__Large__20.jpg,572.9296264648438,294.1402893066406,138934.0
/Users/ayush/Downloads/date-fruit-quality-ml/data/kaggle/grading/Gajar/Medium/Grade-3/47.jpg,Gajar,Medium,Grade-3,train,/Users/ayush/Downloads/date-fruit-quality-ml/data/quality/grade/train/Grade-3/Gajar__Medium__47.jpg,595.4314575195312,254.30311584472656,129126.0
/Users/ayush/Downloads/date-fruit-quality-ml/data/kaggle/grading/Gajar/Large/Grade-3/96.jpg,Gajar,Large,Grade-3,train,/Users/ayush/Downloads/date-fruit-quality-ml/data/quality/grade/train/Grade-3/Gajar__Large__96.jpg,654.1463623046875,282.9167785644531,150483.5
/Users/ayush/Downloads/date-fruit-quality-ml/data/kaggle/grading/Kupro/Large/Grade-2/274.jpg,Kupro,Large,Grade-2,train,/Users/ayush/Downloads/date-fruit-quality-ml/data/quality/grade/train/Grade-2/Kupro__Large__274.jpg,505.8405456542969,325.32122802734375,132225.5
/Users/ayush/Downloads/date-fruit-quality-ml/data/kaggle/grading/Fasli Toto/Large/Grade-1/101.jpg,Fasli Toto,Large,Grade-1,train,/Users/ayush/Downloads/date-fruit-quality-ml/data/quality/grade/train/Grade-1/Fasli-Toto__Large__101.jpg,500.9970703125,313.1451416015625,123573.0
/Users/ayush/Downloads/date-fruit-quality-ml/data/kaggle/grading/Fasli Toto/Medium/Grade-1/96.jpg,Fasli Toto,Medium,Grade-1,train,/Users/ayush/Downloads/date-fruit-quality-ml/data/quality/grade/train/Grade-1/Fasli-Toto__Medium__96.jpg,444.0079345703125,253.7157440185547,84259.0
/Users/ayush/Downloads/date-fruit-quality-ml/data/kaggle/grading/Fasli Toto/Medium/Grade-1/115.jpg,Fasli Toto,Medium,Grade-1,train,/Users/ayush/Downloads/date-fruit-quality-ml/data/quality/grade/train/Grade-1/Fasli-Toto__Medium__115.jpg,399.0,253.0,82642.0
/Users/ayush/Downloads/date-fruit-quality-ml/data/kaggle/grading/Kupro/Large/Grade-2/109.jpg,Kupro,Large,Grade-2,train,/Users/ayush/Downloads/date-fruit-quality-ml/data/quality/grade/train/Grade-2/Kupro__Large__109.jpg,517.0,340.0,134501.0
/Users/ayush/Downloads/date-fruit-quality-ml/data/kaggle/grading/Gajar/Medium/Grade-1/18.jpg,Gajar,Medium,Grade-1,train,/Users/ayush/Downloads/date-fruit-quality-ml/data/quality/grade/train/Grade-1/Gajar__Medium__18.jpg,569.220947265625,253.14425659179688,117494.5
/Users/ayush/Downloads/date-fruit-quality-ml/data/kaggle/grading/Gajar/Small/Grade-2/18.jpg,Gajar,Small,Grade-2,train,/Users/ayush/Downloads/date-fruit-quality-ml/data/quality/grade/train/Grade-2/Gajar__Small__18.jpg,557.9701538085938,265.01116943359375,122411.5
/Users/ayush/Downloads/date-fruit-quality-ml/data/kaggle/grading/Fasli Toto/Medium/Grade-1/26.jpg,Fasli Toto,Medium,Grade-1,train,/Users/ayush/Downloads/date-fruit-quality-ml/data/quality/grade/train/Grade-1/Fasli-Toto__Medium__26.jpg,391.2505798339844,294.5265197753906,90028.0
/Users/ayush/Downloads/date-fruit-quality-ml/data/kaggle/grading/Kupro/Large/Grade-2/36.jpg,Kupro,Large,Grade-2,train,/Users/ayush/Downloads/date-fruit-quality-ml/data/quality/grade/train/Grade-2/Kupro__Large__36.jpg,488.2628479003906,335.9341125488281,132090.0
/Users/ayush/Downloads/date-fruit-quality-ml/data/kaggle/grading/Kupro/Large/Grade-2/72.jpg,Kupro,Large,Grade-2,train,/Users/ayush/Downloads/date-fruit-quality-ml/data/quality/grade/train/Grade-2/Kupro__Large__72.jpg,503.0357666015625,337.1485595703125,129563.5
/Users/ayush/Downloads/date-fruit-quality-ml/data/kaggle/grading/Kupro/Large/Grade-2/82.jpg,Kupro,Large,Grade-2,train,/Users/ayush/Downloads/date-fruit-quality-ml/data/quality/grade/train/Grade-2/Kupro__Large__82.jpg,474.8627014160156,361.17803955078125,138338.0
/Users/ayush/Downloads/date-fruit-quality-ml/data/kaggle/grading/Fasli Toto/Large/Grade-1/22.jpg,Fasli Toto,Large,Grade-1,train,/Users/ayush/Downloads/date-fruit-quality-ml/data/quality/grade/train/Grade-1/Fasli-Toto__Large__22.jpg,509.8067321777344,280.7513427734375,113073.0
/Users/ayush/Downloads/date-fruit-quality-ml/data/kaggle/grading/Kupro/Large/Grade-1/124.jpg,Kupro,Large,Grade-1,train,/Users/ayush/Downloads/date-fruit-quality-ml/data/quality/grade/train/Grade-1/Kupro__Large__124.jpg,518.0264282226562,375.8979797363281,150945.5
/Users/ayush/Downloads/date-fruit-quality-ml/data/kaggle/grading/Gajar/Large/Grade-1/14.jpg,Gajar,Large,Grade-1,train,/Users/ayush/Downloads/date-fruit-quality-ml/data/quality/grade/train/Grade-1/Gajar__Large__14.jpg,628.3558349609375,286.87701416015625,148463.5
/Users/ayush/Downloads/date-fruit-quality-ml/data/kaggle/grading/Gajar/Large/Grade-3/82.jpg,Gajar,Large,Grade-3,train,/Users/ayush/Downloads/date-fruit-quality-ml/data/quality/grade/train/Grade-3/Gajar__Large__82.jpg,656.6421508789062,298.7418212890625,165511.5
/Users/ayush/Downloads/date-fruit-quality-ml/data/kaggle/grading/Gajar/Medium/Grade-1/155.jpg,Gajar,Medium,Grade-1,train,/Users/ayush/Downloads/date-fruit-quality-ml/data/quality/grade/train/Grade-1/Gajar__Medium__155.jpg,599.4879150390625,275.3746337890625,134527.5
/Users/ayush/Downloads/date-fruit-quality-ml/data/kaggle/grading/Kupro/Large/Grade-3/86.jpg,Kupro,Large,Grade-3,train,/Users/ayush/Downloads/date-fruit-quality-ml/data/quality/grade/train/Grade-3/Kupro__Large__86.jpg,517.5986328125,361.2738342285156,148834.5
/Users/ayush/Downloads/date-fruit-quality-ml/data/kaggle/grading/Aseel/Medium/Grade-1/52.jpg,Aseel,Medium,Grade-1,train,/Users/ayush/Downloads/date-fruit-quality-ml/data/quality/grade/train/Grade-1/Aseel__Medium__52.jpg,475.5670166015625,282.5495910644531,104711.5
/Users/ayush/Downloads/date-fruit-quality-ml/data/kaggle/grading/Kupro/Large/Grade-1/93.jpg,Kupro,Large,Grade-1,train,/Users/ayush/Downloads/date-fruit-quality-ml/data/quality/grade/train/Grade-1/Kupro__Large__93.jpg,533.6939697265625,371.50830078125,152999.0
/Users/ayush/Downloads/date-fruit-quality-ml/data/kaggle/grading/Kupro/Large/Grade-2/91.jpg,Kupro,Large,Grade-2,train,/Users/ayush/Downloads/date-fruit-quality-ml/data/quality/grade/train/Grade-2/Kupro__Large__91.jpg,531.0,373.0,152176.0
/Users/ayush/Downloads/date-fruit-quality-ml/data/kaggle/grading/Gajar/Medium/Grade-2/19.jpg,Gajar,Medium,Grade-2,train,/Users/ayush/Downloads/date-fruit-quality-ml/data/quality/grade/train/Grade-2/Gajar__Medium__19.jpg,565.408935546875,257.0391845703125,123465.0
/Users/ayush/Downloads/date-fruit-quality-ml/data/kaggle/grading/Aseel/Medium/Grade-1/13.jpg,Aseel,Medium,Grade-1,train,/Users/ayush/Downloads/date-fruit-quality-ml/data/quality/grade/train/Grade-1/Aseel__Medium__13.jpg,456.1334228515625,288.7056579589844,106772.5
/Users/ayush/Downloads/date-fruit-quality-ml/data/kaggle/grading/Gajar/Medium/Grade-1/55.jpg,Gajar,Medium,Grade-1,train,/Users/ayush/Downloads/date-fruit-quality-ml/data/quality/grade/train/Grade-1/Gajar__Medium__55.jpg,586.6466064453125,241.761962890625,118433.5
/Users/ayush/Downloads/date-fruit-quality-ml/data/kaggle/grading/Fasli Toto/Medium/Grade-1/29.jpg,Fasli Toto,Medium,Grade-1,train,/Users/ayush/Downloads/date-fruit-quality-ml/data/quality/grade/train/Grade-1/Fasli-Toto__Medium__29.jpg,425.0,272.0,90743.5
/Users/ayush/Downloads/date-fruit-quality-ml/data/kaggle/grading/Gajar/Medium/Grade-2/40.jpg,Gajar,Medium,Grade-2,train,/Users/ayush/Downloads/date-fruit-quality-ml/data/quality/grade/train/Grade-2/Gajar__Medium__40.jpg,536.6263427734375,252.06944274902344,117605.5
/Users/ayush/Downloads/date-fruit-quality-ml/data/kaggle/grading/Kupro/Large/Grade-2/197.jpg,Kupro,Large,Grade-2,train,/Users/ayush/Downloads/date-fruit-quality-ml/data/quality/grade/train/Grade-2/Kupro__Large__197.jpg,502.69683837890625,360.4569396972656,141279.5
/Users/ayush/Downloads/date-fruit-quality-ml/data/kaggle/grading/Gajar/Large/Grade-1/157.jpg,Gajar,Large,Grade-1,train,/Users/ayush/Downloads/date-fruit-quality-ml/data/quality/grade/train/Grade-1/Gajar__Large__157.jpg,606.1029663085938,274.552490234375,145093.5
/Users/ayush/Downloads/date-fruit-quality-ml/data/kaggle/grading/Aseel/Small/Grade-1/94.jpg,Aseel,Small,Grade-1,train,/Users/ayush/Downloads/date-fruit-quality-ml/data/quality/grade/train/Grade-1/Aseel__Small__94.jpg,430.8915710449219,257.5079345703125,88487.5
/Users/ayush/Downloads/date-fruit-quality-ml/data/kaggle/grading/Gajar/Medium/Grade-1/21.jpg,Gajar,Medium,Grade-1,train,/Users/ayush/Downloads/date-fruit-quality-ml/data/quality/grade/train/Grade-1/Gajar__Medium__21.jpg,518.8018798828125,249.13877868652344,106573.0
/Users/ayush/Downloads/date-fruit-quality-ml/data/kaggle/grading/Kupro/Large/Grade-1/261.jpg,Kupro,Large,Grade-1,train,/Users/ayush/Downloads/date-fruit-quality-ml/data/quality/grade/train/Grade-1/Kupro__Large__261.jpg,515.1965942382812,337.9713439941406,134916.0
/Users/ayush/Downloads/date-fruit-quality-ml/data/kaggle/grading/Gajar/Large/Grade-3/31.jpg,Gajar,Large,Grade-3,train,/Users/ayush/Downloads/date-fruit-quality-ml/data/quality/grade/train/Grade-3/Gajar__Large__31.jpg,628.2833251953125,296.3252258300781,154989.5
/Users/ayush/Downloads/date-fruit-quality-ml/data/kaggle/grading/Gajar/Medium/Grade-3/56.jpg,Gajar,Medium,Grade-3,train,/Users/ayush/Downloads/date-fruit-quality-ml/data/quality/grade/train/Grade-3/Gajar__Medium__56.jpg,576.0,249.0,119792.0
/Users/ayush/Downloads/date-fruit-quality-ml/data/kaggle/grading/Gajar/Small/Grade-2/28.jpg,Gajar,Small,Grade-2,train,/Users/ayush/Downloads/date-fruit-quality-ml/data/quality/grade/train/Grade-2/Gajar__Small__28.jpg,548.538330078125,259.5227966308594,117741.5
/Users/ayush/Downloads/date-fruit-quality-ml/data/kaggle/grading/Aseel/Small/Grade-1/46.jpg,Aseel,Small,Grade-1,train,/Users/ayush/Downloads/date-fruit-quality-ml/data/quality/grade/train/Grade-1/Aseel__Small__46.jpg,462.14813232421875,276.2923278808594,96926.0
/Users/ayush/Downloads/date-fruit-quality-ml/data/kaggle/grading/Gajar/Medium/Grade-1/26.jpg,Gajar,Medium,Grade-1,train,/Users/ayush/Downloads/date-fruit-quality-ml/data/quality/grade/train/Grade-1/Gajar__Medium__26.jpg,526.29736328125,268.02587890625,116182.0
/Users/ayush/Downloads/date-fruit-quality-ml/data/kaggle/grading/Aseel/Large/Grade-1/80.jpg,Aseel,Large,Grade-1,train,/Users/ayush/Downloads/date-fruit-quality-ml/data/quality/grade/train/Grade-1/Aseel__Large__80.jpg,520.7897338867188,286.9563903808594,123441.0
/Users/ayush/Downloads/date-fruit-quality-ml/data/kaggle/grading/Kupro/Large/Grade-1/107.jpg,Kupro,Large,Grade-1,train,/Users/ayush/Downloads/date-fruit-quality-ml/data/quality/grade/train/Grade-1/Kupro__Large__107.jpg,499.62042236328125,314.5251159667969,121475.0
/Users/ayush/Downloads/date-fruit-quality-ml/data/kaggle/grading/Kupro/Large/Grade-1/203.jpg,Kupro,Large,Grade-1,train,/Users/ayush/Downloads/date-fruit-quality-ml/data/quality/grade/train/Grade-1/Kupro__Large__203.jpg,442.0695495605469,286.9455261230469,99755.5
/Users/ayush/Downloads/date-fruit-quality-ml/data/kaggle/grading/Gajar/Medium/Grade-1/186.jpg,Gajar,Medium,Grade-1,train,/Users/ayush/Downloads/date-fruit-quality-ml/data/quality/grade/train/Grade-1/Gajar__Medium__186.jpg,616.3090209960938,271.9212951660156,132421.5
/Users/ayush/Downloads/date-fruit-quality-ml/data/kaggle/grading/Gajar/Small/Grade-3/199.jpg,Gajar,Small,Grade-3,train,/Users/ayush/Downloads/date-fruit-quality-ml/data/quality/grade/train/Grade-3/Gajar__Small__199.jpg,566.4041748046875,269.26873779296875,122911.5
/Users/ayush/Downloads/date-fruit-quality-ml/data/kaggle/grading/Aseel/Medium/Grade-1/15.jpg,Aseel,Medium,Grade-1,train,/Users/ayush/Downloads/date-fruit-quality-ml/data/quality/grade/train/Grade-1/Aseel__Medium__15.jpg,461.69036865234375,266.2242431640625,101263.5
/Users/ayush/Downloads/date-fruit-quality-ml/data/kaggle/grading/Gajar/Small/Grade-1/81.jpg,Gajar,Small,Grade-1,train,/Users/ayush/Downloads/date-fruit-quality-ml/data/quality/grade/train/Grade-1/Gajar__Small__81.jpg,577.7782592773438,239.40093994140625,121967.0
/Users/ayush/Downloads/date-fruit-quality-ml/data/kaggle/grading/Kupro/Large/Grade-2/69.jpg,Kupro,Large,Grade-2,val,/Users/ayush/Downloads/date-fruit-quality-ml/data/quality/grade/val/Grade-2/Kupro__Large__69.jpg,482.24822998046875,374.5826416015625,139553.0
/Users/ayush/Downloads/date-fruit-quality-ml/data/kaggle/grading/Fasli Toto/Large/Grade-1/11.jpg,Fasli Toto,Large,Grade-1,val,/Users/ayush/Downloads/date-fruit-quality-ml/data/quality/grade/val/Grade-1/Fasli-Toto__Large__11.jpg,482.07647705078125,259.3908386230469,102770.0
/Users/ayush/Downloads/date-fruit-quality-ml/data/kaggle/grading/Kupro/Large/Grade-2/115.jpg,Kupro,Large,Grade-2,val,/Users/ayush/Downloads/date-fruit-quality-ml/data/quality/grade/val/Grade-2/Kupro__Large__115.jpg,508.7897033691406,341.9581298828125,139700.5
/Users/ayush/Downloads/date-fruit-quality-ml/data/kaggle/grading/Gajar/Large/Grade-2/36.jpg,Gajar,Large,Grade-2,val,/Users/ayush/Downloads/date-fruit-quality-ml/data/quality/grade/val/Grade-2/Gajar__Large__36.jpg,616.786865234375,285.91046142578125,148446.5
/Users/ayush/Downloads/date-fruit-quality-ml/data/kaggle/grading/Aseel/Small/Grade-1/68.jpg,Aseel,Small,Grade-1,val,/Users/ayush/Downloads/date-fruit-quality-ml/data/quality/grade/val/Grade-1/Aseel__Small__68.jpg,455.0,273.0,95243.0
/Users/ayush/Downloads/date-fruit-quality-ml/data/kaggle/grading/Gajar/Medium/Grade-1/134.jpg,Gajar,Medium,Grade-1,val,/Users/ayush/Downloads/date-fruit-quality-ml/data/quality/grade/val/Grade-1/Gajar__Medium__134.jpg,572.5692749023438,273.37841796875,124997.0
/Users/ayush/Downloads/date-fruit-quality-ml/data/kaggle/grading/Aseel/Medium/Grade-1/49.jpg,Aseel,Medium,Grade-1,val,/Users/ayush/Downloads/date-fruit-quality-ml/data/quality/grade/val/Grade-1/Aseel__Medium__49.jpg,491.4206848144531,295.1349792480469,116857.0
/Users/ayush/Downloads/date-fruit-quality-ml/data/kaggle/grading/Kupro/Large/Grade-1/43.jpg,Kupro,Large,Grade-1,val,/Users/ayush/Downloads/date-fruit-quality-ml/data/quality/grade/val/Grade-1/Kupro__Large__43.jpg,500.4999694824219,371.14849853515625,147973.0
/Users/ayush/Downloads/date-fruit-quality-ml/data/kaggle/grading/Gajar/Large/Grade-2/44.jpg,Gajar,Large,Grade-2,val,/Users/ayush/Downloads/date-fruit-quality-ml/data/quality/grade/val/Grade-2/Gajar__Large__44.jpg,668.740234375,295.24749755859375,156147.5
/Users/ayush/Downloads/date-fruit-quality-ml/data/kaggle/grading/Aseel/Medium/Grade-1/73.jpg,Aseel,Medium,Grade-1,val,/Users/ayush/Downloads/date-fruit-quality-ml/data/quality/grade/val/Grade-1/Aseel__Medium__73.jpg,486.90057373046875,285.7271728515625,110072.0
/Users/ayush/Downloads/date-fruit-quality-ml/data/kaggle/grading/Kupro/Large/Grade-1/109.jpg,Kupro,Large,Grade-1,val,/Users/ayush/Downloads/date-fruit-quality-ml/data/quality/grade/val/Grade-1/Kupro__Large__109.jpg,522.0233154296875,336.6062927246094,138580.0
/Users/ayush/Downloads/date-fruit-quality-ml/data/kaggle/grading/Kupro/Large/Grade-1/226.jpg,Kupro,Large,Grade-1,val,/Users/ayush/Downloads/date-fruit-quality-ml/data/quality/grade/val/Grade-1/Kupro__Large__226.jpg,499.7314453125,359.93841552734375,140058.5
/Users/ayush/Downloads/date-fruit-quality-ml/data/kaggle/grading/Aseel/Small/Grade-1/152.jpg,Aseel,Small,Grade-1,val,/Users/ayush/Downloads/date-fruit-quality-ml/data/quality/grade/val/Grade-1/Aseel__Small__152.jpg,461.7716064453125,277.4316711425781,101112.5
/Users/ayush/Downloads/date-fruit-quality-ml/data/kaggle/grading/Fasli Toto/Large/Grade-1/16.jpg,Fasli Toto,Large,Grade-1,val,/Users/ayush/Downloads/date-fruit-quality-ml/data/quality/grade/val/Grade-1/Fasli-Toto__Large__16.jpg,501.43536376953125,259.4339599609375,104308.5
/Users/ayush/Downloads/date-fruit-quality-ml/data/kaggle/grading/Gajar/Medium/Grade-2/46.jpg,Gajar,Medium,Grade-2,val,/Users/ayush/Downloads/date-fruit-quality-ml/data/quality/grade/val/Grade-2/Gajar__Medium__46.jpg,538.758056640625,266.07513427734375,118843.5
/Users/ayush/Downloads/date-fruit-quality-ml/data/kaggle/grading/Gajar/Large/Grade-2/85.jpg,Gajar,Large,Grade-2,val,/Users/ayush/Downloads/date-fruit-quality-ml/data/quality/grade/val/Grade-2/Gajar__Large__85.jpg,602.9932250976562,264.33380126953125,133782.5
/Users/ayush/Downloads/date-fruit-quality-ml/data/kaggle/grading/Aseel/Small/Grade-1/27.jpg,Aseel,Small,Grade-1,val,/Users/ayush/Downloads/date-fruit-quality-ml/data/quality/grade/val/Grade-1/Aseel__Small__27.jpg,471.4940185546875,269.6139831542969,96982.0
/Users/ayush/Downloads/date-fruit-quality-ml/data/kaggle/grading/Fasli Toto/Large/Grade-1/64.jpg,Fasli Toto,Large,Grade-1,val,/Users/ayush/Downloads/date-fruit-quality-ml/data/quality/grade/val/Grade-1/Fasli-Toto__Large__64.jpg,474.0372314453125,292.7214660644531,116333.0
/Users/ayush/Downloads/date-fruit-quality-ml/data/kaggle/grading/Gajar/Small/Grade-1/77.jpg,Gajar,Small,Grade-1,val,/Users/ayush/Downloads/date-fruit-quality-ml/data/quality/grade/val/Grade-1/Gajar__Small__77.jpg,517.4193725585938,264.2818908691406,115175.5
/Users/ayush/Downloads/date-fruit-quality-ml/data/kaggle/grading/Gajar/Small/Grade-1/7.jpg,Gajar,Small,Grade-1,val,/Users/ayush/Downloads/date-fruit-quality-ml/data/quality/grade/val/Grade-1/Gajar__Small__7.jpg,557.5633544921875,258.9832458496094,116362.0
/Users/ayush/Downloads/date-fruit-quality-ml/data/kaggle/grading/Gajar/Small/Grade-1/113.jpg,Gajar,Small,Grade-1,val,/Users/ayush/Downloads/date-fruit-quality-ml/data/quality/grade/val/Grade-1/Gajar__Small__113.jpg,579.0,248.0,122440.5
/Users/ayush/Downloads/date-fruit-quality-ml/data/kaggle/grading/Gajar/Large/Grade-1/1.jpg,Gajar,Large,Grade-1,val,/Users/ayush/Downloads/date-fruit-quality-ml/data/quality/grade/val/Grade-1/Gajar__Large__1.jpg,659.9540405273438,284.3569641113281,155198.0
/Users/ayush/Downloads/date-fruit-quality-ml/data/kaggle/grading/Gajar/Medium/Grade-3/34.jpg,Gajar,Medium,Grade-3,val,/Users/ayush/Downloads/date-fruit-quality-ml/data/quality/grade/val/Grade-3/Gajar__Medium__34.jpg,598.21630859375,250.90858459472656,128284.5
/Users/ayush/Downloads/date-fruit-quality-ml/data/kaggle/grading/Kupro/Large/Grade-3/46.jpg,Kupro,Large,Grade-3,val,/Users/ayush/Downloads/date-fruit-quality-ml/data/quality/grade/val/Grade-3/Kupro__Large__46.jpg,494.6048583984375,330.2595520019531,128701.5
/Users/ayush/Downloads/date-fruit-quality-ml/data/kaggle/grading/Aseel/Large/Grade-1/100.jpg,Aseel,Large,Grade-1,val,/Users/ayush/Downloads/date-fruit-quality-ml/data/quality/grade/val/Grade-1/Aseel__Large__100.jpg,556.93701171875,327.88934326171875,143916.0
/Users/ayush/Downloads/date-fruit-quality-ml/data/kaggle/grading/Kupro/Large/Grade-1/51.jpg,Kupro,Large,Grade-1,val,/Users/ayush/Downloads/date-fruit-quality-ml/data/quality/grade/val/Grade-1/Kupro__Large__51.jpg,417.9662780761719,414.72955322265625,131863.5
/Users/ayush/Downloads/date-fruit-quality-ml/data/kaggle/grading/Kupro/Large/Grade-2/60.jpg,Kupro,Large,Grade-2,val,/Users/ayush/Downloads/date-fruit-quality-ml/data/quality/grade/val/Grade-2/Kupro__Large__60.jpg,503.0093994140625,345.7281494140625,132045.5
/Users/ayush/Downloads/date-fruit-quality-ml/data/kaggle/grading/Fasli Toto/Medium/Grade-1/114.jpg,Fasli Toto,Medium,Grade-1,val,/Users/ayush/Downloads/date-fruit-quality-ml/data/quality/grade/val/Grade-1/Fasli-Toto__Medium__114.jpg,393.0778503417969,272.64410400390625,84773.0
/Users/ayush/Downloads/date-fruit-quality-ml/data/kaggle/grading/Kupro/Large/Grade-2/310.jpg,Kupro,Large,Grade-2,val,/Users/ayush/Downloads/date-fruit-quality-ml/data/quality/grade/val/Grade-2/Kupro__Large__310.jpg,476.2022399902344,354.4698486328125,134587.0
/Users/ayush/Downloads/date-fruit-quality-ml/data/kaggle/grading/Kupro/Large/Grade-2/250.jpg,Kupro,Large,Grade-2,val,/Users/ayush/Downloads/date-fruit-quality-ml/data/quality/grade/val/Grade-2/Kupro__Large__250.jpg,473.8147888183594,340.8359375,130008.0
/Users/ayush/Downloads/date-fruit-quality-ml/data/kaggle/grading/Gajar/Small/Grade-3/70.jpg,Gajar,Small,Grade-3,val,/Users/ayush/Downloads/date-fruit-quality-ml/data/quality/grade/val/Grade-3/Gajar__Small__70.jpg,502.6656494140625,223.2388458251953,95569.0
/Users/ayush/Downloads/date-fruit-quality-ml/data/kaggle/grading/Kupro/Large/Grade-1/228.jpg,Kupro,Large,Grade-1,val,/Users/ayush/Downloads/date-fruit-quality-ml/data/quality/grade/val/Grade-1/Kupro__Large__228.jpg,484.87811279296875,347.23504638671875,134187.5
/Users/ayush/Downloads/date-fruit-quality-ml/data/kaggle/grading/Gajar/Small/Grade-1/76.jpg,Gajar,Small,Grade-1,val,/Users/ayush/Downloads/date-fruit-quality-ml/data/quality/grade/val/Grade-1/Gajar__Small__76.jpg,516.5034790039062,258.2660217285156,112145.5
/Users/ayush/Downloads/date-fruit-quality-ml/data/kaggle/grading/Gajar/Small/Grade-2/23.jpg,Gajar,Small,Grade-2,val,/Users/ayush/Downloads/date-fruit-quality-ml/data/quality/grade/val/Grade-2/Gajar__Small__23.jpg,527.0474243164062,256.3545837402344,112695.5
/Users/ayush/Downloads/date-fruit-quality-ml/data/kaggle/grading/Kupro/Large/Grade-2/299.jpg,Kupro,Large,Grade-2,val,/Users/ayush/Downloads/date-fruit-quality-ml/data/quality/grade/val/Grade-2/Kupro__Large__299.jpg,512.3009643554688,327.7076416015625,133580.0
/Users/ayush/Downloads/date-fruit-quality-ml/data/kaggle/grading/Gajar/Medium/Grade-1/50.jpg,Gajar,Medium,Grade-1,val,/Users/ayush/Downloads/date-fruit-quality-ml/data/quality/grade/val/Grade-1/Gajar__Medium__50.jpg,596.7831420898438,252.00286865234375,124130.5
/Users/ayush/Downloads/date-fruit-quality-ml/data/kaggle/grading/Gajar/Medium/Grade-1/194.jpg,Gajar,Medium,Grade-1,val,/Users/ayush/Downloads/date-fruit-quality-ml/data/quality/grade/val/Grade-1/Gajar__Medium__194.jpg,553.1927490234375,282.5763854980469,134060.5
/Users/ayush/Downloads/date-fruit-quality-ml/data/kaggle/grading/Gajar/Large/Grade-2/71.jpg,Gajar,Large,Grade-2,val,/Users/ayush/Downloads/date-fruit-quality-ml/data/quality/grade/val/Grade-2/Gajar__Large__71.jpg,644.0,297.0,153729.0
/Users/ayush/Downloads/date-fruit-quality-ml/data/kaggle/grading/Aseel/Small/Grade-1/21.jpg,Aseel,Small,Grade-1,val,/Users/ayush/Downloads/date-fruit-quality-ml/data/quality/grade/val/Grade-1/Aseel__Small__21.jpg,422.0968933105469,285.9675598144531,93716.5
/Users/ayush/Downloads/date-fruit-quality-ml/data/kaggle/grading/Kupro/Large/Grade-3/17.jpg,Kupro,Large,Grade-3,val,/Users/ayush/Downloads/date-fruit-quality-ml/data/quality/grade/val/Grade-3/Kupro__Large__17.jpg,502.9356994628906,347.63507080078125,134689.5
/Users/ayush/Downloads/date-fruit-quality-ml/data/kaggle/grading/Gajar/Small/Grade-3/193.jpg,Gajar,Small,Grade-3,val,/Users/ayush/Downloads/date-fruit-quality-ml/data/quality/grade/val/Grade-3/Gajar__Small__193.jpg,543.0,265.0,117368.5
/Users/ayush/Downloads/date-fruit-quality-ml/data/kaggle/grading/Gajar/Large/Grade-3/85.jpg,Gajar,Large,Grade-3,val,/Users/ayush/Downloads/date-fruit-quality-ml/data/quality/grade/val/Grade-3/Gajar__Large__85.jpg,638.1964721679688,277.8876037597656,145832.5
/Users/ayush/Downloads/date-fruit-quality-ml/data/kaggle/grading/Kupro/Large/Grade-1/7.jpg,Kupro,Large,Grade-1,val,/Users/ayush/Downloads/date-fruit-quality-ml/data/quality/grade/val/Grade-1/Kupro__Large__7.jpg,529.79541015625,363.3556213378906,149479.5
/Users/ayush/Downloads/date-fruit-quality-ml/data/kaggle/grading/Gajar/Large/Grade-2/94.jpg,Gajar,Large,Grade-2,val,/Users/ayush/Downloads/date-fruit-quality-ml/data/quality/grade/val/Grade-2/Gajar__Large__94.jpg,629.2615356445312,276.5208435058594,145317.0
/Users/ayush/Downloads/date-fruit-quality-ml/data/kaggle/grading/Gajar/Medium/Grade-3/72.jpg,Gajar,Medium,Grade-3,val,/Users/ayush/Downloads/date-fruit-quality-ml/data/quality/grade/val/Grade-3/Gajar__Medium__72.jpg,607.3797607421875,298.21563720703125,140009.0
/Users/ayush/Downloads/date-fruit-quality-ml/data/kaggle/grading/Kupro/Large/Grade-1/44.jpg,Kupro,Large,Grade-1,val,/Users/ayush/Downloads/date-fruit-quality-ml/data/quality/grade/val/Grade-1/Kupro__Large__44.jpg,504.2216796875,353.0767822265625,142215.0
/Users/ayush/Downloads/date-fruit-quality-ml/data/kaggle/grading/Fasli Toto/Medium/Grade-1/147.jpg,Fasli Toto,Medium,Grade-1,val,/Users/ayush/Downloads/date-fruit-quality-ml/data/quality/grade/val/Grade-1/Fasli-Toto__Medium__147.jpg,431.5289001464844,278.12957763671875,96165.5
/Users/ayush/Downloads/date-fruit-quality-ml/data/kaggle/grading/Aseel/Small/Grade-1/28.jpg,Aseel,Small,Grade-1,val,/Users/ayush/Downloads/date-fruit-quality-ml/data/quality/grade/val/Grade-1/Aseel__Small__28.jpg,430.21942138671875,275.9307861328125,94887.5
/Users/ayush/Downloads/date-fruit-quality-ml/data/kaggle/grading/Kupro/Large/Grade-1/300.jpg,Kupro,Large,Grade-1,val,/Users/ayush/Downloads/date-fruit-quality-ml/data/quality/grade/val/Grade-1/Kupro__Large__300.jpg,501.84124755859375,355.4417724609375,141619.0
/Users/ayush/Downloads/date-fruit-quality-ml/data/kaggle/grading/Gajar/Medium/Grade-2/50.jpg,Gajar,Medium,Grade-2,val,/Users/ayush/Downloads/date-fruit-quality-ml/data/quality/grade/val/Grade-2/Gajar__Medium__50.jpg,561.0,274.0,129022.5
/Users/ayush/Downloads/date-fruit-quality-ml/data/kaggle/grading/Aseel/Large/Grade-1/5.jpg,Aseel,Large,Grade-1,val,/Users/ayush/Downloads/date-fruit-quality-ml/data/quality/grade/val/Grade-1/Aseel__Large__5.jpg,564.49658203125,349.8992614746094,155188.0
/Users/ayush/Downloads/date-fruit-quality-ml/data/kaggle/grading/Aseel/Small/Grade-1/56.jpg,Aseel,Small,Grade-1,val,/Users/ayush/Downloads/date-fruit-quality-ml/data/quality/grade/val/Grade-1/Aseel__Small__56.jpg,430.6033935546875,260.20953369140625,88617.5
/Users/ayush/Downloads/date-fruit-quality-ml/data/kaggle/grading/Aseel/Large/Grade-1/87.jpg,Aseel,Large,Grade-1,val,/Users/ayush/Downloads/date-fruit-quality-ml/data/quality/grade/val/Grade-1/Aseel__Large__87.jpg,518.0,287.0,127024.0
/Users/ayush/Downloads/date-fruit-quality-ml/data/kaggle/grading/Aseel/Small/Grade-1/38.jpg,Aseel,Small,Grade-1,val,/Users/ayush/Downloads/date-fruit-quality-ml/data/quality/grade/val/Grade-1/Aseel__Small__38.jpg,421.0,276.0,91381.5
/Users/ayush/Downloads/date-fruit-quality-ml/data/kaggle/grading/Fasli Toto/Large/Grade-1/117.jpg,Fasli Toto,Large,Grade-1,val,/Users/ayush/Downloads/date-fruit-quality-ml/data/quality/grade/val/Grade-1/Fasli-Toto__Large__117.jpg,527.1043090820312,340.7774353027344,139057.5
/Users/ayush/Downloads/date-fruit-quality-ml/data/kaggle/grading/Aseel/Medium/Grade-1/133.jpg,Aseel,Medium,Grade-1,val,/Users/ayush/Downloads/date-fruit-quality-ml/data/quality/grade/val/Grade-1/Aseel__Medium__133.jpg,451.2674560546875,291.0385437011719,103664.0
/Users/ayush/Downloads/date-fruit-quality-ml/data/kaggle/grading/Gajar/Large/Grade-3/72.jpg,Gajar,Large,Grade-3,val,/Users/ayush/Downloads/date-fruit-quality-ml/data/quality/grade/val/Grade-3/Gajar__Large__72.jpg,557.650634765625,270.80596923828125,126517.0
/Users/ayush/Downloads/date-fruit-quality-ml/data/kaggle/grading/Kupro/Large/Grade-2/107.jpg,Kupro,Large,Grade-2,val,/Users/ayush/Downloads/date-fruit-quality-ml/data/quality/grade/val/Grade-2/Kupro__Large__107.jpg,483.4324035644531,345.2702941894531,126663.5
/Users/ayush/Downloads/date-fruit-quality-ml/data/kaggle/grading/Aseel/Large/Grade-1/86.jpg,Aseel,Large,Grade-1,val,/Users/ayush/Downloads/date-fruit-quality-ml/data/quality/grade/val/Grade-1/Aseel__Large__86.jpg,519.0885620117188,291.3558044433594,124497.0
/Users/ayush/Downloads/date-fruit-quality-ml/data/kaggle/grading/Gajar/Medium/Grade-3/14.jpg,Gajar,Medium,Grade-3,val,/Users/ayush/Downloads/date-fruit-quality-ml/data/quality/grade/val/Grade-3/Gajar__Medium__14.jpg,605.2498779296875,267.0660400390625,118963.5
/Users/ayush/Downloads/date-fruit-quality-ml/data/kaggle/grading/Gajar/Large/Grade-2/13.jpg,Gajar,Large,Grade-2,val,/Users/ayush/Downloads/date-fruit-quality-ml/data/quality/grade/val/Grade-2/Gajar__Large__13.jpg,670.8551635742188,270.65728759765625,150481.0
/Users/ayush/Downloads/date-fruit-quality-ml/data/kaggle/grading/Gajar/Small/Grade-3/164.jpg,Gajar,Small,Grade-3,val,/Users/ayush/Downloads/date-fruit-quality-ml/data/quality/grade/val/Grade-3/Gajar__Small__164.jpg,546.4343872070312,250.67068481445312,108499.0
/Users/ayush/Downloads/date-fruit-quality-ml/data/kaggle/grading/Gajar/Small/Grade-1/92.jpg,Gajar,Small,Grade-1,val,/Users/ayush/Downloads/date-fruit-quality-ml/data/quality/grade/val/Grade-1/Gajar__Small__92.jpg,542.2122192382812,262.41278076171875,119286.5
/Users/ayush/Downloads/date-fruit-quality-ml/data/kaggle/grading/Kupro/Large/Grade-1/246.jpg,Kupro,Large,Grade-1,val,/Users/ayush/Downloads/date-fruit-quality-ml/data/quality/grade/val/Grade-1/Kupro__Large__246.jpg,506.17578125,302.1253662109375,125253.5
/Users/ayush/Downloads/date-fruit-quality-ml/data/kaggle/grading/Aseel/Large/Grade-1/83.jpg,Aseel,Large,Grade-1,val,/Users/ayush/Downloads/date-fruit-quality-ml/data/quality/grade/val/Grade-1/Aseel__Large__83.jpg,528.0657348632812,296.16082763671875,127065.5
/Users/ayush/Downloads/date-fruit-quality-ml/data/kaggle/grading/Gajar/Large/Grade-1/73.jpg,Gajar,Large,Grade-1,val,/Users/ayush/Downloads/date-fruit-quality-ml/data/quality/grade/val/Grade-1/Gajar__Large__73.jpg,638.1790771484375,303.33892822265625,156166.5
/Users/ayush/Downloads/date-fruit-quality-ml/data/kaggle/grading/Gajar/Medium/Grade-1/153.jpg,Gajar,Medium,Grade-1,val,/Users/ayush/Downloads/date-fruit-quality-ml/data/quality/grade/val/Grade-1/Gajar__Medium__153.jpg,560.28173828125,244.83474731445312,108793.0
/Users/ayush/Downloads/date-fruit-quality-ml/data/kaggle/grading/Kupro/Large/Grade-1/197.jpg,Kupro,Large,Grade-1,val,/Users/ayush/Downloads/date-fruit-quality-ml/data/quality/grade/val/Grade-1/Kupro__Large__197.jpg,490.61328125,345.3984069824219,138320.0
/Users/ayush/Downloads/date-fruit-quality-ml/data/kaggle/grading/Gajar/Small/Grade-1/140.jpg,Gajar,Small,Grade-1,val,/Users/ayush/Downloads/date-fruit-quality-ml/data/quality/grade/val/Grade-1/Gajar__Small__140.jpg,543.6434326171875,275.9286804199219,125644.5
/Users/ayush/Downloads/date-fruit-quality-ml/data/kaggle/grading/Gajar/Medium/Grade-3/65.jpg,Gajar,Medium,Grade-3,val,/Users/ayush/Downloads/date-fruit-quality-ml/data/quality/grade/val/Grade-3/Gajar__Medium__65.jpg,641.492431640625,313.14971923828125,155045.5
/Users/ayush/Downloads/date-fruit-quality-ml/data/kaggle/grading/Gajar/Large/Grade-3/37.jpg,Gajar,Large,Grade-3,val,/Users/ayush/Downloads/date-fruit-quality-ml/data/quality/grade/val/Grade-3/Gajar__Large__37.jpg,619.286865234375,281.55743408203125,143903.0
/Users/ayush/Downloads/date-fruit-quality-ml/data/kaggle/grading/Aseel/Large/Grade-1/49.jpg,Aseel,Large,Grade-1,val,/Users/ayush/Downloads/date-fruit-quality-ml/data/quality/grade/val/Grade-1/Aseel__Large__49.jpg,552.5571899414062,335.8184509277344,151926.0
/Users/ayush/Downloads/date-fruit-quality-ml/data/kaggle/grading/Gajar/Small/Grade-3/94.jpg,Gajar,Small,Grade-3,val,/Users/ayush/Downloads/date-fruit-quality-ml/data/quality/grade/val/Grade-3/Gajar__Small__94.jpg,550.9672241210938,258.7437438964844,122011.0
/Users/ayush/Downloads/date-fruit-quality-ml/data/kaggle/grading/Kupro/Large/Grade-1/69.jpg,Kupro,Large,Grade-1,val,/Users/ayush/Downloads/date-fruit-quality-ml/data/quality/grade/val/Grade-1/Kupro__Large__69.jpg,469.16204833984375,354.6171875,132803.5
/Users/ayush/Downloads/date-fruit-quality-ml/data/kaggle/grading/Gajar/Small/Grade-1/122.jpg,Gajar,Small,Grade-1,val,/Users/ayush/Downloads/date-fruit-quality-ml/data/quality/grade/val/Grade-1/Gajar__Small__122.jpg,562.6454467773438,262.8583984375,124680.5
/Users/ayush/Downloads/date-fruit-quality-ml/data/kaggle/grading/Fasli Toto/Large/Grade-1/89.jpg,Fasli Toto,Large,Grade-1,val,/Users/ayush/Downloads/date-fruit-quality-ml/data/quality/grade/val/Grade-1/Fasli-Toto__Large__89.jpg,451.0609130859375,298.88671875,105778.0
/Users/ayush/Downloads/date-fruit-quality-ml/data/kaggle/grading/Kupro/Large/Grade-1/90.jpg,Kupro,Large,Grade-1,val,/Users/ayush/Downloads/date-fruit-quality-ml/data/quality/grade/val/Grade-1/Kupro__Large__90.jpg,469.627685546875,337.5618896484375,125670.5
/Users/ayush/Downloads/date-fruit-quality-ml/data/kaggle/grading/Gajar/Small/Grade-1/12.jpg,Gajar,Small,Grade-1,val,/Users/ayush/Downloads/date-fruit-quality-ml/data/quality/grade/val/Grade-1/Gajar__Small__12.jpg,533.6748657226562,232.7996063232422,106667.0
/Users/ayush/Downloads/date-fruit-quality-ml/data/kaggle/grading/Aseel/Medium/Grade-1/151.jpg,Aseel,Medium,Grade-1,val,/Users/ayush/Downloads/date-fruit-quality-ml/data/quality/grade/val/Grade-1/Aseel__Medium__151.jpg,459.3308410644531,307.4006652832031,105887.0
/Users/ayush/Downloads/date-fruit-quality-ml/data/kaggle/grading/Kupro/Large/Grade-1/288.jpg,Kupro,Large,Grade-1,val,/Users/ayush/Downloads/date-fruit-quality-ml/data/quality/grade/val/Grade-1/Kupro__Large__288.jpg,527.0,337.0,134107.5
/Users/ayush/Downloads/date-fruit-quality-ml/data/kaggle/grading/Fasli Toto/Small/Grade-1/17.jpg,Fasli Toto,Small,Grade-1,val,/Users/ayush/Downloads/date-fruit-quality-ml/data/quality/grade/val/Grade-1/Fasli-Toto__Small__17.jpg,380.0,262.0,79050.5
/Users/ayush/Downloads/date-fruit-quality-ml/data/kaggle/grading/Kupro/Large/Grade-2/342.jpg,Kupro,Large,Grade-2,val,/Users/ayush/Downloads/date-fruit-quality-ml/data/quality/grade/val/Grade-2/Kupro__Large__342.jpg,529.3909301757812,344.72698974609375,143326.0
/Users/ayush/Downloads/date-fruit-quality-ml/data/kaggle/grading/Fasli Toto/Large/Grade-1/55.jpg,Fasli Toto,Large,Grade-1,val,/Users/ayush/Downloads/date-fruit-quality-ml/data/quality/grade/val/Grade-1/Fasli-Toto__Large__55.jpg,461.4759521484375,302.3849792480469,113395.5
/Users/ayush/Downloads/date-fruit-quality-ml/data/kaggle/grading/Aseel/Medium/Grade-1/166.jpg,Aseel,Medium,Grade-1,val,/Users/ayush/Downloads/date-fruit-quality-ml/data/quality/grade/val/Grade-1/Aseel__Medium__166.jpg,444.4005432128906,284.3103332519531,103358.5
/Users/ayush/Downloads/date-fruit-quality-ml/data/kaggle/grading/Gajar/Small/Grade-3/90.jpg,Gajar,Small,Grade-3,val,/Users/ayush/Downloads/date-fruit-quality-ml/data/quality/grade/val/Grade-3/Gajar__Small__90.jpg,564.5978393554688,251.9460906982422,118820.5
/Users/ayush/Downloads/date-fruit-quality-ml/data/kaggle/grading/Gajar/Small/Grade-3/53.jpg,Gajar,Small,Grade-3,val,/Users/ayush/Downloads/date-fruit-quality-ml/data/quality/grade/val/Grade-3/Gajar__Small__53.jpg,548.8829956054688,267.07354736328125,122278.5
/Users/ayush/Downloads/date-fruit-quality-ml/data/kaggle/grading/Fasli Toto/Large/Grade-1/82.jpg,Fasli Toto,Large,Grade-1,val,/Users/ayush/Downloads/date-fruit-quality-ml/data/quality/grade/val/Grade-1/Fasli-Toto__Large__82.jpg,519.4303588867188,354.0055236816406,146978.0
/Users/ayush/Downloads/date-fruit-quality-ml/data/kaggle/grading/Kupro/Large/Grade-2/100.jpg,Kupro,Large,Grade-2,val,/Users/ayush/Downloads/date-fruit-quality-ml/data/quality/grade/val/Grade-2/Kupro__Large__100.jpg,495.8428649902344,336.9277648925781,133458.5
/Users/ayush/Downloads/date-fruit-quality-ml/data/kaggle/grading/Gajar/Medium/Grade-1/54.jpg,Gajar,Medium,Grade-1,val,/Users/ayush/Downloads/date-fruit-quality-ml/data/quality/grade/val/Grade-1/Gajar__Medium__54.jpg,572.3885498046875,233.1817626953125,109892.5
/Users/ayush/Downloads/date-fruit-quality-ml/data/kaggle/grading/Gajar/Medium/Grade-1/147.jpg,Gajar,Medium,Grade-1,val,/Users/ayush/Downloads/date-fruit-quality-ml/data/quality/grade/val/Grade-1/Gajar__Medium__147.jpg,527.9243774414062,242.2525634765625,105504.0
/Users/ayush/Downloads/date-fruit-quality-ml/data/kaggle/grading/Aseel/Large/Grade-1/69.jpg,Aseel,Large,Grade-1,val,/Users/ayush/Downloads/date-fruit-quality-ml/data/quality/grade/val/Grade-1/Aseel__Large__69.jpg,555.4130249023438,324.4528503417969,146021.5
/Users/ayush/Downloads/date-fruit-quality-ml/data/kaggle/grading/Gajar/Medium/Grade-1/13.jpg,Gajar,Medium,Grade-1,val,/Users/ayush/Downloads/date-fruit-quality-ml/data/quality/grade/val/Grade-1/Gajar__Medium__13.jpg,564.0,257.0,121639.5
/Users/ayush/Downloads/date-fruit-quality-ml/data/kaggle/grading/Fasli Toto/Medium/Grade-1/125.jpg,Fasli Toto,Medium,Grade-1,val,/Users/ayush/Downloads/date-fruit-quality-ml/data/quality/grade/val/Grade-1/Fasli-Toto__Medium__125.jpg,460.72589111328125,254.99771118164062,93459.0
/Users/ayush/Downloads/date-fruit-quality-ml/data/kaggle/grading/Kupro/Large/Grade-1/161.jpg,Kupro,Large,Grade-1,val,/Users/ayush/Downloads/date-fruit-quality-ml/data/quality/grade/val/Grade-1/Kupro__Large__161.jpg,531.4671020507812,310.3708801269531,133252.0
/Users/ayush/Downloads/date-fruit-quality-ml/data/kaggle/grading/Gajar/Large/Grade-3/41.jpg,Gajar,Large,Grade-3,val,/Users/ayush/Downloads/date-fruit-quality-ml/data/quality/grade/val/Grade-3/Gajar__Large__41.jpg,624.2626342773438,274.2038879394531,144826.0
/Users/ayush/Downloads/date-fruit-quality-ml/data/kaggle/grading/Gajar/Large/Grade-3/98.jpg,Gajar,Large,Grade-3,val,/Users/ayush/Downloads/date-fruit-quality-ml/data/quality/grade/val/Grade-3/Gajar__Large__98.jpg,625.2311401367188,277.763427734375,145232.0
/Users/ayush/Downloads/date-fruit-quality-ml/data/kaggle/grading/Fasli Toto/Medium/Grade-1/67.jpg,Fasli Toto,Medium,Grade-1,val,/Users/ayush/Downloads/date-fruit-quality-ml/data/quality/grade/val/Grade-1/Fasli-Toto__Medium__67.jpg,409.376953125,247.45388793945312,83027.0
/Users/ayush/Downloads/date-fruit-quality-ml/data/kaggle/grading/Kupro/Large/Grade-2/270.jpg,Kupro,Large,Grade-2,val,/Users/ayush/Downloads/date-fruit-quality-ml/data/quality/grade/val/Grade-2/Kupro__Large__270.jpg,535.532958984375,336.53997802734375,140312.0
/Users/ayush/Downloads/date-fruit-quality-ml/data/kaggle/grading/Gajar/Small/Grade-1/82.jpg,Gajar,Small,Grade-1,val,/Users/ayush/Downloads/date-fruit-quality-ml/data/quality/grade/val/Grade-1/Gajar__Small__82.jpg,562.5556030273438,276.1314392089844,126046.0
/Users/ayush/Downloads/date-fruit-quality-ml/data/kaggle/grading/Gajar/Medium/Grade-1/195.jpg,Gajar,Medium,Grade-1,val,/Users/ayush/Downloads/date-fruit-quality-ml/data/quality/grade/val/Grade-1/Gajar__Medium__195.jpg,583.8087158203125,286.8912048339844,142227.5
/Users/ayush/Downloads/date-fruit-quality-ml/data/kaggle/grading/Kupro/Large/Grade-1/196.jpg,Kupro,Large,Grade-1,val,/Users/ayush/Downloads/date-fruit-quality-ml/data/quality/grade/val/Grade-1/Kupro__Large__196.jpg,513.4627685546875,366.6766357421875,144613.0
/Users/ayush/Downloads/date-fruit-quality-ml/data/kaggle/grading/Kupro/Large/Grade-3/105.jpg,Kupro,Large,Grade-3,val,/Users/ayush/Downloads/date-fruit-quality-ml/data/quality/grade/val/Grade-3/Kupro__Large__105.jpg,478.2338562011719,351.2684020996094,132961.5
/Users/ayush/Downloads/date-fruit-quality-ml/data/kaggle/grading/Kupro/Large/Grade-2/85.jpg,Kupro,Large,Grade-2,val,/Users/ayush/Downloads/date-fruit-quality-ml/data/quality/grade/val/Grade-2/Kupro__Large__85.jpg,522.453369140625,360.4613952636719,148324.0
/Users/ayush/Downloads/date-fruit-quality-ml/data/kaggle/grading/Aseel/Small/Grade-1/150.jpg,Aseel,Small,Grade-1,val,/Users/ayush/Downloads/date-fruit-quality-ml/data/quality/grade/val/Grade-1/Aseel__Small__150.jpg,454.68475341796875,262.44976806640625,91814.5
/Users/ayush/Downloads/date-fruit-quality-ml/data/kaggle/grading/Kupro/Large/Grade-2/200.jpg,Kupro,Large,Grade-2,val,/Users/ayush/Downloads/date-fruit-quality-ml/data/quality/grade/val/Grade-2/Kupro__Large__200.jpg,480.5223083496094,357.088623046875,134690.5
/Users/ayush/Downloads/date-fruit-quality-ml/data/kaggle/grading/Aseel/Small/Grade-1/130.jpg,Aseel,Small,Grade-1,val,/Users/ayush/Downloads/date-fruit-quality-ml/data/quality/grade/val/Grade-1/Aseel__Small__130.jpg,448.4837646484375,280.3731384277344,98125.5
/Users/ayush/Downloads/date-fruit-quality-ml/data/kaggle/grading/Fasli Toto/Medium/Grade-1/70.jpg,Fasli Toto,Medium,Grade-1,val,/Users/ayush/Downloads/date-fruit-quality-ml/data/quality/grade/val/Grade-1/Fasli-Toto__Medium__70.jpg,393.9082336425781,280.78778076171875,88242.0
/Users/ayush/Downloads/date-fruit-quality-ml/data/kaggle/grading/Gajar/Large/Grade-2/102.jpg,Gajar,Large,Grade-2,val,/Users/ayush/Downloads/date-fruit-quality-ml/data/quality/grade/val/Grade-2/Gajar__Large__102.jpg,637.6484985351562,277.6922302246094,147489.5
/Users/ayush/Downloads/date-fruit-quality-ml/data/kaggle/grading/Gajar/Small/Grade-3/187.jpg,Gajar,Small,Grade-3,val,/Users/ayush/Downloads/date-fruit-quality-ml/data/quality/grade/val/Grade-3/Gajar__Small__187.jpg,534.5880126953125,272.7279968261719,118637.0
/Users/ayush/Downloads/date-fruit-quality-ml/data/kaggle/grading/Gajar/Large/Grade-3/71.jpg,Gajar,Large,Grade-3,val,/Users/ayush/Downloads/date-fruit-quality-ml/data/quality/grade/val/Grade-3/Gajar__Large__71.jpg,578.0186767578125,238.0747528076172,116532.0
/Users/ayush/Downloads/date-fruit-quality-ml/data/kaggle/grading/Aseel/Small/Grade-1/99.jpg,Aseel,Small,Grade-1,val,/Users/ayush/Downloads/date-fruit-quality-ml/data/quality/grade/val/Grade-1/Aseel__Small__99.jpg,448.6214599609375,260.80889892578125,93453.0
/Users/ayush/Downloads/date-fruit-quality-ml/data/kaggle/grading/Gajar/Large/Grade-3/67.jpg,Gajar,Large,Grade-3,val,/Users/ayush/Downloads/date-fruit-quality-ml/data/quality/grade/val/Grade-3/Gajar__Large__67.jpg,674.8809814453125,285.4944152832031,154054.0
/Users/ayush/Downloads/date-fruit-quality-ml/data/kaggle/grading/Fasli Toto/Large/Grade-1/44.jpg,Fasli Toto,Large,Grade-1,val,/Users/ayush/Downloads/date-fruit-quality-ml/data/quality/grade/val/Grade-1/Fasli-Toto__Large__44.jpg,511.69146728515625,339.8224792480469,140364.5
/Users/ayush/Downloads/date-fruit-quality-ml/data/kaggle/grading/Aseel/Large/Grade-1/76.jpg,Aseel,Large,Grade-1,val,/Users/ayush/Downloads/date-fruit-quality-ml/data/quality/grade/val/Grade-1/Aseel__Large__76.jpg,575.1140747070312,317.9012756347656,142397.0
/Users/ayush/Downloads/date-fruit-quality-ml/data/kaggle/grading/Aseel/Small/Grade-1/158.jpg,Aseel,Small,Grade-1,val,/Users/ayush/Downloads/date-fruit-quality-ml/data/quality/grade/val/Grade-1/Aseel__Small__158.jpg,415.9538269042969,243.89320373535156,77184.5
/Users/ayush/Downloads/date-fruit-quality-ml/data/kaggle/grading/Kupro/Large/Grade-3/81.jpg,Kupro,Large,Grade-3,val,/Users/ayush/Downloads/date-fruit-quality-ml/data/quality/grade/val/Grade-3/Kupro__Large__81.jpg,506.6034240722656,381.970703125,150691.0
/Users/ayush/Downloads/date-fruit-quality-ml/data/kaggle/grading/Gajar/Medium/Grade-2/58.jpg,Gajar,Medium,Grade-2,val,/Users/ayush/Downloads/date-fruit-quality-ml/data/quality/grade/val/Grade-2/Gajar__Medium__58.jpg,601.6132202148438,272.8768310546875,140324.5
/Users/ayush/Downloads/date-fruit-quality-ml/data/kaggle/grading/Fasli Toto/Small/Grade-1/5.jpg,Fasli Toto,Small,Grade-1,val,/Users/ayush/Downloads/date-fruit-quality-ml/data/quality/grade/val/Grade-1/Fasli-Toto__Small__5.jpg,380.46246337890625,240.02670288085938,76059.5
/Users/ayush/Downloads/date-fruit-quality-ml/data/kaggle/grading/Fasli Toto/Large/Grade-1/46.jpg,Fasli Toto,Large,Grade-1,val,/Users/ayush/Downloads/date-fruit-quality-ml/data/quality/grade/val/Grade-1/Fasli-Toto__Large__46.jpg,504.51177978515625,325.6479187011719,134191.0
/Users/ayush/Downloads/date-fruit-quality-ml/data/kaggle/grading/Gajar/Small/Grade-2/58.jpg,Gajar,Small,Grade-2,val,/Users/ayush/Downloads/date-fruit-quality-ml/data/quality/grade/val/Grade-2/Gajar__Small__58.jpg,510.0511779785156,235.68345642089844,99902.5
/Users/ayush/Downloads/date-fruit-quality-ml/data/kaggle/grading/Kupro/Large/Grade-2/246.jpg,Kupro,Large,Grade-2,val,/Users/ayush/Downloads/date-fruit-quality-ml/data/quality/grade/val/Grade-2/Kupro__Large__246.jpg,478.54718017578125,334.06170654296875,130757.0
/Users/ayush/Downloads/date-fruit-quality-ml/data/kaggle/grading/Gajar/Medium/Grade-1/48.jpg,Gajar,Medium,Grade-1,val,/Users/ayush/Downloads/date-fruit-quality-ml/data/quality/grade/val/Grade-1/Gajar__Medium__48.jpg,580.1533203125,256.0676574707031,124110.0
/Users/ayush/Downloads/date-fruit-quality-ml/data/kaggle/grading/Kupro/Large/Grade-2/43.jpg,Kupro,Large,Grade-2,val,/Users/ayush/Downloads/date-fruit-quality-ml/data/quality/grade/val/Grade-2/Kupro__Large__43.jpg,516.828857421875,362.72662353515625,150830.0
/Users/ayush/Downloads/date-fruit-quality-ml/data/kaggle/grading/Gajar/Small/Grade-1/17.jpg,Gajar,Small,Grade-1,val,/Users/ayush/Downloads/date-fruit-quality-ml/data/quality/grade/val/Grade-1/Gajar__Small__17.jpg,592.992431640625,277.8004150390625,140257.5
/Users/ayush/Downloads/date-fruit-quality-ml/data/kaggle/grading/Kupro/Large/Grade-2/57.jpg,Kupro,Large,Grade-2,val,/Users/ayush/Downloads/date-fruit-quality-ml/data/quality/grade/val/Grade-2/Kupro__Large__57.jpg,488.34979248046875,363.04833984375,138700.5
/Users/ayush/Downloads/date-fruit-quality-ml/data/kaggle/grading/Gajar/Large/Grade-3/73.jpg,Gajar,Large,Grade-3,val,/Users/ayush/Downloads/date-fruit-quality-ml/data/quality/grade/val/Grade-3/Gajar__Large__73.jpg,663.6898193359375,313.6357116699219,163482.5
/Users/ayush/Downloads/date-fruit-quality-ml/data/kaggle/grading/Aseel/Large/Grade-1/39.jpg,Aseel,Large,Grade-1,val,/Users/ayush/Downloads/date-fruit-quality-ml/data/quality/grade/val/Grade-1/Aseel__Large__39.jpg,548.393310546875,308.1535949707031,140759.5
/Users/ayush/Downloads/date-fruit-quality-ml/data/kaggle/grading/Fasli Toto/Medium/Grade-1/27.jpg,Fasli Toto,Medium,Grade-1,val,/Users/ayush/Downloads/date-fruit-quality-ml/data/quality/grade/val/Grade-1/Fasli-Toto__Medium__27.jpg,415.6098937988281,289.8059997558594,93409.5
/Users/ayush/Downloads/date-fruit-quality-ml/data/kaggle/grading/Kupro/Large/Grade-2/353.jpg,Kupro,Large,Grade-2,val,/Users/ayush/Downloads/date-fruit-quality-ml/data/quality/grade/val/Grade-2/Kupro__Large__353.jpg,516.3327026367188,336.3285217285156,136346.0
/Users/ayush/Downloads/date-fruit-quality-ml/data/kaggle/grading/Aseel/Large/Grade-1/117.jpg,Aseel,Large,Grade-1,val,/Users/ayush/Downloads/date-fruit-quality-ml/data/quality/grade/val/Grade-1/Aseel__Large__117.jpg,533.2693481445312,306.8865661621094,135144.0
/Users/ayush/Downloads/date-fruit-quality-ml/data/kaggle/grading/Fasli Toto/Small/Grade-1/51.jpg,Fasli Toto,Small,Grade-1,val,/Users/ayush/Downloads/date-fruit-quality-ml/data/quality/grade/val/Grade-1/Fasli-Toto__Small__51.jpg,403.090576171875,257.8783874511719,80200.5
/Users/ayush/Downloads/date-fruit-quality-ml/data/kaggle/grading/Gajar/Medium/Grade-1/171.jpg,Gajar,Medium,Grade-1,val,/Users/ayush/Downloads/date-fruit-quality-ml/data/quality/grade/val/Grade-1/Gajar__Medium__171.jpg,645.834228515625,243.90736389160156,130859.0
/Users/ayush/Downloads/date-fruit-quality-ml/data/kaggle/grading/Gajar/Small/Grade-1/110.jpg,Gajar,Small,Grade-1,val,/Users/ayush/Downloads/date-fruit-quality-ml/data/quality/grade/val/Grade-1/Gajar__Small__110.jpg,538.0,264.0,115318.0
/Users/ayush/Downloads/date-fruit-quality-ml/data/kaggle/grading/Kupro/Large/Grade-2/21.jpg,Kupro,Large,Grade-2,val,/Users/ayush/Downloads/date-fruit-quality-ml/data/quality/grade/val/Grade-2/Kupro__Large__21.jpg,493.95745849609375,347.9132995605469,133111.0
/Users/ayush/Downloads/date-fruit-quality-ml/data/kaggle/grading/Gajar/Large/Grade-3/107.jpg,Gajar,Large,Grade-3,val,/Users/ayush/Downloads/date-fruit-quality-ml/data/quality/grade/val/Grade-3/Gajar__Large__107.jpg,619.370849609375,347.76123046875,175598.0
/Users/ayush/Downloads/date-fruit-quality-ml/data/kaggle/grading/Gajar/Small/Grade-3/167.jpg,Gajar,Small,Grade-3,val,/Users/ayush/Downloads/date-fruit-quality-ml/data/quality/grade/val/Grade-3/Gajar__Small__167.jpg,500.3418884277344,291.7916259765625,122200.5
/Users/ayush/Downloads/date-fruit-quality-ml/data/kaggle/grading/Gajar/Large/Grade-1/138.jpg,Gajar,Large,Grade-1,val,/Users/ayush/Downloads/date-fruit-quality-ml/data/quality/grade/val/Grade-1/Gajar__Large__138.jpg,645.8344116210938,276.50762939453125,146697.0
/Users/ayush/Downloads/date-fruit-quality-ml/data/kaggle/grading/Aseel/Large/Grade-1/10.jpg,Aseel,Large,Grade-1,val,/Users/ayush/Downloads/date-fruit-quality-ml/data/quality/grade/val/Grade-1/Aseel__Large__10.jpg,588.7044067382812,341.1336669921875,161939.5
/Users/ayush/Downloads/date-fruit-quality-ml/data/kaggle/grading/Aseel/Large/Grade-1/152.jpg,Aseel,Large,Grade-1,val,/Users/ayush/Downloads/date-fruit-quality-ml/data/quality/grade/val/Grade-1/Aseel__Large__152.jpg,559.33251953125,314.3357849121094,141036.0
/Users/ayush/Downloads/date-fruit-quality-ml/data/kaggle/grading/Aseel/Medium/Grade-1/100.jpg,Aseel,Medium,Grade-1,val,/Users/ayush/Downloads/date-fruit-quality-ml/data/quality/grade/val/Grade-1/Aseel__Medium__100.jpg,462.02325439453125,304.5163879394531,111540.5
/Users/ayush/Downloads/date-fruit-quality-ml/data/kaggle/grading/Gajar/Medium/Grade-2/18.jpg,Gajar,Medium,Grade-2,val,/Users/ayush/Downloads/date-fruit-quality-ml/data/quality/grade/val/Grade-2/Gajar__Medium__18.jpg,587.3065185546875,262.799560546875,131622.0
/Users/ayush/Downloads/date-fruit-quality-ml/data/kaggle/grading/Gajar/Medium/Grade-3/25.jpg,Gajar,Medium,Grade-3,val,/Users/ayush/Downloads/date-fruit-quality-ml/data/quality/grade/val/Grade-3/Gajar__Medium__25.jpg,522.5658569335938,236.527587890625,104689.5
/Users/ayush/Downloads/date-fruit-quality-ml/data/kaggle/grading/Aseel/Medium/Grade-1/51.jpg,Aseel,Medium,Grade-1,val,/Users/ayush/Downloads/date-fruit-quality-ml/data/quality/grade/val/Grade-1/Aseel__Medium__51.jpg,472.8694763183594,296.3453063964844,113715.5
/Users/ayush/Downloads/date-fruit-quality-ml/data/kaggle/grading/Gajar/Small/Grade-3/146.jpg,Gajar,Small,Grade-3,val,/Users/ayush/Downloads/date-fruit-quality-ml/data/quality/grade/val/Grade-3/Gajar__Small__146.jpg,547.8613891601562,292.5979309082031,132931.0
/Users/ayush/Downloads/date-fruit-quality-ml/data/kaggle/grading/Kupro/Large/Grade-1/96.jpg,Kupro,Large,Grade-1,val,/Users/ayush/Downloads/date-fruit-quality-ml/data/quality/grade/val/Grade-1/Kupro__Large__96.jpg,545.0,334.0,141435.5
/Users/ayush/Downloads/date-fruit-quality-ml/data/kaggle/grading/Kupro/Large/Grade-2/233.jpg,Kupro,Large,Grade-2,val,/Users/ayush/Downloads/date-fruit-quality-ml/data/quality/grade/val/Grade-2/Kupro__Large__233.jpg,488.7553405761719,341.7860412597656,134067.5
/Users/ayush/Downloads/date-fruit-quality-ml/data/kaggle/grading/Gajar/Medium/Grade-1/91.jpg,Gajar,Medium,Grade-1,val,/Users/ayush/Downloads/date-fruit-quality-ml/data/quality/grade/val/Grade-1/Gajar__Medium__91.jpg,538.353271484375,222.53367614746094,105280.5
/Users/ayush/Downloads/date-fruit-quality-ml/data/kaggle/grading/Aseel/Small/Grade-1/143.jpg,Aseel,Small,Grade-1,val,/Users/ayush/Downloads/date-fruit-quality-ml/data/quality/grade/val/Grade-1/Aseel__Small__143.jpg,415.0,248.0,82839.5
/Users/ayush/Downloads/date-fruit-quality-ml/data/kaggle/grading/Gajar/Large/Grade-1/101.jpg,Gajar,Large,Grade-1,val,/Users/ayush/Downloads/date-fruit-quality-ml/data/quality/grade/val/Grade-1/Gajar__Large__101.jpg,627.1953125,282.2071838378906,141025.0
/Users/ayush/Downloads/date-fruit-quality-ml/data/kaggle/grading/Kupro/Large/Grade-1/29.jpg,Kupro,Large,Grade-1,val,/Users/ayush/Downloads/date-fruit-quality-ml/data/quality/grade/val/Grade-1/Kupro__Large__29.jpg,477.1596984863281,335.353759765625,128369.0
/Users/ayush/Downloads/date-fruit-quality-ml/data/kaggle/grading/Gajar/Large/Grade-2/103.jpg,Gajar,Large,Grade-2,val,/Users/ayush/Downloads/date-fruit-quality-ml/data/quality/grade/val/Grade-2/Gajar__Large__103.jpg,642.1119995117188,298.4064025878906,152172.5
/Users/ayush/Downloads/date-fruit-quality-ml/data/kaggle/grading/Gajar/Small/Grade-1/174.jpg,Gajar,Small,Grade-1,val,/Users/ayush/Downloads/date-fruit-quality-ml/data/quality/grade/val/Grade-1/Gajar__Small__174.jpg,518.96630859375,253.1969451904297,112248.0
/Users/ayush/Downloads/date-fruit-quality-ml/data/kaggle/grading/Gajar/Small/Grade-1/124.jpg,Gajar,Small,Grade-1,val,/Users/ayush/Downloads/date-fruit-quality-ml/data/quality/grade/val/Grade-1/Gajar__Small__124.jpg,622.6007080078125,320.5806884765625,165174.5
/Users/ayush/Downloads/date-fruit-quality-ml/data/kaggle/grading/Gajar/Small/Grade-1/118.jpg,Gajar,Small,Grade-1,val,/Users/ayush/Downloads/date-fruit-quality-ml/data/quality/grade/val/Grade-1/Gajar__Small__118.jpg,565.0,246.0,116735.0
/Users/ayush/Downloads/date-fruit-quality-ml/data/kaggle/grading/Fasli Toto/Medium/Grade-1/22.jpg,Fasli Toto,Medium,Grade-1,val,/Users/ayush/Downloads/date-fruit-quality-ml/data/quality/grade/val/Grade-1/Fasli-Toto__Medium__22.jpg,410.6001892089844,289.7057800292969,91917.0
/Users/ayush/Downloads/date-fruit-quality-ml/data/kaggle/grading/Kupro/Large/Grade-1/125.jpg,Kupro,Large,Grade-1,val,/Users/ayush/Downloads/date-fruit-quality-ml/data/quality/grade/val/Grade-1/Kupro__Large__125.jpg,545.0,350.0,146410.5
/Users/ayush/Downloads/date-fruit-quality-ml/data/kaggle/grading/Fasli Toto/Large/Grade-1/81.jpg,Fasli Toto,Large,Grade-1,val,/Users/ayush/Downloads/date-fruit-quality-ml/data/quality/grade/val/Grade-1/Fasli-Toto__Large__81.jpg,517.8923950195312,330.7535095214844,140565.0
/Users/ayush/Downloads/date-fruit-quality-ml/data/kaggle/grading/Aseel/Medium/Grade-1/98.jpg,Aseel,Medium,Grade-1,val,/Users/ayush/Downloads/date-fruit-quality-ml/data/quality/grade/val/Grade-1/Aseel__Medium__98.jpg,473.30535888671875,304.2804260253906,114077.0
/Users/ayush/Downloads/date-fruit-quality-ml/data/kaggle/grading/Fasli Toto/Medium/Grade-1/90.jpg,Fasli Toto,Medium,Grade-1,val,/Users/ayush/Downloads/date-fruit-quality-ml/data/quality/grade/val/Grade-1/Fasli-Toto__Medium__90.jpg,410.8668518066406,275.01739501953125,85779.0
/Users/ayush/Downloads/date-fruit-quality-ml/data/kaggle/grading/Gajar/Large/Grade-1/17.jpg,Gajar,Large,Grade-1,val,/Users/ayush/Downloads/date-fruit-quality-ml/data/quality/grade/val/Grade-1/Gajar__Large__17.jpg,594.517333984375,316.7345886230469,152488.0
/Users/ayush/Downloads/date-fruit-quality-ml/data/kaggle/grading/Gajar/Large/Grade-3/17.jpg,Gajar,Large,Grade-3,val,/Users/ayush/Downloads/date-fruit-quality-ml/data/quality/grade/val/Grade-3/Gajar__Large__17.jpg,632.3561401367188,319.1340026855469,164540.0
/Users/ayush/Downloads/date-fruit-quality-ml/data/kaggle/grading/Kupro/Large/Grade-2/349.jpg,Kupro,Large,Grade-2,val,/Users/ayush/Downloads/date-fruit-quality-ml/data/quality/grade/val/Grade-2/Kupro__Large__349.jpg,487.8971252441406,353.3288269042969,136233.5
/Users/ayush/Downloads/date-fruit-quality-ml/data/kaggle/grading/Gajar/Large/Grade-3/53.jpg,Gajar,Large,Grade-3,val,/Users/ayush/Downloads/date-fruit-quality-ml/data/quality/grade/val/Grade-3/Gajar__Large__53.jpg,608.8514404296875,328.4160461425781,152233.5
/Users/ayush/Downloads/date-fruit-quality-ml/data/kaggle/grading/Kupro/Large/Grade-1/305.jpg,Kupro,Large,Grade-1,val,/Users/ayush/Downloads/date-fruit-quality-ml/data/quality/grade/val/Grade-1/Kupro__Large__305.jpg,485.1007995605469,357.4011535644531,138308.5
/Users/ayush/Downloads/date-fruit-quality-ml/data/kaggle/grading/Kupro/Large/Grade-1/307.jpg,Kupro,Large,Grade-1,val,/Users/ayush/Downloads/date-fruit-quality-ml/data/quality/grade/val/Grade-1/Kupro__Large__307.jpg,519.5940551757812,348.2362060546875,140005.0
/Users/ayush/Downloads/date-fruit-quality-ml/data/kaggle/grading/Fasli Toto/Large/Grade-1/142.jpg,Fasli Toto,Large,Grade-1,val,/Users/ayush/Downloads/date-fruit-quality-ml/data/quality/grade/val/Grade-1/Fasli-Toto__Large__142.jpg,543.3501586914062,288.9129638671875,131263.5
/Users/ayush/Downloads/date-fruit-quality-ml/data/kaggle/grading/Gajar/Small/Grade-2/61.jpg,Gajar,Small,Grade-2,val,/Users/ayush/Downloads/date-fruit-quality-ml/data/quality/grade/val/Grade-2/Gajar__Small__61.jpg,503.49737548828125,264.56768798828125,108583.0
/Users/ayush/Downloads/date-fruit-quality-ml/data/kaggle/grading/Kupro/Large/Grade-2/62.jpg,Kupro,Large,Grade-2,val,/Users/ayush/Downloads/date-fruit-quality-ml/data/quality/grade/val/Grade-2/Kupro__Large__62.jpg,491.3380126953125,361.806396484375,140383.0
/Users/ayush/Downloads/date-fruit-quality-ml/data/kaggle/grading/Fasli Toto/Medium/Grade-1/152.jpg,Fasli Toto,Medium,Grade-1,val,/Users/ayush/Downloads/date-fruit-quality-ml/data/quality/grade/val/Grade-1/Fasli-Toto__Medium__152.jpg,465.5234375,259.27093505859375,97542.5
/Users/ayush/Downloads/date-fruit-quality-ml/data/kaggle/grading/Fasli Toto/Small/Grade-1/32.jpg,Fasli Toto,Small,Grade-1,val,/Users/ayush/Downloads/date-fruit-quality-ml/data/quality/grade/val/Grade-1/Fasli-Toto__Small__32.jpg,394.65972900390625,241.74310302734375,78690.0
/Users/ayush/Downloads/date-fruit-quality-ml/data/kaggle/grading/Aseel/Large/Grade-1/8.jpg,Aseel,Large,Grade-1,val,/Users/ayush/Downloads/date-fruit-quality-ml/data/quality/grade/val/Grade-1/Aseel__Large__8.jpg,570.0,349.0,156033.0
/Users/ayush/Downloads/date-fruit-quality-ml/data/kaggle/grading/Fasli Toto/Large/Grade-1/77.jpg,Fasli Toto,Large,Grade-1,val,/Users/ayush/Downloads/date-fruit-quality-ml/data/quality/grade/val/Grade-1/Fasli-Toto__Large__77.jpg,491.4253234863281,289.7880859375,118359.0
/Users/ayush/Downloads/date-fruit-quality-ml/data/kaggle/grading/Gajar/Large/Grade-2/119.jpg,Gajar,Large,Grade-2,val,/Users/ayush/Downloads/date-fruit-quality-ml/data/quality/grade/val/Grade-2/Gajar__Large__119.jpg,650.2952880859375,311.228759765625,169967.0
/Users/ayush/Downloads/date-fruit-quality-ml/data/kaggle/grading/Gajar/Large/Grade-1/128.jpg,Gajar,Large,Grade-1,val,/Users/ayush/Downloads/date-fruit-quality-ml/data/quality/grade/val/Grade-1/Gajar__Large__128.jpg,648.6832885742188,263.5917053222656,143124.5
/Users/ayush/Downloads/date-fruit-quality-ml/data/kaggle/grading/Gajar/Small/Grade-1/49.jpg,Gajar,Small,Grade-1,val,/Users/ayush/Downloads/date-fruit-quality-ml/data/quality/grade/val/Grade-1/Gajar__Small__49.jpg,565.21728515625,258.59808349609375,122419.0
/Users/ayush/Downloads/date-fruit-quality-ml/data/kaggle/grading/Gajar/Medium/Grade-3/74.jpg,Gajar,Medium,Grade-3,val,/Users/ayush/Downloads/date-fruit-quality-ml/data/quality/grade/val/Grade-3/Gajar__Medium__74.jpg,607.310546875,250.26031494140625,128748.5
/Users/ayush/Downloads/date-fruit-quality-ml/data/kaggle/grading/Kupro/Large/Grade-2/220.jpg,Kupro,Large,Grade-2,val,/Users/ayush/Downloads/date-fruit-quality-ml/data/quality/grade/val/Grade-2/Kupro__Large__220.jpg,525.305908203125,342.21038818359375,142970.5
/Users/ayush/Downloads/date-fruit-quality-ml/data/kaggle/grading/Gajar/Medium/Grade-1/201.jpg,Gajar,Medium,Grade-1,val,/Users/ayush/Downloads/date-fruit-quality-ml/data/quality/grade/val/Grade-1/Gajar__Medium__201.jpg,621.8843383789062,288.29071044921875,145956.0
/Users/ayush/Downloads/date-fruit-quality-ml/data/kaggle/grading/Kupro/Large/Grade-3/100.jpg,Kupro,Large,Grade-3,val,/Users/ayush/Downloads/date-fruit-quality-ml/data/quality/grade/val/Grade-3/Kupro__Large__100.jpg,504.10955810546875,366.1598205566406,146792.5
/Users/ayush/Downloads/date-fruit-quality-ml/data/kaggle/grading/Kupro/Large/Grade-2/11.jpg,Kupro,Large,Grade-2,val,/Users/ayush/Downloads/date-fruit-quality-ml/data/quality/grade/val/Grade-2/Kupro__Large__11.jpg,494.4140319824219,353.5660095214844,138832.5
/Users/ayush/Downloads/date-fruit-quality-ml/data/kaggle/grading/Gajar/Small/Grade-3/84.jpg,Gajar,Small,Grade-3,val,/Users/ayush/Downloads/date-fruit-quality-ml/data/quality/grade/val/Grade-3/Gajar__Small__84.jpg,560.525146484375,266.6735534667969,126898.5
/Users/ayush/Downloads/date-fruit-quality-ml/data/kaggle/grading/Gajar/Large/Grade-2/52.jpg,Gajar,Large,Grade-2,val,/Users/ayush/Downloads/date-fruit-quality-ml/data/quality/grade/val/Grade-2/Gajar__Large__52.jpg,618.6449584960938,275.22802734375,143212.5
/Users/ayush/Downloads/date-fruit-quality-ml/data/kaggle/grading/Gajar/Large/Grade-1/158.jpg,Gajar,Large,Grade-1,val,/Users/ayush/Downloads/date-fruit-quality-ml/data/quality/grade/val/Grade-1/Gajar__Large__158.jpg,654.888427734375,262.70050048828125,146791.5
/Users/ayush/Downloads/date-fruit-quality-ml/data/kaggle/grading/Fasli Toto/Medium/Grade-1/2.jpg,Fasli Toto,Medium,Grade-1,val,/Users/ayush/Downloads/date-fruit-quality-ml/data/quality/grade/val/Grade-1/Fasli-Toto__Medium__2.jpg,405.06756591796875,275.9406433105469,89852.0
/Users/ayush/Downloads/date-fruit-quality-ml/data/kaggle/grading/Gajar/Small/Grade-2/13.jpg,Gajar,Small,Grade-2,val,/Users/ayush/Downloads/date-fruit-quality-ml/data/quality/grade/val/Grade-2/Gajar__Small__13.jpg,574.9998779296875,272.99993896484375,131483.5
/Users/ayush/Downloads/date-fruit-quality-ml/data/kaggle/grading/Kupro/Large/Grade-2/40.jpg,Kupro,Large,Grade-2,val,/Users/ayush/Downloads/date-fruit-quality-ml/data/quality/grade/val/Grade-2/Kupro__Large__40.jpg,503.71832275390625,352.138427734375,147022.5
/Users/ayush/Downloads/date-fruit-quality-ml/data/kaggle/grading/Gajar/Medium/Grade-1/122.jpg,Gajar,Medium,Grade-1,val,/Users/ayush/Downloads/date-fruit-quality-ml/data/quality/grade/val/Grade-1/Gajar__Medium__122.jpg,594.7445678710938,263.4385070800781,127832.5
/Users/ayush/Downloads/date-fruit-quality-ml/data/kaggle/grading/Aseel/Small/Grade-1/114.jpg,Aseel,Small,Grade-1,val,/Users/ayush/Downloads/date-fruit-quality-ml/data/quality/grade/val/Grade-1/Aseel__Small__114.jpg,424.0,292.0,98090.0
/Users/ayush/Downloads/date-fruit-quality-ml/data/kaggle/grading/Gajar/Large/Grade-2/57.jpg,Gajar,Large,Grade-2,val,/Users/ayush/Downloads/date-fruit-quality-ml/data/quality/grade/val/Grade-2/Gajar__Large__57.jpg,619.7418212890625,322.34967041015625,165407.5
/Users/ayush/Downloads/date-fruit-quality-ml/data/kaggle/grading/Kupro/Large/Grade-2/27.jpg,Kupro,Large,Grade-2,val,/Users/ayush/Downloads/date-fruit-quality-ml/data/quality/grade/val/Grade-2/Kupro__Large__27.jpg,494.4137268066406,368.7509765625,145529.0
/Users/ayush/Downloads/date-fruit-quality-ml/data/kaggle/grading/Gajar/Small/Grade-2/17.jpg,Gajar,Small,Grade-2,val,/Users/ayush/Downloads/date-fruit-quality-ml/data/quality/grade/val/Grade-2/Gajar__Small__17.jpg,571.61962890625,258.7052307128906,121663.0
/Users/ayush/Downloads/date-fruit-quality-ml/data/kaggle/grading/Kupro/Large/Grade-1/50.jpg,Kupro,Large,Grade-1,val,/Users/ayush/Downloads/date-fruit-quality-ml/data/quality/grade/val/Grade-1/Kupro__Large__50.jpg,491.0,349.0,141454.5
/Users/ayush/Downloads/date-fruit-quality-ml/data/kaggle/grading/Gajar/Small/Grade-1/31.jpg,Gajar,Small,Grade-1,val,/Users/ayush/Downloads/date-fruit-quality-ml/data/quality/grade/val/Grade-1/Gajar__Small__31.jpg,575.7764282226562,274.221435546875,134099.5
/Users/ayush/Downloads/date-fruit-quality-ml/data/kaggle/grading/Aseel/Small/Grade-1/105.jpg,Aseel,Small,Grade-1,val,/Users/ayush/Downloads/date-fruit-quality-ml/data/quality/grade/val/Grade-1/Aseel__Small__105.jpg,459.892578125,268.9333190917969,100240.0
/Users/ayush/Downloads/date-fruit-quality-ml/data/kaggle/grading/Gajar/Medium/Grade-1/196.jpg,Gajar,Medium,Grade-1,val,/Users/ayush/Downloads/date-fruit-quality-ml/data/quality/grade/val/Grade-1/Gajar__Medium__196.jpg,588.27783203125,238.17640686035156,120153.5
/Users/ayush/Downloads/date-fruit-quality-ml/data/kaggle/grading/Gajar/Small/Grade-2/24.jpg,Gajar,Small,Grade-2,val,/Users/ayush/Downloads/date-fruit-quality-ml/data/quality/grade/val/Grade-2/Gajar__Small__24.jpg,524.2183837890625,266.9140319824219,115761.5
/Users/ayush/Downloads/date-fruit-quality-ml/data/kaggle/grading/Gajar/Medium/Grade-1/38.jpg,Gajar,Medium,Grade-1,val,/Users/ayush/Downloads/date-fruit-quality-ml/data/quality/grade/val/Grade-1/Gajar__Medium__38.jpg,596.935546875,291.03509521484375,140154.0
/Users/ayush/Downloads/date-fruit-quality-ml/data/kaggle/grading/Aseel/Small/Grade-1/131.jpg,Aseel,Small,Grade-1,val,/Users/ayush/Downloads/date-fruit-quality-ml/data/quality/grade/val/Grade-1/Aseel__Small__131.jpg,450.80035400390625,284.81683349609375,101075.5
/Users/ayush/Downloads/date-fruit-quality-ml/data/kaggle/grading/Gajar/Large/Grade-3/19.jpg,Gajar,Large,Grade-3,val,/Users/ayush/Downloads/date-fruit-quality-ml/data/quality/grade/val/Grade-3/Gajar__Large__19.jpg,633.5599365234375,280.2690734863281,145314.0
/Users/ayush/Downloads/date-fruit-quality-ml/data/kaggle/grading/Gajar/Small/Grade-1/143.jpg,Gajar,Small,Grade-1,val,/Users/ayush/Downloads/date-fruit-quality-ml/data/quality/grade/val/Grade-1/Gajar__Small__143.jpg,504.99993896484375,258.99993896484375,105673.5
/Users/ayush/Downloads/date-fruit-quality-ml/data/kaggle/grading/Fasli Toto/Medium/Grade-1/19.jpg,Fasli Toto,Medium,Grade-1,val,/Users/ayush/Downloads/date-fruit-quality-ml/data/quality/grade/val/Grade-1/Fasli-Toto__Medium__19.jpg,406.4149169921875,301.2159423828125,94937.0
/Users/ayush/Downloads/date-fruit-quality-ml/data/kaggle/grading/Gajar/Medium/Grade-3/68.jpg,Gajar,Medium,Grade-3,val,/Users/ayush/Downloads/date-fruit-quality-ml/data/quality/grade/val/Grade-3/Gajar__Medium__68.jpg,602.0115356445312,270.981689453125,138155.0
/Users/ayush/Downloads/date-fruit-quality-ml/data/kaggle/grading/Gajar/Large/Grade-1/154.jpg,Gajar,Large,Grade-1,val,/Users/ayush/Downloads/date-fruit-quality-ml/data/quality/grade/val/Grade-1/Gajar__Large__154.jpg,631.2793579101562,314.70660400390625,158947.0
/Users/ayush/Downloads/date-fruit-quality-ml/data/kaggle/grading/Kupro/Large/Grade-1/234.jpg,Kupro,Large,Grade-1,val,/Users/ayush/Downloads/date-fruit-quality-ml/data/quality/grade/val/Grade-1/Kupro__Large__234.jpg,508.5484619140625,362.30975341796875,149551.5
/Users/ayush/Downloads/date-fruit-quality-ml/data/kaggle/grading/Gajar/Medium/Grade-3/4.jpg,Gajar,Medium,Grade-3,val,/Users/ayush/Downloads/date-fruit-quality-ml/data/quality/grade/val/Grade-3/Gajar__Medium__4.jpg,593.70166015625,275.0848693847656,132664.5
/Users/ayush/Downloads/date-fruit-quality-ml/data/kaggle/grading/Gajar/Small/Grade-3/52.jpg,Gajar,Small,Grade-3,val,/Users/ayush/Downloads/date-fruit-quality-ml/data/quality/grade/val/Grade-3/Gajar__Small__52.jpg,538.9230346679688,248.78579711914062,110405.5
/Users/ayush/Downloads/date-fruit-quality-ml/data/kaggle/grading/Gajar/Large/Grade-1/5.jpg,Gajar,Large,Grade-1,val,/Users/ayush/Downloads/date-fruit-quality-ml/data/quality/grade/val/Grade-1/Gajar__Large__5.jpg,590.984619140625,282.0742492675781,140568.5
/Users/ayush/Downloads/date-fruit-quality-ml/data/kaggle/grading/Gajar/Small/Grade-1/1.jpg,Gajar,Small,Grade-1,val,/Users/ayush/Downloads/date-fruit-quality-ml/data/quality/grade/val/Grade-1/Gajar__Small__1.jpg,546.2843627929688,272.5751953125,127903.5
/Users/ayush/Downloads/date-fruit-quality-ml/data/kaggle/grading/Aseel/Medium/Grade-1/127.jpg,Aseel,Medium,Grade-1,val,/Users/ayush/Downloads/date-fruit-quality-ml/data/quality/grade/val/Grade-1/Aseel__Medium__127.jpg,496.9886169433594,309.2854919433594,120556.5
/Users/ayush/Downloads/date-fruit-quality-ml/data/kaggle/grading/Kupro/Large/Grade-3/19.jpg,Kupro,Large,Grade-3,val,/Users/ayush/Downloads/date-fruit-quality-ml/data/quality/grade/val/Grade-3/Kupro__Large__19.jpg,510.2093811035156,358.23931884765625,140551.5
/Users/ayush/Downloads/date-fruit-quality-ml/data/kaggle/grading/Gajar/Medium/Grade-1/149.jpg,Gajar,Medium,Grade-1,val,/Users/ayush/Downloads/date-fruit-quality-ml/data/quality/grade/val/Grade-1/Gajar__Medium__149.jpg,581.4940185546875,273.2553405761719,128063.0
/Users/ayush/Downloads/date-fruit-quality-ml/data/kaggle/grading/Aseel/Medium/Grade-1/161.jpg,Aseel,Medium,Grade-1,val,/Users/ayush/Downloads/date-fruit-quality-ml/data/quality/grade/val/Grade-1/Aseel__Medium__161.jpg,462.8529968261719,289.6462707519531,105352.0
/Users/ayush/Downloads/date-fruit-quality-ml/data/kaggle/grading/Aseel/Small/Grade-1/111.jpg,Aseel,Small,Grade-1,val,/Users/ayush/Downloads/date-fruit-quality-ml/data/quality/grade/val/Grade-1/Aseel__Small__111.jpg,417.7489929199219,297.1872253417969,97747.5
/Users/ayush/Downloads/date-fruit-quality-ml/data/kaggle/grading/Kupro/Large/Grade-1/174.jpg,Kupro,Large,Grade-1,val,/Users/ayush/Downloads/date-fruit-quality-ml/data/quality/grade/val/Grade-1/Kupro__Large__174.jpg,410.82904052734375,393.1513671875,126412.5
/Users/ayush/Downloads/date-fruit-quality-ml/data/kaggle/grading/Fasli Toto/Small/Grade-1/72.jpg,Fasli Toto,Small,Grade-1,val,/Users/ayush/Downloads/date-fruit-quality-ml/data/quality/grade/val/Grade-1/Fasli-Toto__Small__72.jpg,369.66217041015625,260.4577331542969,77605.5
/Users/ayush/Downloads/date-fruit-quality-ml/data/kaggle/grading/Kupro/Large/Grade-2/263.jpg,Kupro,Large,Grade-2,val,/Users/ayush/Downloads/date-fruit-quality-ml/data/quality/grade/val/Grade-2/Kupro__Large__263.jpg,490.01153564453125,355.5472106933594,136406.5
/Users/ayush/Downloads/date-fruit-quality-ml/data/kaggle/grading/Fasli Toto/Large/Grade-1/41.jpg,Fasli Toto,Large,Grade-1,val,/Users/ayush/Downloads/date-fruit-quality-ml/data/quality/grade/val/Grade-1/Fasli-Toto__Large__41.jpg,440.55218505859375,380.4419250488281,119272.0
/Users/ayush/Downloads/date-fruit-quality-ml/data/kaggle/grading/Fasli Toto/Medium/Grade-1/109.jpg,Fasli Toto,Medium,Grade-1,val,/Users/ayush/Downloads/date-fruit-quality-ml/data/quality/grade/val/Grade-1/Fasli-Toto__Medium__109.jpg,362.9651184082031,279.24493408203125,82884.0
/Users/ayush/Downloads/date-fruit-quality-ml/data/kaggle/grading/Fasli Toto/Small/Grade-1/38.jpg,Fasli Toto,Small,Grade-1,val,/Users/ayush/Downloads/date-fruit-quality-ml/data/quality/grade/val/Grade-1/Fasli-Toto__Small__38.jpg,369.7386474609375,269.11358642578125,77856.0
/Users/ayush/Downloads/date-fruit-quality-ml/data/kaggle/grading/Aseel/Small/Grade-1/3.jpg,Aseel,Small,Grade-1,val,/Users/ayush/Downloads/date-fruit-quality-ml/data/quality/grade/val/Grade-1/Aseel__Small__3.jpg,469.0,267.0,99682.5
/Users/ayush/Downloads/date-fruit-quality-ml/data/kaggle/grading/Aseel/Medium/Grade-1/10.jpg,Aseel,Medium,Grade-1,val,/Users/ayush/Downloads/date-fruit-quality-ml/data/quality/grade/val/Grade-1/Aseel__Medium__10.jpg,497.0566101074219,265.1736145019531,106932.5
/Users/ayush/Downloads/date-fruit-quality-ml/data/kaggle/grading/Fasli Toto/Medium/Grade-1/13.jpg,Fasli Toto,Medium,Grade-1,val,/Users/ayush/Downloads/date-fruit-quality-ml/data/quality/grade/val/Grade-1/Fasli-Toto__Medium__13.jpg,436.4707946777344,257.8054504394531,93647.0
/Users/ayush/Downloads/date-fruit-quality-ml/data/kaggle/grading/Kupro/Large/Grade-1/192.jpg,Kupro,Large,Grade-1,val,/Users/ayush/Downloads/date-fruit-quality-ml/data/quality/grade/val/Grade-1/Kupro__Large__192.jpg,481.0841369628906,347.0321960449219,131635.5
/Users/ayush/Downloads/date-fruit-quality-ml/data/kaggle/grading/Kupro/Large/Grade-3/32.jpg,Kupro,Large,Grade-3,val,/Users/ayush/Downloads/date-fruit-quality-ml/data/quality/grade/val/Grade-3/Kupro__Large__32.jpg,494.3479309082031,369.9656677246094,150605.0
/Users/ayush/Downloads/date-fruit-quality-ml/data/kaggle/grading/Fasli Toto/Medium/Grade-1/112.jpg,Fasli Toto,Medium,Grade-1,val,/Users/ayush/Downloads/date-fruit-quality-ml/data/quality/grade/val/Grade-1/Fasli-Toto__Medium__112.jpg,400.645751953125,267.1495666503906,88747.0
/Users/ayush/Downloads/date-fruit-quality-ml/data/kaggle/grading/Gajar/Medium/Grade-1/14.jpg,Gajar,Medium,Grade-1,val,/Users/ayush/Downloads/date-fruit-quality-ml/data/quality/grade/val/Grade-1/Gajar__Medium__14.jpg,539.7054443359375,278.2880859375,124864.0
/Users/ayush/Downloads/date-fruit-quality-ml/data/kaggle/grading/Gajar/Large/Grade-2/84.jpg,Gajar,Large,Grade-2,val,/Users/ayush/Downloads/date-fruit-quality-ml/data/quality/grade/val/Grade-2/Gajar__Large__84.jpg,637.4072875976562,269.0819396972656,144355.5
/Users/ayush/Downloads/date-fruit-quality-ml/data/kaggle/grading/Kupro/Large/Grade-1/102.jpg,Kupro,Large,Grade-1,val,/Users/ayush/Downloads/date-fruit-quality-ml/data/quality/grade/val/Grade-1/Kupro__Large__102.jpg,512.3897705078125,355.6575012207031,146110.5
/Users/ayush/Downloads/date-fruit-quality-ml/data/kaggle/grading/Gajar/Medium/Grade-2/11.jpg,Gajar,Medium,Grade-2,val,/Users/ayush/Downloads/date-fruit-quality-ml/data/quality/grade/val/Grade-2/Gajar__Medium__11.jpg,524.1053466796875,272.4830627441406,117098.5
/Users/ayush/Downloads/date-fruit-quality-ml/data/kaggle/grading/Gajar/Small/Grade-2/131.jpg,Gajar,Small,Grade-2,val,/Users/ayush/Downloads/date-fruit-quality-ml/data/quality/grade/val/Grade-2/Gajar__Small__131.jpg,581.331787109375,264.80712890625,127911.0
/Users/ayush/Downloads/date-fruit-quality-ml/data/kaggle/grading/Gajar/Small/Grade-2/96.jpg,Gajar,Small,Grade-2,val,/Users/ayush/Downloads/date-fruit-quality-ml/data/quality/grade/val/Grade-2/Gajar__Small__96.jpg,583.8314819335938,252.03857421875,124609.0
/Users/ayush/Downloads/date-fruit-quality-ml/data/kaggle/grading/Gajar/Medium/Grade-1/164.jpg,Gajar,Medium,Grade-1,val,/Users/ayush/Downloads/date-fruit-quality-ml/data/quality/grade/val/Grade-1/Gajar__Medium__164.jpg,544.0888671875,257.78692626953125,116229.0
/Users/ayush/Downloads/date-fruit-quality-ml/data/kaggle/grading/Gajar/Medium/Grade-1/73.jpg,Gajar,Medium,Grade-1,val,/Users/ayush/Downloads/date-fruit-quality-ml/data/quality/grade/val/Grade-1/Gajar__Medium__73.jpg,536.0,280.0,121712.5
/Users/ayush/Downloads/date-fruit-quality-ml/data/kaggle/grading/Gajar/Large/Grade-3/33.jpg,Gajar,Large,Grade-3,val,/Users/ayush/Downloads/date-fruit-quality-ml/data/quality/grade/val/Grade-3/Gajar__Large__33.jpg,656.7584228515625,289.20660400390625,158542.5
/Users/ayush/Downloads/date-fruit-quality-ml/data/kaggle/grading/Kupro/Large/Grade-2/329.jpg,Kupro,Large,Grade-2,val,/Users/ayush/Downloads/date-fruit-quality-ml/data/quality/grade/val/Grade-2/Kupro__Large__329.jpg,505.4227294921875,354.8148498535156,142485.0
/Users/ayush/Downloads/date-fruit-quality-ml/data/kaggle/grading/Gajar/Large/Grade-1/60.jpg,Gajar,Large,Grade-1,val,/Users/ayush/Downloads/date-fruit-quality-ml/data/quality/grade/val/Grade-1/Gajar__Large__60.jpg,613.8201293945312,292.5419006347656,148564.0
/Users/ayush/Downloads/date-fruit-quality-ml/data/kaggle/grading/Gajar/Medium/Grade-1/130.jpg,Gajar,Medium,Grade-1,val,/Users/ayush/Downloads/date-fruit-quality-ml/data/quality/grade/val/Grade-1/Gajar__Medium__130.jpg,583.2054443359375,259.439697265625,128340.5
/Users/ayush/Downloads/date-fruit-quality-ml/data/kaggle/grading/Kupro/Large/Grade-1/122.jpg,Kupro,Large,Grade-1,val,/Users/ayush/Downloads/date-fruit-quality-ml/data/quality/grade/val/Grade-1/Kupro__Large__122.jpg,518.2413940429688,365.0518798828125,146916.0
/Users/ayush/Downloads/date-fruit-quality-ml/data/kaggle/grading/Fasli Toto/Medium/Grade-1/121.jpg,Fasli Toto,Medium,Grade-1,val,/Users/ayush/Downloads/date-fruit-quality-ml/data/quality/grade/val/Grade-1/Fasli-Toto__Medium__121.jpg,449.4865417480469,278.1772766113281,96807.5
/Users/ayush/Downloads/date-fruit-quality-ml/data/kaggle/grading/Aseel/Medium/Grade-1/138.jpg,Aseel,Medium,Grade-1,val,/Users/ayush/Downloads/date-fruit-quality-ml/data/quality/grade/val/Grade-1/Aseel__Medium__138.jpg,509.5845031738281,294.2852783203125,119598.0
/Users/ayush/Downloads/date-fruit-quality-ml/data/kaggle/grading/Kupro/Large/Grade-1/142.jpg,Kupro,Large,Grade-1,val,/Users/ayush/Downloads/date-fruit-quality-ml/data/quality/grade/val/Grade-1/Kupro__Large__142.jpg,486.3267517089844,354.9692077636719,135758.0
/Users/ayush/Downloads/date-fruit-quality-ml/data/kaggle/grading/Gajar/Small/Grade-1/156.jpg,Gajar,Small,Grade-1,val,/Users/ayush/Downloads/date-fruit-quality-ml/data/quality/grade/val/Grade-1/Gajar__Small__156.jpg,540.753173828125,224.11416625976562,103506.0
/Users/ayush/Downloads/date-fruit-quality-ml/data/kaggle/grading/Gajar/Small/Grade-3/140.jpg,Gajar,Small,Grade-3,val,/Users/ayush/Downloads/date-fruit-quality-ml/data/quality/grade/val/Grade-3/Gajar__Small__140.jpg,582.7529907226562,252.68524169921875,122297.0
/Users/ayush/Downloads/date-fruit-quality-ml/data/kaggle/grading/Gajar/Medium/Grade-1/69.jpg,Gajar,Medium,Grade-1,val,/Users/ayush/Downloads/date-fruit-quality-ml/data/quality/grade/val/Grade-1/Gajar__Medium__69.jpg,566.6065673828125,252.0565643310547,115161.0
/Users/ayush/Downloads/date-fruit-quality-ml/data/kaggle/grading/Kupro/Large/Grade-2/20.jpg,Kupro,Large,Grade-2,val,/Users/ayush/Downloads/date-fruit-quality-ml/data/quality/grade/val/Grade-2/Kupro__Large__20.jpg,484.72314453125,350.56573486328125,137180.5
/Users/ayush/Downloads/date-fruit-quality-ml/data/kaggle/grading/Gajar/Small/Grade-2/136.jpg,Gajar,Small,Grade-2,val,/Users/ayush/Downloads/date-fruit-quality-ml/data/quality/grade/val/Grade-2/Gajar__Small__136.jpg,570.3507690429688,249.53794860839844,121001.0
/Users/ayush/Downloads/date-fruit-quality-ml/data/kaggle/grading/Gajar/Small/Grade-2/54.jpg,Gajar,Small,Grade-2,val,/Users/ayush/Downloads/date-fruit-quality-ml/data/quality/grade/val/Grade-2/Gajar__Small__54.jpg,551.3659057617188,262.631591796875,123033.5
/Users/ayush/Downloads/date-fruit-quality-ml/data/kaggle/grading/Aseel/Small/Grade-1/155.jpg,Aseel,Small,Grade-1,val,/Users/ayush/Downloads/date-fruit-quality-ml/data/quality/grade/val/Grade-1/Aseel__Small__155.jpg,444.5348815917969,248.57127380371094,85252.0
/Users/ayush/Downloads/date-fruit-quality-ml/data/kaggle/grading/Aseel/Large/Grade-1/51.jpg,Aseel,Large,Grade-1,val,/Users/ayush/Downloads/date-fruit-quality-ml/data/quality/grade/val/Grade-1/Aseel__Large__51.jpg,508.86334228515625,298.4815368652344,122825.0
/Users/ayush/Downloads/date-fruit-quality-ml/data/kaggle/grading/Gajar/Large/Grade-1/161.jpg,Gajar,Large,Grade-1,val,/Users/ayush/Downloads/date-fruit-quality-ml/data/quality/grade/val/Grade-1/Gajar__Large__161.jpg,584.9929809570312,304.9977111816406,147446.0
/Users/ayush/Downloads/date-fruit-quality-ml/data/kaggle/grading/Kupro/Large/Grade-1/315.jpg,Kupro,Large,Grade-1,val,/Users/ayush/Downloads/date-fruit-quality-ml/data/quality/grade/val/Grade-1/Kupro__Large__315.jpg,490.9084777832031,337.5947570800781,133003.5
/Users/ayush/Downloads/date-fruit-quality-ml/data/kaggle/grading/Aseel/Medium/Grade-1/95.jpg,Aseel,Medium,Grade-1,val,/Users/ayush/Downloads/date-fruit-quality-ml/data/quality/grade/val/Grade-1/Aseel__Medium__95.jpg,493.7312927246094,303.4997253417969,119205.0
/Users/ayush/Downloads/date-fruit-quality-ml/data/kaggle/grading/Aseel/Medium/Grade-1/154.jpg,Aseel,Medium,Grade-1,val,/Users/ayush/Downloads/date-fruit-quality-ml/data/quality/grade/val/Grade-1/Aseel__Medium__154.jpg,485.84039306640625,289.6938171386719,108204.5
/Users/ayush/Downloads/date-fruit-quality-ml/data/kaggle/grading/Kupro/Large/Grade-1/175.jpg,Kupro,Large,Grade-1,val,/Users/ayush/Downloads/date-fruit-quality-ml/data/quality/grade/val/Grade-1/Kupro__Large__175.jpg,461.03717041015625,337.476806640625,126266.5
/Users/ayush/Downloads/date-fruit-quality-ml/data/kaggle/grading/Kupro/Large/Grade-2/31.jpg,Kupro,Large,Grade-2,val,/Users/ayush/Downloads/date-fruit-quality-ml/data/quality/grade/val/Grade-2/Kupro__Large__31.jpg,486.0,350.0,132085.0
/Users/ayush/Downloads/date-fruit-quality-ml/data/kaggle/grading/Gajar/Large/Grade-2/76.jpg,Gajar,Large,Grade-2,val,/Users/ayush/Downloads/date-fruit-quality-ml/data/quality/grade/val/Grade-2/Gajar__Large__76.jpg,636.6310424804688,289.3116455078125,153936.0
/Users/ayush/Downloads/date-fruit-quality-ml/data/kaggle/grading/Kupro/Large/Grade-2/338.jpg,Kupro,Large,Grade-2,val,/Users/ayush/Downloads/date-fruit-quality-ml/data/quality/grade/val/Grade-2/Kupro__Large__338.jpg,477.2882995605469,369.677490234375,139016.5
/Users/ayush/Downloads/date-fruit-quality-ml/data/kaggle/grading/Fasli Toto/Medium/Grade-1/142.jpg,Fasli Toto,Medium,Grade-1,val,/Users/ayush/Downloads/date-fruit-quality-ml/data/quality/grade/val/Grade-1/Fasli-Toto__Medium__142.jpg,453.3442077636719,269.2582092285156,97734.5
/Users/ayush/Downloads/date-fruit-quality-ml/data/kaggle/grading/Kupro/Large/Grade-2/63.jpg,Kupro,Large,Grade-2,val,/Users/ayush/Downloads/date-fruit-quality-ml/data/quality/grade/val/Grade-2/Kupro__Large__63.jpg,504.80242919921875,314.2115783691406,124472.0
/Users/ayush/Downloads/date-fruit-quality-ml/data/kaggle/grading/Kupro/Large/Grade-1/136.jpg,Kupro,Large,Grade-1,val,/Users/ayush/Downloads/date-fruit-quality-ml/data/quality/grade/val/Grade-1/Kupro__Large__136.jpg,488.7522277832031,361.190185546875,139786.0
/Users/ayush/Downloads/date-fruit-quality-ml/data/kaggle/grading/Kupro/Large/Grade-1/202.jpg,Kupro,Large,Grade-1,val,/Users/ayush/Downloads/date-fruit-quality-ml/data/quality/grade/val/Grade-1/Kupro__Large__202.jpg,417.1605529785156,310.5397033691406,96290.0
/Users/ayush/Downloads/date-fruit-quality-ml/data/kaggle/grading/Kupro/Large/Grade-1/47.jpg,Kupro,Large,Grade-1,val,/Users/ayush/Downloads/date-fruit-quality-ml/data/quality/grade/val/Grade-1/Kupro__Large__47.jpg,472.7604675292969,371.5675964355469,135433.0
/Users/ayush/Downloads/date-fruit-quality-ml/data/kaggle/grading/Gajar/Small/Grade-1/3.jpg,Gajar,Small,Grade-1,val,/Users/ayush/Downloads/date-fruit-quality-ml/data/quality/grade/val/Grade-1/Gajar__Small__3.jpg,574.747802734375,242.7101287841797,121364.5
/Users/ayush/Downloads/date-fruit-quality-ml/data/kaggle/grading/Kupro/Large/Grade-2/297.jpg,Kupro,Large,Grade-2,val,/Users/ayush/Downloads/date-fruit-quality-ml/data/quality/grade/val/Grade-2/Kupro__Large__297.jpg,498.0171203613281,349.00555419921875,135052.5
/Users/ayush/Downloads/date-fruit-quality-ml/data/kaggle/grading/Gajar/Large/Grade-1/110.jpg,Gajar,Large,Grade-1,val,/Users/ayush/Downloads/date-fruit-quality-ml/data/quality/grade/val/Grade-1/Gajar__Large__110.jpg,587.6670532226562,281.8027038574219,141058.0
/Users/ayush/Downloads/date-fruit-quality-ml/data/kaggle/grading/Gajar/Small/Grade-2/55.jpg,Gajar,Small,Grade-2,val,/Users/ayush/Downloads/date-fruit-quality-ml/data/quality/grade/val/Grade-2/Gajar__Small__55.jpg,598.3025512695312,280.11322021484375,139811.5
/Users/ayush/Downloads/date-fruit-quality-ml/data/kaggle/grading/Gajar/Small/Grade-2/75.jpg,Gajar,Small,Grade-2,val,/Users/ayush/Downloads/date-fruit-quality-ml/data/quality/grade/val/Grade-2/Gajar__Small__75.jpg,542.3047485351562,247.1962432861328,108111.0
/Users/ayush/Downloads/date-fruit-quality-ml/data/kaggle/grading/Gajar/Large/Grade-3/100.jpg,Gajar,Large,Grade-3,val,/Users/ayush/Downloads/date-fruit-quality-ml/data/quality/grade/val/Grade-3/Gajar__Large__100.jpg,699.03466796875,304.919677734375,156309.5
/Users/ayush/Downloads/date-fruit-quality-ml/data/kaggle/grading/Gajar/Medium/Grade-1/27.jpg,Gajar,Medium,Grade-1,val,/Users/ayush/Downloads/date-fruit-quality-ml/data/quality/grade/val/Grade-1/Gajar__Medium__27.jpg,536.09326171875,242.07009887695312,104268.5
/Users/ayush/Downloads/date-fruit-quality-ml/data/kaggle/grading/Kupro/Large/Grade-2/125.jpg,Kupro,Large,Grade-2,val,/Users/ayush/Downloads/date-fruit-quality-ml/data/quality/grade/val/Grade-2/Kupro__Large__125.jpg,493.16339111328125,342.5770263671875,132319.5
/Users/ayush/Downloads/date-fruit-quality-ml/data/kaggle/grading/Gajar/Large/Grade-1/85.jpg,Gajar,Large,Grade-1,val,/Users/ayush/Downloads/date-fruit-quality-ml/data/quality/grade/val/Grade-1/Gajar__Large__85.jpg,619.4002075195312,277.87176513671875,146614.0
/Users/ayush/Downloads/date-fruit-quality-ml/data/kaggle/grading/Kupro/Large/Grade-1/277.jpg,Kupro,Large,Grade-1,val,/Users/ayush/Downloads/date-fruit-quality-ml/data/quality/grade/val/Grade-1/Kupro__Large__277.jpg,495.0,354.0,135593.0
/Users/ayush/Downloads/date-fruit-quality-ml/data/kaggle/grading/Fasli Toto/Small/Grade-1/29.jpg,Fasli Toto,Small,Grade-1,val,/Users/ayush/Downloads/date-fruit-quality-ml/data/quality/grade/val/Grade-1/Fasli-Toto__Small__29.jpg,381.0,269.0,79297.0
/Users/ayush/Downloads/date-fruit-quality-ml/data/kaggle/grading/Gajar/Small/Grade-3/119.jpg,Gajar,Small,Grade-3,val,/Users/ayush/Downloads/date-fruit-quality-ml/data/quality/grade/val/Grade-3/Gajar__Small__119.jpg,558.0330810546875,245.43081665039062,113141.0
/Users/ayush/Downloads/date-fruit-quality-ml/data/kaggle/grading/Kupro/Large/Grade-1/63.jpg,Kupro,Large,Grade-1,val,/Users/ayush/Downloads/date-fruit-quality-ml/data/quality/grade/val/Grade-1/Kupro__Large__63.jpg,510.3904724121094,345.8616027832031,143708.0
/Users/ayush/Downloads/date-fruit-quality-ml/data/kaggle/grading/Kupro/Large/Grade-3/4.jpg,Kupro,Large,Grade-3,val,/Users/ayush/Downloads/date-fruit-quality-ml/data/quality/grade/val/Grade-3/Kupro__Large__4.jpg,503.9599914550781,340.3420104980469,131853.5
/Users/ayush/Downloads/date-fruit-quality-ml/data/kaggle/grading/Gajar/Medium/Grade-1/22.jpg,Gajar,Medium,Grade-1,val,/Users/ayush/Downloads/date-fruit-quality-ml/data/quality/grade/val/Grade-1/Gajar__Medium__22.jpg,522.6897583007812,248.63088989257812,108750.5
/Users/ayush/Downloads/date-fruit-quality-ml/data/kaggle/grading/Gajar/Small/Grade-1/26.jpg,Gajar,Small,Grade-1,val,/Users/ayush/Downloads/date-fruit-quality-ml/data/quality/grade/val/Grade-1/Gajar__Small__26.jpg,575.861572265625,237.80946350097656,112850.0
/Users/ayush/Downloads/date-fruit-quality-ml/data/kaggle/grading/Fasli Toto/Large/Grade-1/51.jpg,Fasli Toto,Large,Grade-1,val,/Users/ayush/Downloads/date-fruit-quality-ml/data/quality/grade/val/Grade-1/Fasli-Toto__Large__51.jpg,483.050048828125,316.63787841796875,122969.0
/Users/ayush/Downloads/date-fruit-quality-ml/data/kaggle/grading/Kupro/Large/Grade-1/242.jpg,Kupro,Large,Grade-1,val,/Users/ayush/Downloads/date-fruit-quality-ml/data/quality/grade/val/Grade-1/Kupro__Large__242.jpg,495.6412658691406,349.1709289550781,136578.5
/Users/ayush/Downloads/date-fruit-quality-ml/data/kaggle/grading/Gajar/Small/Grade-2/56.jpg,Gajar,Small,Grade-2,val,/Users/ayush/Downloads/date-fruit-quality-ml/data/quality/grade/val/Grade-2/Gajar__Small__56.jpg,562.3606567382812,266.2190856933594,128092.0
/Users/ayush/Downloads/date-fruit-quality-ml/data/kaggle/grading/Kupro/Large/Grade-3/3.jpg,Kupro,Large,Grade-3,val,/Users/ayush/Downloads/date-fruit-quality-ml/data/quality/grade/val/Grade-3/Kupro__Large__3.jpg,491.22528076171875,340.935302734375,136135.5
/Users/ayush/Downloads/date-fruit-quality-ml/data/kaggle/grading/Gajar/Large/Grade-1/117.jpg,Gajar,Large,Grade-1,val,/Users/ayush/Downloads/date-fruit-quality-ml/data/quality/grade/val/Grade-1/Gajar__Large__117.jpg,685.0199584960938,280.6647644042969,164412.0
/Users/ayush/Downloads/date-fruit-quality-ml/data/kaggle/grading/Kupro/Large/Grade-2/358.jpg,Kupro,Large,Grade-2,val,/Users/ayush/Downloads/date-fruit-quality-ml/data/quality/grade/val/Grade-2/Kupro__Large__358.jpg,505.1639709472656,327.3675537109375,129573.0
/Users/ayush/Downloads/date-fruit-quality-ml/data/kaggle/grading/Aseel/Large/Grade-1/148.jpg,Aseel,Large,Grade-1,val,/Users/ayush/Downloads/date-fruit-quality-ml/data/quality/grade/val/Grade-1/Aseel__Large__148.jpg,511.0,306.0,128090.0
/Users/ayush/Downloads/date-fruit-quality-ml/data/kaggle/grading/Gajar/Small/Grade-3/1.jpg,Gajar,Small,Grade-3,val,/Users/ayush/Downloads/date-fruit-quality-ml/data/quality/grade/val/Grade-3/Gajar__Small__1.jpg,529.0081787109375,267.54290771484375,117472.5
/Users/ayush/Downloads/date-fruit-quality-ml/data/kaggle/grading/Gajar/Small/Grade-3/64.jpg,Gajar,Small,Grade-3,val,/Users/ayush/Downloads/date-fruit-quality-ml/data/quality/grade/val/Grade-3/Gajar__Small__64.jpg,556.1984252929688,234.04710388183594,108790.0
/Users/ayush/Downloads/date-fruit-quality-ml/data/kaggle/grading/Kupro/Large/Grade-3/29.jpg,Kupro,Large,Grade-3,val,/Users/ayush/Downloads/date-fruit-quality-ml/data/quality/grade/val/Grade-3/Kupro__Large__29.jpg,524.4176025390625,355.5883483886719,145334.5
/Users/ayush/Downloads/date-fruit-quality-ml/data/kaggle/grading/Kupro/Large/Grade-2/255.jpg,Kupro,Large,Grade-2,val,/Users/ayush/Downloads/date-fruit-quality-ml/data/quality/grade/val/Grade-2/Kupro__Large__255.jpg,494.0,357.0,138500.5
/Users/ayush/Downloads/date-fruit-quality-ml/data/kaggle/grading/Kupro/Large/Grade-2/208.jpg,Kupro,Large,Grade-2,val,/Users/ayush/Downloads/date-fruit-quality-ml/data/quality/grade/val/Grade-2/Kupro__Large__208.jpg,510.4033508300781,351.1624450683594,141865.5
/Users/ayush/Downloads/date-fruit-quality-ml/data/kaggle/grading/Aseel/Medium/Grade-1/62.jpg,Aseel,Medium,Grade-1,val,/Users/ayush/Downloads/date-fruit-quality-ml/data/quality/grade/val/Grade-1/Aseel__Medium__62.jpg,488.7214050292969,319.4731750488281,122288.5
/Users/ayush/Downloads/date-fruit-quality-ml/data/kaggle/grading/Kupro/Large/Grade-1/321.jpg,Kupro,Large,Grade-1,val,/Users/ayush/Downloads/date-fruit-quality-ml/data/quality/grade/val/Grade-1/Kupro__Large__321.jpg,467.1591796875,364.1361389160156,131374.0
/Users/ayush/Downloads/date-fruit-quality-ml/data/kaggle/grading/Gajar/Small/Grade-3/42.jpg,Gajar,Small,Grade-3,val,/Users/ayush/Downloads/date-fruit-quality-ml/data/quality/grade/val/Grade-3/Gajar__Small__42.jpg,562.9232177734375,278.6505432128906,127489.5
/Users/ayush/Downloads/date-fruit-quality-ml/data/kaggle/grading/Kupro/Large/Grade-1/200.jpg,Kupro,Large,Grade-1,val,/Users/ayush/Downloads/date-fruit-quality-ml/data/quality/grade/val/Grade-1/Kupro__Large__200.jpg,420.86187744140625,311.423583984375,104057.5
/Users/ayush/Downloads/date-fruit-quality-ml/data/kaggle/grading/Kupro/Large/Grade-3/18.jpg,Kupro,Large,Grade-3,val,/Users/ayush/Downloads/date-fruit-quality-ml/data/quality/grade/val/Grade-3/Kupro__Large__18.jpg,516.474609375,333.2684631347656,136778.0
/Users/ayush/Downloads/date-fruit-quality-ml/data/kaggle/grading/Gajar/Large/Grade-1/115.jpg,Gajar,Large,Grade-1,val,/Users/ayush/Downloads/date-fruit-quality-ml/data/quality/grade/val/Grade-1/Gajar__Large__115.jpg,609.6461791992188,283.21820068359375,139594.5
/Users/ayush/Downloads/date-fruit-quality-ml/data/kaggle/grading/Gajar/Large/Grade-1/26.jpg,Gajar,Large,Grade-1,val,/Users/ayush/Downloads/date-fruit-quality-ml/data/quality/grade/val/Grade-1/Gajar__Large__26.jpg,650.2482299804688,278.1698913574219,156499.0
/Users/ayush/Downloads/date-fruit-quality-ml/data/kaggle/grading/Aseel/Small/Grade-1/88.jpg,Aseel,Small,Grade-1,val,/Users/ayush/Downloads/date-fruit-quality-ml/data/quality/grade/val/Grade-1/Aseel__Small__88.jpg,416.0,264.0,86023.0
/Users/ayush/Downloads/date-fruit-quality-ml/data/kaggle/grading/Aseel/Large/Grade-1/52.jpg,Aseel,Large,Grade-1,val,/Users/ayush/Downloads/date-fruit-quality-ml/data/quality/grade/val/Grade-1/Aseel__Large__52.jpg,583.334716796875,351.3154296875,163416.5
/Users/ayush/Downloads/date-fruit-quality-ml/data/kaggle/grading/Fasli Toto/Small/Grade-1/83.jpg,Fasli Toto,Small,Grade-1,val,/Users/ayush/Downloads/date-fruit-quality-ml/data/quality/grade/val/Grade-1/Fasli-Toto__Small__83.jpg,368.0,285.0,81374.0
/Users/ayush/Downloads/date-fruit-quality-ml/data/kaggle/grading/Gajar/Large/Grade-3/1.jpg,Gajar,Large,Grade-3,val,/Users/ayush/Downloads/date-fruit-quality-ml/data/quality/grade/val/Grade-3/Gajar__Large__1.jpg,593.555908203125,294.9024963378906,150957.5
/Users/ayush/Downloads/date-fruit-quality-ml/data/kaggle/grading/Gajar/Small/Grade-2/25.jpg,Gajar,Small,Grade-2,val,/Users/ayush/Downloads/date-fruit-quality-ml/data/quality/grade/val/Grade-2/Gajar__Small__25.jpg,524.8507690429688,270.5384521484375,117394.5
/Users/ayush/Downloads/date-fruit-quality-ml/data/kaggle/grading/Aseel/Large/Grade-1/42.jpg,Aseel,Large,Grade-1,val,/Users/ayush/Downloads/date-fruit-quality-ml/data/quality/grade/val/Grade-1/Aseel__Large__42.jpg,534.9432983398438,298.0176696777344,130039.0
/Users/ayush/Downloads/date-fruit-quality-ml/data/kaggle/grading/Fasli Toto/Medium/Grade-1/108.jpg,Fasli Toto,Medium,Grade-1,val,/Users/ayush/Downloads/date-fruit-quality-ml/data/quality/grade/val/Grade-1/Fasli-Toto__Medium__108.jpg,391.21185302734375,292.0932922363281,88496.5
/Users/ayush/Downloads/date-fruit-quality-ml/data/kaggle/grading/Gajar/Small/Grade-2/133.jpg,Gajar,Small,Grade-2,val,/Users/ayush/Downloads/date-fruit-quality-ml/data/quality/grade/val/Grade-2/Gajar__Small__133.jpg,552.8513793945312,270.6402282714844,122308.5
/Users/ayush/Downloads/date-fruit-quality-ml/data/kaggle/grading/Kupro/Large/Grade-1/232.jpg,Kupro,Large,Grade-1,val,/Users/ayush/Downloads/date-fruit-quality-ml/data/quality/grade/val/Grade-1/Kupro__Large__232.jpg,526.487548828125,393.36962890625,159023.5
/Users/ayush/Downloads/date-fruit-quality-ml/data/kaggle/grading/Gajar/Small/Grade-3/155.jpg,Gajar,Small,Grade-3,val,/Users/ayush/Downloads/date-fruit-quality-ml/data/quality/grade/val/Grade-3/Gajar__Small__155.jpg,553.279052734375,238.00277709960938,112842.5
/Users/ayush/Downloads/date-fruit-quality-ml/data/kaggle/grading/Kupro/Large/Grade-2/50.jpg,Kupro,Large,Grade-2,val,/Users/ayush/Downloads/date-fruit-quality-ml/data/quality/grade/val/Grade-2/Kupro__Large__50.jpg,482.4950866699219,361.933349609375,139467.0
/Users/ayush/Downloads/date-fruit-quality-ml/data/kaggle/grading/Gajar/Medium/Grade-3/33.jpg,Gajar,Medium,Grade-3,val,/Users/ayush/Downloads/date-fruit-quality-ml/data/quality/grade/val/Grade-3/Gajar__Medium__33.jpg,598.1573486328125,279.6286926269531,137028.0
/Users/ayush/Downloads/date-fruit-quality-ml/data/kaggle/grading/Fasli Toto/Large/Grade-1/131.jpg,Fasli Toto,Large,Grade-1,val,/Users/ayush/Downloads/date-fruit-quality-ml/data/quality/grade/val/Grade-1/Fasli-Toto__Large__131.jpg,427.0,356.0,120391.5
/Users/ayush/Downloads/date-fruit-quality-ml/data/kaggle/grading/Fasli Toto/Small/Grade-1/60.jpg,Fasli Toto,Small,Grade-1,val,/Users/ayush/Downloads/date-fruit-quality-ml/data/quality/grade/val/Grade-1/Fasli-Toto__Small__60.jpg,339.0074462890625,251.4556427001953,66315.5
/Users/ayush/Downloads/date-fruit-quality-ml/data/kaggle/grading/Kupro/Large/Grade-2/79.jpg,Kupro,Large,Grade-2,val,/Users/ayush/Downloads/date-fruit-quality-ml/data/quality/grade/val/Grade-2/Kupro__Large__79.jpg,494.42236328125,369.46746826171875,141723.5
/Users/ayush/Downloads/date-fruit-quality-ml/data/kaggle/grading/Fasli Toto/Large/Grade-1/62.jpg,Fasli Toto,Large,Grade-1,val,/Users/ayush/Downloads/date-fruit-quality-ml/data/quality/grade/val/Grade-1/Fasli-Toto__Large__62.jpg,484.68011474609375,310.31988525390625,121666.5
/Users/ayush/Downloads/date-fruit-quality-ml/data/kaggle/grading/Aseel/Large/Grade-1/114.jpg,Aseel,Large,Grade-1,val,/Users/ayush/Downloads/date-fruit-quality-ml/data/quality/grade/val/Grade-1/Aseel__Large__114.jpg,471.60791015625,358.69061279296875,127825.0
/Users/ayush/Downloads/date-fruit-quality-ml/data/kaggle/grading/Gajar/Large/Grade-2/82.jpg,Gajar,Large,Grade-2,val,/Users/ayush/Downloads/date-fruit-quality-ml/data/quality/grade/val/Grade-2/Gajar__Large__82.jpg,643.957763671875,279.1447448730469,150210.5
/Users/ayush/Downloads/date-fruit-quality-ml/data/kaggle/grading/Gajar/Medium/Grade-1/136.jpg,Gajar,Medium,Grade-1,val,/Users/ayush/Downloads/date-fruit-quality-ml/data/quality/grade/val/Grade-1/Gajar__Medium__136.jpg,565.6050415039062,271.34124755859375,126693.0
/Users/ayush/Downloads/date-fruit-quality-ml/data/kaggle/grading/Gajar/Small/Grade-2/117.jpg,Gajar,Small,Grade-2,val,/Users/ayush/Downloads/date-fruit-quality-ml/data/quality/grade/val/Grade-2/Gajar__Small__117.jpg,548.122802734375,291.8424987792969,134104.5
/Users/ayush/Downloads/date-fruit-quality-ml/data/kaggle/grading/Gajar/Small/Grade-2/109.jpg,Gajar,Small,Grade-2,val,/Users/ayush/Downloads/date-fruit-quality-ml/data/quality/grade/val/Grade-2/Gajar__Small__109.jpg,534.5205078125,242.24061584472656,111236.0
/Users/ayush/Downloads/date-fruit-quality-ml/data/kaggle/grading/Gajar/Small/Grade-3/126.jpg,Gajar,Small,Grade-3,val,/Users/ayush/Downloads/date-fruit-quality-ml/data/quality/grade/val/Grade-3/Gajar__Small__126.jpg,583.2660522460938,268.6885986328125,127113.0
/Users/ayush/Downloads/date-fruit-quality-ml/data/kaggle/grading/Gajar/Small/Grade-1/74.jpg,Gajar,Small,Grade-1,val,/Users/ayush/Downloads/date-fruit-quality-ml/data/quality/grade/val/Grade-1/Gajar__Small__74.jpg,538.3588256835938,255.51028442382812,115909.0
/Users/ayush/Downloads/date-fruit-quality-ml/data/kaggle/grading/Kupro/Large/Grade-2/3.jpg,Kupro,Large,Grade-2,val,/Users/ayush/Downloads/date-fruit-quality-ml/data/quality/grade/val/Grade-2/Kupro__Large__3.jpg,518.6498413085938,375.63226318359375,157915.5
/Users/ayush/Downloads/date-fruit-quality-ml/data/kaggle/grading/Gajar/Small/Grade-1/66.jpg,Gajar,Small,Grade-1,val,/Users/ayush/Downloads/date-fruit-quality-ml/data/quality/grade/val/Grade-1/Gajar__Small__66.jpg,540.0,240.0,111915.0
/Users/ayush/Downloads/date-fruit-quality-ml/data/kaggle/grading/Gajar/Small/Grade-3/29.jpg,Gajar,Small,Grade-3,val,/Users/ayush/Downloads/date-fruit-quality-ml/data/quality/grade/val/Grade-3/Gajar__Small__29.jpg,540.51806640625,308.23065185546875,133633.5
/Users/ayush/Downloads/date-fruit-quality-ml/data/kaggle/grading/Aseel/Small/Grade-1/133.jpg,Aseel,Small,Grade-1,val,/Users/ayush/Downloads/date-fruit-quality-ml/data/quality/grade/val/Grade-1/Aseel__Small__133.jpg,426.0,256.0,89590.0
/Users/ayush/Downloads/date-fruit-quality-ml/data/kaggle/grading/Kupro/Large/Grade-1/127.jpg,Kupro,Large,Grade-1,val,/Users/ayush/Downloads/date-fruit-quality-ml/data/quality/grade/val/Grade-1/Kupro__Large__127.jpg,521.0479125976562,352.4441833496094,145539.5
/Users/ayush/Downloads/date-fruit-quality-ml/data/kaggle/grading/Gajar/Small/Grade-2/9.jpg,Gajar,Small,Grade-2,val,/Users/ayush/Downloads/date-fruit-quality-ml/data/quality/grade/val/Grade-2/Gajar__Small__9.jpg,524.6553344726562,259.917236328125,111522.5
/Users/ayush/Downloads/date-fruit-quality-ml/data/kaggle/grading/Kupro/Large/Grade-1/249.jpg,Kupro,Large,Grade-1,val,/Users/ayush/Downloads/date-fruit-quality-ml/data/quality/grade/val/Grade-1/Kupro__Large__249.jpg,513.9842529296875,360.7545471191406,147734.5
/Users/ayush/Downloads/date-fruit-quality-ml/data/kaggle/grading/Aseel/Medium/Grade-1/44.jpg,Aseel,Medium,Grade-1,val,/Users/ayush/Downloads/date-fruit-quality-ml/data/quality/grade/val/Grade-1/Aseel__Medium__44.jpg,502.24700927734375,279.5316162109375,111418.0
/Users/ayush/Downloads/date-fruit-quality-ml/data/kaggle/grading/Fasli Toto/Large/Grade-1/50.jpg,Fasli Toto,Large,Grade-1,val,/Users/ayush/Downloads/date-fruit-quality-ml/data/quality/grade/val/Grade-1/Fasli-Toto__Large__50.jpg,473.16326904296875,295.2538757324219,114229.0
/Users/ayush/Downloads/date-fruit-quality-ml/data/kaggle/grading/Kupro/Large/Grade-2/214.jpg,Kupro,Large,Grade-2,val,/Users/ayush/Downloads/date-fruit-quality-ml/data/quality/grade/val/Grade-2/Kupro__Large__214.jpg,460.7578430175781,356.0617980957031,130778.0
/Users/ayush/Downloads/date-fruit-quality-ml/data/kaggle/grading/Kupro/Large/Grade-2/344.jpg,Kupro,Large,Grade-2,val,/Users/ayush/Downloads/date-fruit-quality-ml/data/quality/grade/val/Grade-2/Kupro__Large__344.jpg,446.608642578125,361.0487060546875,132250.5
/Users/ayush/Downloads/date-fruit-quality-ml/data/kaggle/grading/Kupro/Large/Grade-2/77.jpg,Kupro,Large,Grade-2,val,/Users/ayush/Downloads/date-fruit-quality-ml/data/quality/grade/val/Grade-2/Kupro__Large__77.jpg,488.5309143066406,352.48333740234375,137221.0
/Users/ayush/Downloads/date-fruit-quality-ml/data/kaggle/grading/Aseel/Small/Grade-1/87.jpg,Aseel,Small,Grade-1,val,/Users/ayush/Downloads/date-fruit-quality-ml/data/quality/grade/val/Grade-1/Aseel__Small__87.jpg,410.4574279785156,255.93255615234375,85566.0
/Users/ayush/Downloads/date-fruit-quality-ml/data/kaggle/grading/Gajar/Small/Grade-3/32.jpg,Gajar,Small,Grade-3,val,/Users/ayush/Downloads/date-fruit-quality-ml/data/quality/grade/val/Grade-3/Gajar__Small__32.jpg,569.4650268554688,268.0506591796875,129371.0
/Users/ayush/Downloads/date-fruit-quality-ml/data/kaggle/grading/Kupro/Large/Grade-2/108.jpg,Kupro,Large,Grade-2,val,/Users/ayush/Downloads/date-fruit-quality-ml/data/quality/grade/val/Grade-2/Kupro__Large__108.jpg,481.0072937011719,345.6659851074219,125829.5
/Users/ayush/Downloads/date-fruit-quality-ml/data/kaggle/grading/Kupro/Large/Grade-2/312.jpg,Kupro,Large,Grade-2,val,/Users/ayush/Downloads/date-fruit-quality-ml/data/quality/grade/val/Grade-2/Kupro__Large__312.jpg,455.46319580078125,364.7373352050781,134491.0
/Users/ayush/Downloads/date-fruit-quality-ml/data/kaggle/grading/Kupro/Large/Grade-1/194.jpg,Kupro,Large,Grade-1,val,/Users/ayush/Downloads/date-fruit-quality-ml/data/quality/grade/val/Grade-1/Kupro__Large__194.jpg,514.0,331.0,129118.5
/Users/ayush/Downloads/date-fruit-quality-ml/data/kaggle/grading/Gajar/Small/Grade-1/181.jpg,Gajar,Small,Grade-1,val,/Users/ayush/Downloads/date-fruit-quality-ml/data/quality/grade/val/Grade-1/Gajar__Small__181.jpg,486.94085693359375,265.0116271972656,106420.5
/Users/ayush/Downloads/date-fruit-quality-ml/data/kaggle/grading/Kupro/Large/Grade-3/110.jpg,Kupro,Large,Grade-3,val,/Users/ayush/Downloads/date-fruit-quality-ml/data/quality/grade/val/Grade-3/Kupro__Large__110.jpg,477.65411376953125,351.60650634765625,132395.5
/Users/ayush/Downloads/date-fruit-quality-ml/data/kaggle/grading/Gajar/Small/Grade-3/115.jpg,Gajar,Small,Grade-3,val,/Users/ayush/Downloads/date-fruit-quality-ml/data/quality/grade/val/Grade-3/Gajar__Small__115.jpg,553.9103393554688,253.49917602539062,119931.0
/Users/ayush/Downloads/date-fruit-quality-ml/data/kaggle/grading/Kupro/Large/Grade-2/205.jpg,Kupro,Large,Grade-2,val,/Users/ayush/Downloads/date-fruit-quality-ml/data/quality/grade/val/Grade-2/Kupro__Large__205.jpg,486.8956604003906,334.6733093261719,129814.5
/Users/ayush/Downloads/date-fruit-quality-ml/data/kaggle/grading/Gajar/Small/Grade-3/200.jpg,Gajar,Small,Grade-3,val,/Users/ayush/Downloads/date-fruit-quality-ml/data/quality/grade/val/Grade-3/Gajar__Small__200.jpg,547.17529296875,270.9429626464844,118119.5
/Users/ayush/Downloads/date-fruit-quality-ml/data/kaggle/grading/Gajar/Small/Grade-3/148.jpg,Gajar,Small,Grade-3,val,/Users/ayush/Downloads/date-fruit-quality-ml/data/quality/grade/val/Grade-3/Gajar__Small__148.jpg,581.26513671875,316.5666198730469,150569.5
/Users/ayush/Downloads/date-fruit-quality-ml/data/kaggle/grading/Fasli Toto/Large/Grade-1/153.jpg,Fasli Toto,Large,Grade-1,val,/Users/ayush/Downloads/date-fruit-quality-ml/data/quality/grade/val/Grade-1/Fasli-Toto__Large__153.jpg,477.3214416503906,291.3350830078125,110215.5
/Users/ayush/Downloads/date-fruit-quality-ml/data/kaggle/grading/Fasli Toto/Small/Grade-1/64.jpg,Fasli Toto,Small,Grade-1,val,/Users/ayush/Downloads/date-fruit-quality-ml/data/quality/grade/val/Grade-1/Fasli-Toto__Small__64.jpg,361.29254150390625,248.2162322998047,72048.0
/Users/ayush/Downloads/date-fruit-quality-ml/data/kaggle/grading/Gajar/Large/Grade-2/14.jpg,Gajar,Large,Grade-2,val,/Users/ayush/Downloads/date-fruit-quality-ml/data/quality/grade/val/Grade-2/Gajar__Large__14.jpg,625.4984130859375,281.12646484375,144171.0
/Users/ayush/Downloads/date-fruit-quality-ml/data/kaggle/grading/Kupro/Large/Grade-3/88.jpg,Kupro,Large,Grade-3,val,/Users/ayush/Downloads/date-fruit-quality-ml/data/quality/grade/val/Grade-3/Kupro__Large__88.jpg,536.0,367.0,152768.5
/Users/ayush/Downloads/date-fruit-quality-ml/data/kaggle/grading/Gajar/Large/Grade-2/64.jpg,Gajar,Large,Grade-2,val,/Users/ayush/Downloads/date-fruit-quality-ml/data/quality/grade/val/Grade-2/Gajar__Large__64.jpg,644.0479736328125,284.7082824707031,152621.0
/Users/ayush/Downloads/date-fruit-quality-ml/data/kaggle/grading/Gajar/Large/Grade-1/98.jpg,Gajar,Large,Grade-1,val,/Users/ayush/Downloads/date-fruit-quality-ml/data/quality/grade/val/Grade-1/Gajar__Large__98.jpg,653.3003540039062,271.46942138671875,149255.0
/Users/ayush/Downloads/date-fruit-quality-ml/data/kaggle/grading/Gajar/Small/Grade-1/150.jpg,Gajar,Small,Grade-1,val,/Users/ayush/Downloads/date-fruit-quality-ml/data/quality/grade/val/Grade-1/Gajar__Small__150.jpg,592.6656494140625,287.26934814453125,124539.0
/Users/ayush/Downloads/date-fruit-quality-ml/data/kaggle/grading/Aseel/Large/Grade-1/91.jpg,Aseel,Large,Grade-1,val,/Users/ayush/Downloads/date-fruit-quality-ml/data/quality/grade/val/Grade-1/Aseel__Large__91.jpg,553.1502075195312,318.79229736328125,139191.0
/Users/ayush/Downloads/date-fruit-quality-ml/data/kaggle/grading/Gajar/Large/Grade-3/90.jpg,Gajar,Large,Grade-3,val,/Users/ayush/Downloads/date-fruit-quality-ml/data/quality/grade/val/Grade-3/Gajar__Large__90.jpg,648.9133911132812,262.1352844238281,142860.5
/Users/ayush/Downloads/date-fruit-quality-ml/data/kaggle/grading/Gajar/Large/Grade-2/11.jpg,Gajar,Large,Grade-2,val,/Users/ayush/Downloads/date-fruit-quality-ml/data/quality/grade/val/Grade-2/Gajar__Large__11.jpg,671.6144409179688,279.3859558105469,155525.5
/Users/ayush/Downloads/date-fruit-quality-ml/data/kaggle/grading/Gajar/Small/Grade-1/50.jpg,Gajar,Small,Grade-1,val,/Users/ayush/Downloads/date-fruit-quality-ml/data/quality/grade/val/Grade-1/Gajar__Small__50.jpg,538.63818359375,241.80296325683594,107744.0
/Users/ayush/Downloads/date-fruit-quality-ml/data/kaggle/grading/Kupro/Large/Grade-1/148.jpg,Kupro,Large,Grade-1,val,/Users/ayush/Downloads/date-fruit-quality-ml/data/quality/grade/val/Grade-1/Kupro__Large__148.jpg,506.659912109375,337.5892333984375,130519.0
/Users/ayush/Downloads/date-fruit-quality-ml/data/kaggle/grading/Gajar/Large/Grade-1/71.jpg,Gajar,Large,Grade-1,val,/Users/ayush/Downloads/date-fruit-quality-ml/data/quality/grade/val/Grade-1/Gajar__Large__71.jpg,633.0,303.0,155213.0
/Users/ayush/Downloads/date-fruit-quality-ml/data/kaggle/grading/Gajar/Small/Grade-2/130.jpg,Gajar,Small,Grade-2,val,/Users/ayush/Downloads/date-fruit-quality-ml/data/quality/grade/val/Grade-2/Gajar__Small__130.jpg,581.331787109375,264.80712890625,127911.0
/Users/ayush/Downloads/date-fruit-quality-ml/data/kaggle/grading/Aseel/Medium/Grade-1/65.jpg,Aseel,Medium,Grade-1,val,/Users/ayush/Downloads/date-fruit-quality-ml/data/quality/grade/val/Grade-1/Aseel__Medium__65.jpg,503.8731384277344,308.74737548828125,114548.0
/Users/ayush/Downloads/date-fruit-quality-ml/data/kaggle/grading/Kupro/Large/Grade-2/340.jpg,Kupro,Large,Grade-2,val,/Users/ayush/Downloads/date-fruit-quality-ml/data/quality/grade/val/Grade-2/Kupro__Large__340.jpg,530.2366333007812,343.62335205078125,143130.0
/Users/ayush/Downloads/date-fruit-quality-ml/data/kaggle/grading/Gajar/Large/Grade-1/130.jpg,Gajar,Large,Grade-1,val,/Users/ayush/Downloads/date-fruit-quality-ml/data/quality/grade/val/Grade-1/Gajar__Large__130.jpg,629.8125,300.0281677246094,154206.0
/Users/ayush/Downloads/date-fruit-quality-ml/data/kaggle/grading/Fasli Toto/Large/Grade-1/40.jpg,Fasli Toto,Large,Grade-1,val,/Users/ayush/Downloads/date-fruit-quality-ml/data/quality/grade/val/Grade-1/Fasli-Toto__Large__40.jpg,487.8327941894531,335.2245788574219,126787.0
/Users/ayush/Downloads/date-fruit-quality-ml/data/kaggle/grading/Aseel/Large/Grade-1/151.jpg,Aseel,Large,Grade-1,val,/Users/ayush/Downloads/date-fruit-quality-ml/data/quality/grade/val/Grade-1/Aseel__Large__151.jpg,547.3015747070312,273.1140441894531,127126.5
/Users/ayush/Downloads/date-fruit-quality-ml/data/kaggle/grading/Aseel/Medium/Grade-1/3.jpg,Aseel,Medium,Grade-1,val,/Users/ayush/Downloads/date-fruit-quality-ml/data/quality/grade/val/Grade-1/Aseel__Medium__3.jpg,511.0,252.0,102777.5
/Users/ayush/Downloads/date-fruit-quality-ml/data/kaggle/grading/Gajar/Large/Grade-1/87.jpg,Gajar,Large,Grade-1,val,/Users/ayush/Downloads/date-fruit-quality-ml/data/quality/grade/val/Grade-1/Gajar__Large__87.jpg,604.1954345703125,289.6668701171875,141493.0
/Users/ayush/Downloads/date-fruit-quality-ml/data/kaggle/grading/Fasli Toto/Medium/Grade-1/59.jpg,Fasli Toto,Medium,Grade-1,val,/Users/ayush/Downloads/date-fruit-quality-ml/data/quality/grade/val/Grade-1/Fasli-Toto__Medium__59.jpg,446.48291015625,257.0344543457031,94413.5
/Users/ayush/Downloads/date-fruit-quality-ml/data/kaggle/grading/Aseel/Large/Grade-1/82.jpg,Aseel,Large,Grade-1,val,/Users/ayush/Downloads/date-fruit-quality-ml/data/quality/grade/val/Grade-1/Aseel__Large__82.jpg,524.9802856445312,289.0488586425781,128564.5
/Users/ayush/Downloads/date-fruit-quality-ml/data/kaggle/grading/Gajar/Medium/Grade-1/72.jpg,Gajar,Medium,Grade-1,val,/Users/ayush/Downloads/date-fruit-quality-ml/data/quality/grade/val/Grade-1/Gajar__Medium__72.jpg,552.0276489257812,255.51100158691406,119480.0
/Users/ayush/Downloads/date-fruit-quality-ml/data/kaggle/grading/Kupro/Large/Grade-3/77.jpg,Kupro,Large,Grade-3,val,/Users/ayush/Downloads/date-fruit-quality-ml/data/quality/grade/val/Grade-3/Kupro__Large__77.jpg,490.1877136230469,326.9915466308594,126539.0
/Users/ayush/Downloads/date-fruit-quality-ml/data/kaggle/grading/Gajar/Small/Grade-1/30.jpg,Gajar,Small,Grade-1,val,/Users/ayush/Downloads/date-fruit-quality-ml/data/quality/grade/val/Grade-1/Gajar__Small__30.jpg,573.9639282226562,280.4499816894531,134917.0
/Users/ayush/Downloads/date-fruit-quality-ml/data/kaggle/grading/Gajar/Small/Grade-3/55.jpg,Gajar,Small,Grade-3,val,/Users/ayush/Downloads/date-fruit-quality-ml/data/quality/grade/val/Grade-3/Gajar__Small__55.jpg,575.6963500976562,273.114013671875,124691.0
/Users/ayush/Downloads/date-fruit-quality-ml/data/kaggle/grading/Kupro/Large/Grade-2/306.jpg,Kupro,Large,Grade-2,val,/Users/ayush/Downloads/date-fruit-quality-ml/data/quality/grade/val/Grade-2/Kupro__Large__306.jpg,509.55413818359375,367.9273986816406,146078.5
/Users/ayush/Downloads/date-fruit-quality-ml/data/kaggle/grading/Gajar/Small/Grade-3/37.jpg,Gajar,Small,Grade-3,val,/Users/ayush/Downloads/date-fruit-quality-ml/data/quality/grade/val/Grade-3/Gajar__Small__37.jpg,538.0144653320312,278.7841491699219,127102.0
/Users/ayush/Downloads/date-fruit-quality-ml/data/kaggle/grading/Fasli Toto/Small/Grade-1/47.jpg,Fasli Toto,Small,Grade-1,val,/Users/ayush/Downloads/date-fruit-quality-ml/data/quality/grade/val/Grade-1/Fasli-Toto__Small__47.jpg,388.1556396484375,238.5144805908203,76599.0
/Users/ayush/Downloads/date-fruit-quality-ml/data/kaggle/grading/Kupro/Large/Grade-3/115.jpg,Kupro,Large,Grade-3,val,/Users/ayush/Downloads/date-fruit-quality-ml/data/quality/grade/val/Grade-3/Kupro__Large__115.jpg,488.5821838378906,343.4307861328125,128342.0
/Users/ayush/Downloads/date-fruit-quality-ml/data/kaggle/grading/Gajar/Large/Grade-2/109.jpg,Gajar,Large,Grade-2,val,/Users/ayush/Downloads/date-fruit-quality-ml/data/quality/grade/val/Grade-2/Gajar__Large__109.jpg,655.3950805664062,311.5425109863281,170300.0
/Users/ayush/Downloads/date-fruit-quality-ml/data/kaggle/grading/Aseel/Medium/Grade-1/56.jpg,Aseel,Medium,Grade-1,val,/Users/ayush/Downloads/date-fruit-quality-ml/data/quality/grade/val/Grade-1/Aseel__Medium__56.jpg,445.42474365234375,307.68292236328125,104671.5
/Users/ayush/Downloads/date-fruit-quality-ml/data/kaggle/grading/Gajar/Medium/Grade-1/199.jpg,Gajar,Medium,Grade-1,val,/Users/ayush/Downloads/date-fruit-quality-ml/data/quality/grade/val/Grade-1/Gajar__Medium__199.jpg,585.8187255859375,240.47555541992188,119675.0
/Users/ayush/Downloads/date-fruit-quality-ml/data/kaggle/grading/Kupro/Large/Grade-2/94.jpg,Kupro,Large,Grade-2,val,/Users/ayush/Downloads/date-fruit-quality-ml/data/quality/grade/val/Grade-2/Kupro__Large__94.jpg,506.8819885253906,363.7231140136719,146222.5
/Users/ayush/Downloads/date-fruit-quality-ml/data/kaggle/grading/Gajar/Large/Grade-3/55.jpg,Gajar,Large,Grade-3,val,/Users/ayush/Downloads/date-fruit-quality-ml/data/quality/grade/val/Grade-3/Gajar__Large__55.jpg,689.9757080078125,275.32958984375,157885.5
/Users/ayush/Downloads/date-fruit-quality-ml/data/kaggle/grading/Aseel/Small/Grade-1/81.jpg,Aseel,Small,Grade-1,val,/Users/ayush/Downloads/date-fruit-quality-ml/data/quality/grade/val/Grade-1/Aseel__Small__81.jpg,442.0019226074219,287.7652893066406,98820.0
/Users/ayush/Downloads/date-fruit-quality-ml/data/kaggle/grading/Fasli Toto/Large/Grade-1/93.jpg,Fasli Toto,Large,Grade-1,val,/Users/ayush/Downloads/date-fruit-quality-ml/data/quality/grade/val/Grade-1/Fasli-Toto__Large__93.jpg,441.41339111328125,314.292724609375,105529.5
/Users/ayush/Downloads/date-fruit-quality-ml/data/kaggle/grading/Kupro/Large/Grade-2/290.jpg,Kupro,Large,Grade-2,val,/Users/ayush/Downloads/date-fruit-quality-ml/data/quality/grade/val/Grade-2/Kupro__Large__290.jpg,531.0061645507812,348.9847717285156,146008.0
/Users/ayush/Downloads/date-fruit-quality-ml/data/kaggle/grading/Fasli Toto/Medium/Grade-1/128.jpg,Fasli Toto,Medium,Grade-1,val,/Users/ayush/Downloads/date-fruit-quality-ml/data/quality/grade/val/Grade-1/Fasli-Toto__Medium__128.jpg,397.82550048828125,260.0676574707031,83374.5
/Users/ayush/Downloads/date-fruit-quality-ml/data/kaggle/grading/Gajar/Large/Grade-1/140.jpg,Gajar,Large,Grade-1,val,/Users/ayush/Downloads/date-fruit-quality-ml/data/quality/grade/val/Grade-1/Gajar__Large__140.jpg,658.8779296875,290.2671813964844,154532.5
/Users/ayush/Downloads/date-fruit-quality-ml/data/kaggle/grading/Kupro/Large/Grade-1/286.jpg,Kupro,Large,Grade-1,val,/Users/ayush/Downloads/date-fruit-quality-ml/data/quality/grade/val/Grade-1/Kupro__Large__286.jpg,490.8172302246094,347.4596252441406,131732.5
/Users/ayush/Downloads/date-fruit-quality-ml/data/kaggle/grading/Kupro/Large/Grade-2/211.jpg,Kupro,Large,Grade-2,val,/Users/ayush/Downloads/date-fruit-quality-ml/data/quality/grade/val/Grade-2/Kupro__Large__211.jpg,525.8599853515625,353.68634033203125,143320.0
/Users/ayush/Downloads/date-fruit-quality-ml/data/kaggle/grading/Aseel/Small/Grade-1/113.jpg,Aseel,Small,Grade-1,val,/Users/ayush/Downloads/date-fruit-quality-ml/data/quality/grade/val/Grade-1/Aseel__Small__113.jpg,429.0,236.0,79215.0
/Users/ayush/Downloads/date-fruit-quality-ml/data/kaggle/grading/Gajar/Medium/Grade-1/113.jpg,Gajar,Medium,Grade-1,val,/Users/ayush/Downloads/date-fruit-quality-ml/data/quality/grade/val/Grade-1/Gajar__Medium__113.jpg,565.74072265625,221.08392333984375,109189.0
/Users/ayush/Downloads/date-fruit-quality-ml/data/kaggle/grading/Gajar/Small/Grade-3/197.jpg,Gajar,Small,Grade-3,val,/Users/ayush/Downloads/date-fruit-quality-ml/data/quality/grade/val/Grade-3/Gajar__Small__197.jpg,514.2905883789062,262.0575866699219,114325.0
/Users/ayush/Downloads/date-fruit-quality-ml/data/kaggle/grading/Kupro/Large/Grade-2/266.jpg,Kupro,Large,Grade-2,val,/Users/ayush/Downloads/date-fruit-quality-ml/data/quality/grade/val/Grade-2/Kupro__Large__266.jpg,453.9461975097656,338.5131530761719,121965.5
/Users/ayush/Downloads/date-fruit-quality-ml/data/kaggle/grading/Gajar/Medium/Grade-1/197.jpg,Gajar,Medium,Grade-1,val,/Users/ayush/Downloads/date-fruit-quality-ml/data/quality/grade/val/Grade-1/Gajar__Medium__197.jpg,571.7091674804688,250.8436279296875,124412.0
/Users/ayush/Downloads/date-fruit-quality-ml/data/kaggle/grading/Aseel/Medium/Grade-1/145.jpg,Aseel,Medium,Grade-1,val,/Users/ayush/Downloads/date-fruit-quality-ml/data/quality/grade/val/Grade-1/Aseel__Medium__145.jpg,472.2196960449219,281.4273986816406,107313.0
/Users/ayush/Downloads/date-fruit-quality-ml/data/kaggle/grading/Kupro/Large/Grade-2/330.jpg,Kupro,Large,Grade-2,val,/Users/ayush/Downloads/date-fruit-quality-ml/data/quality/grade/val/Grade-2/Kupro__Large__330.jpg,500.1549072265625,374.5115661621094,150972.5
/Users/ayush/Downloads/date-fruit-quality-ml/data/kaggle/grading/Aseel/Medium/Grade-1/89.jpg,Aseel,Medium,Grade-1,val,/Users/ayush/Downloads/date-fruit-quality-ml/data/quality/grade/val/Grade-1/Aseel__Medium__89.jpg,499.0144348144531,304.2096862792969,120600.5
/Users/ayush/Downloads/date-fruit-quality-ml/data/kaggle/grading/Aseel/Medium/Grade-1/122.jpg,Aseel,Medium,Grade-1,val,/Users/ayush/Downloads/date-fruit-quality-ml/data/quality/grade/val/Grade-1/Aseel__Medium__122.jpg,494.1217346191406,307.1539611816406,120256.5
/Users/ayush/Downloads/date-fruit-quality-ml/data/kaggle/grading/Gajar/Medium/Grade-3/13.jpg,Gajar,Medium,Grade-3,val,/Users/ayush/Downloads/date-fruit-quality-ml/data/quality/grade/val/Grade-3/Gajar__Medium__13.jpg,571.047607421875,263.0415954589844,122495.5
/Users/ayush/Downloads/date-fruit-quality-ml/data/kaggle/grading/Kupro/Large/Grade-2/163.jpg,Kupro,Large,Grade-2,val,/Users/ayush/Downloads/date-fruit-quality-ml/data/quality/grade/val/Grade-2/Kupro__Large__163.jpg,575.0,326.0,147428.0
/Users/ayush/Downloads/date-fruit-quality-ml/data/kaggle/grading/Gajar/Medium/Grade-3/30.jpg,Gajar,Medium,Grade-3,val,/Users/ayush/Downloads/date-fruit-quality-ml/data/quality/grade/val/Grade-3/Gajar__Medium__30.jpg,575.669189453125,278.203369140625,133753.0
/Users/ayush/Downloads/date-fruit-quality-ml/data/kaggle/grading/Gajar/Large/Grade-1/78.jpg,Gajar,Large,Grade-1,val,/Users/ayush/Downloads/date-fruit-quality-ml/data/quality/grade/val/Grade-1/Gajar__Large__78.jpg,621.0382080078125,277.3962707519531,140330.5
/Users/ayush/Downloads/date-fruit-quality-ml/data/kaggle/grading/Gajar/Small/Grade-3/121.jpg,Gajar,Small,Grade-3,val,/Users/ayush/Downloads/date-fruit-quality-ml/data/quality/grade/val/Grade-3/Gajar__Small__121.jpg,600.2382202148438,267.58746337890625,123216.5
/Users/ayush/Downloads/date-fruit-quality-ml/data/kaggle/grading/Gajar/Large/Grade-1/103.jpg,Gajar,Large,Grade-1,val,/Users/ayush/Downloads/date-fruit-quality-ml/data/quality/grade/val/Grade-1/Gajar__Large__103.jpg,603.038330078125,294.14312744140625,150642.0
/Users/ayush/Downloads/date-fruit-quality-ml/data/kaggle/grading/Fasli Toto/Large/Grade-1/14.jpg,Fasli Toto,Large,Grade-1,val,/Users/ayush/Downloads/date-fruit-quality-ml/data/quality/grade/val/Grade-1/Fasli-Toto__Large__14.jpg,520.3585205078125,340.29852294921875,142603.0
/Users/ayush/Downloads/date-fruit-quality-ml/data/kaggle/grading/Kupro/Large/Grade-2/261.jpg,Kupro,Large,Grade-2,val,/Users/ayush/Downloads/date-fruit-quality-ml/data/quality/grade/val/Grade-2/Kupro__Large__261.jpg,509.8525085449219,347.3468017578125,143611.5
/Users/ayush/Downloads/date-fruit-quality-ml/data/kaggle/grading/Gajar/Small/Grade-3/172.jpg,Gajar,Small,Grade-3,val,/Users/ayush/Downloads/date-fruit-quality-ml/data/quality/grade/val/Grade-3/Gajar__Small__172.jpg,571.0060424804688,253.1289520263672,121987.0
/Users/ayush/Downloads/date-fruit-quality-ml/data/kaggle/grading/Kupro/Large/Grade-1/164.jpg,Kupro,Large,Grade-1,val,/Users/ayush/Downloads/date-fruit-quality-ml/data/quality/grade/val/Grade-1/Kupro__Large__164.jpg,508.5587158203125,362.36639404296875,144525.0
/Users/ayush/Downloads/date-fruit-quality-ml/data/kaggle/grading/Kupro/Large/Grade-1/282.jpg,Kupro,Large,Grade-1,val,/Users/ayush/Downloads/date-fruit-quality-ml/data/quality/grade/val/Grade-1/Kupro__Large__282.jpg,527.4171142578125,368.361083984375,156246.5
/Users/ayush/Downloads/date-fruit-quality-ml/data/kaggle/grading/Aseel/Large/Grade-1/111.jpg,Aseel,Large,Grade-1,val,/Users/ayush/Downloads/date-fruit-quality-ml/data/quality/grade/val/Grade-1/Aseel__Large__111.jpg,533.3367309570312,322.419921875,137954.5
/Users/ayush/Downloads/date-fruit-quality-ml/data/kaggle/grading/Fasli Toto/Medium/Grade-1/47.jpg,Fasli Toto,Medium,Grade-1,val,/Users/ayush/Downloads/date-fruit-quality-ml/data/quality/grade/val/Grade-1/Fasli-Toto__Medium__47.jpg,398.1746826171875,267.7578430175781,85594.5
/Users/ayush/Downloads/date-fruit-quality-ml/data/kaggle/grading/Aseel/Small/Grade-1/33.jpg,Aseel,Small,Grade-1,val,/Users/ayush/Downloads/date-fruit-quality-ml/data/quality/grade/val/Grade-1/Aseel__Small__33.jpg,448.606689453125,253.8140869140625,90827.0
/Users/ayush/Downloads/date-fruit-quality-ml/data/kaggle/grading/Gajar/Medium/Grade-1/52.jpg,Gajar,Medium,Grade-1,val,/Users/ayush/Downloads/date-fruit-quality-ml/data/quality/grade/val/Grade-1/Gajar__Medium__52.jpg,581.3540649414062,282.96246337890625,131199.5
/Users/ayush/Downloads/date-fruit-quality-ml/data/kaggle/grading/Gajar/Small/Grade-1/87.jpg,Gajar,Small,Grade-1,val,/Users/ayush/Downloads/date-fruit-quality-ml/data/quality/grade/val/Grade-1/Gajar__Small__87.jpg,573.4468994140625,288.8769836425781,134096.0
/Users/ayush/Downloads/date-fruit-quality-ml/data/kaggle/grading/Gajar/Large/Grade-1/61.jpg,Gajar,Large,Grade-1,val,/Users/ayush/Downloads/date-fruit-quality-ml/data/quality/grade/val/Grade-1/Gajar__Large__61.jpg,647.9951782226562,286.93572998046875,147655.0
/Users/ayush/Downloads/date-fruit-quality-ml/data/kaggle/grading/Gajar/Small/Grade-2/30.jpg,Gajar,Small,Grade-2,val,/Users/ayush/Downloads/date-fruit-quality-ml/data/quality/grade/val/Grade-2/Gajar__Small__30.jpg,538.1881103515625,250.29562377929688,115432.5
/Users/ayush/Downloads/date-fruit-quality-ml/data/kaggle/grading/Kupro/Large/Grade-1/306.jpg,Kupro,Large,Grade-1,val,/Users/ayush/Downloads/date-fruit-quality-ml/data/quality/grade/val/Grade-1/Kupro__Large__306.jpg,526.4776611328125,327.1596984863281,136664.0
/Users/ayush/Downloads/date-fruit-quality-ml/data/kaggle/grading/Gajar/Medium/Grade-2/27.jpg,Gajar,Medium,Grade-2,val,/Users/ayush/Downloads/date-fruit-quality-ml/data/quality/grade/val/Grade-2/Gajar__Medium__27.jpg,554.3850708007812,294.7810363769531,138091.0
/Users/ayush/Downloads/date-fruit-quality-ml/data/kaggle/grading/Kupro/Large/Grade-1/23.jpg,Kupro,Large,Grade-1,val,/Users/ayush/Downloads/date-fruit-quality-ml/data/quality/grade/val/Grade-1/Kupro__Large__23.jpg,514.3517456054688,349.6043701171875,138766.5
/Users/ayush/Downloads/date-fruit-quality-ml/data/kaggle/grading/Gajar/Small/Grade-3/166.jpg,Gajar,Small,Grade-3,val,/Users/ayush/Downloads/date-fruit-quality-ml/data/quality/grade/val/Grade-3/Gajar__Small__166.jpg,563.5217895507812,278.8434143066406,132715.5
/Users/ayush/Downloads/date-fruit-quality-ml/data/kaggle/grading/Gajar/Medium/Grade-2/32.jpg,Gajar,Medium,Grade-2,val,/Users/ayush/Downloads/date-fruit-quality-ml/data/quality/grade/val/Grade-2/Gajar__Medium__32.jpg,610.5328979492188,270.366943359375,136122.5
/Users/ayush/Downloads/date-fruit-quality-ml/data/kaggle/grading/Gajar/Small/Grade-3/105.jpg,Gajar,Small,Grade-3,val,/Users/ayush/Downloads/date-fruit-quality-ml/data/quality/grade/val/Grade-3/Gajar__Small__105.jpg,555.9998779296875,253.99996948242188,120469.5
/Users/ayush/Downloads/date-fruit-quality-ml/data/kaggle/grading/Gajar/Small/Grade-2/103.jpg,Gajar,Small,Grade-2,val,/Users/ayush/Downloads/date-fruit-quality-ml/data/quality/grade/val/Grade-2/Gajar__Small__103.jpg,562.6279907226562,262.4430847167969,120073.0
/Users/ayush/Downloads/date-fruit-quality-ml/data/kaggle/grading/Gajar/Large/Grade-3/91.jpg,Gajar,Large,Grade-3,val,/Users/ayush/Downloads/date-fruit-quality-ml/data/quality/grade/val/Grade-3/Gajar__Large__91.jpg,653.10400390625,306.2499694824219,162432.5
/Users/ayush/Downloads/date-fruit-quality-ml/data/kaggle/grading/Aseel/Large/Grade-1/98.jpg,Aseel,Large,Grade-1,val,/Users/ayush/Downloads/date-fruit-quality-ml/data/quality/grade/val/Grade-1/Aseel__Large__98.jpg,557.49560546875,301.7115173339844,139089.0
/Users/ayush/Downloads/date-fruit-quality-ml/data/kaggle/grading/Fasli Toto/Medium/Grade-1/102.jpg,Fasli Toto,Medium,Grade-1,val,/Users/ayush/Downloads/date-fruit-quality-ml/data/quality/grade/val/Grade-1/Fasli-Toto__Medium__102.jpg,422.0182800292969,255.73963928222656,87445.0
/Users/ayush/Downloads/date-fruit-quality-ml/data/kaggle/grading/Aseel/Medium/Grade-1/33.jpg,Aseel,Medium,Grade-1,val,/Users/ayush/Downloads/date-fruit-quality-ml/data/quality/grade/val/Grade-1/Aseel__Medium__33.jpg,504.47027587890625,289.1509704589844,118900.5
/Users/ayush/Downloads/date-fruit-quality-ml/data/kaggle/grading/Fasli Toto/Large/Grade-1/5.jpg,Fasli Toto,Large,Grade-1,val,/Users/ayush/Downloads/date-fruit-quality-ml/data/quality/grade/val/Grade-1/Fasli-Toto__Large__5.jpg,500.603759765625,251.37339782714844,108062.5
/Users/ayush/Downloads/date-fruit-quality-ml/data/kaggle/grading/Gajar/Medium/Grade-3/52.jpg,Gajar,Medium,Grade-3,val,/Users/ayush/Downloads/date-fruit-quality-ml/data/quality/grade/val/Grade-3/Gajar__Medium__52.jpg,561.0,263.0,124625.5
/Users/ayush/Downloads/date-fruit-quality-ml/data/kaggle/grading/Kupro/Large/Grade-1/66.jpg,Kupro,Large,Grade-1,val,/Users/ayush/Downloads/date-fruit-quality-ml/data/quality/grade/val/Grade-1/Kupro__Large__66.jpg,528.6064453125,343.9072570800781,141792.0
/Users/ayush/Downloads/date-fruit-quality-ml/data/kaggle/grading/Kupro/Large/Grade-2/242.jpg,Kupro,Large,Grade-2,val,/Users/ayush/Downloads/date-fruit-quality-ml/data/quality/grade/val/Grade-2/Kupro__Large__242.jpg,514.3944702148438,361.8741149902344,145870.5
/Users/ayush/Downloads/date-fruit-quality-ml/data/kaggle/grading/Gajar/Small/Grade-1/188.jpg,Gajar,Small,Grade-1,val,/Users/ayush/Downloads/date-fruit-quality-ml/data/quality/grade/val/Grade-1/Gajar__Small__188.jpg,564.7041625976562,268.5301208496094,128892.5
/Users/ayush/Downloads/date-fruit-quality-ml/data/kaggle/grading/Kupro/Large/Grade-2/158.jpg,Kupro,Large,Grade-2,val,/Users/ayush/Downloads/date-fruit-quality-ml/data/quality/grade/val/Grade-2/Kupro__Large__158.jpg,537.7105102539062,364.24249267578125,151973.5
/Users/ayush/Downloads/date-fruit-quality-ml/data/kaggle/grading/Aseel/Medium/Grade-1/68.jpg,Aseel,Medium,Grade-1,val,/Users/ayush/Downloads/date-fruit-quality-ml/data/quality/grade/val/Grade-1/Aseel__Medium__68.jpg,480.5689392089844,289.8592834472656,110451.5
/Users/ayush/Downloads/date-fruit-quality-ml/data/kaggle/grading/Kupro/Large/Grade-3/53.jpg,Kupro,Large,Grade-3,val,/Users/ayush/Downloads/date-fruit-quality-ml/data/quality/grade/val/Grade-3/Kupro__Large__53.jpg,472.84002685546875,352.88946533203125,132457.5
/Users/ayush/Downloads/date-fruit-quality-ml/data/kaggle/grading/Gajar/Medium/Grade-2/31.jpg,Gajar,Medium,Grade-2,val,/Users/ayush/Downloads/date-fruit-quality-ml/data/quality/grade/val/Grade-2/Gajar__Medium__31.jpg,607.7920532226562,283.1935119628906,142071.0
/Users/ayush/Downloads/date-fruit-quality-ml/data/kaggle/grading/Fasli Toto/Medium/Grade-1/60.jpg,Fasli Toto,Medium,Grade-1,val,/Users/ayush/Downloads/date-fruit-quality-ml/data/quality/grade/val/Grade-1/Fasli-Toto__Medium__60.jpg,381.468017578125,292.99334716796875,89349.0
/Users/ayush/Downloads/date-fruit-quality-ml/data/kaggle/grading/Gajar/Large/Grade-1/89.jpg,Gajar,Large,Grade-1,val,/Users/ayush/Downloads/date-fruit-quality-ml/data/quality/grade/val/Grade-1/Gajar__Large__89.jpg,627.19580078125,286.3625183105469,148902.5
/Users/ayush/Downloads/date-fruit-quality-ml/data/kaggle/grading/Fasli Toto/Medium/Grade-1/110.jpg,Fasli Toto,Medium,Grade-1,val,/Users/ayush/Downloads/date-fruit-quality-ml/data/quality/grade/val/Grade-1/Fasli-Toto__Medium__110.jpg,404.22613525390625,289.6996765136719,91664.0
/Users/ayush/Downloads/date-fruit-quality-ml/data/kaggle/grading/Gajar/Medium/Grade-2/16.jpg,Gajar,Medium,Grade-2,val,/Users/ayush/Downloads/date-fruit-quality-ml/data/quality/grade/val/Grade-2/Gajar__Medium__16.jpg,606.1408081054688,274.67236328125,137412.0
/Users/ayush/Downloads/date-fruit-quality-ml/data/kaggle/grading/Aseel/Small/Grade-1/127.jpg,Aseel,Small,Grade-1,val,/Users/ayush/Downloads/date-fruit-quality-ml/data/quality/grade/val/Grade-1/Aseel__Small__127.jpg,457.68267822265625,263.46954345703125,94650.5
/Users/ayush/Downloads/date-fruit-quality-ml/data/kaggle/grading/Kupro/Large/Grade-2/178.jpg,Kupro,Large,Grade-2,val,/Users/ayush/Downloads/date-fruit-quality-ml/data/quality/grade/val/Grade-2/Kupro__Large__178.jpg,545.0,401.0,168506.0
/Users/ayush/Downloads/date-fruit-quality-ml/data/kaggle/grading/Aseel/Small/Grade-1/12.jpg,Aseel,Small,Grade-1,val,/Users/ayush/Downloads/date-fruit-quality-ml/data/quality/grade/val/Grade-1/Aseel__Small__12.jpg,450.7480773925781,287.7281799316406,103731.5
/Users/ayush/Downloads/date-fruit-quality-ml/data/kaggle/grading/Kupro/Large/Grade-3/65.jpg,Kupro,Large,Grade-3,val,/Users/ayush/Downloads/date-fruit-quality-ml/data/quality/grade/val/Grade-3/Kupro__Large__65.jpg,515.0762329101562,330.725830078125,132891.0
/Users/ayush/Downloads/date-fruit-quality-ml/data/kaggle/grading/Gajar/Medium/Grade-1/192.jpg,Gajar,Medium,Grade-1,val,/Users/ayush/Downloads/date-fruit-quality-ml/data/quality/grade/val/Grade-1/Gajar__Medium__192.jpg,576.8757934570312,277.2173156738281,138686.5
/Users/ayush/Downloads/date-fruit-quality-ml/data/kaggle/grading/Aseel/Large/Grade-1/101.jpg,Aseel,Large,Grade-1,val,/Users/ayush/Downloads/date-fruit-quality-ml/data/quality/grade/val/Grade-1/Aseel__Large__101.jpg,490.9815368652344,331.25,126436.0
/Users/ayush/Downloads/date-fruit-quality-ml/data/kaggle/grading/Gajar/Large/Grade-1/39.jpg,Gajar,Large,Grade-1,val,/Users/ayush/Downloads/date-fruit-quality-ml/data/quality/grade/val/Grade-1/Gajar__Large__39.jpg,666.1393432617188,269.252197265625,152203.0
/Users/ayush/Downloads/date-fruit-quality-ml/data/kaggle/grading/Aseel/Medium/Grade-1/125.jpg,Aseel,Medium,Grade-1,val,/Users/ayush/Downloads/date-fruit-quality-ml/data/quality/grade/val/Grade-1/Aseel__Medium__125.jpg,484.7027587890625,312.4144287109375,120647.5
/Users/ayush/Downloads/date-fruit-quality-ml/data/kaggle/grading/Gajar/Small/Grade-3/179.jpg,Gajar,Small,Grade-3,val,/Users/ayush/Downloads/date-fruit-quality-ml/data/quality/grade/val/Grade-3/Gajar__Small__179.jpg,540.2418823242188,245.1884765625,112928.0
/Users/ayush/Downloads/date-fruit-quality-ml/data/kaggle/grading/Fasli Toto/Small/Grade-1/28.jpg,Fasli Toto,Small,Grade-1,val,/Users/ayush/Downloads/date-fruit-quality-ml/data/quality/grade/val/Grade-1/Fasli-Toto__Small__28.jpg,385.27459716796875,265.8571472167969,80606.0
/Users/ayush/Downloads/date-fruit-quality-ml/data/kaggle/grading/Fasli Toto/Large/Grade-1/109.jpg,Fasli Toto,Large,Grade-1,val,/Users/ayush/Downloads/date-fruit-quality-ml/data/quality/grade/val/Grade-1/Fasli-Toto__Large__109.jpg,448.937255859375,283.9585876464844,101202.5
/Users/ayush/Downloads/date-fruit-quality-ml/data/kaggle/grading/Gajar/Medium/Grade-2/15.jpg,Gajar,Medium,Grade-2,val,/Users/ayush/Downloads/date-fruit-quality-ml/data/quality/grade/val/Grade-2/Gajar__Medium__15.jpg,607.43505859375,264.3231506347656,131436.0
/Users/ayush/Downloads/date-fruit-quality-ml/data/kaggle/grading/Gajar/Small/Grade-1/104.jpg,Gajar,Small,Grade-1,val,/Users/ayush/Downloads/date-fruit-quality-ml/data/quality/grade/val/Grade-1/Gajar__Small__104.jpg,497.7421875,254.455810546875,105384.0
/Users/ayush/Downloads/date-fruit-quality-ml/data/kaggle/grading/Kupro/Large/Grade-3/103.jpg,Kupro,Large,Grade-3,val,/Users/ayush/Downloads/date-fruit-quality-ml/data/quality/grade/val/Grade-3/Kupro__Large__103.jpg,474.0309753417969,334.7325134277344,128377.0
/Users/ayush/Downloads/date-fruit-quality-ml/data/kaggle/grading/Aseel/Medium/Grade-1/4.jpg,Aseel,Medium,Grade-1,test,/Users/ayush/Downloads/date-fruit-quality-ml/data/quality/grade/test/Grade-1/Aseel__Medium__4.jpg,502.0,302.0,119393.0
/Users/ayush/Downloads/date-fruit-quality-ml/data/kaggle/grading/Kupro/Large/Grade-2/176.jpg,Kupro,Large,Grade-2,test,/Users/ayush/Downloads/date-fruit-quality-ml/data/quality/grade/test/Grade-2/Kupro__Large__176.jpg,536.4887084960938,361.62060546875,147345.5
/Users/ayush/Downloads/date-fruit-quality-ml/data/kaggle/grading/Gajar/Small/Grade-3/128.jpg,Gajar,Small,Grade-3,test,/Users/ayush/Downloads/date-fruit-quality-ml/data/quality/grade/test/Grade-3/Gajar__Small__128.jpg,588.0505981445312,264.7483825683594,127086.0
/Users/ayush/Downloads/date-fruit-quality-ml/data/kaggle/grading/Fasli Toto/Medium/Grade-1/107.jpg,Fasli Toto,Medium,Grade-1,test,/Users/ayush/Downloads/date-fruit-quality-ml/data/quality/grade/test/Grade-1/Fasli-Toto__Medium__107.jpg,425.0,274.0,87496.5
/Users/ayush/Downloads/date-fruit-quality-ml/data/kaggle/grading/Kupro/Large/Grade-2/118.jpg,Kupro,Large,Grade-2,test,/Users/ayush/Downloads/date-fruit-quality-ml/data/quality/grade/test/Grade-2/Kupro__Large__118.jpg,505.5478515625,366.10150146484375,147971.0
/Users/ayush/Downloads/date-fruit-quality-ml/data/kaggle/grading/Aseel/Large/Grade-1/64.jpg,Aseel,Large,Grade-1,test,/Users/ayush/Downloads/date-fruit-quality-ml/data/quality/grade/test/Grade-1/Aseel__Large__64.jpg,506.99993896484375,292.99993896484375,123543.0
/Users/ayush/Downloads/date-fruit-quality-ml/data/kaggle/grading/Kupro/Large/Grade-3/16.jpg,Kupro,Large,Grade-3,test,/Users/ayush/Downloads/date-fruit-quality-ml/data/quality/grade/test/Grade-3/Kupro__Large__16.jpg,499.73980712890625,363.3455505371094,143025.5
/Users/ayush/Downloads/date-fruit-quality-ml/data/kaggle/grading/Kupro/Large/Grade-1/143.jpg,Kupro,Large,Grade-1,test,/Users/ayush/Downloads/date-fruit-quality-ml/data/quality/grade/test/Grade-1/Kupro__Large__143.jpg,461.00079345703125,328.6607971191406,121389.5
/Users/ayush/Downloads/date-fruit-quality-ml/data/kaggle/grading/Fasli Toto/Large/Grade-1/69.jpg,Fasli Toto,Large,Grade-1,test,/Users/ayush/Downloads/date-fruit-quality-ml/data/quality/grade/test/Grade-1/Fasli-Toto__Large__69.jpg,474.9381408691406,313.9876708984375,122477.5
/Users/ayush/Downloads/date-fruit-quality-ml/data/kaggle/grading/Gajar/Large/Grade-1/64.jpg,Gajar,Large,Grade-1,test,/Users/ayush/Downloads/date-fruit-quality-ml/data/quality/grade/test/Grade-1/Gajar__Large__64.jpg,650.6995239257812,293.9178466796875,154909.5
/Users/ayush/Downloads/date-fruit-quality-ml/data/kaggle/grading/Gajar/Medium/Grade-1/78.jpg,Gajar,Medium,Grade-1,test,/Users/ayush/Downloads/date-fruit-quality-ml/data/quality/grade/test/Grade-1/Gajar__Medium__78.jpg,566.7750244140625,245.6396484375,117620.5
/Users/ayush/Downloads/date-fruit-quality-ml/data/kaggle/grading/Kupro/Large/Grade-2/224.jpg,Kupro,Large,Grade-2,test,/Users/ayush/Downloads/date-fruit-quality-ml/data/quality/grade/test/Grade-2/Kupro__Large__224.jpg,517.8684692382812,343.52630615234375,143327.5
/Users/ayush/Downloads/date-fruit-quality-ml/data/kaggle/grading/Gajar/Small/Grade-1/117.jpg,Gajar,Small,Grade-1,test,/Users/ayush/Downloads/date-fruit-quality-ml/data/quality/grade/test/Grade-1/Gajar__Small__117.jpg,520.4044799804688,251.3654327392578,111548.0
/Users/ayush/Downloads/date-fruit-quality-ml/data/kaggle/grading/Kupro/Large/Grade-2/370.jpg,Kupro,Large,Grade-2,test,/Users/ayush/Downloads/date-fruit-quality-ml/data/quality/grade/test/Grade-2/Kupro__Large__370.jpg,496.79510498046875,342.8421936035156,126378.0
/Users/ayush/Downloads/date-fruit-quality-ml/data/kaggle/grading/Gajar/Small/Grade-1/35.jpg,Gajar,Small,Grade-1,test,/Users/ayush/Downloads/date-fruit-quality-ml/data/quality/grade/test/Grade-1/Gajar__Small__35.jpg,554.5870361328125,261.1766357421875,118759.5
/Users/ayush/Downloads/date-fruit-quality-ml/data/kaggle/grading/Kupro/Large/Grade-1/95.jpg,Kupro,Large,Grade-1,test,/Users/ayush/Downloads/date-fruit-quality-ml/data/quality/grade/test/Grade-1/Kupro__Large__95.jpg,501.752685546875,365.96771240234375,141180.0
/Users/ayush/Downloads/date-fruit-quality-ml/data/kaggle/grading/Gajar/Small/Grade-1/99.jpg,Gajar,Small,Grade-1,test,/Users/ayush/Downloads/date-fruit-quality-ml/data/quality/grade/test/Grade-1/Gajar__Small__99.jpg,587.8256225585938,264.0340270996094,128784.0
/Users/ayush/Downloads/date-fruit-quality-ml/data/kaggle/grading/Gajar/Small/Grade-1/39.jpg,Gajar,Small,Grade-1,test,/Users/ayush/Downloads/date-fruit-quality-ml/data/quality/grade/test/Grade-1/Gajar__Small__39.jpg,524.1195068359375,265.5765075683594,117539.0
/Users/ayush/Downloads/date-fruit-quality-ml/data/kaggle/grading/Gajar/Large/Grade-2/116.jpg,Gajar,Large,Grade-2,test,/Users/ayush/Downloads/date-fruit-quality-ml/data/quality/grade/test/Grade-2/Gajar__Large__116.jpg,592.04345703125,264.01904296875,138711.0
/Users/ayush/Downloads/date-fruit-quality-ml/data/kaggle/grading/Aseel/Small/Grade-1/79.jpg,Aseel,Small,Grade-1,test,/Users/ayush/Downloads/date-fruit-quality-ml/data/quality/grade/test/Grade-1/Aseel__Small__79.jpg,450.2801208496094,279.3610534667969,99153.0
/Users/ayush/Downloads/date-fruit-quality-ml/data/kaggle/grading/Gajar/Large/Grade-3/4.jpg,Gajar,Large,Grade-3,test,/Users/ayush/Downloads/date-fruit-quality-ml/data/quality/grade/test/Grade-3/Gajar__Large__4.jpg,651.3446655273438,272.11785888671875,151409.0
/Users/ayush/Downloads/date-fruit-quality-ml/data/kaggle/grading/Gajar/Small/Grade-2/42.jpg,Gajar,Small,Grade-2,test,/Users/ayush/Downloads/date-fruit-quality-ml/data/quality/grade/test/Grade-2/Gajar__Small__42.jpg,560.0721435546875,284.2527160644531,131577.5
/Users/ayush/Downloads/date-fruit-quality-ml/data/kaggle/grading/Fasli Toto/Small/Grade-1/4.jpg,Fasli Toto,Small,Grade-1,test,/Users/ayush/Downloads/date-fruit-quality-ml/data/quality/grade/test/Grade-1/Fasli-Toto__Small__4.jpg,364.0342712402344,273.01483154296875,79809.0
/Users/ayush/Downloads/date-fruit-quality-ml/data/kaggle/grading/Gajar/Medium/Grade-1/156.jpg,Gajar,Medium,Grade-1,test,/Users/ayush/Downloads/date-fruit-quality-ml/data/quality/grade/test/Grade-1/Gajar__Medium__156.jpg,576.1666870117188,279.7988586425781,131340.5
/Users/ayush/Downloads/date-fruit-quality-ml/data/kaggle/grading/Gajar/Medium/Grade-1/144.jpg,Gajar,Medium,Grade-1,test,/Users/ayush/Downloads/date-fruit-quality-ml/data/quality/grade/test/Grade-1/Gajar__Medium__144.jpg,557.5594482421875,262.021240234375,119555.0
/Users/ayush/Downloads/date-fruit-quality-ml/data/kaggle/grading/Gajar/Small/Grade-3/163.jpg,Gajar,Small,Grade-3,test,/Users/ayush/Downloads/date-fruit-quality-ml/data/quality/grade/test/Grade-3/Gajar__Small__163.jpg,545.234375,223.7523193359375,103801.0
/Users/ayush/Downloads/date-fruit-quality-ml/data/kaggle/grading/Aseel/Small/Grade-1/5.jpg,Aseel,Small,Grade-1,test,/Users/ayush/Downloads/date-fruit-quality-ml/data/quality/grade/test/Grade-1/Aseel__Small__5.jpg,440.05718994140625,250.86126708984375,92928.5
/Users/ayush/Downloads/date-fruit-quality-ml/data/kaggle/grading/Kupro/Large/Grade-1/243.jpg,Kupro,Large,Grade-1,test,/Users/ayush/Downloads/date-fruit-quality-ml/data/quality/grade/test/Grade-1/Kupro__Large__243.jpg,492.1311340332031,375.5636901855469,142118.5
/Users/ayush/Downloads/date-fruit-quality-ml/data/kaggle/grading/Gajar/Medium/Grade-1/20.jpg,Gajar,Medium,Grade-1,test,/Users/ayush/Downloads/date-fruit-quality-ml/data/quality/grade/test/Grade-1/Gajar__Medium__20.jpg,526.5177001953125,240.09414672851562,106519.0
/Users/ayush/Downloads/date-fruit-quality-ml/data/kaggle/grading/Gajar/Large/Grade-1/132.jpg,Gajar,Large,Grade-1,test,/Users/ayush/Downloads/date-fruit-quality-ml/data/quality/grade/test/Grade-1/Gajar__Large__132.jpg,665.05859375,301.9730529785156,163346.5
/Users/ayush/Downloads/date-fruit-quality-ml/data/kaggle/grading/Fasli Toto/Large/Grade-1/47.jpg,Fasli Toto,Large,Grade-1,test,/Users/ayush/Downloads/date-fruit-quality-ml/data/quality/grade/test/Grade-1/Fasli-Toto__Large__47.jpg,486.40570068359375,302.2054138183594,119938.5
/Users/ayush/Downloads/date-fruit-quality-ml/data/kaggle/grading/Gajar/Medium/Grade-1/90.jpg,Gajar,Medium,Grade-1,test,/Users/ayush/Downloads/date-fruit-quality-ml/data/quality/grade/test/Grade-1/Gajar__Medium__90.jpg,527.23388671875,245.14349365234375,106698.5
/Users/ayush/Downloads/date-fruit-quality-ml/data/kaggle/grading/Gajar/Medium/Grade-1/15.jpg,Gajar,Medium,Grade-1,test,/Users/ayush/Downloads/date-fruit-quality-ml/data/quality/grade/test/Grade-1/Gajar__Medium__15.jpg,538.0538330078125,295.8708190917969,131384.5
/Users/ayush/Downloads/date-fruit-quality-ml/data/kaggle/grading/Aseel/Medium/Grade-1/123.jpg,Aseel,Medium,Grade-1,test,/Users/ayush/Downloads/date-fruit-quality-ml/data/quality/grade/test/Grade-1/Aseel__Medium__123.jpg,479.5054931640625,318.4778137207031,120728.0
/Users/ayush/Downloads/date-fruit-quality-ml/data/kaggle/grading/Gajar/Small/Grade-3/176.jpg,Gajar,Small,Grade-3,test,/Users/ayush/Downloads/date-fruit-quality-ml/data/quality/grade/test/Grade-3/Gajar__Small__176.jpg,603.428955078125,288.5047912597656,146235.0
/Users/ayush/Downloads/date-fruit-quality-ml/data/kaggle/grading/Fasli Toto/Medium/Grade-1/14.jpg,Fasli Toto,Medium,Grade-1,test,/Users/ayush/Downloads/date-fruit-quality-ml/data/quality/grade/test/Grade-1/Fasli-Toto__Medium__14.jpg,446.3626708984375,247.45262145996094,89749.0
/Users/ayush/Downloads/date-fruit-quality-ml/data/kaggle/grading/Gajar/Small/Grade-1/121.jpg,Gajar,Small,Grade-1,test,/Users/ayush/Downloads/date-fruit-quality-ml/data/quality/grade/test/Grade-1/Gajar__Small__121.jpg,547.5735473632812,242.5301055908203,111539.5
/Users/ayush/Downloads/date-fruit-quality-ml/data/kaggle/grading/Aseel/Medium/Grade-1/2.jpg,Aseel,Medium,Grade-1,test,/Users/ayush/Downloads/date-fruit-quality-ml/data/quality/grade/test/Grade-1/Aseel__Medium__2.jpg,502.0067138671875,288.26556396484375,114216.0
/Users/ayush/Downloads/date-fruit-quality-ml/data/kaggle/grading/Aseel/Small/Grade-1/15.jpg,Aseel,Small,Grade-1,test,/Users/ayush/Downloads/date-fruit-quality-ml/data/quality/grade/test/Grade-1/Aseel__Small__15.jpg,429.70245361328125,274.37060546875,87438.0
/Users/ayush/Downloads/date-fruit-quality-ml/data/kaggle/grading/Gajar/Small/Grade-2/98.jpg,Gajar,Small,Grade-2,test,/Users/ayush/Downloads/date-fruit-quality-ml/data/quality/grade/test/Grade-2/Gajar__Small__98.jpg,533.3419189453125,255.97805786132812,113931.0
/Users/ayush/Downloads/date-fruit-quality-ml/data/kaggle/grading/Gajar/Small/Grade-1/111.jpg,Gajar,Small,Grade-1,test,/Users/ayush/Downloads/date-fruit-quality-ml/data/quality/grade/test/Grade-1/Gajar__Small__111.jpg,571.5776977539062,298.06341552734375,137409.0
/Users/ayush/Downloads/date-fruit-quality-ml/data/kaggle/grading/Gajar/Large/Grade-2/46.jpg,Gajar,Large,Grade-2,test,/Users/ayush/Downloads/date-fruit-quality-ml/data/quality/grade/test/Grade-2/Gajar__Large__46.jpg,614.6062622070312,288.3904724121094,146614.5
/Users/ayush/Downloads/date-fruit-quality-ml/data/kaggle/grading/Gajar/Large/Grade-3/63.jpg,Gajar,Large,Grade-3,test,/Users/ayush/Downloads/date-fruit-quality-ml/data/quality/grade/test/Grade-3/Gajar__Large__63.jpg,582.4998779296875,284.9867248535156,136107.5
/Users/ayush/Downloads/date-fruit-quality-ml/data/kaggle/grading/Gajar/Small/Grade-3/22.jpg,Gajar,Small,Grade-3,test,/Users/ayush/Downloads/date-fruit-quality-ml/data/quality/grade/test/Grade-3/Gajar__Small__22.jpg,567.5046997070312,263.36181640625,127492.0
/Users/ayush/Downloads/date-fruit-quality-ml/data/kaggle/grading/Gajar/Medium/Grade-3/73.jpg,Gajar,Medium,Grade-3,test,/Users/ayush/Downloads/date-fruit-quality-ml/data/quality/grade/test/Grade-3/Gajar__Medium__73.jpg,623.6466674804688,293.9623107910156,149010.5
/Users/ayush/Downloads/date-fruit-quality-ml/data/kaggle/grading/Fasli Toto/Medium/Grade-1/51.jpg,Fasli Toto,Medium,Grade-1,test,/Users/ayush/Downloads/date-fruit-quality-ml/data/quality/grade/test/Grade-1/Fasli-Toto__Medium__51.jpg,444.67718505859375,278.6513671875,94547.0
/Users/ayush/Downloads/date-fruit-quality-ml/data/kaggle/grading/Kupro/Large/Grade-1/98.jpg,Kupro,Large,Grade-1,test,/Users/ayush/Downloads/date-fruit-quality-ml/data/quality/grade/test/Grade-1/Kupro__Large__98.jpg,494.5357666015625,361.55096435546875,143194.5
/Users/ayush/Downloads/date-fruit-quality-ml/data/kaggle/grading/Fasli Toto/Small/Grade-1/33.jpg,Fasli Toto,Small,Grade-1,test,/Users/ayush/Downloads/date-fruit-quality-ml/data/quality/grade/test/Grade-1/Fasli-Toto__Small__33.jpg,350.2227478027344,255.27330017089844,73434.0
/Users/ayush/Downloads/date-fruit-quality-ml/data/kaggle/grading/Gajar/Large/Grade-1/21.jpg,Gajar,Large,Grade-1,test,/Users/ayush/Downloads/date-fruit-quality-ml/data/quality/grade/test/Grade-1/Gajar__Large__21.jpg,666.7227783203125,293.6709289550781,155681.5
/Users/ayush/Downloads/date-fruit-quality-ml/data/kaggle/grading/Kupro/Large/Grade-2/264.jpg,Kupro,Large,Grade-2,test,/Users/ayush/Downloads/date-fruit-quality-ml/data/quality/grade/test/Grade-2/Kupro__Large__264.jpg,477.0642395019531,343.7733459472656,130378.0
/Users/ayush/Downloads/date-fruit-quality-ml/data/kaggle/grading/Gajar/Medium/Grade-1/51.jpg,Gajar,Medium,Grade-1,test,/Users/ayush/Downloads/date-fruit-quality-ml/data/quality/grade/test/Grade-1/Gajar__Medium__51.jpg,591.2146606445312,265.92254638671875,130099.5
/Users/ayush/Downloads/date-fruit-quality-ml/data/kaggle/grading/Gajar/Large/Grade-3/88.jpg,Gajar,Large,Grade-3,test,/Users/ayush/Downloads/date-fruit-quality-ml/data/quality/grade/test/Grade-3/Gajar__Large__88.jpg,662.2726440429688,286.4421691894531,162616.0
/Users/ayush/Downloads/date-fruit-quality-ml/data/kaggle/grading/Kupro/Large/Grade-1/233.jpg,Kupro,Large,Grade-1,test,/Users/ayush/Downloads/date-fruit-quality-ml/data/quality/grade/test/Grade-1/Kupro__Large__233.jpg,537.1807250976562,345.878662109375,145275.5
/Users/ayush/Downloads/date-fruit-quality-ml/data/kaggle/grading/Kupro/Large/Grade-2/192.jpg,Kupro,Large,Grade-2,test,/Users/ayush/Downloads/date-fruit-quality-ml/data/quality/grade/test/Grade-2/Kupro__Large__192.jpg,463.75030517578125,361.9298095703125,133496.0
/Users/ayush/Downloads/date-fruit-quality-ml/data/kaggle/grading/Aseel/Large/Grade-1/132.jpg,Aseel,Large,Grade-1,test,/Users/ayush/Downloads/date-fruit-quality-ml/data/quality/grade/test/Grade-1/Aseel__Large__132.jpg,547.5858154296875,297.26953125,128880.0
/Users/ayush/Downloads/date-fruit-quality-ml/data/kaggle/grading/Kupro/Large/Grade-2/252.jpg,Kupro,Large,Grade-2,test,/Users/ayush/Downloads/date-fruit-quality-ml/data/quality/grade/test/Grade-2/Kupro__Large__252.jpg,481.5611572265625,344.6642761230469,127860.0
/Users/ayush/Downloads/date-fruit-quality-ml/data/kaggle/grading/Gajar/Small/Grade-3/205.jpg,Gajar,Small,Grade-3,test,/Users/ayush/Downloads/date-fruit-quality-ml/data/quality/grade/test/Grade-3/Gajar__Small__205.jpg,603.8893432617188,288.4822998046875,140986.5
/Users/ayush/Downloads/date-fruit-quality-ml/data/kaggle/grading/Kupro/Large/Grade-2/196.jpg,Kupro,Large,Grade-2,test,/Users/ayush/Downloads/date-fruit-quality-ml/data/quality/grade/test/Grade-2/Kupro__Large__196.jpg,524.0,354.0,144748.5
/Users/ayush/Downloads/date-fruit-quality-ml/data/kaggle/grading/Kupro/Large/Grade-1/229.jpg,Kupro,Large,Grade-1,test,/Users/ayush/Downloads/date-fruit-quality-ml/data/quality/grade/test/Grade-1/Kupro__Large__229.jpg,508.25421142578125,351.2828674316406,140044.0
/Users/ayush/Downloads/date-fruit-quality-ml/data/kaggle/grading/Aseel/Large/Grade-1/133.jpg,Aseel,Large,Grade-1,test,/Users/ayush/Downloads/date-fruit-quality-ml/data/quality/grade/test/Grade-1/Aseel__Large__133.jpg,506.8890075683594,341.9946594238281,136161.5
/Users/ayush/Downloads/date-fruit-quality-ml/data/kaggle/grading/Fasli Toto/Small/Grade-1/55.jpg,Fasli Toto,Small,Grade-1,test,/Users/ayush/Downloads/date-fruit-quality-ml/data/quality/grade/test/Grade-1/Fasli-Toto__Small__55.jpg,392.1996765136719,217.03855895996094,70197.5
/Users/ayush/Downloads/date-fruit-quality-ml/data/kaggle/grading/Aseel/Medium/Grade-1/54.jpg,Aseel,Medium,Grade-1,test,/Users/ayush/Downloads/date-fruit-quality-ml/data/quality/grade/test/Grade-1/Aseel__Medium__54.jpg,524.253662109375,270.1839599609375,116880.5
/Users/ayush/Downloads/date-fruit-quality-ml/data/kaggle/grading/Kupro/Large/Grade-1/112.jpg,Kupro,Large,Grade-1,test,/Users/ayush/Downloads/date-fruit-quality-ml/data/quality/grade/test/Grade-1/Kupro__Large__112.jpg,517.3436889648438,352.6134948730469,143800.5
/Users/ayush/Downloads/date-fruit-quality-ml/data/kaggle/grading/Aseel/Small/Grade-1/22.jpg,Aseel,Small,Grade-1,test,/Users/ayush/Downloads/date-fruit-quality-ml/data/quality/grade/test/Grade-1/Aseel__Small__22.jpg,421.6908264160156,268.7135009765625,89140.5
/Users/ayush/Downloads/date-fruit-quality-ml/data/kaggle/grading/Gajar/Medium/Grade-1/65.jpg,Gajar,Medium,Grade-1,test,/Users/ayush/Downloads/date-fruit-quality-ml/data/quality/grade/test/Grade-1/Gajar__Medium__65.jpg,572.1732177734375,258.5457763671875,121165.5
/Users/ayush/Downloads/date-fruit-quality-ml/data/kaggle/grading/Aseel/Medium/Grade-1/146.jpg,Aseel,Medium,Grade-1,test,/Users/ayush/Downloads/date-fruit-quality-ml/data/quality/grade/test/Grade-1/Aseel__Medium__146.jpg,478.1684875488281,281.60040283203125,107674.0
/Users/ayush/Downloads/date-fruit-quality-ml/data/kaggle/grading/Gajar/Small/Grade-1/42.jpg,Gajar,Small,Grade-1,test,/Users/ayush/Downloads/date-fruit-quality-ml/data/quality/grade/test/Grade-1/Gajar__Small__42.jpg,560.9189453125,269.4478454589844,115203.0
/Users/ayush/Downloads/date-fruit-quality-ml/data/kaggle/grading/Kupro/Large/Grade-1/311.jpg,Kupro,Large,Grade-1,test,/Users/ayush/Downloads/date-fruit-quality-ml/data/quality/grade/test/Grade-1/Kupro__Large__311.jpg,508.70391845703125,350.39300537109375,138805.0
/Users/ayush/Downloads/date-fruit-quality-ml/data/kaggle/grading/Fasli Toto/Large/Grade-1/28.jpg,Fasli Toto,Large,Grade-1,test,/Users/ayush/Downloads/date-fruit-quality-ml/data/quality/grade/test/Grade-1/Fasli-Toto__Large__28.jpg,445.4872131347656,297.3173522949219,103158.0
/Users/ayush/Downloads/date-fruit-quality-ml/data/kaggle/grading/Gajar/Medium/Grade-1/41.jpg,Gajar,Medium,Grade-1,test,/Users/ayush/Downloads/date-fruit-quality-ml/data/quality/grade/test/Grade-1/Gajar__Medium__41.jpg,579.1163330078125,268.22119140625,132097.5
/Users/ayush/Downloads/date-fruit-quality-ml/data/kaggle/grading/Fasli Toto/Medium/Grade-1/64.jpg,Fasli Toto,Medium,Grade-1,test,/Users/ayush/Downloads/date-fruit-quality-ml/data/quality/grade/test/Grade-1/Fasli-Toto__Medium__64.jpg,409.76910400390625,262.6796569824219,86183.0
/Users/ayush/Downloads/date-fruit-quality-ml/data/kaggle/grading/Aseel/Large/Grade-1/95.jpg,Aseel,Large,Grade-1,test,/Users/ayush/Downloads/date-fruit-quality-ml/data/quality/grade/test/Grade-1/Aseel__Large__95.jpg,488.06378173828125,348.64739990234375,136653.0
/Users/ayush/Downloads/date-fruit-quality-ml/data/kaggle/grading/Gajar/Small/Grade-3/40.jpg,Gajar,Small,Grade-3,test,/Users/ayush/Downloads/date-fruit-quality-ml/data/quality/grade/test/Grade-3/Gajar__Small__40.jpg,541.0745239257812,274.7263488769531,123211.5
/Users/ayush/Downloads/date-fruit-quality-ml/data/kaggle/grading/Kupro/Large/Grade-2/236.jpg,Kupro,Large,Grade-2,test,/Users/ayush/Downloads/date-fruit-quality-ml/data/quality/grade/test/Grade-2/Kupro__Large__236.jpg,493.822509765625,354.8362731933594,143081.5
/Users/ayush/Downloads/date-fruit-quality-ml/data/kaggle/grading/Kupro/Large/Grade-1/35.jpg,Kupro,Large,Grade-1,test,/Users/ayush/Downloads/date-fruit-quality-ml/data/quality/grade/test/Grade-1/Kupro__Large__35.jpg,512.7984008789062,354.2951965332031,143229.5
/Users/ayush/Downloads/date-fruit-quality-ml/data/kaggle/grading/Aseel/Large/Grade-1/144.jpg,Aseel,Large,Grade-1,test,/Users/ayush/Downloads/date-fruit-quality-ml/data/quality/grade/test/Grade-1/Aseel__Large__144.jpg,499.816162109375,320.28839111328125,126666.5
/Users/ayush/Downloads/date-fruit-quality-ml/data/kaggle/grading/Fasli Toto/Medium/Grade-1/9.jpg,Fasli Toto,Medium,Grade-1,test,/Users/ayush/Downloads/date-fruit-quality-ml/data/quality/grade/test/Grade-1/Fasli-Toto__Medium__9.jpg,437.7268981933594,263.3345642089844,95295.5
/Users/ayush/Downloads/date-fruit-quality-ml/data/kaggle/grading/Gajar/Small/Grade-1/91.jpg,Gajar,Small,Grade-1,test,/Users/ayush/Downloads/date-fruit-quality-ml/data/quality/grade/test/Grade-1/Gajar__Small__91.jpg,523.7427978515625,248.5054168701172,106920.0
/Users/ayush/Downloads/date-fruit-quality-ml/data/kaggle/grading/Kupro/Large/Grade-2/204.jpg,Kupro,Large,Grade-2,test,/Users/ayush/Downloads/date-fruit-quality-ml/data/quality/grade/test/Grade-2/Kupro__Large__204.jpg,488.81597900390625,330.3666076660156,131717.0
/Users/ayush/Downloads/date-fruit-quality-ml/data/kaggle/grading/Aseel/Large/Grade-1/104.jpg,Aseel,Large,Grade-1,test,/Users/ayush/Downloads/date-fruit-quality-ml/data/quality/grade/test/Grade-1/Aseel__Large__104.jpg,526.9998779296875,318.99993896484375,133383.5
/Users/ayush/Downloads/date-fruit-quality-ml/data/kaggle/grading/Gajar/Large/Grade-3/101.jpg,Gajar,Large,Grade-3,test,/Users/ayush/Downloads/date-fruit-quality-ml/data/quality/grade/test/Grade-3/Gajar__Large__101.jpg,650.0,266.0,144494.0
/Users/ayush/Downloads/date-fruit-quality-ml/data/kaggle/grading/Gajar/Medium/Grade-2/57.jpg,Gajar,Medium,Grade-2,test,/Users/ayush/Downloads/date-fruit-quality-ml/data/quality/grade/test/Grade-2/Gajar__Medium__57.jpg,603.0,274.0,140408.0
/Users/ayush/Downloads/date-fruit-quality-ml/data/kaggle/grading/Gajar/Large/Grade-3/47.jpg,Gajar,Large,Grade-3,test,/Users/ayush/Downloads/date-fruit-quality-ml/data/quality/grade/test/Grade-3/Gajar__Large__47.jpg,616.5563354492188,259.4566955566406,128434.0
/Users/ayush/Downloads/date-fruit-quality-ml/data/kaggle/grading/Aseel/Medium/Grade-1/144.jpg,Aseel,Medium,Grade-1,test,/Users/ayush/Downloads/date-fruit-quality-ml/data/quality/grade/test/Grade-1/Aseel__Medium__144.jpg,458.4264221191406,281.1570739746094,105857.5
/Users/ayush/Downloads/date-fruit-quality-ml/data/kaggle/grading/Kupro/Large/Grade-3/33.jpg,Kupro,Large,Grade-3,test,/Users/ayush/Downloads/date-fruit-quality-ml/data/quality/grade/test/Grade-3/Kupro__Large__33.jpg,512.2931518554688,351.3749084472656,144723.5
/Users/ayush/Downloads/date-fruit-quality-ml/data/kaggle/grading/Kupro/Large/Grade-3/56.jpg,Kupro,Large,Grade-3,test,/Users/ayush/Downloads/date-fruit-quality-ml/data/quality/grade/test/Grade-3/Kupro__Large__56.jpg,483.2145690917969,347.3514709472656,129363.0
/Users/ayush/Downloads/date-fruit-quality-ml/data/kaggle/grading/Fasli Toto/Large/Grade-1/148.jpg,Fasli Toto,Large,Grade-1,test,/Users/ayush/Downloads/date-fruit-quality-ml/data/quality/grade/test/Grade-1/Fasli-Toto__Large__148.jpg,434.7141418457031,323.9237365722656,107924.0
/Users/ayush/Downloads/date-fruit-quality-ml/data/kaggle/grading/Fasli Toto/Large/Grade-1/61.jpg,Fasli Toto,Large,Grade-1,test,/Users/ayush/Downloads/date-fruit-quality-ml/data/quality/grade/test/Grade-1/Fasli-Toto__Large__61.jpg,453.1139831542969,319.4708251953125,114129.5
/Users/ayush/Downloads/date-fruit-quality-ml/data/kaggle/grading/Fasli Toto/Small/Grade-1/8.jpg,Fasli Toto,Small,Grade-1,test,/Users/ayush/Downloads/date-fruit-quality-ml/data/quality/grade/test/Grade-1/Fasli-Toto__Small__8.jpg,371.2301330566406,271.5918273925781,78460.0
/Users/ayush/Downloads/date-fruit-quality-ml/data/kaggle/grading/Kupro/Large/Grade-2/97.jpg,Kupro,Large,Grade-2,test,/Users/ayush/Downloads/date-fruit-quality-ml/data/quality/grade/test/Grade-2/Kupro__Large__97.jpg,503.1183776855469,343.73956298828125,136798.5
/Users/ayush/Downloads/date-fruit-quality-ml/data/kaggle/grading/Kupro/Large/Grade-1/201.jpg,Kupro,Large,Grade-1,test,/Users/ayush/Downloads/date-fruit-quality-ml/data/quality/grade/test/Grade-1/Kupro__Large__201.jpg,433.3809509277344,295.2347717285156,102303.0
/Users/ayush/Downloads/date-fruit-quality-ml/data/kaggle/grading/Kupro/Large/Grade-1/193.jpg,Kupro,Large,Grade-1,test,/Users/ayush/Downloads/date-fruit-quality-ml/data/quality/grade/test/Grade-1/Kupro__Large__193.jpg,462.95159912109375,326.915283203125,123571.5
/Users/ayush/Downloads/date-fruit-quality-ml/data/kaggle/grading/Fasli Toto/Large/Grade-1/36.jpg,Fasli Toto,Large,Grade-1,test,/Users/ayush/Downloads/date-fruit-quality-ml/data/quality/grade/test/Grade-1/Fasli-Toto__Large__36.jpg,469.14886474609375,343.4821472167969,126975.5
/Users/ayush/Downloads/date-fruit-quality-ml/data/kaggle/grading/Gajar/Medium/Grade-1/146.jpg,Gajar,Medium,Grade-1,test,/Users/ayush/Downloads/date-fruit-quality-ml/data/quality/grade/test/Grade-1/Gajar__Medium__146.jpg,508.77606201171875,279.7037353515625,117582.0
/Users/ayush/Downloads/date-fruit-quality-ml/data/kaggle/grading/Gajar/Small/Grade-3/141.jpg,Gajar,Small,Grade-3,test,/Users/ayush/Downloads/date-fruit-quality-ml/data/quality/grade/test/Grade-3/Gajar__Small__141.jpg,570.946533203125,255.96360778808594,119697.5
/Users/ayush/Downloads/date-fruit-quality-ml/data/kaggle/grading/Gajar/Large/Grade-1/116.jpg,Gajar,Large,Grade-1,test,/Users/ayush/Downloads/date-fruit-quality-ml/data/quality/grade/test/Grade-1/Gajar__Large__116.jpg,621.9412841796875,305.7511901855469,162536.0
/Users/ayush/Downloads/date-fruit-quality-ml/data/kaggle/grading/Gajar/Large/Grade-1/76.jpg,Gajar,Large,Grade-1,test,/Users/ayush/Downloads/date-fruit-quality-ml/data/quality/grade/test/Grade-1/Gajar__Large__76.jpg,622.9638061523438,281.4560852050781,148305.0
/Users/ayush/Downloads/date-fruit-quality-ml/data/kaggle/grading/Kupro/Large/Grade-1/92.jpg,Kupro,Large,Grade-1,test,/Users/ayush/Downloads/date-fruit-quality-ml/data/quality/grade/test/Grade-1/Kupro__Large__92.jpg,490.99993896484375,375.99993896484375,140722.5
/Users/ayush/Downloads/date-fruit-quality-ml/data/kaggle/grading/Gajar/Small/Grade-3/14.jpg,Gajar,Small,Grade-3,test,/Users/ayush/Downloads/date-fruit-quality-ml/data/quality/grade/test/Grade-3/Gajar__Small__14.jpg,543.169189453125,292.88653564453125,133238.0
/Users/ayush/Downloads/date-fruit-quality-ml/data/kaggle/grading/Gajar/Large/Grade-3/14.jpg,Gajar,Large,Grade-3,test,/Users/ayush/Downloads/date-fruit-quality-ml/data/quality/grade/test/Grade-3/Gajar__Large__14.jpg,644.2110595703125,271.5674133300781,147748.5
/Users/ayush/Downloads/date-fruit-quality-ml/data/kaggle/grading/Kupro/Large/Grade-1/79.jpg,Kupro,Large,Grade-1,test,/Users/ayush/Downloads/date-fruit-quality-ml/data/quality/grade/test/Grade-1/Kupro__Large__79.jpg,494.0,371.0,145894.0
/Users/ayush/Downloads/date-fruit-quality-ml/data/kaggle/grading/Kupro/Large/Grade-1/279.jpg,Kupro,Large,Grade-1,test,/Users/ayush/Downloads/date-fruit-quality-ml/data/quality/grade/test/Grade-1/Kupro__Large__279.jpg,523.0,369.0,156443.0
/Users/ayush/Downloads/date-fruit-quality-ml/data/kaggle/grading/Gajar/Small/Grade-1/53.jpg,Gajar,Small,Grade-1,test,/Users/ayush/Downloads/date-fruit-quality-ml/data/quality/grade/test/Grade-1/Gajar__Small__53.jpg,550.1856079101562,250.7086639404297,112409.5
/Users/ayush/Downloads/date-fruit-quality-ml/data/kaggle/grading/Kupro/Large/Grade-1/190.jpg,Kupro,Large,Grade-1,test,/Users/ayush/Downloads/date-fruit-quality-ml/data/quality/grade/test/Grade-1/Kupro__Large__190.jpg,444.29541015625,360.0657043457031,126887.5
/Users/ayush/Downloads/date-fruit-quality-ml/data/kaggle/grading/Fasli Toto/Large/Grade-1/78.jpg,Fasli Toto,Large,Grade-1,test,/Users/ayush/Downloads/date-fruit-quality-ml/data/quality/grade/test/Grade-1/Fasli-Toto__Large__78.jpg,513.3797607421875,346.92510986328125,143075.0
/Users/ayush/Downloads/date-fruit-quality-ml/data/kaggle/grading/Kupro/Large/Grade-2/308.jpg,Kupro,Large,Grade-2,test,/Users/ayush/Downloads/date-fruit-quality-ml/data/quality/grade/test/Grade-2/Kupro__Large__308.jpg,519.0,375.0,148309.0
/Users/ayush/Downloads/date-fruit-quality-ml/data/kaggle/grading/Fasli Toto/Large/Grade-1/150.jpg,Fasli Toto,Large,Grade-1,test,/Users/ayush/Downloads/date-fruit-quality-ml/data/quality/grade/test/Grade-1/Fasli-Toto__Large__150.jpg,466.77392578125,294.73919677734375,109525.0
/Users/ayush/Downloads/date-fruit-quality-ml/data/kaggle/grading/Aseel/Small/Grade-1/14.jpg,Aseel,Small,Grade-1,test,/Users/ayush/Downloads/date-fruit-quality-ml/data/quality/grade/test/Grade-1/Aseel__Small__14.jpg,429.05413818359375,240.96287536621094,80886.0
/Users/ayush/Downloads/date-fruit-quality-ml/data/kaggle/grading/Aseel/Medium/Grade-1/64.jpg,Aseel,Medium,Grade-1,test,/Users/ayush/Downloads/date-fruit-quality-ml/data/quality/grade/test/Grade-1/Aseel__Medium__64.jpg,489.56317138671875,288.263916015625,110805.0
/Users/ayush/Downloads/date-fruit-quality-ml/data/kaggle/grading/Gajar/Small/Grade-3/95.jpg,Gajar,Small,Grade-3,test,/Users/ayush/Downloads/date-fruit-quality-ml/data/quality/grade/test/Grade-3/Gajar__Small__95.jpg,541.9163818359375,259.454345703125,122411.0
/Users/ayush/Downloads/date-fruit-quality-ml/data/kaggle/grading/Kupro/Large/Grade-2/184.jpg,Kupro,Large,Grade-2,test,/Users/ayush/Downloads/date-fruit-quality-ml/data/quality/grade/test/Grade-2/Kupro__Large__184.jpg,477.93548583984375,321.3720397949219,119733.0
/Users/ayush/Downloads/date-fruit-quality-ml/data/kaggle/grading/Gajar/Small/Grade-3/11.jpg,Gajar,Small,Grade-3,test,/Users/ayush/Downloads/date-fruit-quality-ml/data/quality/grade/test/Grade-3/Gajar__Small__11.jpg,587.1589965820312,254.89479064941406,122453.0
/Users/ayush/Downloads/date-fruit-quality-ml/data/kaggle/grading/Gajar/Small/Grade-2/59.jpg,Gajar,Small,Grade-2,test,/Users/ayush/Downloads/date-fruit-quality-ml/data/quality/grade/test/Grade-2/Gajar__Small__59.jpg,521.6560668945312,235.7540740966797,102932.0
/Users/ayush/Downloads/date-fruit-quality-ml/data/kaggle/grading/Gajar/Medium/Grade-2/48.jpg,Gajar,Medium,Grade-2,test,/Users/ayush/Downloads/date-fruit-quality-ml/data/quality/grade/test/Grade-2/Gajar__Medium__48.jpg,554.6533203125,281.8730163574219,127702.5
/Users/ayush/Downloads/date-fruit-quality-ml/data/kaggle/grading/Kupro/Large/Grade-3/15.jpg,Kupro,Large,Grade-3,test,/Users/ayush/Downloads/date-fruit-quality-ml/data/quality/grade/test/Grade-3/Kupro__Large__15.jpg,519.304443359375,335.9468994140625,135210.0
/Users/ayush/Downloads/date-fruit-quality-ml/data/kaggle/grading/Gajar/Large/Grade-2/98.jpg,Gajar,Large,Grade-2,test,/Users/ayush/Downloads/date-fruit-quality-ml/data/quality/grade/test/Grade-2/Gajar__Large__98.jpg,644.3296508789062,301.6502990722656,155876.0
/Users/ayush/Downloads/date-fruit-quality-ml/data/kaggle/grading/Fasli Toto/Small/Grade-1/65.jpg,Fasli Toto,Small,Grade-1,test,/Users/ayush/Downloads/date-fruit-quality-ml/data/quality/grade/test/Grade-1/Fasli-Toto__Small__65.jpg,388.2120056152344,260.25848388671875,79186.0
/Users/ayush/Downloads/date-fruit-quality-ml/data/kaggle/grading/Gajar/Small/Grade-2/88.jpg,Gajar,Small,Grade-2,test,/Users/ayush/Downloads/date-fruit-quality-ml/data/quality/grade/test/Grade-2/Gajar__Small__88.jpg,599.557373046875,263.1378479003906,130465.0
/Users/ayush/Downloads/date-fruit-quality-ml/data/kaggle/grading/Kupro/Large/Grade-1/304.jpg,Kupro,Large,Grade-1,test,/Users/ayush/Downloads/date-fruit-quality-ml/data/quality/grade/test/Grade-1/Kupro__Large__304.jpg,517.9881591796875,345.2671203613281,137911.0
/Users/ayush/Downloads/date-fruit-quality-ml/data/kaggle/grading/Kupro/Large/Grade-2/301.jpg,Kupro,Large,Grade-2,test,/Users/ayush/Downloads/date-fruit-quality-ml/data/quality/grade/test/Grade-2/Kupro__Large__301.jpg,528.1032104492188,376.7329406738281,157184.0
/Users/ayush/Downloads/date-fruit-quality-ml/data/kaggle/grading/Kupro/Large/Grade-1/220.jpg,Kupro,Large,Grade-1,test,/Users/ayush/Downloads/date-fruit-quality-ml/data/quality/grade/test/Grade-1/Kupro__Large__220.jpg,475.8487243652344,345.1412353515625,127485.0
/Users/ayush/Downloads/date-fruit-quality-ml/data/kaggle/grading/Gajar/Small/Grade-3/173.jpg,Gajar,Small,Grade-3,test,/Users/ayush/Downloads/date-fruit-quality-ml/data/quality/grade/test/Grade-3/Gajar__Small__173.jpg,568.2911987304688,253.37037658691406,122270.0
/Users/ayush/Downloads/date-fruit-quality-ml/data/kaggle/grading/Gajar/Small/Grade-1/43.jpg,Gajar,Small,Grade-1,test,/Users/ayush/Downloads/date-fruit-quality-ml/data/quality/grade/test/Grade-1/Gajar__Small__43.jpg,554.8894653320312,262.1444091796875,123190.5
/Users/ayush/Downloads/date-fruit-quality-ml/data/kaggle/grading/Kupro/Large/Grade-3/60.jpg,Kupro,Large,Grade-3,test,/Users/ayush/Downloads/date-fruit-quality-ml/data/quality/grade/test/Grade-3/Kupro__Large__60.jpg,467.53143310546875,351.36309814453125,127337.0
/Users/ayush/Downloads/date-fruit-quality-ml/data/kaggle/grading/Kupro/Large/Grade-1/4.jpg,Kupro,Large,Grade-1,test,/Users/ayush/Downloads/date-fruit-quality-ml/data/quality/grade/test/Grade-1/Kupro__Large__4.jpg,521.8619384765625,355.67376708984375,144152.0
/Users/ayush/Downloads/date-fruit-quality-ml/data/kaggle/grading/Aseel/Small/Grade-1/103.jpg,Aseel,Small,Grade-1,test,/Users/ayush/Downloads/date-fruit-quality-ml/data/quality/grade/test/Grade-1/Aseel__Small__103.jpg,454.37774658203125,255.45834350585938,93776.5
/Users/ayush/Downloads/date-fruit-quality-ml/data/kaggle/grading/Gajar/Large/Grade-1/41.jpg,Gajar,Large,Grade-1,test,/Users/ayush/Downloads/date-fruit-quality-ml/data/quality/grade/test/Grade-1/Gajar__Large__41.jpg,617.6574096679688,280.7102355957031,142617.0
/Users/ayush/Downloads/date-fruit-quality-ml/data/kaggle/grading/Kupro/Large/Grade-2/142.jpg,Kupro,Large,Grade-2,test,/Users/ayush/Downloads/date-fruit-quality-ml/data/quality/grade/test/Grade-2/Kupro__Large__142.jpg,497.2560119628906,331.889892578125,131098.0
/Users/ayush/Downloads/date-fruit-quality-ml/data/kaggle/grading/Gajar/Medium/Grade-3/20.jpg,Gajar,Medium,Grade-3,test,/Users/ayush/Downloads/date-fruit-quality-ml/data/quality/grade/test/Grade-3/Gajar__Medium__20.jpg,538.3140869140625,253.07681274414062,113733.0
/Users/ayush/Downloads/date-fruit-quality-ml/data/kaggle/grading/Gajar/Large/Grade-1/86.jpg,Gajar,Large,Grade-1,test,/Users/ayush/Downloads/date-fruit-quality-ml/data/quality/grade/test/Grade-1/Gajar__Large__86.jpg,630.1456909179688,289.0982666015625,150031.0
/Users/ayush/Downloads/date-fruit-quality-ml/data/kaggle/grading/Fasli Toto/Medium/Grade-1/149.jpg,Fasli Toto,Medium,Grade-1,test,/Users/ayush/Downloads/date-fruit-quality-ml/data/quality/grade/test/Grade-1/Fasli-Toto__Medium__149.jpg,461.0369873046875,282.4235534667969,102234.5
/Users/ayush/Downloads/date-fruit-quality-ml/data/kaggle/grading/Kupro/Large/Grade-1/100.jpg,Kupro,Large,Grade-1,test,/Users/ayush/Downloads/date-fruit-quality-ml/data/quality/grade/test/Grade-1/Kupro__Large__100.jpg,494.34130859375,371.98455810546875,147648.0
/Users/ayush/Downloads/date-fruit-quality-ml/data/kaggle/grading/Gajar/Medium/Grade-2/12.jpg,Gajar,Medium,Grade-2,test,/Users/ayush/Downloads/date-fruit-quality-ml/data/quality/grade/test/Grade-2/Gajar__Medium__12.jpg,544.9774169921875,243.51466369628906,110168.5
/Users/ayush/Downloads/date-fruit-quality-ml/data/kaggle/grading/Gajar/Medium/Grade-3/5.jpg,Gajar,Medium,Grade-3,test,/Users/ayush/Downloads/date-fruit-quality-ml/data/quality/grade/test/Grade-3/Gajar__Medium__5.jpg,610.980224609375,281.7800598144531,135766.5
/Users/ayush/Downloads/date-fruit-quality-ml/data/kaggle/grading/Kupro/Large/Grade-3/14.jpg,Kupro,Large,Grade-3,test,/Users/ayush/Downloads/date-fruit-quality-ml/data/quality/grade/test/Grade-3/Kupro__Large__14.jpg,567.2413330078125,356.75189208984375,157724.5
/Users/ayush/Downloads/date-fruit-quality-ml/data/kaggle/grading/Aseel/Large/Grade-1/77.jpg,Aseel,Large,Grade-1,test,/Users/ayush/Downloads/date-fruit-quality-ml/data/quality/grade/test/Grade-1/Aseel__Large__77.jpg,498.41253662109375,316.7723388671875,128502.5
/Users/ayush/Downloads/date-fruit-quality-ml/data/kaggle/grading/Gajar/Medium/Grade-1/35.jpg,Gajar,Medium,Grade-1,test,/Users/ayush/Downloads/date-fruit-quality-ml/data/quality/grade/test/Grade-1/Gajar__Medium__35.jpg,554.6602783203125,244.91590881347656,117666.0
/Users/ayush/Downloads/date-fruit-quality-ml/data/kaggle/grading/Fasli Toto/Large/Grade-1/113.jpg,Fasli Toto,Large,Grade-1,test,/Users/ayush/Downloads/date-fruit-quality-ml/data/quality/grade/test/Grade-1/Fasli-Toto__Large__113.jpg,489.06658935546875,293.9799499511719,115574.5
/Users/ayush/Downloads/date-fruit-quality-ml/data/kaggle/grading/Gajar/Medium/Grade-1/87.jpg,Gajar,Medium,Grade-1,test,/Users/ayush/Downloads/date-fruit-quality-ml/data/quality/grade/test/Grade-1/Gajar__Medium__87.jpg,570.1332397460938,245.67568969726562,121022.5
/Users/ayush/Downloads/date-fruit-quality-ml/data/kaggle/grading/Kupro/Large/Grade-2/169.jpg,Kupro,Large,Grade-2,test,/Users/ayush/Downloads/date-fruit-quality-ml/data/quality/grade/test/Grade-2/Kupro__Large__169.jpg,516.78759765625,348.91070556640625,145745.0
/Users/ayush/Downloads/date-fruit-quality-ml/data/kaggle/grading/Fasli Toto/Large/Grade-1/73.jpg,Fasli Toto,Large,Grade-1,test,/Users/ayush/Downloads/date-fruit-quality-ml/data/quality/grade/test/Grade-1/Fasli-Toto__Large__73.jpg,502.5793151855469,308.85003662109375,131021.0
/Users/ayush/Downloads/date-fruit-quality-ml/data/kaggle/grading/Aseel/Small/Grade-1/49.jpg,Aseel,Small,Grade-1,test,/Users/ayush/Downloads/date-fruit-quality-ml/data/quality/grade/test/Grade-1/Aseel__Small__49.jpg,455.6841735839844,273.22076416015625,100100.0
/Users/ayush/Downloads/date-fruit-quality-ml/data/kaggle/grading/Fasli Toto/Medium/Grade-1/140.jpg,Fasli Toto,Medium,Grade-1,test,/Users/ayush/Downloads/date-fruit-quality-ml/data/quality/grade/test/Grade-1/Fasli-Toto__Medium__140.jpg,417.0,255.0,85719.0
/Users/ayush/Downloads/date-fruit-quality-ml/data/kaggle/grading/Fasli Toto/Large/Grade-1/96.jpg,Fasli Toto,Large,Grade-1,test,/Users/ayush/Downloads/date-fruit-quality-ml/data/quality/grade/test/Grade-1/Fasli-Toto__Large__96.jpg,483.0289001464844,352.14404296875,129840.0
/Users/ayush/Downloads/date-fruit-quality-ml/data/kaggle/grading/Gajar/Large/Grade-3/22.jpg,Gajar,Large,Grade-3,test,/Users/ayush/Downloads/date-fruit-quality-ml/data/quality/grade/test/Grade-3/Gajar__Large__22.jpg,623.0,286.0,149785.0
/Users/ayush/Downloads/date-fruit-quality-ml/data/kaggle/grading/Kupro/Large/Grade-2/119.jpg,Kupro,Large,Grade-2,test,/Users/ayush/Downloads/date-fruit-quality-ml/data/quality/grade/test/Grade-2/Kupro__Large__119.jpg,490.0350341796875,366.6533508300781,141837.0
/Users/ayush/Downloads/date-fruit-quality-ml/data/kaggle/grading/Kupro/Large/Grade-1/210.jpg,Kupro,Large,Grade-1,test,/Users/ayush/Downloads/date-fruit-quality-ml/data/quality/grade/test/Grade-1/Kupro__Large__210.jpg,422.5880432128906,352.8421630859375,117049.5
/Users/ayush/Downloads/date-fruit-quality-ml/data/kaggle/grading/Kupro/Large/Grade-2/361.jpg,Kupro,Large,Grade-2,test,/Users/ayush/Downloads/date-fruit-quality-ml/data/quality/grade/test/Grade-2/Kupro__Large__361.jpg,501.0164794921875,338.4768371582031,129309.5
/Users/ayush/Downloads/date-fruit-quality-ml/data/kaggle/grading/Kupro/Large/Grade-3/108.jpg,Kupro,Large,Grade-3,test,/Users/ayush/Downloads/date-fruit-quality-ml/data/quality/grade/test/Grade-3/Kupro__Large__108.jpg,462.3282165527344,367.49462890625,132420.0
/Users/ayush/Downloads/date-fruit-quality-ml/data/kaggle/grading/Gajar/Large/Grade-2/70.jpg,Gajar,Large,Grade-2,test,/Users/ayush/Downloads/date-fruit-quality-ml/data/quality/grade/test/Grade-2/Gajar__Large__70.jpg,617.6922607421875,269.25579833984375,135620.5
/Users/ayush/Downloads/date-fruit-quality-ml/data/kaggle/grading/Gajar/Large/Grade-1/131.jpg,Gajar,Large,Grade-1,test,/Users/ayush/Downloads/date-fruit-quality-ml/data/quality/grade/test/Grade-1/Gajar__Large__131.jpg,643.376220703125,303.8194580078125,158835.0
/Users/ayush/Downloads/date-fruit-quality-ml/data/kaggle/grading/Kupro/Large/Grade-1/301.jpg,Kupro,Large,Grade-1,test,/Users/ayush/Downloads/date-fruit-quality-ml/data/quality/grade/test/Grade-1/Kupro__Large__301.jpg,497.2867126464844,368.788818359375,142981.5
/Users/ayush/Downloads/date-fruit-quality-ml/data/kaggle/grading/Fasli Toto/Large/Grade-1/119.jpg,Fasli Toto,Large,Grade-1,test,/Users/ayush/Downloads/date-fruit-quality-ml/data/quality/grade/test/Grade-1/Fasli-Toto__Large__119.jpg,497.8309631347656,379.5840759277344,149798.5
/Users/ayush/Downloads/date-fruit-quality-ml/data/kaggle/grading/Aseel/Large/Grade-1/38.jpg,Aseel,Large,Grade-1,test,/Users/ayush/Downloads/date-fruit-quality-ml/data/quality/grade/test/Grade-1/Aseel__Large__38.jpg,546.0,272.0,128558.5
/Users/ayush/Downloads/date-fruit-quality-ml/data/kaggle/grading/Gajar/Small/Grade-3/89.jpg,Gajar,Small,Grade-3,test,/Users/ayush/Downloads/date-fruit-quality-ml/data/quality/grade/test/Grade-3/Gajar__Small__89.jpg,560.6769409179688,245.051025390625,117989.5
/Users/ayush/Downloads/date-fruit-quality-ml/data/kaggle/grading/Gajar/Small/Grade-3/21.jpg,Gajar,Small,Grade-3,test,/Users/ayush/Downloads/date-fruit-quality-ml/data/quality/grade/test/Grade-3/Gajar__Small__21.jpg,612.2991333007812,269.23040771484375,133217.5
/Users/ayush/Downloads/date-fruit-quality-ml/data/kaggle/grading/Kupro/Large/Grade-3/109.jpg,Kupro,Large,Grade-3,test,/Users/ayush/Downloads/date-fruit-quality-ml/data/quality/grade/test/Grade-3/Kupro__Large__109.jpg,446.7235412597656,357.7880859375,130575.0
/Users/ayush/Downloads/date-fruit-quality-ml/data/kaggle/grading/Kupro/Large/Grade-1/253.jpg,Kupro,Large,Grade-1,test,/Users/ayush/Downloads/date-fruit-quality-ml/data/quality/grade/test/Grade-1/Kupro__Large__253.jpg,506.60870361328125,371.1095275878906,145709.0
/Users/ayush/Downloads/date-fruit-quality-ml/data/kaggle/grading/Gajar/Large/Grade-2/93.jpg,Gajar,Large,Grade-2,test,/Users/ayush/Downloads/date-fruit-quality-ml/data/quality/grade/test/Grade-2/Gajar__Large__93.jpg,627.4269409179688,262.91064453125,141236.0
/Users/ayush/Downloads/date-fruit-quality-ml/data/kaggle/grading/Kupro/Large/Grade-2/281.jpg,Kupro,Large,Grade-2,test,/Users/ayush/Downloads/date-fruit-quality-ml/data/quality/grade/test/Grade-2/Kupro__Large__281.jpg,494.4480895996094,327.91162109375,128392.0
/Users/ayush/Downloads/date-fruit-quality-ml/data/kaggle/grading/Gajar/Large/Grade-1/70.jpg,Gajar,Large,Grade-1,test,/Users/ayush/Downloads/date-fruit-quality-ml/data/quality/grade/test/Grade-1/Gajar__Large__70.jpg,650.146728515625,278.79315185546875,146852.0
/Users/ayush/Downloads/date-fruit-quality-ml/data/kaggle/grading/Aseel/Large/Grade-1/55.jpg,Aseel,Large,Grade-1,test,/Users/ayush/Downloads/date-fruit-quality-ml/data/quality/grade/test/Grade-1/Aseel__Large__55.jpg,593.2118530273438,286.6999816894531,133915.5
/Users/ayush/Downloads/date-fruit-quality-ml/data/kaggle/grading/Aseel/Medium/Grade-1/28.jpg,Aseel,Medium,Grade-1,test,/Users/ayush/Downloads/date-fruit-quality-ml/data/quality/grade/test/Grade-1/Aseel__Medium__28.jpg,484.5176696777344,269.5707702636719,103747.5
/Users/ayush/Downloads/date-fruit-quality-ml/data/kaggle/grading/Aseel/Small/Grade-1/66.jpg,Aseel,Small,Grade-1,test,/Users/ayush/Downloads/date-fruit-quality-ml/data/quality/grade/test/Grade-1/Aseel__Small__66.jpg,437.2595520019531,273.9129638671875,94389.5
/Users/ayush/Downloads/date-fruit-quality-ml/data/kaggle/grading/Kupro/Large/Grade-3/31.jpg,Kupro,Large,Grade-3,test,/Users/ayush/Downloads/date-fruit-quality-ml/data/quality/grade/test/Grade-3/Kupro__Large__31.jpg,532.1204223632812,349.19915771484375,147361.5
/Users/ayush/Downloads/date-fruit-quality-ml/data/kaggle/grading/Gajar/Small/Grade-3/51.jpg,Gajar,Small,Grade-3,test,/Users/ayush/Downloads/date-fruit-quality-ml/data/quality/grade/test/Grade-3/Gajar__Small__51.jpg,553.284912109375,253.38446044921875,115216.5
/Users/ayush/Downloads/date-fruit-quality-ml/data/kaggle/grading/Kupro/Large/Grade-1/275.jpg,Kupro,Large,Grade-1,test,/Users/ayush/Downloads/date-fruit-quality-ml/data/quality/grade/test/Grade-1/Kupro__Large__275.jpg,479.0,333.0,127017.5
/Users/ayush/Downloads/date-fruit-quality-ml/data/kaggle/grading/Gajar/Large/Grade-2/29.jpg,Gajar,Large,Grade-2,test,/Users/ayush/Downloads/date-fruit-quality-ml/data/quality/grade/test/Grade-2/Gajar__Large__29.jpg,593.4474487304688,271.42474365234375,137123.0
/Users/ayush/Downloads/date-fruit-quality-ml/data/kaggle/grading/Gajar/Large/Grade-1/16.jpg,Gajar,Large,Grade-1,test,/Users/ayush/Downloads/date-fruit-quality-ml/data/quality/grade/test/Grade-1/Gajar__Large__16.jpg,654.9340209960938,292.3143310546875,150344.5
/Users/ayush/Downloads/date-fruit-quality-ml/data/kaggle/grading/Fasli Toto/Medium/Grade-1/17.jpg,Fasli Toto,Medium,Grade-1,test,/Users/ayush/Downloads/date-fruit-quality-ml/data/quality/grade/test/Grade-1/Fasli-Toto__Medium__17.jpg,385.5642395019531,275.09979248046875,85754.0
/Users/ayush/Downloads/date-fruit-quality-ml/data/kaggle/grading/Gajar/Medium/Grade-1/126.jpg,Gajar,Medium,Grade-1,test,/Users/ayush/Downloads/date-fruit-quality-ml/data/quality/grade/test/Grade-1/Gajar__Medium__126.jpg,592.9341430664062,258.651123046875,129953.0
/Users/ayush/Downloads/date-fruit-quality-ml/data/kaggle/grading/Gajar/Medium/Grade-3/39.jpg,Gajar,Medium,Grade-3,test,/Users/ayush/Downloads/date-fruit-quality-ml/data/quality/grade/test/Grade-3/Gajar__Medium__39.jpg,541.9751586914062,251.13839721679688,113803.5
/Users/ayush/Downloads/date-fruit-quality-ml/data/kaggle/grading/Kupro/Large/Grade-3/89.jpg,Kupro,Large,Grade-3,test,/Users/ayush/Downloads/date-fruit-quality-ml/data/quality/grade/test/Grade-3/Kupro__Large__89.jpg,527.8699340820312,356.31494140625,151364.5
/Users/ayush/Downloads/date-fruit-quality-ml/data/kaggle/grading/Kupro/Large/Grade-1/130.jpg,Kupro,Large,Grade-1,test,/Users/ayush/Downloads/date-fruit-quality-ml/data/quality/grade/test/Grade-1/Kupro__Large__130.jpg,497.64691162109375,315.33404541015625,125324.5
/Users/ayush/Downloads/date-fruit-quality-ml/data/kaggle/grading/Kupro/Large/Grade-2/234.jpg,Kupro,Large,Grade-2,test,/Users/ayush/Downloads/date-fruit-quality-ml/data/quality/grade/test/Grade-2/Kupro__Large__234.jpg,498.9026794433594,336.2676086425781,133520.5
/Users/ayush/Downloads/date-fruit-quality-ml/data/kaggle/grading/Gajar/Large/Grade-2/106.jpg,Gajar,Large,Grade-2,test,/Users/ayush/Downloads/date-fruit-quality-ml/data/quality/grade/test/Grade-2/Gajar__Large__106.jpg,617.8137817382812,286.4687194824219,142615.5
/Users/ayush/Downloads/date-fruit-quality-ml/data/kaggle/grading/Aseel/Medium/Grade-1/22.jpg,Aseel,Medium,Grade-1,test,/Users/ayush/Downloads/date-fruit-quality-ml/data/quality/grade/test/Grade-1/Aseel__Medium__22.jpg,526.5375366210938,270.66766357421875,113704.5
/Users/ayush/Downloads/date-fruit-quality-ml/data/kaggle/grading/Gajar/Large/Grade-3/81.jpg,Gajar,Large,Grade-3,test,/Users/ayush/Downloads/date-fruit-quality-ml/data/quality/grade/test/Grade-3/Gajar__Large__81.jpg,633.1221313476562,263.51837158203125,138302.5
/Users/ayush/Downloads/date-fruit-quality-ml/data/kaggle/grading/Gajar/Small/Grade-1/109.jpg,Gajar,Small,Grade-1,test,/Users/ayush/Downloads/date-fruit-quality-ml/data/quality/grade/test/Grade-1/Gajar__Small__109.jpg,536.462890625,284.6810607910156,122933.0
/Users/ayush/Downloads/date-fruit-quality-ml/data/kaggle/grading/Fasli Toto/Medium/Grade-1/1.jpg,Fasli Toto,Medium,Grade-1,test,/Users/ayush/Downloads/date-fruit-quality-ml/data/quality/grade/test/Grade-1/Fasli-Toto__Medium__1.jpg,405.22247314453125,279.8188171386719,86410.5
/Users/ayush/Downloads/date-fruit-quality-ml/data/kaggle/grading/Fasli Toto/Large/Grade-1/33.jpg,Fasli Toto,Large,Grade-1,test,/Users/ayush/Downloads/date-fruit-quality-ml/data/quality/grade/test/Grade-1/Fasli-Toto__Large__33.jpg,431.3245544433594,295.79083251953125,104655.5
/Users/ayush/Downloads/date-fruit-quality-ml/data/kaggle/grading/Gajar/Large/Grade-2/55.jpg,Gajar,Large,Grade-2,test,/Users/ayush/Downloads/date-fruit-quality-ml/data/quality/grade/test/Grade-2/Gajar__Large__55.jpg,684.8646850585938,295.44561767578125,171253.5
/Users/ayush/Downloads/date-fruit-quality-ml/data/kaggle/grading/Kupro/Large/Grade-1/65.jpg,Kupro,Large,Grade-1,test,/Users/ayush/Downloads/date-fruit-quality-ml/data/quality/grade/test/Grade-1/Kupro__Large__65.jpg,481.9661865234375,337.32733154296875,131434.5
/Users/ayush/Downloads/date-fruit-quality-ml/data/kaggle/grading/Gajar/Large/Grade-1/47.jpg,Gajar,Large,Grade-1,test,/Users/ayush/Downloads/date-fruit-quality-ml/data/quality/grade/test/Grade-1/Gajar__Large__47.jpg,590.660400390625,290.7713317871094,145949.0
/Users/ayush/Downloads/date-fruit-quality-ml/data/kaggle/grading/Aseel/Large/Grade-1/110.jpg,Aseel,Large,Grade-1,test,/Users/ayush/Downloads/date-fruit-quality-ml/data/quality/grade/test/Grade-1/Aseel__Large__110.jpg,542.085205078125,296.62982177734375,130202.5
/Users/ayush/Downloads/date-fruit-quality-ml/data/kaggle/grading/Aseel/Medium/Grade-1/109.jpg,Aseel,Medium,Grade-1,test,/Users/ayush/Downloads/date-fruit-quality-ml/data/quality/grade/test/Grade-1/Aseel__Medium__109.jpg,500.51544189453125,294.65045166015625,118786.0
/Users/ayush/Downloads/date-fruit-quality-ml/data/kaggle/grading/Fasli Toto/Large/Grade-1/105.jpg,Fasli Toto,Large,Grade-1,test,/Users/ayush/Downloads/date-fruit-quality-ml/data/quality/grade/test/Grade-1/Fasli-Toto__Large__105.jpg,479.0364074707031,339.6351013183594,132108.5
/Users/ayush/Downloads/date-fruit-quality-ml/data/kaggle/grading/Kupro/Large/Grade-3/71.jpg,Kupro,Large,Grade-3,test,/Users/ayush/Downloads/date-fruit-quality-ml/data/quality/grade/test/Grade-3/Kupro__Large__71.jpg,505.0,340.0,137108.0
/Users/ayush/Downloads/date-fruit-quality-ml/data/kaggle/grading/Gajar/Small/Grade-1/62.jpg,Gajar,Small,Grade-1,test,/Users/ayush/Downloads/date-fruit-quality-ml/data/quality/grade/test/Grade-1/Gajar__Small__62.jpg,589.933349609375,263.0412292480469,129621.5
/Users/ayush/Downloads/date-fruit-quality-ml/data/kaggle/grading/Gajar/Medium/Grade-1/160.jpg,Gajar,Medium,Grade-1,test,/Users/ayush/Downloads/date-fruit-quality-ml/data/quality/grade/test/Grade-1/Gajar__Medium__160.jpg,581.00927734375,288.07940673828125,140307.5
/Users/ayush/Downloads/date-fruit-quality-ml/data/kaggle/grading/Aseel/Small/Grade-1/159.jpg,Aseel,Small,Grade-1,test,/Users/ayush/Downloads/date-fruit-quality-ml/data/quality/grade/test/Grade-1/Aseel__Small__159.jpg,416.31854248046875,264.0897521972656,82811.5
/Users/ayush/Downloads/date-fruit-quality-ml/data/kaggle/grading/Kupro/Large/Grade-2/328.jpg,Kupro,Large,Grade-2,test,/Users/ayush/Downloads/date-fruit-quality-ml/data/quality/grade/test/Grade-2/Kupro__Large__328.jpg,499.8869323730469,345.4812927246094,139667.0
/Users/ayush/Downloads/date-fruit-quality-ml/data/kaggle/grading/Gajar/Large/Grade-3/105.jpg,Gajar,Large,Grade-3,test,/Users/ayush/Downloads/date-fruit-quality-ml/data/quality/grade/test/Grade-3/Gajar__Large__105.jpg,625.0134887695312,262.45355224609375,135699.0
/Users/ayush/Downloads/date-fruit-quality-ml/data/kaggle/grading/Fasli Toto/Medium/Grade-1/123.jpg,Fasli Toto,Medium,Grade-1,test,/Users/ayush/Downloads/date-fruit-quality-ml/data/quality/grade/test/Grade-1/Fasli-Toto__Medium__123.jpg,416.0,276.0,90503.5
/Users/ayush/Downloads/date-fruit-quality-ml/data/kaggle/grading/Fasli Toto/Large/Grade-1/63.jpg,Fasli Toto,Large,Grade-1,test,/Users/ayush/Downloads/date-fruit-quality-ml/data/quality/grade/test/Grade-1/Fasli-Toto__Large__63.jpg,472.9814453125,343.7387390136719,126888.5
/Users/ayush/Downloads/date-fruit-quality-ml/data/kaggle/grading/Kupro/Large/Grade-1/150.jpg,Kupro,Large,Grade-1,test,/Users/ayush/Downloads/date-fruit-quality-ml/data/quality/grade/test/Grade-1/Kupro__Large__150.jpg,508.316162109375,360.1788330078125,145151.5
/Users/ayush/Downloads/date-fruit-quality-ml/data/kaggle/grading/Aseel/Medium/Grade-1/9.jpg,Aseel,Medium,Grade-1,test,/Users/ayush/Downloads/date-fruit-quality-ml/data/quality/grade/test/Grade-1/Aseel__Medium__9.jpg,495.57135009765625,268.1108703613281,113019.5
/Users/ayush/Downloads/date-fruit-quality-ml/data/kaggle/grading/Gajar/Medium/Grade-1/120.jpg,Gajar,Medium,Grade-1,test,/Users/ayush/Downloads/date-fruit-quality-ml/data/quality/grade/test/Grade-1/Gajar__Medium__120.jpg,552.2732543945312,248.45187377929688,116403.0
/Users/ayush/Downloads/date-fruit-quality-ml/data/kaggle/grading/Fasli Toto/Medium/Grade-1/63.jpg,Fasli Toto,Medium,Grade-1,test,/Users/ayush/Downloads/date-fruit-quality-ml/data/quality/grade/test/Grade-1/Fasli-Toto__Medium__63.jpg,383.1076965332031,265.9657897949219,83740.5
/Users/ayush/Downloads/date-fruit-quality-ml/data/kaggle/grading/Kupro/Large/Grade-1/207.jpg,Kupro,Large,Grade-1,test,/Users/ayush/Downloads/date-fruit-quality-ml/data/quality/grade/test/Grade-1/Kupro__Large__207.jpg,484.3396911621094,348.3272705078125,134506.5
/Users/ayush/Downloads/date-fruit-quality-ml/data/kaggle/grading/Gajar/Medium/Grade-1/56.jpg,Gajar,Medium,Grade-1,test,/Users/ayush/Downloads/date-fruit-quality-ml/data/quality/grade/test/Grade-1/Gajar__Medium__56.jpg,582.0095825195312,249.24609375,121737.5
/Users/ayush/Downloads/date-fruit-quality-ml/data/kaggle/grading/Aseel/Medium/Grade-1/82.jpg,Aseel,Medium,Grade-1,test,/Users/ayush/Downloads/date-fruit-quality-ml/data/quality/grade/test/Grade-1/Aseel__Medium__82.jpg,481.4267578125,306.4281921386719,117434.0
/Users/ayush/Downloads/date-fruit-quality-ml/data/kaggle/grading/Gajar/Medium/Grade-1/128.jpg,Gajar,Medium,Grade-1,test,/Users/ayush/Downloads/date-fruit-quality-ml/data/quality/grade/test/Grade-1/Gajar__Medium__128.jpg,567.5795288085938,274.80657958984375,130091.5
/Users/ayush/Downloads/date-fruit-quality-ml/data/kaggle/grading/Aseel/Small/Grade-1/48.jpg,Aseel,Small,Grade-1,test,/Users/ayush/Downloads/date-fruit-quality-ml/data/quality/grade/test/Grade-1/Aseel__Small__48.jpg,463.5186462402344,255.78414916992188,92979.0
/Users/ayush/Downloads/date-fruit-quality-ml/data/kaggle/grading/Aseel/Medium/Grade-1/25.jpg,Aseel,Medium,Grade-1,test,/Users/ayush/Downloads/date-fruit-quality-ml/data/quality/grade/test/Grade-1/Aseel__Medium__25.jpg,532.1600341796875,299.7360534667969,115986.0
/Users/ayush/Downloads/date-fruit-quality-ml/data/kaggle/grading/Gajar/Small/Grade-2/100.jpg,Gajar,Small,Grade-2,test,/Users/ayush/Downloads/date-fruit-quality-ml/data/quality/grade/test/Grade-2/Gajar__Small__100.jpg,543.6268920898438,253.34378051757812,115831.0
/Users/ayush/Downloads/date-fruit-quality-ml/data/kaggle/grading/Kupro/Large/Grade-3/70.jpg,Kupro,Large,Grade-3,test,/Users/ayush/Downloads/date-fruit-quality-ml/data/quality/grade/test/Grade-3/Kupro__Large__70.jpg,507.99993896484375,391.99993896484375,153329.5
/Users/ayush/Downloads/date-fruit-quality-ml/data/kaggle/grading/Fasli Toto/Large/Grade-1/115.jpg,Fasli Toto,Large,Grade-1,test,/Users/ayush/Downloads/date-fruit-quality-ml/data/quality/grade/test/Grade-1/Fasli-Toto__Large__115.jpg,467.8630676269531,321.75970458984375,113291.5
/Users/ayush/Downloads/date-fruit-quality-ml/data/kaggle/grading/Kupro/Large/Grade-1/295.jpg,Kupro,Large,Grade-1,test,/Users/ayush/Downloads/date-fruit-quality-ml/data/quality/grade/test/Grade-1/Kupro__Large__295.jpg,510.0523681640625,364.04595947265625,147744.0
/Users/ayush/Downloads/date-fruit-quality-ml/data/kaggle/grading/Gajar/Large/Grade-1/151.jpg,Gajar,Large,Grade-1,test,/Users/ayush/Downloads/date-fruit-quality-ml/data/quality/grade/test/Grade-1/Gajar__Large__151.jpg,634.9261474609375,311.1031188964844,158318.0
/Users/ayush/Downloads/date-fruit-quality-ml/data/kaggle/grading/Gajar/Small/Grade-1/101.jpg,Gajar,Small,Grade-1,test,/Users/ayush/Downloads/date-fruit-quality-ml/data/quality/grade/test/Grade-1/Gajar__Small__101.jpg,596.5748291015625,255.04847717285156,125032.5
/Users/ayush/Downloads/date-fruit-quality-ml/data/kaggle/grading/Aseel/Medium/Grade-1/78.jpg,Aseel,Medium,Grade-1,test,/Users/ayush/Downloads/date-fruit-quality-ml/data/quality/grade/test/Grade-1/Aseel__Medium__78.jpg,478.4851989746094,286.0791015625,113631.0
/Users/ayush/Downloads/date-fruit-quality-ml/data/kaggle/grading/Gajar/Medium/Grade-2/5.jpg,Gajar,Medium,Grade-2,test,/Users/ayush/Downloads/date-fruit-quality-ml/data/quality/grade/test/Grade-2/Gajar__Medium__5.jpg,580.69140625,278.9216003417969,133501.5
/Users/ayush/Downloads/date-fruit-quality-ml/data/kaggle/grading/Fasli Toto/Small/Grade-1/80.jpg,Fasli Toto,Small,Grade-1,test,/Users/ayush/Downloads/date-fruit-quality-ml/data/quality/grade/test/Grade-1/Fasli-Toto__Small__80.jpg,341.5012512207031,278.6534729003906,74791.0
/Users/ayush/Downloads/date-fruit-quality-ml/data/kaggle/grading/Gajar/Small/Grade-2/116.jpg,Gajar,Small,Grade-2,test,/Users/ayush/Downloads/date-fruit-quality-ml/data/quality/grade/test/Grade-2/Gajar__Small__116.jpg,542.6802978515625,249.4466094970703,113974.5
/Users/ayush/Downloads/date-fruit-quality-ml/data/kaggle/grading/Gajar/Large/Grade-1/126.jpg,Gajar,Large,Grade-1,test,/Users/ayush/Downloads/date-fruit-quality-ml/data/quality/grade/test/Grade-1/Gajar__Large__126.jpg,578.254638671875,301.42877197265625,137619.0
/Users/ayush/Downloads/date-fruit-quality-ml/data/kaggle/grading/Gajar/Small/Grade-2/12.jpg,Gajar,Small,Grade-2,test,/Users/ayush/Downloads/date-fruit-quality-ml/data/quality/grade/test/Grade-2/Gajar__Small__12.jpg,574.9998779296875,272.99993896484375,131483.5
/Users/ayush/Downloads/date-fruit-quality-ml/data/kaggle/grading/Kupro/Large/Grade-3/50.jpg,Kupro,Large,Grade-3,test,/Users/ayush/Downloads/date-fruit-quality-ml/data/quality/grade/test/Grade-3/Kupro__Large__50.jpg,484.06817626953125,364.5647277832031,132976.5
/Users/ayush/Downloads/date-fruit-quality-ml/data/kaggle/grading/Aseel/Medium/Grade-1/147.jpg,Aseel,Medium,Grade-1,test,/Users/ayush/Downloads/date-fruit-quality-ml/data/quality/grade/test/Grade-1/Aseel__Medium__147.jpg,473.9421081542969,282.2308654785156,107490.0
/Users/ayush/Downloads/date-fruit-quality-ml/data/kaggle/grading/Gajar/Medium/Grade-1/109.jpg,Gajar,Medium,Grade-1,test,/Users/ayush/Downloads/date-fruit-quality-ml/data/quality/grade/test/Grade-1/Gajar__Medium__109.jpg,548.5734252929688,263.1851501464844,123939.5
/Users/ayush/Downloads/date-fruit-quality-ml/data/kaggle/grading/Gajar/Small/Grade-2/6.jpg,Gajar,Small,Grade-2,test,/Users/ayush/Downloads/date-fruit-quality-ml/data/quality/grade/test/Grade-2/Gajar__Small__6.jpg,530.8155517578125,258.0063171386719,115958.0
/Users/ayush/Downloads/date-fruit-quality-ml/data/kaggle/grading/Gajar/Small/Grade-3/160.jpg,Gajar,Small,Grade-3,test,/Users/ayush/Downloads/date-fruit-quality-ml/data/quality/grade/test/Grade-3/Gajar__Small__160.jpg,550.6171875,258.01837158203125,121947.5
/Users/ayush/Downloads/date-fruit-quality-ml/data/kaggle/grading/Fasli Toto/Large/Grade-1/125.jpg,Fasli Toto,Large,Grade-1,test,/Users/ayush/Downloads/date-fruit-quality-ml/data/quality/grade/test/Grade-1/Fasli-Toto__Large__125.jpg,502.4223937988281,318.7518310546875,126499.5
/Users/ayush/Downloads/date-fruit-quality-ml/data/kaggle/grading/Gajar/Small/Grade-2/21.jpg,Gajar,Small,Grade-2,test,/Users/ayush/Downloads/date-fruit-quality-ml/data/quality/grade/test/Grade-2/Gajar__Small__21.jpg,585.408447265625,272.5606994628906,126690.0
/Users/ayush/Downloads/date-fruit-quality-ml/data/kaggle/grading/Gajar/Large/Grade-3/34.jpg,Gajar,Large,Grade-3,test,/Users/ayush/Downloads/date-fruit-quality-ml/data/quality/grade/test/Grade-3/Gajar__Large__34.jpg,638.4925537109375,280.5800476074219,150864.0
/Users/ayush/Downloads/date-fruit-quality-ml/data/kaggle/grading/Kupro/Large/Grade-1/204.jpg,Kupro,Large,Grade-1,test,/Users/ayush/Downloads/date-fruit-quality-ml/data/quality/grade/test/Grade-1/Kupro__Large__204.jpg,475.37738037109375,353.1524658203125,133332.0
/Users/ayush/Downloads/date-fruit-quality-ml/data/kaggle/grading/Kupro/Large/Grade-2/70.jpg,Kupro,Large,Grade-2,test,/Users/ayush/Downloads/date-fruit-quality-ml/data/quality/grade/test/Grade-2/Kupro__Large__70.jpg,497.6961669921875,343.8253173828125,136004.0
/Users/ayush/Downloads/date-fruit-quality-ml/data/kaggle/grading/Gajar/Medium/Grade-1/176.jpg,Gajar,Medium,Grade-1,test,/Users/ayush/Downloads/date-fruit-quality-ml/data/quality/grade/test/Grade-1/Gajar__Medium__176.jpg,598.0238037109375,302.17236328125,140557.5
/Users/ayush/Downloads/date-fruit-quality-ml/data/kaggle/grading/Gajar/Small/Grade-1/199.jpg,Gajar,Small,Grade-1,test,/Users/ayush/Downloads/date-fruit-quality-ml/data/quality/grade/test/Grade-1/Gajar__Small__199.jpg,569.28515625,254.59417724609375,120619.0
/Users/ayush/Downloads/date-fruit-quality-ml/data/kaggle/grading/Aseel/Small/Grade-1/120.jpg,Aseel,Small,Grade-1,test,/Users/ayush/Downloads/date-fruit-quality-ml/data/quality/grade/test/Grade-1/Aseel__Small__120.jpg,417.3038635253906,249.82907104492188,83679.5
/Users/ayush/Downloads/date-fruit-quality-ml/data/kaggle/grading/Gajar/Large/Grade-3/38.jpg,Gajar,Large,Grade-3,test,/Users/ayush/Downloads/date-fruit-quality-ml/data/quality/grade/test/Grade-3/Gajar__Large__38.jpg,633.5390625,361.0270080566406,167819.0
/Users/ayush/Downloads/date-fruit-quality-ml/data/kaggle/grading/Fasli Toto/Medium/Grade-1/66.jpg,Fasli Toto,Medium,Grade-1,test,/Users/ayush/Downloads/date-fruit-quality-ml/data/quality/grade/test/Grade-1/Fasli-Toto__Medium__66.jpg,410.4907531738281,253.08311462402344,84184.5
/Users/ayush/Downloads/date-fruit-quality-ml/data/kaggle/grading/Gajar/Small/Grade-2/129.jpg,Gajar,Small,Grade-2,test,/Users/ayush/Downloads/date-fruit-quality-ml/data/quality/grade/test/Grade-2/Gajar__Small__129.jpg,588.02978515625,297.1336975097656,149161.5
/Users/ayush/Downloads/date-fruit-quality-ml/data/kaggle/grading/Kupro/Large/Grade-1/38.jpg,Kupro,Large,Grade-1,test,/Users/ayush/Downloads/date-fruit-quality-ml/data/quality/grade/test/Grade-1/Kupro__Large__38.jpg,524.9390258789062,349.8367004394531,141035.5
/Users/ayush/Downloads/date-fruit-quality-ml/data/kaggle/grading/Kupro/Large/Grade-2/127.jpg,Kupro,Large,Grade-2,test,/Users/ayush/Downloads/date-fruit-quality-ml/data/quality/grade/test/Grade-2/Kupro__Large__127.jpg,518.0894165039062,338.8902587890625,139300.5
/Users/ayush/Downloads/date-fruit-quality-ml/data/kaggle/grading/Gajar/Small/Grade-2/15.jpg,Gajar,Small,Grade-2,test,/Users/ayush/Downloads/date-fruit-quality-ml/data/quality/grade/test/Grade-2/Gajar__Small__15.jpg,556.4232177734375,270.6250305175781,126236.5
/Users/ayush/Downloads/date-fruit-quality-ml/data/kaggle/grading/Aseel/Small/Grade-1/93.jpg,Aseel,Small,Grade-1,test,/Users/ayush/Downloads/date-fruit-quality-ml/data/quality/grade/test/Grade-1/Aseel__Small__93.jpg,424.6465148925781,245.80043029785156,85649.5
/Users/ayush/Downloads/date-fruit-quality-ml/data/kaggle/grading/Kupro/Large/Grade-2/114.jpg,Kupro,Large,Grade-2,test,/Users/ayush/Downloads/date-fruit-quality-ml/data/quality/grade/test/Grade-2/Kupro__Large__114.jpg,521.6638793945312,398.2298889160156,157912.0
/Users/ayush/Downloads/date-fruit-quality-ml/data/kaggle/grading/Kupro/Large/Grade-1/83.jpg,Kupro,Large,Grade-1,test,/Users/ayush/Downloads/date-fruit-quality-ml/data/quality/grade/test/Grade-1/Kupro__Large__83.jpg,482.9906921386719,342.118408203125,129961.0
/Users/ayush/Downloads/date-fruit-quality-ml/data/kaggle/grading/Gajar/Small/Grade-3/170.jpg,Gajar,Small,Grade-3,test,/Users/ayush/Downloads/date-fruit-quality-ml/data/quality/grade/test/Grade-3/Gajar__Small__170.jpg,603.7515869140625,259.0057373046875,130155.0
/Users/ayush/Downloads/date-fruit-quality-ml/data/kaggle/grading/Fasli Toto/Small/Grade-1/13.jpg,Fasli Toto,Small,Grade-1,test,/Users/ayush/Downloads/date-fruit-quality-ml/data/quality/grade/test/Grade-1/Fasli-Toto__Small__13.jpg,395.21514892578125,266.4907531738281,82659.5
/Users/ayush/Downloads/date-fruit-quality-ml/data/kaggle/grading/Fasli Toto/Small/Grade-1/54.jpg,Fasli Toto,Small,Grade-1,test,/Users/ayush/Downloads/date-fruit-quality-ml/data/quality/grade/test/Grade-1/Fasli-Toto__Small__54.jpg,386.95587158203125,265.9775390625,82637.5
/Users/ayush/Downloads/date-fruit-quality-ml/data/kaggle/grading/Aseel/Large/Grade-1/150.jpg,Aseel,Large,Grade-1,test,/Users/ayush/Downloads/date-fruit-quality-ml/data/quality/grade/test/Grade-1/Aseel__Large__150.jpg,552.6689453125,327.3364562988281,150096.5
/Users/ayush/Downloads/date-fruit-quality-ml/data/kaggle/grading/Gajar/Medium/Grade-2/35.jpg,Gajar,Medium,Grade-2,test,/Users/ayush/Downloads/date-fruit-quality-ml/data/quality/grade/test/Grade-2/Gajar__Medium__35.jpg,572.7074584960938,277.6885681152344,134710.0
/Users/ayush/Downloads/date-fruit-quality-ml/data/kaggle/grading/Gajar/Small/Grade-3/16.jpg,Gajar,Small,Grade-3,test,/Users/ayush/Downloads/date-fruit-quality-ml/data/quality/grade/test/Grade-3/Gajar__Small__16.jpg,557.8145141601562,245.6777801513672,115066.0
/Users/ayush/Downloads/date-fruit-quality-ml/data/kaggle/grading/Gajar/Large/Grade-2/23.jpg,Gajar,Large,Grade-2,test,/Users/ayush/Downloads/date-fruit-quality-ml/data/quality/grade/test/Grade-2/Gajar__Large__23.jpg,600.1732177734375,281.27581787109375,142666.0
/Users/ayush/Downloads/date-fruit-quality-ml/data/kaggle/grading/Kupro/Large/Grade-2/228.jpg,Kupro,Large,Grade-2,test,/Users/ayush/Downloads/date-fruit-quality-ml/data/quality/grade/test/Grade-2/Kupro__Large__228.jpg,519.5533447265625,359.8816833496094,146022.5
/Users/ayush/Downloads/date-fruit-quality-ml/data/kaggle/grading/Kupro/Large/Grade-3/40.jpg,Kupro,Large,Grade-3,test,/Users/ayush/Downloads/date-fruit-quality-ml/data/quality/grade/test/Grade-3/Kupro__Large__40.jpg,476.42828369140625,350.4986572265625,136118.0
/Users/ayush/Downloads/date-fruit-quality-ml/data/kaggle/grading/Gajar/Large/Grade-1/148.jpg,Gajar,Large,Grade-1,test,/Users/ayush/Downloads/date-fruit-quality-ml/data/quality/grade/test/Grade-1/Gajar__Large__148.jpg,615.9869995117188,294.4399108886719,154309.5
/Users/ayush/Downloads/date-fruit-quality-ml/data/kaggle/grading/Gajar/Small/Grade-2/87.jpg,Gajar,Small,Grade-2,test,/Users/ayush/Downloads/date-fruit-quality-ml/data/quality/grade/test/Grade-2/Gajar__Small__87.jpg,599.557373046875,263.1378479003906,130465.0
/Users/ayush/Downloads/date-fruit-quality-ml/data/kaggle/grading/Kupro/Large/Grade-1/268.jpg,Kupro,Large,Grade-1,test,/Users/ayush/Downloads/date-fruit-quality-ml/data/quality/grade/test/Grade-1/Kupro__Large__268.jpg,503.61785888671875,334.2110900878906,135430.5
/Users/ayush/Downloads/date-fruit-quality-ml/data/kaggle/grading/Gajar/Large/Grade-3/68.jpg,Gajar,Large,Grade-3,test,/Users/ayush/Downloads/date-fruit-quality-ml/data/quality/grade/test/Grade-3/Gajar__Large__68.jpg,623.61083984375,313.7264709472656,159850.0
/Users/ayush/Downloads/date-fruit-quality-ml/data/kaggle/grading/Gajar/Large/Grade-2/22.jpg,Gajar,Large,Grade-2,test,/Users/ayush/Downloads/date-fruit-quality-ml/data/quality/grade/test/Grade-2/Gajar__Large__22.jpg,641.3090209960938,285.8162536621094,142958.0
/Users/ayush/Downloads/date-fruit-quality-ml/data/kaggle/grading/Gajar/Medium/Grade-2/55.jpg,Gajar,Medium,Grade-2,test,/Users/ayush/Downloads/date-fruit-quality-ml/data/quality/grade/test/Grade-2/Gajar__Medium__55.jpg,603.316162109375,299.2214050292969,144667.0
/Users/ayush/Downloads/date-fruit-quality-ml/data/kaggle/grading/Fasli Toto/Small/Grade-1/50.jpg,Fasli Toto,Small,Grade-1,test,/Users/ayush/Downloads/date-fruit-quality-ml/data/quality/grade/test/Grade-1/Fasli-Toto__Small__50.jpg,418.37933349609375,237.22225952148438,79085.0
/Users/ayush/Downloads/date-fruit-quality-ml/data/kaggle/grading/Gajar/Small/Grade-2/16.jpg,Gajar,Small,Grade-2,test,/Users/ayush/Downloads/date-fruit-quality-ml/data/quality/grade/test/Grade-2/Gajar__Small__16.jpg,538.886962890625,250.21409606933594,118229.5
/Users/ayush/Downloads/date-fruit-quality-ml/data/kaggle/grading/Kupro/Large/Grade-2/199.jpg,Kupro,Large,Grade-2,test,/Users/ayush/Downloads/date-fruit-quality-ml/data/quality/grade/test/Grade-2/Kupro__Large__199.jpg,476.99993896484375,330.99993896484375,119145.0
/Users/ayush/Downloads/date-fruit-quality-ml/data/kaggle/grading/Aseel/Large/Grade-1/118.jpg,Aseel,Large,Grade-1,test,/Users/ayush/Downloads/date-fruit-quality-ml/data/quality/grade/test/Grade-1/Aseel__Large__118.jpg,540.7813110351562,323.99554443359375,141770.0
/Users/ayush/Downloads/date-fruit-quality-ml/data/kaggle/grading/Fasli Toto/Medium/Grade-1/34.jpg,Fasli Toto,Medium,Grade-1,test,/Users/ayush/Downloads/date-fruit-quality-ml/data/quality/grade/test/Grade-1/Fasli-Toto__Medium__34.jpg,392.0,271.0,82685.0
/Users/ayush/Downloads/date-fruit-quality-ml/data/kaggle/grading/Aseel/Large/Grade-1/63.jpg,Aseel,Large,Grade-1,test,/Users/ayush/Downloads/date-fruit-quality-ml/data/quality/grade/test/Grade-1/Aseel__Large__63.jpg,505.68707275390625,330.67303466796875,132362.0
/Users/ayush/Downloads/date-fruit-quality-ml/data/kaggle/grading/Kupro/Large/Grade-2/294.jpg,Kupro,Large,Grade-2,test,/Users/ayush/Downloads/date-fruit-quality-ml/data/quality/grade/test/Grade-2/Kupro__Large__294.jpg,459.9125061035156,363.72601318359375,129974.0
/Users/ayush/Downloads/date-fruit-quality-ml/data/kaggle/grading/Kupro/Large/Grade-1/59.jpg,Kupro,Large,Grade-1,test,/Users/ayush/Downloads/date-fruit-quality-ml/data/quality/grade/test/Grade-1/Kupro__Large__59.jpg,500.4463806152344,341.0696716308594,137636.5
/Users/ayush/Downloads/date-fruit-quality-ml/data/kaggle/grading/Kupro/Large/Grade-1/158.jpg,Kupro,Large,Grade-1,test,/Users/ayush/Downloads/date-fruit-quality-ml/data/quality/grade/test/Grade-1/Kupro__Large__158.jpg,538.782470703125,340.4129333496094,148302.5
/Users/ayush/Downloads/date-fruit-quality-ml/data/kaggle/grading/Aseel/Small/Grade-1/121.jpg,Aseel,Small,Grade-1,test,/Users/ayush/Downloads/date-fruit-quality-ml/data/quality/grade/test/Grade-1/Aseel__Small__121.jpg,412.86187744140625,269.0581970214844,84548.0
/Users/ayush/Downloads/date-fruit-quality-ml/data/kaggle/grading/Gajar/Small/Grade-1/25.jpg,Gajar,Small,Grade-1,test,/Users/ayush/Downloads/date-fruit-quality-ml/data/quality/grade/test/Grade-1/Gajar__Small__25.jpg,570.3713989257812,276.8594970703125,126793.0
/Users/ayush/Downloads/date-fruit-quality-ml/data/kaggle/grading/Aseel/Large/Grade-1/16.jpg,Aseel,Large,Grade-1,test,/Users/ayush/Downloads/date-fruit-quality-ml/data/quality/grade/test/Grade-1/Aseel__Large__16.jpg,506.5740661621094,324.6788635253906,131836.5
/Users/ayush/Downloads/date-fruit-quality-ml/data/kaggle/grading/Gajar/Small/Grade-1/36.jpg,Gajar,Small,Grade-1,test,/Users/ayush/Downloads/date-fruit-quality-ml/data/quality/grade/test/Grade-1/Gajar__Small__36.jpg,567.5549926757812,262.38983154296875,121253.5
/Users/ayush/Downloads/date-fruit-quality-ml/data/kaggle/grading/Gajar/Small/Grade-1/45.jpg,Gajar,Small,Grade-1,test,/Users/ayush/Downloads/date-fruit-quality-ml/data/quality/grade/test/Grade-1/Gajar__Small__45.jpg,585.5427856445312,261.7751159667969,130542.0
/Users/ayush/Downloads/date-fruit-quality-ml/data/kaggle/grading/Gajar/Medium/Grade-3/71.jpg,Gajar,Medium,Grade-3,test,/Users/ayush/Downloads/date-fruit-quality-ml/data/quality/grade/test/Grade-3/Gajar__Medium__71.jpg,606.9010620117188,252.40408325195312,127397.5
/Users/ayush/Downloads/date-fruit-quality-ml/data/kaggle/grading/Gajar/Medium/Grade-1/187.jpg,Gajar,Medium,Grade-1,test,/Users/ayush/Downloads/date-fruit-quality-ml/data/quality/grade/test/Grade-1/Gajar__Medium__187.jpg,570.8028564453125,290.3334655761719,137331.0
/Users/ayush/Downloads/date-fruit-quality-ml/data/kaggle/grading/Kupro/Large/Grade-1/40.jpg,Kupro,Large,Grade-1,test,/Users/ayush/Downloads/date-fruit-quality-ml/data/quality/grade/test/Grade-1/Kupro__Large__40.jpg,491.4392395019531,357.6546325683594,137070.0
/Users/ayush/Downloads/date-fruit-quality-ml/data/kaggle/grading/Fasli Toto/Medium/Grade-1/99.jpg,Fasli Toto,Medium,Grade-1,test,/Users/ayush/Downloads/date-fruit-quality-ml/data/quality/grade/test/Grade-1/Fasli-Toto__Medium__99.jpg,433.6998596191406,288.18292236328125,102433.0
/Users/ayush/Downloads/date-fruit-quality-ml/data/kaggle/grading/Gajar/Medium/Grade-3/61.jpg,Gajar,Medium,Grade-3,test,/Users/ayush/Downloads/date-fruit-quality-ml/data/quality/grade/test/Grade-3/Gajar__Medium__61.jpg,575.8015747070312,272.3726501464844,130039.0
/Users/ayush/Downloads/date-fruit-quality-ml/data/kaggle/grading/Aseel/Small/Grade-1/96.jpg,Aseel,Small,Grade-1,test,/Users/ayush/Downloads/date-fruit-quality-ml/data/quality/grade/test/Grade-1/Aseel__Small__96.jpg,435.0,274.0,93033.5
/Users/ayush/Downloads/date-fruit-quality-ml/data/kaggle/grading/Kupro/Large/Grade-2/61.jpg,Kupro,Large,Grade-2,test,/Users/ayush/Downloads/date-fruit-quality-ml/data/quality/grade/test/Grade-2/Kupro__Large__61.jpg,486.173583984375,356.3070068359375,135952.5
/Users/ayush/Downloads/date-fruit-quality-ml/data/kaggle/grading/Aseel/Small/Grade-1/32.jpg,Aseel,Small,Grade-1,test,/Users/ayush/Downloads/date-fruit-quality-ml/data/quality/grade/test/Grade-1/Aseel__Small__32.jpg,445.6944580078125,266.7910461425781,91749.0
/Users/ayush/Downloads/date-fruit-quality-ml/data/kaggle/grading/Kupro/Large/Grade-1/81.jpg,Kupro,Large,Grade-1,test,/Users/ayush/Downloads/date-fruit-quality-ml/data/quality/grade/test/Grade-1/Kupro__Large__81.jpg,503.5669250488281,353.68133544921875,139644.0
/Users/ayush/Downloads/date-fruit-quality-ml/data/kaggle/grading/Gajar/Small/Grade-1/6.jpg,Gajar,Small,Grade-1,test,/Users/ayush/Downloads/date-fruit-quality-ml/data/quality/grade/test/Grade-1/Gajar__Small__6.jpg,577.8738403320312,271.2932434082031,131081.5
/Users/ayush/Downloads/date-fruit-quality-ml/data/kaggle/grading/Aseel/Small/Grade-1/59.jpg,Aseel,Small,Grade-1,test,/Users/ayush/Downloads/date-fruit-quality-ml/data/quality/grade/test/Grade-1/Aseel__Small__59.jpg,468.0,266.0,101319.0
/Users/ayush/Downloads/date-fruit-quality-ml/data/kaggle/grading/Kupro/Large/Grade-1/115.jpg,Kupro,Large,Grade-1,test,/Users/ayush/Downloads/date-fruit-quality-ml/data/quality/grade/test/Grade-1/Kupro__Large__115.jpg,526.0577392578125,362.4154968261719,152527.5
/Users/ayush/Downloads/date-fruit-quality-ml/data/kaggle/grading/Kupro/Large/Grade-2/309.jpg,Kupro,Large,Grade-2,test,/Users/ayush/Downloads/date-fruit-quality-ml/data/quality/grade/test/Grade-2/Kupro__Large__309.jpg,455.735107421875,363.9333190917969,134220.5
/Users/ayush/Downloads/date-fruit-quality-ml/data/kaggle/grading/Gajar/Medium/Grade-1/177.jpg,Gajar,Medium,Grade-1,test,/Users/ayush/Downloads/date-fruit-quality-ml/data/quality/grade/test/Grade-1/Gajar__Medium__177.jpg,577.8951416015625,295.2079162597656,139784.0
/Users/ayush/Downloads/date-fruit-quality-ml/data/kaggle/grading/Aseel/Small/Grade-1/116.jpg,Aseel,Small,Grade-1,test,/Users/ayush/Downloads/date-fruit-quality-ml/data/quality/grade/test/Grade-1/Aseel__Small__116.jpg,445.83770751953125,270.9920654296875,95449.5
/Users/ayush/Downloads/date-fruit-quality-ml/data/kaggle/grading/Kupro/Large/Grade-2/18.jpg,Kupro,Large,Grade-2,test,/Users/ayush/Downloads/date-fruit-quality-ml/data/quality/grade/test/Grade-2/Kupro__Large__18.jpg,487.7791748046875,369.6414489746094,142637.0
/Users/ayush/Downloads/date-fruit-quality-ml/data/kaggle/grading/Kupro/Large/Grade-2/124.jpg,Kupro,Large,Grade-2,test,/Users/ayush/Downloads/date-fruit-quality-ml/data/quality/grade/test/Grade-2/Kupro__Large__124.jpg,492.97686767578125,342.4996643066406,132053.0
/Users/ayush/Downloads/date-fruit-quality-ml/data/kaggle/grading/Kupro/Large/Grade-2/74.jpg,Kupro,Large,Grade-2,test,/Users/ayush/Downloads/date-fruit-quality-ml/data/quality/grade/test/Grade-2/Kupro__Large__74.jpg,488.8896789550781,361.8039855957031,140694.5
/Users/ayush/Downloads/date-fruit-quality-ml/data/kaggle/grading/Kupro/Large/Grade-2/296.jpg,Kupro,Large,Grade-2,test,/Users/ayush/Downloads/date-fruit-quality-ml/data/quality/grade/test/Grade-2/Kupro__Large__296.jpg,479.3366394042969,368.5437927246094,141374.5
/Users/ayush/Downloads/date-fruit-quality-ml/data/kaggle/grading/Gajar/Large/Grade-1/90.jpg,Gajar,Large,Grade-1,test,/Users/ayush/Downloads/date-fruit-quality-ml/data/quality/grade/test/Grade-1/Gajar__Large__90.jpg,612.2697143554688,271.4902038574219,138372.5
/Users/ayush/Downloads/date-fruit-quality-ml/data/kaggle/grading/Kupro/Large/Grade-2/81.jpg,Kupro,Large,Grade-2,test,/Users/ayush/Downloads/date-fruit-quality-ml/data/quality/grade/test/Grade-2/Kupro__Large__81.jpg,507.5935363769531,350.7095031738281,141963.5
/Users/ayush/Downloads/date-fruit-quality-ml/data/kaggle/grading/Kupro/Large/Grade-3/74.jpg,Kupro,Large,Grade-3,test,/Users/ayush/Downloads/date-fruit-quality-ml/data/quality/grade/test/Grade-3/Kupro__Large__74.jpg,464.83880615234375,370.0311584472656,132494.0
/Users/ayush/Downloads/date-fruit-quality-ml/data/kaggle/grading/Gajar/Large/Grade-1/99.jpg,Gajar,Large,Grade-1,test,/Users/ayush/Downloads/date-fruit-quality-ml/data/quality/grade/test/Grade-1/Gajar__Large__99.jpg,661.9231567382812,237.453369140625,138232.0
/Users/ayush/Downloads/date-fruit-quality-ml/data/kaggle/grading/Gajar/Large/Grade-1/156.jpg,Gajar,Large,Grade-1,test,/Users/ayush/Downloads/date-fruit-quality-ml/data/quality/grade/test/Grade-1/Gajar__Large__156.jpg,620.3395385742188,273.005615234375,144466.0
/Users/ayush/Downloads/date-fruit-quality-ml/data/kaggle/grading/Gajar/Large/Grade-1/59.jpg,Gajar,Large,Grade-1,test,/Users/ayush/Downloads/date-fruit-quality-ml/data/quality/grade/test/Grade-1/Gajar__Large__59.jpg,596.3169555664062,284.7403564453125,144101.0
/Users/ayush/Downloads/date-fruit-quality-ml/data/kaggle/grading/Gajar/Large/Grade-1/42.jpg,Gajar,Large,Grade-1,test,/Users/ayush/Downloads/date-fruit-quality-ml/data/quality/grade/test/Grade-1/Gajar__Large__42.jpg,616.2115478515625,281.7166748046875,144951.5
/Users/ayush/Downloads/date-fruit-quality-ml/data/kaggle/grading/Aseel/Large/Grade-1/56.jpg,Aseel,Large,Grade-1,test,/Users/ayush/Downloads/date-fruit-quality-ml/data/quality/grade/test/Grade-1/Aseel__Large__56.jpg,583.4205322265625,350.9974060058594,163209.5
/Users/ayush/Downloads/date-fruit-quality-ml/data/kaggle/grading/Gajar/Large/Grade-2/59.jpg,Gajar,Large,Grade-2,test,/Users/ayush/Downloads/date-fruit-quality-ml/data/quality/grade/test/Grade-2/Gajar__Large__59.jpg,646.2344970703125,267.66143798828125,140056.5
/Users/ayush/Downloads/date-fruit-quality-ml/data/kaggle/grading/Aseel/Small/Grade-1/61.jpg,Aseel,Small,Grade-1,test,/Users/ayush/Downloads/date-fruit-quality-ml/data/quality/grade/test/Grade-1/Aseel__Small__61.jpg,470.0,287.0,102720.0
/Users/ayush/Downloads/date-fruit-quality-ml/data/kaggle/grading/Kupro/Large/Grade-1/240.jpg,Kupro,Large,Grade-1,test,/Users/ayush/Downloads/date-fruit-quality-ml/data/quality/grade/test/Grade-1/Kupro__Large__240.jpg,505.974609375,345.89923095703125,141055.5
/Users/ayush/Downloads/date-fruit-quality-ml/data/kaggle/grading/Kupro/Large/Grade-3/39.jpg,Kupro,Large,Grade-3,test,/Users/ayush/Downloads/date-fruit-quality-ml/data/quality/grade/test/Grade-3/Kupro__Large__39.jpg,483.5704040527344,338.1757507324219,126405.0
/Users/ayush/Downloads/date-fruit-quality-ml/data/kaggle/grading/Kupro/Large/Grade-1/132.jpg,Kupro,Large,Grade-1,test,/Users/ayush/Downloads/date-fruit-quality-ml/data/quality/grade/test/Grade-1/Kupro__Large__132.jpg,496.3839416503906,354.63568115234375,140793.0
/Users/ayush/Downloads/date-fruit-quality-ml/data/kaggle/grading/Gajar/Small/Grade-1/88.jpg,Gajar,Small,Grade-1,test,/Users/ayush/Downloads/date-fruit-quality-ml/data/quality/grade/test/Grade-1/Gajar__Small__88.jpg,580.705322265625,291.27606201171875,142189.5
/Users/ayush/Downloads/date-fruit-quality-ml/data/kaggle/grading/Gajar/Large/Grade-3/45.jpg,Gajar,Large,Grade-3,test,/Users/ayush/Downloads/date-fruit-quality-ml/data/quality/grade/test/Grade-3/Gajar__Large__45.jpg,594.7445678710938,295.37237548828125,147552.0
/Users/ayush/Downloads/date-fruit-quality-ml/data/kaggle/grading/Gajar/Medium/Grade-3/45.jpg,Gajar,Medium,Grade-3,test,/Users/ayush/Downloads/date-fruit-quality-ml/data/quality/grade/test/Grade-3/Gajar__Medium__45.jpg,582.5562133789062,247.41815185546875,118068.5
/Users/ayush/Downloads/date-fruit-quality-ml/data/kaggle/grading/Gajar/Medium/Grade-3/6.jpg,Gajar,Medium,Grade-3,test,/Users/ayush/Downloads/date-fruit-quality-ml/data/quality/grade/test/Grade-3/Gajar__Medium__6.jpg,559.238037109375,265.9429931640625,125550.0
/Users/ayush/Downloads/date-fruit-quality-ml/data/kaggle/grading/Kupro/Large/Grade-2/351.jpg,Kupro,Large,Grade-2,test,/Users/ayush/Downloads/date-fruit-quality-ml/data/quality/grade/test/Grade-2/Kupro__Large__351.jpg,481.54119873046875,356.313720703125,134260.5
/Users/ayush/Downloads/date-fruit-quality-ml/data/kaggle/grading/Gajar/Small/Grade-3/20.jpg,Gajar,Small,Grade-3,test,/Users/ayush/Downloads/date-fruit-quality-ml/data/quality/grade/test/Grade-3/Gajar__Small__20.jpg,526.666259765625,253.13156127929688,112126.0
/Users/ayush/Downloads/date-fruit-quality-ml/data/kaggle/grading/Gajar/Small/Grade-3/190.jpg,Gajar,Small,Grade-3,test,/Users/ayush/Downloads/date-fruit-quality-ml/data/quality/grade/test/Grade-3/Gajar__Small__190.jpg,559.4200439453125,273.39208984375,117901.5
/Users/ayush/Downloads/date-fruit-quality-ml/data/kaggle/grading/Gajar/Small/Grade-3/168.jpg,Gajar,Small,Grade-3,test,/Users/ayush/Downloads/date-fruit-quality-ml/data/quality/grade/test/Grade-3/Gajar__Small__168.jpg,526.3695068359375,261.5455017089844,118353.5
/Users/ayush/Downloads/date-fruit-quality-ml/data/kaggle/grading/Fasli Toto/Large/Grade-1/99.jpg,Fasli Toto,Large,Grade-1,test,/Users/ayush/Downloads/date-fruit-quality-ml/data/quality/grade/test/Grade-1/Fasli-Toto__Large__99.jpg,450.4007568359375,303.89849853515625,108013.0
/Users/ayush/Downloads/date-fruit-quality-ml/data/kaggle/grading/Gajar/Small/Grade-1/80.jpg,Gajar,Small,Grade-1,test,/Users/ayush/Downloads/date-fruit-quality-ml/data/quality/grade/test/Grade-1/Gajar__Small__80.jpg,580.7518920898438,286.8760681152344,134122.5
/Users/ayush/Downloads/date-fruit-quality-ml/data/kaggle/grading/Gajar/Large/Grade-1/25.jpg,Gajar,Large,Grade-1,test,/Users/ayush/Downloads/date-fruit-quality-ml/data/quality/grade/test/Grade-1/Gajar__Large__25.jpg,649.0631713867188,261.47637939453125,140904.0
/Users/ayush/Downloads/date-fruit-quality-ml/data/kaggle/grading/Gajar/Small/Grade-1/22.jpg,Gajar,Small,Grade-1,test,/Users/ayush/Downloads/date-fruit-quality-ml/data/quality/grade/test/Grade-1/Gajar__Small__22.jpg,567.4246826171875,253.7924346923828,121243.5
/Users/ayush/Downloads/date-fruit-quality-ml/data/kaggle/grading/Gajar/Medium/Grade-3/78.jpg,Gajar,Medium,Grade-3,test,/Users/ayush/Downloads/date-fruit-quality-ml/data/quality/grade/test/Grade-3/Gajar__Medium__78.jpg,590.497802734375,250.71441650390625,117672.5
/Users/ayush/Downloads/date-fruit-quality-ml/data/kaggle/grading/Gajar/Small/Grade-1/127.jpg,Gajar,Small,Grade-1,test,/Users/ayush/Downloads/date-fruit-quality-ml/data/quality/grade/test/Grade-1/Gajar__Small__127.jpg,540.4668579101562,273.792236328125,125187.0
/Users/ayush/Downloads/date-fruit-quality-ml/data/kaggle/grading/Aseel/Medium/Grade-1/38.jpg,Aseel,Medium,Grade-1,test,/Users/ayush/Downloads/date-fruit-quality-ml/data/quality/grade/test/Grade-1/Aseel__Medium__38.jpg,513.710205078125,276.4859313964844,117898.5
/Users/ayush/Downloads/date-fruit-quality-ml/data/kaggle/grading/Gajar/Large/Grade-2/51.jpg,Gajar,Large,Grade-2,test,/Users/ayush/Downloads/date-fruit-quality-ml/data/quality/grade/test/Grade-2/Gajar__Large__51.jpg,629.8786010742188,284.6513671875,151049.0
/Users/ayush/Downloads/date-fruit-quality-ml/data/kaggle/grading/Kupro/Large/Grade-2/143.jpg,Kupro,Large,Grade-2,test,/Users/ayush/Downloads/date-fruit-quality-ml/data/quality/grade/test/Grade-2/Kupro__Large__143.jpg,499.5267639160156,384.16339111328125,149612.0
/Users/ayush/Downloads/date-fruit-quality-ml/data/kaggle/grading/Kupro/Large/Grade-1/39.jpg,Kupro,Large,Grade-1,test,/Users/ayush/Downloads/date-fruit-quality-ml/data/quality/grade/test/Grade-1/Kupro__Large__39.jpg,496.3988342285156,363.90740966796875,141553.5
/Users/ayush/Downloads/date-fruit-quality-ml/data/kaggle/grading/Kupro/Large/Grade-1/292.jpg,Kupro,Large,Grade-1,test,/Users/ayush/Downloads/date-fruit-quality-ml/data/quality/grade/test/Grade-1/Kupro__Large__292.jpg,513.0,361.0,147296.5
/Users/ayush/Downloads/date-fruit-quality-ml/data/kaggle/grading/Kupro/Large/Grade-2/22.jpg,Kupro,Large,Grade-2,test,/Users/ayush/Downloads/date-fruit-quality-ml/data/quality/grade/test/Grade-2/Kupro__Large__22.jpg,476.7050476074219,357.60491943359375,133690.5
/Users/ayush/Downloads/date-fruit-quality-ml/data/kaggle/grading/Gajar/Large/Grade-2/96.jpg,Gajar,Large,Grade-2,test,/Users/ayush/Downloads/date-fruit-quality-ml/data/quality/grade/test/Grade-2/Gajar__Large__96.jpg,623.13671875,261.6202392578125,139350.0
/Users/ayush/Downloads/date-fruit-quality-ml/data/kaggle/grading/Gajar/Medium/Grade-1/34.jpg,Gajar,Medium,Grade-1,test,/Users/ayush/Downloads/date-fruit-quality-ml/data/quality/grade/test/Grade-1/Gajar__Medium__34.jpg,541.7025146484375,270.2552185058594,122252.5
/Users/ayush/Downloads/date-fruit-quality-ml/data/kaggle/grading/Aseel/Large/Grade-1/106.jpg,Aseel,Large,Grade-1,test,/Users/ayush/Downloads/date-fruit-quality-ml/data/quality/grade/test/Grade-1/Aseel__Large__106.jpg,519.8923950195312,304.3677062988281,126193.0
/Users/ayush/Downloads/date-fruit-quality-ml/data/kaggle/grading/Aseel/Large/Grade-1/146.jpg,Aseel,Large,Grade-1,test,/Users/ayush/Downloads/date-fruit-quality-ml/data/quality/grade/test/Grade-1/Aseel__Large__146.jpg,501.88409423828125,340.1938171386719,132654.5
/Users/ayush/Downloads/date-fruit-quality-ml/data/kaggle/grading/Kupro/Large/Grade-2/95.jpg,Kupro,Large,Grade-2,test,/Users/ayush/Downloads/date-fruit-quality-ml/data/quality/grade/test/Grade-2/Kupro__Large__95.jpg,528.0,374.0,153836.5
/Users/ayush/Downloads/date-fruit-quality-ml/data/kaggle/grading/Gajar/Large/Grade-3/95.jpg,Gajar,Large,Grade-3,test,/Users/ayush/Downloads/date-fruit-quality-ml/data/quality/grade/test/Grade-3/Gajar__Large__95.jpg,648.8146362304688,303.9090270996094,160029.0
/Users/ayush/Downloads/date-fruit-quality-ml/data/kaggle/grading/Gajar/Large/Grade-2/108.jpg,Gajar,Large,Grade-2,test,/Users/ayush/Downloads/date-fruit-quality-ml/data/quality/grade/test/Grade-2/Gajar__Large__108.jpg,678.3978271484375,276.19573974609375,151299.5
/Users/ayush/Downloads/date-fruit-quality-ml/data/kaggle/grading/Gajar/Small/Grade-2/101.jpg,Gajar,Small,Grade-2,test,/Users/ayush/Downloads/date-fruit-quality-ml/data/quality/grade/test/Grade-2/Gajar__Small__101.jpg,543.6268920898438,253.34378051757812,115831.0
/Users/ayush/Downloads/date-fruit-quality-ml/data/kaggle/grading/Kupro/Large/Grade-2/232.jpg,Kupro,Large,Grade-2,test,/Users/ayush/Downloads/date-fruit-quality-ml/data/quality/grade/test/Grade-2/Kupro__Large__232.jpg,475.572021484375,345.0489501953125,131071.0
/Users/ayush/Downloads/date-fruit-quality-ml/data/kaggle/grading/Kupro/Large/Grade-2/2.jpg,Kupro,Large,Grade-2,test,/Users/ayush/Downloads/date-fruit-quality-ml/data/quality/grade/test/Grade-2/Kupro__Large__2.jpg,533.7748413085938,358.2250671386719,154042.0
/Users/ayush/Downloads/date-fruit-quality-ml/data/kaggle/grading/Gajar/Small/Grade-3/175.jpg,Gajar,Small,Grade-3,test,/Users/ayush/Downloads/date-fruit-quality-ml/data/quality/grade/test/Grade-3/Gajar__Small__175.jpg,606.2980346679688,264.77685546875,128548.5
/Users/ayush/Downloads/date-fruit-quality-ml/data/kaggle/grading/Gajar/Large/Grade-3/104.jpg,Gajar,Large,Grade-3,test,/Users/ayush/Downloads/date-fruit-quality-ml/data/quality/grade/test/Grade-3/Gajar__Large__104.jpg,638.650634765625,284.52105712890625,150584.5
/Users/ayush/Downloads/date-fruit-quality-ml/data/kaggle/grading/Kupro/Large/Grade-2/355.jpg,Kupro,Large,Grade-2,test,/Users/ayush/Downloads/date-fruit-quality-ml/data/quality/grade/test/Grade-2/Kupro__Large__355.jpg,509.0,332.0,136016.0
/Users/ayush/Downloads/date-fruit-quality-ml/data/kaggle/grading/Kupro/Large/Grade-2/333.jpg,Kupro,Large,Grade-2,test,/Users/ayush/Downloads/date-fruit-quality-ml/data/quality/grade/test/Grade-2/Kupro__Large__333.jpg,513.9140014648438,323.5291748046875,131351.5
/Users/ayush/Downloads/date-fruit-quality-ml/data/kaggle/grading/Gajar/Large/Grade-1/121.jpg,Gajar,Large,Grade-1,test,/Users/ayush/Downloads/date-fruit-quality-ml/data/quality/grade/test/Grade-1/Gajar__Large__121.jpg,680.563720703125,280.58697509765625,163655.5
/Users/ayush/Downloads/date-fruit-quality-ml/data/kaggle/grading/Aseel/Large/Grade-1/26.jpg,Aseel,Large,Grade-1,test,/Users/ayush/Downloads/date-fruit-quality-ml/data/quality/grade/test/Grade-1/Aseel__Large__26.jpg,553.1616821289062,295.6309509277344,134588.5
/Users/ayush/Downloads/date-fruit-quality-ml/data/kaggle/grading/Gajar/Small/Grade-1/133.jpg,Gajar,Small,Grade-1,test,/Users/ayush/Downloads/date-fruit-quality-ml/data/quality/grade/test/Grade-1/Gajar__Small__133.jpg,542.6802978515625,249.4466094970703,113974.5
/Users/ayush/Downloads/date-fruit-quality-ml/data/kaggle/grading/Fasli Toto/Medium/Grade-1/100.jpg,Fasli Toto,Medium,Grade-1,test,/Users/ayush/Downloads/date-fruit-quality-ml/data/quality/grade/test/Grade-1/Fasli-Toto__Medium__100.jpg,381.0681457519531,258.4989318847656,84949.0
/Users/ayush/Downloads/date-fruit-quality-ml/data/kaggle/grading/Gajar/Medium/Grade-1/80.jpg,Gajar,Medium,Grade-1,test,/Users/ayush/Downloads/date-fruit-quality-ml/data/quality/grade/test/Grade-1/Gajar__Medium__80.jpg,550.2600708007812,272.6820983886719,124012.5
/Users/ayush/Downloads/date-fruit-quality-ml/data/kaggle/grading/Fasli Toto/Large/Grade-1/130.jpg,Fasli Toto,Large,Grade-1,test,/Users/ayush/Downloads/date-fruit-quality-ml/data/quality/grade/test/Grade-1/Fasli-Toto__Large__130.jpg,491.5639953613281,287.74249267578125,110626.0
/Users/ayush/Downloads/date-fruit-quality-ml/data/kaggle/grading/Kupro/Large/Grade-1/74.jpg,Kupro,Large,Grade-1,test,/Users/ayush/Downloads/date-fruit-quality-ml/data/quality/grade/test/Grade-1/Kupro__Large__74.jpg,549.1425170898438,381.2381591796875,163169.5
/Users/ayush/Downloads/date-fruit-quality-ml/data/kaggle/grading/Gajar/Small/Grade-3/26.jpg,Gajar,Small,Grade-3,test,/Users/ayush/Downloads/date-fruit-quality-ml/data/quality/grade/test/Grade-3/Gajar__Small__26.jpg,570.3626098632812,244.33444213867188,119483.0
/Users/ayush/Downloads/date-fruit-quality-ml/data/kaggle/grading/Gajar/Small/Grade-3/72.jpg,Gajar,Small,Grade-3,test,/Users/ayush/Downloads/date-fruit-quality-ml/data/quality/grade/test/Grade-3/Gajar__Small__72.jpg,522.8455810546875,262.0111083984375,111610.5
/Users/ayush/Downloads/date-fruit-quality-ml/data/kaggle/grading/Gajar/Large/Grade-2/24.jpg,Gajar,Large,Grade-2,test,/Users/ayush/Downloads/date-fruit-quality-ml/data/quality/grade/test/Grade-2/Gajar__Large__24.jpg,642.3680419921875,285.3466796875,145932.0
/Users/ayush/Downloads/date-fruit-quality-ml/data/kaggle/grading/Gajar/Large/Grade-1/134.jpg,Gajar,Large,Grade-1,test,/Users/ayush/Downloads/date-fruit-quality-ml/data/quality/grade/test/Grade-1/Gajar__Large__134.jpg,633.7279052734375,297.0047302246094,153234.0
/Users/ayush/Downloads/date-fruit-quality-ml/data/kaggle/grading/Aseel/Large/Grade-1/68.jpg,Aseel,Large,Grade-1,test,/Users/ayush/Downloads/date-fruit-quality-ml/data/quality/grade/test/Grade-1/Aseel__Large__68.jpg,516.3909912109375,358.6064453125,141569.0
/Users/ayush/Downloads/date-fruit-quality-ml/data/kaggle/grading/Fasli Toto/Medium/Grade-1/37.jpg,Fasli Toto,Medium,Grade-1,test,/Users/ayush/Downloads/date-fruit-quality-ml/data/quality/grade/test/Grade-1/Fasli-Toto__Medium__37.jpg,388.26116943359375,270.39971923828125,81852.0
/Users/ayush/Downloads/date-fruit-quality-ml/data/kaggle/grading/Kupro/Large/Grade-1/215.jpg,Kupro,Large,Grade-1,test,/Users/ayush/Downloads/date-fruit-quality-ml/data/quality/grade/test/Grade-1/Kupro__Large__215.jpg,495.3564453125,369.93914794921875,145254.0
/Users/ayush/Downloads/date-fruit-quality-ml/data/kaggle/grading/Gajar/Small/Grade-1/103.jpg,Gajar,Small,Grade-1,test,/Users/ayush/Downloads/date-fruit-quality-ml/data/quality/grade/test/Grade-1/Gajar__Small__103.jpg,512.4181518554688,236.35299682617188,102013.0
/Users/ayush/Downloads/date-fruit-quality-ml/data/kaggle/grading/Kupro/Large/Grade-2/253.jpg,Kupro,Large,Grade-2,test,/Users/ayush/Downloads/date-fruit-quality-ml/data/quality/grade/test/Grade-2/Kupro__Large__253.jpg,491.0804138183594,333.06341552734375,129021.5
/Users/ayush/Downloads/date-fruit-quality-ml/data/kaggle/grading/Fasli Toto/Large/Grade-1/75.jpg,Fasli Toto,Large,Grade-1,test,/Users/ayush/Downloads/date-fruit-quality-ml/data/quality/grade/test/Grade-1/Fasli-Toto__Large__75.jpg,507.8017883300781,316.8324890136719,131659.0
/Users/ayush/Downloads/date-fruit-quality-ml/data/kaggle/grading/Kupro/Large/Grade-2/9.jpg,Kupro,Large,Grade-2,test,/Users/ayush/Downloads/date-fruit-quality-ml/data/quality/grade/test/Grade-2/Kupro__Large__9.jpg,488.133056640625,360.6575622558594,141331.0
/Users/ayush/Downloads/date-fruit-quality-ml/data/kaggle/grading/Gajar/Medium/Grade-1/121.jpg,Gajar,Medium,Grade-1,test,/Users/ayush/Downloads/date-fruit-quality-ml/data/quality/grade/test/Grade-1/Gajar__Medium__121.jpg,548.8355102539062,290.4976806640625,130623.5
/Users/ayush/Downloads/date-fruit-quality-ml/data/kaggle/grading/Aseel/Large/Grade-1/4.jpg,Aseel,Large,Grade-1,test,/Users/ayush/Downloads/date-fruit-quality-ml/data/quality/grade/test/Grade-1/Aseel__Large__4.jpg,564.2553100585938,349.45281982421875,155188.5
/Users/ayush/Downloads/date-fruit-quality-ml/data/kaggle/grading/Gajar/Small/Grade-1/128.jpg,Gajar,Small,Grade-1,test,/Users/ayush/Downloads/date-fruit-quality-ml/data/quality/grade/test/Grade-1/Gajar__Small__128.jpg,558.9998779296875,256.99993896484375,120662.0
/Users/ayush/Downloads/date-fruit-quality-ml/data/kaggle/grading/Gajar/Small/Grade-2/4.jpg,Gajar,Small,Grade-2,test,/Users/ayush/Downloads/date-fruit-quality-ml/data/quality/grade/test/Grade-2/Gajar__Small__4.jpg,535.5757446289062,252.46583557128906,110711.0
/Users/ayush/Downloads/date-fruit-quality-ml/data/kaggle/grading/Aseel/Medium/Grade-1/63.jpg,Aseel,Medium,Grade-1,test,/Users/ayush/Downloads/date-fruit-quality-ml/data/quality/grade/test/Grade-1/Aseel__Medium__63.jpg,499.4681091308594,297.3230285644531,118618.5
/Users/ayush/Downloads/date-fruit-quality-ml/data/kaggle/grading/Aseel/Medium/Grade-1/70.jpg,Aseel,Medium,Grade-1,test,/Users/ayush/Downloads/date-fruit-quality-ml/data/quality/grade/test/Grade-1/Aseel__Medium__70.jpg,482.9148254394531,304.03143310546875,117109.5
/Users/ayush/Downloads/date-fruit-quality-ml/data/kaggle/grading/Aseel/Small/Grade-1/147.jpg,Aseel,Small,Grade-1,test,/Users/ayush/Downloads/date-fruit-quality-ml/data/quality/grade/test/Grade-1/Aseel__Small__147.jpg,447.14788818359375,252.75181579589844,91619.0
/Users/ayush/Downloads/date-fruit-quality-ml/data/kaggle/grading/Gajar/Large/Grade-1/166.jpg,Gajar,Large,Grade-1,test,/Users/ayush/Downloads/date-fruit-quality-ml/data/quality/grade/test/Grade-1/Gajar__Large__166.jpg,620.7335205078125,280.75018310546875,144701.0
/Users/ayush/Downloads/date-fruit-quality-ml/data/kaggle/grading/Gajar/Small/Grade-1/171.jpg,Gajar,Small,Grade-1,test,/Users/ayush/Downloads/date-fruit-quality-ml/data/quality/grade/test/Grade-1/Gajar__Small__171.jpg,536.9998779296875,271.99993896484375,115384.0
/Users/ayush/Downloads/date-fruit-quality-ml/data/kaggle/grading/Fasli Toto/Large/Grade-1/13.jpg,Fasli Toto,Large,Grade-1,test,/Users/ayush/Downloads/date-fruit-quality-ml/data/quality/grade/test/Grade-1/Fasli-Toto__Large__13.jpg,454.9166564941406,297.3417053222656,103404.5
/Users/ayush/Downloads/date-fruit-quality-ml/data/kaggle/grading/Kupro/Large/Grade-2/269.jpg,Kupro,Large,Grade-2,test,/Users/ayush/Downloads/date-fruit-quality-ml/data/quality/grade/test/Grade-2/Kupro__Large__269.jpg,535.5482177734375,354.2550354003906,144058.0
/Users/ayush/Downloads/date-fruit-quality-ml/data/kaggle/grading/Gajar/Medium/Grade-1/133.jpg,Gajar,Medium,Grade-1,test,/Users/ayush/Downloads/date-fruit-quality-ml/data/quality/grade/test/Grade-1/Gajar__Medium__133.jpg,583.5081176757812,266.3681640625,127507.5
/Users/ayush/Downloads/date-fruit-quality-ml/data/kaggle/grading/Gajar/Medium/Grade-1/33.jpg,Gajar,Medium,Grade-1,test,/Users/ayush/Downloads/date-fruit-quality-ml/data/quality/grade/test/Grade-1/Gajar__Medium__33.jpg,541.1631469726562,283.21368408203125,124758.5
/Users/ayush/Downloads/date-fruit-quality-ml/data/kaggle/grading/Gajar/Medium/Grade-1/124.jpg,Gajar,Medium,Grade-1,test,/Users/ayush/Downloads/date-fruit-quality-ml/data/quality/grade/test/Grade-1/Gajar__Medium__124.jpg,590.1592407226562,249.31655883789062,121171.0
/Users/ayush/Downloads/date-fruit-quality-ml/data/kaggle/grading/Fasli Toto/Large/Grade-1/38.jpg,Fasli Toto,Large,Grade-1,test,/Users/ayush/Downloads/date-fruit-quality-ml/data/quality/grade/test/Grade-1/Fasli-Toto__Large__38.jpg,476.5590515136719,282.0540771484375,112938.0
/Users/ayush/Downloads/date-fruit-quality-ml/data/kaggle/grading/Kupro/Large/Grade-2/193.jpg,Kupro,Large,Grade-2,test,/Users/ayush/Downloads/date-fruit-quality-ml/data/quality/grade/test/Grade-2/Kupro__Large__193.jpg,477.0,362.0,134924.5
/Users/ayush/Downloads/date-fruit-quality-ml/data/kaggle/grading/Gajar/Small/Grade-1/19.jpg,Gajar,Small,Grade-1,test,/Users/ayush/Downloads/date-fruit-quality-ml/data/quality/grade/test/Grade-1/Gajar__Small__19.jpg,581.0800170898438,255.8927459716797,124794.0
/Users/ayush/Downloads/date-fruit-quality-ml/data/kaggle/grading/Kupro/Large/Grade-1/49.jpg,Kupro,Large,Grade-1,test,/Users/ayush/Downloads/date-fruit-quality-ml/data/quality/grade/test/Grade-1/Kupro__Large__49.jpg,513.1228637695312,336.2644348144531,134752.0
/Users/ayush/Downloads/date-fruit-quality-ml/data/kaggle/grading/Gajar/Medium/Grade-1/108.jpg,Gajar,Medium,Grade-1,test,/Users/ayush/Downloads/date-fruit-quality-ml/data/quality/grade/test/Grade-1/Gajar__Medium__108.jpg,548.7837524414062,263.4530944824219,124005.5
/Users/ayush/Downloads/date-fruit-quality-ml/data/kaggle/grading/Fasli Toto/Large/Grade-1/151.jpg,Fasli Toto,Large,Grade-1,test,/Users/ayush/Downloads/date-fruit-quality-ml/data/quality/grade/test/Grade-1/Fasli-Toto__Large__151.jpg,447.7566223144531,316.582763671875,112862.5
/Users/ayush/Downloads/date-fruit-quality-ml/data/kaggle/grading/Gajar/Small/Grade-3/60.jpg,Gajar,Small,Grade-3,test,/Users/ayush/Downloads/date-fruit-quality-ml/data/quality/grade/test/Grade-3/Gajar__Small__60.jpg,571.6630249023438,257.6968078613281,123240.5
/Users/ayush/Downloads/date-fruit-quality-ml/data/kaggle/grading/Kupro/Large/Grade-2/304.jpg,Kupro,Large,Grade-2,test,/Users/ayush/Downloads/date-fruit-quality-ml/data/quality/grade/test/Grade-2/Kupro__Large__304.jpg,520.7518310546875,366.65850830078125,152914.0
/Users/ayush/Downloads/date-fruit-quality-ml/data/kaggle/grading/Gajar/Small/Grade-3/129.jpg,Gajar,Small,Grade-3,test,/Users/ayush/Downloads/date-fruit-quality-ml/data/quality/grade/test/Grade-3/Gajar__Small__129.jpg,564.3206787109375,263.4744567871094,118476.0
/Users/ayush/Downloads/date-fruit-quality-ml/data/kaggle/grading/Gajar/Small/Grade-3/68.jpg,Gajar,Small,Grade-3,test,/Users/ayush/Downloads/date-fruit-quality-ml/data/quality/grade/test/Grade-3/Gajar__Small__68.jpg,558.0315551757812,260.5498046875,115443.0
/Users/ayush/Downloads/date-fruit-quality-ml/data/kaggle/grading/Aseel/Small/Grade-1/9.jpg,Aseel,Small,Grade-1,test,/Users/ayush/Downloads/date-fruit-quality-ml/data/quality/grade/test/Grade-1/Aseel__Small__9.jpg,485.2845458984375,273.37811279296875,101687.0
/Users/ayush/Downloads/date-fruit-quality-ml/data/kaggle/grading/Gajar/Small/Grade-3/102.jpg,Gajar,Small,Grade-3,test,/Users/ayush/Downloads/date-fruit-quality-ml/data/quality/grade/test/Grade-3/Gajar__Small__102.jpg,565.8036499023438,255.2897186279297,116187.5
/Users/ayush/Downloads/date-fruit-quality-ml/data/kaggle/grading/Kupro/Large/Grade-2/213.jpg,Kupro,Large,Grade-2,test,/Users/ayush/Downloads/date-fruit-quality-ml/data/quality/grade/test/Grade-2/Kupro__Large__213.jpg,480.2016296386719,331.4673156738281,124686.5
/Users/ayush/Downloads/date-fruit-quality-ml/data/kaggle/grading/Gajar/Small/Grade-3/18.jpg,Gajar,Small,Grade-3,test,/Users/ayush/Downloads/date-fruit-quality-ml/data/quality/grade/test/Grade-3/Gajar__Small__18.jpg,526.3499145507812,235.71676635742188,104915.0
/Users/ayush/Downloads/date-fruit-quality-ml/data/kaggle/grading/Aseel/Medium/Grade-1/53.jpg,Aseel,Medium,Grade-1,test,/Users/ayush/Downloads/date-fruit-quality-ml/data/quality/grade/test/Grade-1/Aseel__Medium__53.jpg,543.0166015625,267.1788635253906,115124.5
/Users/ayush/Downloads/date-fruit-quality-ml/data/kaggle/grading/Fasli Toto/Medium/Grade-1/105.jpg,Fasli Toto,Medium,Grade-1,test,/Users/ayush/Downloads/date-fruit-quality-ml/data/quality/grade/test/Grade-1/Fasli-Toto__Medium__105.jpg,415.20037841796875,275.70477294921875,94749.0
/Users/ayush/Downloads/date-fruit-quality-ml/data/kaggle/grading/Gajar/Small/Grade-1/24.jpg,Gajar,Small,Grade-1,test,/Users/ayush/Downloads/date-fruit-quality-ml/data/quality/grade/test/Grade-1/Gajar__Small__24.jpg,563.6222534179688,261.9291076660156,124811.0
/Users/ayush/Downloads/date-fruit-quality-ml/data/kaggle/grading/Aseel/Large/Grade-1/24.jpg,Aseel,Large,Grade-1,test,/Users/ayush/Downloads/date-fruit-quality-ml/data/quality/grade/test/Grade-1/Aseel__Large__24.jpg,558.1990966796875,312.4324035644531,141756.5
/Users/ayush/Downloads/date-fruit-quality-ml/data/kaggle/grading/Kupro/Large/Grade-1/16.jpg,Kupro,Large,Grade-1,test,/Users/ayush/Downloads/date-fruit-quality-ml/data/quality/grade/test/Grade-1/Kupro__Large__16.jpg,502.3320007324219,354.568603515625,139887.0
/Users/ayush/Downloads/date-fruit-quality-ml/data/kaggle/grading/Fasli Toto/Medium/Grade-1/52.jpg,Fasli Toto,Medium,Grade-1,test,/Users/ayush/Downloads/date-fruit-quality-ml/data/quality/grade/test/Grade-1/Fasli-Toto__Medium__52.jpg,412.3191833496094,294.9309997558594,93372.5
/Users/ayush/Downloads/date-fruit-quality-ml/data/kaggle/grading/Gajar/Large/Grade-2/32.jpg,Gajar,Large,Grade-2,test,/Users/ayush/Downloads/date-fruit-quality-ml/data/quality/grade/test/Grade-2/Gajar__Large__32.jpg,645.7140502929688,266.7589111328125,143298.5
/Users/ayush/Downloads/date-fruit-quality-ml/data/kaggle/grading/Fasli Toto/Medium/Grade-1/41.jpg,Fasli Toto,Medium,Grade-1,test,/Users/ayush/Downloads/date-fruit-quality-ml/data/quality/grade/test/Grade-1/Fasli-Toto__Medium__41.jpg,423.2088623046875,261.14459228515625,86901.0
/Users/ayush/Downloads/date-fruit-quality-ml/data/kaggle/grading/Gajar/Medium/Grade-2/4.jpg,Gajar,Medium,Grade-2,test,/Users/ayush/Downloads/date-fruit-quality-ml/data/quality/grade/test/Grade-2/Gajar__Medium__4.jpg,590.7752075195312,287.615478515625,133635.0
/Users/ayush/Downloads/date-fruit-quality-ml/data/kaggle/grading/Fasli Toto/Small/Grade-1/26.jpg,Fasli Toto,Small,Grade-1,test,/Users/ayush/Downloads/date-fruit-quality-ml/data/quality/grade/test/Grade-1/Fasli-Toto__Small__26.jpg,381.5650634765625,240.09579467773438,75587.5
/Users/ayush/Downloads/date-fruit-quality-ml/data/kaggle/grading/Gajar/Small/Grade-2/66.jpg,Gajar,Small,Grade-2,test,/Users/ayush/Downloads/date-fruit-quality-ml/data/quality/grade/test/Grade-2/Gajar__Small__66.jpg,546.7731323242188,297.1947021484375,134620.5
/Users/ayush/Downloads/date-fruit-quality-ml/data/kaggle/grading/Aseel/Medium/Grade-1/57.jpg,Aseel,Medium,Grade-1,test,/Users/ayush/Downloads/date-fruit-quality-ml/data/quality/grade/test/Grade-1/Aseel__Medium__57.jpg,485.9153747558594,302.87176513671875,117921.5
/Users/ayush/Downloads/date-fruit-quality-ml/data/kaggle/grading/Aseel/Medium/Grade-1/7.jpg,Aseel,Medium,Grade-1,test,/Users/ayush/Downloads/date-fruit-quality-ml/data/quality/grade/test/Grade-1/Aseel__Medium__7.jpg,493.4881286621094,262.1858825683594,110106.0
/Users/ayush/Downloads/date-fruit-quality-ml/data/kaggle/grading/Aseel/Medium/Grade-1/115.jpg,Aseel,Medium,Grade-1,test,/Users/ayush/Downloads/date-fruit-quality-ml/data/quality/grade/test/Grade-1/Aseel__Medium__115.jpg,447.6429138183594,291.74609375,101906.5
/Users/ayush/Downloads/date-fruit-quality-ml/data/kaggle/grading/Fasli Toto/Medium/Grade-1/43.jpg,Fasli Toto,Medium,Grade-1,test,/Users/ayush/Downloads/date-fruit-quality-ml/data/quality/grade/test/Grade-1/Fasli-Toto__Medium__43.jpg,394.39044189453125,270.7380065917969,86937.5
/Users/ayush/Downloads/date-fruit-quality-ml/data/kaggle/grading/Aseel/Small/Grade-1/47.jpg,Aseel,Small,Grade-1,test,/Users/ayush/Downloads/date-fruit-quality-ml/data/quality/grade/test/Grade-1/Aseel__Small__47.jpg,456.6348876953125,273.56439208984375,99108.0
/Users/ayush/Downloads/date-fruit-quality-ml/data/kaggle/grading/Gajar/Medium/Grade-1/148.jpg,Gajar,Medium,Grade-1,test,/Users/ayush/Downloads/date-fruit-quality-ml/data/quality/grade/test/Grade-1/Gajar__Medium__148.jpg,570.2099609375,271.8619079589844,124199.5
/Users/ayush/Downloads/date-fruit-quality-ml/data/kaggle/grading/Fasli Toto/Small/Grade-1/2.jpg,Fasli Toto,Small,Grade-1,test,/Users/ayush/Downloads/date-fruit-quality-ml/data/quality/grade/test/Grade-1/Fasli-Toto__Small__2.jpg,373.0,275.0,82729.0
/Users/ayush/Downloads/date-fruit-quality-ml/data/kaggle/grading/Aseel/Large/Grade-1/23.jpg,Aseel,Large,Grade-1,test,/Users/ayush/Downloads/date-fruit-quality-ml/data/quality/grade/test/Grade-1/Aseel__Large__23.jpg,508.67926025390625,301.8197021484375,128543.5
/Users/ayush/Downloads/date-fruit-quality-ml/data/kaggle/grading/Kupro/Large/Grade-2/138.jpg,Kupro,Large,Grade-2,test,/Users/ayush/Downloads/date-fruit-quality-ml/data/quality/grade/test/Grade-2/Kupro__Large__138.jpg,467.72210693359375,315.37908935546875,115487.5
/Users/ayush/Downloads/date-fruit-quality-ml/data/kaggle/grading/Kupro/Large/Grade-2/30.jpg,Kupro,Large,Grade-2,test,/Users/ayush/Downloads/date-fruit-quality-ml/data/quality/grade/test/Grade-2/Kupro__Large__30.jpg,501.177490234375,345.7432861328125,137905.0
/Users/ayush/Downloads/date-fruit-quality-ml/data/kaggle/grading/Aseel/Small/Grade-1/157.jpg,Aseel,Small,Grade-1,test,/Users/ayush/Downloads/date-fruit-quality-ml/data/quality/grade/test/Grade-1/Aseel__Small__157.jpg,450.1138916015625,255.27828979492188,90596.5
/Users/ayush/Downloads/date-fruit-quality-ml/data/kaggle/grading/Gajar/Large/Grade-1/88.jpg,Gajar,Large,Grade-1,test,/Users/ayush/Downloads/date-fruit-quality-ml/data/quality/grade/test/Grade-1/Gajar__Large__88.jpg,615.2904663085938,273.6868591308594,138960.0
/Users/ayush/Downloads/date-fruit-quality-ml/data/kaggle/grading/Gajar/Medium/Grade-1/85.jpg,Gajar,Medium,Grade-1,test,/Users/ayush/Downloads/date-fruit-quality-ml/data/quality/grade/test/Grade-1/Gajar__Medium__85.jpg,526.9315185546875,264.2418212890625,112534.0
/Users/ayush/Downloads/date-fruit-quality-ml/data/kaggle/grading/Kupro/Large/Grade-1/87.jpg,Kupro,Large,Grade-1,test,/Users/ayush/Downloads/date-fruit-quality-ml/data/quality/grade/test/Grade-1/Kupro__Large__87.jpg,481.0,341.0,128223.0
/Users/ayush/Downloads/date-fruit-quality-ml/data/kaggle/grading/Kupro/Large/Grade-1/159.jpg,Kupro,Large,Grade-1,test,/Users/ayush/Downloads/date-fruit-quality-ml/data/quality/grade/test/Grade-1/Kupro__Large__159.jpg,539.0,347.0,150738.5
/Users/ayush/Downloads/date-fruit-quality-ml/data/kaggle/grading/Gajar/Medium/Grade-3/42.jpg,Gajar,Medium,Grade-3,test,/Users/ayush/Downloads/date-fruit-quality-ml/data/quality/grade/test/Grade-3/Gajar__Medium__42.jpg,560.0,275.0,124628.0
/Users/ayush/Downloads/date-fruit-quality-ml/data/kaggle/grading/Kupro/Large/Grade-2/78.jpg,Kupro,Large,Grade-2,test,/Users/ayush/Downloads/date-fruit-quality-ml/data/quality/grade/test/Grade-2/Kupro__Large__78.jpg,518.2655029296875,335.81146240234375,137272.5
/Users/ayush/Downloads/date-fruit-quality-ml/data/kaggle/grading/Gajar/Large/Grade-1/97.jpg,Gajar,Large,Grade-1,test,/Users/ayush/Downloads/date-fruit-quality-ml/data/quality/grade/test/Grade-1/Gajar__Large__97.jpg,628.763916015625,288.6602478027344,152372.0
/Users/ayush/Downloads/date-fruit-quality-ml/data/kaggle/grading/Gajar/Medium/Grade-3/8.jpg,Gajar,Medium,Grade-3,test,/Users/ayush/Downloads/date-fruit-quality-ml/data/quality/grade/test/Grade-3/Gajar__Medium__8.jpg,533.0167846679688,237.5393524169922,108499.5
/Users/ayush/Downloads/date-fruit-quality-ml/data/kaggle/grading/Aseel/Medium/Grade-1/60.jpg,Aseel,Medium,Grade-1,test,/Users/ayush/Downloads/date-fruit-quality-ml/data/quality/grade/test/Grade-1/Aseel__Medium__60.jpg,488.692626953125,307.2044982910156,119980.5
/Users/ayush/Downloads/date-fruit-quality-ml/data/kaggle/grading/Gajar/Small/Grade-1/166.jpg,Gajar,Small,Grade-1,test,/Users/ayush/Downloads/date-fruit-quality-ml/data/quality/grade/test/Grade-1/Gajar__Small__166.jpg,545.7218627929688,289.95635986328125,130466.0
/Users/ayush/Downloads/date-fruit-quality-ml/data/kaggle/grading/Gajar/Small/Grade-2/134.jpg,Gajar,Small,Grade-2,test,/Users/ayush/Downloads/date-fruit-quality-ml/data/quality/grade/test/Grade-2/Gajar__Small__134.jpg,572.3646240234375,265.5760803222656,123032.0
/Users/ayush/Downloads/date-fruit-quality-ml/data/kaggle/grading/Gajar/Small/Grade-3/38.jpg,Gajar,Small,Grade-3,test,/Users/ayush/Downloads/date-fruit-quality-ml/data/quality/grade/test/Grade-3/Gajar__Small__38.jpg,546.1710205078125,269.8576965332031,123369.5
/Users/ayush/Downloads/date-fruit-quality-ml/data/kaggle/grading/Aseel/Small/Grade-1/137.jpg,Aseel,Small,Grade-1,test,/Users/ayush/Downloads/date-fruit-quality-ml/data/quality/grade/test/Grade-1/Aseel__Small__137.jpg,449.8929443359375,276.267578125,96550.5
/Users/ayush/Downloads/date-fruit-quality-ml/data/kaggle/grading/Kupro/Large/Grade-2/49.jpg,Kupro,Large,Grade-2,test,/Users/ayush/Downloads/date-fruit-quality-ml/data/quality/grade/test/Grade-2/Kupro__Large__49.jpg,483.4522399902344,343.705810546875,131920.0
/Users/ayush/Downloads/date-fruit-quality-ml/data/kaggle/grading/Gajar/Medium/Grade-3/63.jpg,Gajar,Medium,Grade-3,test,/Users/ayush/Downloads/date-fruit-quality-ml/data/quality/grade/test/Grade-3/Gajar__Medium__63.jpg,542.1279907226562,276.76776123046875,123892.5
/Users/ayush/Downloads/date-fruit-quality-ml/data/kaggle/grading/Gajar/Large/Grade-1/63.jpg,Gajar,Large,Grade-1,test,/Users/ayush/Downloads/date-fruit-quality-ml/data/quality/grade/test/Grade-1/Gajar__Large__63.jpg,644.259521484375,303.7577209472656,167985.0
/Users/ayush/Downloads/date-fruit-quality-ml/data/kaggle/grading/Fasli Toto/Medium/Grade-1/135.jpg,Fasli Toto,Medium,Grade-1,test,/Users/ayush/Downloads/date-fruit-quality-ml/data/quality/grade/test/Grade-1/Fasli-Toto__Medium__135.jpg,424.02734375,278.3223876953125,95866.0
/Users/ayush/Downloads/date-fruit-quality-ml/data/kaggle/grading/Aseel/Small/Grade-1/11.jpg,Aseel,Small,Grade-1,test,/Users/ayush/Downloads/date-fruit-quality-ml/data/quality/grade/test/Grade-1/Aseel__Small__11.jpg,451.7317810058594,280.1226806640625,102595.0
/Users/ayush/Downloads/date-fruit-quality-ml/data/kaggle/grading/Fasli Toto/Medium/Grade-1/95.jpg,Fasli Toto,Medium,Grade-1,test,/Users/ayush/Downloads/date-fruit-quality-ml/data/quality/grade/test/Grade-1/Fasli-Toto__Medium__95.jpg,412.6247863769531,277.9289245605469,93920.0
/Users/ayush/Downloads/date-fruit-quality-ml/data/kaggle/grading/Kupro/Large/Grade-3/59.jpg,Kupro,Large,Grade-3,test,/Users/ayush/Downloads/date-fruit-quality-ml/data/quality/grade/test/Grade-3/Kupro__Large__59.jpg,505.3536376953125,340.82659912109375,136138.5
/Users/ayush/Downloads/date-fruit-quality-ml/data/kaggle/grading/Gajar/Medium/Grade-2/14.jpg,Gajar,Medium,Grade-2,test,/Users/ayush/Downloads/date-fruit-quality-ml/data/quality/grade/test/Grade-2/Gajar__Medium__14.jpg,592.258544921875,293.0840148925781,140162.0
/Users/ayush/Downloads/date-fruit-quality-ml/data/kaggle/grading/Gajar/Medium/Grade-2/56.jpg,Gajar,Medium,Grade-2,test,/Users/ayush/Downloads/date-fruit-quality-ml/data/quality/grade/test/Grade-2/Gajar__Medium__56.jpg,592.201904296875,315.3105773925781,149938.0
/Users/ayush/Downloads/date-fruit-quality-ml/data/kaggle/grading/Gajar/Small/Grade-2/99.jpg,Gajar,Small,Grade-2,test,/Users/ayush/Downloads/date-fruit-quality-ml/data/quality/grade/test/Grade-2/Gajar__Small__99.jpg,533.3419189453125,255.97805786132812,113931.0
/Users/ayush/Downloads/date-fruit-quality-ml/data/kaggle/grading/Gajar/Large/Grade-3/8.jpg,Gajar,Large,Grade-3,test,/Users/ayush/Downloads/date-fruit-quality-ml/data/quality/grade/test/Grade-3/Gajar__Large__8.jpg,641.8199462890625,269.43719482421875,148040.0
/Users/ayush/Downloads/date-fruit-quality-ml/data/kaggle/grading/Fasli Toto/Medium/Grade-1/120.jpg,Fasli Toto,Medium,Grade-1,test,/Users/ayush/Downloads/date-fruit-quality-ml/data/quality/grade/test/Grade-1/Fasli-Toto__Medium__120.jpg,441.87420654296875,256.0618896484375,95405.0
/Users/ayush/Downloads/date-fruit-quality-ml/data/kaggle/grading/Gajar/Large/Grade-2/18.jpg,Gajar,Large,Grade-2,test,/Users/ayush/Downloads/date-fruit-quality-ml/data/quality/grade/test/Grade-2/Gajar__Large__18.jpg,677.9113159179688,295.42083740234375,164140.5
/Users/ayush/Downloads/date-fruit-quality-ml/data/kaggle/grading/Aseel/Large/Grade-1/142.jpg,Aseel,Large,Grade-1,test,/Users/ayush/Downloads/date-fruit-quality-ml/data/quality/grade/test/Grade-1/Aseel__Large__142.jpg,494.3289794921875,325.0118408203125,127142.5
/Users/ayush/Downloads/date-fruit-quality-ml/data/kaggle/grading/Gajar/Small/Grade-2/94.jpg,Gajar,Small,Grade-2,test,/Users/ayush/Downloads/date-fruit-quality-ml/data/quality/grade/test/Grade-2/Gajar__Small__94.jpg,599.336181640625,248.0352783203125,121561.0
/Users/ayush/Downloads/date-fruit-quality-ml/data/kaggle/grading/Gajar/Small/Grade-1/120.jpg,Gajar,Small,Grade-1,test,/Users/ayush/Downloads/date-fruit-quality-ml/data/quality/grade/test/Grade-1/Gajar__Small__120.jpg,547.5179443359375,259.1580505371094,120268.5
/Users/ayush/Downloads/date-fruit-quality-ml/data/kaggle/grading/Gajar/Large/Grade-1/108.jpg,Gajar,Large,Grade-1,test,/Users/ayush/Downloads/date-fruit-quality-ml/data/quality/grade/test/Grade-1/Gajar__Large__108.jpg,599.1124877929688,295.9233703613281,147583.5
/Users/ayush/Downloads/date-fruit-quality-ml/data/kaggle/grading/Aseel/Medium/Grade-1/71.jpg,Aseel,Medium,Grade-1,test,/Users/ayush/Downloads/date-fruit-quality-ml/data/quality/grade/test/Grade-1/Aseel__Medium__71.jpg,483.36322021484375,279.8152160644531,108266.0
/Users/ayush/Downloads/date-fruit-quality-ml/data/kaggle/grading/Gajar/Small/Grade-2/114.jpg,Gajar,Small,Grade-2,test,/Users/ayush/Downloads/date-fruit-quality-ml/data/quality/grade/test/Grade-2/Gajar__Small__114.jpg,565.0,246.0,116735.0
/Users/ayush/Downloads/date-fruit-quality-ml/data/kaggle/grading/Kupro/Large/Grade-1/287.jpg,Kupro,Large,Grade-1,test,/Users/ayush/Downloads/date-fruit-quality-ml/data/quality/grade/test/Grade-1/Kupro__Large__287.jpg,486.11767578125,361.4710693359375,139267.0
/Users/ayush/Downloads/date-fruit-quality-ml/data/kaggle/grading/Gajar/Small/Grade-2/69.jpg,Gajar,Small,Grade-2,test,/Users/ayush/Downloads/date-fruit-quality-ml/data/quality/grade/test/Grade-2/Gajar__Small__69.jpg,597.19775390625,249.34971618652344,120888.0
/Users/ayush/Downloads/date-fruit-quality-ml/data/kaggle/grading/Gajar/Large/Grade-3/49.jpg,Gajar,Large,Grade-3,test,/Users/ayush/Downloads/date-fruit-quality-ml/data/quality/grade/test/Grade-3/Gajar__Large__49.jpg,653.8021850585938,282.0595397949219,154612.0
/Users/ayush/Downloads/date-fruit-quality-ml/data/kaggle/grading/Gajar/Small/Grade-3/185.jpg,Gajar,Small,Grade-3,test,/Users/ayush/Downloads/date-fruit-quality-ml/data/quality/grade/test/Grade-3/Gajar__Small__185.jpg,538.9244384765625,232.51148986816406,107623.0
/Users/ayush/Downloads/date-fruit-quality-ml/data/kaggle/grading/Gajar/Large/Grade-3/76.jpg,Gajar,Large,Grade-3,test,/Users/ayush/Downloads/date-fruit-quality-ml/data/quality/grade/test/Grade-3/Gajar__Large__76.jpg,636.5787963867188,309.4105224609375,152332.0
/Users/ayush/Downloads/date-fruit-quality-ml/data/kaggle/grading/Kupro/Large/Grade-1/157.jpg,Kupro,Large,Grade-1,test,/Users/ayush/Downloads/date-fruit-quality-ml/data/quality/grade/test/Grade-1/Kupro__Large__157.jpg,456.1513977050781,334.1015625,118491.5
/Users/ayush/Downloads/date-fruit-quality-ml/data/kaggle/grading/Gajar/Small/Grade-3/92.jpg,Gajar,Small,Grade-3,test,/Users/ayush/Downloads/date-fruit-quality-ml/data/quality/grade/test/Grade-3/Gajar__Small__92.jpg,537.3148193359375,275.22845458984375,124350.5
/Users/ayush/Downloads/date-fruit-quality-ml/data/kaggle/grading/Fasli Toto/Small/Grade-1/1.jpg,Fasli Toto,Small,Grade-1,test,/Users/ayush/Downloads/date-fruit-quality-ml/data/quality/grade/test/Grade-1/Fasli-Toto__Small__1.jpg,399.0,262.0,81828.0
/Users/ayush/Downloads/date-fruit-quality-ml/data/kaggle/grading/Aseel/Small/Grade-1/6.jpg,Aseel,Small,Grade-1,test,/Users/ayush/Downloads/date-fruit-quality-ml/data/quality/grade/test/Grade-1/Aseel__Small__6.jpg,457.3919372558594,263.7203063964844,100469.5
/Users/ayush/Downloads/date-fruit-quality-ml/data/kaggle/grading/Aseel/Medium/Grade-1/67.jpg,Aseel,Medium,Grade-1,test,/Users/ayush/Downloads/date-fruit-quality-ml/data/quality/grade/test/Grade-1/Aseel__Medium__67.jpg,479.0,287.0,108747.0
/Users/ayush/Downloads/date-fruit-quality-ml/data/kaggle/grading/Fasli Toto/Small/Grade-1/53.jpg,Fasli Toto,Small,Grade-1,test,/Users/ayush/Downloads/date-fruit-quality-ml/data/quality/grade/test/Grade-1/Fasli-Toto__Small__53.jpg,381.2886962890625,267.85870361328125,80284.0
/Users/ayush/Downloads/date-fruit-quality-ml/data/kaggle/grading/Gajar/Large/Grade-3/9.jpg,Gajar,Large,Grade-3,test,/Users/ayush/Downloads/date-fruit-quality-ml/data/quality/grade/test/Grade-3/Gajar__Large__9.jpg,620.3106079101562,302.91314697265625,148955.0
/Users/ayush/Downloads/date-fruit-quality-ml/data/kaggle/grading/Kupro/Large/Grade-2/133.jpg,Kupro,Large,Grade-2,test,/Users/ayush/Downloads/date-fruit-quality-ml/data/quality/grade/test/Grade-2/Kupro__Large__133.jpg,494.0,357.0,138498.0
/Users/ayush/Downloads/date-fruit-quality-ml/data/kaggle/grading/Kupro/Large/Grade-2/73.jpg,Kupro,Large,Grade-2,test,/Users/ayush/Downloads/date-fruit-quality-ml/data/quality/grade/test/Grade-2/Kupro__Large__73.jpg,480.8326110839844,367.6955261230469,137985.0
/Users/ayush/Downloads/date-fruit-quality-ml/data/kaggle/grading/Gajar/Large/Grade-2/31.jpg,Gajar,Large,Grade-2,test,/Users/ayush/Downloads/date-fruit-quality-ml/data/quality/grade/test/Grade-2/Gajar__Large__31.jpg,577.6152954101562,284.7147216796875,129965.5
/Users/ayush/Downloads/date-fruit-quality-ml/data/kaggle/grading/Kupro/Large/Grade-2/34.jpg,Kupro,Large,Grade-2,test,/Users/ayush/Downloads/date-fruit-quality-ml/data/quality/grade/test/Grade-2/Kupro__Large__34.jpg,483.84014892578125,340.6411437988281,130657.5
/Users/ayush/Downloads/date-fruit-quality-ml/data/kaggle/grading/Gajar/Small/Grade-3/145.jpg,Gajar,Small,Grade-3,test,/Users/ayush/Downloads/date-fruit-quality-ml/data/quality/grade/test/Grade-3/Gajar__Small__145.jpg,572.08251953125,245.95916748046875,111757.0
