path,stage,variety,split,source,out
/Users/ayush/Downloads/date-fruit-quality-ml/data/maturity/crops/Immature/bouisthami__BOUSTH_Stage1_Im45__3.jpg,Immature,bouisthami,train,morocco-bouisthami,/Users/ayush/Downloads/date-fruit-quality-ml/data/quality/maturity/train/Immature/morocco-bouisthami__bouisthami__BOUSTH_Stage1_Im45__3.jpg
/Users/ayush/Downloads/date-fruit-quality-ml/data/maturity/crops/Immature/boufagous__20220819_115245__0.jpg,Immature,boufagous,train,morocco-boufagous,/Users/ayush/Downloads/date-fruit-quality-ml/data/quality/maturity/train/Immature/morocco-boufagous__boufagous__20220819_115245__0.jpg
/Users/ayush/Downloads/date-fruit-quality-ml/data/maturity/crops/Tamar/boufagous__20220929_163040__0.jpg,Tamar,boufagous,train,morocco-boufagous,/Users/ayush/Downloads/date-fruit-quality-ml/data/quality/maturity/train/Tamar/morocco-boufagous__boufagous__20220929_163040__0.jpg
/Users/ayush/Downloads/date-fruit-quality-ml/data/maturity/crops/Tamar/bouisthami__WhatsApp Image 2022-10-10 at 11.48.59 (2)__1.jpg,Tamar,bouisthami,train,morocco-bouisthami,/Users/ayush/Downloads/date-fruit-quality-ml/data/quality/maturity/train/Tamar/morocco-bouisthami__bouisthami__WhatsApp Image 2022-10-10 at 11.48.59 (2)__1.jpg
/Users/ayush/Downloads/date-fruit-quality-ml/data/maturity/crops/Immature/boufagous__20220819_114234__0.jpg,Immature,boufagous,train,morocco-boufagous,/Users/ayush/Downloads/date-fruit-quality-ml/data/quality/maturity/train/Immature/morocco-boufagous__boufagous__20220819_114234__0.jpg
/Users/ayush/Downloads/date-fruit-quality-ml/data/maturity/crops/Tamar/bouisthami__WhatsApp Image 2022-10-10 at 11.46.48__0.jpg,Tamar,bouisthami,train,morocco-bouisthami,/Users/ayush/Downloads/date-fruit-quality-ml/data/quality/maturity/train/Tamar/morocco-bouisthami__bouisthami__WhatsApp Image 2022-10-10 at 11.46.48__0.jpg
/Users/ayush/Downloads/date-fruit-quality-ml/data/maturity/crops/Khalal/boufagous__20220901_182511__0.jpg,Khalal,boufagous,train,morocco-boufagous,/Users/ayush/Downloads/date-fruit-quality-ml/data/quality/maturity/train/Khalal/morocco-boufagous__boufagous__20220901_182511__0.jpg
/Users/ayush/Downloads/date-fruit-quality-ml/data/maturity/crops/Rutab/boumajhoul__20220919_190006__0.jpg,Rutab,boumajhoul,train,morocco-boumajhoul,/Users/ayush/Downloads/date-fruit-quality-ml/data/quality/maturity/train/Rutab/morocco-boumajhoul__boumajhoul__20220919_190006__0.jpg
/Users/ayush/Downloads/date-fruit-quality-ml/data/maturity/crops/Khalal/boumajhoul__20220901_130813__0.jpg,Khalal,boumajhoul,train,morocco-boumajhoul,/Users/ayush/Downloads/date-fruit-quality-ml/data/quality/maturity/train/Khalal/morocco-boumajhoul__boumajhoul__20220901_130813__0.jpg
/Users/ayush/Downloads/date-fruit-quality-ml/data/maturity/crops/Tamar/bouisthami__WhatsApp Image 2022-10-10 at 11.46.48__2.jpg,Tamar,bouisthami,train,morocco-bouisthami,/Users/ayush/Downloads/date-fruit-quality-ml/data/quality/maturity/train/Tamar/morocco-bouisthami__bouisthami__WhatsApp Image 2022-10-10 at 11.46.48__2.jpg
/Users/ayush/Downloads/date-fruit-quality-ml/data/maturity/crops/Khalal/bouisthami__DSC_2549__0.jpg,Khalal,bouisthami,train,morocco-bouisthami,/Users/ayush/Downloads/date-fruit-quality-ml/data/quality/maturity/train/Khalal/morocco-bouisthami__bouisthami__DSC_2549__0.jpg
/Users/ayush/Downloads/date-fruit-quality-ml/data/maturity/crops/Rutab/bouisthami__DSC_2993__1.jpg,Rutab,bouisthami,train,morocco-bouisthami,/Users/ayush/Downloads/date-fruit-quality-ml/data/quality/maturity/train/Rutab/morocco-bouisthami__bouisthami__DSC_2993__1.jpg
/Users/ayush/Downloads/date-fruit-quality-ml/data/maturity/crops/Rutab/boufagous__20220922_183932(0)__0.jpg,Rutab,boufagous,train,morocco-boufagous,/Users/ayush/Downloads/date-fruit-quality-ml/data/quality/maturity/train/Rutab/morocco-boufagous__boufagous__20220922_183932(0)__0.jpg
/Users/ayush/Downloads/date-fruit-quality-ml/data/maturity/crops/Rutab/boufagous__20220922_131857__0.jpg,Rutab,boufagous,train,morocco-boufagous,/Users/ayush/Downloads/date-fruit-quality-ml/data/quality/maturity/train/Rutab/morocco-boufagous__boufagous__20220922_131857__0.jpg
/Users/ayush/Downloads/date-fruit-quality-ml/data/maturity/crops/Rutab/bouisthami__DSC_2989__1.jpg,Rutab,bouisthami,train,morocco-bouisthami,/Users/ayush/Downloads/date-fruit-quality-ml/data/quality/maturity/train/Rutab/morocco-bouisthami__bouisthami__DSC_2989__1.jpg
/Users/ayush/Downloads/date-fruit-quality-ml/data/maturity/crops/Rutab/bouisthami__DSC_3005__0.jpg,Rutab,bouisthami,train,morocco-bouisthami,/Users/ayush/Downloads/date-fruit-quality-ml/data/quality/maturity/train/Rutab/morocco-bouisthami__bouisthami__DSC_3005__0.jpg
/Users/ayush/Downloads/date-fruit-quality-ml/data/maturity/crops/Rutab/bouisthami__DSC_2973__4.jpg,Rutab,bouisthami,train,morocco-bouisthami,/Users/ayush/Downloads/date-fruit-quality-ml/data/quality/maturity/train/Rutab/morocco-bouisthami__bouisthami__DSC_2973__4.jpg
/Users/ayush/Downloads/date-fruit-quality-ml/data/maturity/crops/Rutab/bouisthami__DSC_3016__0.jpg,Rutab,bouisthami,train,morocco-bouisthami,/Users/ayush/Downloads/date-fruit-quality-ml/data/quality/maturity/train/Rutab/morocco-bouisthami__bouisthami__DSC_3016__0.jpg
/Users/ayush/Downloads/date-fruit-quality-ml/data/maturity/crops/Rutab/bouisthami__DSC_2982__1.jpg,Rutab,bouisthami,train,morocco-bouisthami,/Users/ayush/Downloads/date-fruit-quality-ml/data/quality/maturity/train/Rutab/morocco-bouisthami__bouisthami__DSC_2982__1.jpg
/Users/ayush/Downloads/date-fruit-quality-ml/data/maturity/crops/Khalal/boufagous__20220901_175918__1.jpg,Khalal,boufagous,train,morocco-boufagous,/Users/ayush/Downloads/date-fruit-quality-ml/data/quality/maturity/train/Khalal/morocco-boufagous__boufagous__20220901_175918__1.jpg
/Users/ayush/Downloads/date-fruit-quality-ml/data/maturity/crops/Tamar/boumajhoul__20221009_181002__1.jpg,Tamar,boumajhoul,train,morocco-boumajhoul,/Users/ayush/Downloads/date-fruit-quality-ml/data/quality/maturity/train/Tamar/morocco-boumajhoul__boumajhoul__20221009_181002__1.jpg
/Users/ayush/Downloads/date-fruit-quality-ml/data/maturity/crops/Immature/bouisthami__BOUSTH_Stage1_Im57__2.jpg,Immature,bouisthami,train,morocco-bouisthami,/Users/ayush/Downloads/date-fruit-quality-ml/data/quality/maturity/train/Immature/morocco-bouisthami__bouisthami__BOUSTH_Stage1_Im57__2.jpg
/Users/ayush/Downloads/date-fruit-quality-ml/data/maturity/crops/Rutab/bouisthami__DSC_3009__0.jpg,Rutab,bouisthami,train,morocco-bouisthami,/Users/ayush/Downloads/date-fruit-quality-ml/data/quality/maturity/train/Rutab/morocco-bouisthami__bouisthami__DSC_3009__0.jpg
/Users/ayush/Downloads/date-fruit-quality-ml/data/maturity/crops/Rutab/bouisthami__DSC_3002__2.jpg,Rutab,bouisthami,train,morocco-bouisthami,/Users/ayush/Downloads/date-fruit-quality-ml/data/quality/maturity/train/Rutab/morocco-bouisthami__bouisthami__DSC_3002__2.jpg
/Users/ayush/Downloads/date-fruit-quality-ml/data/maturity/crops/Khalal/bouisthami__DSC_2578__2.jpg,Khalal,bouisthami,train,morocco-bouisthami,/Users/ayush/Downloads/date-fruit-quality-ml/data/quality/maturity/train/Khalal/morocco-bouisthami__bouisthami__DSC_2578__2.jpg
/Users/ayush/Downloads/date-fruit-quality-ml/data/maturity/crops/Khalal/boufagous__20220901_182742__0.jpg,Khalal,boufagous,train,morocco-boufagous,/Users/ayush/Downloads/date-fruit-quality-ml/data/quality/maturity/train/Khalal/morocco-boufagous__boufagous__20220901_182742__0.jpg
/Users/ayush/Downloads/date-fruit-quality-ml/data/maturity/crops/Immature/bouisthami__BOUSTH_Stage1_Im61__1.jpg,Immature,bouisthami,train,morocco-bouisthami,/Users/ayush/Downloads/date-fruit-quality-ml/data/quality/maturity/train/Immature/morocco-bouisthami__bouisthami__BOUSTH_Stage1_Im61__1.jpg
/Users/ayush/Downloads/date-fruit-quality-ml/data/maturity/crops/Immature/boumajhoul__Elmjhoul_Stage1_Im57__1.jpg,Immature,boumajhoul,train,morocco-boumajhoul,/Users/ayush/Downloads/date-fruit-quality-ml/data/quality/maturity/train/Immature/morocco-boumajhoul__boumajhoul__Elmjhoul_Stage1_Im57__1.jpg
/Users/ayush/Downloads/date-fruit-quality-ml/data/maturity/crops/Rutab/boufagous__20220922_134035__0.jpg,Rutab,boufagous,train,morocco-boufagous,/Users/ayush/Downloads/date-fruit-quality-ml/data/quality/maturity/train/Rutab/morocco-boufagous__boufagous__20220922_134035__0.jpg
/Users/ayush/Downloads/date-fruit-quality-ml/data/maturity/crops/Khalal/bouisthami__DSC_2515__2.jpg,Khalal,bouisthami,train,morocco-bouisthami,/Users/ayush/Downloads/date-fruit-quality-ml/data/quality/maturity/train/Khalal/morocco-bouisthami__bouisthami__DSC_2515__2.jpg
/Users/ayush/Downloads/date-fruit-quality-ml/data/maturity/crops/Rutab/bouisthami__DSC_3002__1.jpg,Rutab,bouisthami,train,morocco-bouisthami,/Users/ayush/Downloads/date-fruit-quality-ml/data/quality/maturity/train/Rutab/morocco-bouisthami__bouisthami__DSC_3002__1.jpg
/Users/ayush/Downloads/date-fruit-quality-ml/data/maturity/crops/Immature/boufagous__20220726_201012__0.jpg,Immature,boufagous,train,morocco-boufagous,/Users/ayush/Downloads/date-fruit-quality-ml/data/quality/maturity/train/Immature/morocco-boufagous__boufagous__20220726_201012__0.jpg
/Users/ayush/Downloads/date-fruit-quality-ml/data/maturity/crops/Immature/boufagous__20220726_201302__0.jpg,Immature,boufagous,train,morocco-boufagous,/Users/ayush/Downloads/date-fruit-quality-ml/data/quality/maturity/train/Immature/morocco-boufagous__boufagous__20220726_201302__0.jpg
/Users/ayush/Downloads/date-fruit-quality-ml/data/maturity/crops/Immature/bouisthami__BOUSTH_Stage1_Im47__0.jpg,Immature,bouisthami,train,morocco-bouisthami,/Users/ayush/Downloads/date-fruit-quality-ml/data/quality/maturity/train/Immature/morocco-bouisthami__bouisthami__BOUSTH_Stage1_Im47__0.jpg
/Users/ayush/Downloads/date-fruit-quality-ml/data/maturity/crops/Immature/boumajhoul__Elmjhoul_Stage1_Im61__0.jpg,Immature,boumajhoul,train,morocco-boumajhoul,/Users/ayush/Downloads/date-fruit-quality-ml/data/quality/maturity/train/Immature/morocco-boumajhoul__boumajhoul__Elmjhoul_Stage1_Im61__0.jpg
/Users/ayush/Downloads/date-fruit-quality-ml/data/maturity/crops/Immature/boumajhoul__Elmjhoul_Stage1_Im3__2.jpg,Immature,boumajhoul,train,morocco-boumajhoul,/Users/ayush/Downloads/date-fruit-quality-ml/data/quality/maturity/train/Immature/morocco-boumajhoul__boumajhoul__Elmjhoul_Stage1_Im3__2.jpg
/Users/ayush/Downloads/date-fruit-quality-ml/data/maturity/crops/Khalal/bouisthami__DSC_2901__0.jpg,Khalal,bouisthami,train,morocco-bouisthami,/Users/ayush/Downloads/date-fruit-quality-ml/data/quality/maturity/train/Khalal/morocco-bouisthami__bouisthami__DSC_2901__0.jpg
/Users/ayush/Downloads/date-fruit-quality-ml/data/maturity/crops/Rutab/bouisthami__DSC_3013__4.jpg,Rutab,bouisthami,train,morocco-bouisthami,/Users/ayush/Downloads/date-fruit-quality-ml/data/quality/maturity/train/Rutab/morocco-bouisthami__bouisthami__DSC_3013__4.jpg
/Users/ayush/Downloads/date-fruit-quality-ml/data/maturity/crops/Tamar/bouisthami__WhatsApp Image 2022-10-09 at 15.47.21 (2)__0.jpg,Tamar,bouisthami,train,morocco-bouisthami,/Users/ayush/Downloads/date-fruit-quality-ml/data/quality/maturity/train/Tamar/morocco-bouisthami__bouisthami__WhatsApp Image 2022-10-09 at 15.47.21 (2)__0.jpg
/Users/ayush/Downloads/date-fruit-quality-ml/data/maturity/crops/Tamar/bouisthami__WhatsApp Image 2022-10-10 at 11.49.04 (3)__0.jpg,Tamar,bouisthami,train,morocco-bouisthami,/Users/ayush/Downloads/date-fruit-quality-ml/data/quality/maturity/train/Tamar/morocco-bouisthami__bouisthami__WhatsApp Image 2022-10-10 at 11.49.04 (3)__0.jpg
/Users/ayush/Downloads/date-fruit-quality-ml/data/maturity/crops/Tamar/boumajhoul__20221009_180813__0.jpg,Tamar,boumajhoul,train,morocco-boumajhoul,/Users/ayush/Downloads/date-fruit-quality-ml/data/quality/maturity/train/Tamar/morocco-boumajhoul__boumajhoul__20221009_180813__0.jpg
/Users/ayush/Downloads/date-fruit-quality-ml/data/maturity/crops/Khalal/boufagous__20220901_180159__1.jpg,Khalal,boufagous,train,morocco-boufagous,/Users/ayush/Downloads/date-fruit-quality-ml/data/quality/maturity/train/Khalal/morocco-boufagous__boufagous__20220901_180159__1.jpg
/Users/ayush/Downloads/date-fruit-quality-ml/data/maturity/crops/Khalal/boufagous__20220901_182914(0)__0.jpg,Khalal,boufagous,train,morocco-boufagous,/Users/ayush/Downloads/date-fruit-quality-ml/data/quality/maturity/train/Khalal/morocco-boufagous__boufagous__20220901_182914(0)__0.jpg
/Users/ayush/Downloads/date-fruit-quality-ml/data/maturity/crops/Khalal/bouisthami__DSC_2527__3.jpg,Khalal,bouisthami,train,morocco-bouisthami,/Users/ayush/Downloads/date-fruit-quality-ml/data/quality/maturity/train/Khalal/morocco-bouisthami__bouisthami__DSC_2527__3.jpg
/Users/ayush/Downloads/date-fruit-quality-ml/data/maturity/crops/Rutab/boumajhoul__20220918_185437__0.jpg,Rutab,boumajhoul,train,morocco-boumajhoul,/Users/ayush/Downloads/date-fruit-quality-ml/data/quality/maturity/train/Rutab/morocco-boumajhoul__boumajhoul__20220918_185437__0.jpg
/Users/ayush/Downloads/date-fruit-quality-ml/data/maturity/crops/Rutab/boufagous__20220922_190412__0.jpg,Rutab,boufagous,train,morocco-boufagous,/Users/ayush/Downloads/date-fruit-quality-ml/data/quality/maturity/train/Rutab/morocco-boufagous__boufagous__20220922_190412__0.jpg
/Users/ayush/Downloads/date-fruit-quality-ml/data/maturity/crops/Immature/bouisthami__BOUSTH_Stage1_Im82__0.jpg,Immature,bouisthami,train,morocco-bouisthami,/Users/ayush/Downloads/date-fruit-quality-ml/data/quality/maturity/train/Immature/morocco-bouisthami__bouisthami__BOUSTH_Stage1_Im82__0.jpg
/Users/ayush/Downloads/date-fruit-quality-ml/data/maturity/crops/Rutab/bouisthami__DSC_2996__6.jpg,Rutab,bouisthami,train,morocco-bouisthami,/Users/ayush/Downloads/date-fruit-quality-ml/data/quality/maturity/train/Rutab/morocco-bouisthami__bouisthami__DSC_2996__6.jpg
/Users/ayush/Downloads/date-fruit-quality-ml/data/maturity/crops/Tamar/boumajhoul__20221009_174955__1.jpg,Tamar,boumajhoul,train,morocco-boumajhoul,/Users/ayush/Downloads/date-fruit-quality-ml/data/quality/maturity/train/Tamar/morocco-boumajhoul__boumajhoul__20221009_174955__1.jpg
/Users/ayush/Downloads/date-fruit-quality-ml/data/maturity/crops/Immature/boumajhoul__20220725_181202__0.jpg,Immature,boumajhoul,train,morocco-boumajhoul,/Users/ayush/Downloads/date-fruit-quality-ml/data/quality/maturity/train/Immature/morocco-boumajhoul__boumajhoul__20220725_181202__0.jpg
/Users/ayush/Downloads/date-fruit-quality-ml/data/maturity/crops/Rutab/boumajhoul__20220920_125451__0.jpg,Rutab,boumajhoul,train,morocco-boumajhoul,/Users/ayush/Downloads/date-fruit-quality-ml/data/quality/maturity/train/Rutab/morocco-boumajhoul__boumajhoul__20220920_125451__0.jpg
/Users/ayush/Downloads/date-fruit-quality-ml/data/maturity/crops/Rutab/boumajhoul__20220918_190808__0.jpg,Rutab,boumajhoul,train,morocco-boumajhoul,/Users/ayush/Downloads/date-fruit-quality-ml/data/quality/maturity/train/Rutab/morocco-boumajhoul__boumajhoul__20220918_190808__0.jpg
/Users/ayush/Downloads/date-fruit-quality-ml/data/maturity/crops/Tamar/bouisthami__WhatsApp Image 2022-10-09 at 15.47.19__0.jpg,Tamar,bouisthami,train,morocco-bouisthami,/Users/ayush/Downloads/date-fruit-quality-ml/data/quality/maturity/train/Tamar/morocco-bouisthami__bouisthami__WhatsApp Image 2022-10-09 at 15.47.19__0.jpg
/Users/ayush/Downloads/date-fruit-quality-ml/data/maturity/crops/Immature/bouisthami__BOUSTH_Stage1_Im8__3.jpg,Immature,bouisthami,train,morocco-bouisthami,/Users/ayush/Downloads/date-fruit-quality-ml/data/quality/maturity/train/Immature/morocco-bouisthami__bouisthami__BOUSTH_Stage1_Im8__3.jpg
/Users/ayush/Downloads/date-fruit-quality-ml/data/maturity/crops/Rutab/bouisthami__DSC_2999__4.jpg,Rutab,bouisthami,train,morocco-bouisthami,/Users/ayush/Downloads/date-fruit-quality-ml/data/quality/maturity/train/Rutab/morocco-bouisthami__bouisthami__DSC_2999__4.jpg
/Users/ayush/Downloads/date-fruit-quality-ml/data/maturity/crops/Immature/bouisthami__BOUSTH_Stage1_Im67__4.jpg,Immature,bouisthami,train,morocco-bouisthami,/Users/ayush/Downloads/date-fruit-quality-ml/data/quality/maturity/train/Immature/morocco-bouisthami__bouisthami__BOUSTH_Stage1_Im67__4.jpg
/Users/ayush/Downloads/date-fruit-quality-ml/data/maturity/crops/Tamar/boumajhoul__20221009_174509__1.jpg,Tamar,boumajhoul,train,morocco-boumajhoul,/Users/ayush/Downloads/date-fruit-quality-ml/data/quality/maturity/train/Tamar/morocco-boumajhoul__boumajhoul__20221009_174509__1.jpg
/Users/ayush/Downloads/date-fruit-quality-ml/data/maturity/crops/Khalal/boumajhoul__20220901_130723__0.jpg,Khalal,boumajhoul,train,morocco-boumajhoul,/Users/ayush/Downloads/date-fruit-quality-ml/data/quality/maturity/train/Khalal/morocco-boumajhoul__boumajhoul__20220901_130723__0.jpg
/Users/ayush/Downloads/date-fruit-quality-ml/data/maturity/crops/Khalal/bouisthami__DSC_2560__3.jpg,Khalal,bouisthami,train,morocco-bouisthami,/Users/ayush/Downloads/date-fruit-quality-ml/data/quality/maturity/train/Khalal/morocco-bouisthami__bouisthami__DSC_2560__3.jpg
/Users/ayush/Downloads/date-fruit-quality-ml/data/maturity/crops/Rutab/boumajhoul__20220920_125558(0)__2.jpg,Rutab,boumajhoul,train,morocco-boumajhoul,/Users/ayush/Downloads/date-fruit-quality-ml/data/quality/maturity/train/Rutab/morocco-boumajhoul__boumajhoul__20220920_125558(0)__2.jpg
/Users/ayush/Downloads/date-fruit-quality-ml/data/maturity/crops/Khalal/boumajhoul__20220901_132052__0.jpg,Khalal,boumajhoul,train,morocco-boumajhoul,/Users/ayush/Downloads/date-fruit-quality-ml/data/quality/maturity/train/Khalal/morocco-boumajhoul__boumajhoul__20220901_132052__0.jpg
/Users/ayush/Downloads/date-fruit-quality-ml/data/maturity/crops/Khalal/bouisthami__DSC_2916__3.jpg,Khalal,bouisthami,train,morocco-bouisthami,/Users/ayush/Downloads/date-fruit-quality-ml/data/quality/maturity/train/Khalal/morocco-bouisthami__bouisthami__DSC_2916__3.jpg
/Users/ayush/Downloads/date-fruit-quality-ml/data/maturity/crops/Rutab/boufagous__20220922_190105__0.jpg,Rutab,boufagous,train,morocco-boufagous,/Users/ayush/Downloads/date-fruit-quality-ml/data/quality/maturity/train/Rutab/morocco-boufagous__boufagous__20220922_190105__0.jpg
/Users/ayush/Downloads/date-fruit-quality-ml/data/maturity/crops/Rutab/boumajhoul__20220919_185944(0)__1.jpg,Rutab,boumajhoul,train,morocco-boumajhoul,/Users/ayush/Downloads/date-fruit-quality-ml/data/quality/maturity/train/Rutab/morocco-boumajhoul__boumajhoul__20220919_185944(0)__1.jpg
/Users/ayush/Downloads/date-fruit-quality-ml/data/maturity/crops/Khalal/boumajhoul__20220901_131816__0.jpg,Khalal,boumajhoul,train,morocco-boumajhoul,/Users/ayush/Downloads/date-fruit-quality-ml/data/quality/maturity/train/Khalal/morocco-boumajhoul__boumajhoul__20220901_131816__0.jpg
/Users/ayush/Downloads/date-fruit-quality-ml/data/maturity/crops/Tamar/bouisthami__WhatsApp Image 2022-10-10 at 11.49.02 (1)__0.jpg,Tamar,bouisthami,train,morocco-bouisthami,/Users/ayush/Downloads/date-fruit-quality-ml/data/quality/maturity/train/Tamar/morocco-bouisthami__bouisthami__WhatsApp Image 2022-10-10 at 11.49.02 (1)__0.jpg
/Users/ayush/Downloads/date-fruit-quality-ml/data/maturity/crops/Rutab/bouisthami__DSC_2983__0.jpg,Rutab,bouisthami,train,morocco-bouisthami,/Users/ayush/Downloads/date-fruit-quality-ml/data/quality/maturity/train/Rutab/morocco-bouisthami__bouisthami__DSC_2983__0.jpg
/Users/ayush/Downloads/date-fruit-quality-ml/data/maturity/crops/Khalal/bouisthami__DSC_2511__0.jpg,Khalal,bouisthami,train,morocco-bouisthami,/Users/ayush/Downloads/date-fruit-quality-ml/data/quality/maturity/train/Khalal/morocco-bouisthami__bouisthami__DSC_2511__0.jpg
/Users/ayush/Downloads/date-fruit-quality-ml/data/maturity/crops/Tamar/bouisthami__WhatsApp Image 2022-10-10 at 16.18.01__4.jpg,Tamar,bouisthami,train,morocco-bouisthami,/Users/ayush/Downloads/date-fruit-quality-ml/data/quality/maturity/train/Tamar/morocco-bouisthami__bouisthami__WhatsApp Image 2022-10-10 at 16.18.01__4.jpg
/Users/ayush/Downloads/date-fruit-quality-ml/data/maturity/crops/Khalal/boufagous__20220901_175828__3.jpg,Khalal,boufagous,train,morocco-boufagous,/Users/ayush/Downloads/date-fruit-quality-ml/data/quality/maturity/train/Khalal/morocco-boufagous__boufagous__20220901_175828__3.jpg
/Users/ayush/Downloads/date-fruit-quality-ml/data/maturity/crops/Rutab/boufagous__20220922_183817__2.jpg,Rutab,boufagous,train,morocco-boufagous,/Users/ayush/Downloads/date-fruit-quality-ml/data/quality/maturity/train/Rutab/morocco-boufagous__boufagous__20220922_183817__2.jpg
/Users/ayush/Downloads/date-fruit-quality-ml/data/maturity/crops/Khalal/boumajhoul__20220901_131833__1.jpg,Khalal,boumajhoul,train,morocco-boumajhoul,/Users/ayush/Downloads/date-fruit-quality-ml/data/quality/maturity/train/Khalal/morocco-boumajhoul__boumajhoul__20220901_131833__1.jpg
/Users/ayush/Downloads/date-fruit-quality-ml/data/maturity/crops/Immature/boufagous__20220819_114123__0.jpg,Immature,boufagous,train,morocco-boufagous,/Users/ayush/Downloads/date-fruit-quality-ml/data/quality/maturity/train/Immature/morocco-boufagous__boufagous__20220819_114123__0.jpg
/Users/ayush/Downloads/date-fruit-quality-ml/data/maturity/crops/Tamar/bouisthami__WhatsApp Image 2022-10-10 at 11.49.04 (1)__0.jpg,Tamar,bouisthami,train,morocco-bouisthami,/Users/ayush/Downloads/date-fruit-quality-ml/data/quality/maturity/train/Tamar/morocco-bouisthami__bouisthami__WhatsApp Image 2022-10-10 at 11.49.04 (1)__0.jpg
/Users/ayush/Downloads/date-fruit-quality-ml/data/maturity/crops/Tamar/boumajhoul__20221009_173505__2.jpg,Tamar,boumajhoul,train,morocco-boumajhoul,/Users/ayush/Downloads/date-fruit-quality-ml/data/quality/maturity/train/Tamar/morocco-boumajhoul__boumajhoul__20221009_173505__2.jpg
/Users/ayush/Downloads/date-fruit-quality-ml/data/maturity/crops/Khalal/bouisthami__DSC_2529__0.jpg,Khalal,bouisthami,train,morocco-bouisthami,/Users/ayush/Downloads/date-fruit-quality-ml/data/quality/maturity/train/Khalal/morocco-bouisthami__bouisthami__DSC_2529__0.jpg
/Users/ayush/Downloads/date-fruit-quality-ml/data/maturity/crops/Immature/boufagous__20220726_201101__2.jpg,Immature,boufagous,train,morocco-boufagous,/Users/ayush/Downloads/date-fruit-quality-ml/data/quality/maturity/train/Immature/morocco-boufagous__boufagous__20220726_201101__2.jpg
/Users/ayush/Downloads/date-fruit-quality-ml/data/maturity/crops/Tamar/boumajhoul__20221009_174431__0.jpg,Tamar,boumajhoul,train,morocco-boumajhoul,/Users/ayush/Downloads/date-fruit-quality-ml/data/quality/maturity/train/Tamar/morocco-boumajhoul__boumajhoul__20221009_174431__0.jpg
/Users/ayush/Downloads/date-fruit-quality-ml/data/maturity/crops/Khalal/bouisthami__DSC_2518__3.jpg,Khalal,bouisthami,train,morocco-bouisthami,/Users/ayush/Downloads/date-fruit-quality-ml/data/quality/maturity/train/Khalal/morocco-bouisthami__bouisthami__DSC_2518__3.jpg
/Users/ayush/Downloads/date-fruit-quality-ml/data/maturity/crops/Khalal/bouisthami__DSC_2569__1.jpg,Khalal,bouisthami,train,morocco-bouisthami,/Users/ayush/Downloads/date-fruit-quality-ml/data/quality/maturity/train/Khalal/morocco-bouisthami__bouisthami__DSC_2569__1.jpg
/Users/ayush/Downloads/date-fruit-quality-ml/data/maturity/crops/Tamar/boufagous__20220929_160930__0.jpg,Tamar,boufagous,train,morocco-boufagous,/Users/ayush/Downloads/date-fruit-quality-ml/data/quality/maturity/train/Tamar/morocco-boufagous__boufagous__20220929_160930__0.jpg
/Users/ayush/Downloads/date-fruit-quality-ml/data/maturity/crops/Khalal/boufagous__DSC_2802__0.jpg,Khalal,boufagous,train,morocco-boufagous,/Users/ayush/Downloads/date-fruit-quality-ml/data/quality/maturity/train/Khalal/morocco-boufagous__boufagous__DSC_2802__0.jpg
/Users/ayush/Downloads/date-fruit-quality-ml/data/maturity/crops/Tamar/boufagous__20221008_132640__0.jpg,Tamar,boufagous,train,morocco-boufagous,/Users/ayush/Downloads/date-fruit-quality-ml/data/quality/maturity/train/Tamar/morocco-boufagous__boufagous__20221008_132640__0.jpg
/Users/ayush/Downloads/date-fruit-quality-ml/data/maturity/crops/Rutab/boufagous__20220922_185402(0)__1.jpg,Rutab,boufagous,train,morocco-boufagous,/Users/ayush/Downloads/date-fruit-quality-ml/data/quality/maturity/train/Rutab/morocco-boufagous__boufagous__20220922_185402(0)__1.jpg
/Users/ayush/Downloads/date-fruit-quality-ml/data/maturity/crops/Khalal/boumajhoul__20220901_132131__0.jpg,Khalal,boumajhoul,train,morocco-boumajhoul,/Users/ayush/Downloads/date-fruit-quality-ml/data/quality/maturity/train/Khalal/morocco-boumajhoul__boumajhoul__20220901_132131__0.jpg
/Users/ayush/Downloads/date-fruit-quality-ml/data/maturity/crops/Rutab/boufagous__20220922_134342__0.jpg,Rutab,boufagous,train,morocco-boufagous,/Users/ayush/Downloads/date-fruit-quality-ml/data/quality/maturity/train/Rutab/morocco-boufagous__boufagous__20220922_134342__0.jpg
/Users/ayush/Downloads/date-fruit-quality-ml/data/maturity/crops/Rutab/bouisthami__DSC_3000__1.jpg,Rutab,bouisthami,train,morocco-bouisthami,/Users/ayush/Downloads/date-fruit-quality-ml/data/quality/maturity/train/Rutab/morocco-bouisthami__bouisthami__DSC_3000__1.jpg
/Users/ayush/Downloads/date-fruit-quality-ml/data/maturity/crops/Khalal/bouisthami__DSC_2578__5.jpg,Khalal,bouisthami,train,morocco-bouisthami,/Users/ayush/Downloads/date-fruit-quality-ml/data/quality/maturity/train/Khalal/morocco-bouisthami__bouisthami__DSC_2578__5.jpg
/Users/ayush/Downloads/date-fruit-quality-ml/data/maturity/crops/Immature/boumajhoul__20220725_181452__0.jpg,Immature,boumajhoul,train,morocco-boumajhoul,/Users/ayush/Downloads/date-fruit-quality-ml/data/quality/maturity/train/Immature/morocco-boumajhoul__boumajhoul__20220725_181452__0.jpg
/Users/ayush/Downloads/date-fruit-quality-ml/data/maturity/crops/Immature/bouisthami__BOUSTH_Stage1_Im62__0.jpg,Immature,bouisthami,train,morocco-bouisthami,/Users/ayush/Downloads/date-fruit-quality-ml/data/quality/maturity/train/Immature/morocco-bouisthami__bouisthami__BOUSTH_Stage1_Im62__0.jpg
/Users/ayush/Downloads/date-fruit-quality-ml/data/maturity/crops/Immature/bouisthami__BOUSTH_Stage1_Im76__0.jpg,Immature,bouisthami,train,morocco-bouisthami,/Users/ayush/Downloads/date-fruit-quality-ml/data/quality/maturity/train/Immature/morocco-bouisthami__bouisthami__BOUSTH_Stage1_Im76__0.jpg
/Users/ayush/Downloads/date-fruit-quality-ml/data/maturity/crops/Tamar/bouisthami__WhatsApp Image 2022-10-08 at 22.25.54__0.jpg,Tamar,bouisthami,train,morocco-bouisthami,/Users/ayush/Downloads/date-fruit-quality-ml/data/quality/maturity/train/Tamar/morocco-bouisthami__bouisthami__WhatsApp Image 2022-10-08 at 22.25.54__0.jpg
/Users/ayush/Downloads/date-fruit-quality-ml/data/maturity/crops/Immature/bouisthami__BOUSTH_Stage1_Im59__2.jpg,Immature,bouisthami,train,morocco-bouisthami,/Users/ayush/Downloads/date-fruit-quality-ml/data/quality/maturity/train/Immature/morocco-bouisthami__bouisthami__BOUSTH_Stage1_Im59__2.jpg
/Users/ayush/Downloads/date-fruit-quality-ml/data/maturity/crops/Rutab/bouisthami__DSC_3000__2.jpg,Rutab,bouisthami,train,morocco-bouisthami,/Users/ayush/Downloads/date-fruit-quality-ml/data/quality/maturity/train/Rutab/morocco-bouisthami__bouisthami__DSC_3000__2.jpg
/Users/ayush/Downloads/date-fruit-quality-ml/data/maturity/crops/Immature/bouisthami__BOUSTH_Stage1_Im6__2.jpg,Immature,bouisthami,train,morocco-bouisthami,/Users/ayush/Downloads/date-fruit-quality-ml/data/quality/maturity/train/Immature/morocco-bouisthami__bouisthami__BOUSTH_Stage1_Im6__2.jpg
/Users/ayush/Downloads/date-fruit-quality-ml/data/maturity/crops/Rutab/bouisthami__DSC_3004__3.jpg,Rutab,bouisthami,train,morocco-bouisthami,/Users/ayush/Downloads/date-fruit-quality-ml/data/quality/maturity/train/Rutab/morocco-bouisthami__bouisthami__DSC_3004__3.jpg
/Users/ayush/Downloads/date-fruit-quality-ml/data/maturity/crops/Immature/boufagous__20220819_114058__0.jpg,Immature,boufagous,train,morocco-boufagous,/Users/ayush/Downloads/date-fruit-quality-ml/data/quality/maturity/train/Immature/morocco-boufagous__boufagous__20220819_114058__0.jpg
/Users/ayush/Downloads/date-fruit-quality-ml/data/maturity/crops/Tamar/boufagous__20221008_155038__3.jpg,Tamar,boufagous,train,morocco-boufagous,/Users/ayush/Downloads/date-fruit-quality-ml/data/quality/maturity/train/Tamar/morocco-boufagous__boufagous__20221008_155038__3.jpg
/Users/ayush/Downloads/date-fruit-quality-ml/data/maturity/crops/Rutab/bouisthami__DSC_3014__1.jpg,Rutab,bouisthami,train,morocco-bouisthami,/Users/ayush/Downloads/date-fruit-quality-ml/data/quality/maturity/train/Rutab/morocco-bouisthami__bouisthami__DSC_3014__1.jpg
/Users/ayush/Downloads/date-fruit-quality-ml/data/maturity/crops/Rutab/boumajhoul__20220920_125417__1.jpg,Rutab,boumajhoul,train,morocco-boumajhoul,/Users/ayush/Downloads/date-fruit-quality-ml/data/quality/maturity/train/Rutab/morocco-boumajhoul__boumajhoul__20220920_125417__1.jpg
/Users/ayush/Downloads/date-fruit-quality-ml/data/maturity/crops/Immature/boufagous__20220726_201547__3.jpg,Immature,boufagous,train,morocco-boufagous,/Users/ayush/Downloads/date-fruit-quality-ml/data/quality/maturity/train/Immature/morocco-boufagous__boufagous__20220726_201547__3.jpg
/Users/ayush/Downloads/date-fruit-quality-ml/data/maturity/crops/Tamar/bouisthami__WhatsApp Image 2022-10-10 at 11.49.03 (3)__1.jpg,Tamar,bouisthami,train,morocco-bouisthami,/Users/ayush/Downloads/date-fruit-quality-ml/data/quality/maturity/train/Tamar/morocco-bouisthami__bouisthami__WhatsApp Image 2022-10-10 at 11.49.03 (3)__1.jpg
/Users/ayush/Downloads/date-fruit-quality-ml/data/maturity/crops/Rutab/bouisthami__DSC_3009__2.jpg,Rutab,bouisthami,train,morocco-bouisthami,/Users/ayush/Downloads/date-fruit-quality-ml/data/quality/maturity/train/Rutab/morocco-bouisthami__bouisthami__DSC_3009__2.jpg
/Users/ayush/Downloads/date-fruit-quality-ml/data/maturity/crops/Rutab/boufagous__20220922_190152(0)__0.jpg,Rutab,boufagous,train,morocco-boufagous,/Users/ayush/Downloads/date-fruit-quality-ml/data/quality/maturity/train/Rutab/morocco-boufagous__boufagous__20220922_190152(0)__0.jpg
/Users/ayush/Downloads/date-fruit-quality-ml/data/maturity/crops/Khalal/bouisthami__DSC_2910__6.jpg,Khalal,bouisthami,train,morocco-bouisthami,/Users/ayush/Downloads/date-fruit-quality-ml/data/quality/maturity/train/Khalal/morocco-bouisthami__bouisthami__DSC_2910__6.jpg
/Users/ayush/Downloads/date-fruit-quality-ml/data/maturity/crops/Immature/bouisthami__BOUSTH_Stage1_Im28__6.jpg,Immature,bouisthami,train,morocco-bouisthami,/Users/ayush/Downloads/date-fruit-quality-ml/data/quality/maturity/train/Immature/morocco-bouisthami__bouisthami__BOUSTH_Stage1_Im28__6.jpg
/Users/ayush/Downloads/date-fruit-quality-ml/data/maturity/crops/Immature/bouisthami__BOUSTH_Stage1_Im0__1.jpg,Immature,bouisthami,train,morocco-bouisthami,/Users/ayush/Downloads/date-fruit-quality-ml/data/quality/maturity/train/Immature/morocco-bouisthami__bouisthami__BOUSTH_Stage1_Im0__1.jpg
/Users/ayush/Downloads/date-fruit-quality-ml/data/maturity/crops/Rutab/boumajhoul__DSC_3044__1.jpg,Rutab,boumajhoul,train,morocco-boumajhoul,/Users/ayush/Downloads/date-fruit-quality-ml/data/quality/maturity/train/Rutab/morocco-boumajhoul__boumajhoul__DSC_3044__1.jpg
/Users/ayush/Downloads/date-fruit-quality-ml/data/maturity/crops/Tamar/boumajhoul__20221009_174632__0.jpg,Tamar,boumajhoul,train,morocco-boumajhoul,/Users/ayush/Downloads/date-fruit-quality-ml/data/quality/maturity/train/Tamar/morocco-boumajhoul__boumajhoul__20221009_174632__0.jpg
/Users/ayush/Downloads/date-fruit-quality-ml/data/maturity/crops/Immature/boumajhoul__Elmjhoul_Stage1_Im61__1.jpg,Immature,boumajhoul,train,morocco-boumajhoul,/Users/ayush/Downloads/date-fruit-quality-ml/data/quality/maturity/train/Immature/morocco-boumajhoul__boumajhoul__Elmjhoul_Stage1_Im61__1.jpg
/Users/ayush/Downloads/date-fruit-quality-ml/data/maturity/crops/Rutab/bouisthami__DSC_2992__5.jpg,Rutab,bouisthami,train,morocco-bouisthami,/Users/ayush/Downloads/date-fruit-quality-ml/data/quality/maturity/train/Rutab/morocco-bouisthami__bouisthami__DSC_2992__5.jpg
/Users/ayush/Downloads/date-fruit-quality-ml/data/maturity/crops/Rutab/boumajhoul__20220919_190353(0)__1.jpg,Rutab,boumajhoul,train,morocco-boumajhoul,/Users/ayush/Downloads/date-fruit-quality-ml/data/quality/maturity/train/Rutab/morocco-boumajhoul__boumajhoul__20220919_190353(0)__1.jpg
/Users/ayush/Downloads/date-fruit-quality-ml/data/maturity/crops/Rutab/boumajhoul__20220919_190102__0.jpg,Rutab,boumajhoul,train,morocco-boumajhoul,/Users/ayush/Downloads/date-fruit-quality-ml/data/quality/maturity/train/Rutab/morocco-boumajhoul__boumajhoul__20220919_190102__0.jpg
/Users/ayush/Downloads/date-fruit-quality-ml/data/maturity/crops/Rutab/bouisthami__DSC_3013__7.jpg,Rutab,bouisthami,train,morocco-bouisthami,/Users/ayush/Downloads/date-fruit-quality-ml/data/quality/maturity/train/Rutab/morocco-bouisthami__bouisthami__DSC_3013__7.jpg
/Users/ayush/Downloads/date-fruit-quality-ml/data/maturity/crops/Rutab/boufagous__20220922_185312__1.jpg,Rutab,boufagous,train,morocco-boufagous,/Users/ayush/Downloads/date-fruit-quality-ml/data/quality/maturity/train/Rutab/morocco-boufagous__boufagous__20220922_185312__1.jpg
/Users/ayush/Downloads/date-fruit-quality-ml/data/maturity/crops/Tamar/boufagous__20221008_153752__1.jpg,Tamar,boufagous,train,morocco-boufagous,/Users/ayush/Downloads/date-fruit-quality-ml/data/quality/maturity/train/Tamar/morocco-boufagous__boufagous__20221008_153752__1.jpg
/Users/ayush/Downloads/date-fruit-quality-ml/data/maturity/crops/Khalal/bouisthami__DSC_2509__4.jpg,Khalal,bouisthami,train,morocco-bouisthami,/Users/ayush/Downloads/date-fruit-quality-ml/data/quality/maturity/train/Khalal/morocco-bouisthami__bouisthami__DSC_2509__4.jpg
/Users/ayush/Downloads/date-fruit-quality-ml/data/maturity/crops/Tamar/bouisthami__WhatsApp Image 2022-10-10 at 11.49.05 (1)__0.jpg,Tamar,bouisthami,train,morocco-bouisthami,/Users/ayush/Downloads/date-fruit-quality-ml/data/quality/maturity/train/Tamar/morocco-bouisthami__bouisthami__WhatsApp Image 2022-10-10 at 11.49.05 (1)__0.jpg
/Users/ayush/Downloads/date-fruit-quality-ml/data/maturity/crops/Khalal/bouisthami__DSC_2934__0.jpg,Khalal,bouisthami,train,morocco-bouisthami,/Users/ayush/Downloads/date-fruit-quality-ml/data/quality/maturity/train/Khalal/morocco-bouisthami__bouisthami__DSC_2934__0.jpg
/Users/ayush/Downloads/date-fruit-quality-ml/data/maturity/crops/Rutab/boufagous__DSC_3023__0.jpg,Rutab,boufagous,train,morocco-boufagous,/Users/ayush/Downloads/date-fruit-quality-ml/data/quality/maturity/train/Rutab/morocco-boufagous__boufagous__DSC_3023__0.jpg
/Users/ayush/Downloads/date-fruit-quality-ml/data/maturity/crops/Khalal/boufagous__20220901_182858__0.jpg,Khalal,boufagous,train,morocco-boufagous,/Users/ayush/Downloads/date-fruit-quality-ml/data/quality/maturity/train/Khalal/morocco-boufagous__boufagous__20220901_182858__0.jpg
/Users/ayush/Downloads/date-fruit-quality-ml/data/maturity/crops/Immature/boumajhoul__Elmjhoul_Stage1_Im16__1.jpg,Immature,boumajhoul,train,morocco-boumajhoul,/Users/ayush/Downloads/date-fruit-quality-ml/data/quality/maturity/train/Immature/morocco-boumajhoul__boumajhoul__Elmjhoul_Stage1_Im16__1.jpg
/Users/ayush/Downloads/date-fruit-quality-ml/data/maturity/crops/Immature/boufagous__20220726_201547__2.jpg,Immature,boufagous,train,morocco-boufagous,/Users/ayush/Downloads/date-fruit-quality-ml/data/quality/maturity/train/Immature/morocco-boufagous__boufagous__20220726_201547__2.jpg
/Users/ayush/Downloads/date-fruit-quality-ml/data/maturity/crops/Tamar/boufagous__20220929_162555__0.jpg,Tamar,boufagous,train,morocco-boufagous,/Users/ayush/Downloads/date-fruit-quality-ml/data/quality/maturity/train/Tamar/morocco-boufagous__boufagous__20220929_162555__0.jpg
/Users/ayush/Downloads/date-fruit-quality-ml/data/maturity/crops/Rutab/bouisthami__DSC_3013__6.jpg,Rutab,bouisthami,train,morocco-bouisthami,/Users/ayush/Downloads/date-fruit-quality-ml/data/quality/maturity/train/Rutab/morocco-bouisthami__bouisthami__DSC_3013__6.jpg
/Users/ayush/Downloads/date-fruit-quality-ml/data/maturity/crops/Tamar/bouisthami__WhatsApp Image 2022-10-08 at 22.25.52__0.jpg,Tamar,bouisthami,train,morocco-bouisthami,/Users/ayush/Downloads/date-fruit-quality-ml/data/quality/maturity/train/Tamar/morocco-bouisthami__bouisthami__WhatsApp Image 2022-10-08 at 22.25.52__0.jpg
/Users/ayush/Downloads/date-fruit-quality-ml/data/maturity/crops/Immature/boufagous__20220726_200857__0.jpg,Immature,boufagous,train,morocco-boufagous,/Users/ayush/Downloads/date-fruit-quality-ml/data/quality/maturity/train/Immature/morocco-boufagous__boufagous__20220726_200857__0.jpg
/Users/ayush/Downloads/date-fruit-quality-ml/data/maturity/crops/Immature/bouisthami__BOUSTH_Stage1_Im12__0.jpg,Immature,bouisthami,train,morocco-bouisthami,/Users/ayush/Downloads/date-fruit-quality-ml/data/quality/maturity/train/Immature/morocco-bouisthami__bouisthami__BOUSTH_Stage1_Im12__0.jpg
/Users/ayush/Downloads/date-fruit-quality-ml/data/maturity/crops/Khalal/boufagous__20220901_180211__0.jpg,Khalal,boufagous,train,morocco-boufagous,/Users/ayush/Downloads/date-fruit-quality-ml/data/quality/maturity/train/Khalal/morocco-boufagous__boufagous__20220901_180211__0.jpg
/Users/ayush/Downloads/date-fruit-quality-ml/data/maturity/crops/Tamar/bouisthami__WhatsApp Image 2022-10-10 at 11.58.33__1.jpg,Tamar,bouisthami,train,morocco-bouisthami,/Users/ayush/Downloads/date-fruit-quality-ml/data/quality/maturity/train/Tamar/morocco-bouisthami__bouisthami__WhatsApp Image 2022-10-10 at 11.58.33__1.jpg
/Users/ayush/Downloads/date-fruit-quality-ml/data/maturity/crops/Khalal/boufagous__20220901_175943__1.jpg,Khalal,boufagous,train,morocco-boufagous,/Users/ayush/Downloads/date-fruit-quality-ml/data/quality/maturity/train/Khalal/morocco-boufagous__boufagous__20220901_175943__1.jpg
/Users/ayush/Downloads/date-fruit-quality-ml/data/maturity/crops/Khalal/boumajhoul__20220901_130840__0.jpg,Khalal,boumajhoul,train,morocco-boumajhoul,/Users/ayush/Downloads/date-fruit-quality-ml/data/quality/maturity/train/Khalal/morocco-boumajhoul__boumajhoul__20220901_130840__0.jpg
/Users/ayush/Downloads/date-fruit-quality-ml/data/maturity/crops/Khalal/boufagous__20220901_175828__1.jpg,Khalal,boufagous,train,morocco-boufagous,/Users/ayush/Downloads/date-fruit-quality-ml/data/quality/maturity/train/Khalal/morocco-boufagous__boufagous__20220901_175828__1.jpg
/Users/ayush/Downloads/date-fruit-quality-ml/data/maturity/crops/Khalal/bouisthami__DSC_2597__0.jpg,Khalal,bouisthami,train,morocco-bouisthami,/Users/ayush/Downloads/date-fruit-quality-ml/data/quality/maturity/train/Khalal/morocco-bouisthami__bouisthami__DSC_2597__0.jpg
/Users/ayush/Downloads/date-fruit-quality-ml/data/maturity/crops/Immature/boumajhoul__20220725_181716__0.jpg,Immature,boumajhoul,train,morocco-boumajhoul,/Users/ayush/Downloads/date-fruit-quality-ml/data/quality/maturity/train/Immature/morocco-boumajhoul__boumajhoul__20220725_181716__0.jpg
/Users/ayush/Downloads/date-fruit-quality-ml/data/maturity/crops/Khalal/boumajhoul__Elmajhoul_Stage2_Im53__0.jpg,Khalal,boumajhoul,train,morocco-boumajhoul,/Users/ayush/Downloads/date-fruit-quality-ml/data/quality/maturity/train/Khalal/morocco-boumajhoul__boumajhoul__Elmajhoul_Stage2_Im53__0.jpg
/Users/ayush/Downloads/date-fruit-quality-ml/data/maturity/crops/Khalal/boufagous__20220901_182434__0.jpg,Khalal,boufagous,train,morocco-boufagous,/Users/ayush/Downloads/date-fruit-quality-ml/data/quality/maturity/train/Khalal/morocco-boufagous__boufagous__20220901_182434__0.jpg
/Users/ayush/Downloads/date-fruit-quality-ml/data/maturity/crops/Khalal/boumajhoul__20220901_131906__2.jpg,Khalal,boumajhoul,train,morocco-boumajhoul,/Users/ayush/Downloads/date-fruit-quality-ml/data/quality/maturity/train/Khalal/morocco-boumajhoul__boumajhoul__20220901_131906__2.jpg
/Users/ayush/Downloads/date-fruit-quality-ml/data/maturity/crops/Immature/boufagous__Boufgous_Stage1_Im42__0.jpg,Immature,boufagous,train,morocco-boufagous,/Users/ayush/Downloads/date-fruit-quality-ml/data/quality/maturity/train/Immature/morocco-boufagous__boufagous__Boufgous_Stage1_Im42__0.jpg
/Users/ayush/Downloads/date-fruit-quality-ml/data/maturity/crops/Khalal/boumajhoul__20220901_132213__0.jpg,Khalal,boumajhoul,train,morocco-boumajhoul,/Users/ayush/Downloads/date-fruit-quality-ml/data/quality/maturity/train/Khalal/morocco-boumajhoul__boumajhoul__20220901_132213__0.jpg
/Users/ayush/Downloads/date-fruit-quality-ml/data/maturity/crops/Immature/bouisthami__BOUSTH_Stage1_Im15__0.jpg,Immature,bouisthami,train,morocco-bouisthami,/Users/ayush/Downloads/date-fruit-quality-ml/data/quality/maturity/train/Immature/morocco-bouisthami__bouisthami__BOUSTH_Stage1_Im15__0.jpg
/Users/ayush/Downloads/date-fruit-quality-ml/data/maturity/crops/Khalal/bouisthami__DSC_2585__0.jpg,Khalal,bouisthami,train,morocco-bouisthami,/Users/ayush/Downloads/date-fruit-quality-ml/data/quality/maturity/train/Khalal/morocco-bouisthami__bouisthami__DSC_2585__0.jpg
/Users/ayush/Downloads/date-fruit-quality-ml/data/maturity/crops/Khalal/boufagous__DSC_2784__0.jpg,Khalal,boufagous,train,morocco-boufagous,/Users/ayush/Downloads/date-fruit-quality-ml/data/quality/maturity/train/Khalal/morocco-boufagous__boufagous__DSC_2784__0.jpg
/Users/ayush/Downloads/date-fruit-quality-ml/data/maturity/crops/Tamar/boumajhoul__20221009_175008__1.jpg,Tamar,boumajhoul,train,morocco-boumajhoul,/Users/ayush/Downloads/date-fruit-quality-ml/data/quality/maturity/train/Tamar/morocco-boumajhoul__boumajhoul__20221009_175008__1.jpg
/Users/ayush/Downloads/date-fruit-quality-ml/data/maturity/crops/Immature/boufagous__20220819_115008__1.jpg,Immature,boufagous,train,morocco-boufagous,/Users/ayush/Downloads/date-fruit-quality-ml/data/quality/maturity/train/Immature/morocco-boufagous__boufagous__20220819_115008__1.jpg
/Users/ayush/Downloads/date-fruit-quality-ml/data/maturity/crops/Tamar/bouisthami__WhatsApp Image 2022-10-10 at 11.49.02__1.jpg,Tamar,bouisthami,train,morocco-bouisthami,/Users/ayush/Downloads/date-fruit-quality-ml/data/quality/maturity/train/Tamar/morocco-bouisthami__bouisthami__WhatsApp Image 2022-10-10 at 11.49.02__1.jpg
/Users/ayush/Downloads/date-fruit-quality-ml/data/maturity/crops/Khalal/boufagous__20220901_175819__0.jpg,Khalal,boufagous,train,morocco-boufagous,/Users/ayush/Downloads/date-fruit-quality-ml/data/quality/maturity/train/Khalal/morocco-boufagous__boufagous__20220901_175819__0.jpg
/Users/ayush/Downloads/date-fruit-quality-ml/data/maturity/crops/Immature/boumajhoul__20220725_180927__2.jpg,Immature,boumajhoul,train,morocco-boumajhoul,/Users/ayush/Downloads/date-fruit-quality-ml/data/quality/maturity/train/Immature/morocco-boumajhoul__boumajhoul__20220725_180927__2.jpg
/Users/ayush/Downloads/date-fruit-quality-ml/data/maturity/crops/Tamar/boufagous__20221008_153711__0.jpg,Tamar,boufagous,train,morocco-boufagous,/Users/ayush/Downloads/date-fruit-quality-ml/data/quality/maturity/train/Tamar/morocco-boufagous__boufagous__20221008_153711__0.jpg
/Users/ayush/Downloads/date-fruit-quality-ml/data/maturity/crops/Tamar/bouisthami__WhatsApp Image 2022-10-10 at 11.48.59 (2)__4.jpg,Tamar,bouisthami,train,morocco-bouisthami,/Users/ayush/Downloads/date-fruit-quality-ml/data/quality/maturity/train/Tamar/morocco-bouisthami__bouisthami__WhatsApp Image 2022-10-10 at 11.48.59 (2)__4.jpg
/Users/ayush/Downloads/date-fruit-quality-ml/data/maturity/crops/Immature/boumajhoul__20220725_181424__0.jpg,Immature,boumajhoul,train,morocco-boumajhoul,/Users/ayush/Downloads/date-fruit-quality-ml/data/quality/maturity/train/Immature/morocco-boumajhoul__boumajhoul__20220725_181424__0.jpg
/Users/ayush/Downloads/date-fruit-quality-ml/data/maturity/crops/Khalal/bouisthami__DSC_2912__0.jpg,Khalal,bouisthami,train,morocco-bouisthami,/Users/ayush/Downloads/date-fruit-quality-ml/data/quality/maturity/train/Khalal/morocco-bouisthami__bouisthami__DSC_2912__0.jpg
/Users/ayush/Downloads/date-fruit-quality-ml/data/maturity/crops/Rutab/boumajhoul__20220919_190730__0.jpg,Rutab,boumajhoul,train,morocco-boumajhoul,/Users/ayush/Downloads/date-fruit-quality-ml/data/quality/maturity/train/Rutab/morocco-boumajhoul__boumajhoul__20220919_190730__0.jpg
/Users/ayush/Downloads/date-fruit-quality-ml/data/maturity/crops/Khalal/bouisthami__DSC_2509__0.jpg,Khalal,bouisthami,train,morocco-bouisthami,/Users/ayush/Downloads/date-fruit-quality-ml/data/quality/maturity/train/Khalal/morocco-bouisthami__bouisthami__DSC_2509__0.jpg
/Users/ayush/Downloads/date-fruit-quality-ml/data/maturity/crops/Khalal/bouisthami__DSC_2910__4.jpg,Khalal,bouisthami,train,morocco-bouisthami,/Users/ayush/Downloads/date-fruit-quality-ml/data/quality/maturity/train/Khalal/morocco-bouisthami__bouisthami__DSC_2910__4.jpg
/Users/ayush/Downloads/date-fruit-quality-ml/data/maturity/crops/Rutab/bouisthami__DSC_3007__1.jpg,Rutab,bouisthami,train,morocco-bouisthami,/Users/ayush/Downloads/date-fruit-quality-ml/data/quality/maturity/train/Rutab/morocco-bouisthami__bouisthami__DSC_3007__1.jpg
/Users/ayush/Downloads/date-fruit-quality-ml/data/maturity/crops/Khalal/boumajhoul__DSC_2826__0.jpg,Khalal,boumajhoul,train,morocco-boumajhoul,/Users/ayush/Downloads/date-fruit-quality-ml/data/quality/maturity/train/Khalal/morocco-boumajhoul__boumajhoul__DSC_2826__0.jpg
/Users/ayush/Downloads/date-fruit-quality-ml/data/maturity/crops/Rutab/boufagous__20220922_133827__1.jpg,Rutab,boufagous,train,morocco-boufagous,/Users/ayush/Downloads/date-fruit-quality-ml/data/quality/maturity/train/Rutab/morocco-boufagous__boufagous__20220922_133827__1.jpg
/Users/ayush/Downloads/date-fruit-quality-ml/data/maturity/crops/Rutab/boufagous__20220922_190323(0)__1.jpg,Rutab,boufagous,train,morocco-boufagous,/Users/ayush/Downloads/date-fruit-quality-ml/data/quality/maturity/train/Rutab/morocco-boufagous__boufagous__20220922_190323(0)__1.jpg
/Users/ayush/Downloads/date-fruit-quality-ml/data/maturity/crops/Khalal/boufagous__20220901_182511__1.jpg,Khalal,boufagous,train,morocco-boufagous,/Users/ayush/Downloads/date-fruit-quality-ml/data/quality/maturity/train/Khalal/morocco-boufagous__boufagous__20220901_182511__1.jpg
/Users/ayush/Downloads/date-fruit-quality-ml/data/maturity/crops/Rutab/boufagous__20220922_132340__0.jpg,Rutab,boufagous,train,morocco-boufagous,/Users/ayush/Downloads/date-fruit-quality-ml/data/quality/maturity/train/Rutab/morocco-boufagous__boufagous__20220922_132340__0.jpg
/Users/ayush/Downloads/date-fruit-quality-ml/data/maturity/crops/Rutab/boumajhoul__20220919_190545__0.jpg,Rutab,boumajhoul,train,morocco-boumajhoul,/Users/ayush/Downloads/date-fruit-quality-ml/data/quality/maturity/train/Rutab/morocco-boumajhoul__boumajhoul__20220919_190545__0.jpg
/Users/ayush/Downloads/date-fruit-quality-ml/data/maturity/crops/Tamar/boufagous__20220929_163208__0.jpg,Tamar,boufagous,train,morocco-boufagous,/Users/ayush/Downloads/date-fruit-quality-ml/data/quality/maturity/train/Tamar/morocco-boufagous__boufagous__20220929_163208__0.jpg
/Users/ayush/Downloads/date-fruit-quality-ml/data/maturity/crops/Immature/boufagous__20220819_114941__0.jpg,Immature,boufagous,train,morocco-boufagous,/Users/ayush/Downloads/date-fruit-quality-ml/data/quality/maturity/train/Immature/morocco-boufagous__boufagous__20220819_114941__0.jpg
/Users/ayush/Downloads/date-fruit-quality-ml/data/maturity/crops/Khalal/bouisthami__DSC_2923__1.jpg,Khalal,bouisthami,train,morocco-bouisthami,/Users/ayush/Downloads/date-fruit-quality-ml/data/quality/maturity/train/Khalal/morocco-bouisthami__bouisthami__DSC_2923__1.jpg
/Users/ayush/Downloads/date-fruit-quality-ml/data/maturity/crops/Immature/bouisthami__BOUSTH_Stage1_Im0__10.jpg,Immature,bouisthami,train,morocco-bouisthami,/Users/ayush/Downloads/date-fruit-quality-ml/data/quality/maturity/train/Immature/morocco-bouisthami__bouisthami__BOUSTH_Stage1_Im0__10.jpg
/Users/ayush/Downloads/date-fruit-quality-ml/data/maturity/crops/Khalal/boumajhoul__Elmajhoul_Stage2_Im26__2.jpg,Khalal,boumajhoul,train,morocco-boumajhoul,/Users/ayush/Downloads/date-fruit-quality-ml/data/quality/maturity/train/Khalal/morocco-boumajhoul__boumajhoul__Elmajhoul_Stage2_Im26__2.jpg
/Users/ayush/Downloads/date-fruit-quality-ml/data/maturity/crops/Immature/bouisthami__BOUSTH_Stage1_Im37__0.jpg,Immature,bouisthami,train,morocco-bouisthami,/Users/ayush/Downloads/date-fruit-quality-ml/data/quality/maturity/train/Immature/morocco-bouisthami__bouisthami__BOUSTH_Stage1_Im37__0.jpg
/Users/ayush/Downloads/date-fruit-quality-ml/data/maturity/crops/Tamar/bouisthami__WhatsApp Image 2022-10-10 at 11.53.33 (1)__0.jpg,Tamar,bouisthami,train,morocco-bouisthami,/Users/ayush/Downloads/date-fruit-quality-ml/data/quality/maturity/train/Tamar/morocco-bouisthami__bouisthami__WhatsApp Image 2022-10-10 at 11.53.33 (1)__0.jpg
/Users/ayush/Downloads/date-fruit-quality-ml/data/maturity/crops/Khalal/boufagous__20220901_182845__0.jpg,Khalal,boufagous,train,morocco-boufagous,/Users/ayush/Downloads/date-fruit-quality-ml/data/quality/maturity/train/Khalal/morocco-boufagous__boufagous__20220901_182845__0.jpg
/Users/ayush/Downloads/date-fruit-quality-ml/data/maturity/crops/Tamar/bouisthami__WhatsApp Image 2022-10-10 at 11.53.33 (1)__1.jpg,Tamar,bouisthami,train,morocco-bouisthami,/Users/ayush/Downloads/date-fruit-quality-ml/data/quality/maturity/train/Tamar/morocco-bouisthami__bouisthami__WhatsApp Image 2022-10-10 at 11.53.33 (1)__1.jpg
/Users/ayush/Downloads/date-fruit-quality-ml/data/maturity/crops/Immature/boumajhoul__20220726_174529__0.jpg,Immature,boumajhoul,train,morocco-boumajhoul,/Users/ayush/Downloads/date-fruit-quality-ml/data/quality/maturity/train/Immature/morocco-boumajhoul__boumajhoul__20220726_174529__0.jpg
/Users/ayush/Downloads/date-fruit-quality-ml/data/maturity/crops/Rutab/boumajhoul__20220920_124434__0.jpg,Rutab,boumajhoul,train,morocco-boumajhoul,/Users/ayush/Downloads/date-fruit-quality-ml/data/quality/maturity/train/Rutab/morocco-boumajhoul__boumajhoul__20220920_124434__0.jpg
/Users/ayush/Downloads/date-fruit-quality-ml/data/maturity/crops/Tamar/bouisthami__WhatsApp Image 2022-10-09 at 15.45.45__0.jpg,Tamar,bouisthami,train,morocco-bouisthami,/Users/ayush/Downloads/date-fruit-quality-ml/data/quality/maturity/train/Tamar/morocco-bouisthami__bouisthami__WhatsApp Image 2022-10-09 at 15.45.45__0.jpg
/Users/ayush/Downloads/date-fruit-quality-ml/data/maturity/crops/Khalal/boufagous__20220901_175855__2.jpg,Khalal,boufagous,train,morocco-boufagous,/Users/ayush/Downloads/date-fruit-quality-ml/data/quality/maturity/train/Khalal/morocco-boufagous__boufagous__20220901_175855__2.jpg
/Users/ayush/Downloads/date-fruit-quality-ml/data/maturity/crops/Immature/boufagous__20220819_114755__1.jpg,Immature,boufagous,train,morocco-boufagous,/Users/ayush/Downloads/date-fruit-quality-ml/data/quality/maturity/train/Immature/morocco-boufagous__boufagous__20220819_114755__1.jpg
/Users/ayush/Downloads/date-fruit-quality-ml/data/maturity/crops/Khalal/boufagous__DSC_2483__4.jpg,Khalal,boufagous,train,morocco-boufagous,/Users/ayush/Downloads/date-fruit-quality-ml/data/quality/maturity/train/Khalal/morocco-boufagous__boufagous__DSC_2483__4.jpg
/Users/ayush/Downloads/date-fruit-quality-ml/data/maturity/crops/Khalal/bouisthami__DSC_2595__0.jpg,Khalal,bouisthami,train,morocco-bouisthami,/Users/ayush/Downloads/date-fruit-quality-ml/data/quality/maturity/train/Khalal/morocco-bouisthami__bouisthami__DSC_2595__0.jpg
/Users/ayush/Downloads/date-fruit-quality-ml/data/maturity/crops/Tamar/boufagous__20220929_162224__0.jpg,Tamar,boufagous,train,morocco-boufagous,/Users/ayush/Downloads/date-fruit-quality-ml/data/quality/maturity/train/Tamar/morocco-boufagous__boufagous__20220929_162224__0.jpg
/Users/ayush/Downloads/date-fruit-quality-ml/data/maturity/crops/Rutab/boufagous__20220922_185549__0.jpg,Rutab,boufagous,train,morocco-boufagous,/Users/ayush/Downloads/date-fruit-quality-ml/data/quality/maturity/train/Rutab/morocco-boufagous__boufagous__20220922_185549__0.jpg
/Users/ayush/Downloads/date-fruit-quality-ml/data/maturity/crops/Rutab/bouisthami__DSC_3014__2.jpg,Rutab,bouisthami,train,morocco-bouisthami,/Users/ayush/Downloads/date-fruit-quality-ml/data/quality/maturity/train/Rutab/morocco-bouisthami__bouisthami__DSC_3014__2.jpg
/Users/ayush/Downloads/date-fruit-quality-ml/data/maturity/crops/Immature/bouisthami__BOUSTH_Stage1_Im54__0.jpg,Immature,bouisthami,train,morocco-bouisthami,/Users/ayush/Downloads/date-fruit-quality-ml/data/quality/maturity/train/Immature/morocco-bouisthami__bouisthami__BOUSTH_Stage1_Im54__0.jpg
/Users/ayush/Downloads/date-fruit-quality-ml/data/maturity/crops/Khalal/bouisthami__DSC_2513__3.jpg,Khalal,bouisthami,train,morocco-bouisthami,/Users/ayush/Downloads/date-fruit-quality-ml/data/quality/maturity/train/Khalal/morocco-bouisthami__bouisthami__DSC_2513__3.jpg
/Users/ayush/Downloads/date-fruit-quality-ml/data/maturity/crops/Khalal/boumajhoul__20220901_130709__1.jpg,Khalal,boumajhoul,train,morocco-boumajhoul,/Users/ayush/Downloads/date-fruit-quality-ml/data/quality/maturity/train/Khalal/morocco-boumajhoul__boumajhoul__20220901_130709__1.jpg
/Users/ayush/Downloads/date-fruit-quality-ml/data/maturity/crops/Rutab/boumajhoul__20220920_124744__0.jpg,Rutab,boumajhoul,train,morocco-boumajhoul,/Users/ayush/Downloads/date-fruit-quality-ml/data/quality/maturity/train/Rutab/morocco-boumajhoul__boumajhoul__20220920_124744__0.jpg
/Users/ayush/Downloads/date-fruit-quality-ml/data/maturity/crops/Tamar/boumajhoul__20221009_180736__0.jpg,Tamar,boumajhoul,train,morocco-boumajhoul,/Users/ayush/Downloads/date-fruit-quality-ml/data/quality/maturity/train/Tamar/morocco-boumajhoul__boumajhoul__20221009_180736__0.jpg
/Users/ayush/Downloads/date-fruit-quality-ml/data/maturity/crops/Immature/boufagous__20220819_114319__0.jpg,Immature,boufagous,train,morocco-boufagous,/Users/ayush/Downloads/date-fruit-quality-ml/data/quality/maturity/train/Immature/morocco-boufagous__boufagous__20220819_114319__0.jpg
/Users/ayush/Downloads/date-fruit-quality-ml/data/maturity/crops/Immature/boufagous__20220819_115130__0.jpg,Immature,boufagous,train,morocco-boufagous,/Users/ayush/Downloads/date-fruit-quality-ml/data/quality/maturity/train/Immature/morocco-boufagous__boufagous__20220819_115130__0.jpg
/Users/ayush/Downloads/date-fruit-quality-ml/data/maturity/crops/Khalal/boumajhoul__20220901_130636__0.jpg,Khalal,boumajhoul,train,morocco-boumajhoul,/Users/ayush/Downloads/date-fruit-quality-ml/data/quality/maturity/train/Khalal/morocco-boumajhoul__boumajhoul__20220901_130636__0.jpg
/Users/ayush/Downloads/date-fruit-quality-ml/data/maturity/crops/Khalal/boumajhoul__20220901_132041__0.jpg,Khalal,boumajhoul,train,morocco-boumajhoul,/Users/ayush/Downloads/date-fruit-quality-ml/data/quality/maturity/train/Khalal/morocco-boumajhoul__boumajhoul__20220901_132041__0.jpg
/Users/ayush/Downloads/date-fruit-quality-ml/data/maturity/crops/Rutab/bouisthami__DSC_2995__0.jpg,Rutab,bouisthami,train,morocco-bouisthami,/Users/ayush/Downloads/date-fruit-quality-ml/data/quality/maturity/train/Rutab/morocco-bouisthami__bouisthami__DSC_2995__0.jpg
/Users/ayush/Downloads/date-fruit-quality-ml/data/maturity/crops/Khalal/bouisthami__DSC_2916__0.jpg,Khalal,bouisthami,train,morocco-bouisthami,/Users/ayush/Downloads/date-fruit-quality-ml/data/quality/maturity/train/Khalal/morocco-bouisthami__bouisthami__DSC_2916__0.jpg
/Users/ayush/Downloads/date-fruit-quality-ml/data/maturity/crops/Rutab/boufagous__20220922_132828__2.jpg,Rutab,boufagous,train,morocco-boufagous,/Users/ayush/Downloads/date-fruit-quality-ml/data/quality/maturity/train/Rutab/morocco-boufagous__boufagous__20220922_132828__2.jpg
/Users/ayush/Downloads/date-fruit-quality-ml/data/maturity/crops/Tamar/boumajhoul__20221009_174805__0.jpg,Tamar,boumajhoul,train,morocco-boumajhoul,/Users/ayush/Downloads/date-fruit-quality-ml/data/quality/maturity/train/Tamar/morocco-boumajhoul__boumajhoul__20221009_174805__0.jpg
/Users/ayush/Downloads/date-fruit-quality-ml/data/maturity/crops/Tamar/boufagous__20221008_132211__0.jpg,Tamar,boufagous,train,morocco-boufagous,/Users/ayush/Downloads/date-fruit-quality-ml/data/quality/maturity/train/Tamar/morocco-boufagous__boufagous__20221008_132211__0.jpg
/Users/ayush/Downloads/date-fruit-quality-ml/data/maturity/crops/Rutab/boumajhoul__20220920_125705__0.jpg,Rutab,boumajhoul,train,morocco-boumajhoul,/Users/ayush/Downloads/date-fruit-quality-ml/data/quality/maturity/train/Rutab/morocco-boumajhoul__boumajhoul__20220920_125705__0.jpg
/Users/ayush/Downloads/date-fruit-quality-ml/data/maturity/crops/Immature/bouisthami__BOUSTH_Stage1_Im41__1.jpg,Immature,bouisthami,train,morocco-bouisthami,/Users/ayush/Downloads/date-fruit-quality-ml/data/quality/maturity/train/Immature/morocco-bouisthami__bouisthami__BOUSTH_Stage1_Im41__1.jpg
/Users/ayush/Downloads/date-fruit-quality-ml/data/maturity/crops/Rutab/boufagous__20220922_184035(0)__0.jpg,Rutab,boufagous,train,morocco-boufagous,/Users/ayush/Downloads/date-fruit-quality-ml/data/quality/maturity/train/Rutab/morocco-boufagous__boufagous__20220922_184035(0)__0.jpg
/Users/ayush/Downloads/date-fruit-quality-ml/data/maturity/crops/Immature/boumajhoul__Elmjhoul_Stage1_Im66__0.jpg,Immature,boumajhoul,train,morocco-boumajhoul,/Users/ayush/Downloads/date-fruit-quality-ml/data/quality/maturity/train/Immature/morocco-boumajhoul__boumajhoul__Elmjhoul_Stage1_Im66__0.jpg
/Users/ayush/Downloads/date-fruit-quality-ml/data/maturity/crops/Rutab/bouisthami__DSC_2974__3.jpg,Rutab,bouisthami,train,morocco-bouisthami,/Users/ayush/Downloads/date-fruit-quality-ml/data/quality/maturity/train/Rutab/morocco-bouisthami__bouisthami__DSC_2974__3.jpg
/Users/ayush/Downloads/date-fruit-quality-ml/data/maturity/crops/Immature/bouisthami__BOUSTH_Stage1_Im7__1.jpg,Immature,bouisthami,train,morocco-bouisthami,/Users/ayush/Downloads/date-fruit-quality-ml/data/quality/maturity/train/Immature/morocco-bouisthami__bouisthami__BOUSTH_Stage1_Im7__1.jpg
/Users/ayush/Downloads/date-fruit-quality-ml/data/maturity/crops/Khalal/bouisthami__DSC_2575__3.jpg,Khalal,bouisthami,train,morocco-bouisthami,/Users/ayush/Downloads/date-fruit-quality-ml/data/quality/maturity/train/Khalal/morocco-bouisthami__bouisthami__DSC_2575__3.jpg
/Users/ayush/Downloads/date-fruit-quality-ml/data/maturity/crops/Tamar/boumajhoul__20221009_173431__0.jpg,Tamar,boumajhoul,train,morocco-boumajhoul,/Users/ayush/Downloads/date-fruit-quality-ml/data/quality/maturity/train/Tamar/morocco-boumajhoul__boumajhoul__20221009_173431__0.jpg
/Users/ayush/Downloads/date-fruit-quality-ml/data/maturity/crops/Tamar/boumajhoul__20221009_173805__0.jpg,Tamar,boumajhoul,train,morocco-boumajhoul,/Users/ayush/Downloads/date-fruit-quality-ml/data/quality/maturity/train/Tamar/morocco-boumajhoul__boumajhoul__20221009_173805__0.jpg
/Users/ayush/Downloads/date-fruit-quality-ml/data/maturity/crops/Tamar/boumajhoul__20221009_174740__0.jpg,Tamar,boumajhoul,train,morocco-boumajhoul,/Users/ayush/Downloads/date-fruit-quality-ml/data/quality/maturity/train/Tamar/morocco-boumajhoul__boumajhoul__20221009_174740__0.jpg
/Users/ayush/Downloads/date-fruit-quality-ml/data/maturity/crops/Khalal/boumajhoul__20220901_132106__0.jpg,Khalal,boumajhoul,train,morocco-boumajhoul,/Users/ayush/Downloads/date-fruit-quality-ml/data/quality/maturity/train/Khalal/morocco-boumajhoul__boumajhoul__20220901_132106__0.jpg
/Users/ayush/Downloads/date-fruit-quality-ml/data/maturity/crops/Tamar/boumajhoul__20221009_173349__1.jpg,Tamar,boumajhoul,train,morocco-boumajhoul,/Users/ayush/Downloads/date-fruit-quality-ml/data/quality/maturity/train/Tamar/morocco-boumajhoul__boumajhoul__20221009_173349__1.jpg
/Users/ayush/Downloads/date-fruit-quality-ml/data/maturity/crops/Khalal/bouisthami__DSC_2921__2.jpg,Khalal,bouisthami,train,morocco-bouisthami,/Users/ayush/Downloads/date-fruit-quality-ml/data/quality/maturity/train/Khalal/morocco-bouisthami__bouisthami__DSC_2921__2.jpg
/Users/ayush/Downloads/date-fruit-quality-ml/data/maturity/crops/Immature/boumajhoul__20220725_181046__0.jpg,Immature,boumajhoul,train,morocco-boumajhoul,/Users/ayush/Downloads/date-fruit-quality-ml/data/quality/maturity/train/Immature/morocco-boumajhoul__boumajhoul__20220725_181046__0.jpg
/Users/ayush/Downloads/date-fruit-quality-ml/data/maturity/crops/Rutab/bouisthami__DSC_3003__0.jpg,Rutab,bouisthami,train,morocco-bouisthami,/Users/ayush/Downloads/date-fruit-quality-ml/data/quality/maturity/train/Rutab/morocco-bouisthami__bouisthami__DSC_3003__0.jpg
/Users/ayush/Downloads/date-fruit-quality-ml/data/maturity/crops/Rutab/boumajhoul__20220919_190251(0)__0.jpg,Rutab,boumajhoul,train,morocco-boumajhoul,/Users/ayush/Downloads/date-fruit-quality-ml/data/quality/maturity/train/Rutab/morocco-boumajhoul__boumajhoul__20220919_190251(0)__0.jpg
/Users/ayush/Downloads/date-fruit-quality-ml/data/maturity/crops/Khalal/bouisthami__DSC_2578__0.jpg,Khalal,bouisthami,train,morocco-bouisthami,/Users/ayush/Downloads/date-fruit-quality-ml/data/quality/maturity/train/Khalal/morocco-bouisthami__bouisthami__DSC_2578__0.jpg
/Users/ayush/Downloads/date-fruit-quality-ml/data/maturity/crops/Tamar/bouisthami__WhatsApp Image 2022-10-10 at 11.46.48__1.jpg,Tamar,bouisthami,train,morocco-bouisthami,/Users/ayush/Downloads/date-fruit-quality-ml/data/quality/maturity/train/Tamar/morocco-bouisthami__bouisthami__WhatsApp Image 2022-10-10 at 11.46.48__1.jpg
/Users/ayush/Downloads/date-fruit-quality-ml/data/maturity/crops/Khalal/boufagous__20220901_182705(0)__1.jpg,Khalal,boufagous,train,morocco-boufagous,/Users/ayush/Downloads/date-fruit-quality-ml/data/quality/maturity/train/Khalal/morocco-boufagous__boufagous__20220901_182705(0)__1.jpg
/Users/ayush/Downloads/date-fruit-quality-ml/data/maturity/crops/Khalal/boufagous__20220901_182732__1.jpg,Khalal,boufagous,train,morocco-boufagous,/Users/ayush/Downloads/date-fruit-quality-ml/data/quality/maturity/train/Khalal/morocco-boufagous__boufagous__20220901_182732__1.jpg
/Users/ayush/Downloads/date-fruit-quality-ml/data/maturity/crops/Immature/boufagous__20220726_201035__0.jpg,Immature,boufagous,train,morocco-boufagous,/Users/ayush/Downloads/date-fruit-quality-ml/data/quality/maturity/train/Immature/morocco-boufagous__boufagous__20220726_201035__0.jpg
/Users/ayush/Downloads/date-fruit-quality-ml/data/maturity/crops/Tamar/boumajhoul__20221009_174723__0.jpg,Tamar,boumajhoul,train,morocco-boumajhoul,/Users/ayush/Downloads/date-fruit-quality-ml/data/quality/maturity/train/Tamar/morocco-boumajhoul__boumajhoul__20221009_174723__0.jpg
/Users/ayush/Downloads/date-fruit-quality-ml/data/maturity/crops/Tamar/bouisthami__WhatsApp Image 2022-10-10 at 11.49.05 (3)__2.jpg,Tamar,bouisthami,train,morocco-bouisthami,/Users/ayush/Downloads/date-fruit-quality-ml/data/quality/maturity/train/Tamar/morocco-bouisthami__bouisthami__WhatsApp Image 2022-10-10 at 11.49.05 (3)__2.jpg
/Users/ayush/Downloads/date-fruit-quality-ml/data/maturity/crops/Immature/bouisthami__BOUSTH_Stage1_Im74__0.jpg,Immature,bouisthami,train,morocco-bouisthami,/Users/ayush/Downloads/date-fruit-quality-ml/data/quality/maturity/train/Immature/morocco-bouisthami__bouisthami__BOUSTH_Stage1_Im74__0.jpg
/Users/ayush/Downloads/date-fruit-quality-ml/data/maturity/crops/Khalal/boumajhoul__20220901_131959__0.jpg,Khalal,boumajhoul,train,morocco-boumajhoul,/Users/ayush/Downloads/date-fruit-quality-ml/data/quality/maturity/train/Khalal/morocco-boumajhoul__boumajhoul__20220901_131959__0.jpg
/Users/ayush/Downloads/date-fruit-quality-ml/data/maturity/crops/Immature/boumajhoul__Elmjhoul_Stage1_Im66__1.jpg,Immature,boumajhoul,train,morocco-boumajhoul,/Users/ayush/Downloads/date-fruit-quality-ml/data/quality/maturity/train/Immature/morocco-boumajhoul__boumajhoul__Elmjhoul_Stage1_Im66__1.jpg
/Users/ayush/Downloads/date-fruit-quality-ml/data/maturity/crops/Immature/bouisthami__BOUSTH_Stage1_Im71__0.jpg,Immature,bouisthami,train,morocco-bouisthami,/Users/ayush/Downloads/date-fruit-quality-ml/data/quality/maturity/train/Immature/morocco-bouisthami__bouisthami__BOUSTH_Stage1_Im71__0.jpg
/Users/ayush/Downloads/date-fruit-quality-ml/data/maturity/crops/Khalal/boumajhoul__20220901_131206__0.jpg,Khalal,boumajhoul,train,morocco-boumajhoul,/Users/ayush/Downloads/date-fruit-quality-ml/data/quality/maturity/train/Khalal/morocco-boumajhoul__boumajhoul__20220901_131206__0.jpg
/Users/ayush/Downloads/date-fruit-quality-ml/data/maturity/crops/Tamar/boumajhoul__20221009_180931__0.jpg,Tamar,boumajhoul,train,morocco-boumajhoul,/Users/ayush/Downloads/date-fruit-quality-ml/data/quality/maturity/train/Tamar/morocco-boumajhoul__boumajhoul__20221009_180931__0.jpg
/Users/ayush/Downloads/date-fruit-quality-ml/data/maturity/crops/Tamar/bouisthami__WhatsApp Image 2022-10-10 at 16.18.01__2.jpg,Tamar,bouisthami,train,morocco-bouisthami,/Users/ayush/Downloads/date-fruit-quality-ml/data/quality/maturity/train/Tamar/morocco-bouisthami__bouisthami__WhatsApp Image 2022-10-10 at 16.18.01__2.jpg
/Users/ayush/Downloads/date-fruit-quality-ml/data/maturity/crops/Tamar/boumajhoul__20221009_174911__0.jpg,Tamar,boumajhoul,train,morocco-boumajhoul,/Users/ayush/Downloads/date-fruit-quality-ml/data/quality/maturity/train/Tamar/morocco-boumajhoul__boumajhoul__20221009_174911__0.jpg
/Users/ayush/Downloads/date-fruit-quality-ml/data/maturity/crops/Khalal/bouisthami__DSC_2580__0.jpg,Khalal,bouisthami,train,morocco-bouisthami,/Users/ayush/Downloads/date-fruit-quality-ml/data/quality/maturity/train/Khalal/morocco-bouisthami__bouisthami__DSC_2580__0.jpg
/Users/ayush/Downloads/date-fruit-quality-ml/data/maturity/crops/Tamar/bouisthami__WhatsApp Image 2022-10-10 at 11.48.57__0.jpg,Tamar,bouisthami,train,morocco-bouisthami,/Users/ayush/Downloads/date-fruit-quality-ml/data/quality/maturity/train/Tamar/morocco-bouisthami__bouisthami__WhatsApp Image 2022-10-10 at 11.48.57__0.jpg
/Users/ayush/Downloads/date-fruit-quality-ml/data/maturity/crops/Tamar/boumajhoul__20221009_180846__0.jpg,Tamar,boumajhoul,train,morocco-boumajhoul,/Users/ayush/Downloads/date-fruit-quality-ml/data/quality/maturity/train/Tamar/morocco-boumajhoul__boumajhoul__20221009_180846__0.jpg
/Users/ayush/Downloads/date-fruit-quality-ml/data/maturity/crops/Khalal/bouisthami__DSC_2520__1.jpg,Khalal,bouisthami,train,morocco-bouisthami,/Users/ayush/Downloads/date-fruit-quality-ml/data/quality/maturity/train/Khalal/morocco-bouisthami__bouisthami__DSC_2520__1.jpg
/Users/ayush/Downloads/date-fruit-quality-ml/data/maturity/crops/Khalal/boufagous__DSC_2649__3.jpg,Khalal,boufagous,train,morocco-boufagous,/Users/ayush/Downloads/date-fruit-quality-ml/data/quality/maturity/train/Khalal/morocco-boufagous__boufagous__DSC_2649__3.jpg
/Users/ayush/Downloads/date-fruit-quality-ml/data/maturity/crops/Immature/boumajhoul__20220726_174410__0.jpg,Immature,boumajhoul,train,morocco-boumajhoul,/Users/ayush/Downloads/date-fruit-quality-ml/data/quality/maturity/train/Immature/morocco-boumajhoul__boumajhoul__20220726_174410__0.jpg
/Users/ayush/Downloads/date-fruit-quality-ml/data/maturity/crops/Tamar/boumajhoul__20221009_180156__0.jpg,Tamar,boumajhoul,train,morocco-boumajhoul,/Users/ayush/Downloads/date-fruit-quality-ml/data/quality/maturity/train/Tamar/morocco-boumajhoul__boumajhoul__20221009_180156__0.jpg
/Users/ayush/Downloads/date-fruit-quality-ml/data/maturity/crops/Tamar/bouisthami__WhatsApp Image 2022-10-10 at 16.18.01__0.jpg,Tamar,bouisthami,train,morocco-bouisthami,/Users/ayush/Downloads/date-fruit-quality-ml/data/quality/maturity/train/Tamar/morocco-bouisthami__bouisthami__WhatsApp Image 2022-10-10 at 16.18.01__0.jpg
/Users/ayush/Downloads/date-fruit-quality-ml/data/maturity/crops/Tamar/bouisthami__WhatsApp Image 2022-10-10 at 11.58.32__0.jpg,Tamar,bouisthami,train,morocco-bouisthami,/Users/ayush/Downloads/date-fruit-quality-ml/data/quality/maturity/train/Tamar/morocco-bouisthami__bouisthami__WhatsApp Image 2022-10-10 at 11.58.32__0.jpg
/Users/ayush/Downloads/date-fruit-quality-ml/data/maturity/crops/Rutab/boumajhoul__20220919_190308__1.jpg,Rutab,boumajhoul,train,morocco-boumajhoul,/Users/ayush/Downloads/date-fruit-quality-ml/data/quality/maturity/train/Rutab/morocco-boumajhoul__boumajhoul__20220919_190308__1.jpg
/Users/ayush/Downloads/date-fruit-quality-ml/data/maturity/crops/Immature/boufagous__20220819_115101__1.jpg,Immature,boufagous,train,morocco-boufagous,/Users/ayush/Downloads/date-fruit-quality-ml/data/quality/maturity/train/Immature/morocco-boufagous__boufagous__20220819_115101__1.jpg
/Users/ayush/Downloads/date-fruit-quality-ml/data/maturity/crops/Khalal/boufagous__20220901_180326(0)__0.jpg,Khalal,boufagous,train,morocco-boufagous,/Users/ayush/Downloads/date-fruit-quality-ml/data/quality/maturity/train/Khalal/morocco-boufagous__boufagous__20220901_180326(0)__0.jpg
/Users/ayush/Downloads/date-fruit-quality-ml/data/maturity/crops/Khalal/bouisthami__DSC_2518__0.jpg,Khalal,bouisthami,train,morocco-bouisthami,/Users/ayush/Downloads/date-fruit-quality-ml/data/quality/maturity/train/Khalal/morocco-bouisthami__bouisthami__DSC_2518__0.jpg
/Users/ayush/Downloads/date-fruit-quality-ml/data/maturity/crops/Rutab/bouisthami__DSC_3002__0.jpg,Rutab,bouisthami,train,morocco-bouisthami,/Users/ayush/Downloads/date-fruit-quality-ml/data/quality/maturity/train/Rutab/morocco-bouisthami__bouisthami__DSC_3002__0.jpg
/Users/ayush/Downloads/date-fruit-quality-ml/data/maturity/crops/Khalal/boufagous__DSC_2658__0.jpg,Khalal,boufagous,train,morocco-boufagous,/Users/ayush/Downloads/date-fruit-quality-ml/data/quality/maturity/train/Khalal/morocco-boufagous__boufagous__DSC_2658__0.jpg
/Users/ayush/Downloads/date-fruit-quality-ml/data/maturity/crops/Khalal/bouisthami__DSC_2578__1.jpg,Khalal,bouisthami,train,morocco-bouisthami,/Users/ayush/Downloads/date-fruit-quality-ml/data/quality/maturity/train/Khalal/morocco-bouisthami__bouisthami__DSC_2578__1.jpg
/Users/ayush/Downloads/date-fruit-quality-ml/data/maturity/crops/Immature/boumajhoul__20220726_174230__0.jpg,Immature,boumajhoul,train,morocco-boumajhoul,/Users/ayush/Downloads/date-fruit-quality-ml/data/quality/maturity/train/Immature/morocco-boumajhoul__boumajhoul__20220726_174230__0.jpg
/Users/ayush/Downloads/date-fruit-quality-ml/data/maturity/crops/Rutab/boumajhoul__20220919_190749__0.jpg,Rutab,boumajhoul,train,morocco-boumajhoul,/Users/ayush/Downloads/date-fruit-quality-ml/data/quality/maturity/train/Rutab/morocco-boumajhoul__boumajhoul__20220919_190749__0.jpg
/Users/ayush/Downloads/date-fruit-quality-ml/data/maturity/crops/Rutab/boufagous__20220922_133727(0)__1.jpg,Rutab,boufagous,train,morocco-boufagous,/Users/ayush/Downloads/date-fruit-quality-ml/data/quality/maturity/train/Rutab/morocco-boufagous__boufagous__20220922_133727(0)__1.jpg
/Users/ayush/Downloads/date-fruit-quality-ml/data/maturity/crops/Tamar/bouisthami__WhatsApp Image 2022-10-10 at 11.58.32__2.jpg,Tamar,bouisthami,train,morocco-bouisthami,/Users/ayush/Downloads/date-fruit-quality-ml/data/quality/maturity/train/Tamar/morocco-bouisthami__bouisthami__WhatsApp Image 2022-10-10 at 11.58.32__2.jpg
/Users/ayush/Downloads/date-fruit-quality-ml/data/maturity/crops/Immature/boufagous__20220819_114738__1.jpg,Immature,boufagous,train,morocco-boufagous,/Users/ayush/Downloads/date-fruit-quality-ml/data/quality/maturity/train/Immature/morocco-boufagous__boufagous__20220819_114738__1.jpg
/Users/ayush/Downloads/date-fruit-quality-ml/data/maturity/crops/Rutab/boumajhoul__20220919_185601__1.jpg,Rutab,boumajhoul,train,morocco-boumajhoul,/Users/ayush/Downloads/date-fruit-quality-ml/data/quality/maturity/train/Rutab/morocco-boumajhoul__boumajhoul__20220919_185601__1.jpg
/Users/ayush/Downloads/date-fruit-quality-ml/data/maturity/crops/Rutab/boufagous__20220922_190254(0)__0.jpg,Rutab,boufagous,train,morocco-boufagous,/Users/ayush/Downloads/date-fruit-quality-ml/data/quality/maturity/train/Rutab/morocco-boufagous__boufagous__20220922_190254(0)__0.jpg
/Users/ayush/Downloads/date-fruit-quality-ml/data/maturity/crops/Khalal/bouisthami__DSC_2527__1.jpg,Khalal,bouisthami,train,morocco-bouisthami,/Users/ayush/Downloads/date-fruit-quality-ml/data/quality/maturity/train/Khalal/morocco-bouisthami__bouisthami__DSC_2527__1.jpg
/Users/ayush/Downloads/date-fruit-quality-ml/data/maturity/crops/Khalal/bouisthami__DSC_2551__0.jpg,Khalal,bouisthami,train,morocco-bouisthami,/Users/ayush/Downloads/date-fruit-quality-ml/data/quality/maturity/train/Khalal/morocco-bouisthami__bouisthami__DSC_2551__0.jpg
/Users/ayush/Downloads/date-fruit-quality-ml/data/maturity/crops/Immature/boumajhoul__20220725_180957__0.jpg,Immature,boumajhoul,train,morocco-boumajhoul,/Users/ayush/Downloads/date-fruit-quality-ml/data/quality/maturity/train/Immature/morocco-boumajhoul__boumajhoul__20220725_180957__0.jpg
/Users/ayush/Downloads/date-fruit-quality-ml/data/maturity/crops/Khalal/boumajhoul__20220901_131029__0.jpg,Khalal,boumajhoul,train,morocco-boumajhoul,/Users/ayush/Downloads/date-fruit-quality-ml/data/quality/maturity/train/Khalal/morocco-boumajhoul__boumajhoul__20220901_131029__0.jpg
/Users/ayush/Downloads/date-fruit-quality-ml/data/maturity/crops/Tamar/boufagous__20221008_155614__0.jpg,Tamar,boufagous,train,morocco-boufagous,/Users/ayush/Downloads/date-fruit-quality-ml/data/quality/maturity/train/Tamar/morocco-boufagous__boufagous__20221008_155614__0.jpg
/Users/ayush/Downloads/date-fruit-quality-ml/data/maturity/crops/Immature/boufagous__20220819_115229__0.jpg,Immature,boufagous,train,morocco-boufagous,/Users/ayush/Downloads/date-fruit-quality-ml/data/quality/maturity/train/Immature/morocco-boufagous__boufagous__20220819_115229__0.jpg
/Users/ayush/Downloads/date-fruit-quality-ml/data/maturity/crops/Khalal/bouisthami__DSC_2556__0.jpg,Khalal,bouisthami,train,morocco-bouisthami,/Users/ayush/Downloads/date-fruit-quality-ml/data/quality/maturity/train/Khalal/morocco-bouisthami__bouisthami__DSC_2556__0.jpg
/Users/ayush/Downloads/date-fruit-quality-ml/data/maturity/crops/Rutab/bouisthami__DSC_2976__1.jpg,Rutab,bouisthami,train,morocco-bouisthami,/Users/ayush/Downloads/date-fruit-quality-ml/data/quality/maturity/train/Rutab/morocco-bouisthami__bouisthami__DSC_2976__1.jpg
/Users/ayush/Downloads/date-fruit-quality-ml/data/maturity/crops/Khalal/bouisthami__DSC_2560__4.jpg,Khalal,bouisthami,train,morocco-bouisthami,/Users/ayush/Downloads/date-fruit-quality-ml/data/quality/maturity/train/Khalal/morocco-bouisthami__bouisthami__DSC_2560__4.jpg
/Users/ayush/Downloads/date-fruit-quality-ml/data/maturity/crops/Rutab/bouisthami__DSC_3012__4.jpg,Rutab,bouisthami,train,morocco-bouisthami,/Users/ayush/Downloads/date-fruit-quality-ml/data/quality/maturity/train/Rutab/morocco-bouisthami__bouisthami__DSC_3012__4.jpg
/Users/ayush/Downloads/date-fruit-quality-ml/data/maturity/crops/Rutab/bouisthami__DSC_2997__0.jpg,Rutab,bouisthami,train,morocco-bouisthami,/Users/ayush/Downloads/date-fruit-quality-ml/data/quality/maturity/train/Rutab/morocco-bouisthami__bouisthami__DSC_2997__0.jpg
/Users/ayush/Downloads/date-fruit-quality-ml/data/maturity/crops/Rutab/bouisthami__DSC_3019__0.jpg,Rutab,bouisthami,train,morocco-bouisthami,/Users/ayush/Downloads/date-fruit-quality-ml/data/quality/maturity/train/Rutab/morocco-bouisthami__bouisthami__DSC_3019__0.jpg
/Users/ayush/Downloads/date-fruit-quality-ml/data/maturity/crops/Khalal/boufagous__DSC_2649__4.jpg,Khalal,boufagous,train,morocco-boufagous,/Users/ayush/Downloads/date-fruit-quality-ml/data/quality/maturity/train/Khalal/morocco-boufagous__boufagous__DSC_2649__4.jpg
/Users/ayush/Downloads/date-fruit-quality-ml/data/maturity/crops/Tamar/boufagous__20221008_155256__0.jpg,Tamar,boufagous,train,morocco-boufagous,/Users/ayush/Downloads/date-fruit-quality-ml/data/quality/maturity/train/Tamar/morocco-boufagous__boufagous__20221008_155256__0.jpg
/Users/ayush/Downloads/date-fruit-quality-ml/data/maturity/crops/Khalal/bouisthami__DSC_2540__2.jpg,Khalal,bouisthami,train,morocco-bouisthami,/Users/ayush/Downloads/date-fruit-quality-ml/data/quality/maturity/train/Khalal/morocco-bouisthami__bouisthami__DSC_2540__2.jpg
/Users/ayush/Downloads/date-fruit-quality-ml/data/maturity/crops/Rutab/boumajhoul__20220920_125626__0.jpg,Rutab,boumajhoul,train,morocco-boumajhoul,/Users/ayush/Downloads/date-fruit-quality-ml/data/quality/maturity/train/Rutab/morocco-boumajhoul__boumajhoul__20220920_125626__0.jpg
/Users/ayush/Downloads/date-fruit-quality-ml/data/maturity/crops/Khalal/boumajhoul__Elmajhoul_Stage2_Im26__3.jpg,Khalal,boumajhoul,train,morocco-boumajhoul,/Users/ayush/Downloads/date-fruit-quality-ml/data/quality/maturity/train/Khalal/morocco-boumajhoul__boumajhoul__Elmajhoul_Stage2_Im26__3.jpg
/Users/ayush/Downloads/date-fruit-quality-ml/data/maturity/crops/Tamar/bouisthami__WhatsApp Image 2022-10-10 at 11.58.33__0.jpg,Tamar,bouisthami,train,morocco-bouisthami,/Users/ayush/Downloads/date-fruit-quality-ml/data/quality/maturity/train/Tamar/morocco-bouisthami__bouisthami__WhatsApp Image 2022-10-10 at 11.58.33__0.jpg
/Users/ayush/Downloads/date-fruit-quality-ml/data/maturity/crops/Khalal/boumajhoul__20220901_132012__1.jpg,Khalal,boumajhoul,train,morocco-boumajhoul,/Users/ayush/Downloads/date-fruit-quality-ml/data/quality/maturity/train/Khalal/morocco-boumajhoul__boumajhoul__20220901_132012__1.jpg
/Users/ayush/Downloads/date-fruit-quality-ml/data/maturity/crops/Immature/bouisthami__BOUSTH_Stage1_Im24__0.jpg,Immature,bouisthami,train,morocco-bouisthami,/Users/ayush/Downloads/date-fruit-quality-ml/data/quality/maturity/train/Immature/morocco-bouisthami__bouisthami__BOUSTH_Stage1_Im24__0.jpg
/Users/ayush/Downloads/date-fruit-quality-ml/data/maturity/crops/Immature/bouisthami__BOUSTH_Stage1_Im91__0.jpg,Immature,bouisthami,train,morocco-bouisthami,/Users/ayush/Downloads/date-fruit-quality-ml/data/quality/maturity/train/Immature/morocco-bouisthami__bouisthami__BOUSTH_Stage1_Im91__0.jpg
/Users/ayush/Downloads/date-fruit-quality-ml/data/maturity/crops/Tamar/bouisthami__WhatsApp Image 2022-10-08 at 22.02.49__0.jpg,Tamar,bouisthami,train,morocco-bouisthami,/Users/ayush/Downloads/date-fruit-quality-ml/data/quality/maturity/train/Tamar/morocco-bouisthami__bouisthami__WhatsApp Image 2022-10-08 at 22.02.49__0.jpg
/Users/ayush/Downloads/date-fruit-quality-ml/data/maturity/crops/Rutab/boufagous__20220922_183731__0.jpg,Rutab,boufagous,train,morocco-boufagous,/Users/ayush/Downloads/date-fruit-quality-ml/data/quality/maturity/train/Rutab/morocco-boufagous__boufagous__20220922_183731__0.jpg
/Users/ayush/Downloads/date-fruit-quality-ml/data/maturity/crops/Khalal/boufagous__DSC_2474__5.jpg,Khalal,boufagous,train,morocco-boufagous,/Users/ayush/Downloads/date-fruit-quality-ml/data/quality/maturity/train/Khalal/morocco-boufagous__boufagous__DSC_2474__5.jpg
/Users/ayush/Downloads/date-fruit-quality-ml/data/maturity/crops/Khalal/boumajhoul__20220901_132204__0.jpg,Khalal,boumajhoul,train,morocco-boumajhoul,/Users/ayush/Downloads/date-fruit-quality-ml/data/quality/maturity/train/Khalal/morocco-boumajhoul__boumajhoul__20220901_132204__0.jpg
/Users/ayush/Downloads/date-fruit-quality-ml/data/maturity/crops/Khalal/boumajhoul__20220901_131917__0.jpg,Khalal,boumajhoul,train,morocco-boumajhoul,/Users/ayush/Downloads/date-fruit-quality-ml/data/quality/maturity/train/Khalal/morocco-boumajhoul__boumajhoul__20220901_131917__0.jpg
/Users/ayush/Downloads/date-fruit-quality-ml/data/maturity/crops/Immature/bouisthami__BOUSTH_Stage1_Im55__1.jpg,Immature,bouisthami,train,morocco-bouisthami,/Users/ayush/Downloads/date-fruit-quality-ml/data/quality/maturity/train/Immature/morocco-bouisthami__bouisthami__BOUSTH_Stage1_Im55__1.jpg
/Users/ayush/Downloads/date-fruit-quality-ml/data/maturity/crops/Tamar/boumajhoul__20221009_174752__0.jpg,Tamar,boumajhoul,train,morocco-boumajhoul,/Users/ayush/Downloads/date-fruit-quality-ml/data/quality/maturity/train/Tamar/morocco-boumajhoul__boumajhoul__20221009_174752__0.jpg
/Users/ayush/Downloads/date-fruit-quality-ml/data/maturity/crops/Rutab/boufagous__20220922_183731__2.jpg,Rutab,boufagous,train,morocco-boufagous,/Users/ayush/Downloads/date-fruit-quality-ml/data/quality/maturity/train/Rutab/morocco-boufagous__boufagous__20220922_183731__2.jpg
/Users/ayush/Downloads/date-fruit-quality-ml/data/maturity/crops/Khalal/boufagous__20220901_175855__1.jpg,Khalal,boufagous,train,morocco-boufagous,/Users/ayush/Downloads/date-fruit-quality-ml/data/quality/maturity/train/Khalal/morocco-boufagous__boufagous__20220901_175855__1.jpg
/Users/ayush/Downloads/date-fruit-quality-ml/data/maturity/crops/Rutab/boufagous__20220922_133827__0.jpg,Rutab,boufagous,train,morocco-boufagous,/Users/ayush/Downloads/date-fruit-quality-ml/data/quality/maturity/train/Rutab/morocco-boufagous__boufagous__20220922_133827__0.jpg
/Users/ayush/Downloads/date-fruit-quality-ml/data/maturity/crops/Tamar/boufagous__20221008_155116__1.jpg,Tamar,boufagous,train,morocco-boufagous,/Users/ayush/Downloads/date-fruit-quality-ml/data/quality/maturity/train/Tamar/morocco-boufagous__boufagous__20221008_155116__1.jpg
/Users/ayush/Downloads/date-fruit-quality-ml/data/maturity/crops/Rutab/bouisthami__DSC_3013__3.jpg,Rutab,bouisthami,train,morocco-bouisthami,/Users/ayush/Downloads/date-fruit-quality-ml/data/quality/maturity/train/Rutab/morocco-bouisthami__bouisthami__DSC_3013__3.jpg
/Users/ayush/Downloads/date-fruit-quality-ml/data/maturity/crops/Khalal/bouisthami__DSC_2583__3.jpg,Khalal,bouisthami,train,morocco-bouisthami,/Users/ayush/Downloads/date-fruit-quality-ml/data/quality/maturity/train/Khalal/morocco-bouisthami__bouisthami__DSC_2583__3.jpg
/Users/ayush/Downloads/date-fruit-quality-ml/data/maturity/crops/Khalal/bouisthami__DSC_2575__4.jpg,Khalal,bouisthami,train,morocco-bouisthami,/Users/ayush/Downloads/date-fruit-quality-ml/data/quality/maturity/train/Khalal/morocco-bouisthami__bouisthami__DSC_2575__4.jpg
/Users/ayush/Downloads/date-fruit-quality-ml/data/maturity/crops/Khalal/bouisthami__DSC_2540__0.jpg,Khalal,bouisthami,train,morocco-bouisthami,/Users/ayush/Downloads/date-fruit-quality-ml/data/quality/maturity/train/Khalal/morocco-bouisthami__bouisthami__DSC_2540__0.jpg
/Users/ayush/Downloads/date-fruit-quality-ml/data/maturity/crops/Khalal/boufagous__DSC_2483__1.jpg,Khalal,boufagous,train,morocco-boufagous,/Users/ayush/Downloads/date-fruit-quality-ml/data/quality/maturity/train/Khalal/morocco-boufagous__boufagous__DSC_2483__1.jpg
/Users/ayush/Downloads/date-fruit-quality-ml/data/maturity/crops/Tamar/boumajhoul__20221009_173752__2.jpg,Tamar,boumajhoul,train,morocco-boumajhoul,/Users/ayush/Downloads/date-fruit-quality-ml/data/quality/maturity/train/Tamar/morocco-boumajhoul__boumajhoul__20221009_173752__2.jpg
/Users/ayush/Downloads/date-fruit-quality-ml/data/maturity/crops/Rutab/boumajhoul__20220919_190411__0.jpg,Rutab,boumajhoul,train,morocco-boumajhoul,/Users/ayush/Downloads/date-fruit-quality-ml/data/quality/maturity/train/Rutab/morocco-boumajhoul__boumajhoul__20220919_190411__0.jpg
/Users/ayush/Downloads/date-fruit-quality-ml/data/maturity/crops/Tamar/boumajhoul__20221009_173535__0.jpg,Tamar,boumajhoul,train,morocco-boumajhoul,/Users/ayush/Downloads/date-fruit-quality-ml/data/quality/maturity/train/Tamar/morocco-boumajhoul__boumajhoul__20221009_173535__0.jpg
/Users/ayush/Downloads/date-fruit-quality-ml/data/maturity/crops/Rutab/bouisthami__DSC_2994__1.jpg,Rutab,bouisthami,train,morocco-bouisthami,/Users/ayush/Downloads/date-fruit-quality-ml/data/quality/maturity/train/Rutab/morocco-bouisthami__bouisthami__DSC_2994__1.jpg
/Users/ayush/Downloads/date-fruit-quality-ml/data/maturity/crops/Tamar/bouisthami__WhatsApp Image 2022-10-10 at 11.48.48__1.jpg,Tamar,bouisthami,train,morocco-bouisthami,/Users/ayush/Downloads/date-fruit-quality-ml/data/quality/maturity/train/Tamar/morocco-bouisthami__bouisthami__WhatsApp Image 2022-10-10 at 11.48.48__1.jpg
/Users/ayush/Downloads/date-fruit-quality-ml/data/maturity/crops/Rutab/bouisthami__DSC_2974__0.jpg,Rutab,bouisthami,train,morocco-bouisthami,/Users/ayush/Downloads/date-fruit-quality-ml/data/quality/maturity/train/Rutab/morocco-bouisthami__bouisthami__DSC_2974__0.jpg
/Users/ayush/Downloads/date-fruit-quality-ml/data/maturity/crops/Immature/bouisthami__BOUSTH_Stage1_Im64__1.jpg,Immature,bouisthami,train,morocco-bouisthami,/Users/ayush/Downloads/date-fruit-quality-ml/data/quality/maturity/train/Immature/morocco-bouisthami__bouisthami__BOUSTH_Stage1_Im64__1.jpg
/Users/ayush/Downloads/date-fruit-quality-ml/data/maturity/crops/Tamar/boumajhoul__20221009_173505__3.jpg,Tamar,boumajhoul,train,morocco-boumajhoul,/Users/ayush/Downloads/date-fruit-quality-ml/data/quality/maturity/train/Tamar/morocco-boumajhoul__boumajhoul__20221009_173505__3.jpg
/Users/ayush/Downloads/date-fruit-quality-ml/data/maturity/crops/Tamar/boumajhoul__20221009_180946__1.jpg,Tamar,boumajhoul,train,morocco-boumajhoul,/Users/ayush/Downloads/date-fruit-quality-ml/data/quality/maturity/train/Tamar/morocco-boumajhoul__boumajhoul__20221009_180946__1.jpg
/Users/ayush/Downloads/date-fruit-quality-ml/data/maturity/crops/Tamar/boufagous__20221008_153752__0.jpg,Tamar,boufagous,train,morocco-boufagous,/Users/ayush/Downloads/date-fruit-quality-ml/data/quality/maturity/train/Tamar/morocco-boufagous__boufagous__20221008_153752__0.jpg
/Users/ayush/Downloads/date-fruit-quality-ml/data/maturity/crops/Rutab/boufagous__20220922_183932(0)__1.jpg,Rutab,boufagous,train,morocco-boufagous,/Users/ayush/Downloads/date-fruit-quality-ml/data/quality/maturity/train/Rutab/morocco-boufagous__boufagous__20220922_183932(0)__1.jpg
/Users/ayush/Downloads/date-fruit-quality-ml/data/maturity/crops/Tamar/boumajhoul__20221009_180751__0.jpg,Tamar,boumajhoul,train,morocco-boumajhoul,/Users/ayush/Downloads/date-fruit-quality-ml/data/quality/maturity/train/Tamar/morocco-boumajhoul__boumajhoul__20221009_180751__0.jpg
/Users/ayush/Downloads/date-fruit-quality-ml/data/maturity/crops/Khalal/bouisthami__DSC_2567__1.jpg,Khalal,bouisthami,train,morocco-bouisthami,/Users/ayush/Downloads/date-fruit-quality-ml/data/quality/maturity/train/Khalal/morocco-bouisthami__bouisthami__DSC_2567__1.jpg
/Users/ayush/Downloads/date-fruit-quality-ml/data/maturity/crops/Khalal/boufagous__20220901_182450__1.jpg,Khalal,boufagous,train,morocco-boufagous,/Users/ayush/Downloads/date-fruit-quality-ml/data/quality/maturity/train/Khalal/morocco-boufagous__boufagous__20220901_182450__1.jpg
/Users/ayush/Downloads/date-fruit-quality-ml/data/maturity/crops/Rutab/boumajhoul__20220920_124824__0.jpg,Rutab,boumajhoul,train,morocco-boumajhoul,/Users/ayush/Downloads/date-fruit-quality-ml/data/quality/maturity/train/Rutab/morocco-boumajhoul__boumajhoul__20220920_124824__0.jpg
/Users/ayush/Downloads/date-fruit-quality-ml/data/maturity/crops/Khalal/bouisthami__DSC_2515__0.jpg,Khalal,bouisthami,train,morocco-bouisthami,/Users/ayush/Downloads/date-fruit-quality-ml/data/quality/maturity/train/Khalal/morocco-bouisthami__bouisthami__DSC_2515__0.jpg
/Users/ayush/Downloads/date-fruit-quality-ml/data/maturity/crops/Rutab/bouisthami__DSC_3012__0.jpg,Rutab,bouisthami,train,morocco-bouisthami,/Users/ayush/Downloads/date-fruit-quality-ml/data/quality/maturity/train/Rutab/morocco-bouisthami__bouisthami__DSC_3012__0.jpg
/Users/ayush/Downloads/date-fruit-quality-ml/data/maturity/crops/Immature/boufagous__Boufgous_Stage1_Im85__1.jpg,Immature,boufagous,train,morocco-boufagous,/Users/ayush/Downloads/date-fruit-quality-ml/data/quality/maturity/train/Immature/morocco-boufagous__boufagous__Boufgous_Stage1_Im85__1.jpg
/Users/ayush/Downloads/date-fruit-quality-ml/data/maturity/crops/Immature/bouisthami__BOUSTH_Stage1_Im18__1.jpg,Immature,bouisthami,train,morocco-bouisthami,/Users/ayush/Downloads/date-fruit-quality-ml/data/quality/maturity/train/Immature/morocco-bouisthami__bouisthami__BOUSTH_Stage1_Im18__1.jpg
/Users/ayush/Downloads/date-fruit-quality-ml/data/maturity/crops/Khalal/bouisthami__DSC_2533__1.jpg,Khalal,bouisthami,train,morocco-bouisthami,/Users/ayush/Downloads/date-fruit-quality-ml/data/quality/maturity/train/Khalal/morocco-bouisthami__bouisthami__DSC_2533__1.jpg
/Users/ayush/Downloads/date-fruit-quality-ml/data/maturity/crops/Immature/bouisthami__BOUSTH_Stage1_Im4__4.jpg,Immature,bouisthami,train,morocco-bouisthami,/Users/ayush/Downloads/date-fruit-quality-ml/data/quality/maturity/train/Immature/morocco-bouisthami__bouisthami__BOUSTH_Stage1_Im4__4.jpg
/Users/ayush/Downloads/date-fruit-quality-ml/data/maturity/crops/Rutab/bouisthami__DSC_3003__1.jpg,Rutab,bouisthami,train,morocco-bouisthami,/Users/ayush/Downloads/date-fruit-quality-ml/data/quality/maturity/train/Rutab/morocco-bouisthami__bouisthami__DSC_3003__1.jpg
/Users/ayush/Downloads/date-fruit-quality-ml/data/maturity/crops/Tamar/boumajhoul__20221009_173752__1.jpg,Tamar,boumajhoul,train,morocco-boumajhoul,/Users/ayush/Downloads/date-fruit-quality-ml/data/quality/maturity/train/Tamar/morocco-boumajhoul__boumajhoul__20221009_173752__1.jpg
/Users/ayush/Downloads/date-fruit-quality-ml/data/maturity/crops/Immature/boufagous__20220726_201147__0.jpg,Immature,boufagous,train,morocco-boufagous,/Users/ayush/Downloads/date-fruit-quality-ml/data/quality/maturity/train/Immature/morocco-boufagous__boufagous__20220726_201147__0.jpg
/Users/ayush/Downloads/date-fruit-quality-ml/data/maturity/crops/Khalal/bouisthami__DSC_2905__0.jpg,Khalal,bouisthami,train,morocco-bouisthami,/Users/ayush/Downloads/date-fruit-quality-ml/data/quality/maturity/train/Khalal/morocco-bouisthami__bouisthami__DSC_2905__0.jpg
/Users/ayush/Downloads/date-fruit-quality-ml/data/maturity/crops/Immature/bouisthami__BOUSTH_Stage1_Im72__3.jpg,Immature,bouisthami,train,morocco-bouisthami,/Users/ayush/Downloads/date-fruit-quality-ml/data/quality/maturity/train/Immature/morocco-bouisthami__bouisthami__BOUSTH_Stage1_Im72__3.jpg
/Users/ayush/Downloads/date-fruit-quality-ml/data/maturity/crops/Khalal/boumajhoul__20220901_130558__0.jpg,Khalal,boumajhoul,train,morocco-boumajhoul,/Users/ayush/Downloads/date-fruit-quality-ml/data/quality/maturity/train/Khalal/morocco-boumajhoul__boumajhoul__20220901_130558__0.jpg
/Users/ayush/Downloads/date-fruit-quality-ml/data/maturity/crops/Khalal/boumajhoul__20220901_130723__1.jpg,Khalal,boumajhoul,train,morocco-boumajhoul,/Users/ayush/Downloads/date-fruit-quality-ml/data/quality/maturity/train/Khalal/morocco-boumajhoul__boumajhoul__20220901_130723__1.jpg
/Users/ayush/Downloads/date-fruit-quality-ml/data/maturity/crops/Rutab/boumajhoul__20220919_190212__2.jpg,Rutab,boumajhoul,train,morocco-boumajhoul,/Users/ayush/Downloads/date-fruit-quality-ml/data/quality/maturity/train/Rutab/morocco-boumajhoul__boumajhoul__20220919_190212__2.jpg
/Users/ayush/Downloads/date-fruit-quality-ml/data/maturity/crops/Khalal/bouisthami__DSC_2578__3.jpg,Khalal,bouisthami,train,morocco-bouisthami,/Users/ayush/Downloads/date-fruit-quality-ml/data/quality/maturity/train/Khalal/morocco-bouisthami__bouisthami__DSC_2578__3.jpg
/Users/ayush/Downloads/date-fruit-quality-ml/data/maturity/crops/Khalal/bouisthami__DSC_2887__0.jpg,Khalal,bouisthami,train,morocco-bouisthami,/Users/ayush/Downloads/date-fruit-quality-ml/data/quality/maturity/train/Khalal/morocco-bouisthami__bouisthami__DSC_2887__0.jpg
/Users/ayush/Downloads/date-fruit-quality-ml/data/maturity/crops/Rutab/bouisthami__DSC_2999__3.jpg,Rutab,bouisthami,train,morocco-bouisthami,/Users/ayush/Downloads/date-fruit-quality-ml/data/quality/maturity/train/Rutab/morocco-bouisthami__bouisthami__DSC_2999__3.jpg
/Users/ayush/Downloads/date-fruit-quality-ml/data/maturity/crops/Khalal/bouisthami__DSC_2583__0.jpg,Khalal,bouisthami,train,morocco-bouisthami,/Users/ayush/Downloads/date-fruit-quality-ml/data/quality/maturity/train/Khalal/morocco-bouisthami__bouisthami__DSC_2583__0.jpg
/Users/ayush/Downloads/date-fruit-quality-ml/data/maturity/crops/Tamar/bouisthami__WhatsApp Image 2022-10-08 at 22.00.21__3.jpg,Tamar,bouisthami,train,morocco-bouisthami,/Users/ayush/Downloads/date-fruit-quality-ml/data/quality/maturity/train/Tamar/morocco-bouisthami__bouisthami__WhatsApp Image 2022-10-08 at 22.00.21__3.jpg
/Users/ayush/Downloads/date-fruit-quality-ml/data/maturity/crops/Immature/bouisthami__BOUSTH_Stage1_Im45__0.jpg,Immature,bouisthami,train,morocco-bouisthami,/Users/ayush/Downloads/date-fruit-quality-ml/data/quality/maturity/train/Immature/morocco-bouisthami__bouisthami__BOUSTH_Stage1_Im45__0.jpg
/Users/ayush/Downloads/date-fruit-quality-ml/data/maturity/crops/Tamar/bouisthami__WhatsApp Image 2022-10-10 at 11.53.33__0.jpg,Tamar,bouisthami,train,morocco-bouisthami,/Users/ayush/Downloads/date-fruit-quality-ml/data/quality/maturity/train/Tamar/morocco-bouisthami__bouisthami__WhatsApp Image 2022-10-10 at 11.53.33__0.jpg
/Users/ayush/Downloads/date-fruit-quality-ml/data/maturity/crops/Tamar/boufagous__20221008_155348__0.jpg,Tamar,boufagous,train,morocco-boufagous,/Users/ayush/Downloads/date-fruit-quality-ml/data/quality/maturity/train/Tamar/morocco-boufagous__boufagous__20221008_155348__0.jpg
/Users/ayush/Downloads/date-fruit-quality-ml/data/maturity/crops/Immature/bouisthami__BOUSTH_Stage1_Im48__1.jpg,Immature,bouisthami,train,morocco-bouisthami,/Users/ayush/Downloads/date-fruit-quality-ml/data/quality/maturity/train/Immature/morocco-bouisthami__bouisthami__BOUSTH_Stage1_Im48__1.jpg
/Users/ayush/Downloads/date-fruit-quality-ml/data/maturity/crops/Rutab/boufagous__20220922_132451__0.jpg,Rutab,boufagous,train,morocco-boufagous,/Users/ayush/Downloads/date-fruit-quality-ml/data/quality/maturity/train/Rutab/morocco-boufagous__boufagous__20220922_132451__0.jpg
/Users/ayush/Downloads/date-fruit-quality-ml/data/maturity/crops/Tamar/bouisthami__WhatsApp Image 2022-10-09 at 15.47.21 (1)__0.jpg,Tamar,bouisthami,train,morocco-bouisthami,/Users/ayush/Downloads/date-fruit-quality-ml/data/quality/maturity/train/Tamar/morocco-bouisthami__bouisthami__WhatsApp Image 2022-10-09 at 15.47.21 (1)__0.jpg
/Users/ayush/Downloads/date-fruit-quality-ml/data/maturity/crops/Rutab/bouisthami__DSC_3017__0.jpg,Rutab,bouisthami,train,morocco-bouisthami,/Users/ayush/Downloads/date-fruit-quality-ml/data/quality/maturity/train/Rutab/morocco-bouisthami__bouisthami__DSC_3017__0.jpg
/Users/ayush/Downloads/date-fruit-quality-ml/data/maturity/crops/Immature/bouisthami__BOUSTH_Stage1_Im1__3.jpg,Immature,bouisthami,train,morocco-bouisthami,/Users/ayush/Downloads/date-fruit-quality-ml/data/quality/maturity/train/Immature/morocco-bouisthami__bouisthami__BOUSTH_Stage1_Im1__3.jpg
/Users/ayush/Downloads/date-fruit-quality-ml/data/maturity/crops/Rutab/boufagous__20220922_185938(0)__2.jpg,Rutab,boufagous,train,morocco-boufagous,/Users/ayush/Downloads/date-fruit-quality-ml/data/quality/maturity/train/Rutab/morocco-boufagous__boufagous__20220922_185938(0)__2.jpg
/Users/ayush/Downloads/date-fruit-quality-ml/data/maturity/crops/Tamar/boumajhoul__20221009_174619__0.jpg,Tamar,boumajhoul,train,morocco-boumajhoul,/Users/ayush/Downloads/date-fruit-quality-ml/data/quality/maturity/train/Tamar/morocco-boumajhoul__boumajhoul__20221009_174619__0.jpg
/Users/ayush/Downloads/date-fruit-quality-ml/data/maturity/crops/Khalal/bouisthami__DSC_2531__1.jpg,Khalal,bouisthami,train,morocco-bouisthami,/Users/ayush/Downloads/date-fruit-quality-ml/data/quality/maturity/train/Khalal/morocco-bouisthami__bouisthami__DSC_2531__1.jpg
/Users/ayush/Downloads/date-fruit-quality-ml/data/maturity/crops/Rutab/boumajhoul__DSC_3044__5.jpg,Rutab,boumajhoul,train,morocco-boumajhoul,/Users/ayush/Downloads/date-fruit-quality-ml/data/quality/maturity/train/Rutab/morocco-boumajhoul__boumajhoul__DSC_3044__5.jpg
/Users/ayush/Downloads/date-fruit-quality-ml/data/maturity/crops/Immature/boufagous__20220726_201223__3.jpg,Immature,boufagous,train,morocco-boufagous,/Users/ayush/Downloads/date-fruit-quality-ml/data/quality/maturity/train/Immature/morocco-boufagous__boufagous__20220726_201223__3.jpg
/Users/ayush/Downloads/date-fruit-quality-ml/data/maturity/crops/Khalal/bouisthami__DSC_2533__0.jpg,Khalal,bouisthami,train,morocco-bouisthami,/Users/ayush/Downloads/date-fruit-quality-ml/data/quality/maturity/train/Khalal/morocco-bouisthami__bouisthami__DSC_2533__0.jpg
/Users/ayush/Downloads/date-fruit-quality-ml/data/maturity/crops/Immature/boufagous__20220819_114034__2.jpg,Immature,boufagous,train,morocco-boufagous,/Users/ayush/Downloads/date-fruit-quality-ml/data/quality/maturity/train/Immature/morocco-boufagous__boufagous__20220819_114034__2.jpg
/Users/ayush/Downloads/date-fruit-quality-ml/data/maturity/crops/Rutab/boumajhoul__20220920_125744__0.jpg,Rutab,boumajhoul,train,morocco-boumajhoul,/Users/ayush/Downloads/date-fruit-quality-ml/data/quality/maturity/train/Rutab/morocco-boumajhoul__boumajhoul__20220920_125744__0.jpg
/Users/ayush/Downloads/date-fruit-quality-ml/data/maturity/crops/Rutab/boufagous__20220922_132539__0.jpg,Rutab,boufagous,train,morocco-boufagous,/Users/ayush/Downloads/date-fruit-quality-ml/data/quality/maturity/train/Rutab/morocco-boufagous__boufagous__20220922_132539__0.jpg
/Users/ayush/Downloads/date-fruit-quality-ml/data/maturity/crops/Rutab/boufagous__20220922_132156__1.jpg,Rutab,boufagous,train,morocco-boufagous,/Users/ayush/Downloads/date-fruit-quality-ml/data/quality/maturity/train/Rutab/morocco-boufagous__boufagous__20220922_132156__1.jpg
/Users/ayush/Downloads/date-fruit-quality-ml/data/maturity/crops/Rutab/boumajhoul__20220919_185817__1.jpg,Rutab,boumajhoul,train,morocco-boumajhoul,/Users/ayush/Downloads/date-fruit-quality-ml/data/quality/maturity/train/Rutab/morocco-boumajhoul__boumajhoul__20220919_185817__1.jpg
/Users/ayush/Downloads/date-fruit-quality-ml/data/maturity/crops/Immature/bouisthami__BOUSTH_Stage1_Im79__2.jpg,Immature,bouisthami,train,morocco-bouisthami,/Users/ayush/Downloads/date-fruit-quality-ml/data/quality/maturity/train/Immature/morocco-bouisthami__bouisthami__BOUSTH_Stage1_Im79__2.jpg
/Users/ayush/Downloads/date-fruit-quality-ml/data/maturity/crops/Khalal/bouisthami__DSC_2524__1.jpg,Khalal,bouisthami,train,morocco-bouisthami,/Users/ayush/Downloads/date-fruit-quality-ml/data/quality/maturity/train/Khalal/morocco-bouisthami__bouisthami__DSC_2524__1.jpg
/Users/ayush/Downloads/date-fruit-quality-ml/data/maturity/crops/Rutab/boumajhoul__20220919_185817__0.jpg,Rutab,boumajhoul,train,morocco-boumajhoul,/Users/ayush/Downloads/date-fruit-quality-ml/data/quality/maturity/train/Rutab/morocco-boumajhoul__boumajhoul__20220919_185817__0.jpg
/Users/ayush/Downloads/date-fruit-quality-ml/data/maturity/crops/Immature/boufagous__20220726_200942__2.jpg,Immature,boufagous,train,morocco-boufagous,/Users/ayush/Downloads/date-fruit-quality-ml/data/quality/maturity/train/Immature/morocco-boufagous__boufagous__20220726_200942__2.jpg
/Users/ayush/Downloads/date-fruit-quality-ml/data/maturity/crops/Rutab/bouisthami__DSC_2993__0.jpg,Rutab,bouisthami,train,morocco-bouisthami,/Users/ayush/Downloads/date-fruit-quality-ml/data/quality/maturity/train/Rutab/morocco-bouisthami__bouisthami__DSC_2993__0.jpg
/Users/ayush/Downloads/date-fruit-quality-ml/data/maturity/crops/Tamar/boufagous__20221008_131218__0.jpg,Tamar,boufagous,train,morocco-boufagous,/Users/ayush/Downloads/date-fruit-quality-ml/data/quality/maturity/train/Tamar/morocco-boufagous__boufagous__20221008_131218__0.jpg
/Users/ayush/Downloads/date-fruit-quality-ml/data/maturity/crops/Immature/bouisthami__BOUSTH_Stage1_Im1__7.jpg,Immature,bouisthami,train,morocco-bouisthami,/Users/ayush/Downloads/date-fruit-quality-ml/data/quality/maturity/train/Immature/morocco-bouisthami__bouisthami__BOUSTH_Stage1_Im1__7.jpg
/Users/ayush/Downloads/date-fruit-quality-ml/data/maturity/crops/Tamar/boufagous__20221008_154122__0.jpg,Tamar,boufagous,train,morocco-boufagous,/Users/ayush/Downloads/date-fruit-quality-ml/data/quality/maturity/train/Tamar/morocco-boufagous__boufagous__20221008_154122__0.jpg
/Users/ayush/Downloads/date-fruit-quality-ml/data/maturity/crops/Rutab/boumajhoul__20220920_123416__0.jpg,Rutab,boumajhoul,train,morocco-boumajhoul,/Users/ayush/Downloads/date-fruit-quality-ml/data/quality/maturity/train/Rutab/morocco-boumajhoul__boumajhoul__20220920_123416__0.jpg
/Users/ayush/Downloads/date-fruit-quality-ml/data/maturity/crops/Immature/boufagous__20220819_114825__0.jpg,Immature,boufagous,train,morocco-boufagous,/Users/ayush/Downloads/date-fruit-quality-ml/data/quality/maturity/train/Immature/morocco-boufagous__boufagous__20220819_114825__0.jpg
/Users/ayush/Downloads/date-fruit-quality-ml/data/maturity/crops/Immature/bouisthami__BOUSTH_Stage1_Im35__0.jpg,Immature,bouisthami,train,morocco-bouisthami,/Users/ayush/Downloads/date-fruit-quality-ml/data/quality/maturity/train/Immature/morocco-bouisthami__bouisthami__BOUSTH_Stage1_Im35__0.jpg
/Users/ayush/Downloads/date-fruit-quality-ml/data/maturity/crops/Tamar/bouisthami__WhatsApp Image 2022-10-09 at 15.47.22 (1)__1.jpg,Tamar,bouisthami,train,morocco-bouisthami,/Users/ayush/Downloads/date-fruit-quality-ml/data/quality/maturity/train/Tamar/morocco-bouisthami__bouisthami__WhatsApp Image 2022-10-09 at 15.47.22 (1)__1.jpg
/Users/ayush/Downloads/date-fruit-quality-ml/data/maturity/crops/Immature/bouisthami__BOUSTH_Stage1_Im34__2.jpg,Immature,bouisthami,train,morocco-bouisthami,/Users/ayush/Downloads/date-fruit-quality-ml/data/quality/maturity/train/Immature/morocco-bouisthami__bouisthami__BOUSTH_Stage1_Im34__2.jpg
/Users/ayush/Downloads/date-fruit-quality-ml/data/maturity/crops/Rutab/bouisthami__DSC_2973__1.jpg,Rutab,bouisthami,train,morocco-bouisthami,/Users/ayush/Downloads/date-fruit-quality-ml/data/quality/maturity/train/Rutab/morocco-bouisthami__bouisthami__DSC_2973__1.jpg
/Users/ayush/Downloads/date-fruit-quality-ml/data/maturity/crops/Immature/boumajhoul__Elmjhoul_Stage1_Im34__1.jpg,Immature,boumajhoul,train,morocco-boumajhoul,/Users/ayush/Downloads/date-fruit-quality-ml/data/quality/maturity/train/Immature/morocco-boumajhoul__boumajhoul__Elmjhoul_Stage1_Im34__1.jpg
/Users/ayush/Downloads/date-fruit-quality-ml/data/maturity/crops/Rutab/boufagous__20220922_134231__0.jpg,Rutab,boufagous,train,morocco-boufagous,/Users/ayush/Downloads/date-fruit-quality-ml/data/quality/maturity/train/Rutab/morocco-boufagous__boufagous__20220922_134231__0.jpg
/Users/ayush/Downloads/date-fruit-quality-ml/data/maturity/crops/Immature/bouisthami__BOUSTH_Stage1_Im1__0.jpg,Immature,bouisthami,train,morocco-bouisthami,/Users/ayush/Downloads/date-fruit-quality-ml/data/quality/maturity/train/Immature/morocco-bouisthami__bouisthami__BOUSTH_Stage1_Im1__0.jpg
/Users/ayush/Downloads/date-fruit-quality-ml/data/maturity/crops/Khalal/boufagous__20220901_175918__2.jpg,Khalal,boufagous,train,morocco-boufagous,/Users/ayush/Downloads/date-fruit-quality-ml/data/quality/maturity/train/Khalal/morocco-boufagous__boufagous__20220901_175918__2.jpg
/Users/ayush/Downloads/date-fruit-quality-ml/data/maturity/crops/Immature/bouisthami__BOUSTH_Stage1_Im8__1.jpg,Immature,bouisthami,train,morocco-bouisthami,/Users/ayush/Downloads/date-fruit-quality-ml/data/quality/maturity/train/Immature/morocco-bouisthami__bouisthami__BOUSTH_Stage1_Im8__1.jpg
/Users/ayush/Downloads/date-fruit-quality-ml/data/maturity/crops/Rutab/bouisthami__DSC_2992__2.jpg,Rutab,bouisthami,train,morocco-bouisthami,/Users/ayush/Downloads/date-fruit-quality-ml/data/quality/maturity/train/Rutab/morocco-bouisthami__bouisthami__DSC_2992__2.jpg
/Users/ayush/Downloads/date-fruit-quality-ml/data/maturity/crops/Rutab/bouisthami__DSC_2985__0.jpg,Rutab,bouisthami,train,morocco-bouisthami,/Users/ayush/Downloads/date-fruit-quality-ml/data/quality/maturity/train/Rutab/morocco-bouisthami__bouisthami__DSC_2985__0.jpg
/Users/ayush/Downloads/date-fruit-quality-ml/data/maturity/crops/Khalal/boumajhoul__Elmajhoul_Stage2_Im26__4.jpg,Khalal,boumajhoul,train,morocco-boumajhoul,/Users/ayush/Downloads/date-fruit-quality-ml/data/quality/maturity/train/Khalal/morocco-boumajhoul__boumajhoul__Elmajhoul_Stage2_Im26__4.jpg
/Users/ayush/Downloads/date-fruit-quality-ml/data/maturity/crops/Khalal/bouisthami__DSC_2587__1.jpg,Khalal,bouisthami,train,morocco-bouisthami,/Users/ayush/Downloads/date-fruit-quality-ml/data/quality/maturity/train/Khalal/morocco-bouisthami__bouisthami__DSC_2587__1.jpg
/Users/ayush/Downloads/date-fruit-quality-ml/data/maturity/crops/Tamar/bouisthami__WhatsApp Image 2022-10-08 at 22.00.21__2.jpg,Tamar,bouisthami,train,morocco-bouisthami,/Users/ayush/Downloads/date-fruit-quality-ml/data/quality/maturity/train/Tamar/morocco-bouisthami__bouisthami__WhatsApp Image 2022-10-08 at 22.00.21__2.jpg
/Users/ayush/Downloads/date-fruit-quality-ml/data/maturity/crops/Rutab/boumajhoul__20220918_185555__0.jpg,Rutab,boumajhoul,train,morocco-boumajhoul,/Users/ayush/Downloads/date-fruit-quality-ml/data/quality/maturity/train/Rutab/morocco-boumajhoul__boumajhoul__20220918_185555__0.jpg
/Users/ayush/Downloads/date-fruit-quality-ml/data/maturity/crops/Rutab/bouisthami__DSC_2970__1.jpg,Rutab,bouisthami,train,morocco-bouisthami,/Users/ayush/Downloads/date-fruit-quality-ml/data/quality/maturity/train/Rutab/morocco-bouisthami__bouisthami__DSC_2970__1.jpg
/Users/ayush/Downloads/date-fruit-quality-ml/data/maturity/crops/Tamar/boumajhoul__20221009_173618__0.jpg,Tamar,boumajhoul,train,morocco-boumajhoul,/Users/ayush/Downloads/date-fruit-quality-ml/data/quality/maturity/train/Tamar/morocco-boumajhoul__boumajhoul__20221009_173618__0.jpg
/Users/ayush/Downloads/date-fruit-quality-ml/data/maturity/crops/Tamar/boufagous__20220929_162637__0.jpg,Tamar,boufagous,train,morocco-boufagous,/Users/ayush/Downloads/date-fruit-quality-ml/data/quality/maturity/train/Tamar/morocco-boufagous__boufagous__20220929_162637__0.jpg
/Users/ayush/Downloads/date-fruit-quality-ml/data/maturity/crops/Immature/bouisthami__BOUSTH_Stage1_Im18__0.jpg,Immature,bouisthami,train,morocco-bouisthami,/Users/ayush/Downloads/date-fruit-quality-ml/data/quality/maturity/train/Immature/morocco-bouisthami__bouisthami__BOUSTH_Stage1_Im18__0.jpg
/Users/ayush/Downloads/date-fruit-quality-ml/data/maturity/crops/Tamar/bouisthami__WhatsApp Image 2022-10-10 at 11.58.33__4.jpg,Tamar,bouisthami,train,morocco-bouisthami,/Users/ayush/Downloads/date-fruit-quality-ml/data/quality/maturity/train/Tamar/morocco-bouisthami__bouisthami__WhatsApp Image 2022-10-10 at 11.58.33__4.jpg
/Users/ayush/Downloads/date-fruit-quality-ml/data/maturity/crops/Rutab/boumajhoul__20220920_124016__1.jpg,Rutab,boumajhoul,train,morocco-boumajhoul,/Users/ayush/Downloads/date-fruit-quality-ml/data/quality/maturity/train/Rutab/morocco-boumajhoul__boumajhoul__20220920_124016__1.jpg
/Users/ayush/Downloads/date-fruit-quality-ml/data/maturity/crops/Immature/boufagous__20220819_114510(0)__0.jpg,Immature,boufagous,train,morocco-boufagous,/Users/ayush/Downloads/date-fruit-quality-ml/data/quality/maturity/train/Immature/morocco-boufagous__boufagous__20220819_114510(0)__0.jpg
/Users/ayush/Downloads/date-fruit-quality-ml/data/maturity/crops/Rutab/boumajhoul__20220920_123416__1.jpg,Rutab,boumajhoul,train,morocco-boumajhoul,/Users/ayush/Downloads/date-fruit-quality-ml/data/quality/maturity/train/Rutab/morocco-boumajhoul__boumajhoul__20220920_123416__1.jpg
/Users/ayush/Downloads/date-fruit-quality-ml/data/maturity/crops/Immature/bouisthami__BOUSTH_Stage1_Im22__1.jpg,Immature,bouisthami,train,morocco-bouisthami,/Users/ayush/Downloads/date-fruit-quality-ml/data/quality/maturity/train/Immature/morocco-bouisthami__bouisthami__BOUSTH_Stage1_Im22__1.jpg
/Users/ayush/Downloads/date-fruit-quality-ml/data/maturity/crops/Khalal/bouisthami__DSC_2527__0.jpg,Khalal,bouisthami,train,morocco-bouisthami,/Users/ayush/Downloads/date-fruit-quality-ml/data/quality/maturity/train/Khalal/morocco-bouisthami__bouisthami__DSC_2527__0.jpg
/Users/ayush/Downloads/date-fruit-quality-ml/data/maturity/crops/Immature/bouisthami__BOUSTH_Stage1_Im89__0.jpg,Immature,bouisthami,train,morocco-bouisthami,/Users/ayush/Downloads/date-fruit-quality-ml/data/quality/maturity/train/Immature/morocco-bouisthami__bouisthami__BOUSTH_Stage1_Im89__0.jpg
/Users/ayush/Downloads/date-fruit-quality-ml/data/maturity/crops/Khalal/bouisthami__DSC_2910__2.jpg,Khalal,bouisthami,train,morocco-bouisthami,/Users/ayush/Downloads/date-fruit-quality-ml/data/quality/maturity/train/Khalal/morocco-bouisthami__bouisthami__DSC_2910__2.jpg
/Users/ayush/Downloads/date-fruit-quality-ml/data/maturity/crops/Tamar/bouisthami__WhatsApp Image 2022-10-09 at 15.01.06__0.jpg,Tamar,bouisthami,train,morocco-bouisthami,/Users/ayush/Downloads/date-fruit-quality-ml/data/quality/maturity/train/Tamar/morocco-bouisthami__bouisthami__WhatsApp Image 2022-10-09 at 15.01.06__0.jpg
/Users/ayush/Downloads/date-fruit-quality-ml/data/maturity/crops/Khalal/boumajhoul__20220901_131952(0)__0.jpg,Khalal,boumajhoul,train,morocco-boumajhoul,/Users/ayush/Downloads/date-fruit-quality-ml/data/quality/maturity/train/Khalal/morocco-boumajhoul__boumajhoul__20220901_131952(0)__0.jpg
/Users/ayush/Downloads/date-fruit-quality-ml/data/maturity/crops/Rutab/boufagous__20220922_134318__0.jpg,Rutab,boufagous,train,morocco-boufagous,/Users/ayush/Downloads/date-fruit-quality-ml/data/quality/maturity/train/Rutab/morocco-boufagous__boufagous__20220922_134318__0.jpg
/Users/ayush/Downloads/date-fruit-quality-ml/data/maturity/crops/Immature/bouisthami__BOUSTH_Stage1_Im20__0.jpg,Immature,bouisthami,train,morocco-bouisthami,/Users/ayush/Downloads/date-fruit-quality-ml/data/quality/maturity/train/Immature/morocco-bouisthami__bouisthami__BOUSTH_Stage1_Im20__0.jpg
/Users/ayush/Downloads/date-fruit-quality-ml/data/maturity/crops/Immature/boufagous__20220819_114610__1.jpg,Immature,boufagous,train,morocco-boufagous,/Users/ayush/Downloads/date-fruit-quality-ml/data/quality/maturity/train/Immature/morocco-boufagous__boufagous__20220819_114610__1.jpg
/Users/ayush/Downloads/date-fruit-quality-ml/data/maturity/crops/Khalal/boufagous__DSC_2483__2.jpg,Khalal,boufagous,train,morocco-boufagous,/Users/ayush/Downloads/date-fruit-quality-ml/data/quality/maturity/train/Khalal/morocco-boufagous__boufagous__DSC_2483__2.jpg
/Users/ayush/Downloads/date-fruit-quality-ml/data/maturity/crops/Tamar/bouisthami__WhatsApp Image 2022-10-08 at 22.00.21__0.jpg,Tamar,bouisthami,train,morocco-bouisthami,/Users/ayush/Downloads/date-fruit-quality-ml/data/quality/maturity/train/Tamar/morocco-bouisthami__bouisthami__WhatsApp Image 2022-10-08 at 22.00.21__0.jpg
/Users/ayush/Downloads/date-fruit-quality-ml/data/maturity/crops/Rutab/boumajhoul__20220918_190520__0.jpg,Rutab,boumajhoul,train,morocco-boumajhoul,/Users/ayush/Downloads/date-fruit-quality-ml/data/quality/maturity/train/Rutab/morocco-boumajhoul__boumajhoul__20220918_190520__0.jpg
/Users/ayush/Downloads/date-fruit-quality-ml/data/maturity/crops/Khalal/bouisthami__DSC_2578__6.jpg,Khalal,bouisthami,train,morocco-bouisthami,/Users/ayush/Downloads/date-fruit-quality-ml/data/quality/maturity/train/Khalal/morocco-bouisthami__bouisthami__DSC_2578__6.jpg
/Users/ayush/Downloads/date-fruit-quality-ml/data/maturity/crops/Immature/bouisthami__BOUSTH_Stage1_Im1__6.jpg,Immature,bouisthami,train,morocco-bouisthami,/Users/ayush/Downloads/date-fruit-quality-ml/data/quality/maturity/train/Immature/morocco-bouisthami__bouisthami__BOUSTH_Stage1_Im1__6.jpg
/Users/ayush/Downloads/date-fruit-quality-ml/data/maturity/crops/Khalal/boufagous__20220901_182603__0.jpg,Khalal,boufagous,train,morocco-boufagous,/Users/ayush/Downloads/date-fruit-quality-ml/data/quality/maturity/train/Khalal/morocco-boufagous__boufagous__20220901_182603__0.jpg
/Users/ayush/Downloads/date-fruit-quality-ml/data/maturity/crops/Khalal/boufagous__20220901_175943__0.jpg,Khalal,boufagous,train,morocco-boufagous,/Users/ayush/Downloads/date-fruit-quality-ml/data/quality/maturity/train/Khalal/morocco-boufagous__boufagous__20220901_175943__0.jpg
/Users/ayush/Downloads/date-fruit-quality-ml/data/maturity/crops/Tamar/bouisthami__WhatsApp Image 2022-10-10 at 11.48.59__2.jpg,Tamar,bouisthami,train,morocco-bouisthami,/Users/ayush/Downloads/date-fruit-quality-ml/data/quality/maturity/train/Tamar/morocco-bouisthami__bouisthami__WhatsApp Image 2022-10-10 at 11.48.59__2.jpg
/Users/ayush/Downloads/date-fruit-quality-ml/data/maturity/crops/Khalal/bouisthami__DSC_2575__2.jpg,Khalal,bouisthami,train,morocco-bouisthami,/Users/ayush/Downloads/date-fruit-quality-ml/data/quality/maturity/train/Khalal/morocco-bouisthami__bouisthami__DSC_2575__2.jpg
/Users/ayush/Downloads/date-fruit-quality-ml/data/maturity/crops/Rutab/boumajhoul__20220919_185743__2.jpg,Rutab,boumajhoul,train,morocco-boumajhoul,/Users/ayush/Downloads/date-fruit-quality-ml/data/quality/maturity/train/Rutab/morocco-boumajhoul__boumajhoul__20220919_185743__2.jpg
/Users/ayush/Downloads/date-fruit-quality-ml/data/maturity/crops/Khalal/bouisthami__DSC_2910__3.jpg,Khalal,bouisthami,train,morocco-bouisthami,/Users/ayush/Downloads/date-fruit-quality-ml/data/quality/maturity/train/Khalal/morocco-bouisthami__bouisthami__DSC_2910__3.jpg
/Users/ayush/Downloads/date-fruit-quality-ml/data/maturity/crops/Immature/bouisthami__BOUSTH_Stage1_Im72__1.jpg,Immature,bouisthami,train,morocco-bouisthami,/Users/ayush/Downloads/date-fruit-quality-ml/data/quality/maturity/train/Immature/morocco-bouisthami__bouisthami__BOUSTH_Stage1_Im72__1.jpg
/Users/ayush/Downloads/date-fruit-quality-ml/data/maturity/crops/Immature/boumajhoul__Elmjhoul_Stage1_Im25__1.jpg,Immature,boumajhoul,train,morocco-boumajhoul,/Users/ayush/Downloads/date-fruit-quality-ml/data/quality/maturity/train/Immature/morocco-boumajhoul__boumajhoul__Elmjhoul_Stage1_Im25__1.jpg
/Users/ayush/Downloads/date-fruit-quality-ml/data/maturity/crops/Khalal/boumajhoul__20220901_131940__0.jpg,Khalal,boumajhoul,train,morocco-boumajhoul,/Users/ayush/Downloads/date-fruit-quality-ml/data/quality/maturity/train/Khalal/morocco-boumajhoul__boumajhoul__20220901_131940__0.jpg
/Users/ayush/Downloads/date-fruit-quality-ml/data/maturity/crops/Khalal/bouisthami__DSC_2573__1.jpg,Khalal,bouisthami,train,morocco-bouisthami,/Users/ayush/Downloads/date-fruit-quality-ml/data/quality/maturity/train/Khalal/morocco-bouisthami__bouisthami__DSC_2573__1.jpg
/Users/ayush/Downloads/date-fruit-quality-ml/data/maturity/crops/Khalal/boufagous__20220901_175855__0.jpg,Khalal,boufagous,train,morocco-boufagous,/Users/ayush/Downloads/date-fruit-quality-ml/data/quality/maturity/train/Khalal/morocco-boufagous__boufagous__20220901_175855__0.jpg
/Users/ayush/Downloads/date-fruit-quality-ml/data/maturity/crops/Immature/bouisthami__BOUSTH_Stage1_Im67__3.jpg,Immature,bouisthami,train,morocco-bouisthami,/Users/ayush/Downloads/date-fruit-quality-ml/data/quality/maturity/train/Immature/morocco-bouisthami__bouisthami__BOUSTH_Stage1_Im67__3.jpg
/Users/ayush/Downloads/date-fruit-quality-ml/data/maturity/crops/Immature/bouisthami__BOUSTH_Stage1_Im28__4.jpg,Immature,bouisthami,train,morocco-bouisthami,/Users/ayush/Downloads/date-fruit-quality-ml/data/quality/maturity/train/Immature/morocco-bouisthami__bouisthami__BOUSTH_Stage1_Im28__4.jpg
/Users/ayush/Downloads/date-fruit-quality-ml/data/maturity/crops/Rutab/boufagous__20220922_184001__0.jpg,Rutab,boufagous,train,morocco-boufagous,/Users/ayush/Downloads/date-fruit-quality-ml/data/quality/maturity/train/Rutab/morocco-boufagous__boufagous__20220922_184001__0.jpg
/Users/ayush/Downloads/date-fruit-quality-ml/data/maturity/crops/Khalal/boufagous__20220901_182338__3.jpg,Khalal,boufagous,train,morocco-boufagous,/Users/ayush/Downloads/date-fruit-quality-ml/data/quality/maturity/train/Khalal/morocco-boufagous__boufagous__20220901_182338__3.jpg
/Users/ayush/Downloads/date-fruit-quality-ml/data/maturity/crops/Tamar/bouisthami__WhatsApp Image 2022-10-10 at 11.48.58__3.jpg,Tamar,bouisthami,train,morocco-bouisthami,/Users/ayush/Downloads/date-fruit-quality-ml/data/quality/maturity/train/Tamar/morocco-bouisthami__bouisthami__WhatsApp Image 2022-10-10 at 11.48.58__3.jpg
/Users/ayush/Downloads/date-fruit-quality-ml/data/maturity/crops/Rutab/bouisthami__DSC_3006__0.jpg,Rutab,bouisthami,train,morocco-bouisthami,/Users/ayush/Downloads/date-fruit-quality-ml/data/quality/maturity/train/Rutab/morocco-bouisthami__bouisthami__DSC_3006__0.jpg
/Users/ayush/Downloads/date-fruit-quality-ml/data/maturity/crops/Khalal/bouisthami__DSC_2542__1.jpg,Khalal,bouisthami,train,morocco-bouisthami,/Users/ayush/Downloads/date-fruit-quality-ml/data/quality/maturity/train/Khalal/morocco-bouisthami__bouisthami__DSC_2542__1.jpg
/Users/ayush/Downloads/date-fruit-quality-ml/data/maturity/crops/Immature/bouisthami__BOUSTH_Stage1_Im48__6.jpg,Immature,bouisthami,train,morocco-bouisthami,/Users/ayush/Downloads/date-fruit-quality-ml/data/quality/maturity/train/Immature/morocco-bouisthami__bouisthami__BOUSTH_Stage1_Im48__6.jpg
/Users/ayush/Downloads/date-fruit-quality-ml/data/maturity/crops/Immature/boufagous__20220726_200857__2.jpg,Immature,boufagous,train,morocco-boufagous,/Users/ayush/Downloads/date-fruit-quality-ml/data/quality/maturity/train/Immature/morocco-boufagous__boufagous__20220726_200857__2.jpg
/Users/ayush/Downloads/date-fruit-quality-ml/data/maturity/crops/Immature/boufagous__20220819_115207__0.jpg,Immature,boufagous,train,morocco-boufagous,/Users/ayush/Downloads/date-fruit-quality-ml/data/quality/maturity/train/Immature/morocco-boufagous__boufagous__20220819_115207__0.jpg
/Users/ayush/Downloads/date-fruit-quality-ml/data/maturity/crops/Khalal/bouisthami__DSC_2556__4.jpg,Khalal,bouisthami,train,morocco-bouisthami,/Users/ayush/Downloads/date-fruit-quality-ml/data/quality/maturity/train/Khalal/morocco-bouisthami__bouisthami__DSC_2556__4.jpg
/Users/ayush/Downloads/date-fruit-quality-ml/data/maturity/crops/Immature/bouisthami__BOUSTH_Stage1_Im13__0.jpg,Immature,bouisthami,train,morocco-bouisthami,/Users/ayush/Downloads/date-fruit-quality-ml/data/quality/maturity/train/Immature/morocco-bouisthami__bouisthami__BOUSTH_Stage1_Im13__0.jpg
/Users/ayush/Downloads/date-fruit-quality-ml/data/maturity/crops/Khalal/bouisthami__DSC_2533__2.jpg,Khalal,bouisthami,train,morocco-bouisthami,/Users/ayush/Downloads/date-fruit-quality-ml/data/quality/maturity/train/Khalal/morocco-bouisthami__bouisthami__DSC_2533__2.jpg
/Users/ayush/Downloads/date-fruit-quality-ml/data/maturity/crops/Immature/boufagous__20220819_114522__0.jpg,Immature,boufagous,train,morocco-boufagous,/Users/ayush/Downloads/date-fruit-quality-ml/data/quality/maturity/train/Immature/morocco-boufagous__boufagous__20220819_114522__0.jpg
/Users/ayush/Downloads/date-fruit-quality-ml/data/maturity/crops/Immature/boumajhoul__20220725_180957__3.jpg,Immature,boumajhoul,train,morocco-boumajhoul,/Users/ayush/Downloads/date-fruit-quality-ml/data/quality/maturity/train/Immature/morocco-boumajhoul__boumajhoul__20220725_180957__3.jpg
/Users/ayush/Downloads/date-fruit-quality-ml/data/maturity/crops/Tamar/bouisthami__WhatsApp Image 2022-10-10 at 11.48.58__1.jpg,Tamar,bouisthami,train,morocco-bouisthami,/Users/ayush/Downloads/date-fruit-quality-ml/data/quality/maturity/train/Tamar/morocco-bouisthami__bouisthami__WhatsApp Image 2022-10-10 at 11.48.58__1.jpg
/Users/ayush/Downloads/date-fruit-quality-ml/data/maturity/crops/Tamar/bouisthami__WhatsApp Image 2022-10-10 at 16.17.53__1.jpg,Tamar,bouisthami,train,morocco-bouisthami,/Users/ayush/Downloads/date-fruit-quality-ml/data/quality/maturity/train/Tamar/morocco-bouisthami__bouisthami__WhatsApp Image 2022-10-10 at 16.17.53__1.jpg
/Users/ayush/Downloads/date-fruit-quality-ml/data/maturity/crops/Khalal/boumajhoul__Elmajhoul_Stage2_Im26__0.jpg,Khalal,boumajhoul,train,morocco-boumajhoul,/Users/ayush/Downloads/date-fruit-quality-ml/data/quality/maturity/train/Khalal/morocco-boumajhoul__boumajhoul__Elmajhoul_Stage2_Im26__0.jpg
/Users/ayush/Downloads/date-fruit-quality-ml/data/maturity/crops/Khalal/boufagous__20220901_182338__0.jpg,Khalal,boufagous,train,morocco-boufagous,/Users/ayush/Downloads/date-fruit-quality-ml/data/quality/maturity/train/Khalal/morocco-boufagous__boufagous__20220901_182338__0.jpg
/Users/ayush/Downloads/date-fruit-quality-ml/data/maturity/crops/Khalal/bouisthami__DSC_2887__1.jpg,Khalal,bouisthami,train,morocco-bouisthami,/Users/ayush/Downloads/date-fruit-quality-ml/data/quality/maturity/train/Khalal/morocco-bouisthami__bouisthami__DSC_2887__1.jpg
/Users/ayush/Downloads/date-fruit-quality-ml/data/maturity/crops/Khalal/boumajhoul__20220901_131843__0.jpg,Khalal,boumajhoul,train,morocco-boumajhoul,/Users/ayush/Downloads/date-fruit-quality-ml/data/quality/maturity/train/Khalal/morocco-boumajhoul__boumajhoul__20220901_131843__0.jpg
/Users/ayush/Downloads/date-fruit-quality-ml/data/maturity/crops/Rutab/bouisthami__DSC_2988__0.jpg,Rutab,bouisthami,train,morocco-bouisthami,/Users/ayush/Downloads/date-fruit-quality-ml/data/quality/maturity/train/Rutab/morocco-bouisthami__bouisthami__DSC_2988__0.jpg
/Users/ayush/Downloads/date-fruit-quality-ml/data/maturity/crops/Khalal/bouisthami__DSC_2916__2.jpg,Khalal,bouisthami,train,morocco-bouisthami,/Users/ayush/Downloads/date-fruit-quality-ml/data/quality/maturity/train/Khalal/morocco-bouisthami__bouisthami__DSC_2916__2.jpg
/Users/ayush/Downloads/date-fruit-quality-ml/data/maturity/crops/Tamar/bouisthami__WhatsApp Image 2022-10-10 at 16.17.53__2.jpg,Tamar,bouisthami,train,morocco-bouisthami,/Users/ayush/Downloads/date-fruit-quality-ml/data/quality/maturity/train/Tamar/morocco-bouisthami__bouisthami__WhatsApp Image 2022-10-10 at 16.17.53__2.jpg
/Users/ayush/Downloads/date-fruit-quality-ml/data/maturity/crops/Immature/boufagous__Boufgous_Stage1_Im85__3.jpg,Immature,boufagous,train,morocco-boufagous,/Users/ayush/Downloads/date-fruit-quality-ml/data/quality/maturity/train/Immature/morocco-boufagous__boufagous__Boufgous_Stage1_Im85__3.jpg
/Users/ayush/Downloads/date-fruit-quality-ml/data/maturity/crops/Immature/bouisthami__BOUSTH_Stage1_Im25__0.jpg,Immature,bouisthami,train,morocco-bouisthami,/Users/ayush/Downloads/date-fruit-quality-ml/data/quality/maturity/train/Immature/morocco-bouisthami__bouisthami__BOUSTH_Stage1_Im25__0.jpg
/Users/ayush/Downloads/date-fruit-quality-ml/data/maturity/crops/Tamar/boumajhoul__20221009_173738__0.jpg,Tamar,boumajhoul,train,morocco-boumajhoul,/Users/ayush/Downloads/date-fruit-quality-ml/data/quality/maturity/train/Tamar/morocco-boumajhoul__boumajhoul__20221009_173738__0.jpg
/Users/ayush/Downloads/date-fruit-quality-ml/data/maturity/crops/Immature/boumajhoul__Elmjhoul_Stage1_Im34__0.jpg,Immature,boumajhoul,train,morocco-boumajhoul,/Users/ayush/Downloads/date-fruit-quality-ml/data/quality/maturity/train/Immature/morocco-boumajhoul__boumajhoul__Elmjhoul_Stage1_Im34__0.jpg
/Users/ayush/Downloads/date-fruit-quality-ml/data/maturity/crops/Immature/boumajhoul__Elmjhoul_Stage1_Im70__3.jpg,Immature,boumajhoul,train,morocco-boumajhoul,/Users/ayush/Downloads/date-fruit-quality-ml/data/quality/maturity/train/Immature/morocco-boumajhoul__boumajhoul__Elmjhoul_Stage1_Im70__3.jpg
/Users/ayush/Downloads/date-fruit-quality-ml/data/maturity/crops/Khalal/boufagous__DSC_2668__2.jpg,Khalal,boufagous,train,morocco-boufagous,/Users/ayush/Downloads/date-fruit-quality-ml/data/quality/maturity/train/Khalal/morocco-boufagous__boufagous__DSC_2668__2.jpg
/Users/ayush/Downloads/date-fruit-quality-ml/data/maturity/crops/Immature/bouisthami__BOUSTH_Stage1_Im12__2.jpg,Immature,bouisthami,train,morocco-bouisthami,/Users/ayush/Downloads/date-fruit-quality-ml/data/quality/maturity/train/Immature/morocco-bouisthami__bouisthami__BOUSTH_Stage1_Im12__2.jpg
/Users/ayush/Downloads/date-fruit-quality-ml/data/maturity/crops/Khalal/bouisthami__DSC_2923__5.jpg,Khalal,bouisthami,train,morocco-bouisthami,/Users/ayush/Downloads/date-fruit-quality-ml/data/quality/maturity/train/Khalal/morocco-bouisthami__bouisthami__DSC_2923__5.jpg
/Users/ayush/Downloads/date-fruit-quality-ml/data/maturity/crops/Khalal/bouisthami__DSC_2549__1.jpg,Khalal,bouisthami,train,morocco-bouisthami,/Users/ayush/Downloads/date-fruit-quality-ml/data/quality/maturity/train/Khalal/morocco-bouisthami__bouisthami__DSC_2549__1.jpg
/Users/ayush/Downloads/date-fruit-quality-ml/data/maturity/crops/Tamar/bouisthami__WhatsApp Image 2022-10-10 at 16.18.03__4.jpg,Tamar,bouisthami,train,morocco-bouisthami,/Users/ayush/Downloads/date-fruit-quality-ml/data/quality/maturity/train/Tamar/morocco-bouisthami__bouisthami__WhatsApp Image 2022-10-10 at 16.18.03__4.jpg
/Users/ayush/Downloads/date-fruit-quality-ml/data/maturity/crops/Tamar/boumajhoul__20221009_174829__0.jpg,Tamar,boumajhoul,train,morocco-boumajhoul,/Users/ayush/Downloads/date-fruit-quality-ml/data/quality/maturity/train/Tamar/morocco-boumajhoul__boumajhoul__20221009_174829__0.jpg
/Users/ayush/Downloads/date-fruit-quality-ml/data/maturity/crops/Immature/bouisthami__BOUSTH_Stage1_Im84__0.jpg,Immature,bouisthami,train,morocco-bouisthami,/Users/ayush/Downloads/date-fruit-quality-ml/data/quality/maturity/train/Immature/morocco-bouisthami__bouisthami__BOUSTH_Stage1_Im84__0.jpg
/Users/ayush/Downloads/date-fruit-quality-ml/data/maturity/crops/Khalal/boufagous__20220901_182458__1.jpg,Khalal,boufagous,train,morocco-boufagous,/Users/ayush/Downloads/date-fruit-quality-ml/data/quality/maturity/train/Khalal/morocco-boufagous__boufagous__20220901_182458__1.jpg
/Users/ayush/Downloads/date-fruit-quality-ml/data/maturity/crops/Rutab/boumajhoul__20220920_125254__0.jpg,Rutab,boumajhoul,train,morocco-boumajhoul,/Users/ayush/Downloads/date-fruit-quality-ml/data/quality/maturity/train/Rutab/morocco-boumajhoul__boumajhoul__20220920_125254__0.jpg
/Users/ayush/Downloads/date-fruit-quality-ml/data/maturity/crops/Khalal/boufagous__20220901_182639__0.jpg,Khalal,boufagous,train,morocco-boufagous,/Users/ayush/Downloads/date-fruit-quality-ml/data/quality/maturity/train/Khalal/morocco-boufagous__boufagous__20220901_182639__0.jpg
/Users/ayush/Downloads/date-fruit-quality-ml/data/maturity/crops/Immature/bouisthami__BOUSTH_Stage1_Im28__2.jpg,Immature,bouisthami,train,morocco-bouisthami,/Users/ayush/Downloads/date-fruit-quality-ml/data/quality/maturity/train/Immature/morocco-bouisthami__bouisthami__BOUSTH_Stage1_Im28__2.jpg
/Users/ayush/Downloads/date-fruit-quality-ml/data/maturity/crops/Tamar/bouisthami__WhatsApp Image 2022-10-09 at 15.47.18 (1)__1.jpg,Tamar,bouisthami,train,morocco-bouisthami,/Users/ayush/Downloads/date-fruit-quality-ml/data/quality/maturity/train/Tamar/morocco-bouisthami__bouisthami__WhatsApp Image 2022-10-09 at 15.47.18 (1)__1.jpg
/Users/ayush/Downloads/date-fruit-quality-ml/data/maturity/crops/Immature/bouisthami__BOUSTH_Stage1_Im59__1.jpg,Immature,bouisthami,train,morocco-bouisthami,/Users/ayush/Downloads/date-fruit-quality-ml/data/quality/maturity/train/Immature/morocco-bouisthami__bouisthami__BOUSTH_Stage1_Im59__1.jpg
/Users/ayush/Downloads/date-fruit-quality-ml/data/maturity/crops/Tamar/boumajhoul__20221009_180946__0.jpg,Tamar,boumajhoul,train,morocco-boumajhoul,/Users/ayush/Downloads/date-fruit-quality-ml/data/quality/maturity/train/Tamar/morocco-boumajhoul__boumajhoul__20221009_180946__0.jpg
/Users/ayush/Downloads/date-fruit-quality-ml/data/maturity/crops/Rutab/bouisthami__DSC_2995__1.jpg,Rutab,bouisthami,train,morocco-bouisthami,/Users/ayush/Downloads/date-fruit-quality-ml/data/quality/maturity/train/Rutab/morocco-bouisthami__bouisthami__DSC_2995__1.jpg
/Users/ayush/Downloads/date-fruit-quality-ml/data/maturity/crops/Immature/boufagous__20220726_201547__1.jpg,Immature,boufagous,train,morocco-boufagous,/Users/ayush/Downloads/date-fruit-quality-ml/data/quality/maturity/train/Immature/morocco-boufagous__boufagous__20220726_201547__1.jpg
/Users/ayush/Downloads/date-fruit-quality-ml/data/maturity/crops/Immature/boumajhoul__20220725_181344__0.jpg,Immature,boumajhoul,train,morocco-boumajhoul,/Users/ayush/Downloads/date-fruit-quality-ml/data/quality/maturity/train/Immature/morocco-boumajhoul__boumajhoul__20220725_181344__0.jpg
/Users/ayush/Downloads/date-fruit-quality-ml/data/maturity/crops/Tamar/bouisthami__WhatsApp Image 2022-10-09 at 15.45.27__0.jpg,Tamar,bouisthami,train,morocco-bouisthami,/Users/ayush/Downloads/date-fruit-quality-ml/data/quality/maturity/train/Tamar/morocco-bouisthami__bouisthami__WhatsApp Image 2022-10-09 at 15.45.27__0.jpg
/Users/ayush/Downloads/date-fruit-quality-ml/data/maturity/crops/Tamar/boumajhoul__20221009_174942__0.jpg,Tamar,boumajhoul,train,morocco-boumajhoul,/Users/ayush/Downloads/date-fruit-quality-ml/data/quality/maturity/train/Tamar/morocco-boumajhoul__boumajhoul__20221009_174942__0.jpg
/Users/ayush/Downloads/date-fruit-quality-ml/data/maturity/crops/Rutab/boufagous__20220922_190225__0.jpg,Rutab,boufagous,train,morocco-boufagous,/Users/ayush/Downloads/date-fruit-quality-ml/data/quality/maturity/train/Rutab/morocco-boufagous__boufagous__20220922_190225__0.jpg
/Users/ayush/Downloads/date-fruit-quality-ml/data/maturity/crops/Rutab/bouisthami__DSC_2972__2.jpg,Rutab,bouisthami,train,morocco-bouisthami,/Users/ayush/Downloads/date-fruit-quality-ml/data/quality/maturity/train/Rutab/morocco-bouisthami__bouisthami__DSC_2972__2.jpg
/Users/ayush/Downloads/date-fruit-quality-ml/data/maturity/crops/Immature/bouisthami__BOUSTH_Stage1_Im44__0.jpg,Immature,bouisthami,train,morocco-bouisthami,/Users/ayush/Downloads/date-fruit-quality-ml/data/quality/maturity/train/Immature/morocco-bouisthami__bouisthami__BOUSTH_Stage1_Im44__0.jpg
/Users/ayush/Downloads/date-fruit-quality-ml/data/maturity/crops/Immature/boufagous__Boufgous_Stage1_Im0__0.jpg,Immature,boufagous,train,morocco-boufagous,/Users/ayush/Downloads/date-fruit-quality-ml/data/quality/maturity/train/Immature/morocco-boufagous__boufagous__Boufgous_Stage1_Im0__0.jpg
/Users/ayush/Downloads/date-fruit-quality-ml/data/maturity/crops/Khalal/bouisthami__DSC_2520__2.jpg,Khalal,bouisthami,train,morocco-bouisthami,/Users/ayush/Downloads/date-fruit-quality-ml/data/quality/maturity/train/Khalal/morocco-bouisthami__bouisthami__DSC_2520__2.jpg
/Users/ayush/Downloads/date-fruit-quality-ml/data/maturity/crops/Immature/boumajhoul__20220726_173452__0.jpg,Immature,boumajhoul,train,morocco-boumajhoul,/Users/ayush/Downloads/date-fruit-quality-ml/data/quality/maturity/train/Immature/morocco-boumajhoul__boumajhoul__20220726_173452__0.jpg
/Users/ayush/Downloads/date-fruit-quality-ml/data/maturity/crops/Tamar/bouisthami__WhatsApp Image 2022-10-10 at 11.48.23__1.jpg,Tamar,bouisthami,train,morocco-bouisthami,/Users/ayush/Downloads/date-fruit-quality-ml/data/quality/maturity/train/Tamar/morocco-bouisthami__bouisthami__WhatsApp Image 2022-10-10 at 11.48.23__1.jpg
/Users/ayush/Downloads/date-fruit-quality-ml/data/maturity/crops/Immature/boufagous__20220819_114401__0.jpg,Immature,boufagous,train,morocco-boufagous,/Users/ayush/Downloads/date-fruit-quality-ml/data/quality/maturity/train/Immature/morocco-boufagous__boufagous__20220819_114401__0.jpg
/Users/ayush/Downloads/date-fruit-quality-ml/data/maturity/crops/Khalal/boufagous__20220901_182646__0.jpg,Khalal,boufagous,train,morocco-boufagous,/Users/ayush/Downloads/date-fruit-quality-ml/data/quality/maturity/train/Khalal/morocco-boufagous__boufagous__20220901_182646__0.jpg
/Users/ayush/Downloads/date-fruit-quality-ml/data/maturity/crops/Immature/bouisthami__BOUSTH_Stage1_Im15__2.jpg,Immature,bouisthami,train,morocco-bouisthami,/Users/ayush/Downloads/date-fruit-quality-ml/data/quality/maturity/train/Immature/morocco-bouisthami__bouisthami__BOUSTH_Stage1_Im15__2.jpg
/Users/ayush/Downloads/date-fruit-quality-ml/data/maturity/crops/Rutab/boufagous__20220922_190105__1.jpg,Rutab,boufagous,train,morocco-boufagous,/Users/ayush/Downloads/date-fruit-quality-ml/data/quality/maturity/train/Rutab/morocco-boufagous__boufagous__20220922_190105__1.jpg
/Users/ayush/Downloads/date-fruit-quality-ml/data/maturity/crops/Immature/bouisthami__BOUSTH_Stage1_Im1__2.jpg,Immature,bouisthami,train,morocco-bouisthami,/Users/ayush/Downloads/date-fruit-quality-ml/data/quality/maturity/train/Immature/morocco-bouisthami__bouisthami__BOUSTH_Stage1_Im1__2.jpg
/Users/ayush/Downloads/date-fruit-quality-ml/data/maturity/crops/Khalal/bouisthami__DSC_2522__1.jpg,Khalal,bouisthami,train,morocco-bouisthami,/Users/ayush/Downloads/date-fruit-quality-ml/data/quality/maturity/train/Khalal/morocco-bouisthami__bouisthami__DSC_2522__1.jpg
/Users/ayush/Downloads/date-fruit-quality-ml/data/maturity/crops/Tamar/bouisthami__WhatsApp Image 2022-10-09 at 15.47.22__0.jpg,Tamar,bouisthami,train,morocco-bouisthami,/Users/ayush/Downloads/date-fruit-quality-ml/data/quality/maturity/train/Tamar/morocco-bouisthami__bouisthami__WhatsApp Image 2022-10-09 at 15.47.22__0.jpg
/Users/ayush/Downloads/date-fruit-quality-ml/data/maturity/crops/Khalal/boufagous__DSC_2649__0.jpg,Khalal,boufagous,train,morocco-boufagous,/Users/ayush/Downloads/date-fruit-quality-ml/data/quality/maturity/train/Khalal/morocco-boufagous__boufagous__DSC_2649__0.jpg
/Users/ayush/Downloads/date-fruit-quality-ml/data/maturity/crops/Immature/boufagous__20220819_114918__0.jpg,Immature,boufagous,train,morocco-boufagous,/Users/ayush/Downloads/date-fruit-quality-ml/data/quality/maturity/train/Immature/morocco-boufagous__boufagous__20220819_114918__0.jpg
/Users/ayush/Downloads/date-fruit-quality-ml/data/maturity/crops/Immature/bouisthami__BOUSTH_Stage1_Im61__0.jpg,Immature,bouisthami,train,morocco-bouisthami,/Users/ayush/Downloads/date-fruit-quality-ml/data/quality/maturity/train/Immature/morocco-bouisthami__bouisthami__BOUSTH_Stage1_Im61__0.jpg
/Users/ayush/Downloads/date-fruit-quality-ml/data/maturity/crops/Rutab/bouisthami__DSC_2981__3.jpg,Rutab,bouisthami,train,morocco-bouisthami,/Users/ayush/Downloads/date-fruit-quality-ml/data/quality/maturity/train/Rutab/morocco-bouisthami__bouisthami__DSC_2981__3.jpg
/Users/ayush/Downloads/date-fruit-quality-ml/data/maturity/crops/Rutab/boumajhoul__20220920_125558(0)__1.jpg,Rutab,boumajhoul,train,morocco-boumajhoul,/Users/ayush/Downloads/date-fruit-quality-ml/data/quality/maturity/train/Rutab/morocco-boumajhoul__boumajhoul__20220920_125558(0)__1.jpg
/Users/ayush/Downloads/date-fruit-quality-ml/data/maturity/crops/Khalal/boufagous__20220901_182415__0.jpg,Khalal,boufagous,train,morocco-boufagous,/Users/ayush/Downloads/date-fruit-quality-ml/data/quality/maturity/train/Khalal/morocco-boufagous__boufagous__20220901_182415__0.jpg
/Users/ayush/Downloads/date-fruit-quality-ml/data/maturity/crops/Tamar/boumajhoul__20221009_174911__1.jpg,Tamar,boumajhoul,train,morocco-boumajhoul,/Users/ayush/Downloads/date-fruit-quality-ml/data/quality/maturity/train/Tamar/morocco-boumajhoul__boumajhoul__20221009_174911__1.jpg
/Users/ayush/Downloads/date-fruit-quality-ml/data/maturity/crops/Tamar/bouisthami__WhatsApp Image 2022-10-09 at 15.44.16__1.jpg,Tamar,bouisthami,train,morocco-bouisthami,/Users/ayush/Downloads/date-fruit-quality-ml/data/quality/maturity/train/Tamar/morocco-bouisthami__bouisthami__WhatsApp Image 2022-10-09 at 15.44.16__1.jpg
/Users/ayush/Downloads/date-fruit-quality-ml/data/maturity/crops/Khalal/boufagous__20220901_180335(0)__0.jpg,Khalal,boufagous,train,morocco-boufagous,/Users/ayush/Downloads/date-fruit-quality-ml/data/quality/maturity/train/Khalal/morocco-boufagous__boufagous__20220901_180335(0)__0.jpg
/Users/ayush/Downloads/date-fruit-quality-ml/data/maturity/crops/Khalal/boufagous__20220901_182632__1.jpg,Khalal,boufagous,train,morocco-boufagous,/Users/ayush/Downloads/date-fruit-quality-ml/data/quality/maturity/train/Khalal/morocco-boufagous__boufagous__20220901_182632__1.jpg
/Users/ayush/Downloads/date-fruit-quality-ml/data/maturity/crops/Rutab/bouisthami__DSC_2996__3.jpg,Rutab,bouisthami,train,morocco-bouisthami,/Users/ayush/Downloads/date-fruit-quality-ml/data/quality/maturity/train/Rutab/morocco-bouisthami__bouisthami__DSC_2996__3.jpg
/Users/ayush/Downloads/date-fruit-quality-ml/data/maturity/crops/Tamar/bouisthami__WhatsApp Image 2022-10-10 at 11.49.03 (2)__0.jpg,Tamar,bouisthami,train,morocco-bouisthami,/Users/ayush/Downloads/date-fruit-quality-ml/data/quality/maturity/train/Tamar/morocco-bouisthami__bouisthami__WhatsApp Image 2022-10-10 at 11.49.03 (2)__0.jpg
/Users/ayush/Downloads/date-fruit-quality-ml/data/maturity/crops/Rutab/boufagous__20220922_183856(0)__0.jpg,Rutab,boufagous,train,morocco-boufagous,/Users/ayush/Downloads/date-fruit-quality-ml/data/quality/maturity/train/Rutab/morocco-boufagous__boufagous__20220922_183856(0)__0.jpg
/Users/ayush/Downloads/date-fruit-quality-ml/data/maturity/crops/Immature/boumajhoul__20220726_173834__1.jpg,Immature,boumajhoul,train,morocco-boumajhoul,/Users/ayush/Downloads/date-fruit-quality-ml/data/quality/maturity/train/Immature/morocco-boumajhoul__boumajhoul__20220726_173834__1.jpg
/Users/ayush/Downloads/date-fruit-quality-ml/data/maturity/crops/Tamar/bouisthami__WhatsApp Image 2022-10-09 at 15.44.10__0.jpg,Tamar,bouisthami,train,morocco-bouisthami,/Users/ayush/Downloads/date-fruit-quality-ml/data/quality/maturity/train/Tamar/morocco-bouisthami__bouisthami__WhatsApp Image 2022-10-09 at 15.44.10__0.jpg
/Users/ayush/Downloads/date-fruit-quality-ml/data/maturity/crops/Immature/boufagous__20220819_114755__0.jpg,Immature,boufagous,train,morocco-boufagous,/Users/ayush/Downloads/date-fruit-quality-ml/data/quality/maturity/train/Immature/morocco-boufagous__boufagous__20220819_114755__0.jpg
/Users/ayush/Downloads/date-fruit-quality-ml/data/maturity/crops/Immature/bouisthami__BOUSTH_Stage1_Im0__5.jpg,Immature,bouisthami,train,morocco-bouisthami,/Users/ayush/Downloads/date-fruit-quality-ml/data/quality/maturity/train/Immature/morocco-bouisthami__bouisthami__BOUSTH_Stage1_Im0__5.jpg
/Users/ayush/Downloads/date-fruit-quality-ml/data/maturity/crops/Immature/bouisthami__BOUSTH_Stage1_Im13__2.jpg,Immature,bouisthami,train,morocco-bouisthami,/Users/ayush/Downloads/date-fruit-quality-ml/data/quality/maturity/train/Immature/morocco-bouisthami__bouisthami__BOUSTH_Stage1_Im13__2.jpg
/Users/ayush/Downloads/date-fruit-quality-ml/data/maturity/crops/Khalal/bouisthami__DSC_2573__2.jpg,Khalal,bouisthami,train,morocco-bouisthami,/Users/ayush/Downloads/date-fruit-quality-ml/data/quality/maturity/train/Khalal/morocco-bouisthami__bouisthami__DSC_2573__2.jpg
/Users/ayush/Downloads/date-fruit-quality-ml/data/maturity/crops/Khalal/bouisthami__DSC_2556__1.jpg,Khalal,bouisthami,train,morocco-bouisthami,/Users/ayush/Downloads/date-fruit-quality-ml/data/quality/maturity/train/Khalal/morocco-bouisthami__bouisthami__DSC_2556__1.jpg
/Users/ayush/Downloads/date-fruit-quality-ml/data/maturity/crops/Tamar/boufagous__305416869_1028247944515687_51140899108743384_n__0.jpg,Tamar,boufagous,train,morocco-boufagous,/Users/ayush/Downloads/date-fruit-quality-ml/data/quality/maturity/train/Tamar/morocco-boufagous__boufagous__305416869_1028247944515687_51140899108743384_n__0.jpg
/Users/ayush/Downloads/date-fruit-quality-ml/data/maturity/crops/Tamar/boufagous__20221008_155919__1.jpg,Tamar,boufagous,train,morocco-boufagous,/Users/ayush/Downloads/date-fruit-quality-ml/data/quality/maturity/train/Tamar/morocco-boufagous__boufagous__20221008_155919__1.jpg
/Users/ayush/Downloads/date-fruit-quality-ml/data/maturity/crops/Immature/bouisthami__BOUSTH_Stage1_Im65__1.jpg,Immature,bouisthami,train,morocco-bouisthami,/Users/ayush/Downloads/date-fruit-quality-ml/data/quality/maturity/train/Immature/morocco-bouisthami__bouisthami__BOUSTH_Stage1_Im65__1.jpg
/Users/ayush/Downloads/date-fruit-quality-ml/data/maturity/crops/Khalal/boufagous__DSC_2492__2.jpg,Khalal,boufagous,train,morocco-boufagous,/Users/ayush/Downloads/date-fruit-quality-ml/data/quality/maturity/train/Khalal/morocco-boufagous__boufagous__DSC_2492__2.jpg
/Users/ayush/Downloads/date-fruit-quality-ml/data/maturity/crops/Tamar/boufagous__20221008_132726__0.jpg,Tamar,boufagous,train,morocco-boufagous,/Users/ayush/Downloads/date-fruit-quality-ml/data/quality/maturity/train/Tamar/morocco-boufagous__boufagous__20221008_132726__0.jpg
/Users/ayush/Downloads/date-fruit-quality-ml/data/maturity/crops/Tamar/boumajhoul__20221009_173557__0.jpg,Tamar,boumajhoul,train,morocco-boumajhoul,/Users/ayush/Downloads/date-fruit-quality-ml/data/quality/maturity/train/Tamar/morocco-boumajhoul__boumajhoul__20221009_173557__0.jpg
/Users/ayush/Downloads/date-fruit-quality-ml/data/maturity/crops/Khalal/bouisthami__DSC_2513__1.jpg,Khalal,bouisthami,train,morocco-bouisthami,/Users/ayush/Downloads/date-fruit-quality-ml/data/quality/maturity/train/Khalal/morocco-bouisthami__bouisthami__DSC_2513__1.jpg
/Users/ayush/Downloads/date-fruit-quality-ml/data/maturity/crops/Immature/boufagous__20220819_114151__0.jpg,Immature,boufagous,train,morocco-boufagous,/Users/ayush/Downloads/date-fruit-quality-ml/data/quality/maturity/train/Immature/morocco-boufagous__boufagous__20220819_114151__0.jpg
/Users/ayush/Downloads/date-fruit-quality-ml/data/maturity/crops/Rutab/boufagous__20220922_184237__0.jpg,Rutab,boufagous,train,morocco-boufagous,/Users/ayush/Downloads/date-fruit-quality-ml/data/quality/maturity/train/Rutab/morocco-boufagous__boufagous__20220922_184237__0.jpg
/Users/ayush/Downloads/date-fruit-quality-ml/data/maturity/crops/Tamar/boufagous__20220929_162002__1.jpg,Tamar,boufagous,train,morocco-boufagous,/Users/ayush/Downloads/date-fruit-quality-ml/data/quality/maturity/train/Tamar/morocco-boufagous__boufagous__20220929_162002__1.jpg
/Users/ayush/Downloads/date-fruit-quality-ml/data/maturity/crops/Tamar/boufagous__20221008_155159__0.jpg,Tamar,boufagous,train,morocco-boufagous,/Users/ayush/Downloads/date-fruit-quality-ml/data/quality/maturity/train/Tamar/morocco-boufagous__boufagous__20221008_155159__0.jpg
/Users/ayush/Downloads/date-fruit-quality-ml/data/maturity/crops/Rutab/boumajhoul__20220919_190339__0.jpg,Rutab,boumajhoul,train,morocco-boumajhoul,/Users/ayush/Downloads/date-fruit-quality-ml/data/quality/maturity/train/Rutab/morocco-boumajhoul__boumajhoul__20220919_190339__0.jpg
/Users/ayush/Downloads/date-fruit-quality-ml/data/maturity/crops/Khalal/boufagous__20220901_182542__0.jpg,Khalal,boufagous,train,morocco-boufagous,/Users/ayush/Downloads/date-fruit-quality-ml/data/quality/maturity/train/Khalal/morocco-boufagous__boufagous__20220901_182542__0.jpg
/Users/ayush/Downloads/date-fruit-quality-ml/data/maturity/crops/Tamar/bouisthami__WhatsApp Image 2022-10-09 at 15.47.17__0.jpg,Tamar,bouisthami,train,morocco-bouisthami,/Users/ayush/Downloads/date-fruit-quality-ml/data/quality/maturity/train/Tamar/morocco-bouisthami__bouisthami__WhatsApp Image 2022-10-09 at 15.47.17__0.jpg
/Users/ayush/Downloads/date-fruit-quality-ml/data/maturity/crops/Khalal/bouisthami__DSC_2515__1.jpg,Khalal,bouisthami,train,morocco-bouisthami,/Users/ayush/Downloads/date-fruit-quality-ml/data/quality/maturity/train/Khalal/morocco-bouisthami__bouisthami__DSC_2515__1.jpg
/Users/ayush/Downloads/date-fruit-quality-ml/data/maturity/crops/Rutab/boumajhoul__20220918_190141__1.jpg,Rutab,boumajhoul,train,morocco-boumajhoul,/Users/ayush/Downloads/date-fruit-quality-ml/data/quality/maturity/train/Rutab/morocco-boumajhoul__boumajhoul__20220918_190141__1.jpg
/Users/ayush/Downloads/date-fruit-quality-ml/data/maturity/crops/Rutab/bouisthami__DSC_2996__0.jpg,Rutab,bouisthami,train,morocco-bouisthami,/Users/ayush/Downloads/date-fruit-quality-ml/data/quality/maturity/train/Rutab/morocco-bouisthami__bouisthami__DSC_2996__0.jpg
/Users/ayush/Downloads/date-fruit-quality-ml/data/maturity/crops/Immature/bouisthami__BOUSTH_Stage1_Im45__2.jpg,Immature,bouisthami,train,morocco-bouisthami,/Users/ayush/Downloads/date-fruit-quality-ml/data/quality/maturity/train/Immature/morocco-bouisthami__bouisthami__BOUSTH_Stage1_Im45__2.jpg
/Users/ayush/Downloads/date-fruit-quality-ml/data/maturity/crops/Rutab/bouisthami__DSC_3018__0.jpg,Rutab,bouisthami,train,morocco-bouisthami,/Users/ayush/Downloads/date-fruit-quality-ml/data/quality/maturity/train/Rutab/morocco-bouisthami__bouisthami__DSC_3018__0.jpg
/Users/ayush/Downloads/date-fruit-quality-ml/data/maturity/crops/Tamar/boumajhoul__20221009_180132__0.jpg,Tamar,boumajhoul,train,morocco-boumajhoul,/Users/ayush/Downloads/date-fruit-quality-ml/data/quality/maturity/train/Tamar/morocco-boumajhoul__boumajhoul__20221009_180132__0.jpg
/Users/ayush/Downloads/date-fruit-quality-ml/data/maturity/crops/Khalal/bouisthami__DSC_2912__4.jpg,Khalal,bouisthami,train,morocco-bouisthami,/Users/ayush/Downloads/date-fruit-quality-ml/data/quality/maturity/train/Khalal/morocco-bouisthami__bouisthami__DSC_2912__4.jpg
/Users/ayush/Downloads/date-fruit-quality-ml/data/maturity/crops/Immature/bouisthami__BOUSTH_Stage1_Im87__1.jpg,Immature,bouisthami,train,morocco-bouisthami,/Users/ayush/Downloads/date-fruit-quality-ml/data/quality/maturity/train/Immature/morocco-bouisthami__bouisthami__BOUSTH_Stage1_Im87__1.jpg
/Users/ayush/Downloads/date-fruit-quality-ml/data/maturity/crops/Rutab/bouisthami__DSC_3015__1.jpg,Rutab,bouisthami,train,morocco-bouisthami,/Users/ayush/Downloads/date-fruit-quality-ml/data/quality/maturity/train/Rutab/morocco-bouisthami__bouisthami__DSC_3015__1.jpg
/Users/ayush/Downloads/date-fruit-quality-ml/data/maturity/crops/Khalal/bouisthami__DSC_2912__1.jpg,Khalal,bouisthami,train,morocco-bouisthami,/Users/ayush/Downloads/date-fruit-quality-ml/data/quality/maturity/train/Khalal/morocco-bouisthami__bouisthami__DSC_2912__1.jpg
/Users/ayush/Downloads/date-fruit-quality-ml/data/maturity/crops/Tamar/boufagous__20221008_153711__1.jpg,Tamar,boufagous,train,morocco-boufagous,/Users/ayush/Downloads/date-fruit-quality-ml/data/quality/maturity/train/Tamar/morocco-boufagous__boufagous__20221008_153711__1.jpg
/Users/ayush/Downloads/date-fruit-quality-ml/data/maturity/crops/Khalal/boumajhoul__20220901_131854__0.jpg,Khalal,boumajhoul,train,morocco-boumajhoul,/Users/ayush/Downloads/date-fruit-quality-ml/data/quality/maturity/train/Khalal/morocco-boumajhoul__boumajhoul__20220901_131854__0.jpg
/Users/ayush/Downloads/date-fruit-quality-ml/data/maturity/crops/Immature/bouisthami__BOUSTH_Stage1_Im8__0.jpg,Immature,bouisthami,train,morocco-bouisthami,/Users/ayush/Downloads/date-fruit-quality-ml/data/quality/maturity/train/Immature/morocco-bouisthami__bouisthami__BOUSTH_Stage1_Im8__0.jpg
/Users/ayush/Downloads/date-fruit-quality-ml/data/maturity/crops/Rutab/boumajhoul__20220920_125626__1.jpg,Rutab,boumajhoul,train,morocco-boumajhoul,/Users/ayush/Downloads/date-fruit-quality-ml/data/quality/maturity/train/Rutab/morocco-boumajhoul__boumajhoul__20220920_125626__1.jpg
/Users/ayush/Downloads/date-fruit-quality-ml/data/maturity/crops/Immature/boufagous__20220819_114658__0.jpg,Immature,boufagous,train,morocco-boufagous,/Users/ayush/Downloads/date-fruit-quality-ml/data/quality/maturity/train/Immature/morocco-boufagous__boufagous__20220819_114658__0.jpg
/Users/ayush/Downloads/date-fruit-quality-ml/data/maturity/crops/Tamar/bouisthami__WhatsApp Image 2022-10-09 at 15.47.21 (1)__2.jpg,Tamar,bouisthami,train,morocco-bouisthami,/Users/ayush/Downloads/date-fruit-quality-ml/data/quality/maturity/train/Tamar/morocco-bouisthami__bouisthami__WhatsApp Image 2022-10-09 at 15.47.21 (1)__2.jpg
/Users/ayush/Downloads/date-fruit-quality-ml/data/maturity/crops/Rutab/boufagous__20220922_190503__0.jpg,Rutab,boufagous,train,morocco-boufagous,/Users/ayush/Downloads/date-fruit-quality-ml/data/quality/maturity/train/Rutab/morocco-boufagous__boufagous__20220922_190503__0.jpg
/Users/ayush/Downloads/date-fruit-quality-ml/data/maturity/crops/Tamar/boufagous__20221008_153901__0.jpg,Tamar,boufagous,train,morocco-boufagous,/Users/ayush/Downloads/date-fruit-quality-ml/data/quality/maturity/train/Tamar/morocco-boufagous__boufagous__20221008_153901__0.jpg
/Users/ayush/Downloads/date-fruit-quality-ml/data/maturity/crops/Tamar/bouisthami__WhatsApp Image 2022-10-08 at 22.00.21__1.jpg,Tamar,bouisthami,train,morocco-bouisthami,/Users/ayush/Downloads/date-fruit-quality-ml/data/quality/maturity/train/Tamar/morocco-bouisthami__bouisthami__WhatsApp Image 2022-10-08 at 22.00.21__1.jpg
/Users/ayush/Downloads/date-fruit-quality-ml/data/maturity/crops/Khalal/bouisthami__DSC_2885__1.jpg,Khalal,bouisthami,train,morocco-bouisthami,/Users/ayush/Downloads/date-fruit-quality-ml/data/quality/maturity/train/Khalal/morocco-bouisthami__bouisthami__DSC_2885__1.jpg
/Users/ayush/Downloads/date-fruit-quality-ml/data/maturity/crops/Khalal/bouisthami__DSC_2885__0.jpg,Khalal,bouisthami,train,morocco-bouisthami,/Users/ayush/Downloads/date-fruit-quality-ml/data/quality/maturity/train/Khalal/morocco-bouisthami__bouisthami__DSC_2885__0.jpg
/Users/ayush/Downloads/date-fruit-quality-ml/data/maturity/crops/Rutab/bouisthami__DSC_3008__0.jpg,Rutab,bouisthami,train,morocco-bouisthami,/Users/ayush/Downloads/date-fruit-quality-ml/data/quality/maturity/train/Rutab/morocco-bouisthami__bouisthami__DSC_3008__0.jpg
/Users/ayush/Downloads/date-fruit-quality-ml/data/maturity/crops/Khalal/bouisthami__DSC_2887__2.jpg,Khalal,bouisthami,train,morocco-bouisthami,/Users/ayush/Downloads/date-fruit-quality-ml/data/quality/maturity/train/Khalal/morocco-bouisthami__bouisthami__DSC_2887__2.jpg
/Users/ayush/Downloads/date-fruit-quality-ml/data/maturity/crops/Khalal/boufagous__20220901_175819__5.jpg,Khalal,boufagous,train,morocco-boufagous,/Users/ayush/Downloads/date-fruit-quality-ml/data/quality/maturity/train/Khalal/morocco-boufagous__boufagous__20220901_175819__5.jpg
/Users/ayush/Downloads/date-fruit-quality-ml/data/maturity/crops/Rutab/boufagous__20220922_190503__1.jpg,Rutab,boufagous,train,morocco-boufagous,/Users/ayush/Downloads/date-fruit-quality-ml/data/quality/maturity/train/Rutab/morocco-boufagous__boufagous__20220922_190503__1.jpg
/Users/ayush/Downloads/date-fruit-quality-ml/data/maturity/crops/Khalal/bouisthami__DSC_2533__5.jpg,Khalal,bouisthami,train,morocco-bouisthami,/Users/ayush/Downloads/date-fruit-quality-ml/data/quality/maturity/train/Khalal/morocco-bouisthami__bouisthami__DSC_2533__5.jpg
/Users/ayush/Downloads/date-fruit-quality-ml/data/maturity/crops/Immature/bouisthami__BOUSTH_Stage1_Im82__1.jpg,Immature,bouisthami,train,morocco-bouisthami,/Users/ayush/Downloads/date-fruit-quality-ml/data/quality/maturity/train/Immature/morocco-bouisthami__bouisthami__BOUSTH_Stage1_Im82__1.jpg
/Users/ayush/Downloads/date-fruit-quality-ml/data/maturity/crops/Rutab/boumajhoul__20220919_190527__0.jpg,Rutab,boumajhoul,train,morocco-boumajhoul,/Users/ayush/Downloads/date-fruit-quality-ml/data/quality/maturity/train/Rutab/morocco-boumajhoul__boumajhoul__20220919_190527__0.jpg
/Users/ayush/Downloads/date-fruit-quality-ml/data/maturity/crops/Immature/boufagous__20220819_114522__1.jpg,Immature,boufagous,train,morocco-boufagous,/Users/ayush/Downloads/date-fruit-quality-ml/data/quality/maturity/train/Immature/morocco-boufagous__boufagous__20220819_114522__1.jpg
/Users/ayush/Downloads/date-fruit-quality-ml/data/maturity/crops/Rutab/boumajhoul__20220919_190626(0)__0.jpg,Rutab,boumajhoul,train,morocco-boumajhoul,/Users/ayush/Downloads/date-fruit-quality-ml/data/quality/maturity/train/Rutab/morocco-boumajhoul__boumajhoul__20220919_190626(0)__0.jpg
/Users/ayush/Downloads/date-fruit-quality-ml/data/maturity/crops/Tamar/boufagous__20220929_162353__0.jpg,Tamar,boufagous,train,morocco-boufagous,/Users/ayush/Downloads/date-fruit-quality-ml/data/quality/maturity/train/Tamar/morocco-boufagous__boufagous__20220929_162353__0.jpg
/Users/ayush/Downloads/date-fruit-quality-ml/data/maturity/crops/Tamar/boumajhoul__20221009_174841__0.jpg,Tamar,boumajhoul,train,morocco-boumajhoul,/Users/ayush/Downloads/date-fruit-quality-ml/data/quality/maturity/train/Tamar/morocco-boumajhoul__boumajhoul__20221009_174841__0.jpg
/Users/ayush/Downloads/date-fruit-quality-ml/data/maturity/crops/Tamar/boufagous__20220929_162053__0.jpg,Tamar,boufagous,train,morocco-boufagous,/Users/ayush/Downloads/date-fruit-quality-ml/data/quality/maturity/train/Tamar/morocco-boufagous__boufagous__20220929_162053__0.jpg
/Users/ayush/Downloads/date-fruit-quality-ml/data/maturity/crops/Khalal/bouisthami__DSC_2921__3.jpg,Khalal,bouisthami,train,morocco-bouisthami,/Users/ayush/Downloads/date-fruit-quality-ml/data/quality/maturity/train/Khalal/morocco-bouisthami__bouisthami__DSC_2921__3.jpg
/Users/ayush/Downloads/date-fruit-quality-ml/data/maturity/crops/Tamar/boumajhoul__20221009_173618__1.jpg,Tamar,boumajhoul,train,morocco-boumajhoul,/Users/ayush/Downloads/date-fruit-quality-ml/data/quality/maturity/train/Tamar/morocco-boumajhoul__boumajhoul__20221009_173618__1.jpg
/Users/ayush/Downloads/date-fruit-quality-ml/data/maturity/crops/Immature/bouisthami__BOUSTH_Stage1_Im48__7.jpg,Immature,bouisthami,train,morocco-bouisthami,/Users/ayush/Downloads/date-fruit-quality-ml/data/quality/maturity/train/Immature/morocco-bouisthami__bouisthami__BOUSTH_Stage1_Im48__7.jpg
/Users/ayush/Downloads/date-fruit-quality-ml/data/maturity/crops/Immature/bouisthami__BOUSTH_Stage1_Im54__2.jpg,Immature,bouisthami,train,morocco-bouisthami,/Users/ayush/Downloads/date-fruit-quality-ml/data/quality/maturity/train/Immature/morocco-bouisthami__bouisthami__BOUSTH_Stage1_Im54__2.jpg
/Users/ayush/Downloads/date-fruit-quality-ml/data/maturity/crops/Immature/boumajhoul__20220725_181838__0.jpg,Immature,boumajhoul,train,morocco-boumajhoul,/Users/ayush/Downloads/date-fruit-quality-ml/data/quality/maturity/train/Immature/morocco-boumajhoul__boumajhoul__20220725_181838__0.jpg
/Users/ayush/Downloads/date-fruit-quality-ml/data/maturity/crops/Immature/boufagous__20220819_114234__1.jpg,Immature,boufagous,train,morocco-boufagous,/Users/ayush/Downloads/date-fruit-quality-ml/data/quality/maturity/train/Immature/morocco-boufagous__boufagous__20220819_114234__1.jpg
/Users/ayush/Downloads/date-fruit-quality-ml/data/maturity/crops/Immature/boufagous__20220726_200813__3.jpg,Immature,boufagous,train,morocco-boufagous,/Users/ayush/Downloads/date-fruit-quality-ml/data/quality/maturity/train/Immature/morocco-boufagous__boufagous__20220726_200813__3.jpg
/Users/ayush/Downloads/date-fruit-quality-ml/data/maturity/crops/Rutab/boumajhoul__20220919_185743__0.jpg,Rutab,boumajhoul,train,morocco-boumajhoul,/Users/ayush/Downloads/date-fruit-quality-ml/data/quality/maturity/train/Rutab/morocco-boumajhoul__boumajhoul__20220919_185743__0.jpg
/Users/ayush/Downloads/date-fruit-quality-ml/data/maturity/crops/Tamar/bouisthami__WhatsApp Image 2022-10-10 at 11.53.32__0.jpg,Tamar,bouisthami,train,morocco-bouisthami,/Users/ayush/Downloads/date-fruit-quality-ml/data/quality/maturity/train/Tamar/morocco-bouisthami__bouisthami__WhatsApp Image 2022-10-10 at 11.53.32__0.jpg
/Users/ayush/Downloads/date-fruit-quality-ml/data/maturity/crops/Tamar/boufagous__20221008_132726__1.jpg,Tamar,boufagous,train,morocco-boufagous,/Users/ayush/Downloads/date-fruit-quality-ml/data/quality/maturity/train/Tamar/morocco-boufagous__boufagous__20221008_132726__1.jpg
/Users/ayush/Downloads/date-fruit-quality-ml/data/maturity/crops/Khalal/boumajhoul__Elmajhoul_Stage2_Im0__0.jpg,Khalal,boumajhoul,train,morocco-boumajhoul,/Users/ayush/Downloads/date-fruit-quality-ml/data/quality/maturity/train/Khalal/morocco-boumajhoul__boumajhoul__Elmajhoul_Stage2_Im0__0.jpg
/Users/ayush/Downloads/date-fruit-quality-ml/data/maturity/crops/Tamar/boufagous__IMG-20221005-WA0055__0.jpg,Tamar,boufagous,train,morocco-boufagous,/Users/ayush/Downloads/date-fruit-quality-ml/data/quality/maturity/train/Tamar/morocco-boufagous__boufagous__IMG-20221005-WA0055__0.jpg
/Users/ayush/Downloads/date-fruit-quality-ml/data/maturity/crops/Immature/boumajhoul__20220726_173808__0.jpg,Immature,boumajhoul,train,morocco-boumajhoul,/Users/ayush/Downloads/date-fruit-quality-ml/data/quality/maturity/train/Immature/morocco-boumajhoul__boumajhoul__20220726_173808__0.jpg
/Users/ayush/Downloads/date-fruit-quality-ml/data/maturity/crops/Immature/boumajhoul__20220725_181424__1.jpg,Immature,boumajhoul,train,morocco-boumajhoul,/Users/ayush/Downloads/date-fruit-quality-ml/data/quality/maturity/train/Immature/morocco-boumajhoul__boumajhoul__20220725_181424__1.jpg
/Users/ayush/Downloads/date-fruit-quality-ml/data/maturity/crops/Rutab/boumajhoul__20220919_185855__0.jpg,Rutab,boumajhoul,train,morocco-boumajhoul,/Users/ayush/Downloads/date-fruit-quality-ml/data/quality/maturity/train/Rutab/morocco-boumajhoul__boumajhoul__20220919_185855__0.jpg
/Users/ayush/Downloads/date-fruit-quality-ml/data/maturity/crops/Immature/boufagous__20220819_114959(0)__0.jpg,Immature,boufagous,train,morocco-boufagous,/Users/ayush/Downloads/date-fruit-quality-ml/data/quality/maturity/train/Immature/morocco-boufagous__boufagous__20220819_114959(0)__0.jpg
/Users/ayush/Downloads/date-fruit-quality-ml/data/maturity/crops/Khalal/bouisthami__DSC_2560__0.jpg,Khalal,bouisthami,train,morocco-bouisthami,/Users/ayush/Downloads/date-fruit-quality-ml/data/quality/maturity/train/Khalal/morocco-bouisthami__bouisthami__DSC_2560__0.jpg
/Users/ayush/Downloads/date-fruit-quality-ml/data/maturity/crops/Rutab/boumajhoul__20220919_190308__0.jpg,Rutab,boumajhoul,train,morocco-boumajhoul,/Users/ayush/Downloads/date-fruit-quality-ml/data/quality/maturity/train/Rutab/morocco-boumajhoul__boumajhoul__20220919_190308__0.jpg
/Users/ayush/Downloads/date-fruit-quality-ml/data/maturity/crops/Tamar/bouisthami__WhatsApp Image 2022-10-10 at 11.48.29__2.jpg,Tamar,bouisthami,train,morocco-bouisthami,/Users/ayush/Downloads/date-fruit-quality-ml/data/quality/maturity/train/Tamar/morocco-bouisthami__bouisthami__WhatsApp Image 2022-10-10 at 11.48.29__2.jpg
/Users/ayush/Downloads/date-fruit-quality-ml/data/maturity/crops/Immature/boumajhoul__20220726_173808__1.jpg,Immature,boumajhoul,train,morocco-boumajhoul,/Users/ayush/Downloads/date-fruit-quality-ml/data/quality/maturity/train/Immature/morocco-boumajhoul__boumajhoul__20220726_173808__1.jpg
/Users/ayush/Downloads/date-fruit-quality-ml/data/maturity/crops/Immature/boumajhoul__20220725_181104__0.jpg,Immature,boumajhoul,train,morocco-boumajhoul,/Users/ayush/Downloads/date-fruit-quality-ml/data/quality/maturity/train/Immature/morocco-boumajhoul__boumajhoul__20220725_181104__0.jpg
/Users/ayush/Downloads/date-fruit-quality-ml/data/maturity/crops/Immature/boumajhoul__20220725_181956__0.jpg,Immature,boumajhoul,train,morocco-boumajhoul,/Users/ayush/Downloads/date-fruit-quality-ml/data/quality/maturity/train/Immature/morocco-boumajhoul__boumajhoul__20220725_181956__0.jpg
/Users/ayush/Downloads/date-fruit-quality-ml/data/maturity/crops/Immature/boufagous__20220819_114553__0.jpg,Immature,boufagous,train,morocco-boufagous,/Users/ayush/Downloads/date-fruit-quality-ml/data/quality/maturity/train/Immature/morocco-boufagous__boufagous__20220819_114553__0.jpg
/Users/ayush/Downloads/date-fruit-quality-ml/data/maturity/crops/Khalal/bouisthami__DSC_2595__1.jpg,Khalal,bouisthami,train,morocco-bouisthami,/Users/ayush/Downloads/date-fruit-quality-ml/data/quality/maturity/train/Khalal/morocco-bouisthami__bouisthami__DSC_2595__1.jpg
/Users/ayush/Downloads/date-fruit-quality-ml/data/maturity/crops/Rutab/boufagous__20220922_185437__0.jpg,Rutab,boufagous,train,morocco-boufagous,/Users/ayush/Downloads/date-fruit-quality-ml/data/quality/maturity/train/Rutab/morocco-boufagous__boufagous__20220922_185437__0.jpg
/Users/ayush/Downloads/date-fruit-quality-ml/data/maturity/crops/Rutab/bouisthami__DSC_2987__1.jpg,Rutab,bouisthami,train,morocco-bouisthami,/Users/ayush/Downloads/date-fruit-quality-ml/data/quality/maturity/train/Rutab/morocco-bouisthami__bouisthami__DSC_2987__1.jpg
/Users/ayush/Downloads/date-fruit-quality-ml/data/maturity/crops/Immature/boufagous__20220726_200857__1.jpg,Immature,boufagous,train,morocco-boufagous,/Users/ayush/Downloads/date-fruit-quality-ml/data/quality/maturity/train/Immature/morocco-boufagous__boufagous__20220726_200857__1.jpg
/Users/ayush/Downloads/date-fruit-quality-ml/data/maturity/crops/Tamar/boufagous__20221008_132543__0.jpg,Tamar,boufagous,train,morocco-boufagous,/Users/ayush/Downloads/date-fruit-quality-ml/data/quality/maturity/train/Tamar/morocco-boufagous__boufagous__20221008_132543__0.jpg
/Users/ayush/Downloads/date-fruit-quality-ml/data/maturity/crops/Immature/boufagous__20220819_115042(0)__0.jpg,Immature,boufagous,train,morocco-boufagous,/Users/ayush/Downloads/date-fruit-quality-ml/data/quality/maturity/train/Immature/morocco-boufagous__boufagous__20220819_115042(0)__0.jpg
/Users/ayush/Downloads/date-fruit-quality-ml/data/maturity/crops/Rutab/bouisthami__DSC_2989__2.jpg,Rutab,bouisthami,train,morocco-bouisthami,/Users/ayush/Downloads/date-fruit-quality-ml/data/quality/maturity/train/Rutab/morocco-bouisthami__bouisthami__DSC_2989__2.jpg
/Users/ayush/Downloads/date-fruit-quality-ml/data/maturity/crops/Tamar/boumajhoul__20221009_174924__0.jpg,Tamar,boumajhoul,train,morocco-boumajhoul,/Users/ayush/Downloads/date-fruit-quality-ml/data/quality/maturity/train/Tamar/morocco-boumajhoul__boumajhoul__20221009_174924__0.jpg
/Users/ayush/Downloads/date-fruit-quality-ml/data/maturity/crops/Khalal/bouisthami__DSC_2930__1.jpg,Khalal,bouisthami,train,morocco-bouisthami,/Users/ayush/Downloads/date-fruit-quality-ml/data/quality/maturity/train/Khalal/morocco-bouisthami__bouisthami__DSC_2930__1.jpg
/Users/ayush/Downloads/date-fruit-quality-ml/data/maturity/crops/Khalal/boumajhoul__Elmajhoul_Stage2_Im53__1.jpg,Khalal,boumajhoul,train,morocco-boumajhoul,/Users/ayush/Downloads/date-fruit-quality-ml/data/quality/maturity/train/Khalal/morocco-boumajhoul__boumajhoul__Elmajhoul_Stage2_Im53__1.jpg
/Users/ayush/Downloads/date-fruit-quality-ml/data/maturity/crops/Rutab/bouisthami__DSC_3012__3.jpg,Rutab,bouisthami,train,morocco-bouisthami,/Users/ayush/Downloads/date-fruit-quality-ml/data/quality/maturity/train/Rutab/morocco-bouisthami__bouisthami__DSC_3012__3.jpg
/Users/ayush/Downloads/date-fruit-quality-ml/data/maturity/crops/Immature/boumajhoul__Elmjhoul_Stage1_Im52__0.jpg,Immature,boumajhoul,train,morocco-boumajhoul,/Users/ayush/Downloads/date-fruit-quality-ml/data/quality/maturity/train/Immature/morocco-boumajhoul__boumajhoul__Elmjhoul_Stage1_Im52__0.jpg
/Users/ayush/Downloads/date-fruit-quality-ml/data/maturity/crops/Rutab/bouisthami__DSC_2973__0.jpg,Rutab,bouisthami,train,morocco-bouisthami,/Users/ayush/Downloads/date-fruit-quality-ml/data/quality/maturity/train/Rutab/morocco-bouisthami__bouisthami__DSC_2973__0.jpg
/Users/ayush/Downloads/date-fruit-quality-ml/data/maturity/crops/Khalal/boufagous__DSC_2649__1.jpg,Khalal,boufagous,train,morocco-boufagous,/Users/ayush/Downloads/date-fruit-quality-ml/data/quality/maturity/train/Khalal/morocco-boufagous__boufagous__DSC_2649__1.jpg
/Users/ayush/Downloads/date-fruit-quality-ml/data/maturity/crops/Rutab/boumajhoul__20220919_190148__0.jpg,Rutab,boumajhoul,train,morocco-boumajhoul,/Users/ayush/Downloads/date-fruit-quality-ml/data/quality/maturity/train/Rutab/morocco-boumajhoul__boumajhoul__20220919_190148__0.jpg
/Users/ayush/Downloads/date-fruit-quality-ml/data/maturity/crops/Khalal/bouisthami__DSC_2587__0.jpg,Khalal,bouisthami,train,morocco-bouisthami,/Users/ayush/Downloads/date-fruit-quality-ml/data/quality/maturity/train/Khalal/morocco-bouisthami__bouisthami__DSC_2587__0.jpg
/Users/ayush/Downloads/date-fruit-quality-ml/data/maturity/crops/Rutab/boumajhoul__20220919_185601__0.jpg,Rutab,boumajhoul,train,morocco-boumajhoul,/Users/ayush/Downloads/date-fruit-quality-ml/data/quality/maturity/train/Rutab/morocco-boumajhoul__boumajhoul__20220919_185601__0.jpg
/Users/ayush/Downloads/date-fruit-quality-ml/data/maturity/crops/Immature/boumajhoul__20220726_174105__0.jpg,Immature,boumajhoul,train,morocco-boumajhoul,/Users/ayush/Downloads/date-fruit-quality-ml/data/quality/maturity/train/Immature/morocco-boumajhoul__boumajhoul__20220726_174105__0.jpg
/Users/ayush/Downloads/date-fruit-quality-ml/data/maturity/crops/Tamar/boumajhoul__20221009_174942__1.jpg,Tamar,boumajhoul,train,morocco-boumajhoul,/Users/ayush/Downloads/date-fruit-quality-ml/data/quality/maturity/train/Tamar/morocco-boumajhoul__boumajhoul__20221009_174942__1.jpg
/Users/ayush/Downloads/date-fruit-quality-ml/data/maturity/crops/Rutab/boufagous__20220922_132412__0.jpg,Rutab,boufagous,train,morocco-boufagous,/Users/ayush/Downloads/date-fruit-quality-ml/data/quality/maturity/train/Rutab/morocco-boufagous__boufagous__20220922_132412__0.jpg
/Users/ayush/Downloads/date-fruit-quality-ml/data/maturity/crops/Khalal/boufagous__20220901_182338__2.jpg,Khalal,boufagous,train,morocco-boufagous,/Users/ayush/Downloads/date-fruit-quality-ml/data/quality/maturity/train/Khalal/morocco-boufagous__boufagous__20220901_182338__2.jpg
/Users/ayush/Downloads/date-fruit-quality-ml/data/maturity/crops/Khalal/boumajhoul__Elmajhoul_Stage2_Im35__0.jpg,Khalal,boumajhoul,train,morocco-boumajhoul,/Users/ayush/Downloads/date-fruit-quality-ml/data/quality/maturity/train/Khalal/morocco-boumajhoul__boumajhoul__Elmajhoul_Stage2_Im35__0.jpg
/Users/ayush/Downloads/date-fruit-quality-ml/data/maturity/crops/Tamar/bouisthami__WhatsApp Image 2022-10-10 at 11.49.04__0.jpg,Tamar,bouisthami,train,morocco-bouisthami,/Users/ayush/Downloads/date-fruit-quality-ml/data/quality/maturity/train/Tamar/morocco-bouisthami__bouisthami__WhatsApp Image 2022-10-10 at 11.49.04__0.jpg
/Users/ayush/Downloads/date-fruit-quality-ml/data/maturity/crops/Khalal/bouisthami__DSC_2509__1.jpg,Khalal,bouisthami,train,morocco-bouisthami,/Users/ayush/Downloads/date-fruit-quality-ml/data/quality/maturity/train/Khalal/morocco-bouisthami__bouisthami__DSC_2509__1.jpg
/Users/ayush/Downloads/date-fruit-quality-ml/data/maturity/crops/Immature/bouisthami__BOUSTH_Stage1_Im28__1.jpg,Immature,bouisthami,train,morocco-bouisthami,/Users/ayush/Downloads/date-fruit-quality-ml/data/quality/maturity/train/Immature/morocco-bouisthami__bouisthami__BOUSTH_Stage1_Im28__1.jpg
/Users/ayush/Downloads/date-fruit-quality-ml/data/maturity/crops/Rutab/boumajhoul__20220920_125744__1.jpg,Rutab,boumajhoul,train,morocco-boumajhoul,/Users/ayush/Downloads/date-fruit-quality-ml/data/quality/maturity/train/Rutab/morocco-boumajhoul__boumajhoul__20220920_125744__1.jpg
/Users/ayush/Downloads/date-fruit-quality-ml/data/maturity/crops/Khalal/boufagous__20220901_182816__0.jpg,Khalal,boufagous,train,morocco-boufagous,/Users/ayush/Downloads/date-fruit-quality-ml/data/quality/maturity/train/Khalal/morocco-boufagous__boufagous__20220901_182816__0.jpg
/Users/ayush/Downloads/date-fruit-quality-ml/data/maturity/crops/Immature/bouisthami__BOUSTH_Stage1_Im9__1.jpg,Immature,bouisthami,train,morocco-bouisthami,/Users/ayush/Downloads/date-fruit-quality-ml/data/quality/maturity/train/Immature/morocco-bouisthami__bouisthami__BOUSTH_Stage1_Im9__1.jpg
/Users/ayush/Downloads/date-fruit-quality-ml/data/maturity/crops/Immature/boufagous__20220819_114738__0.jpg,Immature,boufagous,train,morocco-boufagous,/Users/ayush/Downloads/date-fruit-quality-ml/data/quality/maturity/train/Immature/morocco-boufagous__boufagous__20220819_114738__0.jpg
/Users/ayush/Downloads/date-fruit-quality-ml/data/maturity/crops/Rutab/bouisthami__DSC_3000__0.jpg,Rutab,bouisthami,train,morocco-bouisthami,/Users/ayush/Downloads/date-fruit-quality-ml/data/quality/maturity/train/Rutab/morocco-bouisthami__bouisthami__DSC_3000__0.jpg
/Users/ayush/Downloads/date-fruit-quality-ml/data/maturity/crops/Khalal/boumajhoul__20220901_132030__0.jpg,Khalal,boumajhoul,train,morocco-boumajhoul,/Users/ayush/Downloads/date-fruit-quality-ml/data/quality/maturity/train/Khalal/morocco-boumajhoul__boumajhoul__20220901_132030__0.jpg
/Users/ayush/Downloads/date-fruit-quality-ml/data/maturity/crops/Tamar/boufagous__20220929_162953__0.jpg,Tamar,boufagous,train,morocco-boufagous,/Users/ayush/Downloads/date-fruit-quality-ml/data/quality/maturity/train/Tamar/morocco-boufagous__boufagous__20220929_162953__0.jpg
/Users/ayush/Downloads/date-fruit-quality-ml/data/maturity/crops/Immature/bouisthami__BOUSTH_Stage1_Im45__1.jpg,Immature,bouisthami,train,morocco-bouisthami,/Users/ayush/Downloads/date-fruit-quality-ml/data/quality/maturity/train/Immature/morocco-bouisthami__bouisthami__BOUSTH_Stage1_Im45__1.jpg
/Users/ayush/Downloads/date-fruit-quality-ml/data/maturity/crops/Khalal/boufagous__DSC_2610__0.jpg,Khalal,boufagous,train,morocco-boufagous,/Users/ayush/Downloads/date-fruit-quality-ml/data/quality/maturity/train/Khalal/morocco-boufagous__boufagous__DSC_2610__0.jpg
/Users/ayush/Downloads/date-fruit-quality-ml/data/maturity/crops/Tamar/boufagous__20221008_155919__0.jpg,Tamar,boufagous,train,morocco-boufagous,/Users/ayush/Downloads/date-fruit-quality-ml/data/quality/maturity/train/Tamar/morocco-boufagous__boufagous__20221008_155919__0.jpg
/Users/ayush/Downloads/date-fruit-quality-ml/data/maturity/crops/Khalal/boumajhoul__20220901_131100__3.jpg,Khalal,boumajhoul,train,morocco-boumajhoul,/Users/ayush/Downloads/date-fruit-quality-ml/data/quality/maturity/train/Khalal/morocco-boumajhoul__boumajhoul__20220901_131100__3.jpg
/Users/ayush/Downloads/date-fruit-quality-ml/data/maturity/crops/Khalal/boufagous__20220901_175828__2.jpg,Khalal,boufagous,train,morocco-boufagous,/Users/ayush/Downloads/date-fruit-quality-ml/data/quality/maturity/train/Khalal/morocco-boufagous__boufagous__20220901_175828__2.jpg
/Users/ayush/Downloads/date-fruit-quality-ml/data/maturity/crops/Immature/bouisthami__BOUSTH_Stage1_Im67__0.jpg,Immature,bouisthami,train,morocco-bouisthami,/Users/ayush/Downloads/date-fruit-quality-ml/data/quality/maturity/train/Immature/morocco-bouisthami__bouisthami__BOUSTH_Stage1_Im67__0.jpg
/Users/ayush/Downloads/date-fruit-quality-ml/data/maturity/crops/Tamar/bouisthami__WhatsApp Image 2022-10-10 at 11.49.07 (1)__0.jpg,Tamar,bouisthami,train,morocco-bouisthami,/Users/ayush/Downloads/date-fruit-quality-ml/data/quality/maturity/train/Tamar/morocco-bouisthami__bouisthami__WhatsApp Image 2022-10-10 at 11.49.07 (1)__0.jpg
/Users/ayush/Downloads/date-fruit-quality-ml/data/maturity/crops/Khalal/boufagous__20220901_182853(0)__0.jpg,Khalal,boufagous,train,morocco-boufagous,/Users/ayush/Downloads/date-fruit-quality-ml/data/quality/maturity/train/Khalal/morocco-boufagous__boufagous__20220901_182853(0)__0.jpg
/Users/ayush/Downloads/date-fruit-quality-ml/data/maturity/crops/Tamar/bouisthami__WhatsApp Image 2022-10-08 at 23.07.40__0.jpg,Tamar,bouisthami,train,morocco-bouisthami,/Users/ayush/Downloads/date-fruit-quality-ml/data/quality/maturity/train/Tamar/morocco-bouisthami__bouisthami__WhatsApp Image 2022-10-08 at 23.07.40__0.jpg
/Users/ayush/Downloads/date-fruit-quality-ml/data/maturity/crops/Immature/boumajhoul__20220725_181746__1.jpg,Immature,boumajhoul,train,morocco-boumajhoul,/Users/ayush/Downloads/date-fruit-quality-ml/data/quality/maturity/train/Immature/morocco-boumajhoul__boumajhoul__20220725_181746__1.jpg
/Users/ayush/Downloads/date-fruit-quality-ml/data/maturity/crops/Khalal/boufagous__20220901_182434__1.jpg,Khalal,boufagous,train,morocco-boufagous,/Users/ayush/Downloads/date-fruit-quality-ml/data/quality/maturity/train/Khalal/morocco-boufagous__boufagous__20220901_182434__1.jpg
/Users/ayush/Downloads/date-fruit-quality-ml/data/maturity/crops/Rutab/boumajhoul__DSC_3044__0.jpg,Rutab,boumajhoul,train,morocco-boumajhoul,/Users/ayush/Downloads/date-fruit-quality-ml/data/quality/maturity/train/Rutab/morocco-boumajhoul__boumajhoul__DSC_3044__0.jpg
/Users/ayush/Downloads/date-fruit-quality-ml/data/maturity/crops/Rutab/boufagous__20220922_131857__3.jpg,Rutab,boufagous,train,morocco-boufagous,/Users/ayush/Downloads/date-fruit-quality-ml/data/quality/maturity/train/Rutab/morocco-boufagous__boufagous__20220922_131857__3.jpg
/Users/ayush/Downloads/date-fruit-quality-ml/data/maturity/crops/Khalal/boufagous__DSC_2474__2.jpg,Khalal,boufagous,train,morocco-boufagous,/Users/ayush/Downloads/date-fruit-quality-ml/data/quality/maturity/train/Khalal/morocco-boufagous__boufagous__DSC_2474__2.jpg
/Users/ayush/Downloads/date-fruit-quality-ml/data/maturity/crops/Tamar/boumajhoul__20221009_174444__0.jpg,Tamar,boumajhoul,train,morocco-boumajhoul,/Users/ayush/Downloads/date-fruit-quality-ml/data/quality/maturity/train/Tamar/morocco-boumajhoul__boumajhoul__20221009_174444__0.jpg
/Users/ayush/Downloads/date-fruit-quality-ml/data/maturity/crops/Khalal/boumajhoul__20220901_131940__1.jpg,Khalal,boumajhoul,train,morocco-boumajhoul,/Users/ayush/Downloads/date-fruit-quality-ml/data/quality/maturity/train/Khalal/morocco-boumajhoul__boumajhoul__20220901_131940__1.jpg
/Users/ayush/Downloads/date-fruit-quality-ml/data/maturity/crops/Tamar/bouisthami__WhatsApp Image 2022-10-09 at 15.45.27__1.jpg,Tamar,bouisthami,train,morocco-bouisthami,/Users/ayush/Downloads/date-fruit-quality-ml/data/quality/maturity/train/Tamar/morocco-bouisthami__bouisthami__WhatsApp Image 2022-10-09 at 15.45.27__1.jpg
/Users/ayush/Downloads/date-fruit-quality-ml/data/maturity/crops/Tamar/boumajhoul__20221009_173505__0.jpg,Tamar,boumajhoul,train,morocco-boumajhoul,/Users/ayush/Downloads/date-fruit-quality-ml/data/quality/maturity/train/Tamar/morocco-boumajhoul__boumajhoul__20221009_173505__0.jpg
/Users/ayush/Downloads/date-fruit-quality-ml/data/maturity/crops/Khalal/bouisthami__DSC_2575__1.jpg,Khalal,bouisthami,train,morocco-bouisthami,/Users/ayush/Downloads/date-fruit-quality-ml/data/quality/maturity/train/Khalal/morocco-bouisthami__bouisthami__DSC_2575__1.jpg
/Users/ayush/Downloads/date-fruit-quality-ml/data/maturity/crops/Immature/boumajhoul__Elmjhoul_Stage1_Im70__2.jpg,Immature,boumajhoul,train,morocco-boumajhoul,/Users/ayush/Downloads/date-fruit-quality-ml/data/quality/maturity/train/Immature/morocco-boumajhoul__boumajhoul__Elmjhoul_Stage1_Im70__2.jpg
/Users/ayush/Downloads/date-fruit-quality-ml/data/maturity/crops/Tamar/boumajhoul__20221009_174853__2.jpg,Tamar,boumajhoul,train,morocco-boumajhoul,/Users/ayush/Downloads/date-fruit-quality-ml/data/quality/maturity/train/Tamar/morocco-boumajhoul__boumajhoul__20221009_174853__2.jpg
/Users/ayush/Downloads/date-fruit-quality-ml/data/maturity/crops/Khalal/boufagous__DSC_2668__4.jpg,Khalal,boufagous,train,morocco-boufagous,/Users/ayush/Downloads/date-fruit-quality-ml/data/quality/maturity/train/Khalal/morocco-boufagous__boufagous__DSC_2668__4.jpg
/Users/ayush/Downloads/date-fruit-quality-ml/data/maturity/crops/Rutab/bouisthami__DSC_2989__6.jpg,Rutab,bouisthami,train,morocco-bouisthami,/Users/ayush/Downloads/date-fruit-quality-ml/data/quality/maturity/train/Rutab/morocco-bouisthami__bouisthami__DSC_2989__6.jpg
/Users/ayush/Downloads/date-fruit-quality-ml/data/maturity/crops/Khalal/bouisthami__DSC_2912__6.jpg,Khalal,bouisthami,train,morocco-bouisthami,/Users/ayush/Downloads/date-fruit-quality-ml/data/quality/maturity/train/Khalal/morocco-bouisthami__bouisthami__DSC_2912__6.jpg
/Users/ayush/Downloads/date-fruit-quality-ml/data/maturity/crops/Rutab/boufagous__20220922_133727(0)__0.jpg,Rutab,boufagous,train,morocco-boufagous,/Users/ayush/Downloads/date-fruit-quality-ml/data/quality/maturity/train/Rutab/morocco-boufagous__boufagous__20220922_133727(0)__0.jpg
/Users/ayush/Downloads/date-fruit-quality-ml/data/maturity/crops/Rutab/bouisthami__DSC_2986__1.jpg,Rutab,bouisthami,train,morocco-bouisthami,/Users/ayush/Downloads/date-fruit-quality-ml/data/quality/maturity/train/Rutab/morocco-bouisthami__bouisthami__DSC_2986__1.jpg
/Users/ayush/Downloads/date-fruit-quality-ml/data/maturity/crops/Khalal/boufagous__DSC_2658__1.jpg,Khalal,boufagous,train,morocco-boufagous,/Users/ayush/Downloads/date-fruit-quality-ml/data/quality/maturity/train/Khalal/morocco-boufagous__boufagous__DSC_2658__1.jpg
/Users/ayush/Downloads/date-fruit-quality-ml/data/maturity/crops/Immature/boufagous__20220819_114941__1.jpg,Immature,boufagous,train,morocco-boufagous,/Users/ayush/Downloads/date-fruit-quality-ml/data/quality/maturity/train/Immature/morocco-boufagous__boufagous__20220819_114941__1.jpg
/Users/ayush/Downloads/date-fruit-quality-ml/data/maturity/crops/Tamar/boufagous__20221008_132805__0.jpg,Tamar,boufagous,train,morocco-boufagous,/Users/ayush/Downloads/date-fruit-quality-ml/data/quality/maturity/train/Tamar/morocco-boufagous__boufagous__20221008_132805__0.jpg
/Users/ayush/Downloads/date-fruit-quality-ml/data/maturity/crops/Immature/boufagous__20220819_114443__1.jpg,Immature,boufagous,train,morocco-boufagous,/Users/ayush/Downloads/date-fruit-quality-ml/data/quality/maturity/train/Immature/morocco-boufagous__boufagous__20220819_114443__1.jpg
/Users/ayush/Downloads/date-fruit-quality-ml/data/maturity/crops/Tamar/boumajhoul__20221009_173445__0.jpg,Tamar,boumajhoul,train,morocco-boumajhoul,/Users/ayush/Downloads/date-fruit-quality-ml/data/quality/maturity/train/Tamar/morocco-boumajhoul__boumajhoul__20221009_173445__0.jpg
/Users/ayush/Downloads/date-fruit-quality-ml/data/maturity/crops/Khalal/bouisthami__DSC_2928__0.jpg,Khalal,bouisthami,train,morocco-bouisthami,/Users/ayush/Downloads/date-fruit-quality-ml/data/quality/maturity/train/Khalal/morocco-bouisthami__bouisthami__DSC_2928__0.jpg
/Users/ayush/Downloads/date-fruit-quality-ml/data/maturity/crops/Rutab/bouisthami__DSC_2974__2.jpg,Rutab,bouisthami,train,morocco-bouisthami,/Users/ayush/Downloads/date-fruit-quality-ml/data/quality/maturity/train/Rutab/morocco-bouisthami__bouisthami__DSC_2974__2.jpg
/Users/ayush/Downloads/date-fruit-quality-ml/data/maturity/crops/Rutab/bouisthami__DSC_2974__1.jpg,Rutab,bouisthami,train,morocco-bouisthami,/Users/ayush/Downloads/date-fruit-quality-ml/data/quality/maturity/train/Rutab/morocco-bouisthami__bouisthami__DSC_2974__1.jpg
/Users/ayush/Downloads/date-fruit-quality-ml/data/maturity/crops/Immature/bouisthami__BOUSTH_Stage1_Im18__3.jpg,Immature,bouisthami,train,morocco-bouisthami,/Users/ayush/Downloads/date-fruit-quality-ml/data/quality/maturity/train/Immature/morocco-bouisthami__bouisthami__BOUSTH_Stage1_Im18__3.jpg
/Users/ayush/Downloads/date-fruit-quality-ml/data/maturity/crops/Khalal/boufagous__20220901_182554__0.jpg,Khalal,boufagous,train,morocco-boufagous,/Users/ayush/Downloads/date-fruit-quality-ml/data/quality/maturity/train/Khalal/morocco-boufagous__boufagous__20220901_182554__0.jpg
/Users/ayush/Downloads/date-fruit-quality-ml/data/maturity/crops/Khalal/bouisthami__DSC_2593__0.jpg,Khalal,bouisthami,train,morocco-bouisthami,/Users/ayush/Downloads/date-fruit-quality-ml/data/quality/maturity/train/Khalal/morocco-bouisthami__bouisthami__DSC_2593__0.jpg
/Users/ayush/Downloads/date-fruit-quality-ml/data/maturity/crops/Tamar/boumajhoul__20221009_181002__0.jpg,Tamar,boumajhoul,train,morocco-boumajhoul,/Users/ayush/Downloads/date-fruit-quality-ml/data/quality/maturity/train/Tamar/morocco-boumajhoul__boumajhoul__20221009_181002__0.jpg
/Users/ayush/Downloads/date-fruit-quality-ml/data/maturity/crops/Tamar/bouisthami__WhatsApp Image 2022-10-10 at 11.49.05 (3)__0.jpg,Tamar,bouisthami,train,morocco-bouisthami,/Users/ayush/Downloads/date-fruit-quality-ml/data/quality/maturity/train/Tamar/morocco-bouisthami__bouisthami__WhatsApp Image 2022-10-10 at 11.49.05 (3)__0.jpg
/Users/ayush/Downloads/date-fruit-quality-ml/data/maturity/crops/Khalal/boufagous__20220901_180254__0.jpg,Khalal,boufagous,train,morocco-boufagous,/Users/ayush/Downloads/date-fruit-quality-ml/data/quality/maturity/train/Khalal/morocco-boufagous__boufagous__20220901_180254__0.jpg
/Users/ayush/Downloads/date-fruit-quality-ml/data/maturity/crops/Rutab/boufagous__20220922_183731__1.jpg,Rutab,boufagous,train,morocco-boufagous,/Users/ayush/Downloads/date-fruit-quality-ml/data/quality/maturity/train/Rutab/morocco-boufagous__boufagous__20220922_183731__1.jpg
/Users/ayush/Downloads/date-fruit-quality-ml/data/maturity/crops/Khalal/boufagous__20220901_182806__0.jpg,Khalal,boufagous,train,morocco-boufagous,/Users/ayush/Downloads/date-fruit-quality-ml/data/quality/maturity/train/Khalal/morocco-boufagous__boufagous__20220901_182806__0.jpg
/Users/ayush/Downloads/date-fruit-quality-ml/data/maturity/crops/Khalal/boufagous__20220901_180159__0.jpg,Khalal,boufagous,train,morocco-boufagous,/Users/ayush/Downloads/date-fruit-quality-ml/data/quality/maturity/train/Khalal/morocco-boufagous__boufagous__20220901_180159__0.jpg
/Users/ayush/Downloads/date-fruit-quality-ml/data/maturity/crops/Tamar/boufagous__20221008_153827__1.jpg,Tamar,boufagous,train,morocco-boufagous,/Users/ayush/Downloads/date-fruit-quality-ml/data/quality/maturity/train/Tamar/morocco-boufagous__boufagous__20221008_153827__1.jpg
/Users/ayush/Downloads/date-fruit-quality-ml/data/maturity/crops/Khalal/bouisthami__DSC_2524__0.jpg,Khalal,bouisthami,train,morocco-bouisthami,/Users/ayush/Downloads/date-fruit-quality-ml/data/quality/maturity/train/Khalal/morocco-bouisthami__bouisthami__DSC_2524__0.jpg
/Users/ayush/Downloads/date-fruit-quality-ml/data/maturity/crops/Tamar/boufagous__20221008_131132__1.jpg,Tamar,boufagous,train,morocco-boufagous,/Users/ayush/Downloads/date-fruit-quality-ml/data/quality/maturity/train/Tamar/morocco-boufagous__boufagous__20221008_131132__1.jpg
/Users/ayush/Downloads/date-fruit-quality-ml/data/maturity/crops/Khalal/bouisthami__DSC_2910__5.jpg,Khalal,bouisthami,train,morocco-bouisthami,/Users/ayush/Downloads/date-fruit-quality-ml/data/quality/maturity/train/Khalal/morocco-bouisthami__bouisthami__DSC_2910__5.jpg
/Users/ayush/Downloads/date-fruit-quality-ml/data/maturity/crops/Tamar/boufagous__20220929_162147__0.jpg,Tamar,boufagous,train,morocco-boufagous,/Users/ayush/Downloads/date-fruit-quality-ml/data/quality/maturity/train/Tamar/morocco-boufagous__boufagous__20220929_162147__0.jpg
/Users/ayush/Downloads/date-fruit-quality-ml/data/maturity/crops/Khalal/boumajhoul__20220901_130548__1.jpg,Khalal,boumajhoul,train,morocco-boumajhoul,/Users/ayush/Downloads/date-fruit-quality-ml/data/quality/maturity/train/Khalal/morocco-boumajhoul__boumajhoul__20220901_130548__1.jpg
/Users/ayush/Downloads/date-fruit-quality-ml/data/maturity/crops/Immature/boumajhoul__Elmjhoul_Stage1_Im3__0.jpg,Immature,boumajhoul,train,morocco-boumajhoul,/Users/ayush/Downloads/date-fruit-quality-ml/data/quality/maturity/train/Immature/morocco-boumajhoul__boumajhoul__Elmjhoul_Stage1_Im3__0.jpg
/Users/ayush/Downloads/date-fruit-quality-ml/data/maturity/crops/Immature/bouisthami__BOUSTH_Stage1_Im109__2.jpg,Immature,bouisthami,train,morocco-bouisthami,/Users/ayush/Downloads/date-fruit-quality-ml/data/quality/maturity/train/Immature/morocco-bouisthami__bouisthami__BOUSTH_Stage1_Im109__2.jpg
/Users/ayush/Downloads/date-fruit-quality-ml/data/maturity/crops/Tamar/bouisthami__WhatsApp Image 2022-10-10 at 11.49.07 (1)__1.jpg,Tamar,bouisthami,train,morocco-bouisthami,/Users/ayush/Downloads/date-fruit-quality-ml/data/quality/maturity/train/Tamar/morocco-bouisthami__bouisthami__WhatsApp Image 2022-10-10 at 11.49.07 (1)__1.jpg
/Users/ayush/Downloads/date-fruit-quality-ml/data/maturity/crops/Tamar/bouisthami__WhatsApp Image 2022-10-09 at 15.47.21 (2)__1.jpg,Tamar,bouisthami,train,morocco-bouisthami,/Users/ayush/Downloads/date-fruit-quality-ml/data/quality/maturity/train/Tamar/morocco-bouisthami__bouisthami__WhatsApp Image 2022-10-09 at 15.47.21 (2)__1.jpg
/Users/ayush/Downloads/date-fruit-quality-ml/data/maturity/crops/Immature/boumajhoul__20220725_180957__1.jpg,Immature,boumajhoul,train,morocco-boumajhoul,/Users/ayush/Downloads/date-fruit-quality-ml/data/quality/maturity/train/Immature/morocco-boumajhoul__boumajhoul__20220725_180957__1.jpg
/Users/ayush/Downloads/date-fruit-quality-ml/data/maturity/crops/Khalal/bouisthami__DSC_2923__3.jpg,Khalal,bouisthami,train,morocco-bouisthami,/Users/ayush/Downloads/date-fruit-quality-ml/data/quality/maturity/train/Khalal/morocco-bouisthami__bouisthami__DSC_2923__3.jpg
/Users/ayush/Downloads/date-fruit-quality-ml/data/maturity/crops/Immature/boufagous__20220726_200942__3.jpg,Immature,boufagous,train,morocco-boufagous,/Users/ayush/Downloads/date-fruit-quality-ml/data/quality/maturity/train/Immature/morocco-boufagous__boufagous__20220726_200942__3.jpg
/Users/ayush/Downloads/date-fruit-quality-ml/data/maturity/crops/Tamar/bouisthami__WhatsApp Image 2022-10-09 at 15.47.22 (1)__0.jpg,Tamar,bouisthami,train,morocco-bouisthami,/Users/ayush/Downloads/date-fruit-quality-ml/data/quality/maturity/train/Tamar/morocco-bouisthami__bouisthami__WhatsApp Image 2022-10-09 at 15.47.22 (1)__0.jpg
/Users/ayush/Downloads/date-fruit-quality-ml/data/maturity/crops/Tamar/boufagous__20220929_162002__2.jpg,Tamar,boufagous,train,morocco-boufagous,/Users/ayush/Downloads/date-fruit-quality-ml/data/quality/maturity/train/Tamar/morocco-boufagous__boufagous__20220929_162002__2.jpg
/Users/ayush/Downloads/date-fruit-quality-ml/data/maturity/crops/Immature/boumajhoul__Elmjhoul_Stage1_Im20__2.jpg,Immature,boumajhoul,train,morocco-boumajhoul,/Users/ayush/Downloads/date-fruit-quality-ml/data/quality/maturity/train/Immature/morocco-boumajhoul__boumajhoul__Elmjhoul_Stage1_Im20__2.jpg
/Users/ayush/Downloads/date-fruit-quality-ml/data/maturity/crops/Rutab/bouisthami__DSC_3007__0.jpg,Rutab,bouisthami,train,morocco-bouisthami,/Users/ayush/Downloads/date-fruit-quality-ml/data/quality/maturity/train/Rutab/morocco-bouisthami__bouisthami__DSC_3007__0.jpg
/Users/ayush/Downloads/date-fruit-quality-ml/data/maturity/crops/Immature/boumajhoul__Elmjhoul_Stage1_Im16__3.jpg,Immature,boumajhoul,train,morocco-boumajhoul,/Users/ayush/Downloads/date-fruit-quality-ml/data/quality/maturity/train/Immature/morocco-boumajhoul__boumajhoul__Elmjhoul_Stage1_Im16__3.jpg
/Users/ayush/Downloads/date-fruit-quality-ml/data/maturity/crops/Immature/bouisthami__BOUSTH_Stage1_Im24__1.jpg,Immature,bouisthami,train,morocco-bouisthami,/Users/ayush/Downloads/date-fruit-quality-ml/data/quality/maturity/train/Immature/morocco-bouisthami__bouisthami__BOUSTH_Stage1_Im24__1.jpg
/Users/ayush/Downloads/date-fruit-quality-ml/data/maturity/crops/Immature/bouisthami__BOUSTH_Stage1_Im38__0.jpg,Immature,bouisthami,train,morocco-bouisthami,/Users/ayush/Downloads/date-fruit-quality-ml/data/quality/maturity/train/Immature/morocco-bouisthami__bouisthami__BOUSTH_Stage1_Im38__0.jpg
/Users/ayush/Downloads/date-fruit-quality-ml/data/maturity/crops/Rutab/boufagous__20220922_132828__0.jpg,Rutab,boufagous,train,morocco-boufagous,/Users/ayush/Downloads/date-fruit-quality-ml/data/quality/maturity/train/Rutab/morocco-boufagous__boufagous__20220922_132828__0.jpg
/Users/ayush/Downloads/date-fruit-quality-ml/data/maturity/crops/Rutab/boufagous__20220922_134416(0)__0.jpg,Rutab,boufagous,train,morocco-boufagous,/Users/ayush/Downloads/date-fruit-quality-ml/data/quality/maturity/train/Rutab/morocco-boufagous__boufagous__20220922_134416(0)__0.jpg
/Users/ayush/Downloads/date-fruit-quality-ml/data/maturity/crops/Immature/boumajhoul__20220725_180909__2.jpg,Immature,boumajhoul,train,morocco-boumajhoul,/Users/ayush/Downloads/date-fruit-quality-ml/data/quality/maturity/train/Immature/morocco-boumajhoul__boumajhoul__20220725_180909__2.jpg
/Users/ayush/Downloads/date-fruit-quality-ml/data/maturity/crops/Immature/boufagous__20220726_201101__1.jpg,Immature,boufagous,train,morocco-boufagous,/Users/ayush/Downloads/date-fruit-quality-ml/data/quality/maturity/train/Immature/morocco-boufagous__boufagous__20220726_201101__1.jpg
/Users/ayush/Downloads/date-fruit-quality-ml/data/maturity/crops/Immature/boufagous__20220726_201223__0.jpg,Immature,boufagous,train,morocco-boufagous,/Users/ayush/Downloads/date-fruit-quality-ml/data/quality/maturity/train/Immature/morocco-boufagous__boufagous__20220726_201223__0.jpg
/Users/ayush/Downloads/date-fruit-quality-ml/data/maturity/crops/Khalal/boufagous__20220901_180023(0)__0.jpg,Khalal,boufagous,train,morocco-boufagous,/Users/ayush/Downloads/date-fruit-quality-ml/data/quality/maturity/train/Khalal/morocco-boufagous__boufagous__20220901_180023(0)__0.jpg
/Users/ayush/Downloads/date-fruit-quality-ml/data/maturity/crops/Immature/boumajhoul__20220726_173525__0.jpg,Immature,boumajhoul,train,morocco-boumajhoul,/Users/ayush/Downloads/date-fruit-quality-ml/data/quality/maturity/train/Immature/morocco-boumajhoul__boumajhoul__20220726_173525__0.jpg
/Users/ayush/Downloads/date-fruit-quality-ml/data/maturity/crops/Tamar/boumajhoul__20221009_173658__0.jpg,Tamar,boumajhoul,train,morocco-boumajhoul,/Users/ayush/Downloads/date-fruit-quality-ml/data/quality/maturity/train/Tamar/morocco-boumajhoul__boumajhoul__20221009_173658__0.jpg
/Users/ayush/Downloads/date-fruit-quality-ml/data/maturity/crops/Rutab/boufagous__20220922_133958__1.jpg,Rutab,boufagous,train,morocco-boufagous,/Users/ayush/Downloads/date-fruit-quality-ml/data/quality/maturity/train/Rutab/morocco-boufagous__boufagous__20220922_133958__1.jpg
/Users/ayush/Downloads/date-fruit-quality-ml/data/maturity/crops/Khalal/bouisthami__DSC_2520__0.jpg,Khalal,bouisthami,train,morocco-bouisthami,/Users/ayush/Downloads/date-fruit-quality-ml/data/quality/maturity/train/Khalal/morocco-bouisthami__bouisthami__DSC_2520__0.jpg
/Users/ayush/Downloads/date-fruit-quality-ml/data/maturity/crops/Rutab/bouisthami__DSC_3010__1.jpg,Rutab,bouisthami,train,morocco-bouisthami,/Users/ayush/Downloads/date-fruit-quality-ml/data/quality/maturity/train/Rutab/morocco-bouisthami__bouisthami__DSC_3010__1.jpg
/Users/ayush/Downloads/date-fruit-quality-ml/data/maturity/crops/Khalal/bouisthami__DSC_2520__5.jpg,Khalal,bouisthami,train,morocco-bouisthami,/Users/ayush/Downloads/date-fruit-quality-ml/data/quality/maturity/train/Khalal/morocco-bouisthami__bouisthami__DSC_2520__5.jpg
/Users/ayush/Downloads/date-fruit-quality-ml/data/maturity/crops/Immature/boumajhoul__Elmjhoul_Stage1_Im70__1.jpg,Immature,boumajhoul,train,morocco-boumajhoul,/Users/ayush/Downloads/date-fruit-quality-ml/data/quality/maturity/train/Immature/morocco-boumajhoul__boumajhoul__Elmjhoul_Stage1_Im70__1.jpg
/Users/ayush/Downloads/date-fruit-quality-ml/data/maturity/crops/Khalal/bouisthami__DSC_2930__0.jpg,Khalal,bouisthami,train,morocco-bouisthami,/Users/ayush/Downloads/date-fruit-quality-ml/data/quality/maturity/train/Khalal/morocco-bouisthami__bouisthami__DSC_2930__0.jpg
/Users/ayush/Downloads/date-fruit-quality-ml/data/maturity/crops/Tamar/bouisthami__WhatsApp Image 2022-10-10 at 11.49.02 (2)__0.jpg,Tamar,bouisthami,train,morocco-bouisthami,/Users/ayush/Downloads/date-fruit-quality-ml/data/quality/maturity/train/Tamar/morocco-bouisthami__bouisthami__WhatsApp Image 2022-10-10 at 11.49.02 (2)__0.jpg
/Users/ayush/Downloads/date-fruit-quality-ml/data/maturity/crops/Tamar/bouisthami__WhatsApp Image 2022-10-10 at 11.48.58__2.jpg,Tamar,bouisthami,train,morocco-bouisthami,/Users/ayush/Downloads/date-fruit-quality-ml/data/quality/maturity/train/Tamar/morocco-bouisthami__bouisthami__WhatsApp Image 2022-10-10 at 11.48.58__2.jpg
/Users/ayush/Downloads/date-fruit-quality-ml/data/maturity/crops/Rutab/boumajhoul__20220919_190500__0.jpg,Rutab,boumajhoul,train,morocco-boumajhoul,/Users/ayush/Downloads/date-fruit-quality-ml/data/quality/maturity/train/Rutab/morocco-boumajhoul__boumajhoul__20220919_190500__0.jpg
/Users/ayush/Downloads/date-fruit-quality-ml/data/maturity/crops/Immature/bouisthami__BOUSTH_Stage1_Im30__3.jpg,Immature,bouisthami,train,morocco-bouisthami,/Users/ayush/Downloads/date-fruit-quality-ml/data/quality/maturity/train/Immature/morocco-bouisthami__bouisthami__BOUSTH_Stage1_Im30__3.jpg
/Users/ayush/Downloads/date-fruit-quality-ml/data/maturity/crops/Tamar/bouisthami__WhatsApp Image 2022-10-10 at 11.49.07__0.jpg,Tamar,bouisthami,train,morocco-bouisthami,/Users/ayush/Downloads/date-fruit-quality-ml/data/quality/maturity/train/Tamar/morocco-bouisthami__bouisthami__WhatsApp Image 2022-10-10 at 11.49.07__0.jpg
/Users/ayush/Downloads/date-fruit-quality-ml/data/maturity/crops/Tamar/boufagous__20221008_155523__0.jpg,Tamar,boufagous,train,morocco-boufagous,/Users/ayush/Downloads/date-fruit-quality-ml/data/quality/maturity/train/Tamar/morocco-boufagous__boufagous__20221008_155523__0.jpg
/Users/ayush/Downloads/date-fruit-quality-ml/data/maturity/crops/Khalal/bouisthami__DSC_2533__3.jpg,Khalal,bouisthami,train,morocco-bouisthami,/Users/ayush/Downloads/date-fruit-quality-ml/data/quality/maturity/train/Khalal/morocco-bouisthami__bouisthami__DSC_2533__3.jpg
/Users/ayush/Downloads/date-fruit-quality-ml/data/maturity/crops/Tamar/boufagous__20221008_155806__0.jpg,Tamar,boufagous,train,morocco-boufagous,/Users/ayush/Downloads/date-fruit-quality-ml/data/quality/maturity/train/Tamar/morocco-boufagous__boufagous__20221008_155806__0.jpg
/Users/ayush/Downloads/date-fruit-quality-ml/data/maturity/crops/Khalal/bouisthami__DSC_2583__1.jpg,Khalal,bouisthami,train,morocco-bouisthami,/Users/ayush/Downloads/date-fruit-quality-ml/data/quality/maturity/train/Khalal/morocco-bouisthami__bouisthami__DSC_2583__1.jpg
/Users/ayush/Downloads/date-fruit-quality-ml/data/maturity/crops/Khalal/bouisthami__DSC_2542__0.jpg,Khalal,bouisthami,train,morocco-bouisthami,/Users/ayush/Downloads/date-fruit-quality-ml/data/quality/maturity/train/Khalal/morocco-bouisthami__bouisthami__DSC_2542__0.jpg
/Users/ayush/Downloads/date-fruit-quality-ml/data/maturity/crops/Khalal/boufagous__20220901_175918__0.jpg,Khalal,boufagous,train,morocco-boufagous,/Users/ayush/Downloads/date-fruit-quality-ml/data/quality/maturity/train/Khalal/morocco-boufagous__boufagous__20220901_175918__0.jpg
/Users/ayush/Downloads/date-fruit-quality-ml/data/maturity/crops/Tamar/bouisthami__WhatsApp Image 2022-10-09 at 15.47.17__1.jpg,Tamar,bouisthami,train,morocco-bouisthami,/Users/ayush/Downloads/date-fruit-quality-ml/data/quality/maturity/train/Tamar/morocco-bouisthami__bouisthami__WhatsApp Image 2022-10-09 at 15.47.17__1.jpg
/Users/ayush/Downloads/date-fruit-quality-ml/data/maturity/crops/Immature/boumajhoul__Elmjhoul_Stage1_Im39__0.jpg,Immature,boumajhoul,train,morocco-boumajhoul,/Users/ayush/Downloads/date-fruit-quality-ml/data/quality/maturity/train/Immature/morocco-boumajhoul__boumajhoul__Elmjhoul_Stage1_Im39__0.jpg
/Users/ayush/Downloads/date-fruit-quality-ml/data/maturity/crops/Khalal/bouisthami__DSC_2513__2.jpg,Khalal,bouisthami,train,morocco-bouisthami,/Users/ayush/Downloads/date-fruit-quality-ml/data/quality/maturity/train/Khalal/morocco-bouisthami__bouisthami__DSC_2513__2.jpg
/Users/ayush/Downloads/date-fruit-quality-ml/data/maturity/crops/Khalal/bouisthami__DSC_2914__0.jpg,Khalal,bouisthami,train,morocco-bouisthami,/Users/ayush/Downloads/date-fruit-quality-ml/data/quality/maturity/train/Khalal/morocco-bouisthami__bouisthami__DSC_2914__0.jpg
/Users/ayush/Downloads/date-fruit-quality-ml/data/maturity/crops/Rutab/boufagous__20220922_131857__1.jpg,Rutab,boufagous,train,morocco-boufagous,/Users/ayush/Downloads/date-fruit-quality-ml/data/quality/maturity/train/Rutab/morocco-boufagous__boufagous__20220922_131857__1.jpg
/Users/ayush/Downloads/date-fruit-quality-ml/data/maturity/crops/Immature/boumajhoul__20220725_181651__0.jpg,Immature,boumajhoul,train,morocco-boumajhoul,/Users/ayush/Downloads/date-fruit-quality-ml/data/quality/maturity/train/Immature/morocco-boumajhoul__boumajhoul__20220725_181651__0.jpg
/Users/ayush/Downloads/date-fruit-quality-ml/data/maturity/crops/Tamar/boufagous__20221008_132452__0.jpg,Tamar,boufagous,train,morocco-boufagous,/Users/ayush/Downloads/date-fruit-quality-ml/data/quality/maturity/train/Tamar/morocco-boufagous__boufagous__20221008_132452__0.jpg
/Users/ayush/Downloads/date-fruit-quality-ml/data/maturity/crops/Rutab/bouisthami__DSC_2982__0.jpg,Rutab,bouisthami,train,morocco-bouisthami,/Users/ayush/Downloads/date-fruit-quality-ml/data/quality/maturity/train/Rutab/morocco-bouisthami__bouisthami__DSC_2982__0.jpg
/Users/ayush/Downloads/date-fruit-quality-ml/data/maturity/crops/Rutab/boufagous__20220922_133958__0.jpg,Rutab,boufagous,train,morocco-boufagous,/Users/ayush/Downloads/date-fruit-quality-ml/data/quality/maturity/train/Rutab/morocco-boufagous__boufagous__20220922_133958__0.jpg
/Users/ayush/Downloads/date-fruit-quality-ml/data/maturity/crops/Khalal/boufagous__20220901_182655(0)__0.jpg,Khalal,boufagous,train,morocco-boufagous,/Users/ayush/Downloads/date-fruit-quality-ml/data/quality/maturity/train/Khalal/morocco-boufagous__boufagous__20220901_182655(0)__0.jpg
/Users/ayush/Downloads/date-fruit-quality-ml/data/maturity/crops/Immature/bouisthami__BOUSTH_Stage1_Im12__1.jpg,Immature,bouisthami,train,morocco-bouisthami,/Users/ayush/Downloads/date-fruit-quality-ml/data/quality/maturity/train/Immature/morocco-bouisthami__bouisthami__BOUSTH_Stage1_Im12__1.jpg
/Users/ayush/Downloads/date-fruit-quality-ml/data/maturity/crops/Khalal/boumajhoul__20220901_131843__1.jpg,Khalal,boumajhoul,train,morocco-boumajhoul,/Users/ayush/Downloads/date-fruit-quality-ml/data/quality/maturity/train/Khalal/morocco-boumajhoul__boumajhoul__20220901_131843__1.jpg
/Users/ayush/Downloads/date-fruit-quality-ml/data/maturity/crops/Immature/bouisthami__BOUSTH_Stage1_Im79__4.jpg,Immature,bouisthami,train,morocco-bouisthami,/Users/ayush/Downloads/date-fruit-quality-ml/data/quality/maturity/train/Immature/morocco-bouisthami__bouisthami__BOUSTH_Stage1_Im79__4.jpg
/Users/ayush/Downloads/date-fruit-quality-ml/data/maturity/crops/Khalal/boumajhoul__20220901_130656__1.jpg,Khalal,boumajhoul,train,morocco-boumajhoul,/Users/ayush/Downloads/date-fruit-quality-ml/data/quality/maturity/train/Khalal/morocco-boumajhoul__boumajhoul__20220901_130656__1.jpg
/Users/ayush/Downloads/date-fruit-quality-ml/data/maturity/crops/Khalal/bouisthami__DSC_2531__2.jpg,Khalal,bouisthami,train,morocco-bouisthami,/Users/ayush/Downloads/date-fruit-quality-ml/data/quality/maturity/train/Khalal/morocco-bouisthami__bouisthami__DSC_2531__2.jpg
/Users/ayush/Downloads/date-fruit-quality-ml/data/maturity/crops/Khalal/bouisthami__DSC_2912__5.jpg,Khalal,bouisthami,train,morocco-bouisthami,/Users/ayush/Downloads/date-fruit-quality-ml/data/quality/maturity/train/Khalal/morocco-bouisthami__bouisthami__DSC_2912__5.jpg
/Users/ayush/Downloads/date-fruit-quality-ml/data/maturity/crops/Rutab/boumajhoul__20220918_190900__1.jpg,Rutab,boumajhoul,train,morocco-boumajhoul,/Users/ayush/Downloads/date-fruit-quality-ml/data/quality/maturity/train/Rutab/morocco-boumajhoul__boumajhoul__20220918_190900__1.jpg
/Users/ayush/Downloads/date-fruit-quality-ml/data/maturity/crops/Tamar/boumajhoul__20221009_175020__1.jpg,Tamar,boumajhoul,train,morocco-boumajhoul,/Users/ayush/Downloads/date-fruit-quality-ml/data/quality/maturity/train/Tamar/morocco-boumajhoul__boumajhoul__20221009_175020__1.jpg
/Users/ayush/Downloads/date-fruit-quality-ml/data/maturity/crops/Immature/bouisthami__BOUSTH_Stage1_Im55__0.jpg,Immature,bouisthami,train,morocco-bouisthami,/Users/ayush/Downloads/date-fruit-quality-ml/data/quality/maturity/train/Immature/morocco-bouisthami__bouisthami__BOUSTH_Stage1_Im55__0.jpg
/Users/ayush/Downloads/date-fruit-quality-ml/data/maturity/crops/Khalal/bouisthami__DSC_2912__2.jpg,Khalal,bouisthami,train,morocco-bouisthami,/Users/ayush/Downloads/date-fruit-quality-ml/data/quality/maturity/train/Khalal/morocco-bouisthami__bouisthami__DSC_2912__2.jpg
/Users/ayush/Downloads/date-fruit-quality-ml/data/maturity/crops/Khalal/bouisthami__DSC_2578__7.jpg,Khalal,bouisthami,train,morocco-bouisthami,/Users/ayush/Downloads/date-fruit-quality-ml/data/quality/maturity/train/Khalal/morocco-bouisthami__bouisthami__DSC_2578__7.jpg
/Users/ayush/Downloads/date-fruit-quality-ml/data/maturity/crops/Rutab/boumajhoul__20220918_185401__0.jpg,Rutab,boumajhoul,train,morocco-boumajhoul,/Users/ayush/Downloads/date-fruit-quality-ml/data/quality/maturity/train/Rutab/morocco-boumajhoul__boumajhoul__20220918_185401__0.jpg
/Users/ayush/Downloads/date-fruit-quality-ml/data/maturity/crops/Tamar/bouisthami__WhatsApp Image 2022-10-10 at 11.49.05__0.jpg,Tamar,bouisthami,train,morocco-bouisthami,/Users/ayush/Downloads/date-fruit-quality-ml/data/quality/maturity/train/Tamar/morocco-bouisthami__bouisthami__WhatsApp Image 2022-10-10 at 11.49.05__0.jpg
/Users/ayush/Downloads/date-fruit-quality-ml/data/maturity/crops/Khalal/boufagous__20220901_182632__0.jpg,Khalal,boufagous,train,morocco-boufagous,/Users/ayush/Downloads/date-fruit-quality-ml/data/quality/maturity/train/Khalal/morocco-boufagous__boufagous__20220901_182632__0.jpg
/Users/ayush/Downloads/date-fruit-quality-ml/data/maturity/crops/Khalal/bouisthami__DSC_2910__1.jpg,Khalal,bouisthami,train,morocco-bouisthami,/Users/ayush/Downloads/date-fruit-quality-ml/data/quality/maturity/train/Khalal/morocco-bouisthami__bouisthami__DSC_2910__1.jpg
/Users/ayush/Downloads/date-fruit-quality-ml/data/maturity/crops/Immature/boumajhoul__20220725_181026__0.jpg,Immature,boumajhoul,train,morocco-boumajhoul,/Users/ayush/Downloads/date-fruit-quality-ml/data/quality/maturity/train/Immature/morocco-boumajhoul__boumajhoul__20220725_181026__0.jpg
/Users/ayush/Downloads/date-fruit-quality-ml/data/maturity/crops/Tamar/boumajhoul__20221009_174740__1.jpg,Tamar,boumajhoul,train,morocco-boumajhoul,/Users/ayush/Downloads/date-fruit-quality-ml/data/quality/maturity/train/Tamar/morocco-boumajhoul__boumajhoul__20221009_174740__1.jpg
/Users/ayush/Downloads/date-fruit-quality-ml/data/maturity/crops/Tamar/boumajhoul__20221009_173403__0.jpg,Tamar,boumajhoul,train,morocco-boumajhoul,/Users/ayush/Downloads/date-fruit-quality-ml/data/quality/maturity/train/Tamar/morocco-boumajhoul__boumajhoul__20221009_173403__0.jpg
/Users/ayush/Downloads/date-fruit-quality-ml/data/maturity/crops/Immature/bouisthami__BOUSTH_Stage1_Im20__1.jpg,Immature,bouisthami,train,morocco-bouisthami,/Users/ayush/Downloads/date-fruit-quality-ml/data/quality/maturity/train/Immature/morocco-bouisthami__bouisthami__BOUSTH_Stage1_Im20__1.jpg
/Users/ayush/Downloads/date-fruit-quality-ml/data/maturity/crops/Immature/boufagous__20220726_201433__3.jpg,Immature,boufagous,train,morocco-boufagous,/Users/ayush/Downloads/date-fruit-quality-ml/data/quality/maturity/train/Immature/morocco-boufagous__boufagous__20220726_201433__3.jpg
/Users/ayush/Downloads/date-fruit-quality-ml/data/maturity/crops/Khalal/boufagous__DSC_2474__0.jpg,Khalal,boufagous,train,morocco-boufagous,/Users/ayush/Downloads/date-fruit-quality-ml/data/quality/maturity/train/Khalal/morocco-boufagous__boufagous__DSC_2474__0.jpg
/Users/ayush/Downloads/date-fruit-quality-ml/data/maturity/crops/Tamar/boufagous__20220929_162432__0.jpg,Tamar,boufagous,train,morocco-boufagous,/Users/ayush/Downloads/date-fruit-quality-ml/data/quality/maturity/train/Tamar/morocco-boufagous__boufagous__20220929_162432__0.jpg
/Users/ayush/Downloads/date-fruit-quality-ml/data/maturity/crops/Khalal/boumajhoul__Elmajhoul_Stage2_Im26__1.jpg,Khalal,boumajhoul,train,morocco-boumajhoul,/Users/ayush/Downloads/date-fruit-quality-ml/data/quality/maturity/train/Khalal/morocco-boumajhoul__boumajhoul__Elmajhoul_Stage2_Im26__1.jpg
/Users/ayush/Downloads/date-fruit-quality-ml/data/maturity/crops/Rutab/boufagous__20220922_185312__0.jpg,Rutab,boufagous,train,morocco-boufagous,/Users/ayush/Downloads/date-fruit-quality-ml/data/quality/maturity/train/Rutab/morocco-boufagous__boufagous__20220922_185312__0.jpg
/Users/ayush/Downloads/date-fruit-quality-ml/data/maturity/crops/Immature/boufagous__20220726_201433__1.jpg,Immature,boufagous,train,morocco-boufagous,/Users/ayush/Downloads/date-fruit-quality-ml/data/quality/maturity/train/Immature/morocco-boufagous__boufagous__20220726_201433__1.jpg
/Users/ayush/Downloads/date-fruit-quality-ml/data/maturity/crops/Immature/bouisthami__BOUSTH_Stage1_Im54__3.jpg,Immature,bouisthami,train,morocco-bouisthami,/Users/ayush/Downloads/date-fruit-quality-ml/data/quality/maturity/train/Immature/morocco-bouisthami__bouisthami__BOUSTH_Stage1_Im54__3.jpg
/Users/ayush/Downloads/date-fruit-quality-ml/data/maturity/crops/Immature/boufagous__20220726_200942__1.jpg,Immature,boufagous,train,morocco-boufagous,/Users/ayush/Downloads/date-fruit-quality-ml/data/quality/maturity/train/Immature/morocco-boufagous__boufagous__20220726_200942__1.jpg
/Users/ayush/Downloads/date-fruit-quality-ml/data/maturity/crops/Rutab/bouisthami__DSC_2996__5.jpg,Rutab,bouisthami,train,morocco-bouisthami,/Users/ayush/Downloads/date-fruit-quality-ml/data/quality/maturity/train/Rutab/morocco-bouisthami__bouisthami__DSC_2996__5.jpg
/Users/ayush/Downloads/date-fruit-quality-ml/data/maturity/crops/Immature/boufagous__20220726_200942__0.jpg,Immature,boufagous,train,morocco-boufagous,/Users/ayush/Downloads/date-fruit-quality-ml/data/quality/maturity/train/Immature/morocco-boufagous__boufagous__20220726_200942__0.jpg
/Users/ayush/Downloads/date-fruit-quality-ml/data/maturity/crops/Tamar/boufagous__20220929_162747__0.jpg,Tamar,boufagous,train,morocco-boufagous,/Users/ayush/Downloads/date-fruit-quality-ml/data/quality/maturity/train/Tamar/morocco-boufagous__boufagous__20220929_162747__0.jpg
/Users/ayush/Downloads/date-fruit-quality-ml/data/maturity/crops/Immature/bouisthami__BOUSTH_Stage1_Im27__0.jpg,Immature,bouisthami,train,morocco-bouisthami,/Users/ayush/Downloads/date-fruit-quality-ml/data/quality/maturity/train/Immature/morocco-bouisthami__bouisthami__BOUSTH_Stage1_Im27__0.jpg
/Users/ayush/Downloads/date-fruit-quality-ml/data/maturity/crops/Khalal/bouisthami__DSC_2585__1.jpg,Khalal,bouisthami,train,morocco-bouisthami,/Users/ayush/Downloads/date-fruit-quality-ml/data/quality/maturity/train/Khalal/morocco-bouisthami__bouisthami__DSC_2585__1.jpg
/Users/ayush/Downloads/date-fruit-quality-ml/data/maturity/crops/Rutab/bouisthami__DSC_2981__1.jpg,Rutab,bouisthami,train,morocco-bouisthami,/Users/ayush/Downloads/date-fruit-quality-ml/data/quality/maturity/train/Rutab/morocco-bouisthami__bouisthami__DSC_2981__1.jpg
/Users/ayush/Downloads/date-fruit-quality-ml/data/maturity/crops/Tamar/boumajhoul__20221009_174955__0.jpg,Tamar,boumajhoul,train,morocco-boumajhoul,/Users/ayush/Downloads/date-fruit-quality-ml/data/quality/maturity/train/Tamar/morocco-boumajhoul__boumajhoul__20221009_174955__0.jpg
/Users/ayush/Downloads/date-fruit-quality-ml/data/maturity/crops/Tamar/boufagous__20221008_132640__1.jpg,Tamar,boufagous,train,morocco-boufagous,/Users/ayush/Downloads/date-fruit-quality-ml/data/quality/maturity/train/Tamar/morocco-boufagous__boufagous__20221008_132640__1.jpg
/Users/ayush/Downloads/date-fruit-quality-ml/data/maturity/crops/Tamar/boufagous__20220929_161910__1.jpg,Tamar,boufagous,train,morocco-boufagous,/Users/ayush/Downloads/date-fruit-quality-ml/data/quality/maturity/train/Tamar/morocco-boufagous__boufagous__20220929_161910__1.jpg
/Users/ayush/Downloads/date-fruit-quality-ml/data/maturity/crops/Rutab/bouisthami__DSC_3013__1.jpg,Rutab,bouisthami,train,morocco-bouisthami,/Users/ayush/Downloads/date-fruit-quality-ml/data/quality/maturity/train/Rutab/morocco-bouisthami__bouisthami__DSC_3013__1.jpg
/Users/ayush/Downloads/date-fruit-quality-ml/data/maturity/crops/Tamar/bouisthami__WhatsApp Image 2022-10-10 at 11.48.59__0.jpg,Tamar,bouisthami,train,morocco-bouisthami,/Users/ayush/Downloads/date-fruit-quality-ml/data/quality/maturity/train/Tamar/morocco-bouisthami__bouisthami__WhatsApp Image 2022-10-10 at 11.48.59__0.jpg
/Users/ayush/Downloads/date-fruit-quality-ml/data/maturity/crops/Khalal/bouisthami__DSC_2901__1.jpg,Khalal,bouisthami,train,morocco-bouisthami,/Users/ayush/Downloads/date-fruit-quality-ml/data/quality/maturity/train/Khalal/morocco-bouisthami__bouisthami__DSC_2901__1.jpg
/Users/ayush/Downloads/date-fruit-quality-ml/data/maturity/crops/Rutab/bouisthami__DSC_2976__3.jpg,Rutab,bouisthami,train,morocco-bouisthami,/Users/ayush/Downloads/date-fruit-quality-ml/data/quality/maturity/train/Rutab/morocco-bouisthami__bouisthami__DSC_2976__3.jpg
/Users/ayush/Downloads/date-fruit-quality-ml/data/maturity/crops/Rutab/boumajhoul__20220919_190353(0)__0.jpg,Rutab,boumajhoul,train,morocco-boumajhoul,/Users/ayush/Downloads/date-fruit-quality-ml/data/quality/maturity/train/Rutab/morocco-boumajhoul__boumajhoul__20220919_190353(0)__0.jpg
/Users/ayush/Downloads/date-fruit-quality-ml/data/maturity/crops/Khalal/bouisthami__DSC_2878__2.jpg,Khalal,bouisthami,train,morocco-bouisthami,/Users/ayush/Downloads/date-fruit-quality-ml/data/quality/maturity/train/Khalal/morocco-bouisthami__bouisthami__DSC_2878__2.jpg
/Users/ayush/Downloads/date-fruit-quality-ml/data/maturity/crops/Khalal/boumajhoul__DSC_2855__0.jpg,Khalal,boumajhoul,train,morocco-boumajhoul,/Users/ayush/Downloads/date-fruit-quality-ml/data/quality/maturity/train/Khalal/morocco-boumajhoul__boumajhoul__DSC_2855__0.jpg
/Users/ayush/Downloads/date-fruit-quality-ml/data/maturity/crops/Tamar/bouisthami__WhatsApp Image 2022-10-10 at 11.58.33__3.jpg,Tamar,bouisthami,train,morocco-bouisthami,/Users/ayush/Downloads/date-fruit-quality-ml/data/quality/maturity/train/Tamar/morocco-bouisthami__bouisthami__WhatsApp Image 2022-10-10 at 11.58.33__3.jpg
/Users/ayush/Downloads/date-fruit-quality-ml/data/maturity/crops/Rutab/boufagous__20220922_134106__1.jpg,Rutab,boufagous,train,morocco-boufagous,/Users/ayush/Downloads/date-fruit-quality-ml/data/quality/maturity/train/Rutab/morocco-boufagous__boufagous__20220922_134106__1.jpg
/Users/ayush/Downloads/date-fruit-quality-ml/data/maturity/crops/Tamar/bouisthami__WhatsApp Image 2022-10-10 at 11.48.57__1.jpg,Tamar,bouisthami,train,morocco-bouisthami,/Users/ayush/Downloads/date-fruit-quality-ml/data/quality/maturity/train/Tamar/morocco-bouisthami__bouisthami__WhatsApp Image 2022-10-10 at 11.48.57__1.jpg
/Users/ayush/Downloads/date-fruit-quality-ml/data/maturity/crops/Khalal/bouisthami__DSC_2529__1.jpg,Khalal,bouisthami,train,morocco-bouisthami,/Users/ayush/Downloads/date-fruit-quality-ml/data/quality/maturity/train/Khalal/morocco-bouisthami__bouisthami__DSC_2529__1.jpg
/Users/ayush/Downloads/date-fruit-quality-ml/data/maturity/crops/Tamar/bouisthami__WhatsApp Image 2022-10-10 at 11.49.03 (5)__0.jpg,Tamar,bouisthami,train,morocco-bouisthami,/Users/ayush/Downloads/date-fruit-quality-ml/data/quality/maturity/train/Tamar/morocco-bouisthami__bouisthami__WhatsApp Image 2022-10-10 at 11.49.03 (5)__0.jpg
/Users/ayush/Downloads/date-fruit-quality-ml/data/maturity/crops/Immature/boufagous__20220726_201547__0.jpg,Immature,boufagous,train,morocco-boufagous,/Users/ayush/Downloads/date-fruit-quality-ml/data/quality/maturity/train/Immature/morocco-boufagous__boufagous__20220726_201547__0.jpg
/Users/ayush/Downloads/date-fruit-quality-ml/data/maturity/crops/Immature/boufagous__20220819_114034__0.jpg,Immature,boufagous,train,morocco-boufagous,/Users/ayush/Downloads/date-fruit-quality-ml/data/quality/maturity/train/Immature/morocco-boufagous__boufagous__20220819_114034__0.jpg
/Users/ayush/Downloads/date-fruit-quality-ml/data/maturity/crops/Immature/boufagous__Boufgous_Stage1_Im85__4.jpg,Immature,boufagous,train,morocco-boufagous,/Users/ayush/Downloads/date-fruit-quality-ml/data/quality/maturity/train/Immature/morocco-boufagous__boufagous__Boufgous_Stage1_Im85__4.jpg
/Users/ayush/Downloads/date-fruit-quality-ml/data/maturity/crops/Khalal/boumajhoul__20220901_130823__0.jpg,Khalal,boumajhoul,train,morocco-boumajhoul,/Users/ayush/Downloads/date-fruit-quality-ml/data/quality/maturity/train/Khalal/morocco-boumajhoul__boumajhoul__20220901_130823__0.jpg
/Users/ayush/Downloads/date-fruit-quality-ml/data/maturity/crops/Khalal/boufagous__DSC_2492__0.jpg,Khalal,boufagous,train,morocco-boufagous,/Users/ayush/Downloads/date-fruit-quality-ml/data/quality/maturity/train/Khalal/morocco-boufagous__boufagous__DSC_2492__0.jpg
/Users/ayush/Downloads/date-fruit-quality-ml/data/maturity/crops/Khalal/bouisthami__DSC_2522__0.jpg,Khalal,bouisthami,train,morocco-bouisthami,/Users/ayush/Downloads/date-fruit-quality-ml/data/quality/maturity/train/Khalal/morocco-bouisthami__bouisthami__DSC_2522__0.jpg
/Users/ayush/Downloads/date-fruit-quality-ml/data/maturity/crops/Immature/bouisthami__BOUSTH_Stage1_Im18__2.jpg,Immature,bouisthami,train,morocco-bouisthami,/Users/ayush/Downloads/date-fruit-quality-ml/data/quality/maturity/train/Immature/morocco-bouisthami__bouisthami__BOUSTH_Stage1_Im18__2.jpg
/Users/ayush/Downloads/date-fruit-quality-ml/data/maturity/crops/Immature/boumajhoul__20220726_174139__0.jpg,Immature,boumajhoul,train,morocco-boumajhoul,/Users/ayush/Downloads/date-fruit-quality-ml/data/quality/maturity/train/Immature/morocco-boumajhoul__boumajhoul__20220726_174139__0.jpg
/Users/ayush/Downloads/date-fruit-quality-ml/data/maturity/crops/Tamar/boufagous__20221008_155703__0.jpg,Tamar,boufagous,train,morocco-boufagous,/Users/ayush/Downloads/date-fruit-quality-ml/data/quality/maturity/train/Tamar/morocco-boufagous__boufagous__20221008_155703__0.jpg
/Users/ayush/Downloads/date-fruit-quality-ml/data/maturity/crops/Immature/bouisthami__BOUSTH_Stage1_Im28__0.jpg,Immature,bouisthami,train,morocco-bouisthami,/Users/ayush/Downloads/date-fruit-quality-ml/data/quality/maturity/train/Immature/morocco-bouisthami__bouisthami__BOUSTH_Stage1_Im28__0.jpg
/Users/ayush/Downloads/date-fruit-quality-ml/data/maturity/crops/Rutab/boumajhoul__20220919_190251(0)__2.jpg,Rutab,boumajhoul,train,morocco-boumajhoul,/Users/ayush/Downloads/date-fruit-quality-ml/data/quality/maturity/train/Rutab/morocco-boumajhoul__boumajhoul__20220919_190251(0)__2.jpg
/Users/ayush/Downloads/date-fruit-quality-ml/data/maturity/crops/Rutab/bouisthami__DSC_2999__1.jpg,Rutab,bouisthami,train,morocco-bouisthami,/Users/ayush/Downloads/date-fruit-quality-ml/data/quality/maturity/train/Rutab/morocco-bouisthami__bouisthami__DSC_2999__1.jpg
/Users/ayush/Downloads/date-fruit-quality-ml/data/maturity/crops/Immature/boumajhoul__20220725_181317__0.jpg,Immature,boumajhoul,train,morocco-boumajhoul,/Users/ayush/Downloads/date-fruit-quality-ml/data/quality/maturity/train/Immature/morocco-boumajhoul__boumajhoul__20220725_181317__0.jpg
/Users/ayush/Downloads/date-fruit-quality-ml/data/maturity/crops/Immature/boumajhoul__20220725_181631__0.jpg,Immature,boumajhoul,train,morocco-boumajhoul,/Users/ayush/Downloads/date-fruit-quality-ml/data/quality/maturity/train/Immature/morocco-boumajhoul__boumajhoul__20220725_181631__0.jpg
/Users/ayush/Downloads/date-fruit-quality-ml/data/maturity/crops/Immature/bouisthami__BOUSTH_Stage1_Im5__1.jpg,Immature,bouisthami,train,morocco-bouisthami,/Users/ayush/Downloads/date-fruit-quality-ml/data/quality/maturity/train/Immature/morocco-bouisthami__bouisthami__BOUSTH_Stage1_Im5__1.jpg
/Users/ayush/Downloads/date-fruit-quality-ml/data/maturity/crops/Tamar/boumajhoul__20221009_180909__0.jpg,Tamar,boumajhoul,train,morocco-boumajhoul,/Users/ayush/Downloads/date-fruit-quality-ml/data/quality/maturity/train/Tamar/morocco-boumajhoul__boumajhoul__20221009_180909__0.jpg
/Users/ayush/Downloads/date-fruit-quality-ml/data/maturity/crops/Khalal/boufagous__20220901_175931(0)__0.jpg,Khalal,boufagous,train,morocco-boufagous,/Users/ayush/Downloads/date-fruit-quality-ml/data/quality/maturity/train/Khalal/morocco-boufagous__boufagous__20220901_175931(0)__0.jpg
/Users/ayush/Downloads/date-fruit-quality-ml/data/maturity/crops/Rutab/boumajhoul__20220918_185632__0.jpg,Rutab,boumajhoul,train,morocco-boumajhoul,/Users/ayush/Downloads/date-fruit-quality-ml/data/quality/maturity/train/Rutab/morocco-boumajhoul__boumajhoul__20220918_185632__0.jpg
/Users/ayush/Downloads/date-fruit-quality-ml/data/maturity/crops/Immature/boumajhoul__20220726_174015__0.jpg,Immature,boumajhoul,train,morocco-boumajhoul,/Users/ayush/Downloads/date-fruit-quality-ml/data/quality/maturity/train/Immature/morocco-boumajhoul__boumajhoul__20220726_174015__0.jpg
/Users/ayush/Downloads/date-fruit-quality-ml/data/maturity/crops/Rutab/boumajhoul__20220918_190900__0.jpg,Rutab,boumajhoul,train,morocco-boumajhoul,/Users/ayush/Downloads/date-fruit-quality-ml/data/quality/maturity/train/Rutab/morocco-boumajhoul__boumajhoul__20220918_190900__0.jpg
/Users/ayush/Downloads/date-fruit-quality-ml/data/maturity/crops/Rutab/boumajhoul__20220918_190438__1.jpg,Rutab,boumajhoul,train,morocco-boumajhoul,/Users/ayush/Downloads/date-fruit-quality-ml/data/quality/maturity/train/Rutab/morocco-boumajhoul__boumajhoul__20220918_190438__1.jpg
/Users/ayush/Downloads/date-fruit-quality-ml/data/maturity/crops/Tamar/boufagous__20220929_161822__0.jpg,Tamar,boufagous,train,morocco-boufagous,/Users/ayush/Downloads/date-fruit-quality-ml/data/quality/maturity/train/Tamar/morocco-boufagous__boufagous__20220929_161822__0.jpg
/Users/ayush/Downloads/date-fruit-quality-ml/data/maturity/crops/Immature/boumajhoul__20220726_173624__0.jpg,Immature,boumajhoul,train,morocco-boumajhoul,/Users/ayush/Downloads/date-fruit-quality-ml/data/quality/maturity/train/Immature/morocco-boumajhoul__boumajhoul__20220726_173624__0.jpg
/Users/ayush/Downloads/date-fruit-quality-ml/data/maturity/crops/Immature/bouisthami__BOUSTH_Stage1_Im25__1.jpg,Immature,bouisthami,train,morocco-bouisthami,/Users/ayush/Downloads/date-fruit-quality-ml/data/quality/maturity/train/Immature/morocco-bouisthami__bouisthami__BOUSTH_Stage1_Im25__1.jpg
/Users/ayush/Downloads/date-fruit-quality-ml/data/maturity/crops/Tamar/bouisthami__WhatsApp Image 2022-10-10 at 11.48.29__0.jpg,Tamar,bouisthami,train,morocco-bouisthami,/Users/ayush/Downloads/date-fruit-quality-ml/data/quality/maturity/train/Tamar/morocco-bouisthami__bouisthami__WhatsApp Image 2022-10-10 at 11.48.29__0.jpg
/Users/ayush/Downloads/date-fruit-quality-ml/data/maturity/crops/Immature/bouisthami__BOUSTH_Stage1_Im74__1.jpg,Immature,bouisthami,train,morocco-bouisthami,/Users/ayush/Downloads/date-fruit-quality-ml/data/quality/maturity/train/Immature/morocco-bouisthami__bouisthami__BOUSTH_Stage1_Im74__1.jpg
/Users/ayush/Downloads/date-fruit-quality-ml/data/maturity/crops/Tamar/boumajhoul__20221009_180116__0.jpg,Tamar,boumajhoul,train,morocco-boumajhoul,/Users/ayush/Downloads/date-fruit-quality-ml/data/quality/maturity/train/Tamar/morocco-boumajhoul__boumajhoul__20221009_180116__0.jpg
/Users/ayush/Downloads/date-fruit-quality-ml/data/maturity/crops/Immature/bouisthami__BOUSTH_Stage1_Im87__0.jpg,Immature,bouisthami,train,morocco-bouisthami,/Users/ayush/Downloads/date-fruit-quality-ml/data/quality/maturity/train/Immature/morocco-bouisthami__bouisthami__BOUSTH_Stage1_Im87__0.jpg
/Users/ayush/Downloads/date-fruit-quality-ml/data/maturity/crops/Immature/boufagous__20220819_114457__0.jpg,Immature,boufagous,train,morocco-boufagous,/Users/ayush/Downloads/date-fruit-quality-ml/data/quality/maturity/train/Immature/morocco-boufagous__boufagous__20220819_114457__0.jpg
/Users/ayush/Downloads/date-fruit-quality-ml/data/maturity/crops/Immature/boufagous__20220819_114253__0.jpg,Immature,boufagous,train,morocco-boufagous,/Users/ayush/Downloads/date-fruit-quality-ml/data/quality/maturity/train/Immature/morocco-boufagous__boufagous__20220819_114253__0.jpg
/Users/ayush/Downloads/date-fruit-quality-ml/data/maturity/crops/Rutab/boumajhoul__20220919_185743__1.jpg,Rutab,boumajhoul,train,morocco-boumajhoul,/Users/ayush/Downloads/date-fruit-quality-ml/data/quality/maturity/train/Rutab/morocco-boumajhoul__boumajhoul__20220919_185743__1.jpg
/Users/ayush/Downloads/date-fruit-quality-ml/data/maturity/crops/Tamar/boufagous__20221008_155116__0.jpg,Tamar,boufagous,train,morocco-boufagous,/Users/ayush/Downloads/date-fruit-quality-ml/data/quality/maturity/train/Tamar/morocco-boufagous__boufagous__20221008_155116__0.jpg
/Users/ayush/Downloads/date-fruit-quality-ml/data/maturity/crops/Tamar/boufagous__20221008_132848__0.jpg,Tamar,boufagous,train,morocco-boufagous,/Users/ayush/Downloads/date-fruit-quality-ml/data/quality/maturity/train/Tamar/morocco-boufagous__boufagous__20221008_132848__0.jpg
/Users/ayush/Downloads/date-fruit-quality-ml/data/maturity/crops/Immature/bouisthami__BOUSTH_Stage1_Im77__0.jpg,Immature,bouisthami,train,morocco-bouisthami,/Users/ayush/Downloads/date-fruit-quality-ml/data/quality/maturity/train/Immature/morocco-bouisthami__bouisthami__BOUSTH_Stage1_Im77__0.jpg
/Users/ayush/Downloads/date-fruit-quality-ml/data/maturity/crops/Khalal/boufagous__DSC_2492__1.jpg,Khalal,boufagous,train,morocco-boufagous,/Users/ayush/Downloads/date-fruit-quality-ml/data/quality/maturity/train/Khalal/morocco-boufagous__boufagous__DSC_2492__1.jpg
/Users/ayush/Downloads/date-fruit-quality-ml/data/maturity/crops/Khalal/boufagous__DSC_2793__0.jpg,Khalal,boufagous,train,morocco-boufagous,/Users/ayush/Downloads/date-fruit-quality-ml/data/quality/maturity/train/Khalal/morocco-boufagous__boufagous__DSC_2793__0.jpg
/Users/ayush/Downloads/date-fruit-quality-ml/data/maturity/crops/Khalal/boufagous__20220901_182524__0.jpg,Khalal,boufagous,train,morocco-boufagous,/Users/ayush/Downloads/date-fruit-quality-ml/data/quality/maturity/train/Khalal/morocco-boufagous__boufagous__20220901_182524__0.jpg
/Users/ayush/Downloads/date-fruit-quality-ml/data/maturity/crops/Tamar/bouisthami__WhatsApp Image 2022-10-09 at 15.42.32__1.jpg,Tamar,bouisthami,train,morocco-bouisthami,/Users/ayush/Downloads/date-fruit-quality-ml/data/quality/maturity/train/Tamar/morocco-bouisthami__bouisthami__WhatsApp Image 2022-10-09 at 15.42.32__1.jpg
/Users/ayush/Downloads/date-fruit-quality-ml/data/maturity/crops/Immature/boufagous__20220819_114641__0.jpg,Immature,boufagous,train,morocco-boufagous,/Users/ayush/Downloads/date-fruit-quality-ml/data/quality/maturity/train/Immature/morocco-boufagous__boufagous__20220819_114641__0.jpg
/Users/ayush/Downloads/date-fruit-quality-ml/data/maturity/crops/Tamar/bouisthami__WhatsApp Image 2022-10-08 at 22.25.54__1.jpg,Tamar,bouisthami,train,morocco-bouisthami,/Users/ayush/Downloads/date-fruit-quality-ml/data/quality/maturity/train/Tamar/morocco-bouisthami__bouisthami__WhatsApp Image 2022-10-08 at 22.25.54__1.jpg
/Users/ayush/Downloads/date-fruit-quality-ml/data/maturity/crops/Rutab/boufagous__DSC_3023__1.jpg,Rutab,boufagous,train,morocco-boufagous,/Users/ayush/Downloads/date-fruit-quality-ml/data/quality/maturity/train/Rutab/morocco-boufagous__boufagous__DSC_3023__1.jpg
/Users/ayush/Downloads/date-fruit-quality-ml/data/maturity/crops/Khalal/boufagous__20220901_182518__0.jpg,Khalal,boufagous,train,morocco-boufagous,/Users/ayush/Downloads/date-fruit-quality-ml/data/quality/maturity/train/Khalal/morocco-boufagous__boufagous__20220901_182518__0.jpg
/Users/ayush/Downloads/date-fruit-quality-ml/data/maturity/crops/Rutab/bouisthami__DSC_3004__1.jpg,Rutab,bouisthami,train,morocco-bouisthami,/Users/ayush/Downloads/date-fruit-quality-ml/data/quality/maturity/train/Rutab/morocco-bouisthami__bouisthami__DSC_3004__1.jpg
/Users/ayush/Downloads/date-fruit-quality-ml/data/maturity/crops/Khalal/boufagous__DSC_2483__6.jpg,Khalal,boufagous,train,morocco-boufagous,/Users/ayush/Downloads/date-fruit-quality-ml/data/quality/maturity/train/Khalal/morocco-boufagous__boufagous__DSC_2483__6.jpg
/Users/ayush/Downloads/date-fruit-quality-ml/data/maturity/crops/Khalal/boumajhoul__20220901_132117(0)__1.jpg,Khalal,boumajhoul,train,morocco-boumajhoul,/Users/ayush/Downloads/date-fruit-quality-ml/data/quality/maturity/train/Khalal/morocco-boumajhoul__boumajhoul__20220901_132117(0)__1.jpg
/Users/ayush/Downloads/date-fruit-quality-ml/data/maturity/crops/Rutab/bouisthami__DSC_3005__2.jpg,Rutab,bouisthami,train,morocco-bouisthami,/Users/ayush/Downloads/date-fruit-quality-ml/data/quality/maturity/train/Rutab/morocco-bouisthami__bouisthami__DSC_3005__2.jpg
/Users/ayush/Downloads/date-fruit-quality-ml/data/maturity/crops/Rutab/boufagous__20220922_190029__0.jpg,Rutab,boufagous,train,morocco-boufagous,/Users/ayush/Downloads/date-fruit-quality-ml/data/quality/maturity/train/Rutab/morocco-boufagous__boufagous__20220922_190029__0.jpg
/Users/ayush/Downloads/date-fruit-quality-ml/data/maturity/crops/Immature/boufagous__20220726_200813__4.jpg,Immature,boufagous,train,morocco-boufagous,/Users/ayush/Downloads/date-fruit-quality-ml/data/quality/maturity/train/Immature/morocco-boufagous__boufagous__20220726_200813__4.jpg
/Users/ayush/Downloads/date-fruit-quality-ml/data/maturity/crops/Immature/boumajhoul__20220725_181807__0.jpg,Immature,boumajhoul,train,morocco-boumajhoul,/Users/ayush/Downloads/date-fruit-quality-ml/data/quality/maturity/train/Immature/morocco-boumajhoul__boumajhoul__20220725_181807__0.jpg
/Users/ayush/Downloads/date-fruit-quality-ml/data/maturity/crops/Rutab/bouisthami__DSC_3012__2.jpg,Rutab,bouisthami,train,morocco-bouisthami,/Users/ayush/Downloads/date-fruit-quality-ml/data/quality/maturity/train/Rutab/morocco-bouisthami__bouisthami__DSC_3012__2.jpg
/Users/ayush/Downloads/date-fruit-quality-ml/data/maturity/crops/Rutab/bouisthami__DSC_2997__1.jpg,Rutab,bouisthami,train,morocco-bouisthami,/Users/ayush/Downloads/date-fruit-quality-ml/data/quality/maturity/train/Rutab/morocco-bouisthami__bouisthami__DSC_2997__1.jpg
/Users/ayush/Downloads/date-fruit-quality-ml/data/maturity/crops/Rutab/bouisthami__DSC_3014__0.jpg,Rutab,bouisthami,train,morocco-bouisthami,/Users/ayush/Downloads/date-fruit-quality-ml/data/quality/maturity/train/Rutab/morocco-bouisthami__bouisthami__DSC_3014__0.jpg
/Users/ayush/Downloads/date-fruit-quality-ml/data/maturity/crops/Khalal/boumajhoul__20220901_131928__0.jpg,Khalal,boumajhoul,train,morocco-boumajhoul,/Users/ayush/Downloads/date-fruit-quality-ml/data/quality/maturity/train/Khalal/morocco-boumajhoul__boumajhoul__20220901_131928__0.jpg
/Users/ayush/Downloads/date-fruit-quality-ml/data/maturity/crops/Immature/boufagous__20220819_114904__0.jpg,Immature,boufagous,train,morocco-boufagous,/Users/ayush/Downloads/date-fruit-quality-ml/data/quality/maturity/train/Immature/morocco-boufagous__boufagous__20220819_114904__0.jpg
/Users/ayush/Downloads/date-fruit-quality-ml/data/maturity/crops/Tamar/boufagous__20220929_161027__0.jpg,Tamar,boufagous,train,morocco-boufagous,/Users/ayush/Downloads/date-fruit-quality-ml/data/quality/maturity/train/Tamar/morocco-boufagous__boufagous__20220929_161027__0.jpg
/Users/ayush/Downloads/date-fruit-quality-ml/data/maturity/crops/Khalal/bouisthami__DSC_2578__4.jpg,Khalal,bouisthami,train,morocco-bouisthami,/Users/ayush/Downloads/date-fruit-quality-ml/data/quality/maturity/train/Khalal/morocco-bouisthami__bouisthami__DSC_2578__4.jpg
/Users/ayush/Downloads/date-fruit-quality-ml/data/maturity/crops/Immature/bouisthami__BOUSTH_Stage1_Im0__0.jpg,Immature,bouisthami,train,morocco-bouisthami,/Users/ayush/Downloads/date-fruit-quality-ml/data/quality/maturity/train/Immature/morocco-bouisthami__bouisthami__BOUSTH_Stage1_Im0__0.jpg
/Users/ayush/Downloads/date-fruit-quality-ml/data/maturity/crops/Khalal/boumajhoul__20220901_130939__1.jpg,Khalal,boumajhoul,train,morocco-boumajhoul,/Users/ayush/Downloads/date-fruit-quality-ml/data/quality/maturity/train/Khalal/morocco-boumajhoul__boumajhoul__20220901_130939__1.jpg
/Users/ayush/Downloads/date-fruit-quality-ml/data/maturity/crops/Rutab/boumajhoul__20220919_190212__1.jpg,Rutab,boumajhoul,train,morocco-boumajhoul,/Users/ayush/Downloads/date-fruit-quality-ml/data/quality/maturity/train/Rutab/morocco-boumajhoul__boumajhoul__20220919_190212__1.jpg
/Users/ayush/Downloads/date-fruit-quality-ml/data/maturity/crops/Khalal/bouisthami__DSC_2558__1.jpg,Khalal,bouisthami,train,morocco-bouisthami,/Users/ayush/Downloads/date-fruit-quality-ml/data/quality/maturity/train/Khalal/morocco-bouisthami__bouisthami__DSC_2558__1.jpg
/Users/ayush/Downloads/date-fruit-quality-ml/data/maturity/crops/Tamar/boumajhoul__20221009_173349__0.jpg,Tamar,boumajhoul,train,morocco-boumajhoul,/Users/ayush/Downloads/date-fruit-quality-ml/data/quality/maturity/train/Tamar/morocco-boumajhoul__boumajhoul__20221009_173349__0.jpg
/Users/ayush/Downloads/date-fruit-quality-ml/data/maturity/crops/Khalal/bouisthami__DSC_2575__0.jpg,Khalal,bouisthami,train,morocco-bouisthami,/Users/ayush/Downloads/date-fruit-quality-ml/data/quality/maturity/train/Khalal/morocco-bouisthami__bouisthami__DSC_2575__0.jpg
/Users/ayush/Downloads/date-fruit-quality-ml/data/maturity/crops/Immature/boufagous__Boufgous_Stage1_Im56__0.jpg,Immature,boufagous,train,morocco-boufagous,/Users/ayush/Downloads/date-fruit-quality-ml/data/quality/maturity/train/Immature/morocco-boufagous__boufagous__Boufgous_Stage1_Im56__0.jpg
/Users/ayush/Downloads/date-fruit-quality-ml/data/maturity/crops/Rutab/bouisthami__DSC_2976__0.jpg,Rutab,bouisthami,train,morocco-bouisthami,/Users/ayush/Downloads/date-fruit-quality-ml/data/quality/maturity/train/Rutab/morocco-bouisthami__bouisthami__DSC_2976__0.jpg
/Users/ayush/Downloads/date-fruit-quality-ml/data/maturity/crops/Rutab/boufagous__20220922_183817__0.jpg,Rutab,boufagous,train,morocco-boufagous,/Users/ayush/Downloads/date-fruit-quality-ml/data/quality/maturity/train/Rutab/morocco-boufagous__boufagous__20220922_183817__0.jpg
/Users/ayush/Downloads/date-fruit-quality-ml/data/maturity/crops/Tamar/bouisthami__WhatsApp Image 2022-10-10 at 11.48.59 (2)__0.jpg,Tamar,bouisthami,train,morocco-bouisthami,/Users/ayush/Downloads/date-fruit-quality-ml/data/quality/maturity/train/Tamar/morocco-bouisthami__bouisthami__WhatsApp Image 2022-10-10 at 11.48.59 (2)__0.jpg
/Users/ayush/Downloads/date-fruit-quality-ml/data/maturity/crops/Immature/bouisthami__BOUSTH_Stage1_Im48__3.jpg,Immature,bouisthami,train,morocco-bouisthami,/Users/ayush/Downloads/date-fruit-quality-ml/data/quality/maturity/train/Immature/morocco-bouisthami__bouisthami__BOUSTH_Stage1_Im48__3.jpg
/Users/ayush/Downloads/date-fruit-quality-ml/data/maturity/crops/Immature/bouisthami__BOUSTH_Stage1_Im4__0.jpg,Immature,bouisthami,train,morocco-bouisthami,/Users/ayush/Downloads/date-fruit-quality-ml/data/quality/maturity/train/Immature/morocco-bouisthami__bouisthami__BOUSTH_Stage1_Im4__0.jpg
/Users/ayush/Downloads/date-fruit-quality-ml/data/maturity/crops/Khalal/boufagous__20220901_182836__0.jpg,Khalal,boufagous,train,morocco-boufagous,/Users/ayush/Downloads/date-fruit-quality-ml/data/quality/maturity/train/Khalal/morocco-boufagous__boufagous__20220901_182836__0.jpg
/Users/ayush/Downloads/date-fruit-quality-ml/data/maturity/crops/Rutab/bouisthami__DSC_3003__2.jpg,Rutab,bouisthami,train,morocco-bouisthami,/Users/ayush/Downloads/date-fruit-quality-ml/data/quality/maturity/train/Rutab/morocco-bouisthami__bouisthami__DSC_3003__2.jpg
/Users/ayush/Downloads/date-fruit-quality-ml/data/maturity/crops/Tamar/boufagous__305416869_1028247944515687_51140899108743384_n__2.jpg,Tamar,boufagous,train,morocco-boufagous,/Users/ayush/Downloads/date-fruit-quality-ml/data/quality/maturity/train/Tamar/morocco-boufagous__boufagous__305416869_1028247944515687_51140899108743384_n__2.jpg
/Users/ayush/Downloads/date-fruit-quality-ml/data/maturity/crops/Rutab/boumajhoul__20220919_185504__1.jpg,Rutab,boumajhoul,train,morocco-boumajhoul,/Users/ayush/Downloads/date-fruit-quality-ml/data/quality/maturity/train/Rutab/morocco-boumajhoul__boumajhoul__20220919_185504__1.jpg
/Users/ayush/Downloads/date-fruit-quality-ml/data/maturity/crops/Khalal/bouisthami__DSC_2887__3.jpg,Khalal,bouisthami,train,morocco-bouisthami,/Users/ayush/Downloads/date-fruit-quality-ml/data/quality/maturity/train/Khalal/morocco-bouisthami__bouisthami__DSC_2887__3.jpg
/Users/ayush/Downloads/date-fruit-quality-ml/data/maturity/crops/Khalal/boufagous__20220901_180159__3.jpg,Khalal,boufagous,train,morocco-boufagous,/Users/ayush/Downloads/date-fruit-quality-ml/data/quality/maturity/train/Khalal/morocco-boufagous__boufagous__20220901_180159__3.jpg
/Users/ayush/Downloads/date-fruit-quality-ml/data/maturity/crops/Khalal/bouisthami__DSC_2573__0.jpg,Khalal,bouisthami,train,morocco-bouisthami,/Users/ayush/Downloads/date-fruit-quality-ml/data/quality/maturity/train/Khalal/morocco-bouisthami__bouisthami__DSC_2573__0.jpg
/Users/ayush/Downloads/date-fruit-quality-ml/data/maturity/crops/Khalal/bouisthami__DSC_2556__3.jpg,Khalal,bouisthami,train,morocco-bouisthami,/Users/ayush/Downloads/date-fruit-quality-ml/data/quality/maturity/train/Khalal/morocco-bouisthami__bouisthami__DSC_2556__3.jpg
/Users/ayush/Downloads/date-fruit-quality-ml/data/maturity/crops/Immature/bouisthami__BOUSTH_Stage1_Im17__0.jpg,Immature,bouisthami,train,morocco-bouisthami,/Users/ayush/Downloads/date-fruit-quality-ml/data/quality/maturity/train/Immature/morocco-bouisthami__bouisthami__BOUSTH_Stage1_Im17__0.jpg
/Users/ayush/Downloads/date-fruit-quality-ml/data/maturity/crops/Immature/bouisthami__BOUSTH_Stage1_Im48__2.jpg,Immature,bouisthami,train,morocco-bouisthami,/Users/ayush/Downloads/date-fruit-quality-ml/data/quality/maturity/train/Immature/morocco-bouisthami__bouisthami__BOUSTH_Stage1_Im48__2.jpg
/Users/ayush/Downloads/date-fruit-quality-ml/data/maturity/crops/Tamar/boufagous__20221008_154218__0.jpg,Tamar,boufagous,train,morocco-boufagous,/Users/ayush/Downloads/date-fruit-quality-ml/data/quality/maturity/train/Tamar/morocco-boufagous__boufagous__20221008_154218__0.jpg
/Users/ayush/Downloads/date-fruit-quality-ml/data/maturity/crops/Tamar/boufagous__20221008_155159__1.jpg,Tamar,boufagous,train,morocco-boufagous,/Users/ayush/Downloads/date-fruit-quality-ml/data/quality/maturity/train/Tamar/morocco-boufagous__boufagous__20221008_155159__1.jpg
/Users/ayush/Downloads/date-fruit-quality-ml/data/maturity/crops/Tamar/bouisthami__WhatsApp Image 2022-10-10 at 11.48.58__0.jpg,Tamar,bouisthami,train,morocco-bouisthami,/Users/ayush/Downloads/date-fruit-quality-ml/data/quality/maturity/train/Tamar/morocco-bouisthami__bouisthami__WhatsApp Image 2022-10-10 at 11.48.58__0.jpg
/Users/ayush/Downloads/date-fruit-quality-ml/data/maturity/crops/Immature/boufagous__20220819_115117(0)__0.jpg,Immature,boufagous,train,morocco-boufagous,/Users/ayush/Downloads/date-fruit-quality-ml/data/quality/maturity/train/Immature/morocco-boufagous__boufagous__20220819_115117(0)__0.jpg
/Users/ayush/Downloads/date-fruit-quality-ml/data/maturity/crops/Rutab/bouisthami__DSC_3004__2.jpg,Rutab,bouisthami,train,morocco-bouisthami,/Users/ayush/Downloads/date-fruit-quality-ml/data/quality/maturity/train/Rutab/morocco-bouisthami__bouisthami__DSC_3004__2.jpg
/Users/ayush/Downloads/date-fruit-quality-ml/data/maturity/crops/Rutab/bouisthami__DSC_3016__1.jpg,Rutab,bouisthami,train,morocco-bouisthami,/Users/ayush/Downloads/date-fruit-quality-ml/data/quality/maturity/train/Rutab/morocco-bouisthami__bouisthami__DSC_3016__1.jpg
/Users/ayush/Downloads/date-fruit-quality-ml/data/maturity/crops/Immature/boufagous__20220726_201223__2.jpg,Immature,boufagous,train,morocco-boufagous,/Users/ayush/Downloads/date-fruit-quality-ml/data/quality/maturity/train/Immature/morocco-boufagous__boufagous__20220726_201223__2.jpg
/Users/ayush/Downloads/date-fruit-quality-ml/data/maturity/crops/Immature/bouisthami__BOUSTH_Stage1_Im48__0.jpg,Immature,bouisthami,train,morocco-bouisthami,/Users/ayush/Downloads/date-fruit-quality-ml/data/quality/maturity/train/Immature/morocco-bouisthami__bouisthami__BOUSTH_Stage1_Im48__0.jpg
/Users/ayush/Downloads/date-fruit-quality-ml/data/maturity/crops/Tamar/bouisthami__WhatsApp Image 2022-10-09 at 15.44.16__0.jpg,Tamar,bouisthami,train,morocco-bouisthami,/Users/ayush/Downloads/date-fruit-quality-ml/data/quality/maturity/train/Tamar/morocco-bouisthami__bouisthami__WhatsApp Image 2022-10-09 at 15.44.16__0.jpg
/Users/ayush/Downloads/date-fruit-quality-ml/data/maturity/crops/Immature/bouisthami__BOUSTH_Stage1_Im57__0.jpg,Immature,bouisthami,train,morocco-bouisthami,/Users/ayush/Downloads/date-fruit-quality-ml/data/quality/maturity/train/Immature/morocco-bouisthami__bouisthami__BOUSTH_Stage1_Im57__0.jpg
/Users/ayush/Downloads/date-fruit-quality-ml/data/maturity/crops/Immature/bouisthami__BOUSTH_Stage1_Im1__5.jpg,Immature,bouisthami,train,morocco-bouisthami,/Users/ayush/Downloads/date-fruit-quality-ml/data/quality/maturity/train/Immature/morocco-bouisthami__bouisthami__BOUSTH_Stage1_Im1__5.jpg
/Users/ayush/Downloads/date-fruit-quality-ml/data/maturity/crops/Khalal/boufagous__20220901_175819__1.jpg,Khalal,boufagous,train,morocco-boufagous,/Users/ayush/Downloads/date-fruit-quality-ml/data/quality/maturity/train/Khalal/morocco-boufagous__boufagous__20220901_175819__1.jpg
/Users/ayush/Downloads/date-fruit-quality-ml/data/maturity/crops/Khalal/bouisthami__DSC_2554__0.jpg,Khalal,bouisthami,train,morocco-bouisthami,/Users/ayush/Downloads/date-fruit-quality-ml/data/quality/maturity/train/Khalal/morocco-bouisthami__bouisthami__DSC_2554__0.jpg
/Users/ayush/Downloads/date-fruit-quality-ml/data/maturity/crops/Rutab/bouisthami__DSC_2989__5.jpg,Rutab,bouisthami,train,morocco-bouisthami,/Users/ayush/Downloads/date-fruit-quality-ml/data/quality/maturity/train/Rutab/morocco-bouisthami__bouisthami__DSC_2989__5.jpg
/Users/ayush/Downloads/date-fruit-quality-ml/data/maturity/crops/Rutab/bouisthami__DSC_2977__1.jpg,Rutab,bouisthami,train,morocco-bouisthami,/Users/ayush/Downloads/date-fruit-quality-ml/data/quality/maturity/train/Rutab/morocco-bouisthami__bouisthami__DSC_2977__1.jpg
/Users/ayush/Downloads/date-fruit-quality-ml/data/maturity/crops/Tamar/boumajhoul__20221009_173336__0.jpg,Tamar,boumajhoul,train,morocco-boumajhoul,/Users/ayush/Downloads/date-fruit-quality-ml/data/quality/maturity/train/Tamar/morocco-boumajhoul__boumajhoul__20221009_173336__0.jpg
/Users/ayush/Downloads/date-fruit-quality-ml/data/maturity/crops/Rutab/bouisthami__DSC_3016__2.jpg,Rutab,bouisthami,train,morocco-bouisthami,/Users/ayush/Downloads/date-fruit-quality-ml/data/quality/maturity/train/Rutab/morocco-bouisthami__bouisthami__DSC_3016__2.jpg
/Users/ayush/Downloads/date-fruit-quality-ml/data/maturity/crops/Rutab/boufagous__20220922_185515__0.jpg,Rutab,boufagous,train,morocco-boufagous,/Users/ayush/Downloads/date-fruit-quality-ml/data/quality/maturity/train/Rutab/morocco-boufagous__boufagous__20220922_185515__0.jpg
/Users/ayush/Downloads/date-fruit-quality-ml/data/maturity/crops/Tamar/boufagous__20221008_132044__0.jpg,Tamar,boufagous,train,morocco-boufagous,/Users/ayush/Downloads/date-fruit-quality-ml/data/quality/maturity/train/Tamar/morocco-boufagous__boufagous__20221008_132044__0.jpg
/Users/ayush/Downloads/date-fruit-quality-ml/data/maturity/crops/Khalal/boumajhoul__20220901_131800__0.jpg,Khalal,boumajhoul,train,morocco-boumajhoul,/Users/ayush/Downloads/date-fruit-quality-ml/data/quality/maturity/train/Khalal/morocco-boumajhoul__boumajhoul__20220901_131800__0.jpg
/Users/ayush/Downloads/date-fruit-quality-ml/data/maturity/crops/Rutab/boufagous__20220922_134106__0.jpg,Rutab,boufagous,train,morocco-boufagous,/Users/ayush/Downloads/date-fruit-quality-ml/data/quality/maturity/train/Rutab/morocco-boufagous__boufagous__20220922_134106__0.jpg
/Users/ayush/Downloads/date-fruit-quality-ml/data/maturity/crops/Rutab/bouisthami__DSC_3013__5.jpg,Rutab,bouisthami,train,morocco-bouisthami,/Users/ayush/Downloads/date-fruit-quality-ml/data/quality/maturity/train/Rutab/morocco-bouisthami__bouisthami__DSC_3013__5.jpg
/Users/ayush/Downloads/date-fruit-quality-ml/data/maturity/crops/Khalal/boufagous__20220901_182723__0.jpg,Khalal,boufagous,train,morocco-boufagous,/Users/ayush/Downloads/date-fruit-quality-ml/data/quality/maturity/train/Khalal/morocco-boufagous__boufagous__20220901_182723__0.jpg
/Users/ayush/Downloads/date-fruit-quality-ml/data/maturity/crops/Immature/boumajhoul__20220725_180909__0.jpg,Immature,boumajhoul,train,morocco-boumajhoul,/Users/ayush/Downloads/date-fruit-quality-ml/data/quality/maturity/train/Immature/morocco-boumajhoul__boumajhoul__20220725_180909__0.jpg
/Users/ayush/Downloads/date-fruit-quality-ml/data/maturity/crops/Khalal/bouisthami__DSC_2583__2.jpg,Khalal,bouisthami,train,morocco-bouisthami,/Users/ayush/Downloads/date-fruit-quality-ml/data/quality/maturity/train/Khalal/morocco-bouisthami__bouisthami__DSC_2583__2.jpg
/Users/ayush/Downloads/date-fruit-quality-ml/data/maturity/crops/Immature/bouisthami__BOUSTH_Stage1_Im48__4.jpg,Immature,bouisthami,train,morocco-bouisthami,/Users/ayush/Downloads/date-fruit-quality-ml/data/quality/maturity/train/Immature/morocco-bouisthami__bouisthami__BOUSTH_Stage1_Im48__4.jpg
/Users/ayush/Downloads/date-fruit-quality-ml/data/maturity/crops/Tamar/bouisthami__WhatsApp Image 2022-10-09 at 15.47.02__0.jpg,Tamar,bouisthami,train,morocco-bouisthami,/Users/ayush/Downloads/date-fruit-quality-ml/data/quality/maturity/train/Tamar/morocco-bouisthami__bouisthami__WhatsApp Image 2022-10-09 at 15.47.02__0.jpg
/Users/ayush/Downloads/date-fruit-quality-ml/data/maturity/crops/Khalal/bouisthami__DSC_2885__4.jpg,Khalal,bouisthami,train,morocco-bouisthami,/Users/ayush/Downloads/date-fruit-quality-ml/data/quality/maturity/train/Khalal/morocco-bouisthami__bouisthami__DSC_2885__4.jpg
/Users/ayush/Downloads/date-fruit-quality-ml/data/maturity/crops/Khalal/boumajhoul__20220901_131000(0)__1.jpg,Khalal,boumajhoul,train,morocco-boumajhoul,/Users/ayush/Downloads/date-fruit-quality-ml/data/quality/maturity/train/Khalal/morocco-boumajhoul__boumajhoul__20220901_131000(0)__1.jpg
/Users/ayush/Downloads/date-fruit-quality-ml/data/maturity/crops/Rutab/boumajhoul__20220918_185711__0.jpg,Rutab,boumajhoul,train,morocco-boumajhoul,/Users/ayush/Downloads/date-fruit-quality-ml/data/quality/maturity/train/Rutab/morocco-boumajhoul__boumajhoul__20220918_185711__0.jpg
/Users/ayush/Downloads/date-fruit-quality-ml/data/maturity/crops/Tamar/boumajhoul__20221009_173658__1.jpg,Tamar,boumajhoul,train,morocco-boumajhoul,/Users/ayush/Downloads/date-fruit-quality-ml/data/quality/maturity/train/Tamar/morocco-boumajhoul__boumajhoul__20221009_173658__1.jpg
/Users/ayush/Downloads/date-fruit-quality-ml/data/maturity/crops/Rutab/boufagous__20220922_183817__1.jpg,Rutab,boufagous,train,morocco-boufagous,/Users/ayush/Downloads/date-fruit-quality-ml/data/quality/maturity/train/Rutab/morocco-boufagous__boufagous__20220922_183817__1.jpg
/Users/ayush/Downloads/date-fruit-quality-ml/data/maturity/crops/Khalal/bouisthami__DSC_2533__4.jpg,Khalal,bouisthami,train,morocco-bouisthami,/Users/ayush/Downloads/date-fruit-quality-ml/data/quality/maturity/train/Khalal/morocco-bouisthami__bouisthami__DSC_2533__4.jpg
/Users/ayush/Downloads/date-fruit-quality-ml/data/maturity/crops/Rutab/bouisthami__DSC_2986__0.jpg,Rutab,bouisthami,train,morocco-bouisthami,/Users/ayush/Downloads/date-fruit-quality-ml/data/quality/maturity/train/Rutab/morocco-bouisthami__bouisthami__DSC_2986__0.jpg
/Users/ayush/Downloads/date-fruit-quality-ml/data/maturity/crops/Immature/boufagous__Boufgous_Stage1_Im85__0.jpg,Immature,boufagous,train,morocco-boufagous,/Users/ayush/Downloads/date-fruit-quality-ml/data/quality/maturity/train/Immature/morocco-boufagous__boufagous__Boufgous_Stage1_Im85__0.jpg
/Users/ayush/Downloads/date-fruit-quality-ml/data/maturity/crops/Khalal/bouisthami__DSC_2878__1.jpg,Khalal,bouisthami,train,morocco-bouisthami,/Users/ayush/Downloads/date-fruit-quality-ml/data/quality/maturity/train/Khalal/morocco-bouisthami__bouisthami__DSC_2878__1.jpg
/Users/ayush/Downloads/date-fruit-quality-ml/data/maturity/crops/Khalal/bouisthami__DSC_2569__0.jpg,Khalal,bouisthami,train,morocco-bouisthami,/Users/ayush/Downloads/date-fruit-quality-ml/data/quality/maturity/train/Khalal/morocco-bouisthami__bouisthami__DSC_2569__0.jpg
/Users/ayush/Downloads/date-fruit-quality-ml/data/maturity/crops/Tamar/boufagous__20220929_162511__0.jpg,Tamar,boufagous,train,morocco-boufagous,/Users/ayush/Downloads/date-fruit-quality-ml/data/quality/maturity/train/Tamar/morocco-boufagous__boufagous__20220929_162511__0.jpg
/Users/ayush/Downloads/date-fruit-quality-ml/data/maturity/crops/Khalal/bouisthami__DSC_2885__3.jpg,Khalal,bouisthami,train,morocco-bouisthami,/Users/ayush/Downloads/date-fruit-quality-ml/data/quality/maturity/train/Khalal/morocco-bouisthami__bouisthami__DSC_2885__3.jpg
/Users/ayush/Downloads/date-fruit-quality-ml/data/maturity/crops/Rutab/bouisthami__DSC_3010__0.jpg,Rutab,bouisthami,train,morocco-bouisthami,/Users/ayush/Downloads/date-fruit-quality-ml/data/quality/maturity/train/Rutab/morocco-bouisthami__bouisthami__DSC_3010__0.jpg
/Users/ayush/Downloads/date-fruit-quality-ml/data/maturity/crops/Immature/boumajhoul__20220725_180909__1.jpg,Immature,boumajhoul,train,morocco-boumajhoul,/Users/ayush/Downloads/date-fruit-quality-ml/data/quality/maturity/train/Immature/morocco-boumajhoul__boumajhoul__20220725_180909__1.jpg
/Users/ayush/Downloads/date-fruit-quality-ml/data/maturity/crops/Immature/boufagous__20220819_115024__0.jpg,Immature,boufagous,train,morocco-boufagous,/Users/ayush/Downloads/date-fruit-quality-ml/data/quality/maturity/train/Immature/morocco-boufagous__boufagous__20220819_115024__0.jpg
/Users/ayush/Downloads/date-fruit-quality-ml/data/maturity/crops/Khalal/bouisthami__DSC_2916__1.jpg,Khalal,bouisthami,train,morocco-bouisthami,/Users/ayush/Downloads/date-fruit-quality-ml/data/quality/maturity/train/Khalal/morocco-bouisthami__bouisthami__DSC_2916__1.jpg
/Users/ayush/Downloads/date-fruit-quality-ml/data/maturity/crops/Immature/boumajhoul__Elmjhoul_Stage1_Im70__0.jpg,Immature,boumajhoul,train,morocco-boumajhoul,/Users/ayush/Downloads/date-fruit-quality-ml/data/quality/maturity/train/Immature/morocco-boumajhoul__boumajhoul__Elmjhoul_Stage1_Im70__0.jpg
/Users/ayush/Downloads/date-fruit-quality-ml/data/maturity/crops/Rutab/boufagous__20220922_184337(0)__0.jpg,Rutab,boufagous,train,morocco-boufagous,/Users/ayush/Downloads/date-fruit-quality-ml/data/quality/maturity/train/Rutab/morocco-boufagous__boufagous__20220922_184337(0)__0.jpg
/Users/ayush/Downloads/date-fruit-quality-ml/data/maturity/crops/Khalal/bouisthami__DSC_2567__2.jpg,Khalal,bouisthami,train,morocco-bouisthami,/Users/ayush/Downloads/date-fruit-quality-ml/data/quality/maturity/train/Khalal/morocco-bouisthami__bouisthami__DSC_2567__2.jpg
/Users/ayush/Downloads/date-fruit-quality-ml/data/maturity/crops/Immature/boumajhoul__20220725_181530__0.jpg,Immature,boumajhoul,train,morocco-boumajhoul,/Users/ayush/Downloads/date-fruit-quality-ml/data/quality/maturity/train/Immature/morocco-boumajhoul__boumajhoul__20220725_181530__0.jpg
/Users/ayush/Downloads/date-fruit-quality-ml/data/maturity/crops/Tamar/bouisthami__WhatsApp Image 2022-10-09 at 15.44.15 (1)__0.jpg,Tamar,bouisthami,train,morocco-bouisthami,/Users/ayush/Downloads/date-fruit-quality-ml/data/quality/maturity/train/Tamar/morocco-bouisthami__bouisthami__WhatsApp Image 2022-10-09 at 15.44.15 (1)__0.jpg
/Users/ayush/Downloads/date-fruit-quality-ml/data/maturity/crops/Immature/boumajhoul__20220725_181133__0.jpg,Immature,boumajhoul,train,morocco-boumajhoul,/Users/ayush/Downloads/date-fruit-quality-ml/data/quality/maturity/train/Immature/morocco-boumajhoul__boumajhoul__20220725_181133__0.jpg
/Users/ayush/Downloads/date-fruit-quality-ml/data/maturity/crops/Tamar/bouisthami__WhatsApp Image 2022-10-10 at 16.18.01__1.jpg,Tamar,bouisthami,train,morocco-bouisthami,/Users/ayush/Downloads/date-fruit-quality-ml/data/quality/maturity/train/Tamar/morocco-bouisthami__bouisthami__WhatsApp Image 2022-10-10 at 16.18.01__1.jpg
/Users/ayush/Downloads/date-fruit-quality-ml/data/maturity/crops/Tamar/bouisthami__WhatsApp Image 2022-10-10 at 11.49.02 (2)__1.jpg,Tamar,bouisthami,train,morocco-bouisthami,/Users/ayush/Downloads/date-fruit-quality-ml/data/quality/maturity/train/Tamar/morocco-bouisthami__bouisthami__WhatsApp Image 2022-10-10 at 11.49.02 (2)__1.jpg
/Users/ayush/Downloads/date-fruit-quality-ml/data/maturity/crops/Tamar/bouisthami__WhatsApp Image 2022-10-09 at 15.44.15 (1)__1.jpg,Tamar,bouisthami,train,morocco-bouisthami,/Users/ayush/Downloads/date-fruit-quality-ml/data/quality/maturity/train/Tamar/morocco-bouisthami__bouisthami__WhatsApp Image 2022-10-09 at 15.44.15 (1)__1.jpg
/Users/ayush/Downloads/date-fruit-quality-ml/data/maturity/crops/Khalal/boufagous__20220901_180221__1.jpg,Khalal,boufagous,train,morocco-boufagous,/Users/ayush/Downloads/date-fruit-quality-ml/data/quality/maturity/train/Khalal/morocco-boufagous__boufagous__20220901_180221__1.jpg
/Users/ayush/Downloads/date-fruit-quality-ml/data/maturity/crops/Khalal/boufagous__20220901_182615__0.jpg,Khalal,boufagous,train,morocco-boufagous,/Users/ayush/Downloads/date-fruit-quality-ml/data/quality/maturity/train/Khalal/morocco-boufagous__boufagous__20220901_182615__0.jpg
/Users/ayush/Downloads/date-fruit-quality-ml/data/maturity/crops/Khalal/bouisthami__DSC_2547__2.jpg,Khalal,bouisthami,train,morocco-bouisthami,/Users/ayush/Downloads/date-fruit-quality-ml/data/quality/maturity/train/Khalal/morocco-bouisthami__bouisthami__DSC_2547__2.jpg
/Users/ayush/Downloads/date-fruit-quality-ml/data/maturity/crops/Immature/boumajhoul__20220726_173736__0.jpg,Immature,boumajhoul,train,morocco-boumajhoul,/Users/ayush/Downloads/date-fruit-quality-ml/data/quality/maturity/train/Immature/morocco-boumajhoul__boumajhoul__20220726_173736__0.jpg
/Users/ayush/Downloads/date-fruit-quality-ml/data/maturity/crops/Rutab/boufagous__20220922_184001__1.jpg,Rutab,boufagous,train,morocco-boufagous,/Users/ayush/Downloads/date-fruit-quality-ml/data/quality/maturity/train/Rutab/morocco-boufagous__boufagous__20220922_184001__1.jpg
/Users/ayush/Downloads/date-fruit-quality-ml/data/maturity/crops/Khalal/bouisthami__DSC_2520__4.jpg,Khalal,bouisthami,train,morocco-bouisthami,/Users/ayush/Downloads/date-fruit-quality-ml/data/quality/maturity/train/Khalal/morocco-bouisthami__bouisthami__DSC_2520__4.jpg
/Users/ayush/Downloads/date-fruit-quality-ml/data/maturity/crops/Immature/bouisthami__BOUSTH_Stage1_Im86__1.jpg,Immature,bouisthami,train,morocco-bouisthami,/Users/ayush/Downloads/date-fruit-quality-ml/data/quality/maturity/train/Immature/morocco-bouisthami__bouisthami__BOUSTH_Stage1_Im86__1.jpg
/Users/ayush/Downloads/date-fruit-quality-ml/data/maturity/crops/Immature/bouisthami__BOUSTH_Stage1_Im6__0.jpg,Immature,bouisthami,train,morocco-bouisthami,/Users/ayush/Downloads/date-fruit-quality-ml/data/quality/maturity/train/Immature/morocco-bouisthami__bouisthami__BOUSTH_Stage1_Im6__0.jpg
/Users/ayush/Downloads/date-fruit-quality-ml/data/maturity/crops/Rutab/bouisthami__DSC_2987__0.jpg,Rutab,bouisthami,train,morocco-bouisthami,/Users/ayush/Downloads/date-fruit-quality-ml/data/quality/maturity/train/Rutab/morocco-bouisthami__bouisthami__DSC_2987__0.jpg
/Users/ayush/Downloads/date-fruit-quality-ml/data/maturity/crops/Tamar/bouisthami__WhatsApp Image 2022-10-08 at 23.07.31__0.jpg,Tamar,bouisthami,train,morocco-bouisthami,/Users/ayush/Downloads/date-fruit-quality-ml/data/quality/maturity/train/Tamar/morocco-bouisthami__bouisthami__WhatsApp Image 2022-10-08 at 23.07.31__0.jpg
/Users/ayush/Downloads/date-fruit-quality-ml/data/maturity/crops/Immature/boumajhoul__20220726_173700__0.jpg,Immature,boumajhoul,train,morocco-boumajhoul,/Users/ayush/Downloads/date-fruit-quality-ml/data/quality/maturity/train/Immature/morocco-boumajhoul__boumajhoul__20220726_173700__0.jpg
/Users/ayush/Downloads/date-fruit-quality-ml/data/maturity/crops/Tamar/boufagous__20221008_154039__0.jpg,Tamar,boufagous,train,morocco-boufagous,/Users/ayush/Downloads/date-fruit-quality-ml/data/quality/maturity/train/Tamar/morocco-boufagous__boufagous__20221008_154039__0.jpg
/Users/ayush/Downloads/date-fruit-quality-ml/data/maturity/crops/Immature/boufagous__Boufgous_Stage1_Im42__1.jpg,Immature,boufagous,train,morocco-boufagous,/Users/ayush/Downloads/date-fruit-quality-ml/data/quality/maturity/train/Immature/morocco-boufagous__boufagous__Boufgous_Stage1_Im42__1.jpg
/Users/ayush/Downloads/date-fruit-quality-ml/data/maturity/crops/Khalal/bouisthami__DSC_2912__3.jpg,Khalal,bouisthami,train,morocco-bouisthami,/Users/ayush/Downloads/date-fruit-quality-ml/data/quality/maturity/train/Khalal/morocco-bouisthami__bouisthami__DSC_2912__3.jpg
/Users/ayush/Downloads/date-fruit-quality-ml/data/maturity/crops/Immature/bouisthami__BOUSTH_Stage1_Im2__0.jpg,Immature,bouisthami,train,morocco-bouisthami,/Users/ayush/Downloads/date-fruit-quality-ml/data/quality/maturity/train/Immature/morocco-bouisthami__bouisthami__BOUSTH_Stage1_Im2__0.jpg
/Users/ayush/Downloads/date-fruit-quality-ml/data/maturity/crops/Tamar/boumajhoul__20221009_180827__0.jpg,Tamar,boumajhoul,train,morocco-boumajhoul,/Users/ayush/Downloads/date-fruit-quality-ml/data/quality/maturity/train/Tamar/morocco-boumajhoul__boumajhoul__20221009_180827__0.jpg
/Users/ayush/Downloads/date-fruit-quality-ml/data/maturity/crops/Immature/bouisthami__BOUSTH_Stage1_Im4__3.jpg,Immature,bouisthami,train,morocco-bouisthami,/Users/ayush/Downloads/date-fruit-quality-ml/data/quality/maturity/train/Immature/morocco-bouisthami__bouisthami__BOUSTH_Stage1_Im4__3.jpg
/Users/ayush/Downloads/date-fruit-quality-ml/data/maturity/crops/Tamar/bouisthami__WhatsApp Image 2022-10-10 at 11.48.23__0.jpg,Tamar,bouisthami,train,morocco-bouisthami,/Users/ayush/Downloads/date-fruit-quality-ml/data/quality/maturity/train/Tamar/morocco-bouisthami__bouisthami__WhatsApp Image 2022-10-10 at 11.48.23__0.jpg
/Users/ayush/Downloads/date-fruit-quality-ml/data/maturity/crops/Rutab/bouisthami__DSC_3009__4.jpg,Rutab,bouisthami,train,morocco-bouisthami,/Users/ayush/Downloads/date-fruit-quality-ml/data/quality/maturity/train/Rutab/morocco-bouisthami__bouisthami__DSC_3009__4.jpg
/Users/ayush/Downloads/date-fruit-quality-ml/data/maturity/crops/Khalal/bouisthami__DSC_2905__1.jpg,Khalal,bouisthami,train,morocco-bouisthami,/Users/ayush/Downloads/date-fruit-quality-ml/data/quality/maturity/train/Khalal/morocco-bouisthami__bouisthami__DSC_2905__1.jpg
/Users/ayush/Downloads/date-fruit-quality-ml/data/maturity/crops/Immature/boumajhoul__Elmjhoul_Stage1_Im20__1.jpg,Immature,boumajhoul,train,morocco-boumajhoul,/Users/ayush/Downloads/date-fruit-quality-ml/data/quality/maturity/train/Immature/morocco-boumajhoul__boumajhoul__Elmjhoul_Stage1_Im20__1.jpg
/Users/ayush/Downloads/date-fruit-quality-ml/data/maturity/crops/Immature/boumajhoul__Elmjhoul_Stage1_Im3__1.jpg,Immature,boumajhoul,train,morocco-boumajhoul,/Users/ayush/Downloads/date-fruit-quality-ml/data/quality/maturity/train/Immature/morocco-boumajhoul__boumajhoul__Elmjhoul_Stage1_Im3__1.jpg
/Users/ayush/Downloads/date-fruit-quality-ml/data/maturity/crops/Immature/boufagous__20220819_115245__1.jpg,Immature,boufagous,train,morocco-boufagous,/Users/ayush/Downloads/date-fruit-quality-ml/data/quality/maturity/train/Immature/morocco-boufagous__boufagous__20220819_115245__1.jpg
/Users/ayush/Downloads/date-fruit-quality-ml/data/maturity/crops/Immature/boumajhoul__20220726_173834__0.jpg,Immature,boumajhoul,train,morocco-boumajhoul,/Users/ayush/Downloads/date-fruit-quality-ml/data/quality/maturity/train/Immature/morocco-boumajhoul__boumajhoul__20220726_173834__0.jpg
/Users/ayush/Downloads/date-fruit-quality-ml/data/maturity/crops/Khalal/boufagous__20220901_180012(0)__0.jpg,Khalal,boufagous,train,morocco-boufagous,/Users/ayush/Downloads/date-fruit-quality-ml/data/quality/maturity/train/Khalal/morocco-boufagous__boufagous__20220901_180012(0)__0.jpg
/Users/ayush/Downloads/date-fruit-quality-ml/data/maturity/crops/Tamar/bouisthami__WhatsApp Image 2022-10-09 at 15.47.22 (1)__2.jpg,Tamar,bouisthami,train,morocco-bouisthami,/Users/ayush/Downloads/date-fruit-quality-ml/data/quality/maturity/train/Tamar/morocco-bouisthami__bouisthami__WhatsApp Image 2022-10-09 at 15.47.22 (1)__2.jpg
/Users/ayush/Downloads/date-fruit-quality-ml/data/maturity/crops/Immature/boumajhoul__20220726_173939__0.jpg,Immature,boumajhoul,train,morocco-boumajhoul,/Users/ayush/Downloads/date-fruit-quality-ml/data/quality/maturity/train/Immature/morocco-boumajhoul__boumajhoul__20220726_173939__0.jpg
/Users/ayush/Downloads/date-fruit-quality-ml/data/maturity/crops/Immature/boufagous__20220819_114904__1.jpg,Immature,boufagous,train,morocco-boufagous,/Users/ayush/Downloads/date-fruit-quality-ml/data/quality/maturity/train/Immature/morocco-boufagous__boufagous__20220819_114904__1.jpg
/Users/ayush/Downloads/date-fruit-quality-ml/data/maturity/crops/Khalal/boufagous__DSC_2649__2.jpg,Khalal,boufagous,train,morocco-boufagous,/Users/ayush/Downloads/date-fruit-quality-ml/data/quality/maturity/train/Khalal/morocco-boufagous__boufagous__DSC_2649__2.jpg
/Users/ayush/Downloads/date-fruit-quality-ml/data/maturity/crops/Tamar/bouisthami__WhatsApp Image 2022-10-08 at 22.25.54__3.jpg,Tamar,bouisthami,train,morocco-bouisthami,/Users/ayush/Downloads/date-fruit-quality-ml/data/quality/maturity/train/Tamar/morocco-bouisthami__bouisthami__WhatsApp Image 2022-10-08 at 22.25.54__3.jpg
/Users/ayush/Downloads/date-fruit-quality-ml/data/maturity/crops/Immature/boumajhoul__Elmjhoul_Stage1_Im11__0.jpg,Immature,boumajhoul,train,morocco-boumajhoul,/Users/ayush/Downloads/date-fruit-quality-ml/data/quality/maturity/train/Immature/morocco-boumajhoul__boumajhoul__Elmjhoul_Stage1_Im11__0.jpg
/Users/ayush/Downloads/date-fruit-quality-ml/data/maturity/crops/Tamar/boufagous__20220929_162257__0.jpg,Tamar,boufagous,train,morocco-boufagous,/Users/ayush/Downloads/date-fruit-quality-ml/data/quality/maturity/train/Tamar/morocco-boufagous__boufagous__20220929_162257__0.jpg
/Users/ayush/Downloads/date-fruit-quality-ml/data/maturity/crops/Tamar/boumajhoul__20221009_173417__0.jpg,Tamar,boumajhoul,train,morocco-boumajhoul,/Users/ayush/Downloads/date-fruit-quality-ml/data/quality/maturity/train/Tamar/morocco-boumajhoul__boumajhoul__20221009_173417__0.jpg
/Users/ayush/Downloads/date-fruit-quality-ml/data/maturity/crops/Tamar/boumajhoul__20221009_173336__1.jpg,Tamar,boumajhoul,train,morocco-boumajhoul,/Users/ayush/Downloads/date-fruit-quality-ml/data/quality/maturity/train/Tamar/morocco-boumajhoul__boumajhoul__20221009_173336__1.jpg
/Users/ayush/Downloads/date-fruit-quality-ml/data/maturity/crops/Immature/bouisthami__BOUSTH_Stage1_Im54__1.jpg,Immature,bouisthami,train,morocco-bouisthami,/Users/ayush/Downloads/date-fruit-quality-ml/data/quality/maturity/train/Immature/morocco-bouisthami__bouisthami__BOUSTH_Stage1_Im54__1.jpg
/Users/ayush/Downloads/date-fruit-quality-ml/data/maturity/crops/Khalal/boufagous__DSC_2793__1.jpg,Khalal,boufagous,train,morocco-boufagous,/Users/ayush/Downloads/date-fruit-quality-ml/data/quality/maturity/train/Khalal/morocco-boufagous__boufagous__DSC_2793__1.jpg
/Users/ayush/Downloads/date-fruit-quality-ml/data/maturity/crops/Khalal/bouisthami__DSC_2513__0.jpg,Khalal,bouisthami,train,morocco-bouisthami,/Users/ayush/Downloads/date-fruit-quality-ml/data/quality/maturity/train/Khalal/morocco-bouisthami__bouisthami__DSC_2513__0.jpg
/Users/ayush/Downloads/date-fruit-quality-ml/data/maturity/crops/Rutab/boumajhoul__20220919_185921__1.jpg,Rutab,boumajhoul,train,morocco-boumajhoul,/Users/ayush/Downloads/date-fruit-quality-ml/data/quality/maturity/train/Rutab/morocco-boumajhoul__boumajhoul__20220919_185921__1.jpg
/Users/ayush/Downloads/date-fruit-quality-ml/data/maturity/crops/Rutab/boumajhoul__20220919_185504__0.jpg,Rutab,boumajhoul,train,morocco-boumajhoul,/Users/ayush/Downloads/date-fruit-quality-ml/data/quality/maturity/train/Rutab/morocco-boumajhoul__boumajhoul__20220919_185504__0.jpg
/Users/ayush/Downloads/date-fruit-quality-ml/data/maturity/crops/Immature/bouisthami__BOUSTH_Stage1_Im71__2.jpg,Immature,bouisthami,train,morocco-bouisthami,/Users/ayush/Downloads/date-fruit-quality-ml/data/quality/maturity/train/Immature/morocco-bouisthami__bouisthami__BOUSTH_Stage1_Im71__2.jpg
/Users/ayush/Downloads/date-fruit-quality-ml/data/maturity/crops/Khalal/bouisthami__DSC_2919__0.jpg,Khalal,bouisthami,train,morocco-bouisthami,/Users/ayush/Downloads/date-fruit-quality-ml/data/quality/maturity/train/Khalal/morocco-bouisthami__bouisthami__DSC_2919__0.jpg
/Users/ayush/Downloads/date-fruit-quality-ml/data/maturity/crops/Khalal/bouisthami__DSC_2527__2.jpg,Khalal,bouisthami,train,morocco-bouisthami,/Users/ayush/Downloads/date-fruit-quality-ml/data/quality/maturity/train/Khalal/morocco-bouisthami__bouisthami__DSC_2527__2.jpg
/Users/ayush/Downloads/date-fruit-quality-ml/data/maturity/crops/Khalal/bouisthami__DSC_2565__1.jpg,Khalal,bouisthami,train,morocco-bouisthami,/Users/ayush/Downloads/date-fruit-quality-ml/data/quality/maturity/train/Khalal/morocco-bouisthami__bouisthami__DSC_2565__1.jpg
/Users/ayush/Downloads/date-fruit-quality-ml/data/maturity/crops/Immature/bouisthami__BOUSTH_Stage1_Im65__2.jpg,Immature,bouisthami,train,morocco-bouisthami,/Users/ayush/Downloads/date-fruit-quality-ml/data/quality/maturity/train/Immature/morocco-bouisthami__bouisthami__BOUSTH_Stage1_Im65__2.jpg
/Users/ayush/Downloads/date-fruit-quality-ml/data/maturity/crops/Immature/boufagous__Boufgous_Stage1_Im85__2.jpg,Immature,boufagous,train,morocco-boufagous,/Users/ayush/Downloads/date-fruit-quality-ml/data/quality/maturity/train/Immature/morocco-boufagous__boufagous__Boufgous_Stage1_Im85__2.jpg
/Users/ayush/Downloads/date-fruit-quality-ml/data/maturity/crops/Immature/boumajhoul__20220726_173404__1.jpg,Immature,boumajhoul,train,morocco-boumajhoul,/Users/ayush/Downloads/date-fruit-quality-ml/data/quality/maturity/train/Immature/morocco-boumajhoul__boumajhoul__20220726_173404__1.jpg
/Users/ayush/Downloads/date-fruit-quality-ml/data/maturity/crops/Rutab/bouisthami__DSC_2998__0.jpg,Rutab,bouisthami,train,morocco-bouisthami,/Users/ayush/Downloads/date-fruit-quality-ml/data/quality/maturity/train/Rutab/morocco-bouisthami__bouisthami__DSC_2998__0.jpg
/Users/ayush/Downloads/date-fruit-quality-ml/data/maturity/crops/Immature/boufagous__20220726_201433__2.jpg,Immature,boufagous,train,morocco-boufagous,/Users/ayush/Downloads/date-fruit-quality-ml/data/quality/maturity/train/Immature/morocco-boufagous__boufagous__20220726_201433__2.jpg
/Users/ayush/Downloads/date-fruit-quality-ml/data/maturity/crops/Tamar/boumajhoul__20221009_174706__0.jpg,Tamar,boumajhoul,train,morocco-boumajhoul,/Users/ayush/Downloads/date-fruit-quality-ml/data/quality/maturity/train/Tamar/morocco-boumajhoul__boumajhoul__20221009_174706__0.jpg
/Users/ayush/Downloads/date-fruit-quality-ml/data/maturity/crops/Tamar/boumajhoul__20221009_174509__0.jpg,Tamar,boumajhoul,train,morocco-boumajhoul,/Users/ayush/Downloads/date-fruit-quality-ml/data/quality/maturity/train/Tamar/morocco-boumajhoul__boumajhoul__20221009_174509__0.jpg
/Users/ayush/Downloads/date-fruit-quality-ml/data/maturity/crops/Immature/bouisthami__BOUSTH_Stage1_Im54__6.jpg,Immature,bouisthami,train,morocco-bouisthami,/Users/ayush/Downloads/date-fruit-quality-ml/data/quality/maturity/train/Immature/morocco-bouisthami__bouisthami__BOUSTH_Stage1_Im54__6.jpg
/Users/ayush/Downloads/date-fruit-quality-ml/data/maturity/crops/Immature/bouisthami__BOUSTH_Stage1_Im13__3.jpg,Immature,bouisthami,train,morocco-bouisthami,/Users/ayush/Downloads/date-fruit-quality-ml/data/quality/maturity/train/Immature/morocco-bouisthami__bouisthami__BOUSTH_Stage1_Im13__3.jpg
/Users/ayush/Downloads/date-fruit-quality-ml/data/maturity/crops/Rutab/boufagous__20220922_185906__0.jpg,Rutab,boufagous,train,morocco-boufagous,/Users/ayush/Downloads/date-fruit-quality-ml/data/quality/maturity/train/Rutab/morocco-boufagous__boufagous__20220922_185906__0.jpg
/Users/ayush/Downloads/date-fruit-quality-ml/data/maturity/crops/Tamar/bouisthami__WhatsApp Image 2022-10-10 at 11.49.05 (3)__1.jpg,Tamar,bouisthami,train,morocco-bouisthami,/Users/ayush/Downloads/date-fruit-quality-ml/data/quality/maturity/train/Tamar/morocco-bouisthami__bouisthami__WhatsApp Image 2022-10-10 at 11.49.05 (3)__1.jpg
/Users/ayush/Downloads/date-fruit-quality-ml/data/maturity/crops/Rutab/bouisthami__DSC_3014__3.jpg,Rutab,bouisthami,train,morocco-bouisthami,/Users/ayush/Downloads/date-fruit-quality-ml/data/quality/maturity/train/Rutab/morocco-bouisthami__bouisthami__DSC_3014__3.jpg
/Users/ayush/Downloads/date-fruit-quality-ml/data/maturity/crops/Rutab/bouisthami__DSC_2973__3.jpg,Rutab,bouisthami,train,morocco-bouisthami,/Users/ayush/Downloads/date-fruit-quality-ml/data/quality/maturity/train/Rutab/morocco-bouisthami__bouisthami__DSC_2973__3.jpg
/Users/ayush/Downloads/date-fruit-quality-ml/data/maturity/crops/Tamar/boufagous__20221008_155038__1.jpg,Tamar,boufagous,train,morocco-boufagous,/Users/ayush/Downloads/date-fruit-quality-ml/data/quality/maturity/train/Tamar/morocco-boufagous__boufagous__20221008_155038__1.jpg
/Users/ayush/Downloads/date-fruit-quality-ml/data/maturity/crops/Rutab/bouisthami__DSC_2979__0.jpg,Rutab,bouisthami,train,morocco-bouisthami,/Users/ayush/Downloads/date-fruit-quality-ml/data/quality/maturity/train/Rutab/morocco-bouisthami__bouisthami__DSC_2979__0.jpg
/Users/ayush/Downloads/date-fruit-quality-ml/data/maturity/crops/Rutab/bouisthami__DSC_2992__1.jpg,Rutab,bouisthami,train,morocco-bouisthami,/Users/ayush/Downloads/date-fruit-quality-ml/data/quality/maturity/train/Rutab/morocco-bouisthami__bouisthami__DSC_2992__1.jpg
/Users/ayush/Downloads/date-fruit-quality-ml/data/maturity/crops/Tamar/boufagous__20221008_155523__1.jpg,Tamar,boufagous,train,morocco-boufagous,/Users/ayush/Downloads/date-fruit-quality-ml/data/quality/maturity/train/Tamar/morocco-boufagous__boufagous__20221008_155523__1.jpg
/Users/ayush/Downloads/date-fruit-quality-ml/data/maturity/crops/Tamar/boufagous__20221008_153752__3.jpg,Tamar,boufagous,train,morocco-boufagous,/Users/ayush/Downloads/date-fruit-quality-ml/data/quality/maturity/train/Tamar/morocco-boufagous__boufagous__20221008_153752__3.jpg
/Users/ayush/Downloads/date-fruit-quality-ml/data/maturity/crops/Rutab/boufagous__20220922_132800__0.jpg,Rutab,boufagous,train,morocco-boufagous,/Users/ayush/Downloads/date-fruit-quality-ml/data/quality/maturity/train/Rutab/morocco-boufagous__boufagous__20220922_132800__0.jpg
/Users/ayush/Downloads/date-fruit-quality-ml/data/maturity/crops/Khalal/boufagous__20220901_180221__0.jpg,Khalal,boufagous,train,morocco-boufagous,/Users/ayush/Downloads/date-fruit-quality-ml/data/quality/maturity/train/Khalal/morocco-boufagous__boufagous__20220901_180221__0.jpg
/Users/ayush/Downloads/date-fruit-quality-ml/data/maturity/crops/Immature/bouisthami__BOUSTH_Stage1_Im15__1.jpg,Immature,bouisthami,train,morocco-bouisthami,/Users/ayush/Downloads/date-fruit-quality-ml/data/quality/maturity/train/Immature/morocco-bouisthami__bouisthami__BOUSTH_Stage1_Im15__1.jpg
/Users/ayush/Downloads/date-fruit-quality-ml/data/maturity/crops/Immature/boufagous__20220819_115145__0.jpg,Immature,boufagous,train,morocco-boufagous,/Users/ayush/Downloads/date-fruit-quality-ml/data/quality/maturity/train/Immature/morocco-boufagous__boufagous__20220819_115145__0.jpg
/Users/ayush/Downloads/date-fruit-quality-ml/data/maturity/crops/Rutab/boumajhoul__20220920_125744__3.jpg,Rutab,boumajhoul,train,morocco-boumajhoul,/Users/ayush/Downloads/date-fruit-quality-ml/data/quality/maturity/train/Rutab/morocco-boumajhoul__boumajhoul__20220920_125744__3.jpg
/Users/ayush/Downloads/date-fruit-quality-ml/data/maturity/crops/Immature/boumajhoul__Elmjhoul_Stage1_Im25__3.jpg,Immature,boumajhoul,train,morocco-boumajhoul,/Users/ayush/Downloads/date-fruit-quality-ml/data/quality/maturity/train/Immature/morocco-boumajhoul__boumajhoul__Elmjhoul_Stage1_Im25__3.jpg
/Users/ayush/Downloads/date-fruit-quality-ml/data/maturity/crops/Immature/boumajhoul__20220725_181939__0.jpg,Immature,boumajhoul,train,morocco-boumajhoul,/Users/ayush/Downloads/date-fruit-quality-ml/data/quality/maturity/train/Immature/morocco-boumajhoul__boumajhoul__20220725_181939__0.jpg
/Users/ayush/Downloads/date-fruit-quality-ml/data/maturity/crops/Tamar/boumajhoul__20221009_180703__0.jpg,Tamar,boumajhoul,train,morocco-boumajhoul,/Users/ayush/Downloads/date-fruit-quality-ml/data/quality/maturity/train/Tamar/morocco-boumajhoul__boumajhoul__20221009_180703__0.jpg
/Users/ayush/Downloads/date-fruit-quality-ml/data/maturity/crops/Immature/boumajhoul__Elmjhoul_Stage1_Im16__2.jpg,Immature,boumajhoul,train,morocco-boumajhoul,/Users/ayush/Downloads/date-fruit-quality-ml/data/quality/maturity/train/Immature/morocco-boumajhoul__boumajhoul__Elmjhoul_Stage1_Im16__2.jpg
/Users/ayush/Downloads/date-fruit-quality-ml/data/maturity/crops/Khalal/boumajhoul__20220901_132117(0)__0.jpg,Khalal,boumajhoul,train,morocco-boumajhoul,/Users/ayush/Downloads/date-fruit-quality-ml/data/quality/maturity/train/Khalal/morocco-boumajhoul__boumajhoul__20220901_132117(0)__0.jpg
/Users/ayush/Downloads/date-fruit-quality-ml/data/maturity/crops/Khalal/boumajhoul__Elmajhoul_Stage2_Im35__1.jpg,Khalal,boumajhoul,train,morocco-boumajhoul,/Users/ayush/Downloads/date-fruit-quality-ml/data/quality/maturity/train/Khalal/morocco-boumajhoul__boumajhoul__Elmajhoul_Stage2_Im35__1.jpg
/Users/ayush/Downloads/date-fruit-quality-ml/data/maturity/crops/Rutab/boufagous__20220922_133852__1.jpg,Rutab,boufagous,train,morocco-boufagous,/Users/ayush/Downloads/date-fruit-quality-ml/data/quality/maturity/train/Rutab/morocco-boufagous__boufagous__20220922_133852__1.jpg
/Users/ayush/Downloads/date-fruit-quality-ml/data/maturity/crops/Rutab/bouisthami__DSC_2981__0.jpg,Rutab,bouisthami,train,morocco-bouisthami,/Users/ayush/Downloads/date-fruit-quality-ml/data/quality/maturity/train/Rutab/morocco-bouisthami__bouisthami__DSC_2981__0.jpg
/Users/ayush/Downloads/date-fruit-quality-ml/data/maturity/crops/Rutab/boumajhoul__20220919_190559(0)__0.jpg,Rutab,boumajhoul,train,morocco-boumajhoul,/Users/ayush/Downloads/date-fruit-quality-ml/data/quality/maturity/train/Rutab/morocco-boumajhoul__boumajhoul__20220919_190559(0)__0.jpg
/Users/ayush/Downloads/date-fruit-quality-ml/data/maturity/crops/Rutab/boufagous__20220922_132123__1.jpg,Rutab,boufagous,train,morocco-boufagous,/Users/ayush/Downloads/date-fruit-quality-ml/data/quality/maturity/train/Rutab/morocco-boufagous__boufagous__20220922_132123__1.jpg
/Users/ayush/Downloads/date-fruit-quality-ml/data/maturity/crops/Khalal/bouisthami__DSC_2524__2.jpg,Khalal,bouisthami,train,morocco-bouisthami,/Users/ayush/Downloads/date-fruit-quality-ml/data/quality/maturity/train/Khalal/morocco-bouisthami__bouisthami__DSC_2524__2.jpg
/Users/ayush/Downloads/date-fruit-quality-ml/data/maturity/crops/Immature/boumajhoul__Elmjhoul_Stage1_Im48__0.jpg,Immature,boumajhoul,train,morocco-boumajhoul,/Users/ayush/Downloads/date-fruit-quality-ml/data/quality/maturity/train/Immature/morocco-boumajhoul__boumajhoul__Elmjhoul_Stage1_Im48__0.jpg
/Users/ayush/Downloads/date-fruit-quality-ml/data/maturity/crops/Immature/boumajhoul__Elmjhoul_Stage1_Im66__2.jpg,Immature,boumajhoul,train,morocco-boumajhoul,/Users/ayush/Downloads/date-fruit-quality-ml/data/quality/maturity/train/Immature/morocco-boumajhoul__boumajhoul__Elmjhoul_Stage1_Im66__2.jpg
/Users/ayush/Downloads/date-fruit-quality-ml/data/maturity/crops/Rutab/boufagous__20220922_132235__0.jpg,Rutab,boufagous,train,morocco-boufagous,/Users/ayush/Downloads/date-fruit-quality-ml/data/quality/maturity/train/Rutab/morocco-boufagous__boufagous__20220922_132235__0.jpg
/Users/ayush/Downloads/date-fruit-quality-ml/data/maturity/crops/Tamar/boufagous__20221008_155038__0.jpg,Tamar,boufagous,train,morocco-boufagous,/Users/ayush/Downloads/date-fruit-quality-ml/data/quality/maturity/train/Tamar/morocco-boufagous__boufagous__20221008_155038__0.jpg
/Users/ayush/Downloads/date-fruit-quality-ml/data/maturity/crops/Rutab/boumajhoul__20220920_124824__1.jpg,Rutab,boumajhoul,train,morocco-boumajhoul,/Users/ayush/Downloads/date-fruit-quality-ml/data/quality/maturity/train/Rutab/morocco-boumajhoul__boumajhoul__20220920_124824__1.jpg
/Users/ayush/Downloads/date-fruit-quality-ml/data/maturity/crops/Rutab/boufagous__20220922_190254(0)__2.jpg,Rutab,boufagous,train,morocco-boufagous,/Users/ayush/Downloads/date-fruit-quality-ml/data/quality/maturity/train/Rutab/morocco-boufagous__boufagous__20220922_190254(0)__2.jpg
/Users/ayush/Downloads/date-fruit-quality-ml/data/maturity/crops/Tamar/boumajhoul__20221009_173641__0.jpg,Tamar,boumajhoul,train,morocco-boumajhoul,/Users/ayush/Downloads/date-fruit-quality-ml/data/quality/maturity/train/Tamar/morocco-boumajhoul__boumajhoul__20221009_173641__0.jpg
/Users/ayush/Downloads/date-fruit-quality-ml/data/maturity/crops/Khalal/bouisthami__DSC_2518__4.jpg,Khalal,bouisthami,train,morocco-bouisthami,/Users/ayush/Downloads/date-fruit-quality-ml/data/quality/maturity/train/Khalal/morocco-bouisthami__bouisthami__DSC_2518__4.jpg
/Users/ayush/Downloads/date-fruit-quality-ml/data/maturity/crops/Immature/bouisthami__BOUSTH_Stage1_Im0__2.jpg,Immature,bouisthami,train,morocco-bouisthami,/Users/ayush/Downloads/date-fruit-quality-ml/data/quality/maturity/train/Immature/morocco-bouisthami__bouisthami__BOUSTH_Stage1_Im0__2.jpg
/Users/ayush/Downloads/date-fruit-quality-ml/data/maturity/crops/Tamar/bouisthami__WhatsApp Image 2022-10-10 at 11.48.29__1.jpg,Tamar,bouisthami,train,morocco-bouisthami,/Users/ayush/Downloads/date-fruit-quality-ml/data/quality/maturity/train/Tamar/morocco-bouisthami__bouisthami__WhatsApp Image 2022-10-10 at 11.48.29__1.jpg
/Users/ayush/Downloads/date-fruit-quality-ml/data/maturity/crops/Khalal/boumajhoul__20220901_132106__1.jpg,Khalal,boumajhoul,train,morocco-boumajhoul,/Users/ayush/Downloads/date-fruit-quality-ml/data/quality/maturity/train/Khalal/morocco-boumajhoul__boumajhoul__20220901_132106__1.jpg
/Users/ayush/Downloads/date-fruit-quality-ml/data/maturity/crops/Khalal/boumajhoul__20220901_130636__2.jpg,Khalal,boumajhoul,train,morocco-boumajhoul,/Users/ayush/Downloads/date-fruit-quality-ml/data/quality/maturity/train/Khalal/morocco-boumajhoul__boumajhoul__20220901_130636__2.jpg
/Users/ayush/Downloads/date-fruit-quality-ml/data/maturity/crops/Khalal/bouisthami__DSC_2547__0.jpg,Khalal,bouisthami,train,morocco-bouisthami,/Users/ayush/Downloads/date-fruit-quality-ml/data/quality/maturity/train/Khalal/morocco-bouisthami__bouisthami__DSC_2547__0.jpg
/Users/ayush/Downloads/date-fruit-quality-ml/data/maturity/crops/Immature/bouisthami__BOUSTH_Stage1_Im81__0.jpg,Immature,bouisthami,train,morocco-bouisthami,/Users/ayush/Downloads/date-fruit-quality-ml/data/quality/maturity/train/Immature/morocco-bouisthami__bouisthami__BOUSTH_Stage1_Im81__0.jpg
/Users/ayush/Downloads/date-fruit-quality-ml/data/maturity/crops/Tamar/boumajhoul__20221009_175020__0.jpg,Tamar,boumajhoul,train,morocco-boumajhoul,/Users/ayush/Downloads/date-fruit-quality-ml/data/quality/maturity/train/Tamar/morocco-boumajhoul__boumajhoul__20221009_175020__0.jpg
/Users/ayush/Downloads/date-fruit-quality-ml/data/maturity/crops/Immature/bouisthami__BOUSTH_Stage1_Im6__1.jpg,Immature,bouisthami,train,morocco-bouisthami,/Users/ayush/Downloads/date-fruit-quality-ml/data/quality/maturity/train/Immature/morocco-bouisthami__bouisthami__BOUSTH_Stage1_Im6__1.jpg
/Users/ayush/Downloads/date-fruit-quality-ml/data/maturity/crops/Tamar/boufagous__20221008_153901__2.jpg,Tamar,boufagous,train,morocco-boufagous,/Users/ayush/Downloads/date-fruit-quality-ml/data/quality/maturity/train/Tamar/morocco-boufagous__boufagous__20221008_153901__2.jpg
/Users/ayush/Downloads/date-fruit-quality-ml/data/maturity/crops/Rutab/bouisthami__DSC_3013__8.jpg,Rutab,bouisthami,train,morocco-bouisthami,/Users/ayush/Downloads/date-fruit-quality-ml/data/quality/maturity/train/Rutab/morocco-bouisthami__bouisthami__DSC_3013__8.jpg
/Users/ayush/Downloads/date-fruit-quality-ml/data/maturity/crops/Immature/bouisthami__BOUSTH_Stage1_Im1__4.jpg,Immature,bouisthami,train,morocco-bouisthami,/Users/ayush/Downloads/date-fruit-quality-ml/data/quality/maturity/train/Immature/morocco-bouisthami__bouisthami__BOUSTH_Stage1_Im1__4.jpg
/Users/ayush/Downloads/date-fruit-quality-ml/data/maturity/crops/Immature/boumajhoul__20220726_174256__0.jpg,Immature,boumajhoul,train,morocco-boumajhoul,/Users/ayush/Downloads/date-fruit-quality-ml/data/quality/maturity/train/Immature/morocco-boumajhoul__boumajhoul__20220726_174256__0.jpg
/Users/ayush/Downloads/date-fruit-quality-ml/data/maturity/crops/Immature/bouisthami__BOUSTH_Stage1_Im74__2.jpg,Immature,bouisthami,train,morocco-bouisthami,/Users/ayush/Downloads/date-fruit-quality-ml/data/quality/maturity/train/Immature/morocco-bouisthami__bouisthami__BOUSTH_Stage1_Im74__2.jpg
/Users/ayush/Downloads/date-fruit-quality-ml/data/maturity/crops/Khalal/boumajhoul__Elmajhoul_Stage2_Im18__0.jpg,Khalal,boumajhoul,train,morocco-boumajhoul,/Users/ayush/Downloads/date-fruit-quality-ml/data/quality/maturity/train/Khalal/morocco-boumajhoul__boumajhoul__Elmajhoul_Stage2_Im18__0.jpg
/Users/ayush/Downloads/date-fruit-quality-ml/data/maturity/crops/Rutab/boumajhoul__20220919_190251(0)__1.jpg,Rutab,boumajhoul,train,morocco-boumajhoul,/Users/ayush/Downloads/date-fruit-quality-ml/data/quality/maturity/train/Rutab/morocco-boumajhoul__boumajhoul__20220919_190251(0)__1.jpg
/Users/ayush/Downloads/date-fruit-quality-ml/data/maturity/crops/Rutab/boufagous__20220922_190323(0)__0.jpg,Rutab,boufagous,train,morocco-boufagous,/Users/ayush/Downloads/date-fruit-quality-ml/data/quality/maturity/train/Rutab/morocco-boufagous__boufagous__20220922_190323(0)__0.jpg
/Users/ayush/Downloads/date-fruit-quality-ml/data/maturity/crops/Immature/bouisthami__BOUSTH_Stage1_Im34__0.jpg,Immature,bouisthami,train,morocco-bouisthami,/Users/ayush/Downloads/date-fruit-quality-ml/data/quality/maturity/train/Immature/morocco-bouisthami__bouisthami__BOUSTH_Stage1_Im34__0.jpg
/Users/ayush/Downloads/date-fruit-quality-ml/data/maturity/crops/Immature/boufagous__20220819_114808__2.jpg,Immature,boufagous,train,morocco-boufagous,/Users/ayush/Downloads/date-fruit-quality-ml/data/quality/maturity/train/Immature/morocco-boufagous__boufagous__20220819_114808__2.jpg
/Users/ayush/Downloads/date-fruit-quality-ml/data/maturity/crops/Rutab/boufagous__20220922_132041__0.jpg,Rutab,boufagous,train,morocco-boufagous,/Users/ayush/Downloads/date-fruit-quality-ml/data/quality/maturity/train/Rutab/morocco-boufagous__boufagous__20220922_132041__0.jpg
/Users/ayush/Downloads/date-fruit-quality-ml/data/maturity/crops/Khalal/boufagous__20220901_175959__0.jpg,Khalal,boufagous,train,morocco-boufagous,/Users/ayush/Downloads/date-fruit-quality-ml/data/quality/maturity/train/Khalal/morocco-boufagous__boufagous__20220901_175959__0.jpg
/Users/ayush/Downloads/date-fruit-quality-ml/data/maturity/crops/Khalal/boumajhoul__20220901_131000(0)__0.jpg,Khalal,boumajhoul,train,morocco-boumajhoul,/Users/ayush/Downloads/date-fruit-quality-ml/data/quality/maturity/train/Khalal/morocco-boumajhoul__boumajhoul__20220901_131000(0)__0.jpg
/Users/ayush/Downloads/date-fruit-quality-ml/data/maturity/crops/Immature/boufagous__20220726_201101__0.jpg,Immature,boufagous,train,morocco-boufagous,/Users/ayush/Downloads/date-fruit-quality-ml/data/quality/maturity/train/Immature/morocco-boufagous__boufagous__20220726_201101__0.jpg
/Users/ayush/Downloads/date-fruit-quality-ml/data/maturity/crops/Khalal/bouisthami__DSC_2907__1.jpg,Khalal,bouisthami,train,morocco-bouisthami,/Users/ayush/Downloads/date-fruit-quality-ml/data/quality/maturity/train/Khalal/morocco-bouisthami__bouisthami__DSC_2907__1.jpg
/Users/ayush/Downloads/date-fruit-quality-ml/data/maturity/crops/Rutab/boumajhoul__20220919_190651__0.jpg,Rutab,boumajhoul,train,morocco-boumajhoul,/Users/ayush/Downloads/date-fruit-quality-ml/data/quality/maturity/train/Rutab/morocco-boumajhoul__boumajhoul__20220919_190651__0.jpg
/Users/ayush/Downloads/date-fruit-quality-ml/data/maturity/crops/Khalal/boumajhoul__Elmajhoul_Stage2_Im43__0.jpg,Khalal,boumajhoul,train,morocco-boumajhoul,/Users/ayush/Downloads/date-fruit-quality-ml/data/quality/maturity/train/Khalal/morocco-boumajhoul__boumajhoul__Elmajhoul_Stage2_Im43__0.jpg
/Users/ayush/Downloads/date-fruit-quality-ml/data/maturity/crops/Tamar/boufagous__20221008_155430__0.jpg,Tamar,boufagous,train,morocco-boufagous,/Users/ayush/Downloads/date-fruit-quality-ml/data/quality/maturity/train/Tamar/morocco-boufagous__boufagous__20221008_155430__0.jpg
/Users/ayush/Downloads/date-fruit-quality-ml/data/maturity/crops/Khalal/bouisthami__DSC_2538__3.jpg,Khalal,bouisthami,train,morocco-bouisthami,/Users/ayush/Downloads/date-fruit-quality-ml/data/quality/maturity/train/Khalal/morocco-bouisthami__bouisthami__DSC_2538__3.jpg
/Users/ayush/Downloads/date-fruit-quality-ml/data/maturity/crops/Khalal/bouisthami__DSC_2509__2.jpg,Khalal,bouisthami,train,morocco-bouisthami,/Users/ayush/Downloads/date-fruit-quality-ml/data/quality/maturity/train/Khalal/morocco-bouisthami__bouisthami__DSC_2509__2.jpg
/Users/ayush/Downloads/date-fruit-quality-ml/data/maturity/crops/Rutab/bouisthami__DSC_2979__1.jpg,Rutab,bouisthami,train,morocco-bouisthami,/Users/ayush/Downloads/date-fruit-quality-ml/data/quality/maturity/train/Rutab/morocco-bouisthami__bouisthami__DSC_2979__1.jpg
/Users/ayush/Downloads/date-fruit-quality-ml/data/maturity/crops/Rutab/boufagous__20220922_190002__0.jpg,Rutab,boufagous,train,morocco-boufagous,/Users/ayush/Downloads/date-fruit-quality-ml/data/quality/maturity/train/Rutab/morocco-boufagous__boufagous__20220922_190002__0.jpg
/Users/ayush/Downloads/date-fruit-quality-ml/data/maturity/crops/Tamar/boumajhoul__20221009_174815__0.jpg,Tamar,boumajhoul,train,morocco-boumajhoul,/Users/ayush/Downloads/date-fruit-quality-ml/data/quality/maturity/train/Tamar/morocco-boumajhoul__boumajhoul__20221009_174815__0.jpg
/Users/ayush/Downloads/date-fruit-quality-ml/data/maturity/crops/Immature/boufagous__20220819_114539__0.jpg,Immature,boufagous,train,morocco-boufagous,/Users/ayush/Downloads/date-fruit-quality-ml/data/quality/maturity/train/Immature/morocco-boufagous__boufagous__20220819_114539__0.jpg
/Users/ayush/Downloads/date-fruit-quality-ml/data/maturity/crops/Immature/boumajhoul__20220725_181553__0.jpg,Immature,boumajhoul,train,morocco-boumajhoul,/Users/ayush/Downloads/date-fruit-quality-ml/data/quality/maturity/train/Immature/morocco-boumajhoul__boumajhoul__20220725_181553__0.jpg
/Users/ayush/Downloads/date-fruit-quality-ml/data/maturity/crops/Khalal/bouisthami__DSC_2910__0.jpg,Khalal,bouisthami,train,morocco-bouisthami,/Users/ayush/Downloads/date-fruit-quality-ml/data/quality/maturity/train/Khalal/morocco-bouisthami__bouisthami__DSC_2910__0.jpg
/Users/ayush/Downloads/date-fruit-quality-ml/data/maturity/crops/Rutab/bouisthami__DSC_3013__2.jpg,Rutab,bouisthami,train,morocco-bouisthami,/Users/ayush/Downloads/date-fruit-quality-ml/data/quality/maturity/train/Rutab/morocco-bouisthami__bouisthami__DSC_3013__2.jpg
/Users/ayush/Downloads/date-fruit-quality-ml/data/maturity/crops/Immature/bouisthami__BOUSTH_Stage1_Im30__4.jpg,Immature,bouisthami,train,morocco-bouisthami,/Users/ayush/Downloads/date-fruit-quality-ml/data/quality/maturity/train/Immature/morocco-bouisthami__bouisthami__BOUSTH_Stage1_Im30__4.jpg
/Users/ayush/Downloads/date-fruit-quality-ml/data/maturity/crops/Khalal/boumajhoul__20220901_131906__1.jpg,Khalal,boumajhoul,train,morocco-boumajhoul,/Users/ayush/Downloads/date-fruit-quality-ml/data/quality/maturity/train/Khalal/morocco-boumajhoul__boumajhoul__20220901_131906__1.jpg
/Users/ayush/Downloads/date-fruit-quality-ml/data/maturity/crops/Rutab/bouisthami__DSC_2973__2.jpg,Rutab,bouisthami,train,morocco-bouisthami,/Users/ayush/Downloads/date-fruit-quality-ml/data/quality/maturity/train/Rutab/morocco-bouisthami__bouisthami__DSC_2973__2.jpg
/Users/ayush/Downloads/date-fruit-quality-ml/data/maturity/crops/Immature/bouisthami__BOUSTH_Stage1_Im3__0.jpg,Immature,bouisthami,train,morocco-bouisthami,/Users/ayush/Downloads/date-fruit-quality-ml/data/quality/maturity/train/Immature/morocco-bouisthami__bouisthami__BOUSTH_Stage1_Im3__0.jpg
/Users/ayush/Downloads/date-fruit-quality-ml/data/maturity/crops/Immature/bouisthami__BOUSTH_Stage1_Im67__2.jpg,Immature,bouisthami,train,morocco-bouisthami,/Users/ayush/Downloads/date-fruit-quality-ml/data/quality/maturity/train/Immature/morocco-bouisthami__bouisthami__BOUSTH_Stage1_Im67__2.jpg
/Users/ayush/Downloads/date-fruit-quality-ml/data/maturity/crops/Khalal/bouisthami__DSC_2901__3.jpg,Khalal,bouisthami,train,morocco-bouisthami,/Users/ayush/Downloads/date-fruit-quality-ml/data/quality/maturity/train/Khalal/morocco-bouisthami__bouisthami__DSC_2901__3.jpg
/Users/ayush/Downloads/date-fruit-quality-ml/data/maturity/crops/Immature/boufagous__20220819_114918__1.jpg,Immature,boufagous,train,morocco-boufagous,/Users/ayush/Downloads/date-fruit-quality-ml/data/quality/maturity/train/Immature/morocco-boufagous__boufagous__20220819_114918__1.jpg
/Users/ayush/Downloads/date-fruit-quality-ml/data/maturity/crops/Tamar/bouisthami__WhatsApp Image 2022-10-10 at 16.18.03__2.jpg,Tamar,bouisthami,train,morocco-bouisthami,/Users/ayush/Downloads/date-fruit-quality-ml/data/quality/maturity/train/Tamar/morocco-bouisthami__bouisthami__WhatsApp Image 2022-10-10 at 16.18.03__2.jpg
/Users/ayush/Downloads/date-fruit-quality-ml/data/maturity/crops/Tamar/bouisthami__WhatsApp Image 2022-10-09 at 15.47.18__0.jpg,Tamar,bouisthami,train,morocco-bouisthami,/Users/ayush/Downloads/date-fruit-quality-ml/data/quality/maturity/train/Tamar/morocco-bouisthami__bouisthami__WhatsApp Image 2022-10-09 at 15.47.18__0.jpg
/Users/ayush/Downloads/date-fruit-quality-ml/data/maturity/crops/Khalal/boumajhoul__20220901_132245__0.jpg,Khalal,boumajhoul,train,morocco-boumajhoul,/Users/ayush/Downloads/date-fruit-quality-ml/data/quality/maturity/train/Khalal/morocco-boumajhoul__boumajhoul__20220901_132245__0.jpg
/Users/ayush/Downloads/date-fruit-quality-ml/data/maturity/crops/Rutab/bouisthami__DSC_2976__4.jpg,Rutab,bouisthami,train,morocco-bouisthami,/Users/ayush/Downloads/date-fruit-quality-ml/data/quality/maturity/train/Rutab/morocco-bouisthami__bouisthami__DSC_2976__4.jpg
/Users/ayush/Downloads/date-fruit-quality-ml/data/maturity/crops/Khalal/boufagous__DSC_2474__3.jpg,Khalal,boufagous,train,morocco-boufagous,/Users/ayush/Downloads/date-fruit-quality-ml/data/quality/maturity/train/Khalal/morocco-boufagous__boufagous__DSC_2474__3.jpg
/Users/ayush/Downloads/date-fruit-quality-ml/data/maturity/crops/Immature/boufagous__20220819_114808__0.jpg,Immature,boufagous,train,morocco-boufagous,/Users/ayush/Downloads/date-fruit-quality-ml/data/quality/maturity/train/Immature/morocco-boufagous__boufagous__20220819_114808__0.jpg
/Users/ayush/Downloads/date-fruit-quality-ml/data/maturity/crops/Rutab/bouisthami__DSC_2996__2.jpg,Rutab,bouisthami,train,morocco-bouisthami,/Users/ayush/Downloads/date-fruit-quality-ml/data/quality/maturity/train/Rutab/morocco-bouisthami__bouisthami__DSC_2996__2.jpg
/Users/ayush/Downloads/date-fruit-quality-ml/data/maturity/crops/Immature/bouisthami__BOUSTH_Stage1_Im71__1.jpg,Immature,bouisthami,train,morocco-bouisthami,/Users/ayush/Downloads/date-fruit-quality-ml/data/quality/maturity/train/Immature/morocco-bouisthami__bouisthami__BOUSTH_Stage1_Im71__1.jpg
/Users/ayush/Downloads/date-fruit-quality-ml/data/maturity/crops/Rutab/bouisthami__DSC_2984__0.jpg,Rutab,bouisthami,train,morocco-bouisthami,/Users/ayush/Downloads/date-fruit-quality-ml/data/quality/maturity/train/Rutab/morocco-bouisthami__bouisthami__DSC_2984__0.jpg
/Users/ayush/Downloads/date-fruit-quality-ml/data/maturity/crops/Rutab/boufagous__20220922_185402(0)__0.jpg,Rutab,boufagous,train,morocco-boufagous,/Users/ayush/Downloads/date-fruit-quality-ml/data/quality/maturity/train/Rutab/morocco-boufagous__boufagous__20220922_185402(0)__0.jpg
/Users/ayush/Downloads/date-fruit-quality-ml/data/maturity/crops/Immature/bouisthami__BOUSTH_Stage1_Im1__1.jpg,Immature,bouisthami,train,morocco-bouisthami,/Users/ayush/Downloads/date-fruit-quality-ml/data/quality/maturity/train/Immature/morocco-bouisthami__bouisthami__BOUSTH_Stage1_Im1__1.jpg
/Users/ayush/Downloads/date-fruit-quality-ml/data/maturity/crops/Rutab/boumajhoul__20220920_125558(0)__0.jpg,Rutab,boumajhoul,train,morocco-boumajhoul,/Users/ayush/Downloads/date-fruit-quality-ml/data/quality/maturity/train/Rutab/morocco-boumajhoul__boumajhoul__20220920_125558(0)__0.jpg
/Users/ayush/Downloads/date-fruit-quality-ml/data/maturity/crops/Rutab/bouisthami__DSC_2992__4.jpg,Rutab,bouisthami,train,morocco-bouisthami,/Users/ayush/Downloads/date-fruit-quality-ml/data/quality/maturity/train/Rutab/morocco-bouisthami__bouisthami__DSC_2992__4.jpg
/Users/ayush/Downloads/date-fruit-quality-ml/data/maturity/crops/Immature/bouisthami__BOUSTH_Stage1_Im61__2.jpg,Immature,bouisthami,train,morocco-bouisthami,/Users/ayush/Downloads/date-fruit-quality-ml/data/quality/maturity/train/Immature/morocco-bouisthami__bouisthami__BOUSTH_Stage1_Im61__2.jpg
/Users/ayush/Downloads/date-fruit-quality-ml/data/maturity/crops/Khalal/bouisthami__DSC_2538__2.jpg,Khalal,bouisthami,train,morocco-bouisthami,/Users/ayush/Downloads/date-fruit-quality-ml/data/quality/maturity/train/Khalal/morocco-bouisthami__bouisthami__DSC_2538__2.jpg
/Users/ayush/Downloads/date-fruit-quality-ml/data/maturity/crops/Immature/bouisthami__BOUSTH_Stage1_Im4__2.jpg,Immature,bouisthami,train,morocco-bouisthami,/Users/ayush/Downloads/date-fruit-quality-ml/data/quality/maturity/train/Immature/morocco-bouisthami__bouisthami__BOUSTH_Stage1_Im4__2.jpg
/Users/ayush/Downloads/date-fruit-quality-ml/data/maturity/crops/Rutab/boumajhoul__20220919_190325__0.jpg,Rutab,boumajhoul,train,morocco-boumajhoul,/Users/ayush/Downloads/date-fruit-quality-ml/data/quality/maturity/train/Rutab/morocco-boumajhoul__boumajhoul__20220919_190325__0.jpg
/Users/ayush/Downloads/date-fruit-quality-ml/data/maturity/crops/Rutab/bouisthami__DSC_2993__2.jpg,Rutab,bouisthami,train,morocco-bouisthami,/Users/ayush/Downloads/date-fruit-quality-ml/data/quality/maturity/train/Rutab/morocco-bouisthami__bouisthami__DSC_2993__2.jpg
/Users/ayush/Downloads/date-fruit-quality-ml/data/maturity/crops/Tamar/bouisthami__WhatsApp Image 2022-10-10 at 11.53.33__3.jpg,Tamar,bouisthami,train,morocco-bouisthami,/Users/ayush/Downloads/date-fruit-quality-ml/data/quality/maturity/train/Tamar/morocco-bouisthami__bouisthami__WhatsApp Image 2022-10-10 at 11.53.33__3.jpg
/Users/ayush/Downloads/date-fruit-quality-ml/data/maturity/crops/Khalal/boumajhoul__20220901_130736__0.jpg,Khalal,boumajhoul,train,morocco-boumajhoul,/Users/ayush/Downloads/date-fruit-quality-ml/data/quality/maturity/train/Khalal/morocco-boumajhoul__boumajhoul__20220901_130736__0.jpg
/Users/ayush/Downloads/date-fruit-quality-ml/data/maturity/crops/Khalal/bouisthami__DSC_2560__2.jpg,Khalal,bouisthami,train,morocco-bouisthami,/Users/ayush/Downloads/date-fruit-quality-ml/data/quality/maturity/train/Khalal/morocco-bouisthami__bouisthami__DSC_2560__2.jpg
/Users/ayush/Downloads/date-fruit-quality-ml/data/maturity/crops/Immature/bouisthami__BOUSTH_Stage1_Im22__0.jpg,Immature,bouisthami,train,morocco-bouisthami,/Users/ayush/Downloads/date-fruit-quality-ml/data/quality/maturity/train/Immature/morocco-bouisthami__bouisthami__BOUSTH_Stage1_Im22__0.jpg
/Users/ayush/Downloads/date-fruit-quality-ml/data/maturity/crops/Immature/boufagous__20220819_114034__1.jpg,Immature,boufagous,train,morocco-boufagous,/Users/ayush/Downloads/date-fruit-quality-ml/data/quality/maturity/train/Immature/morocco-boufagous__boufagous__20220819_114034__1.jpg
/Users/ayush/Downloads/date-fruit-quality-ml/data/maturity/crops/Khalal/boufagous__DSC_2474__1.jpg,Khalal,boufagous,train,morocco-boufagous,/Users/ayush/Downloads/date-fruit-quality-ml/data/quality/maturity/train/Khalal/morocco-boufagous__boufagous__DSC_2474__1.jpg
/Users/ayush/Downloads/date-fruit-quality-ml/data/maturity/crops/Tamar/boufagous__20220929_161112__0.jpg,Tamar,boufagous,train,morocco-boufagous,/Users/ayush/Downloads/date-fruit-quality-ml/data/quality/maturity/train/Tamar/morocco-boufagous__boufagous__20220929_161112__0.jpg
/Users/ayush/Downloads/date-fruit-quality-ml/data/maturity/crops/Khalal/boufagous__20220901_175840__0.jpg,Khalal,boufagous,train,morocco-boufagous,/Users/ayush/Downloads/date-fruit-quality-ml/data/quality/maturity/train/Khalal/morocco-boufagous__boufagous__20220901_175840__0.jpg
/Users/ayush/Downloads/date-fruit-quality-ml/data/maturity/crops/Rutab/boumajhoul__DSC_3044__3.jpg,Rutab,boumajhoul,train,morocco-boumajhoul,/Users/ayush/Downloads/date-fruit-quality-ml/data/quality/maturity/train/Rutab/morocco-boumajhoul__boumajhoul__DSC_3044__3.jpg
/Users/ayush/Downloads/date-fruit-quality-ml/data/maturity/crops/Rutab/boufagous__20220922_134206__0.jpg,Rutab,boufagous,train,morocco-boufagous,/Users/ayush/Downloads/date-fruit-quality-ml/data/quality/maturity/train/Rutab/morocco-boufagous__boufagous__20220922_134206__0.jpg
/Users/ayush/Downloads/date-fruit-quality-ml/data/maturity/crops/Tamar/boufagous__20220929_162353__1.jpg,Tamar,boufagous,train,morocco-boufagous,/Users/ayush/Downloads/date-fruit-quality-ml/data/quality/maturity/train/Tamar/morocco-boufagous__boufagous__20220929_162353__1.jpg
/Users/ayush/Downloads/date-fruit-quality-ml/data/maturity/crops/Rutab/bouisthami__DSC_3009__5.jpg,Rutab,bouisthami,train,morocco-bouisthami,/Users/ayush/Downloads/date-fruit-quality-ml/data/quality/maturity/train/Rutab/morocco-bouisthami__bouisthami__DSC_3009__5.jpg
/Users/ayush/Downloads/date-fruit-quality-ml/data/maturity/crops/Rutab/boumajhoul__20220918_190723__0.jpg,Rutab,boumajhoul,train,morocco-boumajhoul,/Users/ayush/Downloads/date-fruit-quality-ml/data/quality/maturity/train/Rutab/morocco-boumajhoul__boumajhoul__20220918_190723__0.jpg
/Users/ayush/Downloads/date-fruit-quality-ml/data/maturity/crops/Immature/boumajhoul__20220725_180957__2.jpg,Immature,boumajhoul,train,morocco-boumajhoul,/Users/ayush/Downloads/date-fruit-quality-ml/data/quality/maturity/train/Immature/morocco-boumajhoul__boumajhoul__20220725_180957__2.jpg
/Users/ayush/Downloads/date-fruit-quality-ml/data/maturity/crops/Rutab/boumajhoul__20220920_125417__0.jpg,Rutab,boumajhoul,train,morocco-boumajhoul,/Users/ayush/Downloads/date-fruit-quality-ml/data/quality/maturity/train/Rutab/morocco-boumajhoul__boumajhoul__20220920_125417__0.jpg
/Users/ayush/Downloads/date-fruit-quality-ml/data/maturity/crops/Immature/boumajhoul__Elmjhoul_Stage1_Im16__0.jpg,Immature,boumajhoul,train,morocco-boumajhoul,/Users/ayush/Downloads/date-fruit-quality-ml/data/quality/maturity/train/Immature/morocco-boumajhoul__boumajhoul__Elmjhoul_Stage1_Im16__0.jpg
/Users/ayush/Downloads/date-fruit-quality-ml/data/maturity/crops/Rutab/boumajhoul__20220919_185921__0.jpg,Rutab,boumajhoul,train,morocco-boumajhoul,/Users/ayush/Downloads/date-fruit-quality-ml/data/quality/maturity/train/Rutab/morocco-boumajhoul__boumajhoul__20220919_185921__0.jpg
/Users/ayush/Downloads/date-fruit-quality-ml/data/maturity/crops/Khalal/bouisthami__DSC_2896__0.jpg,Khalal,bouisthami,train,morocco-bouisthami,/Users/ayush/Downloads/date-fruit-quality-ml/data/quality/maturity/train/Khalal/morocco-bouisthami__bouisthami__DSC_2896__0.jpg
/Users/ayush/Downloads/date-fruit-quality-ml/data/maturity/crops/Tamar/boufagous__20220929_162902__0.jpg,Tamar,boufagous,train,morocco-boufagous,/Users/ayush/Downloads/date-fruit-quality-ml/data/quality/maturity/train/Tamar/morocco-boufagous__boufagous__20220929_162902__0.jpg
/Users/ayush/Downloads/date-fruit-quality-ml/data/maturity/crops/Rutab/bouisthami__DSC_2977__0.jpg,Rutab,bouisthami,train,morocco-bouisthami,/Users/ayush/Downloads/date-fruit-quality-ml/data/quality/maturity/train/Rutab/morocco-bouisthami__bouisthami__DSC_2977__0.jpg
/Users/ayush/Downloads/date-fruit-quality-ml/data/maturity/crops/Khalal/boufagous__DSC_2668__1.jpg,Khalal,boufagous,train,morocco-boufagous,/Users/ayush/Downloads/date-fruit-quality-ml/data/quality/maturity/train/Khalal/morocco-boufagous__boufagous__DSC_2668__1.jpg
/Users/ayush/Downloads/date-fruit-quality-ml/data/maturity/crops/Immature/bouisthami__BOUSTH_Stage1_Im42__0.jpg,Immature,bouisthami,train,morocco-bouisthami,/Users/ayush/Downloads/date-fruit-quality-ml/data/quality/maturity/train/Immature/morocco-bouisthami__bouisthami__BOUSTH_Stage1_Im42__0.jpg
/Users/ayush/Downloads/date-fruit-quality-ml/data/maturity/crops/Tamar/boumajhoul__20221009_173520__0.jpg,Tamar,boumajhoul,train,morocco-boumajhoul,/Users/ayush/Downloads/date-fruit-quality-ml/data/quality/maturity/train/Tamar/morocco-boumajhoul__boumajhoul__20221009_173520__0.jpg
/Users/ayush/Downloads/date-fruit-quality-ml/data/maturity/crops/Rutab/boufagous__20220922_185822(0)__0.jpg,Rutab,boufagous,train,morocco-boufagous,/Users/ayush/Downloads/date-fruit-quality-ml/data/quality/maturity/train/Rutab/morocco-boufagous__boufagous__20220922_185822(0)__0.jpg
/Users/ayush/Downloads/date-fruit-quality-ml/data/maturity/crops/Khalal/bouisthami__DSC_2545__0.jpg,Khalal,bouisthami,train,morocco-bouisthami,/Users/ayush/Downloads/date-fruit-quality-ml/data/quality/maturity/train/Khalal/morocco-bouisthami__bouisthami__DSC_2545__0.jpg
/Users/ayush/Downloads/date-fruit-quality-ml/data/maturity/crops/Rutab/boumajhoul__20220920_125337__0.jpg,Rutab,boumajhoul,train,morocco-boumajhoul,/Users/ayush/Downloads/date-fruit-quality-ml/data/quality/maturity/train/Rutab/morocco-boumajhoul__boumajhoul__20220920_125337__0.jpg
/Users/ayush/Downloads/date-fruit-quality-ml/data/maturity/crops/Tamar/bouisthami__WhatsApp Image 2022-10-09 at 15.47.20 (1)__0.jpg,Tamar,bouisthami,train,morocco-bouisthami,/Users/ayush/Downloads/date-fruit-quality-ml/data/quality/maturity/train/Tamar/morocco-bouisthami__bouisthami__WhatsApp Image 2022-10-09 at 15.47.20 (1)__0.jpg
/Users/ayush/Downloads/date-fruit-quality-ml/data/maturity/crops/Khalal/boumajhoul__20220901_130918__0.jpg,Khalal,boumajhoul,train,morocco-boumajhoul,/Users/ayush/Downloads/date-fruit-quality-ml/data/quality/maturity/train/Khalal/morocco-boumajhoul__boumajhoul__20220901_130918__0.jpg
/Users/ayush/Downloads/date-fruit-quality-ml/data/maturity/crops/Immature/boufagous__20220819_114629__0.jpg,Immature,boufagous,train,morocco-boufagous,/Users/ayush/Downloads/date-fruit-quality-ml/data/quality/maturity/train/Immature/morocco-boufagous__boufagous__20220819_114629__0.jpg
/Users/ayush/Downloads/date-fruit-quality-ml/data/maturity/crops/Immature/bouisthami__BOUSTH_Stage1_Im72__0.jpg,Immature,bouisthami,train,morocco-bouisthami,/Users/ayush/Downloads/date-fruit-quality-ml/data/quality/maturity/train/Immature/morocco-bouisthami__bouisthami__BOUSTH_Stage1_Im72__0.jpg
/Users/ayush/Downloads/date-fruit-quality-ml/data/maturity/crops/Immature/boumajhoul__Elmjhoul_Stage1_Im25__2.jpg,Immature,boumajhoul,train,morocco-boumajhoul,/Users/ayush/Downloads/date-fruit-quality-ml/data/quality/maturity/train/Immature/morocco-boumajhoul__boumajhoul__Elmjhoul_Stage1_Im25__2.jpg
/Users/ayush/Downloads/date-fruit-quality-ml/data/maturity/crops/Tamar/boufagous__20220929_161910__0.jpg,Tamar,boufagous,train,morocco-boufagous,/Users/ayush/Downloads/date-fruit-quality-ml/data/quality/maturity/train/Tamar/morocco-boufagous__boufagous__20220929_161910__0.jpg
/Users/ayush/Downloads/date-fruit-quality-ml/data/maturity/crops/Immature/boufagous__20220819_114719__0.jpg,Immature,boufagous,train,morocco-boufagous,/Users/ayush/Downloads/date-fruit-quality-ml/data/quality/maturity/train/Immature/morocco-boufagous__boufagous__20220819_114719__0.jpg
/Users/ayush/Downloads/date-fruit-quality-ml/data/maturity/crops/Khalal/boumajhoul__20220901_131100__2.jpg,Khalal,boumajhoul,train,morocco-boumajhoul,/Users/ayush/Downloads/date-fruit-quality-ml/data/quality/maturity/train/Khalal/morocco-boumajhoul__boumajhoul__20220901_131100__2.jpg
/Users/ayush/Downloads/date-fruit-quality-ml/data/maturity/crops/Khalal/boumajhoul__20220901_132012__0.jpg,Khalal,boumajhoul,train,morocco-boumajhoul,/Users/ayush/Downloads/date-fruit-quality-ml/data/quality/maturity/train/Khalal/morocco-boumajhoul__boumajhoul__20220901_132012__0.jpg
/Users/ayush/Downloads/date-fruit-quality-ml/data/maturity/crops/Khalal/boumajhoul__Elmajhoul_Stage2_Im43__1.jpg,Khalal,boumajhoul,train,morocco-boumajhoul,/Users/ayush/Downloads/date-fruit-quality-ml/data/quality/maturity/train/Khalal/morocco-boumajhoul__boumajhoul__Elmajhoul_Stage2_Im43__1.jpg
/Users/ayush/Downloads/date-fruit-quality-ml/data/maturity/crops/Immature/boufagous__20220819_114123__1.jpg,Immature,boufagous,train,morocco-boufagous,/Users/ayush/Downloads/date-fruit-quality-ml/data/quality/maturity/train/Immature/morocco-boufagous__boufagous__20220819_114123__1.jpg
/Users/ayush/Downloads/date-fruit-quality-ml/data/maturity/crops/Khalal/bouisthami__DSC_2921__0.jpg,Khalal,bouisthami,train,morocco-bouisthami,/Users/ayush/Downloads/date-fruit-quality-ml/data/quality/maturity/train/Khalal/morocco-bouisthami__bouisthami__DSC_2921__0.jpg
/Users/ayush/Downloads/date-fruit-quality-ml/data/maturity/crops/Khalal/boufagous__20220901_175819__3.jpg,Khalal,boufagous,train,morocco-boufagous,/Users/ayush/Downloads/date-fruit-quality-ml/data/quality/maturity/train/Khalal/morocco-boufagous__boufagous__20220901_175819__3.jpg
/Users/ayush/Downloads/date-fruit-quality-ml/data/maturity/crops/Rutab/bouisthami__DSC_2983__1.jpg,Rutab,bouisthami,train,morocco-bouisthami,/Users/ayush/Downloads/date-fruit-quality-ml/data/quality/maturity/train/Rutab/morocco-bouisthami__bouisthami__DSC_2983__1.jpg
/Users/ayush/Downloads/date-fruit-quality-ml/data/maturity/crops/Tamar/boumajhoul__20221009_174752__1.jpg,Tamar,boumajhoul,train,morocco-boumajhoul,/Users/ayush/Downloads/date-fruit-quality-ml/data/quality/maturity/train/Tamar/morocco-boumajhoul__boumajhoul__20221009_174752__1.jpg
/Users/ayush/Downloads/date-fruit-quality-ml/data/maturity/crops/Khalal/boumajhoul__20220901_130636__1.jpg,Khalal,boumajhoul,train,morocco-boumajhoul,/Users/ayush/Downloads/date-fruit-quality-ml/data/quality/maturity/train/Khalal/morocco-boumajhoul__boumajhoul__20220901_130636__1.jpg
/Users/ayush/Downloads/date-fruit-quality-ml/data/maturity/crops/Rutab/bouisthami__DSC_2999__2.jpg,Rutab,bouisthami,train,morocco-bouisthami,/Users/ayush/Downloads/date-fruit-quality-ml/data/quality/maturity/train/Rutab/morocco-bouisthami__bouisthami__DSC_2999__2.jpg
/Users/ayush/Downloads/date-fruit-quality-ml/data/maturity/crops/Khalal/boumajhoul__20220901_130759__0.jpg,Khalal,boumajhoul,train,morocco-boumajhoul,/Users/ayush/Downloads/date-fruit-quality-ml/data/quality/maturity/train/Khalal/morocco-boumajhoul__boumajhoul__20220901_130759__0.jpg
/Users/ayush/Downloads/date-fruit-quality-ml/data/maturity/crops/Khalal/bouisthami__DSC_2509__6.jpg,Khalal,bouisthami,train,morocco-bouisthami,/Users/ayush/Downloads/date-fruit-quality-ml/data/quality/maturity/train/Khalal/morocco-bouisthami__bouisthami__DSC_2509__6.jpg
/Users/ayush/Downloads/date-fruit-quality-ml/data/maturity/crops/Tamar/boufagous__20221008_132805__1.jpg,Tamar,boufagous,train,morocco-boufagous,/Users/ayush/Downloads/date-fruit-quality-ml/data/quality/maturity/train/Tamar/morocco-boufagous__boufagous__20221008_132805__1.jpg
/Users/ayush/Downloads/date-fruit-quality-ml/data/maturity/crops/Immature/boumajhoul__20220726_173549__0.jpg,Immature,boumajhoul,train,morocco-boumajhoul,/Users/ayush/Downloads/date-fruit-quality-ml/data/quality/maturity/train/Immature/morocco-boumajhoul__boumajhoul__20220726_173549__0.jpg
/Users/ayush/Downloads/date-fruit-quality-ml/data/maturity/crops/Tamar/bouisthami__WhatsApp Image 2022-10-10 at 11.49.06 (1)__0.jpg,Tamar,bouisthami,train,morocco-bouisthami,/Users/ayush/Downloads/date-fruit-quality-ml/data/quality/maturity/train/Tamar/morocco-bouisthami__bouisthami__WhatsApp Image 2022-10-10 at 11.49.06 (1)__0.jpg
/Users/ayush/Downloads/date-fruit-quality-ml/data/maturity/crops/Khalal/boufagous__20220901_182705(0)__0.jpg,Khalal,boufagous,train,morocco-boufagous,/Users/ayush/Downloads/date-fruit-quality-ml/data/quality/maturity/train/Khalal/morocco-boufagous__boufagous__20220901_182705(0)__0.jpg
/Users/ayush/Downloads/date-fruit-quality-ml/data/maturity/crops/Rutab/boumajhoul__20220919_190651__1.jpg,Rutab,boumajhoul,train,morocco-boumajhoul,/Users/ayush/Downloads/date-fruit-quality-ml/data/quality/maturity/train/Rutab/morocco-boumajhoul__boumajhoul__20220919_190651__1.jpg
/Users/ayush/Downloads/date-fruit-quality-ml/data/maturity/crops/Rutab/boufagous__20220922_132123__0.jpg,Rutab,boufagous,train,morocco-boufagous,/Users/ayush/Downloads/date-fruit-quality-ml/data/quality/maturity/train/Rutab/morocco-boufagous__boufagous__20220922_132123__0.jpg
/Users/ayush/Downloads/date-fruit-quality-ml/data/maturity/crops/Immature/boufagous__20220726_201012__1.jpg,Immature,boufagous,train,morocco-boufagous,/Users/ayush/Downloads/date-fruit-quality-ml/data/quality/maturity/train/Immature/morocco-boufagous__boufagous__20220726_201012__1.jpg
/Users/ayush/Downloads/date-fruit-quality-ml/data/maturity/crops/Tamar/bouisthami__WhatsApp Image 2022-10-08 at 22.02.49__1.jpg,Tamar,bouisthami,train,morocco-bouisthami,/Users/ayush/Downloads/date-fruit-quality-ml/data/quality/maturity/train/Tamar/morocco-bouisthami__bouisthami__WhatsApp Image 2022-10-08 at 22.02.49__1.jpg
/Users/ayush/Downloads/date-fruit-quality-ml/data/maturity/crops/Rutab/bouisthami__DSC_2976__2.jpg,Rutab,bouisthami,train,morocco-bouisthami,/Users/ayush/Downloads/date-fruit-quality-ml/data/quality/maturity/train/Rutab/morocco-bouisthami__bouisthami__DSC_2976__2.jpg
/Users/ayush/Downloads/date-fruit-quality-ml/data/maturity/crops/Immature/bouisthami__BOUSTH_Stage1_Im79__0.jpg,Immature,bouisthami,train,morocco-bouisthami,/Users/ayush/Downloads/date-fruit-quality-ml/data/quality/maturity/train/Immature/morocco-bouisthami__bouisthami__BOUSTH_Stage1_Im79__0.jpg
/Users/ayush/Downloads/date-fruit-quality-ml/data/maturity/crops/Rutab/boumajhoul__20220919_190229__0.jpg,Rutab,boumajhoul,train,morocco-boumajhoul,/Users/ayush/Downloads/date-fruit-quality-ml/data/quality/maturity/train/Rutab/morocco-boumajhoul__boumajhoul__20220919_190229__0.jpg
/Users/ayush/Downloads/date-fruit-quality-ml/data/maturity/crops/Rutab/bouisthami__DSC_3003__4.jpg,Rutab,bouisthami,train,morocco-bouisthami,/Users/ayush/Downloads/date-fruit-quality-ml/data/quality/maturity/train/Rutab/morocco-bouisthami__bouisthami__DSC_3003__4.jpg
/Users/ayush/Downloads/date-fruit-quality-ml/data/maturity/crops/Tamar/boumajhoul__20221009_174536__1.jpg,Tamar,boumajhoul,train,morocco-boumajhoul,/Users/ayush/Downloads/date-fruit-quality-ml/data/quality/maturity/train/Tamar/morocco-boumajhoul__boumajhoul__20221009_174536__1.jpg
/Users/ayush/Downloads/date-fruit-quality-ml/data/maturity/crops/Immature/boufagous__20220726_201345__0.jpg,Immature,boufagous,train,morocco-boufagous,/Users/ayush/Downloads/date-fruit-quality-ml/data/quality/maturity/train/Immature/morocco-boufagous__boufagous__20220726_201345__0.jpg
/Users/ayush/Downloads/date-fruit-quality-ml/data/maturity/crops/Rutab/boufagous__20220922_185938(0)__0.jpg,Rutab,boufagous,train,morocco-boufagous,/Users/ayush/Downloads/date-fruit-quality-ml/data/quality/maturity/train/Rutab/morocco-boufagous__boufagous__20220922_185938(0)__0.jpg
/Users/ayush/Downloads/date-fruit-quality-ml/data/maturity/crops/Khalal/bouisthami__DSC_2565__0.jpg,Khalal,bouisthami,train,morocco-bouisthami,/Users/ayush/Downloads/date-fruit-quality-ml/data/quality/maturity/train/Khalal/morocco-bouisthami__bouisthami__DSC_2565__0.jpg
/Users/ayush/Downloads/date-fruit-quality-ml/data/maturity/crops/Tamar/bouisthami__WhatsApp Image 2022-10-08 at 22.19.22__0.jpg,Tamar,bouisthami,train,morocco-bouisthami,/Users/ayush/Downloads/date-fruit-quality-ml/data/quality/maturity/train/Tamar/morocco-bouisthami__bouisthami__WhatsApp Image 2022-10-08 at 22.19.22__0.jpg
/Users/ayush/Downloads/date-fruit-quality-ml/data/maturity/crops/Khalal/boumajhoul__20220901_131100__1.jpg,Khalal,boumajhoul,train,morocco-boumajhoul,/Users/ayush/Downloads/date-fruit-quality-ml/data/quality/maturity/train/Khalal/morocco-boumajhoul__boumajhoul__20220901_131100__1.jpg
/Users/ayush/Downloads/date-fruit-quality-ml/data/maturity/crops/Rutab/boufagous__20220922_132156__0.jpg,Rutab,boufagous,train,morocco-boufagous,/Users/ayush/Downloads/date-fruit-quality-ml/data/quality/maturity/train/Rutab/morocco-boufagous__boufagous__20220922_132156__0.jpg
/Users/ayush/Downloads/date-fruit-quality-ml/data/maturity/crops/Tamar/bouisthami__WhatsApp Image 2022-10-10 at 11.58.33__2.jpg,Tamar,bouisthami,train,morocco-bouisthami,/Users/ayush/Downloads/date-fruit-quality-ml/data/quality/maturity/train/Tamar/morocco-bouisthami__bouisthami__WhatsApp Image 2022-10-10 at 11.58.33__2.jpg
/Users/ayush/Downloads/date-fruit-quality-ml/data/maturity/crops/Rutab/boumajhoul__DSC_2960__0.jpg,Rutab,boumajhoul,train,morocco-boumajhoul,/Users/ayush/Downloads/date-fruit-quality-ml/data/quality/maturity/train/Rutab/morocco-boumajhoul__boumajhoul__DSC_2960__0.jpg
/Users/ayush/Downloads/date-fruit-quality-ml/data/maturity/crops/Immature/boumajhoul__20220726_173325__2.jpg,Immature,boumajhoul,train,morocco-boumajhoul,/Users/ayush/Downloads/date-fruit-quality-ml/data/quality/maturity/train/Immature/morocco-boumajhoul__boumajhoul__20220726_173325__2.jpg
/Users/ayush/Downloads/date-fruit-quality-ml/data/maturity/crops/Tamar/bouisthami__WhatsApp Image 2022-10-10 at 11.49.02__0.jpg,Tamar,bouisthami,train,morocco-bouisthami,/Users/ayush/Downloads/date-fruit-quality-ml/data/quality/maturity/train/Tamar/morocco-bouisthami__bouisthami__WhatsApp Image 2022-10-10 at 11.49.02__0.jpg
/Users/ayush/Downloads/date-fruit-quality-ml/data/maturity/crops/Khalal/bouisthami__DSC_2518__1.jpg,Khalal,bouisthami,train,morocco-bouisthami,/Users/ayush/Downloads/date-fruit-quality-ml/data/quality/maturity/train/Khalal/morocco-bouisthami__bouisthami__DSC_2518__1.jpg
/Users/ayush/Downloads/date-fruit-quality-ml/data/maturity/crops/Rutab/boufagous__20220922_184035(0)__1.jpg,Rutab,boufagous,train,morocco-boufagous,/Users/ayush/Downloads/date-fruit-quality-ml/data/quality/maturity/train/Rutab/morocco-boufagous__boufagous__20220922_184035(0)__1.jpg
/Users/ayush/Downloads/date-fruit-quality-ml/data/maturity/crops/Immature/boufagous__Boufgous_Stage1_Im14__0.jpg,Immature,boufagous,train,morocco-boufagous,/Users/ayush/Downloads/date-fruit-quality-ml/data/quality/maturity/train/Immature/morocco-boufagous__boufagous__Boufgous_Stage1_Im14__0.jpg
/Users/ayush/Downloads/date-fruit-quality-ml/data/maturity/crops/Tamar/bouisthami__WhatsApp Image 2022-10-10 at 11.49.00__0.jpg,Tamar,bouisthami,train,morocco-bouisthami,/Users/ayush/Downloads/date-fruit-quality-ml/data/quality/maturity/train/Tamar/morocco-bouisthami__bouisthami__WhatsApp Image 2022-10-10 at 11.49.00__0.jpg
/Users/ayush/Downloads/date-fruit-quality-ml/data/maturity/crops/Tamar/boumajhoul__20221009_174924__1.jpg,Tamar,boumajhoul,train,morocco-boumajhoul,/Users/ayush/Downloads/date-fruit-quality-ml/data/quality/maturity/train/Tamar/morocco-boumajhoul__boumajhoul__20221009_174924__1.jpg
/Users/ayush/Downloads/date-fruit-quality-ml/data/maturity/crops/Khalal/boumajhoul__DSC_2815__0.jpg,Khalal,boumajhoul,train,morocco-boumajhoul,/Users/ayush/Downloads/date-fruit-quality-ml/data/quality/maturity/train/Khalal/morocco-boumajhoul__boumajhoul__DSC_2815__0.jpg
/Users/ayush/Downloads/date-fruit-quality-ml/data/maturity/crops/Immature/boufagous__20220819_114341__0.jpg,Immature,boufagous,train,morocco-boufagous,/Users/ayush/Downloads/date-fruit-quality-ml/data/quality/maturity/train/Immature/morocco-boufagous__boufagous__20220819_114341__0.jpg
/Users/ayush/Downloads/date-fruit-quality-ml/data/maturity/crops/Khalal/boufagous__20220901_180245__0.jpg,Khalal,boufagous,train,morocco-boufagous,/Users/ayush/Downloads/date-fruit-quality-ml/data/quality/maturity/train/Khalal/morocco-boufagous__boufagous__20220901_180245__0.jpg
/Users/ayush/Downloads/date-fruit-quality-ml/data/maturity/crops/Khalal/boumajhoul__20220901_132020(0)__0.jpg,Khalal,boumajhoul,train,morocco-boumajhoul,/Users/ayush/Downloads/date-fruit-quality-ml/data/quality/maturity/train/Khalal/morocco-boumajhoul__boumajhoul__20220901_132020(0)__0.jpg
/Users/ayush/Downloads/date-fruit-quality-ml/data/maturity/crops/Tamar/bouisthami__WhatsApp Image 2022-10-10 at 11.49.00__1.jpg,Tamar,bouisthami,train,morocco-bouisthami,/Users/ayush/Downloads/date-fruit-quality-ml/data/quality/maturity/train/Tamar/morocco-bouisthami__bouisthami__WhatsApp Image 2022-10-10 at 11.49.00__1.jpg
/Users/ayush/Downloads/date-fruit-quality-ml/data/maturity/crops/Immature/bouisthami__BOUSTH_Stage1_Im27__1.jpg,Immature,bouisthami,train,morocco-bouisthami,/Users/ayush/Downloads/date-fruit-quality-ml/data/quality/maturity/train/Immature/morocco-bouisthami__bouisthami__BOUSTH_Stage1_Im27__1.jpg
/Users/ayush/Downloads/date-fruit-quality-ml/data/maturity/crops/Khalal/bouisthami__DSC_2547__1.jpg,Khalal,bouisthami,train,morocco-bouisthami,/Users/ayush/Downloads/date-fruit-quality-ml/data/quality/maturity/train/Khalal/morocco-bouisthami__bouisthami__DSC_2547__1.jpg
/Users/ayush/Downloads/date-fruit-quality-ml/data/maturity/crops/Khalal/boumajhoul__20220901_132153__0.jpg,Khalal,boumajhoul,train,morocco-boumajhoul,/Users/ayush/Downloads/date-fruit-quality-ml/data/quality/maturity/train/Khalal/morocco-boumajhoul__boumajhoul__20220901_132153__0.jpg
/Users/ayush/Downloads/date-fruit-quality-ml/data/maturity/crops/Rutab/bouisthami__DSC_3011__0.jpg,Rutab,bouisthami,train,morocco-bouisthami,/Users/ayush/Downloads/date-fruit-quality-ml/data/quality/maturity/train/Rutab/morocco-bouisthami__bouisthami__DSC_3011__0.jpg
/Users/ayush/Downloads/date-fruit-quality-ml/data/maturity/crops/Immature/bouisthami__BOUSTH_Stage1_Im7__0.jpg,Immature,bouisthami,train,morocco-bouisthami,/Users/ayush/Downloads/date-fruit-quality-ml/data/quality/maturity/train/Immature/morocco-bouisthami__bouisthami__BOUSTH_Stage1_Im7__0.jpg
/Users/ayush/Downloads/date-fruit-quality-ml/data/maturity/crops/Tamar/boufagous__20220929_160840__0.jpg,Tamar,boufagous,train,morocco-boufagous,/Users/ayush/Downloads/date-fruit-quality-ml/data/quality/maturity/train/Tamar/morocco-boufagous__boufagous__20220929_160840__0.jpg
/Users/ayush/Downloads/date-fruit-quality-ml/data/maturity/crops/Khalal/boufagous__20220901_182732__0.jpg,Khalal,boufagous,train,morocco-boufagous,/Users/ayush/Downloads/date-fruit-quality-ml/data/quality/maturity/train/Khalal/morocco-boufagous__boufagous__20220901_182732__0.jpg
/Users/ayush/Downloads/date-fruit-quality-ml/data/maturity/crops/Tamar/boufagous__20221008_132308__0.jpg,Tamar,boufagous,train,morocco-boufagous,/Users/ayush/Downloads/date-fruit-quality-ml/data/quality/maturity/train/Tamar/morocco-boufagous__boufagous__20221008_132308__0.jpg
/Users/ayush/Downloads/date-fruit-quality-ml/data/maturity/crops/Immature/bouisthami__BOUSTH_Stage1_Im79__5.jpg,Immature,bouisthami,train,morocco-bouisthami,/Users/ayush/Downloads/date-fruit-quality-ml/data/quality/maturity/train/Immature/morocco-bouisthami__bouisthami__BOUSTH_Stage1_Im79__5.jpg
/Users/ayush/Downloads/date-fruit-quality-ml/data/maturity/crops/Immature/boufagous__20220819_114058__1.jpg,Immature,boufagous,train,morocco-boufagous,/Users/ayush/Downloads/date-fruit-quality-ml/data/quality/maturity/train/Immature/morocco-boufagous__boufagous__20220819_114058__1.jpg
/Users/ayush/Downloads/date-fruit-quality-ml/data/maturity/crops/Khalal/bouisthami__DSC_2923__0.jpg,Khalal,bouisthami,train,morocco-bouisthami,/Users/ayush/Downloads/date-fruit-quality-ml/data/quality/maturity/train/Khalal/morocco-bouisthami__bouisthami__DSC_2923__0.jpg
/Users/ayush/Downloads/date-fruit-quality-ml/data/maturity/crops/Immature/bouisthami__BOUSTH_Stage1_Im79__6.jpg,Immature,bouisthami,train,morocco-bouisthami,/Users/ayush/Downloads/date-fruit-quality-ml/data/quality/maturity/train/Immature/morocco-bouisthami__bouisthami__BOUSTH_Stage1_Im79__6.jpg
/Users/ayush/Downloads/date-fruit-quality-ml/data/maturity/crops/Immature/bouisthami__BOUSTH_Stage1_Im54__5.jpg,Immature,bouisthami,train,morocco-bouisthami,/Users/ayush/Downloads/date-fruit-quality-ml/data/quality/maturity/train/Immature/morocco-bouisthami__bouisthami__BOUSTH_Stage1_Im54__5.jpg
/Users/ayush/Downloads/date-fruit-quality-ml/data/maturity/crops/Tamar/boumajhoul__20221009_180920__0.jpg,Tamar,boumajhoul,train,morocco-boumajhoul,/Users/ayush/Downloads/date-fruit-quality-ml/data/quality/maturity/train/Tamar/morocco-boumajhoul__boumajhoul__20221009_180920__0.jpg
/Users/ayush/Downloads/date-fruit-quality-ml/data/maturity/crops/Immature/boumajhoul__20220725_181223__0.jpg,Immature,boumajhoul,train,morocco-boumajhoul,/Users/ayush/Downloads/date-fruit-quality-ml/data/quality/maturity/train/Immature/morocco-boumajhoul__boumajhoul__20220725_181223__0.jpg
/Users/ayush/Downloads/date-fruit-quality-ml/data/maturity/crops/Tamar/boufagous__20221008_153901__1.jpg,Tamar,boufagous,train,morocco-boufagous,/Users/ayush/Downloads/date-fruit-quality-ml/data/quality/maturity/train/Tamar/morocco-boufagous__boufagous__20221008_153901__1.jpg
/Users/ayush/Downloads/date-fruit-quality-ml/data/maturity/crops/Immature/bouisthami__BOUSTH_Stage1_Im89__1.jpg,Immature,bouisthami,train,morocco-bouisthami,/Users/ayush/Downloads/date-fruit-quality-ml/data/quality/maturity/train/Immature/morocco-bouisthami__bouisthami__BOUSTH_Stage1_Im89__1.jpg
/Users/ayush/Downloads/date-fruit-quality-ml/data/maturity/crops/Tamar/boufagous__20221008_153946__1.jpg,Tamar,boufagous,train,morocco-boufagous,/Users/ayush/Downloads/date-fruit-quality-ml/data/quality/maturity/train/Tamar/morocco-boufagous__boufagous__20221008_153946__1.jpg
/Users/ayush/Downloads/date-fruit-quality-ml/data/maturity/crops/Rutab/bouisthami__DSC_2977__2.jpg,Rutab,bouisthami,train,morocco-bouisthami,/Users/ayush/Downloads/date-fruit-quality-ml/data/quality/maturity/train/Rutab/morocco-bouisthami__bouisthami__DSC_2977__2.jpg
/Users/ayush/Downloads/date-fruit-quality-ml/data/maturity/crops/Rutab/bouisthami__DSC_2989__0.jpg,Rutab,bouisthami,train,morocco-bouisthami,/Users/ayush/Downloads/date-fruit-quality-ml/data/quality/maturity/train/Rutab/morocco-bouisthami__bouisthami__DSC_2989__0.jpg
/Users/ayush/Downloads/date-fruit-quality-ml/data/maturity/crops/Rutab/boufagous__20220922_133926__0.jpg,Rutab,boufagous,train,morocco-boufagous,/Users/ayush/Downloads/date-fruit-quality-ml/data/quality/maturity/train/Rutab/morocco-boufagous__boufagous__20220922_133926__0.jpg
/Users/ayush/Downloads/date-fruit-quality-ml/data/maturity/crops/Tamar/boufagous__20221008_131132__0.jpg,Tamar,boufagous,train,morocco-boufagous,/Users/ayush/Downloads/date-fruit-quality-ml/data/quality/maturity/train/Tamar/morocco-boufagous__boufagous__20221008_131132__0.jpg
/Users/ayush/Downloads/date-fruit-quality-ml/data/maturity/crops/Khalal/bouisthami__DSC_2509__3.jpg,Khalal,bouisthami,train,morocco-bouisthami,/Users/ayush/Downloads/date-fruit-quality-ml/data/quality/maturity/train/Khalal/morocco-bouisthami__bouisthami__DSC_2509__3.jpg
/Users/ayush/Downloads/date-fruit-quality-ml/data/maturity/crops/Khalal/boumajhoul__20220901_132235(0)__0.jpg,Khalal,boumajhoul,train,morocco-boumajhoul,/Users/ayush/Downloads/date-fruit-quality-ml/data/quality/maturity/train/Khalal/morocco-boumajhoul__boumajhoul__20220901_132235(0)__0.jpg
/Users/ayush/Downloads/date-fruit-quality-ml/data/maturity/crops/Immature/boufagous__20220819_114212__0.jpg,Immature,boufagous,train,morocco-boufagous,/Users/ayush/Downloads/date-fruit-quality-ml/data/quality/maturity/train/Immature/morocco-boufagous__boufagous__20220819_114212__0.jpg
/Users/ayush/Downloads/date-fruit-quality-ml/data/maturity/crops/Tamar/bouisthami__WhatsApp Image 2022-10-10 at 11.48.59__1.jpg,Tamar,bouisthami,train,morocco-bouisthami,/Users/ayush/Downloads/date-fruit-quality-ml/data/quality/maturity/train/Tamar/morocco-bouisthami__bouisthami__WhatsApp Image 2022-10-10 at 11.48.59__1.jpg
/Users/ayush/Downloads/date-fruit-quality-ml/data/maturity/crops/Rutab/boumajhoul__20220919_190212__0.jpg,Rutab,boumajhoul,train,morocco-boumajhoul,/Users/ayush/Downloads/date-fruit-quality-ml/data/quality/maturity/train/Rutab/morocco-boumajhoul__boumajhoul__20220919_190212__0.jpg
/Users/ayush/Downloads/date-fruit-quality-ml/data/maturity/crops/Tamar/bouisthami__WhatsApp Image 2022-10-10 at 16.18.03__0.jpg,Tamar,bouisthami,train,morocco-bouisthami,/Users/ayush/Downloads/date-fruit-quality-ml/data/quality/maturity/train/Tamar/morocco-bouisthami__bouisthami__WhatsApp Image 2022-10-10 at 16.18.03__0.jpg
/Users/ayush/Downloads/date-fruit-quality-ml/data/maturity/crops/Rutab/boufagous__20220922_133852__0.jpg,Rutab,boufagous,train,morocco-boufagous,/Users/ayush/Downloads/date-fruit-quality-ml/data/quality/maturity/train/Rutab/morocco-boufagous__boufagous__20220922_133852__0.jpg
/Users/ayush/Downloads/date-fruit-quality-ml/data/maturity/crops/Immature/bouisthami__BOUSTH_Stage1_Im9__0.jpg,Immature,bouisthami,train,morocco-bouisthami,/Users/ayush/Downloads/date-fruit-quality-ml/data/quality/maturity/train/Immature/morocco-bouisthami__bouisthami__BOUSTH_Stage1_Im9__0.jpg
/Users/ayush/Downloads/date-fruit-quality-ml/data/maturity/crops/Khalal/bouisthami__DSC_2511__1.jpg,Khalal,bouisthami,train,morocco-bouisthami,/Users/ayush/Downloads/date-fruit-quality-ml/data/quality/maturity/train/Khalal/morocco-bouisthami__bouisthami__DSC_2511__1.jpg
/Users/ayush/Downloads/date-fruit-quality-ml/data/maturity/crops/Rutab/bouisthami__DSC_3006__1.jpg,Rutab,bouisthami,train,morocco-bouisthami,/Users/ayush/Downloads/date-fruit-quality-ml/data/quality/maturity/train/Rutab/morocco-bouisthami__bouisthami__DSC_3006__1.jpg
/Users/ayush/Downloads/date-fruit-quality-ml/data/maturity/crops/Tamar/boufagous__20221008_153827__0.jpg,Tamar,boufagous,train,morocco-boufagous,/Users/ayush/Downloads/date-fruit-quality-ml/data/quality/maturity/train/Tamar/morocco-boufagous__boufagous__20221008_153827__0.jpg
/Users/ayush/Downloads/date-fruit-quality-ml/data/maturity/crops/Immature/boumajhoul__Elmjhoul_Stage1_Im57__0.jpg,Immature,boumajhoul,train,morocco-boumajhoul,/Users/ayush/Downloads/date-fruit-quality-ml/data/quality/maturity/train/Immature/morocco-boumajhoul__boumajhoul__Elmjhoul_Stage1_Im57__0.jpg
/Users/ayush/Downloads/date-fruit-quality-ml/data/maturity/crops/Khalal/bouisthami__DSC_2536__0.jpg,Khalal,bouisthami,train,morocco-bouisthami,/Users/ayush/Downloads/date-fruit-quality-ml/data/quality/maturity/train/Khalal/morocco-bouisthami__bouisthami__DSC_2536__0.jpg
/Users/ayush/Downloads/date-fruit-quality-ml/data/maturity/crops/Immature/boufagous__20220726_200813__0.jpg,Immature,boufagous,train,morocco-boufagous,/Users/ayush/Downloads/date-fruit-quality-ml/data/quality/maturity/train/Immature/morocco-boufagous__boufagous__20220726_200813__0.jpg
/Users/ayush/Downloads/date-fruit-quality-ml/data/maturity/crops/Rutab/bouisthami__DSC_3005__1.jpg,Rutab,bouisthami,train,morocco-bouisthami,/Users/ayush/Downloads/date-fruit-quality-ml/data/quality/maturity/train/Rutab/morocco-bouisthami__bouisthami__DSC_3005__1.jpg
/Users/ayush/Downloads/date-fruit-quality-ml/data/maturity/crops/Immature/boumajhoul__Elmjhoul_Stage1_Im20__0.jpg,Immature,boumajhoul,train,morocco-boumajhoul,/Users/ayush/Downloads/date-fruit-quality-ml/data/quality/maturity/train/Immature/morocco-boumajhoul__boumajhoul__Elmjhoul_Stage1_Im20__0.jpg
/Users/ayush/Downloads/date-fruit-quality-ml/data/maturity/crops/Khalal/boumajhoul__20220901_131800__1.jpg,Khalal,boumajhoul,train,morocco-boumajhoul,/Users/ayush/Downloads/date-fruit-quality-ml/data/quality/maturity/train/Khalal/morocco-boumajhoul__boumajhoul__20220901_131800__1.jpg
/Users/ayush/Downloads/date-fruit-quality-ml/data/maturity/crops/Khalal/bouisthami__DSC_2560__1.jpg,Khalal,bouisthami,train,morocco-bouisthami,/Users/ayush/Downloads/date-fruit-quality-ml/data/quality/maturity/train/Khalal/morocco-bouisthami__bouisthami__DSC_2560__1.jpg
/Users/ayush/Downloads/date-fruit-quality-ml/data/maturity/crops/Immature/boufagous__20220726_201433__0.jpg,Immature,boufagous,train,morocco-boufagous,/Users/ayush/Downloads/date-fruit-quality-ml/data/quality/maturity/train/Immature/morocco-boufagous__boufagous__20220726_201433__0.jpg
/Users/ayush/Downloads/date-fruit-quality-ml/data/maturity/crops/Immature/bouisthami__BOUSTH_Stage1_Im8__2.jpg,Immature,bouisthami,train,morocco-bouisthami,/Users/ayush/Downloads/date-fruit-quality-ml/data/quality/maturity/train/Immature/morocco-bouisthami__bouisthami__BOUSTH_Stage1_Im8__2.jpg
/Users/ayush/Downloads/date-fruit-quality-ml/data/maturity/crops/Khalal/boumajhoul__20220901_130759__1.jpg,Khalal,boumajhoul,train,morocco-boumajhoul,/Users/ayush/Downloads/date-fruit-quality-ml/data/quality/maturity/train/Khalal/morocco-boumajhoul__boumajhoul__20220901_130759__1.jpg
/Users/ayush/Downloads/date-fruit-quality-ml/data/maturity/crops/Khalal/boufagous__20220901_175819__2.jpg,Khalal,boufagous,train,morocco-boufagous,/Users/ayush/Downloads/date-fruit-quality-ml/data/quality/maturity/train/Khalal/morocco-boufagous__boufagous__20220901_175819__2.jpg
/Users/ayush/Downloads/date-fruit-quality-ml/data/maturity/crops/Khalal/boumajhoul__20220901_131012__0.jpg,Khalal,boumajhoul,train,morocco-boumajhoul,/Users/ayush/Downloads/date-fruit-quality-ml/data/quality/maturity/train/Khalal/morocco-boumajhoul__boumajhoul__20220901_131012__0.jpg
/Users/ayush/Downloads/date-fruit-quality-ml/data/maturity/crops/Khalal/boumajhoul__20220901_131043__0.jpg,Khalal,boumajhoul,train,morocco-boumajhoul,/Users/ayush/Downloads/date-fruit-quality-ml/data/quality/maturity/train/Khalal/morocco-boumajhoul__boumajhoul__20220901_131043__0.jpg
/Users/ayush/Downloads/date-fruit-quality-ml/data/maturity/crops/Tamar/bouisthami__WhatsApp Image 2022-10-09 at 15.42.32__0.jpg,Tamar,bouisthami,train,morocco-bouisthami,/Users/ayush/Downloads/date-fruit-quality-ml/data/quality/maturity/train/Tamar/morocco-bouisthami__bouisthami__WhatsApp Image 2022-10-09 at 15.42.32__0.jpg
/Users/ayush/Downloads/date-fruit-quality-ml/data/maturity/crops/Khalal/boufagous__20220901_182458__0.jpg,Khalal,boufagous,train,morocco-boufagous,/Users/ayush/Downloads/date-fruit-quality-ml/data/quality/maturity/train/Khalal/morocco-boufagous__boufagous__20220901_182458__0.jpg
/Users/ayush/Downloads/date-fruit-quality-ml/data/maturity/crops/Tamar/boumajhoul__20221009_175008__0.jpg,Tamar,boumajhoul,train,morocco-boumajhoul,/Users/ayush/Downloads/date-fruit-quality-ml/data/quality/maturity/train/Tamar/morocco-boumajhoul__boumajhoul__20221009_175008__0.jpg
/Users/ayush/Downloads/date-fruit-quality-ml/data/maturity/crops/Rutab/boufagous__20220922_133827__2.jpg,Rutab,boufagous,train,morocco-boufagous,/Users/ayush/Downloads/date-fruit-quality-ml/data/quality/maturity/train/Rutab/morocco-boufagous__boufagous__20220922_133827__2.jpg
/Users/ayush/Downloads/date-fruit-quality-ml/data/maturity/crops/Khalal/bouisthami__DSC_2520__7.jpg,Khalal,bouisthami,train,morocco-bouisthami,/Users/ayush/Downloads/date-fruit-quality-ml/data/quality/maturity/train/Khalal/morocco-bouisthami__bouisthami__DSC_2520__7.jpg
/Users/ayush/Downloads/date-fruit-quality-ml/data/maturity/crops/Tamar/boumajhoul__20221009_173641__1.jpg,Tamar,boumajhoul,train,morocco-boumajhoul,/Users/ayush/Downloads/date-fruit-quality-ml/data/quality/maturity/train/Tamar/morocco-boumajhoul__boumajhoul__20221009_173641__1.jpg
/Users/ayush/Downloads/date-fruit-quality-ml/data/maturity/crops/Khalal/bouisthami__DSC_2934__1.jpg,Khalal,bouisthami,train,morocco-bouisthami,/Users/ayush/Downloads/date-fruit-quality-ml/data/quality/maturity/train/Khalal/morocco-bouisthami__bouisthami__DSC_2934__1.jpg
/Users/ayush/Downloads/date-fruit-quality-ml/data/maturity/crops/Immature/bouisthami__BOUSTH_Stage1_Im41__0.jpg,Immature,bouisthami,train,morocco-bouisthami,/Users/ayush/Downloads/date-fruit-quality-ml/data/quality/maturity/train/Immature/morocco-bouisthami__bouisthami__BOUSTH_Stage1_Im41__0.jpg
/Users/ayush/Downloads/date-fruit-quality-ml/data/maturity/crops/Khalal/boumajhoul__20220901_131113__0.jpg,Khalal,boumajhoul,train,morocco-boumajhoul,/Users/ayush/Downloads/date-fruit-quality-ml/data/quality/maturity/train/Khalal/morocco-boumajhoul__boumajhoul__20220901_131113__0.jpg
/Users/ayush/Downloads/date-fruit-quality-ml/data/maturity/crops/Khalal/boumajhoul__20220901_130558__1.jpg,Khalal,boumajhoul,train,morocco-boumajhoul,/Users/ayush/Downloads/date-fruit-quality-ml/data/quality/maturity/train/Khalal/morocco-boumajhoul__boumajhoul__20220901_130558__1.jpg
/Users/ayush/Downloads/date-fruit-quality-ml/data/maturity/crops/Immature/bouisthami__BOUSTH_Stage1_Im45__4.jpg,Immature,bouisthami,train,morocco-bouisthami,/Users/ayush/Downloads/date-fruit-quality-ml/data/quality/maturity/train/Immature/morocco-bouisthami__bouisthami__BOUSTH_Stage1_Im45__4.jpg
/Users/ayush/Downloads/date-fruit-quality-ml/data/maturity/crops/Khalal/boumajhoul__20220901_131148__0.jpg,Khalal,boumajhoul,train,morocco-boumajhoul,/Users/ayush/Downloads/date-fruit-quality-ml/data/quality/maturity/train/Khalal/morocco-boumajhoul__boumajhoul__20220901_131148__0.jpg
/Users/ayush/Downloads/date-fruit-quality-ml/data/maturity/crops/Khalal/bouisthami__DSC_2556__2.jpg,Khalal,bouisthami,train,morocco-bouisthami,/Users/ayush/Downloads/date-fruit-quality-ml/data/quality/maturity/train/Khalal/morocco-bouisthami__bouisthami__DSC_2556__2.jpg
/Users/ayush/Downloads/date-fruit-quality-ml/data/maturity/crops/Rutab/bouisthami__DSC_2994__0.jpg,Rutab,bouisthami,train,morocco-bouisthami,/Users/ayush/Downloads/date-fruit-quality-ml/data/quality/maturity/train/Rutab/morocco-bouisthami__bouisthami__DSC_2994__0.jpg
/Users/ayush/Downloads/date-fruit-quality-ml/data/maturity/crops/Tamar/bouisthami__WhatsApp Image 2022-10-10 at 11.53.33__2.jpg,Tamar,bouisthami,train,morocco-bouisthami,/Users/ayush/Downloads/date-fruit-quality-ml/data/quality/maturity/train/Tamar/morocco-bouisthami__bouisthami__WhatsApp Image 2022-10-10 at 11.53.33__2.jpg
/Users/ayush/Downloads/date-fruit-quality-ml/data/maturity/crops/Rutab/bouisthami__DSC_2975__1.jpg,Rutab,bouisthami,train,morocco-bouisthami,/Users/ayush/Downloads/date-fruit-quality-ml/data/quality/maturity/train/Rutab/morocco-bouisthami__bouisthami__DSC_2975__1.jpg
/Users/ayush/Downloads/date-fruit-quality-ml/data/maturity/crops/Immature/boumajhoul__20220725_181838__1.jpg,Immature,boumajhoul,train,morocco-boumajhoul,/Users/ayush/Downloads/date-fruit-quality-ml/data/quality/maturity/train/Immature/morocco-boumajhoul__boumajhoul__20220725_181838__1.jpg
/Users/ayush/Downloads/date-fruit-quality-ml/data/maturity/crops/Khalal/boufagous__20220901_182907(0)__0.jpg,Khalal,boufagous,train,morocco-boufagous,/Users/ayush/Downloads/date-fruit-quality-ml/data/quality/maturity/train/Khalal/morocco-boufagous__boufagous__20220901_182907(0)__0.jpg
/Users/ayush/Downloads/date-fruit-quality-ml/data/maturity/crops/Khalal/bouisthami__DSC_2923__2.jpg,Khalal,bouisthami,train,morocco-bouisthami,/Users/ayush/Downloads/date-fruit-quality-ml/data/quality/maturity/train/Khalal/morocco-bouisthami__bouisthami__DSC_2923__2.jpg
/Users/ayush/Downloads/date-fruit-quality-ml/data/maturity/crops/Tamar/boufagous__20221008_132125__0.jpg,Tamar,boufagous,train,morocco-boufagous,/Users/ayush/Downloads/date-fruit-quality-ml/data/quality/maturity/train/Tamar/morocco-boufagous__boufagous__20221008_132125__0.jpg
/Users/ayush/Downloads/date-fruit-quality-ml/data/maturity/crops/Immature/bouisthami__BOUSTH_Stage1_Im86__0.jpg,Immature,bouisthami,train,morocco-bouisthami,/Users/ayush/Downloads/date-fruit-quality-ml/data/quality/maturity/train/Immature/morocco-bouisthami__bouisthami__BOUSTH_Stage1_Im86__0.jpg
/Users/ayush/Downloads/date-fruit-quality-ml/data/maturity/crops/Rutab/boufagous__20220922_184204__0.jpg,Rutab,boufagous,train,morocco-boufagous,/Users/ayush/Downloads/date-fruit-quality-ml/data/quality/maturity/train/Rutab/morocco-boufagous__boufagous__20220922_184204__0.jpg
/Users/ayush/Downloads/date-fruit-quality-ml/data/maturity/crops/Tamar/boumajhoul__20221009_174655__0.jpg,Tamar,boumajhoul,train,morocco-boumajhoul,/Users/ayush/Downloads/date-fruit-quality-ml/data/quality/maturity/train/Tamar/morocco-boumajhoul__boumajhoul__20221009_174655__0.jpg
/Users/ayush/Downloads/date-fruit-quality-ml/data/maturity/crops/Khalal/boumajhoul__20220901_131800__2.jpg,Khalal,boumajhoul,train,morocco-boumajhoul,/Users/ayush/Downloads/date-fruit-quality-ml/data/quality/maturity/train/Khalal/morocco-boumajhoul__boumajhoul__20220901_131800__2.jpg
/Users/ayush/Downloads/date-fruit-quality-ml/data/maturity/crops/Immature/bouisthami__BOUSTH_Stage1_Im79__1.jpg,Immature,bouisthami,train,morocco-bouisthami,/Users/ayush/Downloads/date-fruit-quality-ml/data/quality/maturity/train/Immature/morocco-bouisthami__bouisthami__BOUSTH_Stage1_Im79__1.jpg
/Users/ayush/Downloads/date-fruit-quality-ml/data/maturity/crops/Rutab/bouisthami__DSC_2996__1.jpg,Rutab,bouisthami,train,morocco-bouisthami,/Users/ayush/Downloads/date-fruit-quality-ml/data/quality/maturity/train/Rutab/morocco-bouisthami__bouisthami__DSC_2996__1.jpg
/Users/ayush/Downloads/date-fruit-quality-ml/data/maturity/crops/Rutab/boumajhoul__20220920_123653__0.jpg,Rutab,boumajhoul,train,morocco-boumajhoul,/Users/ayush/Downloads/date-fruit-quality-ml/data/quality/maturity/train/Rutab/morocco-boumajhoul__boumajhoul__20220920_123653__0.jpg
/Users/ayush/Downloads/date-fruit-quality-ml/data/maturity/crops/Tamar/bouisthami__WhatsApp Image 2022-10-10 at 11.49.03 (3)__0.jpg,Tamar,bouisthami,train,morocco-bouisthami,/Users/ayush/Downloads/date-fruit-quality-ml/data/quality/maturity/train/Tamar/morocco-bouisthami__bouisthami__WhatsApp Image 2022-10-10 at 11.49.03 (3)__0.jpg
/Users/ayush/Downloads/date-fruit-quality-ml/data/maturity/crops/Immature/boufagous__Boufgous_Stage1_Im14__2.jpg,Immature,boufagous,train,morocco-boufagous,/Users/ayush/Downloads/date-fruit-quality-ml/data/quality/maturity/train/Immature/morocco-boufagous__boufagous__Boufgous_Stage1_Im14__2.jpg
/Users/ayush/Downloads/date-fruit-quality-ml/data/maturity/crops/Khalal/bouisthami__DSC_2934__2.jpg,Khalal,bouisthami,train,morocco-bouisthami,/Users/ayush/Downloads/date-fruit-quality-ml/data/quality/maturity/train/Khalal/morocco-bouisthami__bouisthami__DSC_2934__2.jpg
/Users/ayush/Downloads/date-fruit-quality-ml/data/maturity/crops/Tamar/boumajhoul__20221009_173336__2.jpg,Tamar,boumajhoul,train,morocco-boumajhoul,/Users/ayush/Downloads/date-fruit-quality-ml/data/quality/maturity/train/Tamar/morocco-boumajhoul__boumajhoul__20221009_173336__2.jpg
/Users/ayush/Downloads/date-fruit-quality-ml/data/maturity/crops/Immature/bouisthami__BOUSTH_Stage1_Im6__3.jpg,Immature,bouisthami,train,morocco-bouisthami,/Users/ayush/Downloads/date-fruit-quality-ml/data/quality/maturity/train/Immature/morocco-bouisthami__bouisthami__BOUSTH_Stage1_Im6__3.jpg
/Users/ayush/Downloads/date-fruit-quality-ml/data/maturity/crops/Rutab/bouisthami__DSC_3015__0.jpg,Rutab,bouisthami,train,morocco-bouisthami,/Users/ayush/Downloads/date-fruit-quality-ml/data/quality/maturity/train/Rutab/morocco-bouisthami__bouisthami__DSC_3015__0.jpg
/Users/ayush/Downloads/date-fruit-quality-ml/data/maturity/crops/Khalal/boumajhoul__DSC_2835__0.jpg,Khalal,boumajhoul,train,morocco-boumajhoul,/Users/ayush/Downloads/date-fruit-quality-ml/data/quality/maturity/train/Khalal/morocco-boumajhoul__boumajhoul__DSC_2835__0.jpg
/Users/ayush/Downloads/date-fruit-quality-ml/data/maturity/crops/Immature/bouisthami__BOUSTH_Stage1_Im48__5.jpg,Immature,bouisthami,train,morocco-bouisthami,/Users/ayush/Downloads/date-fruit-quality-ml/data/quality/maturity/train/Immature/morocco-bouisthami__bouisthami__BOUSTH_Stage1_Im48__5.jpg
/Users/ayush/Downloads/date-fruit-quality-ml/data/maturity/crops/Tamar/boumajhoul__20221009_174853__0.jpg,Tamar,boumajhoul,train,morocco-boumajhoul,/Users/ayush/Downloads/date-fruit-quality-ml/data/quality/maturity/train/Tamar/morocco-boumajhoul__boumajhoul__20221009_174853__0.jpg
/Users/ayush/Downloads/date-fruit-quality-ml/data/maturity/crops/Rutab/bouisthami__DSC_2976__5.jpg,Rutab,bouisthami,train,morocco-bouisthami,/Users/ayush/Downloads/date-fruit-quality-ml/data/quality/maturity/train/Rutab/morocco-bouisthami__bouisthami__DSC_2976__5.jpg
/Users/ayush/Downloads/date-fruit-quality-ml/data/maturity/crops/Immature/bouisthami__BOUSTH_Stage1_Im5__3.jpg,Immature,bouisthami,val,morocco-bouisthami,/Users/ayush/Downloads/date-fruit-quality-ml/data/quality/maturity/val/Immature/morocco-bouisthami__bouisthami__BOUSTH_Stage1_Im5__3.jpg
/Users/ayush/Downloads/date-fruit-quality-ml/data/maturity/crops/Khalal/bouisthami__DSC_2511__2.jpg,Khalal,bouisthami,val,morocco-bouisthami,/Users/ayush/Downloads/date-fruit-quality-ml/data/quality/maturity/val/Khalal/morocco-bouisthami__bouisthami__DSC_2511__2.jpg
/Users/ayush/Downloads/date-fruit-quality-ml/data/maturity/crops/Khalal/boufagous__20220901_180236__0.jpg,Khalal,boufagous,val,morocco-boufagous,/Users/ayush/Downloads/date-fruit-quality-ml/data/quality/maturity/val/Khalal/morocco-boufagous__boufagous__20220901_180236__0.jpg
/Users/ayush/Downloads/date-fruit-quality-ml/data/maturity/crops/Immature/bouisthami__BOUSTH_Stage1_Im67__1.jpg,Immature,bouisthami,val,morocco-bouisthami,/Users/ayush/Downloads/date-fruit-quality-ml/data/quality/maturity/val/Immature/morocco-bouisthami__bouisthami__BOUSTH_Stage1_Im67__1.jpg
/Users/ayush/Downloads/date-fruit-quality-ml/data/maturity/crops/Tamar/boufagous__20221008_153752__2.jpg,Tamar,boufagous,val,morocco-boufagous,/Users/ayush/Downloads/date-fruit-quality-ml/data/quality/maturity/val/Tamar/morocco-boufagous__boufagous__20221008_153752__2.jpg
/Users/ayush/Downloads/date-fruit-quality-ml/data/maturity/crops/Khalal/boumajhoul__20220901_131100__0.jpg,Khalal,boumajhoul,val,morocco-boumajhoul,/Users/ayush/Downloads/date-fruit-quality-ml/data/quality/maturity/val/Khalal/morocco-boumajhoul__boumajhoul__20220901_131100__0.jpg
/Users/ayush/Downloads/date-fruit-quality-ml/data/maturity/crops/Khalal/boumajhoul__20220901_131746__0.jpg,Khalal,boumajhoul,val,morocco-boumajhoul,/Users/ayush/Downloads/date-fruit-quality-ml/data/quality/maturity/val/Khalal/morocco-boumajhoul__boumajhoul__20220901_131746__0.jpg
/Users/ayush/Downloads/date-fruit-quality-ml/data/maturity/crops/Rutab/boufagous__20220922_132730__0.jpg,Rutab,boufagous,val,morocco-boufagous,/Users/ayush/Downloads/date-fruit-quality-ml/data/quality/maturity/val/Rutab/morocco-boufagous__boufagous__20220922_132730__0.jpg
/Users/ayush/Downloads/date-fruit-quality-ml/data/maturity/crops/Khalal/boufagous__20220901_182750__0.jpg,Khalal,boufagous,val,morocco-boufagous,/Users/ayush/Downloads/date-fruit-quality-ml/data/quality/maturity/val/Khalal/morocco-boufagous__boufagous__20220901_182750__0.jpg
/Users/ayush/Downloads/date-fruit-quality-ml/data/maturity/crops/Immature/bouisthami__BOUSTH_Stage1_Im57__1.jpg,Immature,bouisthami,val,morocco-bouisthami,/Users/ayush/Downloads/date-fruit-quality-ml/data/quality/maturity/val/Immature/morocco-bouisthami__bouisthami__BOUSTH_Stage1_Im57__1.jpg
/Users/ayush/Downloads/date-fruit-quality-ml/data/maturity/crops/Rutab/bouisthami__DSC_3012__5.jpg,Rutab,bouisthami,val,morocco-bouisthami,/Users/ayush/Downloads/date-fruit-quality-ml/data/quality/maturity/val/Rutab/morocco-bouisthami__bouisthami__DSC_3012__5.jpg
/Users/ayush/Downloads/date-fruit-quality-ml/data/maturity/crops/Rutab/boumajhoul__20220918_185926__0.jpg,Rutab,boumajhoul,val,morocco-boumajhoul,/Users/ayush/Downloads/date-fruit-quality-ml/data/quality/maturity/val/Rutab/morocco-boumajhoul__boumajhoul__20220918_185926__0.jpg
/Users/ayush/Downloads/date-fruit-quality-ml/data/maturity/crops/Khalal/bouisthami__DSC_2587__2.jpg,Khalal,bouisthami,val,morocco-bouisthami,/Users/ayush/Downloads/date-fruit-quality-ml/data/quality/maturity/val/Khalal/morocco-bouisthami__bouisthami__DSC_2587__2.jpg
/Users/ayush/Downloads/date-fruit-quality-ml/data/maturity/crops/Khalal/bouisthami__DSC_2932__0.jpg,Khalal,bouisthami,val,morocco-bouisthami,/Users/ayush/Downloads/date-fruit-quality-ml/data/quality/maturity/val/Khalal/morocco-bouisthami__bouisthami__DSC_2932__0.jpg
/Users/ayush/Downloads/date-fruit-quality-ml/data/maturity/crops/Immature/boufagous__Boufgous_Stage1_Im14__3.jpg,Immature,boufagous,val,morocco-boufagous,/Users/ayush/Downloads/date-fruit-quality-ml/data/quality/maturity/val/Immature/morocco-boufagous__boufagous__Boufgous_Stage1_Im14__3.jpg
/Users/ayush/Downloads/date-fruit-quality-ml/data/maturity/crops/Rutab/boumajhoul__20220919_190037(0)__0.jpg,Rutab,boumajhoul,val,morocco-boumajhoul,/Users/ayush/Downloads/date-fruit-quality-ml/data/quality/maturity/val/Rutab/morocco-boumajhoul__boumajhoul__20220919_190037(0)__0.jpg
/Users/ayush/Downloads/date-fruit-quality-ml/data/maturity/crops/Tamar/bouisthami__WhatsApp Image 2022-10-09 at 15.47.21 (3)__0.jpg,Tamar,bouisthami,val,morocco-bouisthami,/Users/ayush/Downloads/date-fruit-quality-ml/data/quality/maturity/val/Tamar/morocco-bouisthami__bouisthami__WhatsApp Image 2022-10-09 at 15.47.21 (3)__0.jpg
/Users/ayush/Downloads/date-fruit-quality-ml/data/maturity/crops/Immature/boumajhoul__20220725_180927__0.jpg,Immature,boumajhoul,val,morocco-boumajhoul,/Users/ayush/Downloads/date-fruit-quality-ml/data/quality/maturity/val/Immature/morocco-boumajhoul__boumajhoul__20220725_180927__0.jpg
/Users/ayush/Downloads/date-fruit-quality-ml/data/maturity/crops/Rutab/boufagous__20220922_190254(0)__1.jpg,Rutab,boufagous,val,morocco-boufagous,/Users/ayush/Downloads/date-fruit-quality-ml/data/quality/maturity/val/Rutab/morocco-boufagous__boufagous__20220922_190254(0)__1.jpg
/Users/ayush/Downloads/date-fruit-quality-ml/data/maturity/crops/Tamar/boufagous__20220929_163040__1.jpg,Tamar,boufagous,val,morocco-boufagous,/Users/ayush/Downloads/date-fruit-quality-ml/data/quality/maturity/val/Tamar/morocco-boufagous__boufagous__20220929_163040__1.jpg
/Users/ayush/Downloads/date-fruit-quality-ml/data/maturity/crops/Rutab/boumajhoul__DSC_3044__2.jpg,Rutab,boumajhoul,val,morocco-boumajhoul,/Users/ayush/Downloads/date-fruit-quality-ml/data/quality/maturity/val/Rutab/morocco-boumajhoul__boumajhoul__DSC_3044__2.jpg
/Users/ayush/Downloads/date-fruit-quality-ml/data/maturity/crops/Rutab/boumajhoul__20220918_190438__0.jpg,Rutab,boumajhoul,val,morocco-boumajhoul,/Users/ayush/Downloads/date-fruit-quality-ml/data/quality/maturity/val/Rutab/morocco-boumajhoul__boumajhoul__20220918_190438__0.jpg
/Users/ayush/Downloads/date-fruit-quality-ml/data/maturity/crops/Khalal/bouisthami__DSC_2894__1.jpg,Khalal,bouisthami,val,morocco-bouisthami,/Users/ayush/Downloads/date-fruit-quality-ml/data/quality/maturity/val/Khalal/morocco-bouisthami__bouisthami__DSC_2894__1.jpg
/Users/ayush/Downloads/date-fruit-quality-ml/data/maturity/crops/Rutab/boumajhoul__20220920_125744__2.jpg,Rutab,boumajhoul,val,morocco-boumajhoul,/Users/ayush/Downloads/date-fruit-quality-ml/data/quality/maturity/val/Rutab/morocco-boumajhoul__boumajhoul__20220920_125744__2.jpg
/Users/ayush/Downloads/date-fruit-quality-ml/data/maturity/crops/Rutab/bouisthami__DSC_2970__0.jpg,Rutab,bouisthami,val,morocco-bouisthami,/Users/ayush/Downloads/date-fruit-quality-ml/data/quality/maturity/val/Rutab/morocco-bouisthami__bouisthami__DSC_2970__0.jpg
/Users/ayush/Downloads/date-fruit-quality-ml/data/maturity/crops/Khalal/bouisthami__DSC_2590__0.jpg,Khalal,bouisthami,val,morocco-bouisthami,/Users/ayush/Downloads/date-fruit-quality-ml/data/quality/maturity/val/Khalal/morocco-bouisthami__bouisthami__DSC_2590__0.jpg
/Users/ayush/Downloads/date-fruit-quality-ml/data/maturity/crops/Immature/boufagous__20220819_115008__0.jpg,Immature,boufagous,val,morocco-boufagous,/Users/ayush/Downloads/date-fruit-quality-ml/data/quality/maturity/val/Immature/morocco-boufagous__boufagous__20220819_115008__0.jpg
/Users/ayush/Downloads/date-fruit-quality-ml/data/maturity/crops/Immature/boumajhoul__20220725_181939__1.jpg,Immature,boumajhoul,val,morocco-boumajhoul,/Users/ayush/Downloads/date-fruit-quality-ml/data/quality/maturity/val/Immature/morocco-boumajhoul__boumajhoul__20220725_181939__1.jpg
/Users/ayush/Downloads/date-fruit-quality-ml/data/maturity/crops/Tamar/boufagous__20221008_153711__2.jpg,Tamar,boufagous,val,morocco-boufagous,/Users/ayush/Downloads/date-fruit-quality-ml/data/quality/maturity/val/Tamar/morocco-boufagous__boufagous__20221008_153711__2.jpg
/Users/ayush/Downloads/date-fruit-quality-ml/data/maturity/crops/Khalal/boufagous__20220901_175828__0.jpg,Khalal,boufagous,val,morocco-boufagous,/Users/ayush/Downloads/date-fruit-quality-ml/data/quality/maturity/val/Khalal/morocco-boufagous__boufagous__20220901_175828__0.jpg
/Users/ayush/Downloads/date-fruit-quality-ml/data/maturity/crops/Immature/boumajhoul__20220725_180927__1.jpg,Immature,boumajhoul,val,morocco-boumajhoul,/Users/ayush/Downloads/date-fruit-quality-ml/data/quality/maturity/val/Immature/morocco-boumajhoul__boumajhoul__20220725_180927__1.jpg
/Users/ayush/Downloads/date-fruit-quality-ml/data/maturity/crops/Khalal/boumajhoul__20220901_132106__2.jpg,Khalal,boumajhoul,val,morocco-boumajhoul,/Users/ayush/Downloads/date-fruit-quality-ml/data/quality/maturity/val/Khalal/morocco-boumajhoul__boumajhoul__20220901_132106__2.jpg
/Users/ayush/Downloads/date-fruit-quality-ml/data/maturity/crops/Rutab/boumajhoul__20220918_190141__0.jpg,Rutab,boumajhoul,val,morocco-boumajhoul,/Users/ayush/Downloads/date-fruit-quality-ml/data/quality/maturity/val/Rutab/morocco-boumajhoul__boumajhoul__20220918_190141__0.jpg
/Users/ayush/Downloads/date-fruit-quality-ml/data/maturity/crops/Tamar/bouisthami__WhatsApp Image 2022-10-09 at 15.44.15__0.jpg,Tamar,bouisthami,val,morocco-bouisthami,/Users/ayush/Downloads/date-fruit-quality-ml/data/quality/maturity/val/Tamar/morocco-bouisthami__bouisthami__WhatsApp Image 2022-10-09 at 15.44.15__0.jpg
/Users/ayush/Downloads/date-fruit-quality-ml/data/maturity/crops/Rutab/boufagous__20220922_184126__0.jpg,Rutab,boufagous,val,morocco-boufagous,/Users/ayush/Downloads/date-fruit-quality-ml/data/quality/maturity/val/Rutab/morocco-boufagous__boufagous__20220922_184126__0.jpg
/Users/ayush/Downloads/date-fruit-quality-ml/data/maturity/crops/Tamar/bouisthami__WhatsApp Image 2022-10-08 at 23.07.41__0.jpg,Tamar,bouisthami,val,morocco-bouisthami,/Users/ayush/Downloads/date-fruit-quality-ml/data/quality/maturity/val/Tamar/morocco-bouisthami__bouisthami__WhatsApp Image 2022-10-08 at 23.07.41__0.jpg
/Users/ayush/Downloads/date-fruit-quality-ml/data/maturity/crops/Tamar/boumajhoul__20221009_173349__2.jpg,Tamar,boumajhoul,val,morocco-boumajhoul,/Users/ayush/Downloads/date-fruit-quality-ml/data/quality/maturity/val/Tamar/morocco-boumajhoul__boumajhoul__20221009_173349__2.jpg
/Users/ayush/Downloads/date-fruit-quality-ml/data/maturity/crops/Immature/boumajhoul__20220726_173325__1.jpg,Immature,boumajhoul,val,morocco-boumajhoul,/Users/ayush/Downloads/date-fruit-quality-ml/data/quality/maturity/val/Immature/morocco-boumajhoul__boumajhoul__20220726_173325__1.jpg
/Users/ayush/Downloads/date-fruit-quality-ml/data/maturity/crops/Immature/bouisthami__BOUSTH_Stage1_Im59__0.jpg,Immature,bouisthami,val,morocco-bouisthami,/Users/ayush/Downloads/date-fruit-quality-ml/data/quality/maturity/val/Immature/morocco-bouisthami__bouisthami__BOUSTH_Stage1_Im59__0.jpg
/Users/ayush/Downloads/date-fruit-quality-ml/data/maturity/crops/Rutab/bouisthami__DSC_2972__1.jpg,Rutab,bouisthami,val,morocco-bouisthami,/Users/ayush/Downloads/date-fruit-quality-ml/data/quality/maturity/val/Rutab/morocco-bouisthami__bouisthami__DSC_2972__1.jpg
/Users/ayush/Downloads/date-fruit-quality-ml/data/maturity/crops/Tamar/bouisthami__WhatsApp Image 2022-10-08 at 22.25.54__2.jpg,Tamar,bouisthami,val,morocco-bouisthami,/Users/ayush/Downloads/date-fruit-quality-ml/data/quality/maturity/val/Tamar/morocco-bouisthami__bouisthami__WhatsApp Image 2022-10-08 at 22.25.54__2.jpg
/Users/ayush/Downloads/date-fruit-quality-ml/data/maturity/crops/Tamar/bouisthami__WhatsApp Image 2022-10-10 at 11.49.04 (1)__1.jpg,Tamar,bouisthami,val,morocco-bouisthami,/Users/ayush/Downloads/date-fruit-quality-ml/data/quality/maturity/val/Tamar/morocco-bouisthami__bouisthami__WhatsApp Image 2022-10-10 at 11.49.04 (1)__1.jpg
/Users/ayush/Downloads/date-fruit-quality-ml/data/maturity/crops/Immature/boufagous__20220819_115101__0.jpg,Immature,boufagous,val,morocco-boufagous,/Users/ayush/Downloads/date-fruit-quality-ml/data/quality/maturity/val/Immature/morocco-boufagous__boufagous__20220819_115101__0.jpg
/Users/ayush/Downloads/date-fruit-quality-ml/data/maturity/crops/Khalal/boufagous__20220901_182450__0.jpg,Khalal,boufagous,val,morocco-boufagous,/Users/ayush/Downloads/date-fruit-quality-ml/data/quality/maturity/val/Khalal/morocco-boufagous__boufagous__20220901_182450__0.jpg
/Users/ayush/Downloads/date-fruit-quality-ml/data/maturity/crops/Rutab/boumajhoul__20220920_124116__0.jpg,Rutab,boumajhoul,val,morocco-boumajhoul,/Users/ayush/Downloads/date-fruit-quality-ml/data/quality/maturity/val/Rutab/morocco-boumajhoul__boumajhoul__20220920_124116__0.jpg
/Users/ayush/Downloads/date-fruit-quality-ml/data/maturity/crops/Tamar/bouisthami__WhatsApp Image 2022-10-10 at 11.49.03__0.jpg,Tamar,bouisthami,val,morocco-bouisthami,/Users/ayush/Downloads/date-fruit-quality-ml/data/quality/maturity/val/Tamar/morocco-bouisthami__bouisthami__WhatsApp Image 2022-10-10 at 11.49.03__0.jpg
/Users/ayush/Downloads/date-fruit-quality-ml/data/maturity/crops/Immature/bouisthami__BOUSTH_Stage1_Im2__1.jpg,Immature,bouisthami,val,morocco-bouisthami,/Users/ayush/Downloads/date-fruit-quality-ml/data/quality/maturity/val/Immature/morocco-bouisthami__bouisthami__BOUSTH_Stage1_Im2__1.jpg
/Users/ayush/Downloads/date-fruit-quality-ml/data/maturity/crops/Khalal/bouisthami__DSC_2575__6.jpg,Khalal,bouisthami,val,morocco-bouisthami,/Users/ayush/Downloads/date-fruit-quality-ml/data/quality/maturity/val/Khalal/morocco-bouisthami__bouisthami__DSC_2575__6.jpg
/Users/ayush/Downloads/date-fruit-quality-ml/data/maturity/crops/Tamar/boufagous__20221008_155038__2.jpg,Tamar,boufagous,val,morocco-boufagous,/Users/ayush/Downloads/date-fruit-quality-ml/data/quality/maturity/val/Tamar/morocco-boufagous__boufagous__20221008_155038__2.jpg
/Users/ayush/Downloads/date-fruit-quality-ml/data/maturity/crops/Khalal/bouisthami__DSC_2558__0.jpg,Khalal,bouisthami,val,morocco-bouisthami,/Users/ayush/Downloads/date-fruit-quality-ml/data/quality/maturity/val/Khalal/morocco-bouisthami__bouisthami__DSC_2558__0.jpg
/Users/ayush/Downloads/date-fruit-quality-ml/data/maturity/crops/Rutab/bouisthami__DSC_2992__0.jpg,Rutab,bouisthami,val,morocco-bouisthami,/Users/ayush/Downloads/date-fruit-quality-ml/data/quality/maturity/val/Rutab/morocco-bouisthami__bouisthami__DSC_2992__0.jpg
/Users/ayush/Downloads/date-fruit-quality-ml/data/maturity/crops/Tamar/boufagous__305416869_1028247944515687_51140899108743384_n__1.jpg,Tamar,boufagous,val,morocco-boufagous,/Users/ayush/Downloads/date-fruit-quality-ml/data/quality/maturity/val/Tamar/morocco-boufagous__boufagous__305416869_1028247944515687_51140899108743384_n__1.jpg
/Users/ayush/Downloads/date-fruit-quality-ml/data/maturity/crops/Tamar/boumajhoul__20221009_174853__1.jpg,Tamar,boumajhoul,val,morocco-boumajhoul,/Users/ayush/Downloads/date-fruit-quality-ml/data/quality/maturity/val/Tamar/morocco-boumajhoul__boumajhoul__20221009_174853__1.jpg
/Users/ayush/Downloads/date-fruit-quality-ml/data/maturity/crops/Immature/bouisthami__BOUSTH_Stage1_Im54__4.jpg,Immature,bouisthami,val,morocco-bouisthami,/Users/ayush/Downloads/date-fruit-quality-ml/data/quality/maturity/val/Immature/morocco-bouisthami__bouisthami__BOUSTH_Stage1_Im54__4.jpg
/Users/ayush/Downloads/date-fruit-quality-ml/data/maturity/crops/Khalal/bouisthami__DSC_2878__0.jpg,Khalal,bouisthami,val,morocco-bouisthami,/Users/ayush/Downloads/date-fruit-quality-ml/data/quality/maturity/val/Khalal/morocco-bouisthami__bouisthami__DSC_2878__0.jpg
/Users/ayush/Downloads/date-fruit-quality-ml/data/maturity/crops/Khalal/bouisthami__DSC_2538__0.jpg,Khalal,bouisthami,val,morocco-bouisthami,/Users/ayush/Downloads/date-fruit-quality-ml/data/quality/maturity/val/Khalal/morocco-bouisthami__bouisthami__DSC_2538__0.jpg
/Users/ayush/Downloads/date-fruit-quality-ml/data/maturity/crops/Rutab/boumajhoul__20220920_124016__0.jpg,Rutab,boumajhoul,val,morocco-boumajhoul,/Users/ayush/Downloads/date-fruit-quality-ml/data/quality/maturity/val/Rutab/morocco-boumajhoul__boumajhoul__20220920_124016__0.jpg
/Users/ayush/Downloads/date-fruit-quality-ml/data/maturity/crops/Immature/bouisthami__BOUSTH_Stage1_Im65__0.jpg,Immature,bouisthami,val,morocco-bouisthami,/Users/ayush/Downloads/date-fruit-quality-ml/data/quality/maturity/val/Immature/morocco-bouisthami__bouisthami__BOUSTH_Stage1_Im65__0.jpg
/Users/ayush/Downloads/date-fruit-quality-ml/data/maturity/crops/Rutab/bouisthami__DSC_3004__0.jpg,Rutab,bouisthami,val,morocco-bouisthami,/Users/ayush/Downloads/date-fruit-quality-ml/data/quality/maturity/val/Rutab/morocco-bouisthami__bouisthami__DSC_3004__0.jpg
/Users/ayush/Downloads/date-fruit-quality-ml/data/maturity/crops/Rutab/boufagous__20220922_132828__1.jpg,Rutab,boufagous,val,morocco-boufagous,/Users/ayush/Downloads/date-fruit-quality-ml/data/quality/maturity/val/Rutab/morocco-boufagous__boufagous__20220922_132828__1.jpg
/Users/ayush/Downloads/date-fruit-quality-ml/data/maturity/crops/Immature/boufagous__20220726_201223__1.jpg,Immature,boufagous,val,morocco-boufagous,/Users/ayush/Downloads/date-fruit-quality-ml/data/quality/maturity/val/Immature/morocco-boufagous__boufagous__20220726_201223__1.jpg
/Users/ayush/Downloads/date-fruit-quality-ml/data/maturity/crops/Khalal/boufagous__20220901_182338__1.jpg,Khalal,boufagous,val,morocco-boufagous,/Users/ayush/Downloads/date-fruit-quality-ml/data/quality/maturity/val/Khalal/morocco-boufagous__boufagous__20220901_182338__1.jpg
/Users/ayush/Downloads/date-fruit-quality-ml/data/maturity/crops/Immature/boumajhoul__20220725_181249__0.jpg,Immature,boumajhoul,val,morocco-boumajhoul,/Users/ayush/Downloads/date-fruit-quality-ml/data/quality/maturity/val/Immature/morocco-boumajhoul__boumajhoul__20220725_181249__0.jpg
/Users/ayush/Downloads/date-fruit-quality-ml/data/maturity/crops/Tamar/boumajhoul__20221009_174522__0.jpg,Tamar,boumajhoul,val,morocco-boumajhoul,/Users/ayush/Downloads/date-fruit-quality-ml/data/quality/maturity/val/Tamar/morocco-boumajhoul__boumajhoul__20221009_174522__0.jpg
/Users/ayush/Downloads/date-fruit-quality-ml/data/maturity/crops/Immature/boufagous__Boufgous_Stage1_Im14__1.jpg,Immature,boufagous,val,morocco-boufagous,/Users/ayush/Downloads/date-fruit-quality-ml/data/quality/maturity/val/Immature/morocco-boufagous__boufagous__Boufgous_Stage1_Im14__1.jpg
/Users/ayush/Downloads/date-fruit-quality-ml/data/maturity/crops/Khalal/bouisthami__DSC_2925__0.jpg,Khalal,bouisthami,val,morocco-bouisthami,/Users/ayush/Downloads/date-fruit-quality-ml/data/quality/maturity/val/Khalal/morocco-bouisthami__bouisthami__DSC_2925__0.jpg
/Users/ayush/Downloads/date-fruit-quality-ml/data/maturity/crops/Khalal/boumajhoul__20220901_130939__0.jpg,Khalal,boumajhoul,val,morocco-boumajhoul,/Users/ayush/Downloads/date-fruit-quality-ml/data/quality/maturity/val/Khalal/morocco-boumajhoul__boumajhoul__20220901_130939__0.jpg
/Users/ayush/Downloads/date-fruit-quality-ml/data/maturity/crops/Rutab/bouisthami__DSC_2999__0.jpg,Rutab,bouisthami,val,morocco-bouisthami,/Users/ayush/Downloads/date-fruit-quality-ml/data/quality/maturity/val/Rutab/morocco-bouisthami__bouisthami__DSC_2999__0.jpg
/Users/ayush/Downloads/date-fruit-quality-ml/data/maturity/crops/Immature/boumajhoul__Elmjhoul_Stage1_Im34__2.jpg,Immature,boumajhoul,val,morocco-boumajhoul,/Users/ayush/Downloads/date-fruit-quality-ml/data/quality/maturity/val/Immature/morocco-boumajhoul__boumajhoul__Elmjhoul_Stage1_Im34__2.jpg
/Users/ayush/Downloads/date-fruit-quality-ml/data/maturity/crops/Immature/bouisthami__BOUSTH_Stage1_Im5__0.jpg,Immature,bouisthami,val,morocco-bouisthami,/Users/ayush/Downloads/date-fruit-quality-ml/data/quality/maturity/val/Immature/morocco-bouisthami__bouisthami__BOUSTH_Stage1_Im5__0.jpg
/Users/ayush/Downloads/date-fruit-quality-ml/data/maturity/crops/Khalal/boufagous__DSC_2483__3.jpg,Khalal,boufagous,val,morocco-boufagous,/Users/ayush/Downloads/date-fruit-quality-ml/data/quality/maturity/val/Khalal/morocco-boufagous__boufagous__DSC_2483__3.jpg
/Users/ayush/Downloads/date-fruit-quality-ml/data/maturity/crops/Tamar/bouisthami__WhatsApp Image 2022-10-10 at 16.18.03__3.jpg,Tamar,bouisthami,val,morocco-bouisthami,/Users/ayush/Downloads/date-fruit-quality-ml/data/quality/maturity/val/Tamar/morocco-bouisthami__bouisthami__WhatsApp Image 2022-10-10 at 16.18.03__3.jpg
/Users/ayush/Downloads/date-fruit-quality-ml/data/maturity/crops/Rutab/bouisthami__DSC_3003__3.jpg,Rutab,bouisthami,val,morocco-bouisthami,/Users/ayush/Downloads/date-fruit-quality-ml/data/quality/maturity/val/Rutab/morocco-bouisthami__bouisthami__DSC_3003__3.jpg
/Users/ayush/Downloads/date-fruit-quality-ml/data/maturity/crops/Tamar/bouisthami__WhatsApp Image 2022-10-10 at 11.58.32__3.jpg,Tamar,bouisthami,val,morocco-bouisthami,/Users/ayush/Downloads/date-fruit-quality-ml/data/quality/maturity/val/Tamar/morocco-bouisthami__bouisthami__WhatsApp Image 2022-10-10 at 11.58.32__3.jpg
/Users/ayush/Downloads/date-fruit-quality-ml/data/maturity/crops/Tamar/boumajhoul__20221009_173535__1.jpg,Tamar,boumajhoul,val,morocco-boumajhoul,/Users/ayush/Downloads/date-fruit-quality-ml/data/quality/maturity/val/Tamar/morocco-boumajhoul__boumajhoul__20221009_173535__1.jpg
/Users/ayush/Downloads/date-fruit-quality-ml/data/maturity/crops/Khalal/boufagous__20220901_182632__2.jpg,Khalal,boufagous,val,morocco-boufagous,/Users/ayush/Downloads/date-fruit-quality-ml/data/quality/maturity/val/Khalal/morocco-boufagous__boufagous__20220901_182632__2.jpg
/Users/ayush/Downloads/date-fruit-quality-ml/data/maturity/crops/Tamar/bouisthami__WhatsApp Image 2022-10-08 at 23.07.40__1.jpg,Tamar,bouisthami,val,morocco-bouisthami,/Users/ayush/Downloads/date-fruit-quality-ml/data/quality/maturity/val/Tamar/morocco-bouisthami__bouisthami__WhatsApp Image 2022-10-08 at 23.07.40__1.jpg
/Users/ayush/Downloads/date-fruit-quality-ml/data/maturity/crops/Khalal/boufagous__20220901_180159__2.jpg,Khalal,boufagous,val,morocco-boufagous,/Users/ayush/Downloads/date-fruit-quality-ml/data/quality/maturity/val/Khalal/morocco-boufagous__boufagous__20220901_180159__2.jpg
/Users/ayush/Downloads/date-fruit-quality-ml/data/maturity/crops/Rutab/boufagous__20220922_131857__2.jpg,Rutab,boufagous,val,morocco-boufagous,/Users/ayush/Downloads/date-fruit-quality-ml/data/quality/maturity/val/Rutab/morocco-boufagous__boufagous__20220922_131857__2.jpg
/Users/ayush/Downloads/date-fruit-quality-ml/data/maturity/crops/Immature/boumajhoul__20220726_174324__0.jpg,Immature,boumajhoul,val,morocco-boumajhoul,/Users/ayush/Downloads/date-fruit-quality-ml/data/quality/maturity/val/Immature/morocco-boumajhoul__boumajhoul__20220726_174324__0.jpg
/Users/ayush/Downloads/date-fruit-quality-ml/data/maturity/crops/Rutab/boufagous__20220922_134253__0.jpg,Rutab,boufagous,val,morocco-boufagous,/Users/ayush/Downloads/date-fruit-quality-ml/data/quality/maturity/val/Rutab/morocco-boufagous__boufagous__20220922_134253__0.jpg
/Users/ayush/Downloads/date-fruit-quality-ml/data/maturity/crops/Immature/bouisthami__BOUSTH_Stage1_Im55__2.jpg,Immature,bouisthami,val,morocco-bouisthami,/Users/ayush/Downloads/date-fruit-quality-ml/data/quality/maturity/val/Immature/morocco-bouisthami__bouisthami__BOUSTH_Stage1_Im55__2.jpg
/Users/ayush/Downloads/date-fruit-quality-ml/data/maturity/crops/Immature/bouisthami__BOUSTH_Stage1_Im44__1.jpg,Immature,bouisthami,val,morocco-bouisthami,/Users/ayush/Downloads/date-fruit-quality-ml/data/quality/maturity/val/Immature/morocco-bouisthami__bouisthami__BOUSTH_Stage1_Im44__1.jpg
/Users/ayush/Downloads/date-fruit-quality-ml/data/maturity/crops/Immature/bouisthami__BOUSTH_Stage1_Im12__3.jpg,Immature,bouisthami,val,morocco-bouisthami,/Users/ayush/Downloads/date-fruit-quality-ml/data/quality/maturity/val/Immature/morocco-bouisthami__bouisthami__BOUSTH_Stage1_Im12__3.jpg
/Users/ayush/Downloads/date-fruit-quality-ml/data/maturity/crops/Rutab/bouisthami__DSC_3003__5.jpg,Rutab,bouisthami,val,morocco-bouisthami,/Users/ayush/Downloads/date-fruit-quality-ml/data/quality/maturity/val/Rutab/morocco-bouisthami__bouisthami__DSC_3003__5.jpg
/Users/ayush/Downloads/date-fruit-quality-ml/data/maturity/crops/Rutab/boumajhoul__DSC_3044__4.jpg,Rutab,boumajhoul,val,morocco-boumajhoul,/Users/ayush/Downloads/date-fruit-quality-ml/data/quality/maturity/val/Rutab/morocco-boumajhoul__boumajhoul__DSC_3044__4.jpg
/Users/ayush/Downloads/date-fruit-quality-ml/data/maturity/crops/Immature/boumajhoul__20220725_181902__0.jpg,Immature,boumajhoul,val,morocco-boumajhoul,/Users/ayush/Downloads/date-fruit-quality-ml/data/quality/maturity/val/Immature/morocco-boumajhoul__boumajhoul__20220725_181902__0.jpg
/Users/ayush/Downloads/date-fruit-quality-ml/data/maturity/crops/Tamar/boufagous__20220929_163130__0.jpg,Tamar,boufagous,val,morocco-boufagous,/Users/ayush/Downloads/date-fruit-quality-ml/data/quality/maturity/val/Tamar/morocco-boufagous__boufagous__20220929_163130__0.jpg
/Users/ayush/Downloads/date-fruit-quality-ml/data/maturity/crops/Tamar/boufagous__20221008_132400__0.jpg,Tamar,boufagous,val,morocco-boufagous,/Users/ayush/Downloads/date-fruit-quality-ml/data/quality/maturity/val/Tamar/morocco-boufagous__boufagous__20221008_132400__0.jpg
/Users/ayush/Downloads/date-fruit-quality-ml/data/maturity/crops/Immature/boufagous__Boufgous_Stage1_Im70__0.jpg,Immature,boufagous,val,morocco-boufagous,/Users/ayush/Downloads/date-fruit-quality-ml/data/quality/maturity/val/Immature/morocco-boufagous__boufagous__Boufgous_Stage1_Im70__0.jpg
/Users/ayush/Downloads/date-fruit-quality-ml/data/maturity/crops/Tamar/bouisthami__WhatsApp Image 2022-10-10 at 16.18.01__3.jpg,Tamar,bouisthami,val,morocco-bouisthami,/Users/ayush/Downloads/date-fruit-quality-ml/data/quality/maturity/val/Tamar/morocco-bouisthami__bouisthami__WhatsApp Image 2022-10-10 at 16.18.01__3.jpg
/Users/ayush/Downloads/date-fruit-quality-ml/data/maturity/crops/Immature/boufagous__20220819_114846__0.jpg,Immature,boufagous,val,morocco-boufagous,/Users/ayush/Downloads/date-fruit-quality-ml/data/quality/maturity/val/Immature/morocco-boufagous__boufagous__20220819_114846__0.jpg
/Users/ayush/Downloads/date-fruit-quality-ml/data/maturity/crops/Khalal/bouisthami__DSC_2531__0.jpg,Khalal,bouisthami,val,morocco-bouisthami,/Users/ayush/Downloads/date-fruit-quality-ml/data/quality/maturity/val/Khalal/morocco-bouisthami__bouisthami__DSC_2531__0.jpg
/Users/ayush/Downloads/date-fruit-quality-ml/data/maturity/crops/Immature/bouisthami__BOUSTH_Stage1_Im79__3.jpg,Immature,bouisthami,val,morocco-bouisthami,/Users/ayush/Downloads/date-fruit-quality-ml/data/quality/maturity/val/Immature/morocco-bouisthami__bouisthami__BOUSTH_Stage1_Im79__3.jpg
/Users/ayush/Downloads/date-fruit-quality-ml/data/maturity/crops/Immature/bouisthami__BOUSTH_Stage1_Im91__1.jpg,Immature,bouisthami,val,morocco-bouisthami,/Users/ayush/Downloads/date-fruit-quality-ml/data/quality/maturity/val/Immature/morocco-bouisthami__bouisthami__BOUSTH_Stage1_Im91__1.jpg
/Users/ayush/Downloads/date-fruit-quality-ml/data/maturity/crops/Rutab/bouisthami__DSC_2989__4.jpg,Rutab,bouisthami,val,morocco-bouisthami,/Users/ayush/Downloads/date-fruit-quality-ml/data/quality/maturity/val/Rutab/morocco-bouisthami__bouisthami__DSC_2989__4.jpg
/Users/ayush/Downloads/date-fruit-quality-ml/data/maturity/crops/Immature/boufagous__20220819_114808__1.jpg,Immature,boufagous,val,morocco-boufagous,/Users/ayush/Downloads/date-fruit-quality-ml/data/quality/maturity/val/Immature/morocco-boufagous__boufagous__20220819_114808__1.jpg
/Users/ayush/Downloads/date-fruit-quality-ml/data/maturity/crops/Immature/bouisthami__BOUSTH_Stage1_Im30__0.jpg,Immature,bouisthami,val,morocco-bouisthami,/Users/ayush/Downloads/date-fruit-quality-ml/data/quality/maturity/val/Immature/morocco-bouisthami__bouisthami__BOUSTH_Stage1_Im30__0.jpg
/Users/ayush/Downloads/date-fruit-quality-ml/data/maturity/crops/Immature/boumajhoul__Elmjhoul_Stage1_Im43__0.jpg,Immature,boumajhoul,val,morocco-boumajhoul,/Users/ayush/Downloads/date-fruit-quality-ml/data/quality/maturity/val/Immature/morocco-boumajhoul__boumajhoul__Elmjhoul_Stage1_Im43__0.jpg
/Users/ayush/Downloads/date-fruit-quality-ml/data/maturity/crops/Rutab/bouisthami__DSC_2989__3.jpg,Rutab,bouisthami,val,morocco-bouisthami,/Users/ayush/Downloads/date-fruit-quality-ml/data/quality/maturity/val/Rutab/morocco-bouisthami__bouisthami__DSC_2989__3.jpg
/Users/ayush/Downloads/date-fruit-quality-ml/data/maturity/crops/Rutab/bouisthami__DSC_3009__1.jpg,Rutab,bouisthami,val,morocco-bouisthami,/Users/ayush/Downloads/date-fruit-quality-ml/data/quality/maturity/val/Rutab/morocco-bouisthami__bouisthami__DSC_3009__1.jpg
/Users/ayush/Downloads/date-fruit-quality-ml/data/maturity/crops/Tamar/bouisthami__WhatsApp Image 2022-10-08 at 22.19.22__1.jpg,Tamar,bouisthami,val,morocco-bouisthami,/Users/ayush/Downloads/date-fruit-quality-ml/data/quality/maturity/val/Tamar/morocco-bouisthami__bouisthami__WhatsApp Image 2022-10-08 at 22.19.22__1.jpg
/Users/ayush/Downloads/date-fruit-quality-ml/data/maturity/crops/Rutab/bouisthami__DSC_2973__5.jpg,Rutab,bouisthami,val,morocco-bouisthami,/Users/ayush/Downloads/date-fruit-quality-ml/data/quality/maturity/val/Rutab/morocco-bouisthami__bouisthami__DSC_2973__5.jpg
/Users/ayush/Downloads/date-fruit-quality-ml/data/maturity/crops/Khalal/boufagous__20220901_182758__0.jpg,Khalal,boufagous,val,morocco-boufagous,/Users/ayush/Downloads/date-fruit-quality-ml/data/quality/maturity/val/Khalal/morocco-boufagous__boufagous__20220901_182758__0.jpg
/Users/ayush/Downloads/date-fruit-quality-ml/data/maturity/crops/Khalal/boumajhoul__20220901_131029__1.jpg,Khalal,boumajhoul,val,morocco-boumajhoul,/Users/ayush/Downloads/date-fruit-quality-ml/data/quality/maturity/val/Khalal/morocco-boumajhoul__boumajhoul__20220901_131029__1.jpg
/Users/ayush/Downloads/date-fruit-quality-ml/data/maturity/crops/Rutab/bouisthami__DSC_3013__0.jpg,Rutab,bouisthami,val,morocco-bouisthami,/Users/ayush/Downloads/date-fruit-quality-ml/data/quality/maturity/val/Rutab/morocco-bouisthami__bouisthami__DSC_3013__0.jpg
/Users/ayush/Downloads/date-fruit-quality-ml/data/maturity/crops/Khalal/boumajhoul__20220901_130620__0.jpg,Khalal,boumajhoul,val,morocco-boumajhoul,/Users/ayush/Downloads/date-fruit-quality-ml/data/quality/maturity/val/Khalal/morocco-boumajhoul__boumajhoul__20220901_130620__0.jpg
/Users/ayush/Downloads/date-fruit-quality-ml/data/maturity/crops/Rutab/boufagous__20220922_132306__0.jpg,Rutab,boufagous,val,morocco-boufagous,/Users/ayush/Downloads/date-fruit-quality-ml/data/quality/maturity/val/Rutab/morocco-boufagous__boufagous__20220922_132306__0.jpg
/Users/ayush/Downloads/date-fruit-quality-ml/data/maturity/crops/Tamar/boumajhoul__20221009_180718__0.jpg,Tamar,boumajhoul,val,morocco-boumajhoul,/Users/ayush/Downloads/date-fruit-quality-ml/data/quality/maturity/val/Tamar/morocco-boumajhoul__boumajhoul__20221009_180718__0.jpg
/Users/ayush/Downloads/date-fruit-quality-ml/data/maturity/crops/Khalal/bouisthami__DSC_2921__4.jpg,Khalal,bouisthami,val,morocco-bouisthami,/Users/ayush/Downloads/date-fruit-quality-ml/data/quality/maturity/val/Khalal/morocco-bouisthami__bouisthami__DSC_2921__4.jpg
/Users/ayush/Downloads/date-fruit-quality-ml/data/maturity/crops/Immature/boufagous__20220819_115145__1.jpg,Immature,boufagous,val,morocco-boufagous,/Users/ayush/Downloads/date-fruit-quality-ml/data/quality/maturity/val/Immature/morocco-boufagous__boufagous__20220819_115145__1.jpg
/Users/ayush/Downloads/date-fruit-quality-ml/data/maturity/crops/Khalal/boumajhoul__20220901_132131__1.jpg,Khalal,boumajhoul,val,morocco-boumajhoul,/Users/ayush/Downloads/date-fruit-quality-ml/data/quality/maturity/val/Khalal/morocco-boumajhoul__boumajhoul__20220901_132131__1.jpg
/Users/ayush/Downloads/date-fruit-quality-ml/data/maturity/crops/Khalal/bouisthami__DSC_2520__3.jpg,Khalal,bouisthami,val,morocco-bouisthami,/Users/ayush/Downloads/date-fruit-quality-ml/data/quality/maturity/val/Khalal/morocco-bouisthami__bouisthami__DSC_2520__3.jpg
/Users/ayush/Downloads/date-fruit-quality-ml/data/maturity/crops/Khalal/bouisthami__DSC_2538__1.jpg,Khalal,bouisthami,val,morocco-bouisthami,/Users/ayush/Downloads/date-fruit-quality-ml/data/quality/maturity/val/Khalal/morocco-bouisthami__bouisthami__DSC_2538__1.jpg
/Users/ayush/Downloads/date-fruit-quality-ml/data/maturity/crops/Tamar/bouisthami__WhatsApp Image 2022-10-10 at 11.53.33 (1)__2.jpg,Tamar,bouisthami,val,morocco-bouisthami,/Users/ayush/Downloads/date-fruit-quality-ml/data/quality/maturity/val/Tamar/morocco-bouisthami__bouisthami__WhatsApp Image 2022-10-10 at 11.53.33 (1)__2.jpg
/Users/ayush/Downloads/date-fruit-quality-ml/data/maturity/crops/Immature/bouisthami__BOUSTH_Stage1_Im30__1.jpg,Immature,bouisthami,val,morocco-bouisthami,/Users/ayush/Downloads/date-fruit-quality-ml/data/quality/maturity/val/Immature/morocco-bouisthami__bouisthami__BOUSTH_Stage1_Im30__1.jpg
/Users/ayush/Downloads/date-fruit-quality-ml/data/maturity/crops/Khalal/bouisthami__DSC_2563__0.jpg,Khalal,bouisthami,val,morocco-bouisthami,/Users/ayush/Downloads/date-fruit-quality-ml/data/quality/maturity/val/Khalal/morocco-bouisthami__bouisthami__DSC_2563__0.jpg
/Users/ayush/Downloads/date-fruit-quality-ml/data/maturity/crops/Rutab/boufagous__20220922_185906__1.jpg,Rutab,boufagous,val,morocco-boufagous,/Users/ayush/Downloads/date-fruit-quality-ml/data/quality/maturity/val/Rutab/morocco-boufagous__boufagous__20220922_185906__1.jpg
/Users/ayush/Downloads/date-fruit-quality-ml/data/maturity/crops/Rutab/boufagous__20220922_185721__1.jpg,Rutab,boufagous,val,morocco-boufagous,/Users/ayush/Downloads/date-fruit-quality-ml/data/quality/maturity/val/Rutab/morocco-boufagous__boufagous__20220922_185721__1.jpg
/Users/ayush/Downloads/date-fruit-quality-ml/data/maturity/crops/Rutab/boumajhoul__20220918_185516__0.jpg,Rutab,boumajhoul,val,morocco-boumajhoul,/Users/ayush/Downloads/date-fruit-quality-ml/data/quality/maturity/val/Rutab/morocco-boumajhoul__boumajhoul__20220918_185516__0.jpg
/Users/ayush/Downloads/date-fruit-quality-ml/data/maturity/crops/Khalal/boumajhoul__20220901_131133__1.jpg,Khalal,boumajhoul,val,morocco-boumajhoul,/Users/ayush/Downloads/date-fruit-quality-ml/data/quality/maturity/val/Khalal/morocco-boumajhoul__boumajhoul__20220901_131133__1.jpg
/Users/ayush/Downloads/date-fruit-quality-ml/data/maturity/crops/Immature/bouisthami__BOUSTH_Stage1_Im32__0.jpg,Immature,bouisthami,val,morocco-bouisthami,/Users/ayush/Downloads/date-fruit-quality-ml/data/quality/maturity/val/Immature/morocco-bouisthami__bouisthami__BOUSTH_Stage1_Im32__0.jpg
/Users/ayush/Downloads/date-fruit-quality-ml/data/maturity/crops/Khalal/boufagous__20220901_175840__1.jpg,Khalal,boufagous,val,morocco-boufagous,/Users/ayush/Downloads/date-fruit-quality-ml/data/quality/maturity/val/Khalal/morocco-boufagous__boufagous__20220901_175840__1.jpg
/Users/ayush/Downloads/date-fruit-quality-ml/data/maturity/crops/Khalal/bouisthami__DSC_2575__5.jpg,Khalal,bouisthami,val,morocco-bouisthami,/Users/ayush/Downloads/date-fruit-quality-ml/data/quality/maturity/val/Khalal/morocco-bouisthami__bouisthami__DSC_2575__5.jpg
/Users/ayush/Downloads/date-fruit-quality-ml/data/maturity/crops/Immature/bouisthami__BOUSTH_Stage1_Im69__0.jpg,Immature,bouisthami,val,morocco-bouisthami,/Users/ayush/Downloads/date-fruit-quality-ml/data/quality/maturity/val/Immature/morocco-bouisthami__bouisthami__BOUSTH_Stage1_Im69__0.jpg
/Users/ayush/Downloads/date-fruit-quality-ml/data/maturity/crops/Tamar/bouisthami__WhatsApp Image 2022-10-10 at 11.48.59 (2)__3.jpg,Tamar,bouisthami,val,morocco-bouisthami,/Users/ayush/Downloads/date-fruit-quality-ml/data/quality/maturity/val/Tamar/morocco-bouisthami__bouisthami__WhatsApp Image 2022-10-10 at 11.48.59 (2)__3.jpg
/Users/ayush/Downloads/date-fruit-quality-ml/data/maturity/crops/Tamar/boumajhoul__20221009_173752__0.jpg,Tamar,boumajhoul,val,morocco-boumajhoul,/Users/ayush/Downloads/date-fruit-quality-ml/data/quality/maturity/val/Tamar/morocco-boumajhoul__boumajhoul__20221009_173752__0.jpg
/Users/ayush/Downloads/date-fruit-quality-ml/data/maturity/crops/Immature/bouisthami__BOUSTH_Stage1_Im64__0.jpg,Immature,bouisthami,val,morocco-bouisthami,/Users/ayush/Downloads/date-fruit-quality-ml/data/quality/maturity/val/Immature/morocco-bouisthami__bouisthami__BOUSTH_Stage1_Im64__0.jpg
/Users/ayush/Downloads/date-fruit-quality-ml/data/maturity/crops/Khalal/bouisthami__DSC_2527__4.jpg,Khalal,bouisthami,val,morocco-bouisthami,/Users/ayush/Downloads/date-fruit-quality-ml/data/quality/maturity/val/Khalal/morocco-bouisthami__bouisthami__DSC_2527__4.jpg
/Users/ayush/Downloads/date-fruit-quality-ml/data/maturity/crops/Khalal/bouisthami__DSC_2540__1.jpg,Khalal,bouisthami,val,morocco-bouisthami,/Users/ayush/Downloads/date-fruit-quality-ml/data/quality/maturity/val/Khalal/morocco-bouisthami__bouisthami__DSC_2540__1.jpg
/Users/ayush/Downloads/date-fruit-quality-ml/data/maturity/crops/Tamar/boufagous__20220929_162704__0.jpg,Tamar,boufagous,val,morocco-boufagous,/Users/ayush/Downloads/date-fruit-quality-ml/data/quality/maturity/val/Tamar/morocco-boufagous__boufagous__20220929_162704__0.jpg
/Users/ayush/Downloads/date-fruit-quality-ml/data/maturity/crops/Rutab/boufagous__20220922_185721__0.jpg,Rutab,boufagous,val,morocco-boufagous,/Users/ayush/Downloads/date-fruit-quality-ml/data/quality/maturity/val/Rutab/morocco-boufagous__boufagous__20220922_185721__0.jpg
/Users/ayush/Downloads/date-fruit-quality-ml/data/maturity/crops/Tamar/boufagous__20221008_154039__1.jpg,Tamar,boufagous,val,morocco-boufagous,/Users/ayush/Downloads/date-fruit-quality-ml/data/quality/maturity/val/Tamar/morocco-boufagous__boufagous__20221008_154039__1.jpg
/Users/ayush/Downloads/date-fruit-quality-ml/data/maturity/crops/Immature/bouisthami__BOUSTH_Stage1_Im28__3.jpg,Immature,bouisthami,val,morocco-bouisthami,/Users/ayush/Downloads/date-fruit-quality-ml/data/quality/maturity/val/Immature/morocco-bouisthami__bouisthami__BOUSTH_Stage1_Im28__3.jpg
/Users/ayush/Downloads/date-fruit-quality-ml/data/maturity/crops/Rutab/bouisthami__DSC_2981__4.jpg,Rutab,bouisthami,val,morocco-bouisthami,/Users/ayush/Downloads/date-fruit-quality-ml/data/quality/maturity/val/Rutab/morocco-bouisthami__bouisthami__DSC_2981__4.jpg
/Users/ayush/Downloads/date-fruit-quality-ml/data/maturity/crops/Khalal/bouisthami__DSC_2899__0.jpg,Khalal,bouisthami,val,morocco-bouisthami,/Users/ayush/Downloads/date-fruit-quality-ml/data/quality/maturity/val/Khalal/morocco-bouisthami__bouisthami__DSC_2899__0.jpg
/Users/ayush/Downloads/date-fruit-quality-ml/data/maturity/crops/Khalal/boumajhoul__20220901_131746__1.jpg,Khalal,boumajhoul,val,morocco-boumajhoul,/Users/ayush/Downloads/date-fruit-quality-ml/data/quality/maturity/val/Khalal/morocco-boumajhoul__boumajhoul__20220901_131746__1.jpg
/Users/ayush/Downloads/date-fruit-quality-ml/data/maturity/crops/Rutab/boufagous__20220922_184101__0.jpg,Rutab,boufagous,val,morocco-boufagous,/Users/ayush/Downloads/date-fruit-quality-ml/data/quality/maturity/val/Rutab/morocco-boufagous__boufagous__20220922_184101__0.jpg
/Users/ayush/Downloads/date-fruit-quality-ml/data/maturity/crops/Immature/bouisthami__BOUSTH_Stage1_Im30__2.jpg,Immature,bouisthami,val,morocco-bouisthami,/Users/ayush/Downloads/date-fruit-quality-ml/data/quality/maturity/val/Immature/morocco-bouisthami__bouisthami__BOUSTH_Stage1_Im30__2.jpg
/Users/ayush/Downloads/date-fruit-quality-ml/data/maturity/crops/Immature/boumajhoul__20220725_181609__0.jpg,Immature,boumajhoul,val,morocco-boumajhoul,/Users/ayush/Downloads/date-fruit-quality-ml/data/quality/maturity/val/Immature/morocco-boumajhoul__boumajhoul__20220725_181609__0.jpg
/Users/ayush/Downloads/date-fruit-quality-ml/data/maturity/crops/Tamar/bouisthami__WhatsApp Image 2022-10-10 at 11.53.33__1.jpg,Tamar,bouisthami,val,morocco-bouisthami,/Users/ayush/Downloads/date-fruit-quality-ml/data/quality/maturity/val/Tamar/morocco-bouisthami__bouisthami__WhatsApp Image 2022-10-10 at 11.53.33__1.jpg
/Users/ayush/Downloads/date-fruit-quality-ml/data/maturity/crops/Rutab/bouisthami__DSC_2971__0.jpg,Rutab,bouisthami,val,morocco-bouisthami,/Users/ayush/Downloads/date-fruit-quality-ml/data/quality/maturity/val/Rutab/morocco-bouisthami__bouisthami__DSC_2971__0.jpg
/Users/ayush/Downloads/date-fruit-quality-ml/data/maturity/crops/Tamar/boufagous__20220929_162704__1.jpg,Tamar,boufagous,val,morocco-boufagous,/Users/ayush/Downloads/date-fruit-quality-ml/data/quality/maturity/val/Tamar/morocco-boufagous__boufagous__20220929_162704__1.jpg
/Users/ayush/Downloads/date-fruit-quality-ml/data/maturity/crops/Khalal/bouisthami__DSC_2583__4.jpg,Khalal,bouisthami,val,morocco-bouisthami,/Users/ayush/Downloads/date-fruit-quality-ml/data/quality/maturity/val/Khalal/morocco-bouisthami__bouisthami__DSC_2583__4.jpg
/Users/ayush/Downloads/date-fruit-quality-ml/data/maturity/crops/Immature/boufagous__20220726_201012__2.jpg,Immature,boufagous,val,morocco-boufagous,/Users/ayush/Downloads/date-fruit-quality-ml/data/quality/maturity/val/Immature/morocco-boufagous__boufagous__20220726_201012__2.jpg
/Users/ayush/Downloads/date-fruit-quality-ml/data/maturity/crops/Rutab/bouisthami__DSC_3009__6.jpg,Rutab,bouisthami,val,morocco-bouisthami,/Users/ayush/Downloads/date-fruit-quality-ml/data/quality/maturity/val/Rutab/morocco-bouisthami__bouisthami__DSC_3009__6.jpg
/Users/ayush/Downloads/date-fruit-quality-ml/data/maturity/crops/Tamar/boufagous__20221008_132848__1.jpg,Tamar,boufagous,val,morocco-boufagous,/Users/ayush/Downloads/date-fruit-quality-ml/data/quality/maturity/val/Tamar/morocco-boufagous__boufagous__20221008_132848__1.jpg
/Users/ayush/Downloads/date-fruit-quality-ml/data/maturity/crops/Immature/boufagous__20220726_201147__2.jpg,Immature,boufagous,val,morocco-boufagous,/Users/ayush/Downloads/date-fruit-quality-ml/data/quality/maturity/val/Immature/morocco-boufagous__boufagous__20220726_201147__2.jpg
/Users/ayush/Downloads/date-fruit-quality-ml/data/maturity/crops/Khalal/boufagous__DSC_2668__0.jpg,Khalal,boufagous,val,morocco-boufagous,/Users/ayush/Downloads/date-fruit-quality-ml/data/quality/maturity/val/Khalal/morocco-boufagous__boufagous__DSC_2668__0.jpg
/Users/ayush/Downloads/date-fruit-quality-ml/data/maturity/crops/Immature/boumajhoul__20220726_173325__0.jpg,Immature,boumajhoul,val,morocco-boumajhoul,/Users/ayush/Downloads/date-fruit-quality-ml/data/quality/maturity/val/Immature/morocco-boumajhoul__boumajhoul__20220726_173325__0.jpg
/Users/ayush/Downloads/date-fruit-quality-ml/data/maturity/crops/Khalal/bouisthami__DSC_2556__5.jpg,Khalal,bouisthami,val,morocco-bouisthami,/Users/ayush/Downloads/date-fruit-quality-ml/data/quality/maturity/val/Khalal/morocco-bouisthami__bouisthami__DSC_2556__5.jpg
/Users/ayush/Downloads/date-fruit-quality-ml/data/maturity/crops/Tamar/bouisthami__WhatsApp Image 2022-10-08 at 22.25.52__1.jpg,Tamar,bouisthami,val,morocco-bouisthami,/Users/ayush/Downloads/date-fruit-quality-ml/data/quality/maturity/val/Tamar/morocco-bouisthami__bouisthami__WhatsApp Image 2022-10-08 at 22.25.52__1.jpg
/Users/ayush/Downloads/date-fruit-quality-ml/data/maturity/crops/Khalal/boufagous__DSC_2649__5.jpg,Khalal,boufagous,val,morocco-boufagous,/Users/ayush/Downloads/date-fruit-quality-ml/data/quality/maturity/val/Khalal/morocco-boufagous__boufagous__DSC_2649__5.jpg
/Users/ayush/Downloads/date-fruit-quality-ml/data/maturity/crops/Khalal/boufagous__20220901_180305__0.jpg,Khalal,boufagous,val,morocco-boufagous,/Users/ayush/Downloads/date-fruit-quality-ml/data/quality/maturity/val/Khalal/morocco-boufagous__boufagous__20220901_180305__0.jpg
/Users/ayush/Downloads/date-fruit-quality-ml/data/maturity/crops/Rutab/bouisthami__DSC_2992__3.jpg,Rutab,bouisthami,val,morocco-bouisthami,/Users/ayush/Downloads/date-fruit-quality-ml/data/quality/maturity/val/Rutab/morocco-bouisthami__bouisthami__DSC_2992__3.jpg
/Users/ayush/Downloads/date-fruit-quality-ml/data/maturity/crops/Tamar/bouisthami__WhatsApp Image 2022-10-10 at 11.53.32__1.jpg,Tamar,bouisthami,val,morocco-bouisthami,/Users/ayush/Downloads/date-fruit-quality-ml/data/quality/maturity/val/Tamar/morocco-bouisthami__bouisthami__WhatsApp Image 2022-10-10 at 11.53.32__1.jpg
/Users/ayush/Downloads/date-fruit-quality-ml/data/maturity/crops/Rutab/bouisthami__DSC_3009__3.jpg,Rutab,bouisthami,val,morocco-bouisthami,/Users/ayush/Downloads/date-fruit-quality-ml/data/quality/maturity/val/Rutab/morocco-bouisthami__bouisthami__DSC_3009__3.jpg
/Users/ayush/Downloads/date-fruit-quality-ml/data/maturity/crops/Khalal/bouisthami__DSC_2520__6.jpg,Khalal,bouisthami,val,morocco-bouisthami,/Users/ayush/Downloads/date-fruit-quality-ml/data/quality/maturity/val/Khalal/morocco-bouisthami__bouisthami__DSC_2520__6.jpg
/Users/ayush/Downloads/date-fruit-quality-ml/data/maturity/crops/Immature/boumajhoul__20220725_181104__1.jpg,Immature,boumajhoul,val,morocco-boumajhoul,/Users/ayush/Downloads/date-fruit-quality-ml/data/quality/maturity/val/Immature/morocco-boumajhoul__boumajhoul__20220725_181104__1.jpg
/Users/ayush/Downloads/date-fruit-quality-ml/data/maturity/crops/Khalal/boumajhoul__20220901_131906__0.jpg,Khalal,boumajhoul,val,morocco-boumajhoul,/Users/ayush/Downloads/date-fruit-quality-ml/data/quality/maturity/val/Khalal/morocco-boumajhoul__boumajhoul__20220901_131906__0.jpg
/Users/ayush/Downloads/date-fruit-quality-ml/data/maturity/crops/Immature/bouisthami__BOUSTH_Stage1_Im7__2.jpg,Immature,bouisthami,val,morocco-bouisthami,/Users/ayush/Downloads/date-fruit-quality-ml/data/quality/maturity/val/Immature/morocco-bouisthami__bouisthami__BOUSTH_Stage1_Im7__2.jpg
/Users/ayush/Downloads/date-fruit-quality-ml/data/maturity/crops/Rutab/boufagous__20220922_185633__0.jpg,Rutab,boufagous,val,morocco-boufagous,/Users/ayush/Downloads/date-fruit-quality-ml/data/quality/maturity/val/Rutab/morocco-boufagous__boufagous__20220922_185633__0.jpg
/Users/ayush/Downloads/date-fruit-quality-ml/data/maturity/crops/Tamar/boufagous__20221008_131022__0.jpg,Tamar,boufagous,val,morocco-boufagous,/Users/ayush/Downloads/date-fruit-quality-ml/data/quality/maturity/val/Tamar/morocco-boufagous__boufagous__20221008_131022__0.jpg
/Users/ayush/Downloads/date-fruit-quality-ml/data/maturity/crops/Immature/boumajhoul__Elmjhoul_Stage1_Im48__1.jpg,Immature,boumajhoul,val,morocco-boumajhoul,/Users/ayush/Downloads/date-fruit-quality-ml/data/quality/maturity/val/Immature/morocco-boumajhoul__boumajhoul__Elmjhoul_Stage1_Im48__1.jpg
/Users/ayush/Downloads/date-fruit-quality-ml/data/maturity/crops/Immature/bouisthami__BOUSTH_Stage1_Im67__5.jpg,Immature,bouisthami,val,morocco-bouisthami,/Users/ayush/Downloads/date-fruit-quality-ml/data/quality/maturity/val/Immature/morocco-bouisthami__bouisthami__BOUSTH_Stage1_Im67__5.jpg
/Users/ayush/Downloads/date-fruit-quality-ml/data/maturity/crops/Immature/boufagous__Boufgous_Stage1_Im29__0.jpg,Immature,boufagous,val,morocco-boufagous,/Users/ayush/Downloads/date-fruit-quality-ml/data/quality/maturity/val/Immature/morocco-boufagous__boufagous__Boufgous_Stage1_Im29__0.jpg
/Users/ayush/Downloads/date-fruit-quality-ml/data/maturity/crops/Rutab/boumajhoul__20220919_190125(0)__0.jpg,Rutab,boumajhoul,val,morocco-boumajhoul,/Users/ayush/Downloads/date-fruit-quality-ml/data/quality/maturity/val/Rutab/morocco-boumajhoul__boumajhoul__20220919_190125(0)__0.jpg
/Users/ayush/Downloads/date-fruit-quality-ml/data/maturity/crops/Tamar/bouisthami__WhatsApp Image 2022-10-09 at 15.47.21 (1)__1.jpg,Tamar,bouisthami,val,morocco-bouisthami,/Users/ayush/Downloads/date-fruit-quality-ml/data/quality/maturity/val/Tamar/morocco-bouisthami__bouisthami__WhatsApp Image 2022-10-09 at 15.47.21 (1)__1.jpg
/Users/ayush/Downloads/date-fruit-quality-ml/data/maturity/crops/Khalal/bouisthami__DSC_2580__1.jpg,Khalal,bouisthami,val,morocco-bouisthami,/Users/ayush/Downloads/date-fruit-quality-ml/data/quality/maturity/val/Khalal/morocco-bouisthami__bouisthami__DSC_2580__1.jpg
/Users/ayush/Downloads/date-fruit-quality-ml/data/maturity/crops/Immature/boufagous__20220819_114610__0.jpg,Immature,boufagous,val,morocco-boufagous,/Users/ayush/Downloads/date-fruit-quality-ml/data/quality/maturity/val/Immature/morocco-boufagous__boufagous__20220819_114610__0.jpg
/Users/ayush/Downloads/date-fruit-quality-ml/data/maturity/crops/Immature/boufagous__Boufgous_Stage1_Im85__5.jpg,Immature,boufagous,val,morocco-boufagous,/Users/ayush/Downloads/date-fruit-quality-ml/data/quality/maturity/val/Immature/morocco-boufagous__boufagous__Boufgous_Stage1_Im85__5.jpg
/Users/ayush/Downloads/date-fruit-quality-ml/data/maturity/crops/Rutab/boufagous__20220922_185938(0)__1.jpg,Rutab,boufagous,val,morocco-boufagous,/Users/ayush/Downloads/date-fruit-quality-ml/data/quality/maturity/val/Rutab/morocco-boufagous__boufagous__20220922_185938(0)__1.jpg
/Users/ayush/Downloads/date-fruit-quality-ml/data/maturity/crops/Tamar/boufagous__20221008_153946__0.jpg,Tamar,boufagous,val,morocco-boufagous,/Users/ayush/Downloads/date-fruit-quality-ml/data/quality/maturity/val/Tamar/morocco-boufagous__boufagous__20221008_153946__0.jpg
/Users/ayush/Downloads/date-fruit-quality-ml/data/maturity/crops/Immature/bouisthami__BOUSTH_Stage1_Im34__1.jpg,Immature,bouisthami,val,morocco-bouisthami,/Users/ayush/Downloads/date-fruit-quality-ml/data/quality/maturity/val/Immature/morocco-bouisthami__bouisthami__BOUSTH_Stage1_Im34__1.jpg
/Users/ayush/Downloads/date-fruit-quality-ml/data/maturity/crops/Tamar/boumajhoul__20221009_174419__0.jpg,Tamar,boumajhoul,val,morocco-boumajhoul,/Users/ayush/Downloads/date-fruit-quality-ml/data/quality/maturity/val/Tamar/morocco-boumajhoul__boumajhoul__20221009_174419__0.jpg
/Users/ayush/Downloads/date-fruit-quality-ml/data/maturity/crops/Tamar/bouisthami__WhatsApp Image 2022-10-09 at 15.47.18 (1)__0.jpg,Tamar,bouisthami,val,morocco-bouisthami,/Users/ayush/Downloads/date-fruit-quality-ml/data/quality/maturity/val/Tamar/morocco-bouisthami__bouisthami__WhatsApp Image 2022-10-09 at 15.47.18 (1)__0.jpg
/Users/ayush/Downloads/date-fruit-quality-ml/data/maturity/crops/Rutab/bouisthami__DSC_2975__0.jpg,Rutab,bouisthami,val,morocco-bouisthami,/Users/ayush/Downloads/date-fruit-quality-ml/data/quality/maturity/val/Rutab/morocco-bouisthami__bouisthami__DSC_2975__0.jpg
/Users/ayush/Downloads/date-fruit-quality-ml/data/maturity/crops/Rutab/boumajhoul__20220919_190611(0)__0.jpg,Rutab,boumajhoul,val,morocco-boumajhoul,/Users/ayush/Downloads/date-fruit-quality-ml/data/quality/maturity/val/Rutab/morocco-boumajhoul__boumajhoul__20220919_190611(0)__0.jpg
/Users/ayush/Downloads/date-fruit-quality-ml/data/maturity/crops/Khalal/bouisthami__DSC_2907__0.jpg,Khalal,bouisthami,val,morocco-bouisthami,/Users/ayush/Downloads/date-fruit-quality-ml/data/quality/maturity/val/Khalal/morocco-bouisthami__bouisthami__DSC_2907__0.jpg
/Users/ayush/Downloads/date-fruit-quality-ml/data/maturity/crops/Tamar/bouisthami__WhatsApp Image 2022-10-10 at 11.58.32__1.jpg,Tamar,bouisthami,val,morocco-bouisthami,/Users/ayush/Downloads/date-fruit-quality-ml/data/quality/maturity/val/Tamar/morocco-bouisthami__bouisthami__WhatsApp Image 2022-10-10 at 11.58.32__1.jpg
/Users/ayush/Downloads/date-fruit-quality-ml/data/maturity/crops/Tamar/boufagous__20220929_162002__0.jpg,Tamar,boufagous,val,morocco-boufagous,/Users/ayush/Downloads/date-fruit-quality-ml/data/quality/maturity/val/Tamar/morocco-boufagous__boufagous__20220929_162002__0.jpg
/Users/ayush/Downloads/date-fruit-quality-ml/data/maturity/crops/Rutab/bouisthami__DSC_2981__2.jpg,Rutab,bouisthami,val,morocco-bouisthami,/Users/ayush/Downloads/date-fruit-quality-ml/data/quality/maturity/val/Rutab/morocco-bouisthami__bouisthami__DSC_2981__2.jpg
/Users/ayush/Downloads/date-fruit-quality-ml/data/maturity/crops/Tamar/boumajhoul__20221009_174536__0.jpg,Tamar,boumajhoul,val,morocco-boumajhoul,/Users/ayush/Downloads/date-fruit-quality-ml/data/quality/maturity/val/Tamar/morocco-boumajhoul__boumajhoul__20221009_174536__0.jpg
/Users/ayush/Downloads/date-fruit-quality-ml/data/maturity/crops/Khalal/boumajhoul__20220901_131133__0.jpg,Khalal,boumajhoul,val,morocco-boumajhoul,/Users/ayush/Downloads/date-fruit-quality-ml/data/quality/maturity/val/Khalal/morocco-boumajhoul__boumajhoul__20220901_131133__0.jpg
/Users/ayush/Downloads/date-fruit-quality-ml/data/maturity/crops/Rutab/bouisthami__DSC_3012__1.jpg,Rutab,bouisthami,val,morocco-bouisthami,/Users/ayush/Downloads/date-fruit-quality-ml/data/quality/maturity/val/Rutab/morocco-bouisthami__bouisthami__DSC_3012__1.jpg
/Users/ayush/Downloads/date-fruit-quality-ml/data/maturity/crops/Immature/boufagous__20220819_115042(0)__1.jpg,Immature,boufagous,val,morocco-boufagous,/Users/ayush/Downloads/date-fruit-quality-ml/data/quality/maturity/val/Immature/morocco-boufagous__boufagous__20220819_115042(0)__1.jpg
/Users/ayush/Downloads/date-fruit-quality-ml/data/maturity/crops/Immature/bouisthami__BOUSTH_Stage1_Im4__1.jpg,Immature,bouisthami,val,morocco-bouisthami,/Users/ayush/Downloads/date-fruit-quality-ml/data/quality/maturity/val/Immature/morocco-bouisthami__bouisthami__BOUSTH_Stage1_Im4__1.jpg
/Users/ayush/Downloads/date-fruit-quality-ml/data/maturity/crops/Immature/boumajhoul__20220725_181746__0.jpg,Immature,boumajhoul,val,morocco-boumajhoul,/Users/ayush/Downloads/date-fruit-quality-ml/data/quality/maturity/val/Immature/morocco-boumajhoul__boumajhoul__20220725_181746__0.jpg
/Users/ayush/Downloads/date-fruit-quality-ml/data/maturity/crops/Tamar/boufagous__20221008_155851__0.jpg,Tamar,boufagous,val,morocco-boufagous,/Users/ayush/Downloads/date-fruit-quality-ml/data/quality/maturity/val/Tamar/morocco-boufagous__boufagous__20221008_155851__0.jpg
/Users/ayush/Downloads/date-fruit-quality-ml/data/maturity/crops/Tamar/boumajhoul__20221009_174459__0.jpg,Tamar,boumajhoul,val,morocco-boumajhoul,/Users/ayush/Downloads/date-fruit-quality-ml/data/quality/maturity/val/Tamar/morocco-boumajhoul__boumajhoul__20221009_174459__0.jpg
/Users/ayush/Downloads/date-fruit-quality-ml/data/maturity/crops/Khalal/bouisthami__DSC_2518__2.jpg,Khalal,bouisthami,val,morocco-bouisthami,/Users/ayush/Downloads/date-fruit-quality-ml/data/quality/maturity/val/Khalal/morocco-bouisthami__bouisthami__DSC_2518__2.jpg
/Users/ayush/Downloads/date-fruit-quality-ml/data/maturity/crops/Rutab/boumajhoul__20220920_125337__1.jpg,Rutab,boumajhoul,val,morocco-boumajhoul,/Users/ayush/Downloads/date-fruit-quality-ml/data/quality/maturity/val/Rutab/morocco-boumajhoul__boumajhoul__20220920_125337__1.jpg
/Users/ayush/Downloads/date-fruit-quality-ml/data/maturity/crops/Immature/boufagous__20220726_200813__2.jpg,Immature,boufagous,val,morocco-boufagous,/Users/ayush/Downloads/date-fruit-quality-ml/data/quality/maturity/val/Immature/morocco-boufagous__boufagous__20220726_200813__2.jpg
/Users/ayush/Downloads/date-fruit-quality-ml/data/maturity/crops/Rutab/boumajhoul__20220919_190626(0)__1.jpg,Rutab,boumajhoul,val,morocco-boumajhoul,/Users/ayush/Downloads/date-fruit-quality-ml/data/quality/maturity/val/Rutab/morocco-boumajhoul__boumajhoul__20220919_190626(0)__1.jpg
/Users/ayush/Downloads/date-fruit-quality-ml/data/maturity/crops/Khalal/bouisthami__DSC_2894__0.jpg,Khalal,bouisthami,val,morocco-bouisthami,/Users/ayush/Downloads/date-fruit-quality-ml/data/quality/maturity/val/Khalal/morocco-bouisthami__bouisthami__DSC_2894__0.jpg
/Users/ayush/Downloads/date-fruit-quality-ml/data/maturity/crops/Tamar/boufagous__20221008_160008__0.jpg,Tamar,boufagous,val,morocco-boufagous,/Users/ayush/Downloads/date-fruit-quality-ml/data/quality/maturity/val/Tamar/morocco-boufagous__boufagous__20221008_160008__0.jpg
/Users/ayush/Downloads/date-fruit-quality-ml/data/maturity/crops/Rutab/bouisthami__DSC_2994__2.jpg,Rutab,bouisthami,val,morocco-bouisthami,/Users/ayush/Downloads/date-fruit-quality-ml/data/quality/maturity/val/Rutab/morocco-bouisthami__bouisthami__DSC_2994__2.jpg
/Users/ayush/Downloads/date-fruit-quality-ml/data/maturity/crops/Immature/boumajhoul__Elmjhoul_Stage1_Im25__0.jpg,Immature,boumajhoul,val,morocco-boumajhoul,/Users/ayush/Downloads/date-fruit-quality-ml/data/quality/maturity/val/Immature/morocco-boumajhoul__boumajhoul__Elmjhoul_Stage1_Im25__0.jpg
/Users/ayush/Downloads/date-fruit-quality-ml/data/maturity/crops/Khalal/bouisthami__DSC_2894__2.jpg,Khalal,bouisthami,val,morocco-bouisthami,/Users/ayush/Downloads/date-fruit-quality-ml/data/quality/maturity/val/Khalal/morocco-bouisthami__bouisthami__DSC_2894__2.jpg
/Users/ayush/Downloads/date-fruit-quality-ml/data/maturity/crops/Tamar/boumajhoul__20221009_174602__0.jpg,Tamar,boumajhoul,val,morocco-boumajhoul,/Users/ayush/Downloads/date-fruit-quality-ml/data/quality/maturity/val/Tamar/morocco-boumajhoul__boumajhoul__20221009_174602__0.jpg
/Users/ayush/Downloads/date-fruit-quality-ml/data/maturity/crops/Khalal/boumajhoul__20220901_131833__0.jpg,Khalal,boumajhoul,val,morocco-boumajhoul,/Users/ayush/Downloads/date-fruit-quality-ml/data/quality/maturity/val/Khalal/morocco-boumajhoul__boumajhoul__20220901_131833__0.jpg
/Users/ayush/Downloads/date-fruit-quality-ml/data/maturity/crops/Khalal/bouisthami__DSC_2901__2.jpg,Khalal,bouisthami,val,morocco-bouisthami,/Users/ayush/Downloads/date-fruit-quality-ml/data/quality/maturity/val/Khalal/morocco-bouisthami__bouisthami__DSC_2901__2.jpg
/Users/ayush/Downloads/date-fruit-quality-ml/data/maturity/crops/Khalal/boufagous__DSC_2483__0.jpg,Khalal,boufagous,val,morocco-boufagous,/Users/ayush/Downloads/date-fruit-quality-ml/data/quality/maturity/val/Khalal/morocco-boufagous__boufagous__DSC_2483__0.jpg
/Users/ayush/Downloads/date-fruit-quality-ml/data/maturity/crops/Khalal/bouisthami__DSC_2921__1.jpg,Khalal,bouisthami,val,morocco-bouisthami,/Users/ayush/Downloads/date-fruit-quality-ml/data/quality/maturity/val/Khalal/morocco-bouisthami__bouisthami__DSC_2921__1.jpg
/Users/ayush/Downloads/date-fruit-quality-ml/data/maturity/crops/Khalal/bouisthami__DSC_2578__8.jpg,Khalal,bouisthami,val,morocco-bouisthami,/Users/ayush/Downloads/date-fruit-quality-ml/data/quality/maturity/val/Khalal/morocco-bouisthami__bouisthami__DSC_2578__8.jpg
/Users/ayush/Downloads/date-fruit-quality-ml/data/maturity/crops/Khalal/boufagous__20220901_175819__4.jpg,Khalal,boufagous,val,morocco-boufagous,/Users/ayush/Downloads/date-fruit-quality-ml/data/quality/maturity/val/Khalal/morocco-boufagous__boufagous__20220901_175819__4.jpg
/Users/ayush/Downloads/date-fruit-quality-ml/data/maturity/crops/Khalal/boufagous__20220901_180236__1.jpg,Khalal,boufagous,val,morocco-boufagous,/Users/ayush/Downloads/date-fruit-quality-ml/data/quality/maturity/val/Khalal/morocco-boufagous__boufagous__20220901_180236__1.jpg
/Users/ayush/Downloads/date-fruit-quality-ml/data/maturity/crops/Rutab/bouisthami__DSC_2972__0.jpg,Rutab,bouisthami,val,morocco-bouisthami,/Users/ayush/Downloads/date-fruit-quality-ml/data/quality/maturity/val/Rutab/morocco-bouisthami__bouisthami__DSC_2972__0.jpg
/Users/ayush/Downloads/date-fruit-quality-ml/data/maturity/crops/Khalal/boufagous__20220901_182356__0.jpg,Khalal,boufagous,val,morocco-boufagous,/Users/ayush/Downloads/date-fruit-quality-ml/data/quality/maturity/val/Khalal/morocco-boufagous__boufagous__20220901_182356__0.jpg
/Users/ayush/Downloads/date-fruit-quality-ml/data/maturity/crops/Immature/boufagous__20220819_114424__0.jpg,Immature,boufagous,val,morocco-boufagous,/Users/ayush/Downloads/date-fruit-quality-ml/data/quality/maturity/val/Immature/morocco-boufagous__boufagous__20220819_114424__0.jpg
/Users/ayush/Downloads/date-fruit-quality-ml/data/maturity/crops/Khalal/bouisthami__DSC_2554__1.jpg,Khalal,bouisthami,val,morocco-bouisthami,/Users/ayush/Downloads/date-fruit-quality-ml/data/quality/maturity/val/Khalal/morocco-bouisthami__bouisthami__DSC_2554__1.jpg
/Users/ayush/Downloads/date-fruit-quality-ml/data/maturity/crops/Immature/boumajhoul__20220726_174458__0.jpg,Immature,boumajhoul,val,morocco-boumajhoul,/Users/ayush/Downloads/date-fruit-quality-ml/data/quality/maturity/val/Immature/morocco-boumajhoul__boumajhoul__20220726_174458__0.jpg
/Users/ayush/Downloads/date-fruit-quality-ml/data/maturity/crops/Immature/boufagous__20220819_114443__0.jpg,Immature,boufagous,val,morocco-boufagous,/Users/ayush/Downloads/date-fruit-quality-ml/data/quality/maturity/val/Immature/morocco-boufagous__boufagous__20220819_114443__0.jpg
/Users/ayush/Downloads/date-fruit-quality-ml/data/maturity/crops/Tamar/bouisthami__WhatsApp Image 2022-10-10 at 11.48.48__0.jpg,Tamar,bouisthami,val,morocco-bouisthami,/Users/ayush/Downloads/date-fruit-quality-ml/data/quality/maturity/val/Tamar/morocco-bouisthami__bouisthami__WhatsApp Image 2022-10-10 at 11.48.48__0.jpg
/Users/ayush/Downloads/date-fruit-quality-ml/data/maturity/crops/Immature/bouisthami__BOUSTH_Stage1_Im28__5.jpg,Immature,bouisthami,val,morocco-bouisthami,/Users/ayush/Downloads/date-fruit-quality-ml/data/quality/maturity/val/Immature/morocco-bouisthami__bouisthami__BOUSTH_Stage1_Im28__5.jpg
/Users/ayush/Downloads/date-fruit-quality-ml/data/maturity/crops/Immature/boumajhoul__20220726_173404__0.jpg,Immature,boumajhoul,val,morocco-boumajhoul,/Users/ayush/Downloads/date-fruit-quality-ml/data/quality/maturity/val/Immature/morocco-boumajhoul__boumajhoul__20220726_173404__0.jpg
/Users/ayush/Downloads/date-fruit-quality-ml/data/maturity/crops/Tamar/bouisthami__WhatsApp Image 2022-10-10 at 16.18.03__1.jpg,Tamar,bouisthami,val,morocco-bouisthami,/Users/ayush/Downloads/date-fruit-quality-ml/data/quality/maturity/val/Tamar/morocco-bouisthami__bouisthami__WhatsApp Image 2022-10-10 at 16.18.03__1.jpg
/Users/ayush/Downloads/date-fruit-quality-ml/data/maturity/crops/Tamar/bouisthami__WhatsApp Image 2022-10-10 at 11.48.59 (2)__2.jpg,Tamar,bouisthami,val,morocco-bouisthami,/Users/ayush/Downloads/date-fruit-quality-ml/data/quality/maturity/val/Tamar/morocco-bouisthami__bouisthami__WhatsApp Image 2022-10-10 at 11.48.59 (2)__2.jpg
/Users/ayush/Downloads/date-fruit-quality-ml/data/maturity/crops/Tamar/boumajhoul__20221009_174815__1.jpg,Tamar,boumajhoul,val,morocco-boumajhoul,/Users/ayush/Downloads/date-fruit-quality-ml/data/quality/maturity/val/Tamar/morocco-boumajhoul__boumajhoul__20221009_174815__1.jpg
/Users/ayush/Downloads/date-fruit-quality-ml/data/maturity/crops/Khalal/boumajhoul__20220901_130548__0.jpg,Khalal,boumajhoul,val,morocco-boumajhoul,/Users/ayush/Downloads/date-fruit-quality-ml/data/quality/maturity/val/Khalal/morocco-boumajhoul__boumajhoul__20220901_130548__0.jpg
/Users/ayush/Downloads/date-fruit-quality-ml/data/maturity/crops/Rutab/boufagous__20220922_184310(0)__0.jpg,Rutab,boufagous,val,morocco-boufagous,/Users/ayush/Downloads/date-fruit-quality-ml/data/quality/maturity/val/Rutab/morocco-boufagous__boufagous__20220922_184310(0)__0.jpg
/Users/ayush/Downloads/date-fruit-quality-ml/data/maturity/crops/Immature/bouisthami__BOUSTH_Stage1_Im0__3.jpg,Immature,bouisthami,val,morocco-bouisthami,/Users/ayush/Downloads/date-fruit-quality-ml/data/quality/maturity/val/Immature/morocco-bouisthami__bouisthami__BOUSTH_Stage1_Im0__3.jpg
/Users/ayush/Downloads/date-fruit-quality-ml/data/maturity/crops/Tamar/boumajhoul__20221009_173720__0.jpg,Tamar,boumajhoul,val,morocco-boumajhoul,/Users/ayush/Downloads/date-fruit-quality-ml/data/quality/maturity/val/Tamar/morocco-boumajhoul__boumajhoul__20221009_173720__0.jpg
/Users/ayush/Downloads/date-fruit-quality-ml/data/maturity/crops/Rutab/boumajhoul__20220920_125626__2.jpg,Rutab,boumajhoul,val,morocco-boumajhoul,/Users/ayush/Downloads/date-fruit-quality-ml/data/quality/maturity/val/Rutab/morocco-boumajhoul__boumajhoul__20220920_125626__2.jpg
/Users/ayush/Downloads/date-fruit-quality-ml/data/maturity/crops/Immature/bouisthami__BOUSTH_Stage1_Im13__1.jpg,Immature,bouisthami,val,morocco-bouisthami,/Users/ayush/Downloads/date-fruit-quality-ml/data/quality/maturity/val/Immature/morocco-bouisthami__bouisthami__BOUSTH_Stage1_Im13__1.jpg
/Users/ayush/Downloads/date-fruit-quality-ml/data/maturity/crops/Rutab/boufagous__20220922_133759(0)__0.jpg,Rutab,boufagous,val,morocco-boufagous,/Users/ayush/Downloads/date-fruit-quality-ml/data/quality/maturity/val/Rutab/morocco-boufagous__boufagous__20220922_133759(0)__0.jpg
/Users/ayush/Downloads/date-fruit-quality-ml/data/maturity/crops/Khalal/boufagous__20220901_175959__1.jpg,Khalal,boufagous,val,morocco-boufagous,/Users/ayush/Downloads/date-fruit-quality-ml/data/quality/maturity/val/Khalal/morocco-boufagous__boufagous__20220901_175959__1.jpg
/Users/ayush/Downloads/date-fruit-quality-ml/data/maturity/crops/Tamar/bouisthami__WhatsApp Image 2022-10-10 at 11.49.05 (1)__1.jpg,Tamar,bouisthami,val,morocco-bouisthami,/Users/ayush/Downloads/date-fruit-quality-ml/data/quality/maturity/val/Tamar/morocco-bouisthami__bouisthami__WhatsApp Image 2022-10-10 at 11.49.05 (1)__1.jpg
/Users/ayush/Downloads/date-fruit-quality-ml/data/maturity/crops/Khalal/boumajhoul__20220901_130709__0.jpg,Khalal,boumajhoul,val,morocco-boumajhoul,/Users/ayush/Downloads/date-fruit-quality-ml/data/quality/maturity/val/Khalal/morocco-boumajhoul__boumajhoul__20220901_130709__0.jpg
/Users/ayush/Downloads/date-fruit-quality-ml/data/maturity/crops/Khalal/boumajhoul__20220901_130656__0.jpg,Khalal,boumajhoul,val,morocco-boumajhoul,/Users/ayush/Downloads/date-fruit-quality-ml/data/quality/maturity/val/Khalal/morocco-boumajhoul__boumajhoul__20220901_130656__0.jpg
/Users/ayush/Downloads/date-fruit-quality-ml/data/maturity/crops/Tamar/boumajhoul__20221009_174548__0.jpg,Tamar,boumajhoul,val,morocco-boumajhoul,/Users/ayush/Downloads/date-fruit-quality-ml/data/quality/maturity/val/Tamar/morocco-boumajhoul__boumajhoul__20221009_174548__0.jpg
/Users/ayush/Downloads/date-fruit-quality-ml/data/maturity/crops/Immature/boufagous__20220726_200813__1.jpg,Immature,boufagous,val,morocco-boufagous,/Users/ayush/Downloads/date-fruit-quality-ml/data/quality/maturity/val/Immature/morocco-boufagous__boufagous__20220726_200813__1.jpg
/Users/ayush/Downloads/date-fruit-quality-ml/data/maturity/crops/Khalal/boumajhoul__20220901_132257__0.jpg,Khalal,boumajhoul,val,morocco-boumajhoul,/Users/ayush/Downloads/date-fruit-quality-ml/data/quality/maturity/val/Khalal/morocco-boumajhoul__boumajhoul__20220901_132257__0.jpg
/Users/ayush/Downloads/date-fruit-quality-ml/data/maturity/crops/Immature/boufagous__20220726_201147__1.jpg,Immature,boufagous,val,morocco-boufagous,/Users/ayush/Downloads/date-fruit-quality-ml/data/quality/maturity/val/Immature/morocco-boufagous__boufagous__20220726_201147__1.jpg
/Users/ayush/Downloads/date-fruit-quality-ml/data/maturity/crops/Khalal/boufagous__DSC_2802__1.jpg,Khalal,boufagous,val,morocco-boufagous,/Users/ayush/Downloads/date-fruit-quality-ml/data/quality/maturity/val/Khalal/morocco-boufagous__boufagous__DSC_2802__1.jpg
/Users/ayush/Downloads/date-fruit-quality-ml/data/maturity/crops/Immature/bouisthami__BOUSTH_Stage1_Im0__7.jpg,Immature,bouisthami,val,morocco-bouisthami,/Users/ayush/Downloads/date-fruit-quality-ml/data/quality/maturity/val/Immature/morocco-bouisthami__bouisthami__BOUSTH_Stage1_Im0__7.jpg
/Users/ayush/Downloads/date-fruit-quality-ml/data/maturity/crops/Khalal/boufagous__DSC_2474__4.jpg,Khalal,boufagous,val,morocco-boufagous,/Users/ayush/Downloads/date-fruit-quality-ml/data/quality/maturity/val/Khalal/morocco-boufagous__boufagous__DSC_2474__4.jpg
/Users/ayush/Downloads/date-fruit-quality-ml/data/maturity/crops/Immature/bouisthami__BOUSTH_Stage1_Im5__2.jpg,Immature,bouisthami,val,morocco-bouisthami,/Users/ayush/Downloads/date-fruit-quality-ml/data/quality/maturity/val/Immature/morocco-bouisthami__bouisthami__BOUSTH_Stage1_Im5__2.jpg
/Users/ayush/Downloads/date-fruit-quality-ml/data/maturity/crops/Rutab/boumajhoul__20220919_185944(0)__0.jpg,Rutab,boumajhoul,val,morocco-boumajhoul,/Users/ayush/Downloads/date-fruit-quality-ml/data/quality/maturity/val/Rutab/morocco-boumajhoul__boumajhoul__20220919_185944(0)__0.jpg
/Users/ayush/Downloads/date-fruit-quality-ml/data/maturity/crops/Rutab/bouisthami__DSC_2983__2.jpg,Rutab,bouisthami,val,morocco-bouisthami,/Users/ayush/Downloads/date-fruit-quality-ml/data/quality/maturity/val/Rutab/morocco-bouisthami__bouisthami__DSC_2983__2.jpg
/Users/ayush/Downloads/date-fruit-quality-ml/data/maturity/crops/Immature/bouisthami__BOUSTH_Stage1_Im0__4.jpg,Immature,bouisthami,val,morocco-bouisthami,/Users/ayush/Downloads/date-fruit-quality-ml/data/quality/maturity/val/Immature/morocco-bouisthami__bouisthami__BOUSTH_Stage1_Im0__4.jpg
/Users/ayush/Downloads/date-fruit-quality-ml/data/maturity/crops/Khalal/boumajhoul__20220901_130900__0.jpg,Khalal,boumajhoul,val,morocco-boumajhoul,/Users/ayush/Downloads/date-fruit-quality-ml/data/quality/maturity/val/Khalal/morocco-boumajhoul__boumajhoul__20220901_130900__0.jpg
/Users/ayush/Downloads/date-fruit-quality-ml/data/maturity/crops/Rutab/boumajhoul__20220919_190439(0)__0.jpg,Rutab,boumajhoul,val,morocco-boumajhoul,/Users/ayush/Downloads/date-fruit-quality-ml/data/quality/maturity/val/Rutab/morocco-boumajhoul__boumajhoul__20220919_190439(0)__0.jpg
/Users/ayush/Downloads/date-fruit-quality-ml/data/maturity/crops/Tamar/boumajhoul__20221009_180103__0.jpg,Tamar,boumajhoul,val,morocco-boumajhoul,/Users/ayush/Downloads/date-fruit-quality-ml/data/quality/maturity/val/Tamar/morocco-boumajhoul__boumajhoul__20221009_180103__0.jpg
/Users/ayush/Downloads/date-fruit-quality-ml/data/maturity/crops/Rutab/bouisthami__DSC_2996__4.jpg,Rutab,bouisthami,val,morocco-bouisthami,/Users/ayush/Downloads/date-fruit-quality-ml/data/quality/maturity/val/Rutab/morocco-bouisthami__bouisthami__DSC_2996__4.jpg
/Users/ayush/Downloads/date-fruit-quality-ml/data/maturity/crops/Khalal/bouisthami__DSC_2567__0.jpg,Khalal,bouisthami,val,morocco-bouisthami,/Users/ayush/Downloads/date-fruit-quality-ml/data/quality/maturity/val/Khalal/morocco-bouisthami__bouisthami__DSC_2567__0.jpg
/Users/ayush/Downloads/date-fruit-quality-ml/data/maturity/crops/Tamar/boumajhoul__20221009_173505__1.jpg,Tamar,boumajhoul,val,morocco-boumajhoul,/Users/ayush/Downloads/date-fruit-quality-ml/data/quality/maturity/val/Tamar/morocco-boumajhoul__boumajhoul__20221009_173505__1.jpg
/Users/ayush/Downloads/date-fruit-quality-ml/data/maturity/crops/Khalal/bouisthami__DSC_2885__2.jpg,Khalal,bouisthami,val,morocco-bouisthami,/Users/ayush/Downloads/date-fruit-quality-ml/data/quality/maturity/val/Khalal/morocco-bouisthami__bouisthami__DSC_2885__2.jpg
/Users/ayush/Downloads/date-fruit-quality-ml/data/maturity/crops/Rutab/boufagous__20220922_132626(0)__0.jpg,Rutab,boufagous,val,morocco-boufagous,/Users/ayush/Downloads/date-fruit-quality-ml/data/quality/maturity/val/Rutab/morocco-boufagous__boufagous__20220922_132626(0)__0.jpg
/Users/ayush/Downloads/date-fruit-quality-ml/data/maturity/crops/Khalal/bouisthami__DSC_2580__2.jpg,Khalal,bouisthami,val,morocco-bouisthami,/Users/ayush/Downloads/date-fruit-quality-ml/data/quality/maturity/val/Khalal/morocco-bouisthami__bouisthami__DSC_2580__2.jpg
/Users/ayush/Downloads/date-fruit-quality-ml/data/maturity/crops/Immature/kholt__20220726_181514__0.jpg,Immature,kholt,test,morocco-kholt,/Users/ayush/Downloads/date-fruit-quality-ml/data/quality/maturity/test/Immature/morocco-kholt__kholt__20220726_181514__0.jpg
/Users/ayush/Downloads/date-fruit-quality-ml/data/maturity/crops/Immature/kholt__20220726_181514__1.jpg,Immature,kholt,test,morocco-kholt,/Users/ayush/Downloads/date-fruit-quality-ml/data/quality/maturity/test/Immature/morocco-kholt__kholt__20220726_181514__1.jpg
/Users/ayush/Downloads/date-fruit-quality-ml/data/maturity/crops/Immature/kholt__20220726_181514__2.jpg,Immature,kholt,test,morocco-kholt,/Users/ayush/Downloads/date-fruit-quality-ml/data/quality/maturity/test/Immature/morocco-kholt__kholt__20220726_181514__2.jpg
/Users/ayush/Downloads/date-fruit-quality-ml/data/maturity/crops/Immature/kholt__20220726_181520__0.jpg,Immature,kholt,test,morocco-kholt,/Users/ayush/Downloads/date-fruit-quality-ml/data/quality/maturity/test/Immature/morocco-kholt__kholt__20220726_181520__0.jpg
/Users/ayush/Downloads/date-fruit-quality-ml/data/maturity/crops/Immature/kholt__20220726_181520__1.jpg,Immature,kholt,test,morocco-kholt,/Users/ayush/Downloads/date-fruit-quality-ml/data/quality/maturity/test/Immature/morocco-kholt__kholt__20220726_181520__1.jpg
/Users/ayush/Downloads/date-fruit-quality-ml/data/maturity/crops/Immature/kholt__20220726_181520__2.jpg,Immature,kholt,test,morocco-kholt,/Users/ayush/Downloads/date-fruit-quality-ml/data/quality/maturity/test/Immature/morocco-kholt__kholt__20220726_181520__2.jpg
/Users/ayush/Downloads/date-fruit-quality-ml/data/maturity/crops/Immature/kholt__20220726_181527__0.jpg,Immature,kholt,test,morocco-kholt,/Users/ayush/Downloads/date-fruit-quality-ml/data/quality/maturity/test/Immature/morocco-kholt__kholt__20220726_181527__0.jpg
/Users/ayush/Downloads/date-fruit-quality-ml/data/maturity/crops/Immature/kholt__20220726_181527__1.jpg,Immature,kholt,test,morocco-kholt,/Users/ayush/Downloads/date-fruit-quality-ml/data/quality/maturity/test/Immature/morocco-kholt__kholt__20220726_181527__1.jpg
/Users/ayush/Downloads/date-fruit-quality-ml/data/maturity/crops/Immature/kholt__20220726_181537__0.jpg,Immature,kholt,test,morocco-kholt,/Users/ayush/Downloads/date-fruit-quality-ml/data/quality/maturity/test/Immature/morocco-kholt__kholt__20220726_181537__0.jpg
/Users/ayush/Downloads/date-fruit-quality-ml/data/maturity/crops/Immature/kholt__20220726_181537__1.jpg,Immature,kholt,test,morocco-kholt,/Users/ayush/Downloads/date-fruit-quality-ml/data/quality/maturity/test/Immature/morocco-kholt__kholt__20220726_181537__1.jpg
/Users/ayush/Downloads/date-fruit-quality-ml/data/maturity/crops/Immature/kholt__20220726_181554__0.jpg,Immature,kholt,test,morocco-kholt,/Users/ayush/Downloads/date-fruit-quality-ml/data/quality/maturity/test/Immature/morocco-kholt__kholt__20220726_181554__0.jpg
/Users/ayush/Downloads/date-fruit-quality-ml/data/maturity/crops/Immature/kholt__20220726_181554__1.jpg,Immature,kholt,test,morocco-kholt,/Users/ayush/Downloads/date-fruit-quality-ml/data/quality/maturity/test/Immature/morocco-kholt__kholt__20220726_181554__1.jpg
/Users/ayush/Downloads/date-fruit-quality-ml/data/maturity/crops/Immature/kholt__20220726_181606__0.jpg,Immature,kholt,test,morocco-kholt,/Users/ayush/Downloads/date-fruit-quality-ml/data/quality/maturity/test/Immature/morocco-kholt__kholt__20220726_181606__0.jpg
/Users/ayush/Downloads/date-fruit-quality-ml/data/maturity/crops/Immature/kholt__20220726_181606__1.jpg,Immature,kholt,test,morocco-kholt,/Users/ayush/Downloads/date-fruit-quality-ml/data/quality/maturity/test/Immature/morocco-kholt__kholt__20220726_181606__1.jpg
/Users/ayush/Downloads/date-fruit-quality-ml/data/maturity/crops/Immature/kholt__20220726_181616__0.jpg,Immature,kholt,test,morocco-kholt,/Users/ayush/Downloads/date-fruit-quality-ml/data/quality/maturity/test/Immature/morocco-kholt__kholt__20220726_181616__0.jpg
/Users/ayush/Downloads/date-fruit-quality-ml/data/maturity/crops/Immature/kholt__20220726_181616__1.jpg,Immature,kholt,test,morocco-kholt,/Users/ayush/Downloads/date-fruit-quality-ml/data/quality/maturity/test/Immature/morocco-kholt__kholt__20220726_181616__1.jpg
/Users/ayush/Downloads/date-fruit-quality-ml/data/maturity/crops/Immature/kholt__20220726_181632__0.jpg,Immature,kholt,test,morocco-kholt,/Users/ayush/Downloads/date-fruit-quality-ml/data/quality/maturity/test/Immature/morocco-kholt__kholt__20220726_181632__0.jpg
/Users/ayush/Downloads/date-fruit-quality-ml/data/maturity/crops/Immature/kholt__20220726_181642__0.jpg,Immature,kholt,test,morocco-kholt,/Users/ayush/Downloads/date-fruit-quality-ml/data/quality/maturity/test/Immature/morocco-kholt__kholt__20220726_181642__0.jpg
/Users/ayush/Downloads/date-fruit-quality-ml/data/maturity/crops/Immature/kholt__20220726_181642__1.jpg,Immature,kholt,test,morocco-kholt,/Users/ayush/Downloads/date-fruit-quality-ml/data/quality/maturity/test/Immature/morocco-kholt__kholt__20220726_181642__1.jpg
/Users/ayush/Downloads/date-fruit-quality-ml/data/maturity/crops/Immature/kholt__20220726_181642__2.jpg,Immature,kholt,test,morocco-kholt,/Users/ayush/Downloads/date-fruit-quality-ml/data/quality/maturity/test/Immature/morocco-kholt__kholt__20220726_181642__2.jpg
/Users/ayush/Downloads/date-fruit-quality-ml/data/maturity/crops/Immature/kholt__20220726_181650__0.jpg,Immature,kholt,test,morocco-kholt,/Users/ayush/Downloads/date-fruit-quality-ml/data/quality/maturity/test/Immature/morocco-kholt__kholt__20220726_181650__0.jpg
/Users/ayush/Downloads/date-fruit-quality-ml/data/maturity/crops/Immature/kholt__20220726_181650__1.jpg,Immature,kholt,test,morocco-kholt,/Users/ayush/Downloads/date-fruit-quality-ml/data/quality/maturity/test/Immature/morocco-kholt__kholt__20220726_181650__1.jpg
/Users/ayush/Downloads/date-fruit-quality-ml/data/maturity/crops/Immature/kholt__20220726_181702__0.jpg,Immature,kholt,test,morocco-kholt,/Users/ayush/Downloads/date-fruit-quality-ml/data/quality/maturity/test/Immature/morocco-kholt__kholt__20220726_181702__0.jpg
/Users/ayush/Downloads/date-fruit-quality-ml/data/maturity/crops/Immature/kholt__20220726_181709__0.jpg,Immature,kholt,test,morocco-kholt,/Users/ayush/Downloads/date-fruit-quality-ml/data/quality/maturity/test/Immature/morocco-kholt__kholt__20220726_181709__0.jpg
/Users/ayush/Downloads/date-fruit-quality-ml/data/maturity/crops/Immature/kholt__20220726_181718__0.jpg,Immature,kholt,test,morocco-kholt,/Users/ayush/Downloads/date-fruit-quality-ml/data/quality/maturity/test/Immature/morocco-kholt__kholt__20220726_181718__0.jpg
/Users/ayush/Downloads/date-fruit-quality-ml/data/maturity/crops/Immature/kholt__20220726_181718__1.jpg,Immature,kholt,test,morocco-kholt,/Users/ayush/Downloads/date-fruit-quality-ml/data/quality/maturity/test/Immature/morocco-kholt__kholt__20220726_181718__1.jpg
/Users/ayush/Downloads/date-fruit-quality-ml/data/maturity/crops/Immature/kholt__20220726_181718__2.jpg,Immature,kholt,test,morocco-kholt,/Users/ayush/Downloads/date-fruit-quality-ml/data/quality/maturity/test/Immature/morocco-kholt__kholt__20220726_181718__2.jpg
/Users/ayush/Downloads/date-fruit-quality-ml/data/maturity/crops/Immature/kholt__20220726_181734__0.jpg,Immature,kholt,test,morocco-kholt,/Users/ayush/Downloads/date-fruit-quality-ml/data/quality/maturity/test/Immature/morocco-kholt__kholt__20220726_181734__0.jpg
/Users/ayush/Downloads/date-fruit-quality-ml/data/maturity/crops/Immature/kholt__20220726_181734__1.jpg,Immature,kholt,test,morocco-kholt,/Users/ayush/Downloads/date-fruit-quality-ml/data/quality/maturity/test/Immature/morocco-kholt__kholt__20220726_181734__1.jpg
/Users/ayush/Downloads/date-fruit-quality-ml/data/maturity/crops/Immature/kholt__20220726_181744__0.jpg,Immature,kholt,test,morocco-kholt,/Users/ayush/Downloads/date-fruit-quality-ml/data/quality/maturity/test/Immature/morocco-kholt__kholt__20220726_181744__0.jpg
/Users/ayush/Downloads/date-fruit-quality-ml/data/maturity/crops/Immature/kholt__20220726_181755__0.jpg,Immature,kholt,test,morocco-kholt,/Users/ayush/Downloads/date-fruit-quality-ml/data/quality/maturity/test/Immature/morocco-kholt__kholt__20220726_181755__0.jpg
/Users/ayush/Downloads/date-fruit-quality-ml/data/maturity/crops/Immature/kholt__20220726_181815__0.jpg,Immature,kholt,test,morocco-kholt,/Users/ayush/Downloads/date-fruit-quality-ml/data/quality/maturity/test/Immature/morocco-kholt__kholt__20220726_181815__0.jpg
/Users/ayush/Downloads/date-fruit-quality-ml/data/maturity/crops/Immature/kholt__20220726_181815__1.jpg,Immature,kholt,test,morocco-kholt,/Users/ayush/Downloads/date-fruit-quality-ml/data/quality/maturity/test/Immature/morocco-kholt__kholt__20220726_181815__1.jpg
/Users/ayush/Downloads/date-fruit-quality-ml/data/maturity/crops/Immature/kholt__20220726_181824__0.jpg,Immature,kholt,test,morocco-kholt,/Users/ayush/Downloads/date-fruit-quality-ml/data/quality/maturity/test/Immature/morocco-kholt__kholt__20220726_181824__0.jpg
/Users/ayush/Downloads/date-fruit-quality-ml/data/maturity/crops/Immature/kholt__20220726_181824__1.jpg,Immature,kholt,test,morocco-kholt,/Users/ayush/Downloads/date-fruit-quality-ml/data/quality/maturity/test/Immature/morocco-kholt__kholt__20220726_181824__1.jpg
/Users/ayush/Downloads/date-fruit-quality-ml/data/maturity/crops/Immature/kholt__20220726_181836__0.jpg,Immature,kholt,test,morocco-kholt,/Users/ayush/Downloads/date-fruit-quality-ml/data/quality/maturity/test/Immature/morocco-kholt__kholt__20220726_181836__0.jpg
/Users/ayush/Downloads/date-fruit-quality-ml/data/maturity/crops/Immature/kholt__20220726_181836__1.jpg,Immature,kholt,test,morocco-kholt,/Users/ayush/Downloads/date-fruit-quality-ml/data/quality/maturity/test/Immature/morocco-kholt__kholt__20220726_181836__1.jpg
/Users/ayush/Downloads/date-fruit-quality-ml/data/maturity/crops/Immature/kholt__20220726_181848__0.jpg,Immature,kholt,test,morocco-kholt,/Users/ayush/Downloads/date-fruit-quality-ml/data/quality/maturity/test/Immature/morocco-kholt__kholt__20220726_181848__0.jpg
/Users/ayush/Downloads/date-fruit-quality-ml/data/maturity/crops/Immature/kholt__20220726_181900__0.jpg,Immature,kholt,test,morocco-kholt,/Users/ayush/Downloads/date-fruit-quality-ml/data/quality/maturity/test/Immature/morocco-kholt__kholt__20220726_181900__0.jpg
/Users/ayush/Downloads/date-fruit-quality-ml/data/maturity/crops/Immature/kholt__20220726_181900__1.jpg,Immature,kholt,test,morocco-kholt,/Users/ayush/Downloads/date-fruit-quality-ml/data/quality/maturity/test/Immature/morocco-kholt__kholt__20220726_181900__1.jpg
/Users/ayush/Downloads/date-fruit-quality-ml/data/maturity/crops/Immature/kholt__20220726_181907__0.jpg,Immature,kholt,test,morocco-kholt,/Users/ayush/Downloads/date-fruit-quality-ml/data/quality/maturity/test/Immature/morocco-kholt__kholt__20220726_181907__0.jpg
/Users/ayush/Downloads/date-fruit-quality-ml/data/maturity/crops/Immature/kholt__20220726_181917__0.jpg,Immature,kholt,test,morocco-kholt,/Users/ayush/Downloads/date-fruit-quality-ml/data/quality/maturity/test/Immature/morocco-kholt__kholt__20220726_181917__0.jpg
/Users/ayush/Downloads/date-fruit-quality-ml/data/maturity/crops/Immature/kholt__20220726_181932__0.jpg,Immature,kholt,test,morocco-kholt,/Users/ayush/Downloads/date-fruit-quality-ml/data/quality/maturity/test/Immature/morocco-kholt__kholt__20220726_181932__0.jpg
/Users/ayush/Downloads/date-fruit-quality-ml/data/maturity/crops/Immature/kholt__20220726_181932__1.jpg,Immature,kholt,test,morocco-kholt,/Users/ayush/Downloads/date-fruit-quality-ml/data/quality/maturity/test/Immature/morocco-kholt__kholt__20220726_181932__1.jpg
/Users/ayush/Downloads/date-fruit-quality-ml/data/maturity/crops/Immature/kholt__20220726_181932__2.jpg,Immature,kholt,test,morocco-kholt,/Users/ayush/Downloads/date-fruit-quality-ml/data/quality/maturity/test/Immature/morocco-kholt__kholt__20220726_181932__2.jpg
/Users/ayush/Downloads/date-fruit-quality-ml/data/maturity/crops/Immature/kholt__20220726_181940__0.jpg,Immature,kholt,test,morocco-kholt,/Users/ayush/Downloads/date-fruit-quality-ml/data/quality/maturity/test/Immature/morocco-kholt__kholt__20220726_181940__0.jpg
/Users/ayush/Downloads/date-fruit-quality-ml/data/maturity/crops/Immature/kholt__20220726_181940__1.jpg,Immature,kholt,test,morocco-kholt,/Users/ayush/Downloads/date-fruit-quality-ml/data/quality/maturity/test/Immature/morocco-kholt__kholt__20220726_181940__1.jpg
/Users/ayush/Downloads/date-fruit-quality-ml/data/maturity/crops/Immature/kholt__20220726_181949__0.jpg,Immature,kholt,test,morocco-kholt,/Users/ayush/Downloads/date-fruit-quality-ml/data/quality/maturity/test/Immature/morocco-kholt__kholt__20220726_181949__0.jpg
/Users/ayush/Downloads/date-fruit-quality-ml/data/maturity/crops/Immature/kholt__20220726_181949__1.jpg,Immature,kholt,test,morocco-kholt,/Users/ayush/Downloads/date-fruit-quality-ml/data/quality/maturity/test/Immature/morocco-kholt__kholt__20220726_181949__1.jpg
/Users/ayush/Downloads/date-fruit-quality-ml/data/maturity/crops/Immature/kholt__20220726_182006__0.jpg,Immature,kholt,test,morocco-kholt,/Users/ayush/Downloads/date-fruit-quality-ml/data/quality/maturity/test/Immature/morocco-kholt__kholt__20220726_182006__0.jpg
/Users/ayush/Downloads/date-fruit-quality-ml/data/maturity/crops/Immature/kholt__20220726_182006__1.jpg,Immature,kholt,test,morocco-kholt,/Users/ayush/Downloads/date-fruit-quality-ml/data/quality/maturity/test/Immature/morocco-kholt__kholt__20220726_182006__1.jpg
/Users/ayush/Downloads/date-fruit-quality-ml/data/maturity/crops/Immature/kholt__20220726_182006__2.jpg,Immature,kholt,test,morocco-kholt,/Users/ayush/Downloads/date-fruit-quality-ml/data/quality/maturity/test/Immature/morocco-kholt__kholt__20220726_182006__2.jpg
/Users/ayush/Downloads/date-fruit-quality-ml/data/maturity/crops/Immature/kholt__20220726_182006__3.jpg,Immature,kholt,test,morocco-kholt,/Users/ayush/Downloads/date-fruit-quality-ml/data/quality/maturity/test/Immature/morocco-kholt__kholt__20220726_182006__3.jpg
/Users/ayush/Downloads/date-fruit-quality-ml/data/maturity/crops/Immature/kholt__20220726_182014__0.jpg,Immature,kholt,test,morocco-kholt,/Users/ayush/Downloads/date-fruit-quality-ml/data/quality/maturity/test/Immature/morocco-kholt__kholt__20220726_182014__0.jpg
/Users/ayush/Downloads/date-fruit-quality-ml/data/maturity/crops/Immature/kholt__20220726_182014__1.jpg,Immature,kholt,test,morocco-kholt,/Users/ayush/Downloads/date-fruit-quality-ml/data/quality/maturity/test/Immature/morocco-kholt__kholt__20220726_182014__1.jpg
/Users/ayush/Downloads/date-fruit-quality-ml/data/maturity/crops/Immature/kholt__20220726_182026__0.jpg,Immature,kholt,test,morocco-kholt,/Users/ayush/Downloads/date-fruit-quality-ml/data/quality/maturity/test/Immature/morocco-kholt__kholt__20220726_182026__0.jpg
/Users/ayush/Downloads/date-fruit-quality-ml/data/maturity/crops/Immature/kholt__20220726_182026__1.jpg,Immature,kholt,test,morocco-kholt,/Users/ayush/Downloads/date-fruit-quality-ml/data/quality/maturity/test/Immature/morocco-kholt__kholt__20220726_182026__1.jpg
/Users/ayush/Downloads/date-fruit-quality-ml/data/maturity/crops/Immature/kholt__20220726_182040__0.jpg,Immature,kholt,test,morocco-kholt,/Users/ayush/Downloads/date-fruit-quality-ml/data/quality/maturity/test/Immature/morocco-kholt__kholt__20220726_182040__0.jpg
/Users/ayush/Downloads/date-fruit-quality-ml/data/maturity/crops/Immature/kholt__20220726_182040__1.jpg,Immature,kholt,test,morocco-kholt,/Users/ayush/Downloads/date-fruit-quality-ml/data/quality/maturity/test/Immature/morocco-kholt__kholt__20220726_182040__1.jpg
/Users/ayush/Downloads/date-fruit-quality-ml/data/maturity/crops/Immature/kholt__20220726_182040__2.jpg,Immature,kholt,test,morocco-kholt,/Users/ayush/Downloads/date-fruit-quality-ml/data/quality/maturity/test/Immature/morocco-kholt__kholt__20220726_182040__2.jpg
/Users/ayush/Downloads/date-fruit-quality-ml/data/maturity/crops/Immature/kholt__20220726_182049__0.jpg,Immature,kholt,test,morocco-kholt,/Users/ayush/Downloads/date-fruit-quality-ml/data/quality/maturity/test/Immature/morocco-kholt__kholt__20220726_182049__0.jpg
/Users/ayush/Downloads/date-fruit-quality-ml/data/maturity/crops/Immature/kholt__20220726_182049__1.jpg,Immature,kholt,test,morocco-kholt,/Users/ayush/Downloads/date-fruit-quality-ml/data/quality/maturity/test/Immature/morocco-kholt__kholt__20220726_182049__1.jpg
/Users/ayush/Downloads/date-fruit-quality-ml/data/maturity/crops/Immature/kholt__20220726_182049__2.jpg,Immature,kholt,test,morocco-kholt,/Users/ayush/Downloads/date-fruit-quality-ml/data/quality/maturity/test/Immature/morocco-kholt__kholt__20220726_182049__2.jpg
/Users/ayush/Downloads/date-fruit-quality-ml/data/maturity/crops/Immature/kholt__20220726_182049__3.jpg,Immature,kholt,test,morocco-kholt,/Users/ayush/Downloads/date-fruit-quality-ml/data/quality/maturity/test/Immature/morocco-kholt__kholt__20220726_182049__3.jpg
/Users/ayush/Downloads/date-fruit-quality-ml/data/maturity/crops/Immature/kholt__20220726_182107__0.jpg,Immature,kholt,test,morocco-kholt,/Users/ayush/Downloads/date-fruit-quality-ml/data/quality/maturity/test/Immature/morocco-kholt__kholt__20220726_182107__0.jpg
/Users/ayush/Downloads/date-fruit-quality-ml/data/maturity/crops/Immature/kholt__20220726_182107__1.jpg,Immature,kholt,test,morocco-kholt,/Users/ayush/Downloads/date-fruit-quality-ml/data/quality/maturity/test/Immature/morocco-kholt__kholt__20220726_182107__1.jpg
/Users/ayush/Downloads/date-fruit-quality-ml/data/maturity/crops/Immature/kholt__20220726_182107__2.jpg,Immature,kholt,test,morocco-kholt,/Users/ayush/Downloads/date-fruit-quality-ml/data/quality/maturity/test/Immature/morocco-kholt__kholt__20220726_182107__2.jpg
/Users/ayush/Downloads/date-fruit-quality-ml/data/maturity/crops/Immature/kholt__20220726_182122__0.jpg,Immature,kholt,test,morocco-kholt,/Users/ayush/Downloads/date-fruit-quality-ml/data/quality/maturity/test/Immature/morocco-kholt__kholt__20220726_182122__0.jpg
/Users/ayush/Downloads/date-fruit-quality-ml/data/maturity/crops/Immature/kholt__20220726_182122__1.jpg,Immature,kholt,test,morocco-kholt,/Users/ayush/Downloads/date-fruit-quality-ml/data/quality/maturity/test/Immature/morocco-kholt__kholt__20220726_182122__1.jpg
/Users/ayush/Downloads/date-fruit-quality-ml/data/maturity/crops/Immature/kholt__20220726_182122__2.jpg,Immature,kholt,test,morocco-kholt,/Users/ayush/Downloads/date-fruit-quality-ml/data/quality/maturity/test/Immature/morocco-kholt__kholt__20220726_182122__2.jpg
/Users/ayush/Downloads/date-fruit-quality-ml/data/maturity/crops/Immature/kholt__20220726_182122__3.jpg,Immature,kholt,test,morocco-kholt,/Users/ayush/Downloads/date-fruit-quality-ml/data/quality/maturity/test/Immature/morocco-kholt__kholt__20220726_182122__3.jpg
/Users/ayush/Downloads/date-fruit-quality-ml/data/maturity/crops/Immature/kholt__20220726_182131__0.jpg,Immature,kholt,test,morocco-kholt,/Users/ayush/Downloads/date-fruit-quality-ml/data/quality/maturity/test/Immature/morocco-kholt__kholt__20220726_182131__0.jpg
/Users/ayush/Downloads/date-fruit-quality-ml/data/maturity/crops/Immature/kholt__20220726_182136__0.jpg,Immature,kholt,test,morocco-kholt,/Users/ayush/Downloads/date-fruit-quality-ml/data/quality/maturity/test/Immature/morocco-kholt__kholt__20220726_182136__0.jpg
/Users/ayush/Downloads/date-fruit-quality-ml/data/maturity/crops/Immature/kholt__20220726_182136__1.jpg,Immature,kholt,test,morocco-kholt,/Users/ayush/Downloads/date-fruit-quality-ml/data/quality/maturity/test/Immature/morocco-kholt__kholt__20220726_182136__1.jpg
/Users/ayush/Downloads/date-fruit-quality-ml/data/maturity/crops/Immature/kholt__20220726_182145__0.jpg,Immature,kholt,test,morocco-kholt,/Users/ayush/Downloads/date-fruit-quality-ml/data/quality/maturity/test/Immature/morocco-kholt__kholt__20220726_182145__0.jpg
/Users/ayush/Downloads/date-fruit-quality-ml/data/maturity/crops/Immature/kholt__20220726_182145__1.jpg,Immature,kholt,test,morocco-kholt,/Users/ayush/Downloads/date-fruit-quality-ml/data/quality/maturity/test/Immature/morocco-kholt__kholt__20220726_182145__1.jpg
/Users/ayush/Downloads/date-fruit-quality-ml/data/maturity/crops/Immature/kholt__20220726_182151__0.jpg,Immature,kholt,test,morocco-kholt,/Users/ayush/Downloads/date-fruit-quality-ml/data/quality/maturity/test/Immature/morocco-kholt__kholt__20220726_182151__0.jpg
/Users/ayush/Downloads/date-fruit-quality-ml/data/maturity/crops/Immature/kholt__20220726_182210__0.jpg,Immature,kholt,test,morocco-kholt,/Users/ayush/Downloads/date-fruit-quality-ml/data/quality/maturity/test/Immature/morocco-kholt__kholt__20220726_182210__0.jpg
/Users/ayush/Downloads/date-fruit-quality-ml/data/maturity/crops/Immature/kholt__20220726_182210__1.jpg,Immature,kholt,test,morocco-kholt,/Users/ayush/Downloads/date-fruit-quality-ml/data/quality/maturity/test/Immature/morocco-kholt__kholt__20220726_182210__1.jpg
/Users/ayush/Downloads/date-fruit-quality-ml/data/maturity/crops/Immature/kholt__20220726_182210__2.jpg,Immature,kholt,test,morocco-kholt,/Users/ayush/Downloads/date-fruit-quality-ml/data/quality/maturity/test/Immature/morocco-kholt__kholt__20220726_182210__2.jpg
/Users/ayush/Downloads/date-fruit-quality-ml/data/maturity/crops/Immature/kholt__20220726_182217__0.jpg,Immature,kholt,test,morocco-kholt,/Users/ayush/Downloads/date-fruit-quality-ml/data/quality/maturity/test/Immature/morocco-kholt__kholt__20220726_182217__0.jpg
/Users/ayush/Downloads/date-fruit-quality-ml/data/maturity/crops/Immature/kholt__20220726_182217__1.jpg,Immature,kholt,test,morocco-kholt,/Users/ayush/Downloads/date-fruit-quality-ml/data/quality/maturity/test/Immature/morocco-kholt__kholt__20220726_182217__1.jpg
/Users/ayush/Downloads/date-fruit-quality-ml/data/maturity/crops/Immature/kholt__20220726_182234__0.jpg,Immature,kholt,test,morocco-kholt,/Users/ayush/Downloads/date-fruit-quality-ml/data/quality/maturity/test/Immature/morocco-kholt__kholt__20220726_182234__0.jpg
/Users/ayush/Downloads/date-fruit-quality-ml/data/maturity/crops/Immature/kholt__20220726_182234__1.jpg,Immature,kholt,test,morocco-kholt,/Users/ayush/Downloads/date-fruit-quality-ml/data/quality/maturity/test/Immature/morocco-kholt__kholt__20220726_182234__1.jpg
/Users/ayush/Downloads/date-fruit-quality-ml/data/maturity/crops/Immature/kholt__20220726_182240__0.jpg,Immature,kholt,test,morocco-kholt,/Users/ayush/Downloads/date-fruit-quality-ml/data/quality/maturity/test/Immature/morocco-kholt__kholt__20220726_182240__0.jpg
/Users/ayush/Downloads/date-fruit-quality-ml/data/maturity/crops/Immature/kholt__20220726_182240__1.jpg,Immature,kholt,test,morocco-kholt,/Users/ayush/Downloads/date-fruit-quality-ml/data/quality/maturity/test/Immature/morocco-kholt__kholt__20220726_182240__1.jpg
/Users/ayush/Downloads/date-fruit-quality-ml/data/maturity/crops/Immature/kholt__20220726_182244__0.jpg,Immature,kholt,test,morocco-kholt,/Users/ayush/Downloads/date-fruit-quality-ml/data/quality/maturity/test/Immature/morocco-kholt__kholt__20220726_182244__0.jpg
/Users/ayush/Downloads/date-fruit-quality-ml/data/maturity/crops/Immature/kholt__20220726_182258__0.jpg,Immature,kholt,test,morocco-kholt,/Users/ayush/Downloads/date-fruit-quality-ml/data/quality/maturity/test/Immature/morocco-kholt__kholt__20220726_182258__0.jpg
/Users/ayush/Downloads/date-fruit-quality-ml/data/maturity/crops/Immature/kholt__20220726_182258__1.jpg,Immature,kholt,test,morocco-kholt,/Users/ayush/Downloads/date-fruit-quality-ml/data/quality/maturity/test/Immature/morocco-kholt__kholt__20220726_182258__1.jpg
/Users/ayush/Downloads/date-fruit-quality-ml/data/maturity/crops/Immature/kholt__20220726_182258__2.jpg,Immature,kholt,test,morocco-kholt,/Users/ayush/Downloads/date-fruit-quality-ml/data/quality/maturity/test/Immature/morocco-kholt__kholt__20220726_182258__2.jpg
/Users/ayush/Downloads/date-fruit-quality-ml/data/maturity/crops/Immature/kholt__20220726_182305__0.jpg,Immature,kholt,test,morocco-kholt,/Users/ayush/Downloads/date-fruit-quality-ml/data/quality/maturity/test/Immature/morocco-kholt__kholt__20220726_182305__0.jpg
/Users/ayush/Downloads/date-fruit-quality-ml/data/maturity/crops/Immature/kholt__20220726_182305__1.jpg,Immature,kholt,test,morocco-kholt,/Users/ayush/Downloads/date-fruit-quality-ml/data/quality/maturity/test/Immature/morocco-kholt__kholt__20220726_182305__1.jpg
/Users/ayush/Downloads/date-fruit-quality-ml/data/maturity/crops/Immature/kholt__20220726_182313__0.jpg,Immature,kholt,test,morocco-kholt,/Users/ayush/Downloads/date-fruit-quality-ml/data/quality/maturity/test/Immature/morocco-kholt__kholt__20220726_182313__0.jpg
/Users/ayush/Downloads/date-fruit-quality-ml/data/maturity/crops/Immature/kholt__20220726_182330__0.jpg,Immature,kholt,test,morocco-kholt,/Users/ayush/Downloads/date-fruit-quality-ml/data/quality/maturity/test/Immature/morocco-kholt__kholt__20220726_182330__0.jpg
/Users/ayush/Downloads/date-fruit-quality-ml/data/maturity/crops/Immature/kholt__20220726_182337__0.jpg,Immature,kholt,test,morocco-kholt,/Users/ayush/Downloads/date-fruit-quality-ml/data/quality/maturity/test/Immature/morocco-kholt__kholt__20220726_182337__0.jpg
/Users/ayush/Downloads/date-fruit-quality-ml/data/maturity/crops/Immature/kholt__20220726_182343__0.jpg,Immature,kholt,test,morocco-kholt,/Users/ayush/Downloads/date-fruit-quality-ml/data/quality/maturity/test/Immature/morocco-kholt__kholt__20220726_182343__0.jpg
/Users/ayush/Downloads/date-fruit-quality-ml/data/maturity/crops/Immature/kholt__20220726_182343__1.jpg,Immature,kholt,test,morocco-kholt,/Users/ayush/Downloads/date-fruit-quality-ml/data/quality/maturity/test/Immature/morocco-kholt__kholt__20220726_182343__1.jpg
/Users/ayush/Downloads/date-fruit-quality-ml/data/maturity/crops/Immature/kholt__20220726_182343__2.jpg,Immature,kholt,test,morocco-kholt,/Users/ayush/Downloads/date-fruit-quality-ml/data/quality/maturity/test/Immature/morocco-kholt__kholt__20220726_182343__2.jpg
/Users/ayush/Downloads/date-fruit-quality-ml/data/maturity/crops/Immature/kholt__20220726_182402__0.jpg,Immature,kholt,test,morocco-kholt,/Users/ayush/Downloads/date-fruit-quality-ml/data/quality/maturity/test/Immature/morocco-kholt__kholt__20220726_182402__0.jpg
/Users/ayush/Downloads/date-fruit-quality-ml/data/maturity/crops/Immature/kholt__20220726_182417__0.jpg,Immature,kholt,test,morocco-kholt,/Users/ayush/Downloads/date-fruit-quality-ml/data/quality/maturity/test/Immature/morocco-kholt__kholt__20220726_182417__0.jpg
/Users/ayush/Downloads/date-fruit-quality-ml/data/maturity/crops/Immature/kholt__20220726_182422__0.jpg,Immature,kholt,test,morocco-kholt,/Users/ayush/Downloads/date-fruit-quality-ml/data/quality/maturity/test/Immature/morocco-kholt__kholt__20220726_182422__0.jpg
/Users/ayush/Downloads/date-fruit-quality-ml/data/maturity/crops/Immature/kholt__20220726_182422__1.jpg,Immature,kholt,test,morocco-kholt,/Users/ayush/Downloads/date-fruit-quality-ml/data/quality/maturity/test/Immature/morocco-kholt__kholt__20220726_182422__1.jpg
/Users/ayush/Downloads/date-fruit-quality-ml/data/maturity/crops/Immature/kholt__20220726_182437__0.jpg,Immature,kholt,test,morocco-kholt,/Users/ayush/Downloads/date-fruit-quality-ml/data/quality/maturity/test/Immature/morocco-kholt__kholt__20220726_182437__0.jpg
/Users/ayush/Downloads/date-fruit-quality-ml/data/maturity/crops/Immature/kholt__20220726_182442__0.jpg,Immature,kholt,test,morocco-kholt,/Users/ayush/Downloads/date-fruit-quality-ml/data/quality/maturity/test/Immature/morocco-kholt__kholt__20220726_182442__0.jpg
/Users/ayush/Downloads/date-fruit-quality-ml/data/maturity/crops/Immature/kholt__20220726_182512__0.jpg,Immature,kholt,test,morocco-kholt,/Users/ayush/Downloads/date-fruit-quality-ml/data/quality/maturity/test/Immature/morocco-kholt__kholt__20220726_182512__0.jpg
/Users/ayush/Downloads/date-fruit-quality-ml/data/maturity/crops/Immature/kholt__20220726_182530__0.jpg,Immature,kholt,test,morocco-kholt,/Users/ayush/Downloads/date-fruit-quality-ml/data/quality/maturity/test/Immature/morocco-kholt__kholt__20220726_182530__0.jpg
/Users/ayush/Downloads/date-fruit-quality-ml/data/maturity/crops/Immature/kholt__20220726_182538__0.jpg,Immature,kholt,test,morocco-kholt,/Users/ayush/Downloads/date-fruit-quality-ml/data/quality/maturity/test/Immature/morocco-kholt__kholt__20220726_182538__0.jpg
/Users/ayush/Downloads/date-fruit-quality-ml/data/maturity/crops/Immature/kholt__20220726_182548__0.jpg,Immature,kholt,test,morocco-kholt,/Users/ayush/Downloads/date-fruit-quality-ml/data/quality/maturity/test/Immature/morocco-kholt__kholt__20220726_182548__0.jpg
/Users/ayush/Downloads/date-fruit-quality-ml/data/maturity/crops/Immature/kholt__20220726_182614__0.jpg,Immature,kholt,test,morocco-kholt,/Users/ayush/Downloads/date-fruit-quality-ml/data/quality/maturity/test/Immature/morocco-kholt__kholt__20220726_182614__0.jpg
/Users/ayush/Downloads/date-fruit-quality-ml/data/maturity/crops/Immature/kholt__20220726_182619__0.jpg,Immature,kholt,test,morocco-kholt,/Users/ayush/Downloads/date-fruit-quality-ml/data/quality/maturity/test/Immature/morocco-kholt__kholt__20220726_182619__0.jpg
/Users/ayush/Downloads/date-fruit-quality-ml/data/maturity/crops/Immature/kholt__20220726_182628__0.jpg,Immature,kholt,test,morocco-kholt,/Users/ayush/Downloads/date-fruit-quality-ml/data/quality/maturity/test/Immature/morocco-kholt__kholt__20220726_182628__0.jpg
/Users/ayush/Downloads/date-fruit-quality-ml/data/maturity/crops/Immature/kholt__20220726_182628__1.jpg,Immature,kholt,test,morocco-kholt,/Users/ayush/Downloads/date-fruit-quality-ml/data/quality/maturity/test/Immature/morocco-kholt__kholt__20220726_182628__1.jpg
/Users/ayush/Downloads/date-fruit-quality-ml/data/maturity/crops/Khalal/kholt__20220901_135416__0.jpg,Khalal,kholt,test,morocco-kholt,/Users/ayush/Downloads/date-fruit-quality-ml/data/quality/maturity/test/Khalal/morocco-kholt__kholt__20220901_135416__0.jpg
/Users/ayush/Downloads/date-fruit-quality-ml/data/maturity/crops/Khalal/kholt__20220901_135416__1.jpg,Khalal,kholt,test,morocco-kholt,/Users/ayush/Downloads/date-fruit-quality-ml/data/quality/maturity/test/Khalal/morocco-kholt__kholt__20220901_135416__1.jpg
/Users/ayush/Downloads/date-fruit-quality-ml/data/maturity/crops/Khalal/kholt__20220901_135416__2.jpg,Khalal,kholt,test,morocco-kholt,/Users/ayush/Downloads/date-fruit-quality-ml/data/quality/maturity/test/Khalal/morocco-kholt__kholt__20220901_135416__2.jpg
/Users/ayush/Downloads/date-fruit-quality-ml/data/maturity/crops/Khalal/kholt__20220901_135426__0.jpg,Khalal,kholt,test,morocco-kholt,/Users/ayush/Downloads/date-fruit-quality-ml/data/quality/maturity/test/Khalal/morocco-kholt__kholt__20220901_135426__0.jpg
/Users/ayush/Downloads/date-fruit-quality-ml/data/maturity/crops/Khalal/kholt__20220901_135426__1.jpg,Khalal,kholt,test,morocco-kholt,/Users/ayush/Downloads/date-fruit-quality-ml/data/quality/maturity/test/Khalal/morocco-kholt__kholt__20220901_135426__1.jpg
/Users/ayush/Downloads/date-fruit-quality-ml/data/maturity/crops/Khalal/kholt__20220901_135437__0.jpg,Khalal,kholt,test,morocco-kholt,/Users/ayush/Downloads/date-fruit-quality-ml/data/quality/maturity/test/Khalal/morocco-kholt__kholt__20220901_135437__0.jpg
/Users/ayush/Downloads/date-fruit-quality-ml/data/maturity/crops/Khalal/kholt__20220901_135437__1.jpg,Khalal,kholt,test,morocco-kholt,/Users/ayush/Downloads/date-fruit-quality-ml/data/quality/maturity/test/Khalal/morocco-kholt__kholt__20220901_135437__1.jpg
/Users/ayush/Downloads/date-fruit-quality-ml/data/maturity/crops/Khalal/kholt__20220901_135450__0.jpg,Khalal,kholt,test,morocco-kholt,/Users/ayush/Downloads/date-fruit-quality-ml/data/quality/maturity/test/Khalal/morocco-kholt__kholt__20220901_135450__0.jpg
/Users/ayush/Downloads/date-fruit-quality-ml/data/maturity/crops/Khalal/kholt__20220901_135450__1.jpg,Khalal,kholt,test,morocco-kholt,/Users/ayush/Downloads/date-fruit-quality-ml/data/quality/maturity/test/Khalal/morocco-kholt__kholt__20220901_135450__1.jpg
/Users/ayush/Downloads/date-fruit-quality-ml/data/maturity/crops/Khalal/kholt__20220901_135450__2.jpg,Khalal,kholt,test,morocco-kholt,/Users/ayush/Downloads/date-fruit-quality-ml/data/quality/maturity/test/Khalal/morocco-kholt__kholt__20220901_135450__2.jpg
/Users/ayush/Downloads/date-fruit-quality-ml/data/maturity/crops/Khalal/kholt__20220901_135556__0.jpg,Khalal,kholt,test,morocco-kholt,/Users/ayush/Downloads/date-fruit-quality-ml/data/quality/maturity/test/Khalal/morocco-kholt__kholt__20220901_135556__0.jpg
/Users/ayush/Downloads/date-fruit-quality-ml/data/maturity/crops/Khalal/kholt__20220901_135556__1.jpg,Khalal,kholt,test,morocco-kholt,/Users/ayush/Downloads/date-fruit-quality-ml/data/quality/maturity/test/Khalal/morocco-kholt__kholt__20220901_135556__1.jpg
/Users/ayush/Downloads/date-fruit-quality-ml/data/maturity/crops/Khalal/kholt__20220901_135605__0.jpg,Khalal,kholt,test,morocco-kholt,/Users/ayush/Downloads/date-fruit-quality-ml/data/quality/maturity/test/Khalal/morocco-kholt__kholt__20220901_135605__0.jpg
/Users/ayush/Downloads/date-fruit-quality-ml/data/maturity/crops/Khalal/kholt__20220901_135605__1.jpg,Khalal,kholt,test,morocco-kholt,/Users/ayush/Downloads/date-fruit-quality-ml/data/quality/maturity/test/Khalal/morocco-kholt__kholt__20220901_135605__1.jpg
/Users/ayush/Downloads/date-fruit-quality-ml/data/maturity/crops/Khalal/kholt__20220901_135605__2.jpg,Khalal,kholt,test,morocco-kholt,/Users/ayush/Downloads/date-fruit-quality-ml/data/quality/maturity/test/Khalal/morocco-kholt__kholt__20220901_135605__2.jpg
/Users/ayush/Downloads/date-fruit-quality-ml/data/maturity/crops/Khalal/kholt__20220901_135616__0.jpg,Khalal,kholt,test,morocco-kholt,/Users/ayush/Downloads/date-fruit-quality-ml/data/quality/maturity/test/Khalal/morocco-kholt__kholt__20220901_135616__0.jpg
/Users/ayush/Downloads/date-fruit-quality-ml/data/maturity/crops/Khalal/kholt__20220901_135616__1.jpg,Khalal,kholt,test,morocco-kholt,/Users/ayush/Downloads/date-fruit-quality-ml/data/quality/maturity/test/Khalal/morocco-kholt__kholt__20220901_135616__1.jpg
/Users/ayush/Downloads/date-fruit-quality-ml/data/maturity/crops/Khalal/kholt__20220901_135616__2.jpg,Khalal,kholt,test,morocco-kholt,/Users/ayush/Downloads/date-fruit-quality-ml/data/quality/maturity/test/Khalal/morocco-kholt__kholt__20220901_135616__2.jpg
/Users/ayush/Downloads/date-fruit-quality-ml/data/maturity/crops/Khalal/kholt__20220901_135616__3.jpg,Khalal,kholt,test,morocco-kholt,/Users/ayush/Downloads/date-fruit-quality-ml/data/quality/maturity/test/Khalal/morocco-kholt__kholt__20220901_135616__3.jpg
/Users/ayush/Downloads/date-fruit-quality-ml/data/maturity/crops/Khalal/kholt__20220901_135628__0.jpg,Khalal,kholt,test,morocco-kholt,/Users/ayush/Downloads/date-fruit-quality-ml/data/quality/maturity/test/Khalal/morocco-kholt__kholt__20220901_135628__0.jpg
/Users/ayush/Downloads/date-fruit-quality-ml/data/maturity/crops/Khalal/kholt__20220901_135628__1.jpg,Khalal,kholt,test,morocco-kholt,/Users/ayush/Downloads/date-fruit-quality-ml/data/quality/maturity/test/Khalal/morocco-kholt__kholt__20220901_135628__1.jpg
/Users/ayush/Downloads/date-fruit-quality-ml/data/maturity/crops/Khalal/kholt__20220901_135628__2.jpg,Khalal,kholt,test,morocco-kholt,/Users/ayush/Downloads/date-fruit-quality-ml/data/quality/maturity/test/Khalal/morocco-kholt__kholt__20220901_135628__2.jpg
/Users/ayush/Downloads/date-fruit-quality-ml/data/maturity/crops/Khalal/kholt__20220901_135642__0.jpg,Khalal,kholt,test,morocco-kholt,/Users/ayush/Downloads/date-fruit-quality-ml/data/quality/maturity/test/Khalal/morocco-kholt__kholt__20220901_135642__0.jpg
/Users/ayush/Downloads/date-fruit-quality-ml/data/maturity/crops/Khalal/kholt__20220901_135642__1.jpg,Khalal,kholt,test,morocco-kholt,/Users/ayush/Downloads/date-fruit-quality-ml/data/quality/maturity/test/Khalal/morocco-kholt__kholt__20220901_135642__1.jpg
/Users/ayush/Downloads/date-fruit-quality-ml/data/maturity/crops/Khalal/kholt__20220901_135657__0.jpg,Khalal,kholt,test,morocco-kholt,/Users/ayush/Downloads/date-fruit-quality-ml/data/quality/maturity/test/Khalal/morocco-kholt__kholt__20220901_135657__0.jpg
/Users/ayush/Downloads/date-fruit-quality-ml/data/maturity/crops/Khalal/kholt__20220901_135657__1.jpg,Khalal,kholt,test,morocco-kholt,/Users/ayush/Downloads/date-fruit-quality-ml/data/quality/maturity/test/Khalal/morocco-kholt__kholt__20220901_135657__1.jpg
/Users/ayush/Downloads/date-fruit-quality-ml/data/maturity/crops/Khalal/kholt__20220901_135707__0.jpg,Khalal,kholt,test,morocco-kholt,/Users/ayush/Downloads/date-fruit-quality-ml/data/quality/maturity/test/Khalal/morocco-kholt__kholt__20220901_135707__0.jpg
/Users/ayush/Downloads/date-fruit-quality-ml/data/maturity/crops/Khalal/kholt__20220901_135707__1.jpg,Khalal,kholt,test,morocco-kholt,/Users/ayush/Downloads/date-fruit-quality-ml/data/quality/maturity/test/Khalal/morocco-kholt__kholt__20220901_135707__1.jpg
/Users/ayush/Downloads/date-fruit-quality-ml/data/maturity/crops/Khalal/kholt__20220901_135723__0.jpg,Khalal,kholt,test,morocco-kholt,/Users/ayush/Downloads/date-fruit-quality-ml/data/quality/maturity/test/Khalal/morocco-kholt__kholt__20220901_135723__0.jpg
/Users/ayush/Downloads/date-fruit-quality-ml/data/maturity/crops/Khalal/kholt__20220901_135723__1.jpg,Khalal,kholt,test,morocco-kholt,/Users/ayush/Downloads/date-fruit-quality-ml/data/quality/maturity/test/Khalal/morocco-kholt__kholt__20220901_135723__1.jpg
/Users/ayush/Downloads/date-fruit-quality-ml/data/maturity/crops/Khalal/kholt__20220901_135736__0.jpg,Khalal,kholt,test,morocco-kholt,/Users/ayush/Downloads/date-fruit-quality-ml/data/quality/maturity/test/Khalal/morocco-kholt__kholt__20220901_135736__0.jpg
/Users/ayush/Downloads/date-fruit-quality-ml/data/maturity/crops/Khalal/kholt__20220901_135736__1.jpg,Khalal,kholt,test,morocco-kholt,/Users/ayush/Downloads/date-fruit-quality-ml/data/quality/maturity/test/Khalal/morocco-kholt__kholt__20220901_135736__1.jpg
/Users/ayush/Downloads/date-fruit-quality-ml/data/maturity/crops/Khalal/kholt__20220901_135806__0.jpg,Khalal,kholt,test,morocco-kholt,/Users/ayush/Downloads/date-fruit-quality-ml/data/quality/maturity/test/Khalal/morocco-kholt__kholt__20220901_135806__0.jpg
/Users/ayush/Downloads/date-fruit-quality-ml/data/maturity/crops/Khalal/kholt__20220901_135806__1.jpg,Khalal,kholt,test,morocco-kholt,/Users/ayush/Downloads/date-fruit-quality-ml/data/quality/maturity/test/Khalal/morocco-kholt__kholt__20220901_135806__1.jpg
/Users/ayush/Downloads/date-fruit-quality-ml/data/maturity/crops/Khalal/kholt__20220901_135817__0.jpg,Khalal,kholt,test,morocco-kholt,/Users/ayush/Downloads/date-fruit-quality-ml/data/quality/maturity/test/Khalal/morocco-kholt__kholt__20220901_135817__0.jpg
/Users/ayush/Downloads/date-fruit-quality-ml/data/maturity/crops/Khalal/kholt__20220901_135832__0.jpg,Khalal,kholt,test,morocco-kholt,/Users/ayush/Downloads/date-fruit-quality-ml/data/quality/maturity/test/Khalal/morocco-kholt__kholt__20220901_135832__0.jpg
/Users/ayush/Downloads/date-fruit-quality-ml/data/maturity/crops/Khalal/kholt__20220901_135832__1.jpg,Khalal,kholt,test,morocco-kholt,/Users/ayush/Downloads/date-fruit-quality-ml/data/quality/maturity/test/Khalal/morocco-kholt__kholt__20220901_135832__1.jpg
/Users/ayush/Downloads/date-fruit-quality-ml/data/maturity/crops/Khalal/kholt__20220901_135843__0.jpg,Khalal,kholt,test,morocco-kholt,/Users/ayush/Downloads/date-fruit-quality-ml/data/quality/maturity/test/Khalal/morocco-kholt__kholt__20220901_135843__0.jpg
/Users/ayush/Downloads/date-fruit-quality-ml/data/maturity/crops/Khalal/kholt__20220901_135843__1.jpg,Khalal,kholt,test,morocco-kholt,/Users/ayush/Downloads/date-fruit-quality-ml/data/quality/maturity/test/Khalal/morocco-kholt__kholt__20220901_135843__1.jpg
/Users/ayush/Downloads/date-fruit-quality-ml/data/maturity/crops/Khalal/kholt__20220901_135843__2.jpg,Khalal,kholt,test,morocco-kholt,/Users/ayush/Downloads/date-fruit-quality-ml/data/quality/maturity/test/Khalal/morocco-kholt__kholt__20220901_135843__2.jpg
/Users/ayush/Downloads/date-fruit-quality-ml/data/maturity/crops/Khalal/kholt__20220901_135859__0.jpg,Khalal,kholt,test,morocco-kholt,/Users/ayush/Downloads/date-fruit-quality-ml/data/quality/maturity/test/Khalal/morocco-kholt__kholt__20220901_135859__0.jpg
/Users/ayush/Downloads/date-fruit-quality-ml/data/maturity/crops/Khalal/kholt__20220901_135859__1.jpg,Khalal,kholt,test,morocco-kholt,/Users/ayush/Downloads/date-fruit-quality-ml/data/quality/maturity/test/Khalal/morocco-kholt__kholt__20220901_135859__1.jpg
/Users/ayush/Downloads/date-fruit-quality-ml/data/maturity/crops/Khalal/kholt__20220901_135925__0.jpg,Khalal,kholt,test,morocco-kholt,/Users/ayush/Downloads/date-fruit-quality-ml/data/quality/maturity/test/Khalal/morocco-kholt__kholt__20220901_135925__0.jpg
/Users/ayush/Downloads/date-fruit-quality-ml/data/maturity/crops/Khalal/kholt__20220901_135938__0.jpg,Khalal,kholt,test,morocco-kholt,/Users/ayush/Downloads/date-fruit-quality-ml/data/quality/maturity/test/Khalal/morocco-kholt__kholt__20220901_135938__0.jpg
/Users/ayush/Downloads/date-fruit-quality-ml/data/maturity/crops/Khalal/kholt__20220901_140005__0.jpg,Khalal,kholt,test,morocco-kholt,/Users/ayush/Downloads/date-fruit-quality-ml/data/quality/maturity/test/Khalal/morocco-kholt__kholt__20220901_140005__0.jpg
/Users/ayush/Downloads/date-fruit-quality-ml/data/maturity/crops/Khalal/kholt__20220901_140028__0.jpg,Khalal,kholt,test,morocco-kholt,/Users/ayush/Downloads/date-fruit-quality-ml/data/quality/maturity/test/Khalal/morocco-kholt__kholt__20220901_140028__0.jpg
/Users/ayush/Downloads/date-fruit-quality-ml/data/maturity/crops/Khalal/kholt__20220901_140028__1.jpg,Khalal,kholt,test,morocco-kholt,/Users/ayush/Downloads/date-fruit-quality-ml/data/quality/maturity/test/Khalal/morocco-kholt__kholt__20220901_140028__1.jpg
/Users/ayush/Downloads/date-fruit-quality-ml/data/maturity/crops/Khalal/kholt__20220901_140048__0.jpg,Khalal,kholt,test,morocco-kholt,/Users/ayush/Downloads/date-fruit-quality-ml/data/quality/maturity/test/Khalal/morocco-kholt__kholt__20220901_140048__0.jpg
/Users/ayush/Downloads/date-fruit-quality-ml/data/maturity/crops/Khalal/kholt__20220901_140200__0.jpg,Khalal,kholt,test,morocco-kholt,/Users/ayush/Downloads/date-fruit-quality-ml/data/quality/maturity/test/Khalal/morocco-kholt__kholt__20220901_140200__0.jpg
/Users/ayush/Downloads/date-fruit-quality-ml/data/maturity/crops/Khalal/kholt__20220901_140200__1.jpg,Khalal,kholt,test,morocco-kholt,/Users/ayush/Downloads/date-fruit-quality-ml/data/quality/maturity/test/Khalal/morocco-kholt__kholt__20220901_140200__1.jpg
/Users/ayush/Downloads/date-fruit-quality-ml/data/maturity/crops/Khalal/kholt__20220901_140211__0.jpg,Khalal,kholt,test,morocco-kholt,/Users/ayush/Downloads/date-fruit-quality-ml/data/quality/maturity/test/Khalal/morocco-kholt__kholt__20220901_140211__0.jpg
/Users/ayush/Downloads/date-fruit-quality-ml/data/maturity/crops/Khalal/kholt__20220901_140249__0.jpg,Khalal,kholt,test,morocco-kholt,/Users/ayush/Downloads/date-fruit-quality-ml/data/quality/maturity/test/Khalal/morocco-kholt__kholt__20220901_140249__0.jpg
/Users/ayush/Downloads/date-fruit-quality-ml/data/maturity/crops/Khalal/kholt__20220901_140249__1.jpg,Khalal,kholt,test,morocco-kholt,/Users/ayush/Downloads/date-fruit-quality-ml/data/quality/maturity/test/Khalal/morocco-kholt__kholt__20220901_140249__1.jpg
/Users/ayush/Downloads/date-fruit-quality-ml/data/maturity/crops/Khalal/kholt__20220901_140249__2.jpg,Khalal,kholt,test,morocco-kholt,/Users/ayush/Downloads/date-fruit-quality-ml/data/quality/maturity/test/Khalal/morocco-kholt__kholt__20220901_140249__2.jpg
/Users/ayush/Downloads/date-fruit-quality-ml/data/maturity/crops/Khalal/kholt__20220901_140302__0.jpg,Khalal,kholt,test,morocco-kholt,/Users/ayush/Downloads/date-fruit-quality-ml/data/quality/maturity/test/Khalal/morocco-kholt__kholt__20220901_140302__0.jpg
/Users/ayush/Downloads/date-fruit-quality-ml/data/maturity/crops/Khalal/kholt__20220901_140315(0)__0.jpg,Khalal,kholt,test,morocco-kholt,/Users/ayush/Downloads/date-fruit-quality-ml/data/quality/maturity/test/Khalal/morocco-kholt__kholt__20220901_140315(0)__0.jpg
/Users/ayush/Downloads/date-fruit-quality-ml/data/maturity/crops/Khalal/kholt__20220901_140315(0)__1.jpg,Khalal,kholt,test,morocco-kholt,/Users/ayush/Downloads/date-fruit-quality-ml/data/quality/maturity/test/Khalal/morocco-kholt__kholt__20220901_140315(0)__1.jpg
/Users/ayush/Downloads/date-fruit-quality-ml/data/maturity/crops/Khalal/kholt__20220901_140327__0.jpg,Khalal,kholt,test,morocco-kholt,/Users/ayush/Downloads/date-fruit-quality-ml/data/quality/maturity/test/Khalal/morocco-kholt__kholt__20220901_140327__0.jpg
/Users/ayush/Downloads/date-fruit-quality-ml/data/maturity/crops/Khalal/kholt__20220901_140338__0.jpg,Khalal,kholt,test,morocco-kholt,/Users/ayush/Downloads/date-fruit-quality-ml/data/quality/maturity/test/Khalal/morocco-kholt__kholt__20220901_140338__0.jpg
/Users/ayush/Downloads/date-fruit-quality-ml/data/maturity/crops/Khalal/kholt__20220901_140406__0.jpg,Khalal,kholt,test,morocco-kholt,/Users/ayush/Downloads/date-fruit-quality-ml/data/quality/maturity/test/Khalal/morocco-kholt__kholt__20220901_140406__0.jpg
/Users/ayush/Downloads/date-fruit-quality-ml/data/maturity/crops/Khalal/kholt__20220901_140419__0.jpg,Khalal,kholt,test,morocco-kholt,/Users/ayush/Downloads/date-fruit-quality-ml/data/quality/maturity/test/Khalal/morocco-kholt__kholt__20220901_140419__0.jpg
/Users/ayush/Downloads/date-fruit-quality-ml/data/maturity/crops/Khalal/kholt__20220901_140431__0.jpg,Khalal,kholt,test,morocco-kholt,/Users/ayush/Downloads/date-fruit-quality-ml/data/quality/maturity/test/Khalal/morocco-kholt__kholt__20220901_140431__0.jpg
/Users/ayush/Downloads/date-fruit-quality-ml/data/maturity/crops/Khalal/kholt__20220901_140506__0.jpg,Khalal,kholt,test,morocco-kholt,/Users/ayush/Downloads/date-fruit-quality-ml/data/quality/maturity/test/Khalal/morocco-kholt__kholt__20220901_140506__0.jpg
/Users/ayush/Downloads/date-fruit-quality-ml/data/maturity/crops/Khalal/kholt__20220901_140506__1.jpg,Khalal,kholt,test,morocco-kholt,/Users/ayush/Downloads/date-fruit-quality-ml/data/quality/maturity/test/Khalal/morocco-kholt__kholt__20220901_140506__1.jpg
/Users/ayush/Downloads/date-fruit-quality-ml/data/maturity/crops/Khalal/kholt__20220901_140522__0.jpg,Khalal,kholt,test,morocco-kholt,/Users/ayush/Downloads/date-fruit-quality-ml/data/quality/maturity/test/Khalal/morocco-kholt__kholt__20220901_140522__0.jpg
/Users/ayush/Downloads/date-fruit-quality-ml/data/maturity/crops/Khalal/kholt__20220901_140522__1.jpg,Khalal,kholt,test,morocco-kholt,/Users/ayush/Downloads/date-fruit-quality-ml/data/quality/maturity/test/Khalal/morocco-kholt__kholt__20220901_140522__1.jpg
/Users/ayush/Downloads/date-fruit-quality-ml/data/maturity/crops/Khalal/kholt__20220901_140552__0.jpg,Khalal,kholt,test,morocco-kholt,/Users/ayush/Downloads/date-fruit-quality-ml/data/quality/maturity/test/Khalal/morocco-kholt__kholt__20220901_140552__0.jpg
/Users/ayush/Downloads/date-fruit-quality-ml/data/maturity/crops/Khalal/kholt__20220901_140552__1.jpg,Khalal,kholt,test,morocco-kholt,/Users/ayush/Downloads/date-fruit-quality-ml/data/quality/maturity/test/Khalal/morocco-kholt__kholt__20220901_140552__1.jpg
/Users/ayush/Downloads/date-fruit-quality-ml/data/maturity/crops/Khalal/kholt__20220901_140552__2.jpg,Khalal,kholt,test,morocco-kholt,/Users/ayush/Downloads/date-fruit-quality-ml/data/quality/maturity/test/Khalal/morocco-kholt__kholt__20220901_140552__2.jpg
/Users/ayush/Downloads/date-fruit-quality-ml/data/maturity/crops/Khalal/kholt__20220901_174725__0.jpg,Khalal,kholt,test,morocco-kholt,/Users/ayush/Downloads/date-fruit-quality-ml/data/quality/maturity/test/Khalal/morocco-kholt__kholt__20220901_174725__0.jpg
/Users/ayush/Downloads/date-fruit-quality-ml/data/maturity/crops/Khalal/kholt__20220901_174725__1.jpg,Khalal,kholt,test,morocco-kholt,/Users/ayush/Downloads/date-fruit-quality-ml/data/quality/maturity/test/Khalal/morocco-kholt__kholt__20220901_174725__1.jpg
/Users/ayush/Downloads/date-fruit-quality-ml/data/maturity/crops/Khalal/kholt__20220901_174725__2.jpg,Khalal,kholt,test,morocco-kholt,/Users/ayush/Downloads/date-fruit-quality-ml/data/quality/maturity/test/Khalal/morocco-kholt__kholt__20220901_174725__2.jpg
/Users/ayush/Downloads/date-fruit-quality-ml/data/maturity/crops/Khalal/kholt__20220901_174736__0.jpg,Khalal,kholt,test,morocco-kholt,/Users/ayush/Downloads/date-fruit-quality-ml/data/quality/maturity/test/Khalal/morocco-kholt__kholt__20220901_174736__0.jpg
/Users/ayush/Downloads/date-fruit-quality-ml/data/maturity/crops/Khalal/kholt__20220901_174736__1.jpg,Khalal,kholt,test,morocco-kholt,/Users/ayush/Downloads/date-fruit-quality-ml/data/quality/maturity/test/Khalal/morocco-kholt__kholt__20220901_174736__1.jpg
/Users/ayush/Downloads/date-fruit-quality-ml/data/maturity/crops/Khalal/kholt__20220901_174750__0.jpg,Khalal,kholt,test,morocco-kholt,/Users/ayush/Downloads/date-fruit-quality-ml/data/quality/maturity/test/Khalal/morocco-kholt__kholt__20220901_174750__0.jpg
/Users/ayush/Downloads/date-fruit-quality-ml/data/maturity/crops/Khalal/kholt__20220901_174750__1.jpg,Khalal,kholt,test,morocco-kholt,/Users/ayush/Downloads/date-fruit-quality-ml/data/quality/maturity/test/Khalal/morocco-kholt__kholt__20220901_174750__1.jpg
/Users/ayush/Downloads/date-fruit-quality-ml/data/maturity/crops/Khalal/kholt__20220901_174750__2.jpg,Khalal,kholt,test,morocco-kholt,/Users/ayush/Downloads/date-fruit-quality-ml/data/quality/maturity/test/Khalal/morocco-kholt__kholt__20220901_174750__2.jpg
/Users/ayush/Downloads/date-fruit-quality-ml/data/maturity/crops/Khalal/kholt__20220901_174800__0.jpg,Khalal,kholt,test,morocco-kholt,/Users/ayush/Downloads/date-fruit-quality-ml/data/quality/maturity/test/Khalal/morocco-kholt__kholt__20220901_174800__0.jpg
/Users/ayush/Downloads/date-fruit-quality-ml/data/maturity/crops/Khalal/kholt__20220901_174800__1.jpg,Khalal,kholt,test,morocco-kholt,/Users/ayush/Downloads/date-fruit-quality-ml/data/quality/maturity/test/Khalal/morocco-kholt__kholt__20220901_174800__1.jpg
/Users/ayush/Downloads/date-fruit-quality-ml/data/maturity/crops/Khalal/kholt__20220901_174800__2.jpg,Khalal,kholt,test,morocco-kholt,/Users/ayush/Downloads/date-fruit-quality-ml/data/quality/maturity/test/Khalal/morocco-kholt__kholt__20220901_174800__2.jpg
/Users/ayush/Downloads/date-fruit-quality-ml/data/maturity/crops/Khalal/kholt__20220901_174809__0.jpg,Khalal,kholt,test,morocco-kholt,/Users/ayush/Downloads/date-fruit-quality-ml/data/quality/maturity/test/Khalal/morocco-kholt__kholt__20220901_174809__0.jpg
/Users/ayush/Downloads/date-fruit-quality-ml/data/maturity/crops/Khalal/kholt__20220901_174824__0.jpg,Khalal,kholt,test,morocco-kholt,/Users/ayush/Downloads/date-fruit-quality-ml/data/quality/maturity/test/Khalal/morocco-kholt__kholt__20220901_174824__0.jpg
/Users/ayush/Downloads/date-fruit-quality-ml/data/maturity/crops/Khalal/kholt__20220901_174824__1.jpg,Khalal,kholt,test,morocco-kholt,/Users/ayush/Downloads/date-fruit-quality-ml/data/quality/maturity/test/Khalal/morocco-kholt__kholt__20220901_174824__1.jpg
/Users/ayush/Downloads/date-fruit-quality-ml/data/maturity/crops/Khalal/kholt__20220901_174833__0.jpg,Khalal,kholt,test,morocco-kholt,/Users/ayush/Downloads/date-fruit-quality-ml/data/quality/maturity/test/Khalal/morocco-kholt__kholt__20220901_174833__0.jpg
/Users/ayush/Downloads/date-fruit-quality-ml/data/maturity/crops/Khalal/kholt__20220901_174842__0.jpg,Khalal,kholt,test,morocco-kholt,/Users/ayush/Downloads/date-fruit-quality-ml/data/quality/maturity/test/Khalal/morocco-kholt__kholt__20220901_174842__0.jpg
/Users/ayush/Downloads/date-fruit-quality-ml/data/maturity/crops/Khalal/kholt__20220901_174842__1.jpg,Khalal,kholt,test,morocco-kholt,/Users/ayush/Downloads/date-fruit-quality-ml/data/quality/maturity/test/Khalal/morocco-kholt__kholt__20220901_174842__1.jpg
/Users/ayush/Downloads/date-fruit-quality-ml/data/maturity/crops/Khalal/kholt__20220901_174849__0.jpg,Khalal,kholt,test,morocco-kholt,/Users/ayush/Downloads/date-fruit-quality-ml/data/quality/maturity/test/Khalal/morocco-kholt__kholt__20220901_174849__0.jpg
/Users/ayush/Downloads/date-fruit-quality-ml/data/maturity/crops/Khalal/kholt__20220901_174855__0.jpg,Khalal,kholt,test,morocco-kholt,/Users/ayush/Downloads/date-fruit-quality-ml/data/quality/maturity/test/Khalal/morocco-kholt__kholt__20220901_174855__0.jpg
/Users/ayush/Downloads/date-fruit-quality-ml/data/maturity/crops/Khalal/kholt__20220901_174902__0.jpg,Khalal,kholt,test,morocco-kholt,/Users/ayush/Downloads/date-fruit-quality-ml/data/quality/maturity/test/Khalal/morocco-kholt__kholt__20220901_174902__0.jpg
/Users/ayush/Downloads/date-fruit-quality-ml/data/maturity/crops/Khalal/kholt__20220901_174902__1.jpg,Khalal,kholt,test,morocco-kholt,/Users/ayush/Downloads/date-fruit-quality-ml/data/quality/maturity/test/Khalal/morocco-kholt__kholt__20220901_174902__1.jpg
/Users/ayush/Downloads/date-fruit-quality-ml/data/maturity/crops/Khalal/kholt__20220901_174911__0.jpg,Khalal,kholt,test,morocco-kholt,/Users/ayush/Downloads/date-fruit-quality-ml/data/quality/maturity/test/Khalal/morocco-kholt__kholt__20220901_174911__0.jpg
/Users/ayush/Downloads/date-fruit-quality-ml/data/maturity/crops/Khalal/kholt__20220901_174919__0.jpg,Khalal,kholt,test,morocco-kholt,/Users/ayush/Downloads/date-fruit-quality-ml/data/quality/maturity/test/Khalal/morocco-kholt__kholt__20220901_174919__0.jpg
/Users/ayush/Downloads/date-fruit-quality-ml/data/maturity/crops/Khalal/kholt__20220901_174919__1.jpg,Khalal,kholt,test,morocco-kholt,/Users/ayush/Downloads/date-fruit-quality-ml/data/quality/maturity/test/Khalal/morocco-kholt__kholt__20220901_174919__1.jpg
/Users/ayush/Downloads/date-fruit-quality-ml/data/maturity/crops/Khalal/kholt__20220901_174930__0.jpg,Khalal,kholt,test,morocco-kholt,/Users/ayush/Downloads/date-fruit-quality-ml/data/quality/maturity/test/Khalal/morocco-kholt__kholt__20220901_174930__0.jpg
/Users/ayush/Downloads/date-fruit-quality-ml/data/maturity/crops/Khalal/kholt__20220901_174930__1.jpg,Khalal,kholt,test,morocco-kholt,/Users/ayush/Downloads/date-fruit-quality-ml/data/quality/maturity/test/Khalal/morocco-kholt__kholt__20220901_174930__1.jpg
/Users/ayush/Downloads/date-fruit-quality-ml/data/maturity/crops/Khalal/kholt__20220901_174930__2.jpg,Khalal,kholt,test,morocco-kholt,/Users/ayush/Downloads/date-fruit-quality-ml/data/quality/maturity/test/Khalal/morocco-kholt__kholt__20220901_174930__2.jpg
/Users/ayush/Downloads/date-fruit-quality-ml/data/maturity/crops/Khalal/kholt__20220901_174941__0.jpg,Khalal,kholt,test,morocco-kholt,/Users/ayush/Downloads/date-fruit-quality-ml/data/quality/maturity/test/Khalal/morocco-kholt__kholt__20220901_174941__0.jpg
/Users/ayush/Downloads/date-fruit-quality-ml/data/maturity/crops/Khalal/kholt__20220901_174947__0.jpg,Khalal,kholt,test,morocco-kholt,/Users/ayush/Downloads/date-fruit-quality-ml/data/quality/maturity/test/Khalal/morocco-kholt__kholt__20220901_174947__0.jpg
/Users/ayush/Downloads/date-fruit-quality-ml/data/maturity/crops/Khalal/kholt__20220901_174947__1.jpg,Khalal,kholt,test,morocco-kholt,/Users/ayush/Downloads/date-fruit-quality-ml/data/quality/maturity/test/Khalal/morocco-kholt__kholt__20220901_174947__1.jpg
/Users/ayush/Downloads/date-fruit-quality-ml/data/maturity/crops/Khalal/kholt__20220901_174947__2.jpg,Khalal,kholt,test,morocco-kholt,/Users/ayush/Downloads/date-fruit-quality-ml/data/quality/maturity/test/Khalal/morocco-kholt__kholt__20220901_174947__2.jpg
/Users/ayush/Downloads/date-fruit-quality-ml/data/maturity/crops/Khalal/kholt__20220901_174947__3.jpg,Khalal,kholt,test,morocco-kholt,/Users/ayush/Downloads/date-fruit-quality-ml/data/quality/maturity/test/Khalal/morocco-kholt__kholt__20220901_174947__3.jpg
/Users/ayush/Downloads/date-fruit-quality-ml/data/maturity/crops/Khalal/kholt__20220901_175002__0.jpg,Khalal,kholt,test,morocco-kholt,/Users/ayush/Downloads/date-fruit-quality-ml/data/quality/maturity/test/Khalal/morocco-kholt__kholt__20220901_175002__0.jpg
/Users/ayush/Downloads/date-fruit-quality-ml/data/maturity/crops/Khalal/kholt__20220901_175002__1.jpg,Khalal,kholt,test,morocco-kholt,/Users/ayush/Downloads/date-fruit-quality-ml/data/quality/maturity/test/Khalal/morocco-kholt__kholt__20220901_175002__1.jpg
/Users/ayush/Downloads/date-fruit-quality-ml/data/maturity/crops/Khalal/kholt__20220901_175008__0.jpg,Khalal,kholt,test,morocco-kholt,/Users/ayush/Downloads/date-fruit-quality-ml/data/quality/maturity/test/Khalal/morocco-kholt__kholt__20220901_175008__0.jpg
/Users/ayush/Downloads/date-fruit-quality-ml/data/maturity/crops/Khalal/kholt__20220901_175008__1.jpg,Khalal,kholt,test,morocco-kholt,/Users/ayush/Downloads/date-fruit-quality-ml/data/quality/maturity/test/Khalal/morocco-kholt__kholt__20220901_175008__1.jpg
/Users/ayush/Downloads/date-fruit-quality-ml/data/maturity/crops/Khalal/kholt__20220901_175013__0.jpg,Khalal,kholt,test,morocco-kholt,/Users/ayush/Downloads/date-fruit-quality-ml/data/quality/maturity/test/Khalal/morocco-kholt__kholt__20220901_175013__0.jpg
/Users/ayush/Downloads/date-fruit-quality-ml/data/maturity/crops/Khalal/kholt__20220901_175013__1.jpg,Khalal,kholt,test,morocco-kholt,/Users/ayush/Downloads/date-fruit-quality-ml/data/quality/maturity/test/Khalal/morocco-kholt__kholt__20220901_175013__1.jpg
/Users/ayush/Downloads/date-fruit-quality-ml/data/maturity/crops/Khalal/kholt__20220901_175022__0.jpg,Khalal,kholt,test,morocco-kholt,/Users/ayush/Downloads/date-fruit-quality-ml/data/quality/maturity/test/Khalal/morocco-kholt__kholt__20220901_175022__0.jpg
/Users/ayush/Downloads/date-fruit-quality-ml/data/maturity/crops/Khalal/kholt__20220901_175035__0.jpg,Khalal,kholt,test,morocco-kholt,/Users/ayush/Downloads/date-fruit-quality-ml/data/quality/maturity/test/Khalal/morocco-kholt__kholt__20220901_175035__0.jpg
/Users/ayush/Downloads/date-fruit-quality-ml/data/maturity/crops/Khalal/kholt__20220901_175035__1.jpg,Khalal,kholt,test,morocco-kholt,/Users/ayush/Downloads/date-fruit-quality-ml/data/quality/maturity/test/Khalal/morocco-kholt__kholt__20220901_175035__1.jpg
/Users/ayush/Downloads/date-fruit-quality-ml/data/maturity/crops/Khalal/kholt__20220901_175047__0.jpg,Khalal,kholt,test,morocco-kholt,/Users/ayush/Downloads/date-fruit-quality-ml/data/quality/maturity/test/Khalal/morocco-kholt__kholt__20220901_175047__0.jpg
/Users/ayush/Downloads/date-fruit-quality-ml/data/maturity/crops/Khalal/kholt__20220901_175101__0.jpg,Khalal,kholt,test,morocco-kholt,/Users/ayush/Downloads/date-fruit-quality-ml/data/quality/maturity/test/Khalal/morocco-kholt__kholt__20220901_175101__0.jpg
/Users/ayush/Downloads/date-fruit-quality-ml/data/maturity/crops/Khalal/kholt__20220901_175101__1.jpg,Khalal,kholt,test,morocco-kholt,/Users/ayush/Downloads/date-fruit-quality-ml/data/quality/maturity/test/Khalal/morocco-kholt__kholt__20220901_175101__1.jpg
/Users/ayush/Downloads/date-fruit-quality-ml/data/maturity/crops/Khalal/kholt__20220901_175101__2.jpg,Khalal,kholt,test,morocco-kholt,/Users/ayush/Downloads/date-fruit-quality-ml/data/quality/maturity/test/Khalal/morocco-kholt__kholt__20220901_175101__2.jpg
/Users/ayush/Downloads/date-fruit-quality-ml/data/maturity/crops/Khalal/kholt__20220901_175101__3.jpg,Khalal,kholt,test,morocco-kholt,/Users/ayush/Downloads/date-fruit-quality-ml/data/quality/maturity/test/Khalal/morocco-kholt__kholt__20220901_175101__3.jpg
/Users/ayush/Downloads/date-fruit-quality-ml/data/maturity/crops/Khalal/kholt__20220901_175109__0.jpg,Khalal,kholt,test,morocco-kholt,/Users/ayush/Downloads/date-fruit-quality-ml/data/quality/maturity/test/Khalal/morocco-kholt__kholt__20220901_175109__0.jpg
/Users/ayush/Downloads/date-fruit-quality-ml/data/maturity/crops/Khalal/kholt__20220901_175109__1.jpg,Khalal,kholt,test,morocco-kholt,/Users/ayush/Downloads/date-fruit-quality-ml/data/quality/maturity/test/Khalal/morocco-kholt__kholt__20220901_175109__1.jpg
/Users/ayush/Downloads/date-fruit-quality-ml/data/maturity/crops/Rutab/kholt__20220918_141826__0.jpg,Rutab,kholt,test,morocco-kholt,/Users/ayush/Downloads/date-fruit-quality-ml/data/quality/maturity/test/Rutab/morocco-kholt__kholt__20220918_141826__0.jpg
/Users/ayush/Downloads/date-fruit-quality-ml/data/maturity/crops/Rutab/kholt__20220918_141826__1.jpg,Rutab,kholt,test,morocco-kholt,/Users/ayush/Downloads/date-fruit-quality-ml/data/quality/maturity/test/Rutab/morocco-kholt__kholt__20220918_141826__1.jpg
/Users/ayush/Downloads/date-fruit-quality-ml/data/maturity/crops/Rutab/kholt__20220918_141907__0.jpg,Rutab,kholt,test,morocco-kholt,/Users/ayush/Downloads/date-fruit-quality-ml/data/quality/maturity/test/Rutab/morocco-kholt__kholt__20220918_141907__0.jpg
/Users/ayush/Downloads/date-fruit-quality-ml/data/maturity/crops/Rutab/kholt__20220918_141939__0.jpg,Rutab,kholt,test,morocco-kholt,/Users/ayush/Downloads/date-fruit-quality-ml/data/quality/maturity/test/Rutab/morocco-kholt__kholt__20220918_141939__0.jpg
/Users/ayush/Downloads/date-fruit-quality-ml/data/maturity/crops/Rutab/kholt__20220918_142004__0.jpg,Rutab,kholt,test,morocco-kholt,/Users/ayush/Downloads/date-fruit-quality-ml/data/quality/maturity/test/Rutab/morocco-kholt__kholt__20220918_142004__0.jpg
/Users/ayush/Downloads/date-fruit-quality-ml/data/maturity/crops/Rutab/kholt__20220918_142044(0)__0.jpg,Rutab,kholt,test,morocco-kholt,/Users/ayush/Downloads/date-fruit-quality-ml/data/quality/maturity/test/Rutab/morocco-kholt__kholt__20220918_142044(0)__0.jpg
/Users/ayush/Downloads/date-fruit-quality-ml/data/maturity/crops/Rutab/kholt__20220918_142044(0)__1.jpg,Rutab,kholt,test,morocco-kholt,/Users/ayush/Downloads/date-fruit-quality-ml/data/quality/maturity/test/Rutab/morocco-kholt__kholt__20220918_142044(0)__1.jpg
/Users/ayush/Downloads/date-fruit-quality-ml/data/maturity/crops/Rutab/kholt__20220918_142124__0.jpg,Rutab,kholt,test,morocco-kholt,/Users/ayush/Downloads/date-fruit-quality-ml/data/quality/maturity/test/Rutab/morocco-kholt__kholt__20220918_142124__0.jpg
/Users/ayush/Downloads/date-fruit-quality-ml/data/maturity/crops/Rutab/kholt__20220918_142124__1.jpg,Rutab,kholt,test,morocco-kholt,/Users/ayush/Downloads/date-fruit-quality-ml/data/quality/maturity/test/Rutab/morocco-kholt__kholt__20220918_142124__1.jpg
/Users/ayush/Downloads/date-fruit-quality-ml/data/maturity/crops/Rutab/kholt__20220918_142212__0.jpg,Rutab,kholt,test,morocco-kholt,/Users/ayush/Downloads/date-fruit-quality-ml/data/quality/maturity/test/Rutab/morocco-kholt__kholt__20220918_142212__0.jpg
/Users/ayush/Downloads/date-fruit-quality-ml/data/maturity/crops/Rutab/kholt__20220918_142212__1.jpg,Rutab,kholt,test,morocco-kholt,/Users/ayush/Downloads/date-fruit-quality-ml/data/quality/maturity/test/Rutab/morocco-kholt__kholt__20220918_142212__1.jpg
/Users/ayush/Downloads/date-fruit-quality-ml/data/maturity/crops/Rutab/kholt__20220918_142250__0.jpg,Rutab,kholt,test,morocco-kholt,/Users/ayush/Downloads/date-fruit-quality-ml/data/quality/maturity/test/Rutab/morocco-kholt__kholt__20220918_142250__0.jpg
/Users/ayush/Downloads/date-fruit-quality-ml/data/maturity/crops/Rutab/kholt__20220918_142321__0.jpg,Rutab,kholt,test,morocco-kholt,/Users/ayush/Downloads/date-fruit-quality-ml/data/quality/maturity/test/Rutab/morocco-kholt__kholt__20220918_142321__0.jpg
/Users/ayush/Downloads/date-fruit-quality-ml/data/maturity/crops/Rutab/kholt__20220918_142321__1.jpg,Rutab,kholt,test,morocco-kholt,/Users/ayush/Downloads/date-fruit-quality-ml/data/quality/maturity/test/Rutab/morocco-kholt__kholt__20220918_142321__1.jpg
/Users/ayush/Downloads/date-fruit-quality-ml/data/maturity/crops/Rutab/kholt__20220918_142355__0.jpg,Rutab,kholt,test,morocco-kholt,/Users/ayush/Downloads/date-fruit-quality-ml/data/quality/maturity/test/Rutab/morocco-kholt__kholt__20220918_142355__0.jpg
/Users/ayush/Downloads/date-fruit-quality-ml/data/maturity/crops/Rutab/kholt__20220918_142355__1.jpg,Rutab,kholt,test,morocco-kholt,/Users/ayush/Downloads/date-fruit-quality-ml/data/quality/maturity/test/Rutab/morocco-kholt__kholt__20220918_142355__1.jpg
/Users/ayush/Downloads/date-fruit-quality-ml/data/maturity/crops/Rutab/kholt__20220918_142422__0.jpg,Rutab,kholt,test,morocco-kholt,/Users/ayush/Downloads/date-fruit-quality-ml/data/quality/maturity/test/Rutab/morocco-kholt__kholt__20220918_142422__0.jpg
/Users/ayush/Downloads/date-fruit-quality-ml/data/maturity/crops/Rutab/kholt__20220918_142422__1.jpg,Rutab,kholt,test,morocco-kholt,/Users/ayush/Downloads/date-fruit-quality-ml/data/quality/maturity/test/Rutab/morocco-kholt__kholt__20220918_142422__1.jpg
/Users/ayush/Downloads/date-fruit-quality-ml/data/maturity/crops/Rutab/kholt__20220918_142452__0.jpg,Rutab,kholt,test,morocco-kholt,/Users/ayush/Downloads/date-fruit-quality-ml/data/quality/maturity/test/Rutab/morocco-kholt__kholt__20220918_142452__0.jpg
/Users/ayush/Downloads/date-fruit-quality-ml/data/maturity/crops/Rutab/kholt__20220918_142452__1.jpg,Rutab,kholt,test,morocco-kholt,/Users/ayush/Downloads/date-fruit-quality-ml/data/quality/maturity/test/Rutab/morocco-kholt__kholt__20220918_142452__1.jpg
/Users/ayush/Downloads/date-fruit-quality-ml/data/maturity/crops/Rutab/kholt__20220918_142452__2.jpg,Rutab,kholt,test,morocco-kholt,/Users/ayush/Downloads/date-fruit-quality-ml/data/quality/maturity/test/Rutab/morocco-kholt__kholt__20220918_142452__2.jpg
/Users/ayush/Downloads/date-fruit-quality-ml/data/maturity/crops/Rutab/kholt__20220918_142507__0.jpg,Rutab,kholt,test,morocco-kholt,/Users/ayush/Downloads/date-fruit-quality-ml/data/quality/maturity/test/Rutab/morocco-kholt__kholt__20220918_142507__0.jpg
/Users/ayush/Downloads/date-fruit-quality-ml/data/maturity/crops/Rutab/kholt__20220918_142507__1.jpg,Rutab,kholt,test,morocco-kholt,/Users/ayush/Downloads/date-fruit-quality-ml/data/quality/maturity/test/Rutab/morocco-kholt__kholt__20220918_142507__1.jpg
/Users/ayush/Downloads/date-fruit-quality-ml/data/maturity/crops/Rutab/kholt__20220918_142507__2.jpg,Rutab,kholt,test,morocco-kholt,/Users/ayush/Downloads/date-fruit-quality-ml/data/quality/maturity/test/Rutab/morocco-kholt__kholt__20220918_142507__2.jpg
/Users/ayush/Downloads/date-fruit-quality-ml/data/maturity/crops/Rutab/kholt__20220918_142543__0.jpg,Rutab,kholt,test,morocco-kholt,/Users/ayush/Downloads/date-fruit-quality-ml/data/quality/maturity/test/Rutab/morocco-kholt__kholt__20220918_142543__0.jpg
/Users/ayush/Downloads/date-fruit-quality-ml/data/maturity/crops/Rutab/kholt__20220918_142614__0.jpg,Rutab,kholt,test,morocco-kholt,/Users/ayush/Downloads/date-fruit-quality-ml/data/quality/maturity/test/Rutab/morocco-kholt__kholt__20220918_142614__0.jpg
/Users/ayush/Downloads/date-fruit-quality-ml/data/maturity/crops/Rutab/kholt__20220918_142614__1.jpg,Rutab,kholt,test,morocco-kholt,/Users/ayush/Downloads/date-fruit-quality-ml/data/quality/maturity/test/Rutab/morocco-kholt__kholt__20220918_142614__1.jpg
/Users/ayush/Downloads/date-fruit-quality-ml/data/maturity/crops/Rutab/kholt__20220918_142634__0.jpg,Rutab,kholt,test,morocco-kholt,/Users/ayush/Downloads/date-fruit-quality-ml/data/quality/maturity/test/Rutab/morocco-kholt__kholt__20220918_142634__0.jpg
/Users/ayush/Downloads/date-fruit-quality-ml/data/maturity/crops/Rutab/kholt__20220918_142702__0.jpg,Rutab,kholt,test,morocco-kholt,/Users/ayush/Downloads/date-fruit-quality-ml/data/quality/maturity/test/Rutab/morocco-kholt__kholt__20220918_142702__0.jpg
/Users/ayush/Downloads/date-fruit-quality-ml/data/maturity/crops/Rutab/kholt__20220918_142730__0.jpg,Rutab,kholt,test,morocco-kholt,/Users/ayush/Downloads/date-fruit-quality-ml/data/quality/maturity/test/Rutab/morocco-kholt__kholt__20220918_142730__0.jpg
/Users/ayush/Downloads/date-fruit-quality-ml/data/maturity/crops/Rutab/kholt__20220918_142730__1.jpg,Rutab,kholt,test,morocco-kholt,/Users/ayush/Downloads/date-fruit-quality-ml/data/quality/maturity/test/Rutab/morocco-kholt__kholt__20220918_142730__1.jpg
/Users/ayush/Downloads/date-fruit-quality-ml/data/maturity/crops/Rutab/kholt__20220918_142818__0.jpg,Rutab,kholt,test,morocco-kholt,/Users/ayush/Downloads/date-fruit-quality-ml/data/quality/maturity/test/Rutab/morocco-kholt__kholt__20220918_142818__0.jpg
/Users/ayush/Downloads/date-fruit-quality-ml/data/maturity/crops/Rutab/kholt__20220918_142848__0.jpg,Rutab,kholt,test,morocco-kholt,/Users/ayush/Downloads/date-fruit-quality-ml/data/quality/maturity/test/Rutab/morocco-kholt__kholt__20220918_142848__0.jpg
/Users/ayush/Downloads/date-fruit-quality-ml/data/maturity/crops/Rutab/kholt__20220918_142848__1.jpg,Rutab,kholt,test,morocco-kholt,/Users/ayush/Downloads/date-fruit-quality-ml/data/quality/maturity/test/Rutab/morocco-kholt__kholt__20220918_142848__1.jpg
/Users/ayush/Downloads/date-fruit-quality-ml/data/maturity/crops/Rutab/kholt__20220918_142848__2.jpg,Rutab,kholt,test,morocco-kholt,/Users/ayush/Downloads/date-fruit-quality-ml/data/quality/maturity/test/Rutab/morocco-kholt__kholt__20220918_142848__2.jpg
/Users/ayush/Downloads/date-fruit-quality-ml/data/maturity/crops/Rutab/kholt__20220918_143124__0.jpg,Rutab,kholt,test,morocco-kholt,/Users/ayush/Downloads/date-fruit-quality-ml/data/quality/maturity/test/Rutab/morocco-kholt__kholt__20220918_143124__0.jpg
/Users/ayush/Downloads/date-fruit-quality-ml/data/maturity/crops/Rutab/kholt__20220918_143156__0.jpg,Rutab,kholt,test,morocco-kholt,/Users/ayush/Downloads/date-fruit-quality-ml/data/quality/maturity/test/Rutab/morocco-kholt__kholt__20220918_143156__0.jpg
/Users/ayush/Downloads/date-fruit-quality-ml/data/maturity/crops/Rutab/kholt__20220918_145726__0.jpg,Rutab,kholt,test,morocco-kholt,/Users/ayush/Downloads/date-fruit-quality-ml/data/quality/maturity/test/Rutab/morocco-kholt__kholt__20220918_145726__0.jpg
/Users/ayush/Downloads/date-fruit-quality-ml/data/maturity/crops/Rutab/kholt__20220918_145726__1.jpg,Rutab,kholt,test,morocco-kholt,/Users/ayush/Downloads/date-fruit-quality-ml/data/quality/maturity/test/Rutab/morocco-kholt__kholt__20220918_145726__1.jpg
/Users/ayush/Downloads/date-fruit-quality-ml/data/maturity/crops/Rutab/kholt__20220925_121249__0.jpg,Rutab,kholt,test,morocco-kholt,/Users/ayush/Downloads/date-fruit-quality-ml/data/quality/maturity/test/Rutab/morocco-kholt__kholt__20220925_121249__0.jpg
/Users/ayush/Downloads/date-fruit-quality-ml/data/maturity/crops/Rutab/kholt__20220925_121249__1.jpg,Rutab,kholt,test,morocco-kholt,/Users/ayush/Downloads/date-fruit-quality-ml/data/quality/maturity/test/Rutab/morocco-kholt__kholt__20220925_121249__1.jpg
/Users/ayush/Downloads/date-fruit-quality-ml/data/maturity/crops/Rutab/kholt__20220925_121249__2.jpg,Rutab,kholt,test,morocco-kholt,/Users/ayush/Downloads/date-fruit-quality-ml/data/quality/maturity/test/Rutab/morocco-kholt__kholt__20220925_121249__2.jpg
/Users/ayush/Downloads/date-fruit-quality-ml/data/maturity/crops/Rutab/kholt__20220925_121314__0.jpg,Rutab,kholt,test,morocco-kholt,/Users/ayush/Downloads/date-fruit-quality-ml/data/quality/maturity/test/Rutab/morocco-kholt__kholt__20220925_121314__0.jpg
/Users/ayush/Downloads/date-fruit-quality-ml/data/maturity/crops/Rutab/kholt__20220925_121337__0.jpg,Rutab,kholt,test,morocco-kholt,/Users/ayush/Downloads/date-fruit-quality-ml/data/quality/maturity/test/Rutab/morocco-kholt__kholt__20220925_121337__0.jpg
/Users/ayush/Downloads/date-fruit-quality-ml/data/maturity/crops/Rutab/kholt__20220925_121337__1.jpg,Rutab,kholt,test,morocco-kholt,/Users/ayush/Downloads/date-fruit-quality-ml/data/quality/maturity/test/Rutab/morocco-kholt__kholt__20220925_121337__1.jpg
/Users/ayush/Downloads/date-fruit-quality-ml/data/maturity/crops/Rutab/kholt__20220925_121356__0.jpg,Rutab,kholt,test,morocco-kholt,/Users/ayush/Downloads/date-fruit-quality-ml/data/quality/maturity/test/Rutab/morocco-kholt__kholt__20220925_121356__0.jpg
/Users/ayush/Downloads/date-fruit-quality-ml/data/maturity/crops/Rutab/kholt__20220925_121423__0.jpg,Rutab,kholt,test,morocco-kholt,/Users/ayush/Downloads/date-fruit-quality-ml/data/quality/maturity/test/Rutab/morocco-kholt__kholt__20220925_121423__0.jpg
/Users/ayush/Downloads/date-fruit-quality-ml/data/maturity/crops/Rutab/kholt__20220925_121423__1.jpg,Rutab,kholt,test,morocco-kholt,/Users/ayush/Downloads/date-fruit-quality-ml/data/quality/maturity/test/Rutab/morocco-kholt__kholt__20220925_121423__1.jpg
/Users/ayush/Downloads/date-fruit-quality-ml/data/maturity/crops/Rutab/kholt__20220925_121443__0.jpg,Rutab,kholt,test,morocco-kholt,/Users/ayush/Downloads/date-fruit-quality-ml/data/quality/maturity/test/Rutab/morocco-kholt__kholt__20220925_121443__0.jpg
/Users/ayush/Downloads/date-fruit-quality-ml/data/maturity/crops/Rutab/kholt__20220925_121443__1.jpg,Rutab,kholt,test,morocco-kholt,/Users/ayush/Downloads/date-fruit-quality-ml/data/quality/maturity/test/Rutab/morocco-kholt__kholt__20220925_121443__1.jpg
/Users/ayush/Downloads/date-fruit-quality-ml/data/maturity/crops/Rutab/kholt__20220925_121443__2.jpg,Rutab,kholt,test,morocco-kholt,/Users/ayush/Downloads/date-fruit-quality-ml/data/quality/maturity/test/Rutab/morocco-kholt__kholt__20220925_121443__2.jpg
/Users/ayush/Downloads/date-fruit-quality-ml/data/maturity/crops/Rutab/kholt__20220925_121503__0.jpg,Rutab,kholt,test,morocco-kholt,/Users/ayush/Downloads/date-fruit-quality-ml/data/quality/maturity/test/Rutab/morocco-kholt__kholt__20220925_121503__0.jpg
/Users/ayush/Downloads/date-fruit-quality-ml/data/maturity/crops/Rutab/kholt__20220925_121525__0.jpg,Rutab,kholt,test,morocco-kholt,/Users/ayush/Downloads/date-fruit-quality-ml/data/quality/maturity/test/Rutab/morocco-kholt__kholt__20220925_121525__0.jpg
/Users/ayush/Downloads/date-fruit-quality-ml/data/maturity/crops/Rutab/kholt__20220925_121554__0.jpg,Rutab,kholt,test,morocco-kholt,/Users/ayush/Downloads/date-fruit-quality-ml/data/quality/maturity/test/Rutab/morocco-kholt__kholt__20220925_121554__0.jpg
/Users/ayush/Downloads/date-fruit-quality-ml/data/maturity/crops/Rutab/kholt__20220925_121616__0.jpg,Rutab,kholt,test,morocco-kholt,/Users/ayush/Downloads/date-fruit-quality-ml/data/quality/maturity/test/Rutab/morocco-kholt__kholt__20220925_121616__0.jpg
/Users/ayush/Downloads/date-fruit-quality-ml/data/maturity/crops/Rutab/kholt__20220925_121644__0.jpg,Rutab,kholt,test,morocco-kholt,/Users/ayush/Downloads/date-fruit-quality-ml/data/quality/maturity/test/Rutab/morocco-kholt__kholt__20220925_121644__0.jpg
/Users/ayush/Downloads/date-fruit-quality-ml/data/maturity/crops/Rutab/kholt__20220925_121708__0.jpg,Rutab,kholt,test,morocco-kholt,/Users/ayush/Downloads/date-fruit-quality-ml/data/quality/maturity/test/Rutab/morocco-kholt__kholt__20220925_121708__0.jpg
/Users/ayush/Downloads/date-fruit-quality-ml/data/maturity/crops/Rutab/kholt__20220925_121733__0.jpg,Rutab,kholt,test,morocco-kholt,/Users/ayush/Downloads/date-fruit-quality-ml/data/quality/maturity/test/Rutab/morocco-kholt__kholt__20220925_121733__0.jpg
/Users/ayush/Downloads/date-fruit-quality-ml/data/maturity/crops/Rutab/kholt__20220925_121811__0.jpg,Rutab,kholt,test,morocco-kholt,/Users/ayush/Downloads/date-fruit-quality-ml/data/quality/maturity/test/Rutab/morocco-kholt__kholt__20220925_121811__0.jpg
/Users/ayush/Downloads/date-fruit-quality-ml/data/maturity/crops/Rutab/kholt__20220925_121843__0.jpg,Rutab,kholt,test,morocco-kholt,/Users/ayush/Downloads/date-fruit-quality-ml/data/quality/maturity/test/Rutab/morocco-kholt__kholt__20220925_121843__0.jpg
/Users/ayush/Downloads/date-fruit-quality-ml/data/maturity/crops/Rutab/kholt__20220925_122546__0.jpg,Rutab,kholt,test,morocco-kholt,/Users/ayush/Downloads/date-fruit-quality-ml/data/quality/maturity/test/Rutab/morocco-kholt__kholt__20220925_122546__0.jpg
/Users/ayush/Downloads/date-fruit-quality-ml/data/maturity/crops/Rutab/kholt__20220925_122546__1.jpg,Rutab,kholt,test,morocco-kholt,/Users/ayush/Downloads/date-fruit-quality-ml/data/quality/maturity/test/Rutab/morocco-kholt__kholt__20220925_122546__1.jpg
/Users/ayush/Downloads/date-fruit-quality-ml/data/maturity/crops/Rutab/kholt__20220925_122603__0.jpg,Rutab,kholt,test,morocco-kholt,/Users/ayush/Downloads/date-fruit-quality-ml/data/quality/maturity/test/Rutab/morocco-kholt__kholt__20220925_122603__0.jpg
/Users/ayush/Downloads/date-fruit-quality-ml/data/maturity/crops/Rutab/kholt__20220925_122603__1.jpg,Rutab,kholt,test,morocco-kholt,/Users/ayush/Downloads/date-fruit-quality-ml/data/quality/maturity/test/Rutab/morocco-kholt__kholt__20220925_122603__1.jpg
/Users/ayush/Downloads/date-fruit-quality-ml/data/maturity/crops/Rutab/kholt__20220925_122603__2.jpg,Rutab,kholt,test,morocco-kholt,/Users/ayush/Downloads/date-fruit-quality-ml/data/quality/maturity/test/Rutab/morocco-kholt__kholt__20220925_122603__2.jpg
/Users/ayush/Downloads/date-fruit-quality-ml/data/maturity/crops/Rutab/kholt__20220925_122623(0)__0.jpg,Rutab,kholt,test,morocco-kholt,/Users/ayush/Downloads/date-fruit-quality-ml/data/quality/maturity/test/Rutab/morocco-kholt__kholt__20220925_122623(0)__0.jpg
/Users/ayush/Downloads/date-fruit-quality-ml/data/maturity/crops/Rutab/kholt__20220925_122623(0)__1.jpg,Rutab,kholt,test,morocco-kholt,/Users/ayush/Downloads/date-fruit-quality-ml/data/quality/maturity/test/Rutab/morocco-kholt__kholt__20220925_122623(0)__1.jpg
/Users/ayush/Downloads/date-fruit-quality-ml/data/maturity/crops/Rutab/kholt__20220925_122638__0.jpg,Rutab,kholt,test,morocco-kholt,/Users/ayush/Downloads/date-fruit-quality-ml/data/quality/maturity/test/Rutab/morocco-kholt__kholt__20220925_122638__0.jpg
/Users/ayush/Downloads/date-fruit-quality-ml/data/maturity/crops/Rutab/kholt__20220925_122638__2.jpg,Rutab,kholt,test,morocco-kholt,/Users/ayush/Downloads/date-fruit-quality-ml/data/quality/maturity/test/Rutab/morocco-kholt__kholt__20220925_122638__2.jpg
/Users/ayush/Downloads/date-fruit-quality-ml/data/maturity/crops/Rutab/kholt__20220925_122708__0.jpg,Rutab,kholt,test,morocco-kholt,/Users/ayush/Downloads/date-fruit-quality-ml/data/quality/maturity/test/Rutab/morocco-kholt__kholt__20220925_122708__0.jpg
/Users/ayush/Downloads/date-fruit-quality-ml/data/maturity/crops/Rutab/kholt__20220925_122723__0.jpg,Rutab,kholt,test,morocco-kholt,/Users/ayush/Downloads/date-fruit-quality-ml/data/quality/maturity/test/Rutab/morocco-kholt__kholt__20220925_122723__0.jpg
/Users/ayush/Downloads/date-fruit-quality-ml/data/maturity/crops/Rutab/kholt__20220925_122723__1.jpg,Rutab,kholt,test,morocco-kholt,/Users/ayush/Downloads/date-fruit-quality-ml/data/quality/maturity/test/Rutab/morocco-kholt__kholt__20220925_122723__1.jpg
/Users/ayush/Downloads/date-fruit-quality-ml/data/maturity/crops/Rutab/kholt__20220925_122734__0.jpg,Rutab,kholt,test,morocco-kholt,/Users/ayush/Downloads/date-fruit-quality-ml/data/quality/maturity/test/Rutab/morocco-kholt__kholt__20220925_122734__0.jpg
/Users/ayush/Downloads/date-fruit-quality-ml/data/maturity/crops/Rutab/kholt__20220925_122734__1.jpg,Rutab,kholt,test,morocco-kholt,/Users/ayush/Downloads/date-fruit-quality-ml/data/quality/maturity/test/Rutab/morocco-kholt__kholt__20220925_122734__1.jpg
/Users/ayush/Downloads/date-fruit-quality-ml/data/maturity/crops/Rutab/kholt__20220925_122750__0.jpg,Rutab,kholt,test,morocco-kholt,/Users/ayush/Downloads/date-fruit-quality-ml/data/quality/maturity/test/Rutab/morocco-kholt__kholt__20220925_122750__0.jpg
/Users/ayush/Downloads/date-fruit-quality-ml/data/maturity/crops/Rutab/kholt__20220925_122750__1.jpg,Rutab,kholt,test,morocco-kholt,/Users/ayush/Downloads/date-fruit-quality-ml/data/quality/maturity/test/Rutab/morocco-kholt__kholt__20220925_122750__1.jpg
/Users/ayush/Downloads/date-fruit-quality-ml/data/maturity/crops/Rutab/kholt__20220925_122800(0)__0.jpg,Rutab,kholt,test,morocco-kholt,/Users/ayush/Downloads/date-fruit-quality-ml/data/quality/maturity/test/Rutab/morocco-kholt__kholt__20220925_122800(0)__0.jpg
/Users/ayush/Downloads/date-fruit-quality-ml/data/maturity/crops/Rutab/kholt__20220925_122800(0)__1.jpg,Rutab,kholt,test,morocco-kholt,/Users/ayush/Downloads/date-fruit-quality-ml/data/quality/maturity/test/Rutab/morocco-kholt__kholt__20220925_122800(0)__1.jpg
/Users/ayush/Downloads/date-fruit-quality-ml/data/maturity/crops/Rutab/kholt__20220925_122800(0)__2.jpg,Rutab,kholt,test,morocco-kholt,/Users/ayush/Downloads/date-fruit-quality-ml/data/quality/maturity/test/Rutab/morocco-kholt__kholt__20220925_122800(0)__2.jpg
/Users/ayush/Downloads/date-fruit-quality-ml/data/maturity/crops/Rutab/kholt__20220925_122816__0.jpg,Rutab,kholt,test,morocco-kholt,/Users/ayush/Downloads/date-fruit-quality-ml/data/quality/maturity/test/Rutab/morocco-kholt__kholt__20220925_122816__0.jpg
/Users/ayush/Downloads/date-fruit-quality-ml/data/maturity/crops/Rutab/kholt__20220925_122816__1.jpg,Rutab,kholt,test,morocco-kholt,/Users/ayush/Downloads/date-fruit-quality-ml/data/quality/maturity/test/Rutab/morocco-kholt__kholt__20220925_122816__1.jpg
/Users/ayush/Downloads/date-fruit-quality-ml/data/maturity/crops/Rutab/kholt__20220925_122816__2.jpg,Rutab,kholt,test,morocco-kholt,/Users/ayush/Downloads/date-fruit-quality-ml/data/quality/maturity/test/Rutab/morocco-kholt__kholt__20220925_122816__2.jpg
/Users/ayush/Downloads/date-fruit-quality-ml/data/maturity/crops/Rutab/kholt__20220925_122832__0.jpg,Rutab,kholt,test,morocco-kholt,/Users/ayush/Downloads/date-fruit-quality-ml/data/quality/maturity/test/Rutab/morocco-kholt__kholt__20220925_122832__0.jpg
/Users/ayush/Downloads/date-fruit-quality-ml/data/maturity/crops/Rutab/kholt__20220925_122832__1.jpg,Rutab,kholt,test,morocco-kholt,/Users/ayush/Downloads/date-fruit-quality-ml/data/quality/maturity/test/Rutab/morocco-kholt__kholt__20220925_122832__1.jpg
/Users/ayush/Downloads/date-fruit-quality-ml/data/maturity/crops/Rutab/kholt__20220925_122844__0.jpg,Rutab,kholt,test,morocco-kholt,/Users/ayush/Downloads/date-fruit-quality-ml/data/quality/maturity/test/Rutab/morocco-kholt__kholt__20220925_122844__0.jpg
/Users/ayush/Downloads/date-fruit-quality-ml/data/maturity/crops/Rutab/kholt__20220925_122844__1.jpg,Rutab,kholt,test,morocco-kholt,/Users/ayush/Downloads/date-fruit-quality-ml/data/quality/maturity/test/Rutab/morocco-kholt__kholt__20220925_122844__1.jpg
/Users/ayush/Downloads/date-fruit-quality-ml/data/maturity/crops/Rutab/kholt__20220925_122903__0.jpg,Rutab,kholt,test,morocco-kholt,/Users/ayush/Downloads/date-fruit-quality-ml/data/quality/maturity/test/Rutab/morocco-kholt__kholt__20220925_122903__0.jpg
/Users/ayush/Downloads/date-fruit-quality-ml/data/maturity/crops/Rutab/kholt__20220925_122903__1.jpg,Rutab,kholt,test,morocco-kholt,/Users/ayush/Downloads/date-fruit-quality-ml/data/quality/maturity/test/Rutab/morocco-kholt__kholt__20220925_122903__1.jpg
/Users/ayush/Downloads/date-fruit-quality-ml/data/maturity/crops/Rutab/kholt__20220925_122903__2.jpg,Rutab,kholt,test,morocco-kholt,/Users/ayush/Downloads/date-fruit-quality-ml/data/quality/maturity/test/Rutab/morocco-kholt__kholt__20220925_122903__2.jpg
/Users/ayush/Downloads/date-fruit-quality-ml/data/maturity/crops/Rutab/kholt__20220925_122922__0.jpg,Rutab,kholt,test,morocco-kholt,/Users/ayush/Downloads/date-fruit-quality-ml/data/quality/maturity/test/Rutab/morocco-kholt__kholt__20220925_122922__0.jpg
/Users/ayush/Downloads/date-fruit-quality-ml/data/maturity/crops/Rutab/kholt__20220925_122941__0.jpg,Rutab,kholt,test,morocco-kholt,/Users/ayush/Downloads/date-fruit-quality-ml/data/quality/maturity/test/Rutab/morocco-kholt__kholt__20220925_122941__0.jpg
/Users/ayush/Downloads/date-fruit-quality-ml/data/maturity/crops/Rutab/kholt__20220925_123012__0.jpg,Rutab,kholt,test,morocco-kholt,/Users/ayush/Downloads/date-fruit-quality-ml/data/quality/maturity/test/Rutab/morocco-kholt__kholt__20220925_123012__0.jpg
/Users/ayush/Downloads/date-fruit-quality-ml/data/maturity/crops/Rutab/kholt__20220925_123029__0.jpg,Rutab,kholt,test,morocco-kholt,/Users/ayush/Downloads/date-fruit-quality-ml/data/quality/maturity/test/Rutab/morocco-kholt__kholt__20220925_123029__0.jpg
/Users/ayush/Downloads/date-fruit-quality-ml/data/maturity/crops/Rutab/kholt__20220925_123047__0.jpg,Rutab,kholt,test,morocco-kholt,/Users/ayush/Downloads/date-fruit-quality-ml/data/quality/maturity/test/Rutab/morocco-kholt__kholt__20220925_123047__0.jpg
/Users/ayush/Downloads/date-fruit-quality-ml/data/maturity/crops/Rutab/kholt__20220925_123112__0.jpg,Rutab,kholt,test,morocco-kholt,/Users/ayush/Downloads/date-fruit-quality-ml/data/quality/maturity/test/Rutab/morocco-kholt__kholt__20220925_123112__0.jpg
/Users/ayush/Downloads/date-fruit-quality-ml/data/maturity/crops/Rutab/kholt__20220925_123140__0.jpg,Rutab,kholt,test,morocco-kholt,/Users/ayush/Downloads/date-fruit-quality-ml/data/quality/maturity/test/Rutab/morocco-kholt__kholt__20220925_123140__0.jpg
/Users/ayush/Downloads/date-fruit-quality-ml/data/maturity/crops/Rutab/kholt__20220925_123204__0.jpg,Rutab,kholt,test,morocco-kholt,/Users/ayush/Downloads/date-fruit-quality-ml/data/quality/maturity/test/Rutab/morocco-kholt__kholt__20220925_123204__0.jpg
/Users/ayush/Downloads/date-fruit-quality-ml/data/maturity/crops/Rutab/kholt__20220925_123229__0.jpg,Rutab,kholt,test,morocco-kholt,/Users/ayush/Downloads/date-fruit-quality-ml/data/quality/maturity/test/Rutab/morocco-kholt__kholt__20220925_123229__0.jpg
/Users/ayush/Downloads/date-fruit-quality-ml/data/maturity/crops/Tamar/kholt__20221008_170526__0.jpg,Tamar,kholt,test,morocco-kholt,/Users/ayush/Downloads/date-fruit-quality-ml/data/quality/maturity/test/Tamar/morocco-kholt__kholt__20221008_170526__0.jpg
/Users/ayush/Downloads/date-fruit-quality-ml/data/maturity/crops/Tamar/kholt__20221008_170526__1.jpg,Tamar,kholt,test,morocco-kholt,/Users/ayush/Downloads/date-fruit-quality-ml/data/quality/maturity/test/Tamar/morocco-kholt__kholt__20221008_170526__1.jpg
/Users/ayush/Downloads/date-fruit-quality-ml/data/maturity/crops/Tamar/kholt__20221008_170537__0.jpg,Tamar,kholt,test,morocco-kholt,/Users/ayush/Downloads/date-fruit-quality-ml/data/quality/maturity/test/Tamar/morocco-kholt__kholt__20221008_170537__0.jpg
/Users/ayush/Downloads/date-fruit-quality-ml/data/maturity/crops/Tamar/kholt__20221008_170537__1.jpg,Tamar,kholt,test,morocco-kholt,/Users/ayush/Downloads/date-fruit-quality-ml/data/quality/maturity/test/Tamar/morocco-kholt__kholt__20221008_170537__1.jpg
/Users/ayush/Downloads/date-fruit-quality-ml/data/maturity/crops/Tamar/kholt__20221008_170551__0.jpg,Tamar,kholt,test,morocco-kholt,/Users/ayush/Downloads/date-fruit-quality-ml/data/quality/maturity/test/Tamar/morocco-kholt__kholt__20221008_170551__0.jpg
/Users/ayush/Downloads/date-fruit-quality-ml/data/maturity/crops/Tamar/kholt__20221008_170610__0.jpg,Tamar,kholt,test,morocco-kholt,/Users/ayush/Downloads/date-fruit-quality-ml/data/quality/maturity/test/Tamar/morocco-kholt__kholt__20221008_170610__0.jpg
/Users/ayush/Downloads/date-fruit-quality-ml/data/maturity/crops/Tamar/kholt__20221008_170630__0.jpg,Tamar,kholt,test,morocco-kholt,/Users/ayush/Downloads/date-fruit-quality-ml/data/quality/maturity/test/Tamar/morocco-kholt__kholt__20221008_170630__0.jpg
/Users/ayush/Downloads/date-fruit-quality-ml/data/maturity/crops/Tamar/kholt__20221008_170630__1.jpg,Tamar,kholt,test,morocco-kholt,/Users/ayush/Downloads/date-fruit-quality-ml/data/quality/maturity/test/Tamar/morocco-kholt__kholt__20221008_170630__1.jpg
/Users/ayush/Downloads/date-fruit-quality-ml/data/maturity/crops/Tamar/kholt__20221008_170650__0.jpg,Tamar,kholt,test,morocco-kholt,/Users/ayush/Downloads/date-fruit-quality-ml/data/quality/maturity/test/Tamar/morocco-kholt__kholt__20221008_170650__0.jpg
/Users/ayush/Downloads/date-fruit-quality-ml/data/maturity/crops/Tamar/kholt__20221008_170650__1.jpg,Tamar,kholt,test,morocco-kholt,/Users/ayush/Downloads/date-fruit-quality-ml/data/quality/maturity/test/Tamar/morocco-kholt__kholt__20221008_170650__1.jpg
/Users/ayush/Downloads/date-fruit-quality-ml/data/maturity/crops/Tamar/kholt__20221008_170723__0.jpg,Tamar,kholt,test,morocco-kholt,/Users/ayush/Downloads/date-fruit-quality-ml/data/quality/maturity/test/Tamar/morocco-kholt__kholt__20221008_170723__0.jpg
/Users/ayush/Downloads/date-fruit-quality-ml/data/maturity/crops/Tamar/kholt__20221008_170751__0.jpg,Tamar,kholt,test,morocco-kholt,/Users/ayush/Downloads/date-fruit-quality-ml/data/quality/maturity/test/Tamar/morocco-kholt__kholt__20221008_170751__0.jpg
/Users/ayush/Downloads/date-fruit-quality-ml/data/maturity/crops/Tamar/kholt__20221008_170819__0.jpg,Tamar,kholt,test,morocco-kholt,/Users/ayush/Downloads/date-fruit-quality-ml/data/quality/maturity/test/Tamar/morocco-kholt__kholt__20221008_170819__0.jpg
/Users/ayush/Downloads/date-fruit-quality-ml/data/maturity/crops/Tamar/kholt__20221008_170847__0.jpg,Tamar,kholt,test,morocco-kholt,/Users/ayush/Downloads/date-fruit-quality-ml/data/quality/maturity/test/Tamar/morocco-kholt__kholt__20221008_170847__0.jpg
/Users/ayush/Downloads/date-fruit-quality-ml/data/maturity/crops/Tamar/kholt__20221008_171518__0.jpg,Tamar,kholt,test,morocco-kholt,/Users/ayush/Downloads/date-fruit-quality-ml/data/quality/maturity/test/Tamar/morocco-kholt__kholt__20221008_171518__0.jpg
/Users/ayush/Downloads/date-fruit-quality-ml/data/maturity/crops/Tamar/kholt__20221008_171518__1.jpg,Tamar,kholt,test,morocco-kholt,/Users/ayush/Downloads/date-fruit-quality-ml/data/quality/maturity/test/Tamar/morocco-kholt__kholt__20221008_171518__1.jpg
/Users/ayush/Downloads/date-fruit-quality-ml/data/maturity/crops/Tamar/kholt__20221008_171518__2.jpg,Tamar,kholt,test,morocco-kholt,/Users/ayush/Downloads/date-fruit-quality-ml/data/quality/maturity/test/Tamar/morocco-kholt__kholt__20221008_171518__2.jpg
/Users/ayush/Downloads/date-fruit-quality-ml/data/maturity/crops/Tamar/kholt__20221008_171542__0.jpg,Tamar,kholt,test,morocco-kholt,/Users/ayush/Downloads/date-fruit-quality-ml/data/quality/maturity/test/Tamar/morocco-kholt__kholt__20221008_171542__0.jpg
/Users/ayush/Downloads/date-fruit-quality-ml/data/maturity/crops/Tamar/kholt__20221008_171542__1.jpg,Tamar,kholt,test,morocco-kholt,/Users/ayush/Downloads/date-fruit-quality-ml/data/quality/maturity/test/Tamar/morocco-kholt__kholt__20221008_171542__1.jpg
/Users/ayush/Downloads/date-fruit-quality-ml/data/maturity/crops/Tamar/kholt__20221008_171542__2.jpg,Tamar,kholt,test,morocco-kholt,/Users/ayush/Downloads/date-fruit-quality-ml/data/quality/maturity/test/Tamar/morocco-kholt__kholt__20221008_171542__2.jpg
/Users/ayush/Downloads/date-fruit-quality-ml/data/maturity/crops/Tamar/kholt__20221008_171605__0.jpg,Tamar,kholt,test,morocco-kholt,/Users/ayush/Downloads/date-fruit-quality-ml/data/quality/maturity/test/Tamar/morocco-kholt__kholt__20221008_171605__0.jpg
/Users/ayush/Downloads/date-fruit-quality-ml/data/maturity/crops/Tamar/kholt__20221008_171628__0.jpg,Tamar,kholt,test,morocco-kholt,/Users/ayush/Downloads/date-fruit-quality-ml/data/quality/maturity/test/Tamar/morocco-kholt__kholt__20221008_171628__0.jpg
/Users/ayush/Downloads/date-fruit-quality-ml/data/maturity/crops/Tamar/kholt__20221008_171649__0.jpg,Tamar,kholt,test,morocco-kholt,/Users/ayush/Downloads/date-fruit-quality-ml/data/quality/maturity/test/Tamar/morocco-kholt__kholt__20221008_171649__0.jpg
/Users/ayush/Downloads/date-fruit-quality-ml/data/maturity/crops/Tamar/kholt__20221008_171649__1.jpg,Tamar,kholt,test,morocco-kholt,/Users/ayush/Downloads/date-fruit-quality-ml/data/quality/maturity/test/Tamar/morocco-kholt__kholt__20221008_171649__1.jpg
/Users/ayush/Downloads/date-fruit-quality-ml/data/maturity/crops/Tamar/kholt__20221008_171709__0.jpg,Tamar,kholt,test,morocco-kholt,/Users/ayush/Downloads/date-fruit-quality-ml/data/quality/maturity/test/Tamar/morocco-kholt__kholt__20221008_171709__0.jpg
/Users/ayush/Downloads/date-fruit-quality-ml/data/maturity/crops/Tamar/kholt__20221008_171736__0.jpg,Tamar,kholt,test,morocco-kholt,/Users/ayush/Downloads/date-fruit-quality-ml/data/quality/maturity/test/Tamar/morocco-kholt__kholt__20221008_171736__0.jpg
/Users/ayush/Downloads/date-fruit-quality-ml/data/maturity/crops/Tamar/kholt__20221008_171736__1.jpg,Tamar,kholt,test,morocco-kholt,/Users/ayush/Downloads/date-fruit-quality-ml/data/quality/maturity/test/Tamar/morocco-kholt__kholt__20221008_171736__1.jpg
/Users/ayush/Downloads/date-fruit-quality-ml/data/maturity/crops/Tamar/kholt__20221008_171755__0.jpg,Tamar,kholt,test,morocco-kholt,/Users/ayush/Downloads/date-fruit-quality-ml/data/quality/maturity/test/Tamar/morocco-kholt__kholt__20221008_171755__0.jpg
/Users/ayush/Downloads/date-fruit-quality-ml/data/maturity/crops/Tamar/kholt__20221008_171815__0.jpg,Tamar,kholt,test,morocco-kholt,/Users/ayush/Downloads/date-fruit-quality-ml/data/quality/maturity/test/Tamar/morocco-kholt__kholt__20221008_171815__0.jpg
/Users/ayush/Downloads/date-fruit-quality-ml/data/maturity/crops/Tamar/kholt__20221008_171840__0.jpg,Tamar,kholt,test,morocco-kholt,/Users/ayush/Downloads/date-fruit-quality-ml/data/quality/maturity/test/Tamar/morocco-kholt__kholt__20221008_171840__0.jpg
/Users/ayush/Downloads/date-fruit-quality-ml/data/maturity/crops/Tamar/kholt__20221008_171902__0.jpg,Tamar,kholt,test,morocco-kholt,/Users/ayush/Downloads/date-fruit-quality-ml/data/quality/maturity/test/Tamar/morocco-kholt__kholt__20221008_171902__0.jpg
/Users/ayush/Downloads/date-fruit-quality-ml/data/maturity/crops/Tamar/kholt__20221008_171928__0.jpg,Tamar,kholt,test,morocco-kholt,/Users/ayush/Downloads/date-fruit-quality-ml/data/quality/maturity/test/Tamar/morocco-kholt__kholt__20221008_171928__0.jpg
/Users/ayush/Downloads/date-fruit-quality-ml/data/maturity/crops/Tamar/kholt__20221008_171956__0.jpg,Tamar,kholt,test,morocco-kholt,/Users/ayush/Downloads/date-fruit-quality-ml/data/quality/maturity/test/Tamar/morocco-kholt__kholt__20221008_171956__0.jpg
/Users/ayush/Downloads/date-fruit-quality-ml/data/maturity/crops/Tamar/kholt__20221011_154644__0.jpg,Tamar,kholt,test,morocco-kholt,/Users/ayush/Downloads/date-fruit-quality-ml/data/quality/maturity/test/Tamar/morocco-kholt__kholt__20221011_154644__0.jpg
/Users/ayush/Downloads/date-fruit-quality-ml/data/maturity/crops/Tamar/kholt__20221011_154644__1.jpg,Tamar,kholt,test,morocco-kholt,/Users/ayush/Downloads/date-fruit-quality-ml/data/quality/maturity/test/Tamar/morocco-kholt__kholt__20221011_154644__1.jpg
/Users/ayush/Downloads/date-fruit-quality-ml/data/maturity/crops/Tamar/kholt__20221011_154644__2.jpg,Tamar,kholt,test,morocco-kholt,/Users/ayush/Downloads/date-fruit-quality-ml/data/quality/maturity/test/Tamar/morocco-kholt__kholt__20221011_154644__2.jpg
/Users/ayush/Downloads/date-fruit-quality-ml/data/maturity/crops/Tamar/kholt__20221011_154712__0.jpg,Tamar,kholt,test,morocco-kholt,/Users/ayush/Downloads/date-fruit-quality-ml/data/quality/maturity/test/Tamar/morocco-kholt__kholt__20221011_154712__0.jpg
/Users/ayush/Downloads/date-fruit-quality-ml/data/maturity/crops/Tamar/kholt__20221011_154712__1.jpg,Tamar,kholt,test,morocco-kholt,/Users/ayush/Downloads/date-fruit-quality-ml/data/quality/maturity/test/Tamar/morocco-kholt__kholt__20221011_154712__1.jpg
/Users/ayush/Downloads/date-fruit-quality-ml/data/maturity/crops/Tamar/kholt__20221011_154712__2.jpg,Tamar,kholt,test,morocco-kholt,/Users/ayush/Downloads/date-fruit-quality-ml/data/quality/maturity/test/Tamar/morocco-kholt__kholt__20221011_154712__2.jpg
/Users/ayush/Downloads/date-fruit-quality-ml/data/maturity/crops/Tamar/kholt__20221011_154742__0.jpg,Tamar,kholt,test,morocco-kholt,/Users/ayush/Downloads/date-fruit-quality-ml/data/quality/maturity/test/Tamar/morocco-kholt__kholt__20221011_154742__0.jpg
/Users/ayush/Downloads/date-fruit-quality-ml/data/maturity/crops/Tamar/kholt__20221011_154742__1.jpg,Tamar,kholt,test,morocco-kholt,/Users/ayush/Downloads/date-fruit-quality-ml/data/quality/maturity/test/Tamar/morocco-kholt__kholt__20221011_154742__1.jpg
/Users/ayush/Downloads/date-fruit-quality-ml/data/maturity/crops/Tamar/kholt__20221011_154805__0.jpg,Tamar,kholt,test,morocco-kholt,/Users/ayush/Downloads/date-fruit-quality-ml/data/quality/maturity/test/Tamar/morocco-kholt__kholt__20221011_154805__0.jpg
/Users/ayush/Downloads/date-fruit-quality-ml/data/maturity/crops/Tamar/kholt__20221011_154805__1.jpg,Tamar,kholt,test,morocco-kholt,/Users/ayush/Downloads/date-fruit-quality-ml/data/quality/maturity/test/Tamar/morocco-kholt__kholt__20221011_154805__1.jpg
/Users/ayush/Downloads/date-fruit-quality-ml/data/maturity/crops/Tamar/kholt__20221011_154805__2.jpg,Tamar,kholt,test,morocco-kholt,/Users/ayush/Downloads/date-fruit-quality-ml/data/quality/maturity/test/Tamar/morocco-kholt__kholt__20221011_154805__2.jpg
/Users/ayush/Downloads/date-fruit-quality-ml/data/maturity/crops/Tamar/kholt__20221011_154837__0.jpg,Tamar,kholt,test,morocco-kholt,/Users/ayush/Downloads/date-fruit-quality-ml/data/quality/maturity/test/Tamar/morocco-kholt__kholt__20221011_154837__0.jpg
/Users/ayush/Downloads/date-fruit-quality-ml/data/maturity/crops/Tamar/kholt__20221011_154902__0.jpg,Tamar,kholt,test,morocco-kholt,/Users/ayush/Downloads/date-fruit-quality-ml/data/quality/maturity/test/Tamar/morocco-kholt__kholt__20221011_154902__0.jpg
/Users/ayush/Downloads/date-fruit-quality-ml/data/maturity/crops/Tamar/kholt__20221011_154941__0.jpg,Tamar,kholt,test,morocco-kholt,/Users/ayush/Downloads/date-fruit-quality-ml/data/quality/maturity/test/Tamar/morocco-kholt__kholt__20221011_154941__0.jpg
/Users/ayush/Downloads/date-fruit-quality-ml/data/maturity/crops/Tamar/kholt__20221011_155010__0.jpg,Tamar,kholt,test,morocco-kholt,/Users/ayush/Downloads/date-fruit-quality-ml/data/quality/maturity/test/Tamar/morocco-kholt__kholt__20221011_155010__0.jpg
/Users/ayush/Downloads/date-fruit-quality-ml/data/maturity/crops/Tamar/kholt__20221011_155931__0.jpg,Tamar,kholt,test,morocco-kholt,/Users/ayush/Downloads/date-fruit-quality-ml/data/quality/maturity/test/Tamar/morocco-kholt__kholt__20221011_155931__0.jpg
/Users/ayush/Downloads/date-fruit-quality-ml/data/maturity/crops/Tamar/kholt__20221011_155931__1.jpg,Tamar,kholt,test,morocco-kholt,/Users/ayush/Downloads/date-fruit-quality-ml/data/quality/maturity/test/Tamar/morocco-kholt__kholt__20221011_155931__1.jpg
/Users/ayush/Downloads/date-fruit-quality-ml/data/maturity/crops/Tamar/kholt__20221011_155931__2.jpg,Tamar,kholt,test,morocco-kholt,/Users/ayush/Downloads/date-fruit-quality-ml/data/quality/maturity/test/Tamar/morocco-kholt__kholt__20221011_155931__2.jpg
/Users/ayush/Downloads/date-fruit-quality-ml/data/maturity/crops/Tamar/kholt__20221011_155958__0.jpg,Tamar,kholt,test,morocco-kholt,/Users/ayush/Downloads/date-fruit-quality-ml/data/quality/maturity/test/Tamar/morocco-kholt__kholt__20221011_155958__0.jpg
/Users/ayush/Downloads/date-fruit-quality-ml/data/maturity/crops/Tamar/kholt__20221011_160020__0.jpg,Tamar,kholt,test,morocco-kholt,/Users/ayush/Downloads/date-fruit-quality-ml/data/quality/maturity/test/Tamar/morocco-kholt__kholt__20221011_160020__0.jpg
/Users/ayush/Downloads/date-fruit-quality-ml/data/maturity/crops/Tamar/kholt__20221011_160020__1.jpg,Tamar,kholt,test,morocco-kholt,/Users/ayush/Downloads/date-fruit-quality-ml/data/quality/maturity/test/Tamar/morocco-kholt__kholt__20221011_160020__1.jpg
/Users/ayush/Downloads/date-fruit-quality-ml/data/maturity/crops/Tamar/kholt__20221011_160037__0.jpg,Tamar,kholt,test,morocco-kholt,/Users/ayush/Downloads/date-fruit-quality-ml/data/quality/maturity/test/Tamar/morocco-kholt__kholt__20221011_160037__0.jpg
/Users/ayush/Downloads/date-fruit-quality-ml/data/maturity/crops/Tamar/kholt__20221011_160110__0.jpg,Tamar,kholt,test,morocco-kholt,/Users/ayush/Downloads/date-fruit-quality-ml/data/quality/maturity/test/Tamar/morocco-kholt__kholt__20221011_160110__0.jpg
/Users/ayush/Downloads/date-fruit-quality-ml/data/maturity/crops/Tamar/kholt__20221011_160110__1.jpg,Tamar,kholt,test,morocco-kholt,/Users/ayush/Downloads/date-fruit-quality-ml/data/quality/maturity/test/Tamar/morocco-kholt__kholt__20221011_160110__1.jpg
/Users/ayush/Downloads/date-fruit-quality-ml/data/maturity/crops/Tamar/kholt__20221011_160131__0.jpg,Tamar,kholt,test,morocco-kholt,/Users/ayush/Downloads/date-fruit-quality-ml/data/quality/maturity/test/Tamar/morocco-kholt__kholt__20221011_160131__0.jpg
/Users/ayush/Downloads/date-fruit-quality-ml/data/maturity/crops/Tamar/kholt__20221011_160158__0.jpg,Tamar,kholt,test,morocco-kholt,/Users/ayush/Downloads/date-fruit-quality-ml/data/quality/maturity/test/Tamar/morocco-kholt__kholt__20221011_160158__0.jpg
/Users/ayush/Downloads/date-fruit-quality-ml/data/maturity/crops/Tamar/kholt__20221011_160231__0.jpg,Tamar,kholt,test,morocco-kholt,/Users/ayush/Downloads/date-fruit-quality-ml/data/quality/maturity/test/Tamar/morocco-kholt__kholt__20221011_160231__0.jpg
/Users/ayush/Downloads/date-fruit-quality-ml/data/maturity/crops/Tamar/kholt__20221011_160231__1.jpg,Tamar,kholt,test,morocco-kholt,/Users/ayush/Downloads/date-fruit-quality-ml/data/quality/maturity/test/Tamar/morocco-kholt__kholt__20221011_160231__1.jpg
/Users/ayush/Downloads/date-fruit-quality-ml/data/maturity/crops/Tamar/kholt__20221011_160256__0.jpg,Tamar,kholt,test,morocco-kholt,/Users/ayush/Downloads/date-fruit-quality-ml/data/quality/maturity/test/Tamar/morocco-kholt__kholt__20221011_160256__0.jpg
/Users/ayush/Downloads/date-fruit-quality-ml/data/maturity/crops/Tamar/kholt__20221011_160324__0.jpg,Tamar,kholt,test,morocco-kholt,/Users/ayush/Downloads/date-fruit-quality-ml/data/quality/maturity/test/Tamar/morocco-kholt__kholt__20221011_160324__0.jpg
/Users/ayush/Downloads/date-fruit-quality-ml/data/maturity/crops/Tamar/kholt__20221011_160342__0.jpg,Tamar,kholt,test,morocco-kholt,/Users/ayush/Downloads/date-fruit-quality-ml/data/quality/maturity/test/Tamar/morocco-kholt__kholt__20221011_160342__0.jpg
/Users/ayush/Downloads/date-fruit-quality-ml/data/maturity/crops/Tamar/kholt__20221011_160342__1.jpg,Tamar,kholt,test,morocco-kholt,/Users/ayush/Downloads/date-fruit-quality-ml/data/quality/maturity/test/Tamar/morocco-kholt__kholt__20221011_160342__1.jpg
/Users/ayush/Downloads/date-fruit-quality-ml/data/maturity/crops/Tamar/kholt__20221011_160412__0.jpg,Tamar,kholt,test,morocco-kholt,/Users/ayush/Downloads/date-fruit-quality-ml/data/quality/maturity/test/Tamar/morocco-kholt__kholt__20221011_160412__0.jpg
/Users/ayush/Downloads/date-fruit-quality-ml/data/maturity/crops/Tamar/kholt__20221011_160412__1.jpg,Tamar,kholt,test,morocco-kholt,/Users/ayush/Downloads/date-fruit-quality-ml/data/quality/maturity/test/Tamar/morocco-kholt__kholt__20221011_160412__1.jpg
/Users/ayush/Downloads/date-fruit-quality-ml/data/maturity/crops/Tamar/kholt__20221011_160433__0.jpg,Tamar,kholt,test,morocco-kholt,/Users/ayush/Downloads/date-fruit-quality-ml/data/quality/maturity/test/Tamar/morocco-kholt__kholt__20221011_160433__0.jpg
/Users/ayush/Downloads/date-fruit-quality-ml/data/maturity/crops/Tamar/kholt__20221011_160458__0.jpg,Tamar,kholt,test,morocco-kholt,/Users/ayush/Downloads/date-fruit-quality-ml/data/quality/maturity/test/Tamar/morocco-kholt__kholt__20221011_160458__0.jpg
/Users/ayush/Downloads/date-fruit-quality-ml/data/maturity/crops/Tamar/kholt__20221011_160519__0.jpg,Tamar,kholt,test,morocco-kholt,/Users/ayush/Downloads/date-fruit-quality-ml/data/quality/maturity/test/Tamar/morocco-kholt__kholt__20221011_160519__0.jpg
/Users/ayush/Downloads/date-fruit-quality-ml/data/maturity/crops/Tamar/kholt__20221011_160537__0.jpg,Tamar,kholt,test,morocco-kholt,/Users/ayush/Downloads/date-fruit-quality-ml/data/quality/maturity/test/Tamar/morocco-kholt__kholt__20221011_160537__0.jpg
/Users/ayush/Downloads/date-fruit-quality-ml/data/maturity/crops/Tamar/kholt__20221011_160537__1.jpg,Tamar,kholt,test,morocco-kholt,/Users/ayush/Downloads/date-fruit-quality-ml/data/quality/maturity/test/Tamar/morocco-kholt__kholt__20221011_160537__1.jpg
/Users/ayush/Downloads/date-fruit-quality-ml/data/maturity/crops/Tamar/kholt__20221011_160555__0.jpg,Tamar,kholt,test,morocco-kholt,/Users/ayush/Downloads/date-fruit-quality-ml/data/quality/maturity/test/Tamar/morocco-kholt__kholt__20221011_160555__0.jpg
/Users/ayush/Downloads/date-fruit-quality-ml/data/maturity/crops/Tamar/kholt__20221011_160612__0.jpg,Tamar,kholt,test,morocco-kholt,/Users/ayush/Downloads/date-fruit-quality-ml/data/quality/maturity/test/Tamar/morocco-kholt__kholt__20221011_160612__0.jpg
/Users/ayush/Downloads/date-fruit-quality-ml/data/maturity/crops/Tamar/kholt__20221011_160629__0.jpg,Tamar,kholt,test,morocco-kholt,/Users/ayush/Downloads/date-fruit-quality-ml/data/quality/maturity/test/Tamar/morocco-kholt__kholt__20221011_160629__0.jpg
/Users/ayush/Downloads/date-fruit-quality-ml/data/maturity/crops/Tamar/kholt__20221011_160704__0.jpg,Tamar,kholt,test,morocco-kholt,/Users/ayush/Downloads/date-fruit-quality-ml/data/quality/maturity/test/Tamar/morocco-kholt__kholt__20221011_160704__0.jpg
/Users/ayush/Downloads/date-fruit-quality-ml/data/maturity/crops/Tamar/kholt__20221011_160725__0.jpg,Tamar,kholt,test,morocco-kholt,/Users/ayush/Downloads/date-fruit-quality-ml/data/quality/maturity/test/Tamar/morocco-kholt__kholt__20221011_160725__0.jpg
/Users/ayush/Downloads/date-fruit-quality-ml/data/maturity/crops/Tamar/kholt__20221011_160725__1.jpg,Tamar,kholt,test,morocco-kholt,/Users/ayush/Downloads/date-fruit-quality-ml/data/quality/maturity/test/Tamar/morocco-kholt__kholt__20221011_160725__1.jpg
/Users/ayush/Downloads/date-fruit-quality-ml/data/maturity/crops/Tamar/kholt__20221011_160751__0.jpg,Tamar,kholt,test,morocco-kholt,/Users/ayush/Downloads/date-fruit-quality-ml/data/quality/maturity/test/Tamar/morocco-kholt__kholt__20221011_160751__0.jpg
/Users/ayush/Downloads/date-fruit-quality-ml/data/maturity/crops/Tamar/kholt__20221011_160751__1.jpg,Tamar,kholt,test,morocco-kholt,/Users/ayush/Downloads/date-fruit-quality-ml/data/quality/maturity/test/Tamar/morocco-kholt__kholt__20221011_160751__1.jpg
/Users/ayush/Downloads/date-fruit-quality-ml/data/maturity/crops/Tamar/kholt__20221011_160751__2.jpg,Tamar,kholt,test,morocco-kholt,/Users/ayush/Downloads/date-fruit-quality-ml/data/quality/maturity/test/Tamar/morocco-kholt__kholt__20221011_160751__2.jpg
/Users/ayush/Downloads/date-fruit-quality-ml/data/maturity/crops/Tamar/kholt__20221011_160809__0.jpg,Tamar,kholt,test,morocco-kholt,/Users/ayush/Downloads/date-fruit-quality-ml/data/quality/maturity/test/Tamar/morocco-kholt__kholt__20221011_160809__0.jpg
/Users/ayush/Downloads/date-fruit-quality-ml/data/maturity/crops/Tamar/kholt__20221011_160825__0.jpg,Tamar,kholt,test,morocco-kholt,/Users/ayush/Downloads/date-fruit-quality-ml/data/quality/maturity/test/Tamar/morocco-kholt__kholt__20221011_160825__0.jpg
/Users/ayush/Downloads/date-fruit-quality-ml/data/maturity/crops/Tamar/kholt__20221011_160853__0.jpg,Tamar,kholt,test,morocco-kholt,/Users/ayush/Downloads/date-fruit-quality-ml/data/quality/maturity/test/Tamar/morocco-kholt__kholt__20221011_160853__0.jpg
/Users/ayush/Downloads/date-fruit-quality-ml/data/maturity/crops/Tamar/kholt__20221011_160919__0.jpg,Tamar,kholt,test,morocco-kholt,/Users/ayush/Downloads/date-fruit-quality-ml/data/quality/maturity/test/Tamar/morocco-kholt__kholt__20221011_160919__0.jpg
/Users/ayush/Downloads/date-fruit-quality-ml/data/maturity/crops/Tamar/kholt__20221011_160940__0.jpg,Tamar,kholt,test,morocco-kholt,/Users/ayush/Downloads/date-fruit-quality-ml/data/quality/maturity/test/Tamar/morocco-kholt__kholt__20221011_160940__0.jpg
/Users/ayush/Downloads/date-fruit-quality-ml/data/maturity/crops/Tamar/kholt__20221011_160940__1.jpg,Tamar,kholt,test,morocco-kholt,/Users/ayush/Downloads/date-fruit-quality-ml/data/quality/maturity/test/Tamar/morocco-kholt__kholt__20221011_160940__1.jpg
/Users/ayush/Downloads/date-fruit-quality-ml/data/maturity/crops/Tamar/kholt__20221011_161003__0.jpg,Tamar,kholt,test,morocco-kholt,/Users/ayush/Downloads/date-fruit-quality-ml/data/quality/maturity/test/Tamar/morocco-kholt__kholt__20221011_161003__0.jpg
/Users/ayush/Downloads/date-fruit-quality-ml/data/maturity/crops/Tamar/kholt__20221011_161003__1.jpg,Tamar,kholt,test,morocco-kholt,/Users/ayush/Downloads/date-fruit-quality-ml/data/quality/maturity/test/Tamar/morocco-kholt__kholt__20221011_161003__1.jpg
/Users/ayush/Downloads/date-fruit-quality-ml/data/maturity/crops/Tamar/kholt__20221011_161027__0.jpg,Tamar,kholt,test,morocco-kholt,/Users/ayush/Downloads/date-fruit-quality-ml/data/quality/maturity/test/Tamar/morocco-kholt__kholt__20221011_161027__0.jpg
/Users/ayush/Downloads/date-fruit-quality-ml/data/maturity/crops/Tamar/kholt__20221011_161027__1.jpg,Tamar,kholt,test,morocco-kholt,/Users/ayush/Downloads/date-fruit-quality-ml/data/quality/maturity/test/Tamar/morocco-kholt__kholt__20221011_161027__1.jpg
/Users/ayush/Downloads/date-fruit-quality-ml/data/kaggle/alhamdan/Rutab/Rutab Date (114).JPG,Rutab,,train,alhamdan,/Users/ayush/Downloads/date-fruit-quality-ml/data/quality/maturity/train/Rutab/alhamdan__Rutab Date (114).jpg
/Users/ayush/Downloads/date-fruit-quality-ml/data/kaggle/alhamdan/Rutab/Rutab Date (104).JPG,Rutab,,train,alhamdan,/Users/ayush/Downloads/date-fruit-quality-ml/data/quality/maturity/train/Rutab/alhamdan__Rutab Date (104).jpg
/Users/ayush/Downloads/date-fruit-quality-ml/data/kaggle/alhamdan/Rutab/Rutab Date (125).JPG,Rutab,,train,alhamdan,/Users/ayush/Downloads/date-fruit-quality-ml/data/quality/maturity/train/Rutab/alhamdan__Rutab Date (125).jpg
/Users/ayush/Downloads/date-fruit-quality-ml/data/kaggle/alhamdan/Sokari/Sokari Date (40).JPG,Tamar,,train,alhamdan,/Users/ayush/Downloads/date-fruit-quality-ml/data/quality/maturity/train/Tamar/alhamdan__Sokari Date (40).jpg
/Users/ayush/Downloads/date-fruit-quality-ml/data/kaggle/alhamdan/Rutab/Rutab Date (82).JPG,Rutab,,train,alhamdan,/Users/ayush/Downloads/date-fruit-quality-ml/data/quality/maturity/train/Rutab/alhamdan__Rutab Date (82).jpg
/Users/ayush/Downloads/date-fruit-quality-ml/data/kaggle/alhamdan/Meneifi/Meneifi Date (116).JPG,Tamar,,train,alhamdan,/Users/ayush/Downloads/date-fruit-quality-ml/data/quality/maturity/train/Tamar/alhamdan__Meneifi Date (116).jpg
/Users/ayush/Downloads/date-fruit-quality-ml/data/kaggle/alhamdan/Sokari/Sokari Date (204).JPG,Tamar,,train,alhamdan,/Users/ayush/Downloads/date-fruit-quality-ml/data/quality/maturity/train/Tamar/alhamdan__Sokari Date (204).jpg
/Users/ayush/Downloads/date-fruit-quality-ml/data/kaggle/alhamdan/Rutab/Rutab Date (33).JPG,Rutab,,train,alhamdan,/Users/ayush/Downloads/date-fruit-quality-ml/data/quality/maturity/train/Rutab/alhamdan__Rutab Date (33).jpg
/Users/ayush/Downloads/date-fruit-quality-ml/data/kaggle/alhamdan/Ajwa/Ajwa Date (58).JPG,Tamar,,train,alhamdan,/Users/ayush/Downloads/date-fruit-quality-ml/data/quality/maturity/train/Tamar/alhamdan__Ajwa Date (58).jpg
/Users/ayush/Downloads/date-fruit-quality-ml/data/kaggle/alhamdan/Nabtat Ali/Nabtat Ali Date (74).JPG,Tamar,,train,alhamdan,/Users/ayush/Downloads/date-fruit-quality-ml/data/quality/maturity/train/Tamar/alhamdan__Nabtat Ali Date (74).jpg
/Users/ayush/Downloads/date-fruit-quality-ml/data/kaggle/alhamdan/Nabtat Ali/Nabtat Ali Date (96).JPG,Tamar,,train,alhamdan,/Users/ayush/Downloads/date-fruit-quality-ml/data/quality/maturity/train/Tamar/alhamdan__Nabtat Ali Date (96).jpg
/Users/ayush/Downloads/date-fruit-quality-ml/data/kaggle/alhamdan/Meneifi/Meneifi Date (78).JPG,Tamar,,train,alhamdan,/Users/ayush/Downloads/date-fruit-quality-ml/data/quality/maturity/train/Tamar/alhamdan__Meneifi Date (78).jpg
/Users/ayush/Downloads/date-fruit-quality-ml/data/kaggle/alhamdan/Medjool/Medjool Date (54).JPG,Tamar,,train,alhamdan,/Users/ayush/Downloads/date-fruit-quality-ml/data/quality/maturity/train/Tamar/alhamdan__Medjool Date (54).jpg
/Users/ayush/Downloads/date-fruit-quality-ml/data/kaggle/alhamdan/Rutab/Rutab Date (30).JPG,Rutab,,train,alhamdan,/Users/ayush/Downloads/date-fruit-quality-ml/data/quality/maturity/train/Rutab/alhamdan__Rutab Date (30).jpg
/Users/ayush/Downloads/date-fruit-quality-ml/data/kaggle/alhamdan/Rutab/Rutab Date (11).JPG,Rutab,,train,alhamdan,/Users/ayush/Downloads/date-fruit-quality-ml/data/quality/maturity/train/Rutab/alhamdan__Rutab Date (11).jpg
/Users/ayush/Downloads/date-fruit-quality-ml/data/kaggle/alhamdan/Rutab/Rutab Date (1).JPG,Rutab,,train,alhamdan,/Users/ayush/Downloads/date-fruit-quality-ml/data/quality/maturity/train/Rutab/alhamdan__Rutab Date (1).jpg
/Users/ayush/Downloads/date-fruit-quality-ml/data/kaggle/alhamdan/Rutab/Rutab Date (130).JPG,Rutab,,train,alhamdan,/Users/ayush/Downloads/date-fruit-quality-ml/data/quality/maturity/train/Rutab/alhamdan__Rutab Date (130).jpg
/Users/ayush/Downloads/date-fruit-quality-ml/data/kaggle/alhamdan/Rutab/Rutab Date (102).JPG,Rutab,,train,alhamdan,/Users/ayush/Downloads/date-fruit-quality-ml/data/quality/maturity/train/Rutab/alhamdan__Rutab Date (102).jpg
/Users/ayush/Downloads/date-fruit-quality-ml/data/kaggle/alhamdan/Sokari/Sokari Date (15).JPG,Tamar,,train,alhamdan,/Users/ayush/Downloads/date-fruit-quality-ml/data/quality/maturity/train/Tamar/alhamdan__Sokari Date (15).jpg
/Users/ayush/Downloads/date-fruit-quality-ml/data/kaggle/alhamdan/Meneifi/Meneifi Date (36).JPG,Tamar,,train,alhamdan,/Users/ayush/Downloads/date-fruit-quality-ml/data/quality/maturity/train/Tamar/alhamdan__Meneifi Date (36).jpg
/Users/ayush/Downloads/date-fruit-quality-ml/data/kaggle/alhamdan/Sokari/Sokari Date (250).JPG,Tamar,,train,alhamdan,/Users/ayush/Downloads/date-fruit-quality-ml/data/quality/maturity/train/Tamar/alhamdan__Sokari Date (250).jpg
/Users/ayush/Downloads/date-fruit-quality-ml/data/kaggle/alhamdan/Rutab/Rutab Date (75).JPG,Rutab,,train,alhamdan,/Users/ayush/Downloads/date-fruit-quality-ml/data/quality/maturity/train/Rutab/alhamdan__Rutab Date (75).jpg
/Users/ayush/Downloads/date-fruit-quality-ml/data/kaggle/alhamdan/Rutab/Rutab Date (138).JPG,Rutab,,train,alhamdan,/Users/ayush/Downloads/date-fruit-quality-ml/data/quality/maturity/train/Rutab/alhamdan__Rutab Date (138).jpg
/Users/ayush/Downloads/date-fruit-quality-ml/data/kaggle/alhamdan/Ajwa/Ajwa Date (161).JPG,Tamar,,train,alhamdan,/Users/ayush/Downloads/date-fruit-quality-ml/data/quality/maturity/train/Tamar/alhamdan__Ajwa Date (161).jpg
/Users/ayush/Downloads/date-fruit-quality-ml/data/kaggle/alhamdan/Sugaey/Sugaey Date (53).JPG,Tamar,,train,alhamdan,/Users/ayush/Downloads/date-fruit-quality-ml/data/quality/maturity/train/Tamar/alhamdan__Sugaey Date (53).jpg
/Users/ayush/Downloads/date-fruit-quality-ml/data/kaggle/alhamdan/Medjool/Medjool Date (16).JPG,Tamar,,train,alhamdan,/Users/ayush/Downloads/date-fruit-quality-ml/data/quality/maturity/train/Tamar/alhamdan__Medjool Date (16).jpg
/Users/ayush/Downloads/date-fruit-quality-ml/data/kaggle/alhamdan/Rutab/Rutab Date (52).JPG,Rutab,,train,alhamdan,/Users/ayush/Downloads/date-fruit-quality-ml/data/quality/maturity/train/Rutab/alhamdan__Rutab Date (52).jpg
/Users/ayush/Downloads/date-fruit-quality-ml/data/kaggle/alhamdan/Rutab/Rutab Date (9).JPG,Rutab,,train,alhamdan,/Users/ayush/Downloads/date-fruit-quality-ml/data/quality/maturity/train/Rutab/alhamdan__Rutab Date (9).jpg
/Users/ayush/Downloads/date-fruit-quality-ml/data/kaggle/alhamdan/Meneifi/Meneifi Date (185).JPG,Tamar,,train,alhamdan,/Users/ayush/Downloads/date-fruit-quality-ml/data/quality/maturity/train/Tamar/alhamdan__Meneifi Date (185).jpg
/Users/ayush/Downloads/date-fruit-quality-ml/data/kaggle/alhamdan/Meneifi/Meneifi Date (169).JPG,Tamar,,train,alhamdan,/Users/ayush/Downloads/date-fruit-quality-ml/data/quality/maturity/train/Tamar/alhamdan__Meneifi Date (169).jpg
/Users/ayush/Downloads/date-fruit-quality-ml/data/kaggle/alhamdan/Rutab/Rutab Date (55).JPG,Rutab,,train,alhamdan,/Users/ayush/Downloads/date-fruit-quality-ml/data/quality/maturity/train/Rutab/alhamdan__Rutab Date (55).jpg
/Users/ayush/Downloads/date-fruit-quality-ml/data/kaggle/alhamdan/Ajwa/Ajwa Date (119).JPG,Tamar,,train,alhamdan,/Users/ayush/Downloads/date-fruit-quality-ml/data/quality/maturity/train/Tamar/alhamdan__Ajwa Date (119).jpg
/Users/ayush/Downloads/date-fruit-quality-ml/data/kaggle/alhamdan/Medjool/Medjool Date (103).JPG,Tamar,,train,alhamdan,/Users/ayush/Downloads/date-fruit-quality-ml/data/quality/maturity/train/Tamar/alhamdan__Medjool Date (103).jpg
/Users/ayush/Downloads/date-fruit-quality-ml/data/kaggle/alhamdan/Rutab/Rutab Date (115).JPG,Rutab,,train,alhamdan,/Users/ayush/Downloads/date-fruit-quality-ml/data/quality/maturity/train/Rutab/alhamdan__Rutab Date (115).jpg
/Users/ayush/Downloads/date-fruit-quality-ml/data/kaggle/alhamdan/Rutab/Rutab Date (36).JPG,Rutab,,train,alhamdan,/Users/ayush/Downloads/date-fruit-quality-ml/data/quality/maturity/train/Rutab/alhamdan__Rutab Date (36).jpg
/Users/ayush/Downloads/date-fruit-quality-ml/data/kaggle/alhamdan/Shaishe/Shaishe Date (7).JPG,Tamar,,train,alhamdan,/Users/ayush/Downloads/date-fruit-quality-ml/data/quality/maturity/train/Tamar/alhamdan__Shaishe Date (7).jpg
/Users/ayush/Downloads/date-fruit-quality-ml/data/kaggle/alhamdan/Ajwa/Ajwa Date (20).JPG,Tamar,,train,alhamdan,/Users/ayush/Downloads/date-fruit-quality-ml/data/quality/maturity/train/Tamar/alhamdan__Ajwa Date (20).jpg
/Users/ayush/Downloads/date-fruit-quality-ml/data/kaggle/alhamdan/Sokari/Sokari Date (260).JPG,Tamar,,train,alhamdan,/Users/ayush/Downloads/date-fruit-quality-ml/data/quality/maturity/train/Tamar/alhamdan__Sokari Date (260).jpg
/Users/ayush/Downloads/date-fruit-quality-ml/data/kaggle/alhamdan/Rutab/Rutab Date (15).JPG,Rutab,,train,alhamdan,/Users/ayush/Downloads/date-fruit-quality-ml/data/quality/maturity/train/Rutab/alhamdan__Rutab Date (15).jpg
/Users/ayush/Downloads/date-fruit-quality-ml/data/kaggle/alhamdan/Meneifi/Meneifi Date (174).JPG,Tamar,,train,alhamdan,/Users/ayush/Downloads/date-fruit-quality-ml/data/quality/maturity/train/Tamar/alhamdan__Meneifi Date (174).jpg
/Users/ayush/Downloads/date-fruit-quality-ml/data/kaggle/alhamdan/Meneifi/Meneifi Date (22).JPG,Tamar,,train,alhamdan,/Users/ayush/Downloads/date-fruit-quality-ml/data/quality/maturity/train/Tamar/alhamdan__Meneifi Date (22).jpg
/Users/ayush/Downloads/date-fruit-quality-ml/data/kaggle/alhamdan/Rutab/Rutab Date (45).JPG,Rutab,,train,alhamdan,/Users/ayush/Downloads/date-fruit-quality-ml/data/quality/maturity/train/Rutab/alhamdan__Rutab Date (45).jpg
/Users/ayush/Downloads/date-fruit-quality-ml/data/kaggle/alhamdan/Ajwa/Ajwa Date (51).JPG,Tamar,,train,alhamdan,/Users/ayush/Downloads/date-fruit-quality-ml/data/quality/maturity/train/Tamar/alhamdan__Ajwa Date (51).jpg
/Users/ayush/Downloads/date-fruit-quality-ml/data/kaggle/alhamdan/Rutab/Rutab Date (112).JPG,Rutab,,train,alhamdan,/Users/ayush/Downloads/date-fruit-quality-ml/data/quality/maturity/train/Rutab/alhamdan__Rutab Date (112).jpg
/Users/ayush/Downloads/date-fruit-quality-ml/data/kaggle/alhamdan/Meneifi/Meneifi Date (223).JPG,Tamar,,train,alhamdan,/Users/ayush/Downloads/date-fruit-quality-ml/data/quality/maturity/train/Tamar/alhamdan__Meneifi Date (223).jpg
/Users/ayush/Downloads/date-fruit-quality-ml/data/kaggle/alhamdan/Rutab/Rutab Date (13).JPG,Rutab,,train,alhamdan,/Users/ayush/Downloads/date-fruit-quality-ml/data/quality/maturity/train/Rutab/alhamdan__Rutab Date (13).jpg
/Users/ayush/Downloads/date-fruit-quality-ml/data/kaggle/alhamdan/Rutab/Rutab Date (143).JPG,Rutab,,train,alhamdan,/Users/ayush/Downloads/date-fruit-quality-ml/data/quality/maturity/train/Rutab/alhamdan__Rutab Date (143).jpg
/Users/ayush/Downloads/date-fruit-quality-ml/data/kaggle/alhamdan/Sokari/Sokari Date (226).JPG,Tamar,,train,alhamdan,/Users/ayush/Downloads/date-fruit-quality-ml/data/quality/maturity/train/Tamar/alhamdan__Sokari Date (226).jpg
/Users/ayush/Downloads/date-fruit-quality-ml/data/kaggle/alhamdan/Galaxy/Galaxy Date (17).JPG,Tamar,,train,alhamdan,/Users/ayush/Downloads/date-fruit-quality-ml/data/quality/maturity/train/Tamar/alhamdan__Galaxy Date (17).jpg
/Users/ayush/Downloads/date-fruit-quality-ml/data/kaggle/alhamdan/Rutab/Rutab Date (18).JPG,Rutab,,train,alhamdan,/Users/ayush/Downloads/date-fruit-quality-ml/data/quality/maturity/train/Rutab/alhamdan__Rutab Date (18).jpg
/Users/ayush/Downloads/date-fruit-quality-ml/data/kaggle/alhamdan/Rutab/Rutab Date (106).JPG,Rutab,,train,alhamdan,/Users/ayush/Downloads/date-fruit-quality-ml/data/quality/maturity/train/Rutab/alhamdan__Rutab Date (106).jpg
/Users/ayush/Downloads/date-fruit-quality-ml/data/kaggle/alhamdan/Sugaey/Sugaey Date (61).JPG,Tamar,,train,alhamdan,/Users/ayush/Downloads/date-fruit-quality-ml/data/quality/maturity/train/Tamar/alhamdan__Sugaey Date (61).jpg
/Users/ayush/Downloads/date-fruit-quality-ml/data/kaggle/alhamdan/Shaishe/Shaishe Date (22).JPG,Tamar,,train,alhamdan,/Users/ayush/Downloads/date-fruit-quality-ml/data/quality/maturity/train/Tamar/alhamdan__Shaishe Date (22).jpg
/Users/ayush/Downloads/date-fruit-quality-ml/data/kaggle/alhamdan/Rutab/Rutab Date (67).JPG,Rutab,,train,alhamdan,/Users/ayush/Downloads/date-fruit-quality-ml/data/quality/maturity/train/Rutab/alhamdan__Rutab Date (67).jpg
/Users/ayush/Downloads/date-fruit-quality-ml/data/kaggle/alhamdan/Ajwa/Ajwa Date (63).JPG,Tamar,,train,alhamdan,/Users/ayush/Downloads/date-fruit-quality-ml/data/quality/maturity/train/Tamar/alhamdan__Ajwa Date (63).jpg
/Users/ayush/Downloads/date-fruit-quality-ml/data/kaggle/alhamdan/Rutab/Rutab Date (23).JPG,Rutab,,train,alhamdan,/Users/ayush/Downloads/date-fruit-quality-ml/data/quality/maturity/train/Rutab/alhamdan__Rutab Date (23).jpg
/Users/ayush/Downloads/date-fruit-quality-ml/data/kaggle/alhamdan/Rutab/Rutab Date (123).JPG,Rutab,,train,alhamdan,/Users/ayush/Downloads/date-fruit-quality-ml/data/quality/maturity/train/Rutab/alhamdan__Rutab Date (123).jpg
/Users/ayush/Downloads/date-fruit-quality-ml/data/kaggle/alhamdan/Rutab/Rutab Date (103).JPG,Rutab,,train,alhamdan,/Users/ayush/Downloads/date-fruit-quality-ml/data/quality/maturity/train/Rutab/alhamdan__Rutab Date (103).jpg
/Users/ayush/Downloads/date-fruit-quality-ml/data/kaggle/alhamdan/Rutab/Rutab Date (70).JPG,Rutab,,train,alhamdan,/Users/ayush/Downloads/date-fruit-quality-ml/data/quality/maturity/train/Rutab/alhamdan__Rutab Date (70).jpg
/Users/ayush/Downloads/date-fruit-quality-ml/data/kaggle/alhamdan/Nabtat Ali/Nabtat Ali Date (14).JPG,Tamar,,train,alhamdan,/Users/ayush/Downloads/date-fruit-quality-ml/data/quality/maturity/train/Tamar/alhamdan__Nabtat Ali Date (14).jpg
/Users/ayush/Downloads/date-fruit-quality-ml/data/kaggle/alhamdan/Rutab/Rutab Date (48).JPG,Rutab,,train,alhamdan,/Users/ayush/Downloads/date-fruit-quality-ml/data/quality/maturity/train/Rutab/alhamdan__Rutab Date (48).jpg
/Users/ayush/Downloads/date-fruit-quality-ml/data/kaggle/alhamdan/Sugaey/Sugaey Date (118).JPG,Tamar,,train,alhamdan,/Users/ayush/Downloads/date-fruit-quality-ml/data/quality/maturity/train/Tamar/alhamdan__Sugaey Date (118).jpg
/Users/ayush/Downloads/date-fruit-quality-ml/data/kaggle/alhamdan/Ajwa/Ajwa Date (88).JPG,Tamar,,train,alhamdan,/Users/ayush/Downloads/date-fruit-quality-ml/data/quality/maturity/train/Tamar/alhamdan__Ajwa Date (88).jpg
/Users/ayush/Downloads/date-fruit-quality-ml/data/kaggle/alhamdan/Rutab/Rutab Date (105).JPG,Rutab,,train,alhamdan,/Users/ayush/Downloads/date-fruit-quality-ml/data/quality/maturity/train/Rutab/alhamdan__Rutab Date (105).jpg
/Users/ayush/Downloads/date-fruit-quality-ml/data/kaggle/alhamdan/Rutab/Rutab Date (86).JPG,Rutab,,train,alhamdan,/Users/ayush/Downloads/date-fruit-quality-ml/data/quality/maturity/train/Rutab/alhamdan__Rutab Date (86).jpg
/Users/ayush/Downloads/date-fruit-quality-ml/data/kaggle/alhamdan/Medjool/Medjool Date (8).JPG,Tamar,,train,alhamdan,/Users/ayush/Downloads/date-fruit-quality-ml/data/quality/maturity/train/Tamar/alhamdan__Medjool Date (8).jpg
/Users/ayush/Downloads/date-fruit-quality-ml/data/kaggle/alhamdan/Rutab/Rutab Date (83).JPG,Rutab,,train,alhamdan,/Users/ayush/Downloads/date-fruit-quality-ml/data/quality/maturity/train/Rutab/alhamdan__Rutab Date (83).jpg
/Users/ayush/Downloads/date-fruit-quality-ml/data/kaggle/alhamdan/Meneifi/Meneifi Date (158).JPG,Tamar,,train,alhamdan,/Users/ayush/Downloads/date-fruit-quality-ml/data/quality/maturity/train/Tamar/alhamdan__Meneifi Date (158).jpg
/Users/ayush/Downloads/date-fruit-quality-ml/data/kaggle/alhamdan/Galaxy/Galaxy Date (27).JPG,Tamar,,train,alhamdan,/Users/ayush/Downloads/date-fruit-quality-ml/data/quality/maturity/train/Tamar/alhamdan__Galaxy Date (27).jpg
/Users/ayush/Downloads/date-fruit-quality-ml/data/kaggle/alhamdan/Rutab/Rutab Date (14).JPG,Rutab,,train,alhamdan,/Users/ayush/Downloads/date-fruit-quality-ml/data/quality/maturity/train/Rutab/alhamdan__Rutab Date (14).jpg
/Users/ayush/Downloads/date-fruit-quality-ml/data/kaggle/alhamdan/Rutab/Rutab Date (71).JPG,Rutab,,train,alhamdan,/Users/ayush/Downloads/date-fruit-quality-ml/data/quality/maturity/train/Rutab/alhamdan__Rutab Date (71).jpg
/Users/ayush/Downloads/date-fruit-quality-ml/data/kaggle/alhamdan/Rutab/Rutab Date (27).JPG,Rutab,,train,alhamdan,/Users/ayush/Downloads/date-fruit-quality-ml/data/quality/maturity/train/Rutab/alhamdan__Rutab Date (27).jpg
/Users/ayush/Downloads/date-fruit-quality-ml/data/kaggle/alhamdan/Rutab/Rutab Date (109).JPG,Rutab,,train,alhamdan,/Users/ayush/Downloads/date-fruit-quality-ml/data/quality/maturity/train/Rutab/alhamdan__Rutab Date (109).jpg
/Users/ayush/Downloads/date-fruit-quality-ml/data/kaggle/alhamdan/Galaxy/Galaxy Date (146).JPG,Tamar,,train,alhamdan,/Users/ayush/Downloads/date-fruit-quality-ml/data/quality/maturity/train/Tamar/alhamdan__Galaxy Date (146).jpg
/Users/ayush/Downloads/date-fruit-quality-ml/data/kaggle/alhamdan/Rutab/Rutab Date (62).JPG,Rutab,,train,alhamdan,/Users/ayush/Downloads/date-fruit-quality-ml/data/quality/maturity/train/Rutab/alhamdan__Rutab Date (62).jpg
/Users/ayush/Downloads/date-fruit-quality-ml/data/kaggle/alhamdan/Rutab/Rutab Date (58).JPG,Rutab,,train,alhamdan,/Users/ayush/Downloads/date-fruit-quality-ml/data/quality/maturity/train/Rutab/alhamdan__Rutab Date (58).jpg
/Users/ayush/Downloads/date-fruit-quality-ml/data/kaggle/alhamdan/Rutab/Rutab Date (37).JPG,Rutab,,train,alhamdan,/Users/ayush/Downloads/date-fruit-quality-ml/data/quality/maturity/train/Rutab/alhamdan__Rutab Date (37).jpg
/Users/ayush/Downloads/date-fruit-quality-ml/data/kaggle/alhamdan/Ajwa/Ajwa Date (2).JPG,Tamar,,train,alhamdan,/Users/ayush/Downloads/date-fruit-quality-ml/data/quality/maturity/train/Tamar/alhamdan__Ajwa Date (2).jpg
/Users/ayush/Downloads/date-fruit-quality-ml/data/kaggle/alhamdan/Sugaey/Sugaey Date (73).JPG,Tamar,,train,alhamdan,/Users/ayush/Downloads/date-fruit-quality-ml/data/quality/maturity/train/Tamar/alhamdan__Sugaey Date (73).jpg
/Users/ayush/Downloads/date-fruit-quality-ml/data/kaggle/alhamdan/Rutab/Rutab Date (126).JPG,Rutab,,train,alhamdan,/Users/ayush/Downloads/date-fruit-quality-ml/data/quality/maturity/train/Rutab/alhamdan__Rutab Date (126).jpg
/Users/ayush/Downloads/date-fruit-quality-ml/data/kaggle/alhamdan/Shaishe/Shaishe Date (124).JPG,Tamar,,train,alhamdan,/Users/ayush/Downloads/date-fruit-quality-ml/data/quality/maturity/train/Tamar/alhamdan__Shaishe Date (124).jpg
/Users/ayush/Downloads/date-fruit-quality-ml/data/kaggle/alhamdan/Galaxy/Galaxy Date (61).JPG,Tamar,,train,alhamdan,/Users/ayush/Downloads/date-fruit-quality-ml/data/quality/maturity/train/Tamar/alhamdan__Galaxy Date (61).jpg
/Users/ayush/Downloads/date-fruit-quality-ml/data/kaggle/alhamdan/Medjool/Medjool Date (66).JPG,Tamar,,train,alhamdan,/Users/ayush/Downloads/date-fruit-quality-ml/data/quality/maturity/train/Tamar/alhamdan__Medjool Date (66).jpg
/Users/ayush/Downloads/date-fruit-quality-ml/data/kaggle/alhamdan/Sugaey/Sugaey Date (115).JPG,Tamar,,train,alhamdan,/Users/ayush/Downloads/date-fruit-quality-ml/data/quality/maturity/train/Tamar/alhamdan__Sugaey Date (115).jpg
/Users/ayush/Downloads/date-fruit-quality-ml/data/kaggle/alhamdan/Rutab/Rutab Date (145).JPG,Rutab,,train,alhamdan,/Users/ayush/Downloads/date-fruit-quality-ml/data/quality/maturity/train/Rutab/alhamdan__Rutab Date (145).jpg
/Users/ayush/Downloads/date-fruit-quality-ml/data/kaggle/alhamdan/Rutab/Rutab Date (139).JPG,Rutab,,train,alhamdan,/Users/ayush/Downloads/date-fruit-quality-ml/data/quality/maturity/train/Rutab/alhamdan__Rutab Date (139).jpg
/Users/ayush/Downloads/date-fruit-quality-ml/data/kaggle/alhamdan/Rutab/Rutab Date (124).JPG,Rutab,,train,alhamdan,/Users/ayush/Downloads/date-fruit-quality-ml/data/quality/maturity/train/Rutab/alhamdan__Rutab Date (124).jpg
/Users/ayush/Downloads/date-fruit-quality-ml/data/kaggle/alhamdan/Galaxy/Galaxy Date (180).JPG,Tamar,,train,alhamdan,/Users/ayush/Downloads/date-fruit-quality-ml/data/quality/maturity/train/Tamar/alhamdan__Galaxy Date (180).jpg
/Users/ayush/Downloads/date-fruit-quality-ml/data/kaggle/alhamdan/Medjool/Medjool Date (28).JPG,Tamar,,train,alhamdan,/Users/ayush/Downloads/date-fruit-quality-ml/data/quality/maturity/train/Tamar/alhamdan__Medjool Date (28).jpg
/Users/ayush/Downloads/date-fruit-quality-ml/data/kaggle/alhamdan/Rutab/Rutab Date (137).JPG,Rutab,,train,alhamdan,/Users/ayush/Downloads/date-fruit-quality-ml/data/quality/maturity/train/Rutab/alhamdan__Rutab Date (137).jpg
/Users/ayush/Downloads/date-fruit-quality-ml/data/kaggle/alhamdan/Rutab/Rutab Date (74).JPG,Rutab,,train,alhamdan,/Users/ayush/Downloads/date-fruit-quality-ml/data/quality/maturity/train/Rutab/alhamdan__Rutab Date (74).jpg
/Users/ayush/Downloads/date-fruit-quality-ml/data/kaggle/alhamdan/Rutab/Rutab Date (40).JPG,Rutab,,train,alhamdan,/Users/ayush/Downloads/date-fruit-quality-ml/data/quality/maturity/train/Rutab/alhamdan__Rutab Date (40).jpg
/Users/ayush/Downloads/date-fruit-quality-ml/data/kaggle/alhamdan/Shaishe/Shaishe Date (101).JPG,Tamar,,train,alhamdan,/Users/ayush/Downloads/date-fruit-quality-ml/data/quality/maturity/train/Tamar/alhamdan__Shaishe Date (101).jpg
/Users/ayush/Downloads/date-fruit-quality-ml/data/kaggle/alhamdan/Nabtat Ali/Nabtat Ali Date (15).JPG,Tamar,,train,alhamdan,/Users/ayush/Downloads/date-fruit-quality-ml/data/quality/maturity/train/Tamar/alhamdan__Nabtat Ali Date (15).jpg
/Users/ayush/Downloads/date-fruit-quality-ml/data/kaggle/alhamdan/Sokari/Sokari Date (52).JPG,Tamar,,train,alhamdan,/Users/ayush/Downloads/date-fruit-quality-ml/data/quality/maturity/train/Tamar/alhamdan__Sokari Date (52).jpg
/Users/ayush/Downloads/date-fruit-quality-ml/data/kaggle/alhamdan/Galaxy/Galaxy Date (124).JPG,Tamar,,train,alhamdan,/Users/ayush/Downloads/date-fruit-quality-ml/data/quality/maturity/train/Tamar/alhamdan__Galaxy Date (124).jpg
/Users/ayush/Downloads/date-fruit-quality-ml/data/kaggle/alhamdan/Rutab/Rutab Date (53).JPG,Rutab,,train,alhamdan,/Users/ayush/Downloads/date-fruit-quality-ml/data/quality/maturity/train/Rutab/alhamdan__Rutab Date (53).jpg
/Users/ayush/Downloads/date-fruit-quality-ml/data/kaggle/alhamdan/Rutab/Rutab Date (89).JPG,Rutab,,train,alhamdan,/Users/ayush/Downloads/date-fruit-quality-ml/data/quality/maturity/train/Rutab/alhamdan__Rutab Date (89).jpg
/Users/ayush/Downloads/date-fruit-quality-ml/data/kaggle/alhamdan/Rutab/Rutab Date (12).JPG,Rutab,,train,alhamdan,/Users/ayush/Downloads/date-fruit-quality-ml/data/quality/maturity/train/Rutab/alhamdan__Rutab Date (12).jpg
/Users/ayush/Downloads/date-fruit-quality-ml/data/kaggle/alhamdan/Galaxy/Galaxy Date (89).JPG,Tamar,,train,alhamdan,/Users/ayush/Downloads/date-fruit-quality-ml/data/quality/maturity/train/Tamar/alhamdan__Galaxy Date (89).jpg
/Users/ayush/Downloads/date-fruit-quality-ml/data/kaggle/alhamdan/Meneifi/Meneifi Date (145).JPG,Tamar,,train,alhamdan,/Users/ayush/Downloads/date-fruit-quality-ml/data/quality/maturity/train/Tamar/alhamdan__Meneifi Date (145).jpg
/Users/ayush/Downloads/date-fruit-quality-ml/data/kaggle/alhamdan/Ajwa/Ajwa Date (67).JPG,Tamar,,train,alhamdan,/Users/ayush/Downloads/date-fruit-quality-ml/data/quality/maturity/train/Tamar/alhamdan__Ajwa Date (67).jpg
/Users/ayush/Downloads/date-fruit-quality-ml/data/kaggle/alhamdan/Sugaey/Sugaey Date (43).JPG,Tamar,,train,alhamdan,/Users/ayush/Downloads/date-fruit-quality-ml/data/quality/maturity/train/Tamar/alhamdan__Sugaey Date (43).jpg
/Users/ayush/Downloads/date-fruit-quality-ml/data/kaggle/alhamdan/Sokari/Sokari Date (201).JPG,Tamar,,train,alhamdan,/Users/ayush/Downloads/date-fruit-quality-ml/data/quality/maturity/train/Tamar/alhamdan__Sokari Date (201).jpg
/Users/ayush/Downloads/date-fruit-quality-ml/data/kaggle/alhamdan/Rutab/Rutab Date (26).JPG,Rutab,,train,alhamdan,/Users/ayush/Downloads/date-fruit-quality-ml/data/quality/maturity/train/Rutab/alhamdan__Rutab Date (26).jpg
/Users/ayush/Downloads/date-fruit-quality-ml/data/kaggle/alhamdan/Meneifi/Meneifi Date (171).JPG,Tamar,,train,alhamdan,/Users/ayush/Downloads/date-fruit-quality-ml/data/quality/maturity/train/Tamar/alhamdan__Meneifi Date (171).jpg
/Users/ayush/Downloads/date-fruit-quality-ml/data/kaggle/alhamdan/Nabtat Ali/Nabtat Ali Date (118).JPG,Tamar,,train,alhamdan,/Users/ayush/Downloads/date-fruit-quality-ml/data/quality/maturity/train/Tamar/alhamdan__Nabtat Ali Date (118).jpg
/Users/ayush/Downloads/date-fruit-quality-ml/data/kaggle/alhamdan/Ajwa/Ajwa Date (112).JPG,Tamar,,train,alhamdan,/Users/ayush/Downloads/date-fruit-quality-ml/data/quality/maturity/train/Tamar/alhamdan__Ajwa Date (112).jpg
/Users/ayush/Downloads/date-fruit-quality-ml/data/kaggle/alhamdan/Ajwa/Ajwa Date (129).JPG,Tamar,,train,alhamdan,/Users/ayush/Downloads/date-fruit-quality-ml/data/quality/maturity/train/Tamar/alhamdan__Ajwa Date (129).jpg
/Users/ayush/Downloads/date-fruit-quality-ml/data/kaggle/alhamdan/Sugaey/Sugaey Date (103).JPG,Tamar,,train,alhamdan,/Users/ayush/Downloads/date-fruit-quality-ml/data/quality/maturity/train/Tamar/alhamdan__Sugaey Date (103).jpg
/Users/ayush/Downloads/date-fruit-quality-ml/data/kaggle/alhamdan/Rutab/Rutab Date (41).JPG,Rutab,,train,alhamdan,/Users/ayush/Downloads/date-fruit-quality-ml/data/quality/maturity/train/Rutab/alhamdan__Rutab Date (41).jpg
/Users/ayush/Downloads/date-fruit-quality-ml/data/kaggle/alhamdan/Ajwa/Ajwa Date (44).JPG,Tamar,,train,alhamdan,/Users/ayush/Downloads/date-fruit-quality-ml/data/quality/maturity/train/Tamar/alhamdan__Ajwa Date (44).jpg
/Users/ayush/Downloads/date-fruit-quality-ml/data/kaggle/alhamdan/Medjool/Medjool Date (55).JPG,Tamar,,train,alhamdan,/Users/ayush/Downloads/date-fruit-quality-ml/data/quality/maturity/train/Tamar/alhamdan__Medjool Date (55).jpg
/Users/ayush/Downloads/date-fruit-quality-ml/data/kaggle/alhamdan/Rutab/Rutab Date (7).JPG,Rutab,,train,alhamdan,/Users/ayush/Downloads/date-fruit-quality-ml/data/quality/maturity/train/Rutab/alhamdan__Rutab Date (7).jpg
/Users/ayush/Downloads/date-fruit-quality-ml/data/kaggle/alhamdan/Rutab/Rutab Date (32).JPG,Rutab,,train,alhamdan,/Users/ayush/Downloads/date-fruit-quality-ml/data/quality/maturity/train/Rutab/alhamdan__Rutab Date (32).jpg
/Users/ayush/Downloads/date-fruit-quality-ml/data/kaggle/alhamdan/Rutab/Rutab Date (110).JPG,Rutab,,train,alhamdan,/Users/ayush/Downloads/date-fruit-quality-ml/data/quality/maturity/train/Rutab/alhamdan__Rutab Date (110).jpg
/Users/ayush/Downloads/date-fruit-quality-ml/data/kaggle/alhamdan/Rutab/Rutab Date (91).JPG,Rutab,,train,alhamdan,/Users/ayush/Downloads/date-fruit-quality-ml/data/quality/maturity/train/Rutab/alhamdan__Rutab Date (91).jpg
/Users/ayush/Downloads/date-fruit-quality-ml/data/kaggle/alhamdan/Rutab/Rutab Date (42).JPG,Rutab,,train,alhamdan,/Users/ayush/Downloads/date-fruit-quality-ml/data/quality/maturity/train/Rutab/alhamdan__Rutab Date (42).jpg
/Users/ayush/Downloads/date-fruit-quality-ml/data/kaggle/alhamdan/Galaxy/Galaxy Date (74).JPG,Tamar,,train,alhamdan,/Users/ayush/Downloads/date-fruit-quality-ml/data/quality/maturity/train/Tamar/alhamdan__Galaxy Date (74).jpg
/Users/ayush/Downloads/date-fruit-quality-ml/data/kaggle/alhamdan/Rutab/Rutab Date (84).JPG,Rutab,,train,alhamdan,/Users/ayush/Downloads/date-fruit-quality-ml/data/quality/maturity/train/Rutab/alhamdan__Rutab Date (84).jpg
/Users/ayush/Downloads/date-fruit-quality-ml/data/kaggle/alhamdan/Rutab/Rutab Date (38).JPG,Rutab,,train,alhamdan,/Users/ayush/Downloads/date-fruit-quality-ml/data/quality/maturity/train/Rutab/alhamdan__Rutab Date (38).jpg
/Users/ayush/Downloads/date-fruit-quality-ml/data/kaggle/alhamdan/Rutab/Rutab Date (131).JPG,Rutab,,train,alhamdan,/Users/ayush/Downloads/date-fruit-quality-ml/data/quality/maturity/train/Rutab/alhamdan__Rutab Date (131).jpg
/Users/ayush/Downloads/date-fruit-quality-ml/data/kaggle/alhamdan/Meneifi/Meneifi Date (168).JPG,Tamar,,train,alhamdan,/Users/ayush/Downloads/date-fruit-quality-ml/data/quality/maturity/train/Tamar/alhamdan__Meneifi Date (168).jpg
/Users/ayush/Downloads/date-fruit-quality-ml/data/kaggle/alhamdan/Sokari/Sokari Date (244).JPG,Tamar,,train,alhamdan,/Users/ayush/Downloads/date-fruit-quality-ml/data/quality/maturity/train/Tamar/alhamdan__Sokari Date (244).jpg
/Users/ayush/Downloads/date-fruit-quality-ml/data/kaggle/alhamdan/Rutab/Rutab Date (141).JPG,Rutab,,train,alhamdan,/Users/ayush/Downloads/date-fruit-quality-ml/data/quality/maturity/train/Rutab/alhamdan__Rutab Date (141).jpg
/Users/ayush/Downloads/date-fruit-quality-ml/data/kaggle/alhamdan/Rutab/Rutab Date (17).JPG,Rutab,,train,alhamdan,/Users/ayush/Downloads/date-fruit-quality-ml/data/quality/maturity/train/Rutab/alhamdan__Rutab Date (17).jpg
/Users/ayush/Downloads/date-fruit-quality-ml/data/kaggle/alhamdan/Rutab/Rutab Date (73).JPG,Rutab,,train,alhamdan,/Users/ayush/Downloads/date-fruit-quality-ml/data/quality/maturity/train/Rutab/alhamdan__Rutab Date (73).jpg
/Users/ayush/Downloads/date-fruit-quality-ml/data/kaggle/alhamdan/Rutab/Rutab Date (108).JPG,Rutab,,train,alhamdan,/Users/ayush/Downloads/date-fruit-quality-ml/data/quality/maturity/train/Rutab/alhamdan__Rutab Date (108).jpg
/Users/ayush/Downloads/date-fruit-quality-ml/data/kaggle/alhamdan/Rutab/Rutab Date (56).JPG,Rutab,,train,alhamdan,/Users/ayush/Downloads/date-fruit-quality-ml/data/quality/maturity/train/Rutab/alhamdan__Rutab Date (56).jpg
/Users/ayush/Downloads/date-fruit-quality-ml/data/kaggle/alhamdan/Rutab/Rutab Date (44).JPG,Rutab,,train,alhamdan,/Users/ayush/Downloads/date-fruit-quality-ml/data/quality/maturity/train/Rutab/alhamdan__Rutab Date (44).jpg
/Users/ayush/Downloads/date-fruit-quality-ml/data/kaggle/alhamdan/Rutab/Rutab Date (95).JPG,Rutab,,train,alhamdan,/Users/ayush/Downloads/date-fruit-quality-ml/data/quality/maturity/train/Rutab/alhamdan__Rutab Date (95).jpg
/Users/ayush/Downloads/date-fruit-quality-ml/data/kaggle/alhamdan/Rutab/Rutab Date (120).JPG,Rutab,,train,alhamdan,/Users/ayush/Downloads/date-fruit-quality-ml/data/quality/maturity/train/Rutab/alhamdan__Rutab Date (120).jpg
/Users/ayush/Downloads/date-fruit-quality-ml/data/kaggle/alhamdan/Nabtat Ali/Nabtat Ali Date (57).JPG,Tamar,,train,alhamdan,/Users/ayush/Downloads/date-fruit-quality-ml/data/quality/maturity/train/Tamar/alhamdan__Nabtat Ali Date (57).jpg
/Users/ayush/Downloads/date-fruit-quality-ml/data/kaggle/alhamdan/Rutab/Rutab Date (51).JPG,Rutab,,train,alhamdan,/Users/ayush/Downloads/date-fruit-quality-ml/data/quality/maturity/train/Rutab/alhamdan__Rutab Date (51).jpg
/Users/ayush/Downloads/date-fruit-quality-ml/data/kaggle/alhamdan/Rutab/Rutab Date (29).JPG,Rutab,,train,alhamdan,/Users/ayush/Downloads/date-fruit-quality-ml/data/quality/maturity/train/Rutab/alhamdan__Rutab Date (29).jpg
/Users/ayush/Downloads/date-fruit-quality-ml/data/kaggle/alhamdan/Rutab/Rutab Date (68).JPG,Rutab,,train,alhamdan,/Users/ayush/Downloads/date-fruit-quality-ml/data/quality/maturity/train/Rutab/alhamdan__Rutab Date (68).jpg
/Users/ayush/Downloads/date-fruit-quality-ml/data/kaggle/alhamdan/Nabtat Ali/Nabtat Ali Date (6).JPG,Tamar,,train,alhamdan,/Users/ayush/Downloads/date-fruit-quality-ml/data/quality/maturity/train/Tamar/alhamdan__Nabtat Ali Date (6).jpg
/Users/ayush/Downloads/date-fruit-quality-ml/data/kaggle/alhamdan/Galaxy/Galaxy Date (147).JPG,Tamar,,train,alhamdan,/Users/ayush/Downloads/date-fruit-quality-ml/data/quality/maturity/train/Tamar/alhamdan__Galaxy Date (147).jpg
/Users/ayush/Downloads/date-fruit-quality-ml/data/kaggle/alhamdan/Shaishe/Shaishe Date (41).JPG,Tamar,,train,alhamdan,/Users/ayush/Downloads/date-fruit-quality-ml/data/quality/maturity/train/Tamar/alhamdan__Shaishe Date (41).jpg
/Users/ayush/Downloads/date-fruit-quality-ml/data/kaggle/alhamdan/Shaishe/Shaishe Date (12).JPG,Tamar,,train,alhamdan,/Users/ayush/Downloads/date-fruit-quality-ml/data/quality/maturity/train/Tamar/alhamdan__Shaishe Date (12).jpg
/Users/ayush/Downloads/date-fruit-quality-ml/data/kaggle/alhamdan/Sokari/Sokari Date (199).JPG,Tamar,,train,alhamdan,/Users/ayush/Downloads/date-fruit-quality-ml/data/quality/maturity/train/Tamar/alhamdan__Sokari Date (199).jpg
/Users/ayush/Downloads/date-fruit-quality-ml/data/kaggle/alhamdan/Rutab/Rutab Date (98).JPG,Rutab,,train,alhamdan,/Users/ayush/Downloads/date-fruit-quality-ml/data/quality/maturity/train/Rutab/alhamdan__Rutab Date (98).jpg
/Users/ayush/Downloads/date-fruit-quality-ml/data/kaggle/alhamdan/Rutab/Rutab Date (122).JPG,Rutab,,train,alhamdan,/Users/ayush/Downloads/date-fruit-quality-ml/data/quality/maturity/train/Rutab/alhamdan__Rutab Date (122).jpg
/Users/ayush/Downloads/date-fruit-quality-ml/data/kaggle/alhamdan/Medjool/Medjool Date (128).JPG,Tamar,,train,alhamdan,/Users/ayush/Downloads/date-fruit-quality-ml/data/quality/maturity/train/Tamar/alhamdan__Medjool Date (128).jpg
/Users/ayush/Downloads/date-fruit-quality-ml/data/kaggle/alhamdan/Galaxy/Galaxy Date (171).JPG,Tamar,,train,alhamdan,/Users/ayush/Downloads/date-fruit-quality-ml/data/quality/maturity/train/Tamar/alhamdan__Galaxy Date (171).jpg
/Users/ayush/Downloads/date-fruit-quality-ml/data/kaggle/alhamdan/Medjool/Medjool Date (121).JPG,Tamar,,train,alhamdan,/Users/ayush/Downloads/date-fruit-quality-ml/data/quality/maturity/train/Tamar/alhamdan__Medjool Date (121).jpg
/Users/ayush/Downloads/date-fruit-quality-ml/data/kaggle/alhamdan/Medjool/Medjool Date (20).JPG,Tamar,,train,alhamdan,/Users/ayush/Downloads/date-fruit-quality-ml/data/quality/maturity/train/Tamar/alhamdan__Medjool Date (20).jpg
/Users/ayush/Downloads/date-fruit-quality-ml/data/kaggle/alhamdan/Rutab/Rutab Date (134).JPG,Rutab,,train,alhamdan,/Users/ayush/Downloads/date-fruit-quality-ml/data/quality/maturity/train/Rutab/alhamdan__Rutab Date (134).jpg
/Users/ayush/Downloads/date-fruit-quality-ml/data/kaggle/alhamdan/Rutab/Rutab Date (3).JPG,Rutab,,train,alhamdan,/Users/ayush/Downloads/date-fruit-quality-ml/data/quality/maturity/train/Rutab/alhamdan__Rutab Date (3).jpg
/Users/ayush/Downloads/date-fruit-quality-ml/data/kaggle/alhamdan/Rutab/Rutab Date (127).JPG,Rutab,,train,alhamdan,/Users/ayush/Downloads/date-fruit-quality-ml/data/quality/maturity/train/Rutab/alhamdan__Rutab Date (127).jpg
/Users/ayush/Downloads/date-fruit-quality-ml/data/kaggle/alhamdan/Rutab/Rutab Date (93).JPG,Rutab,,train,alhamdan,/Users/ayush/Downloads/date-fruit-quality-ml/data/quality/maturity/train/Rutab/alhamdan__Rutab Date (93).jpg
/Users/ayush/Downloads/date-fruit-quality-ml/data/kaggle/alhamdan/Sokari/Sokari Date (61).JPG,Tamar,,train,alhamdan,/Users/ayush/Downloads/date-fruit-quality-ml/data/quality/maturity/train/Tamar/alhamdan__Sokari Date (61).jpg
/Users/ayush/Downloads/date-fruit-quality-ml/data/kaggle/alhamdan/Rutab/Rutab Date (96).JPG,Rutab,,train,alhamdan,/Users/ayush/Downloads/date-fruit-quality-ml/data/quality/maturity/train/Rutab/alhamdan__Rutab Date (96).jpg
/Users/ayush/Downloads/date-fruit-quality-ml/data/kaggle/alhamdan/Sokari/Sokari Date (171).JPG,Tamar,,train,alhamdan,/Users/ayush/Downloads/date-fruit-quality-ml/data/quality/maturity/train/Tamar/alhamdan__Sokari Date (171).jpg
/Users/ayush/Downloads/date-fruit-quality-ml/data/kaggle/alhamdan/Nabtat Ali/Nabtat Ali Date (142).JPG,Tamar,,train,alhamdan,/Users/ayush/Downloads/date-fruit-quality-ml/data/quality/maturity/train/Tamar/alhamdan__Nabtat Ali Date (142).jpg
/Users/ayush/Downloads/date-fruit-quality-ml/data/kaggle/alhamdan/Rutab/Rutab Date (101).JPG,Rutab,,train,alhamdan,/Users/ayush/Downloads/date-fruit-quality-ml/data/quality/maturity/train/Rutab/alhamdan__Rutab Date (101).jpg
/Users/ayush/Downloads/date-fruit-quality-ml/data/kaggle/alhamdan/Sugaey/Sugaey Date (30).JPG,Tamar,,train,alhamdan,/Users/ayush/Downloads/date-fruit-quality-ml/data/quality/maturity/train/Tamar/alhamdan__Sugaey Date (30).jpg
/Users/ayush/Downloads/date-fruit-quality-ml/data/kaggle/alhamdan/Rutab/Rutab Date (69).JPG,Rutab,,train,alhamdan,/Users/ayush/Downloads/date-fruit-quality-ml/data/quality/maturity/train/Rutab/alhamdan__Rutab Date (69).jpg
/Users/ayush/Downloads/date-fruit-quality-ml/data/kaggle/alhamdan/Rutab/Rutab Date (28).JPG,Rutab,,train,alhamdan,/Users/ayush/Downloads/date-fruit-quality-ml/data/quality/maturity/train/Rutab/alhamdan__Rutab Date (28).jpg
/Users/ayush/Downloads/date-fruit-quality-ml/data/kaggle/alhamdan/Rutab/Rutab Date (92).JPG,Rutab,,train,alhamdan,/Users/ayush/Downloads/date-fruit-quality-ml/data/quality/maturity/train/Rutab/alhamdan__Rutab Date (92).jpg
/Users/ayush/Downloads/date-fruit-quality-ml/data/kaggle/alhamdan/Sugaey/Sugaey Date (99).JPG,Tamar,,train,alhamdan,/Users/ayush/Downloads/date-fruit-quality-ml/data/quality/maturity/train/Tamar/alhamdan__Sugaey Date (99).jpg
/Users/ayush/Downloads/date-fruit-quality-ml/data/kaggle/alhamdan/Rutab/Rutab Date (8).JPG,Rutab,,train,alhamdan,/Users/ayush/Downloads/date-fruit-quality-ml/data/quality/maturity/train/Rutab/alhamdan__Rutab Date (8).jpg
/Users/ayush/Downloads/date-fruit-quality-ml/data/kaggle/alhamdan/Rutab/Rutab Date (76).JPG,Rutab,,train,alhamdan,/Users/ayush/Downloads/date-fruit-quality-ml/data/quality/maturity/train/Rutab/alhamdan__Rutab Date (76).jpg
/Users/ayush/Downloads/date-fruit-quality-ml/data/kaggle/alhamdan/Ajwa/Ajwa Date (111).JPG,Tamar,,train,alhamdan,/Users/ayush/Downloads/date-fruit-quality-ml/data/quality/maturity/train/Tamar/alhamdan__Ajwa Date (111).jpg
/Users/ayush/Downloads/date-fruit-quality-ml/data/kaggle/alhamdan/Rutab/Rutab Date (88).JPG,Rutab,,train,alhamdan,/Users/ayush/Downloads/date-fruit-quality-ml/data/quality/maturity/train/Rutab/alhamdan__Rutab Date (88).jpg
/Users/ayush/Downloads/date-fruit-quality-ml/data/kaggle/alhamdan/Nabtat Ali/Nabtat Ali Date (162).JPG,Tamar,,train,alhamdan,/Users/ayush/Downloads/date-fruit-quality-ml/data/quality/maturity/train/Tamar/alhamdan__Nabtat Ali Date (162).jpg
/Users/ayush/Downloads/date-fruit-quality-ml/data/kaggle/alhamdan/Rutab/Rutab Date (21).JPG,Rutab,,train,alhamdan,/Users/ayush/Downloads/date-fruit-quality-ml/data/quality/maturity/train/Rutab/alhamdan__Rutab Date (21).jpg
/Users/ayush/Downloads/date-fruit-quality-ml/data/kaggle/alhamdan/Rutab/Rutab Date (61).JPG,Rutab,,train,alhamdan,/Users/ayush/Downloads/date-fruit-quality-ml/data/quality/maturity/train/Rutab/alhamdan__Rutab Date (61).jpg
/Users/ayush/Downloads/date-fruit-quality-ml/data/kaggle/alhamdan/Rutab/Rutab Date (113).JPG,Rutab,,train,alhamdan,/Users/ayush/Downloads/date-fruit-quality-ml/data/quality/maturity/train/Rutab/alhamdan__Rutab Date (113).jpg
/Users/ayush/Downloads/date-fruit-quality-ml/data/kaggle/alhamdan/Rutab/Rutab Date (116).JPG,Rutab,,train,alhamdan,/Users/ayush/Downloads/date-fruit-quality-ml/data/quality/maturity/train/Rutab/alhamdan__Rutab Date (116).jpg
/Users/ayush/Downloads/date-fruit-quality-ml/data/kaggle/alhamdan/Sugaey/Sugaey Date (22).JPG,Tamar,,train,alhamdan,/Users/ayush/Downloads/date-fruit-quality-ml/data/quality/maturity/train/Tamar/alhamdan__Sugaey Date (22).jpg
/Users/ayush/Downloads/date-fruit-quality-ml/data/kaggle/alhamdan/Galaxy/Galaxy Date (86).JPG,Tamar,,train,alhamdan,/Users/ayush/Downloads/date-fruit-quality-ml/data/quality/maturity/train/Tamar/alhamdan__Galaxy Date (86).jpg
/Users/ayush/Downloads/date-fruit-quality-ml/data/kaggle/alhamdan/Rutab/Rutab Date (119).JPG,Rutab,,train,alhamdan,/Users/ayush/Downloads/date-fruit-quality-ml/data/quality/maturity/train/Rutab/alhamdan__Rutab Date (119).jpg
/Users/ayush/Downloads/date-fruit-quality-ml/data/kaggle/alhamdan/Sokari/Sokari Date (57).JPG,Tamar,,train,alhamdan,/Users/ayush/Downloads/date-fruit-quality-ml/data/quality/maturity/train/Tamar/alhamdan__Sokari Date (57).jpg
/Users/ayush/Downloads/date-fruit-quality-ml/data/kaggle/alhamdan/Rutab/Rutab Date (59).JPG,Rutab,,train,alhamdan,/Users/ayush/Downloads/date-fruit-quality-ml/data/quality/maturity/train/Rutab/alhamdan__Rutab Date (59).jpg
/Users/ayush/Downloads/date-fruit-quality-ml/data/kaggle/alhamdan/Rutab/Rutab Date (133).JPG,Rutab,,train,alhamdan,/Users/ayush/Downloads/date-fruit-quality-ml/data/quality/maturity/train/Rutab/alhamdan__Rutab Date (133).jpg
/Users/ayush/Downloads/date-fruit-quality-ml/data/kaggle/alhamdan/Rutab/Rutab Date (107).JPG,Rutab,,train,alhamdan,/Users/ayush/Downloads/date-fruit-quality-ml/data/quality/maturity/train/Rutab/alhamdan__Rutab Date (107).jpg
/Users/ayush/Downloads/date-fruit-quality-ml/data/kaggle/alhamdan/Medjool/Medjool Date (6).JPG,Tamar,,train,alhamdan,/Users/ayush/Downloads/date-fruit-quality-ml/data/quality/maturity/train/Tamar/alhamdan__Medjool Date (6).jpg
/Users/ayush/Downloads/date-fruit-quality-ml/data/kaggle/alhamdan/Meneifi/Meneifi Date (122).JPG,Tamar,,train,alhamdan,/Users/ayush/Downloads/date-fruit-quality-ml/data/quality/maturity/train/Tamar/alhamdan__Meneifi Date (122).jpg
/Users/ayush/Downloads/date-fruit-quality-ml/data/kaggle/alhamdan/Rutab/Rutab Date (25).JPG,Rutab,,train,alhamdan,/Users/ayush/Downloads/date-fruit-quality-ml/data/quality/maturity/train/Rutab/alhamdan__Rutab Date (25).jpg
/Users/ayush/Downloads/date-fruit-quality-ml/data/kaggle/alhamdan/Rutab/Rutab Date (4).JPG,Rutab,,train,alhamdan,/Users/ayush/Downloads/date-fruit-quality-ml/data/quality/maturity/train/Rutab/alhamdan__Rutab Date (4).jpg
/Users/ayush/Downloads/date-fruit-quality-ml/data/kaggle/alhamdan/Shaishe/Shaishe Date (40).JPG,Tamar,,train,alhamdan,/Users/ayush/Downloads/date-fruit-quality-ml/data/quality/maturity/train/Tamar/alhamdan__Shaishe Date (40).jpg
/Users/ayush/Downloads/date-fruit-quality-ml/data/kaggle/alhamdan/Rutab/Rutab Date (121).JPG,Rutab,,train,alhamdan,/Users/ayush/Downloads/date-fruit-quality-ml/data/quality/maturity/train/Rutab/alhamdan__Rutab Date (121).jpg
/Users/ayush/Downloads/date-fruit-quality-ml/data/kaggle/alhamdan/Sokari/Sokari Date (172).JPG,Tamar,,train,alhamdan,/Users/ayush/Downloads/date-fruit-quality-ml/data/quality/maturity/train/Tamar/alhamdan__Sokari Date (172).jpg
/Users/ayush/Downloads/date-fruit-quality-ml/data/kaggle/alhamdan/Rutab/Rutab Date (43).JPG,Rutab,,train,alhamdan,/Users/ayush/Downloads/date-fruit-quality-ml/data/quality/maturity/train/Rutab/alhamdan__Rutab Date (43).jpg
/Users/ayush/Downloads/date-fruit-quality-ml/data/kaggle/alhamdan/Sugaey/Sugaey Date (168).JPG,Tamar,,train,alhamdan,/Users/ayush/Downloads/date-fruit-quality-ml/data/quality/maturity/train/Tamar/alhamdan__Sugaey Date (168).jpg
/Users/ayush/Downloads/date-fruit-quality-ml/data/kaggle/alhamdan/Rutab/Rutab Date (78).JPG,Rutab,,train,alhamdan,/Users/ayush/Downloads/date-fruit-quality-ml/data/quality/maturity/train/Rutab/alhamdan__Rutab Date (78).jpg
/Users/ayush/Downloads/date-fruit-quality-ml/data/kaggle/alhamdan/Ajwa/Ajwa Date (53).JPG,Tamar,,train,alhamdan,/Users/ayush/Downloads/date-fruit-quality-ml/data/quality/maturity/train/Tamar/alhamdan__Ajwa Date (53).jpg
/Users/ayush/Downloads/date-fruit-quality-ml/data/kaggle/alhamdan/Galaxy/Galaxy Date (179).JPG,Tamar,,train,alhamdan,/Users/ayush/Downloads/date-fruit-quality-ml/data/quality/maturity/train/Tamar/alhamdan__Galaxy Date (179).jpg
/Users/ayush/Downloads/date-fruit-quality-ml/data/kaggle/alhamdan/Galaxy/Galaxy Date (51).JPG,Tamar,,train,alhamdan,/Users/ayush/Downloads/date-fruit-quality-ml/data/quality/maturity/train/Tamar/alhamdan__Galaxy Date (51).jpg
/Users/ayush/Downloads/date-fruit-quality-ml/data/kaggle/alhamdan/Sugaey/Sugaey Date (17).JPG,Tamar,,train,alhamdan,/Users/ayush/Downloads/date-fruit-quality-ml/data/quality/maturity/train/Tamar/alhamdan__Sugaey Date (17).jpg
/Users/ayush/Downloads/date-fruit-quality-ml/data/kaggle/alhamdan/Nabtat Ali/Nabtat Ali Date (63).JPG,Tamar,,train,alhamdan,/Users/ayush/Downloads/date-fruit-quality-ml/data/quality/maturity/train/Tamar/alhamdan__Nabtat Ali Date (63).jpg
/Users/ayush/Downloads/date-fruit-quality-ml/data/kaggle/alhamdan/Galaxy/Galaxy Date (20).JPG,Tamar,,train,alhamdan,/Users/ayush/Downloads/date-fruit-quality-ml/data/quality/maturity/train/Tamar/alhamdan__Galaxy Date (20).jpg
/Users/ayush/Downloads/date-fruit-quality-ml/data/kaggle/alhamdan/Medjool/Medjool Date (106).JPG,Tamar,,train,alhamdan,/Users/ayush/Downloads/date-fruit-quality-ml/data/quality/maturity/train/Tamar/alhamdan__Medjool Date (106).jpg
/Users/ayush/Downloads/date-fruit-quality-ml/data/kaggle/alhamdan/Meneifi/Meneifi Date (24).JPG,Tamar,,train,alhamdan,/Users/ayush/Downloads/date-fruit-quality-ml/data/quality/maturity/train/Tamar/alhamdan__Meneifi Date (24).jpg
/Users/ayush/Downloads/date-fruit-quality-ml/data/kaggle/alhamdan/Shaishe/Shaishe Date (59).JPG,Tamar,,train,alhamdan,/Users/ayush/Downloads/date-fruit-quality-ml/data/quality/maturity/train/Tamar/alhamdan__Shaishe Date (59).jpg
/Users/ayush/Downloads/date-fruit-quality-ml/data/kaggle/alhamdan/Sokari/Sokari Date (74).JPG,Tamar,,train,alhamdan,/Users/ayush/Downloads/date-fruit-quality-ml/data/quality/maturity/train/Tamar/alhamdan__Sokari Date (74).jpg
/Users/ayush/Downloads/date-fruit-quality-ml/data/kaggle/alhamdan/Nabtat Ali/Nabtat Ali Date (163).JPG,Tamar,,train,alhamdan,/Users/ayush/Downloads/date-fruit-quality-ml/data/quality/maturity/train/Tamar/alhamdan__Nabtat Ali Date (163).jpg
/Users/ayush/Downloads/date-fruit-quality-ml/data/kaggle/alhamdan/Nabtat Ali/Nabtat Ali Date (42).JPG,Tamar,,train,alhamdan,/Users/ayush/Downloads/date-fruit-quality-ml/data/quality/maturity/train/Tamar/alhamdan__Nabtat Ali Date (42).jpg
/Users/ayush/Downloads/date-fruit-quality-ml/data/kaggle/alhamdan/Rutab/Rutab Date (135).JPG,Rutab,,train,alhamdan,/Users/ayush/Downloads/date-fruit-quality-ml/data/quality/maturity/train/Rutab/alhamdan__Rutab Date (135).jpg
/Users/ayush/Downloads/date-fruit-quality-ml/data/kaggle/alhamdan/Rutab/Rutab Date (54).JPG,Rutab,,train,alhamdan,/Users/ayush/Downloads/date-fruit-quality-ml/data/quality/maturity/train/Rutab/alhamdan__Rutab Date (54).jpg
/Users/ayush/Downloads/date-fruit-quality-ml/data/kaggle/alhamdan/Shaishe/Shaishe Date (164).JPG,Tamar,,train,alhamdan,/Users/ayush/Downloads/date-fruit-quality-ml/data/quality/maturity/train/Tamar/alhamdan__Shaishe Date (164).jpg
/Users/ayush/Downloads/date-fruit-quality-ml/data/kaggle/alhamdan/Rutab/Rutab Date (79).JPG,Rutab,,train,alhamdan,/Users/ayush/Downloads/date-fruit-quality-ml/data/quality/maturity/train/Rutab/alhamdan__Rutab Date (79).jpg
/Users/ayush/Downloads/date-fruit-quality-ml/data/kaggle/alhamdan/Rutab/Rutab Date (129).JPG,Rutab,,train,alhamdan,/Users/ayush/Downloads/date-fruit-quality-ml/data/quality/maturity/train/Rutab/alhamdan__Rutab Date (129).jpg
/Users/ayush/Downloads/date-fruit-quality-ml/data/kaggle/alhamdan/Medjool/Medjool Date (64).JPG,Tamar,,train,alhamdan,/Users/ayush/Downloads/date-fruit-quality-ml/data/quality/maturity/train/Tamar/alhamdan__Medjool Date (64).jpg
/Users/ayush/Downloads/date-fruit-quality-ml/data/kaggle/alhamdan/Ajwa/Ajwa Date (35).JPG,Tamar,,train,alhamdan,/Users/ayush/Downloads/date-fruit-quality-ml/data/quality/maturity/train/Tamar/alhamdan__Ajwa Date (35).jpg
/Users/ayush/Downloads/date-fruit-quality-ml/data/kaggle/alhamdan/Nabtat Ali/Nabtat Ali Date (165).JPG,Tamar,,train,alhamdan,/Users/ayush/Downloads/date-fruit-quality-ml/data/quality/maturity/train/Tamar/alhamdan__Nabtat Ali Date (165).jpg
/Users/ayush/Downloads/date-fruit-quality-ml/data/kaggle/alhamdan/Medjool/Medjool Date (45).JPG,Tamar,,train,alhamdan,/Users/ayush/Downloads/date-fruit-quality-ml/data/quality/maturity/train/Tamar/alhamdan__Medjool Date (45).jpg
/Users/ayush/Downloads/date-fruit-quality-ml/data/kaggle/alhamdan/Rutab/Rutab Date (146).JPG,Rutab,,val,alhamdan,/Users/ayush/Downloads/date-fruit-quality-ml/data/quality/maturity/val/Rutab/alhamdan__Rutab Date (146).jpg
/Users/ayush/Downloads/date-fruit-quality-ml/data/kaggle/alhamdan/Rutab/Rutab Date (128).JPG,Rutab,,val,alhamdan,/Users/ayush/Downloads/date-fruit-quality-ml/data/quality/maturity/val/Rutab/alhamdan__Rutab Date (128).jpg
/Users/ayush/Downloads/date-fruit-quality-ml/data/kaggle/alhamdan/Rutab/Rutab Date (81).JPG,Rutab,,val,alhamdan,/Users/ayush/Downloads/date-fruit-quality-ml/data/quality/maturity/val/Rutab/alhamdan__Rutab Date (81).jpg
/Users/ayush/Downloads/date-fruit-quality-ml/data/kaggle/alhamdan/Sugaey/Sugaey Date (33).JPG,Tamar,,val,alhamdan,/Users/ayush/Downloads/date-fruit-quality-ml/data/quality/maturity/val/Tamar/alhamdan__Sugaey Date (33).jpg
/Users/ayush/Downloads/date-fruit-quality-ml/data/kaggle/alhamdan/Ajwa/Ajwa Date (162).JPG,Tamar,,val,alhamdan,/Users/ayush/Downloads/date-fruit-quality-ml/data/quality/maturity/val/Tamar/alhamdan__Ajwa Date (162).jpg
/Users/ayush/Downloads/date-fruit-quality-ml/data/kaggle/alhamdan/Rutab/Rutab Date (66).JPG,Rutab,,val,alhamdan,/Users/ayush/Downloads/date-fruit-quality-ml/data/quality/maturity/val/Rutab/alhamdan__Rutab Date (66).jpg
/Users/ayush/Downloads/date-fruit-quality-ml/data/kaggle/alhamdan/Shaishe/Shaishe Date (52).JPG,Tamar,,val,alhamdan,/Users/ayush/Downloads/date-fruit-quality-ml/data/quality/maturity/val/Tamar/alhamdan__Shaishe Date (52).jpg
/Users/ayush/Downloads/date-fruit-quality-ml/data/kaggle/alhamdan/Galaxy/Galaxy Date (125).JPG,Tamar,,val,alhamdan,/Users/ayush/Downloads/date-fruit-quality-ml/data/quality/maturity/val/Tamar/alhamdan__Galaxy Date (125).jpg
/Users/ayush/Downloads/date-fruit-quality-ml/data/kaggle/alhamdan/Sugaey/Sugaey Date (90).JPG,Tamar,,val,alhamdan,/Users/ayush/Downloads/date-fruit-quality-ml/data/quality/maturity/val/Tamar/alhamdan__Sugaey Date (90).jpg
/Users/ayush/Downloads/date-fruit-quality-ml/data/kaggle/alhamdan/Rutab/Rutab Date (49).JPG,Rutab,,val,alhamdan,/Users/ayush/Downloads/date-fruit-quality-ml/data/quality/maturity/val/Rutab/alhamdan__Rutab Date (49).jpg
/Users/ayush/Downloads/date-fruit-quality-ml/data/kaggle/alhamdan/Rutab/Rutab Date (118).JPG,Rutab,,val,alhamdan,/Users/ayush/Downloads/date-fruit-quality-ml/data/quality/maturity/val/Rutab/alhamdan__Rutab Date (118).jpg
/Users/ayush/Downloads/date-fruit-quality-ml/data/kaggle/alhamdan/Sokari/Sokari Date (51).JPG,Tamar,,val,alhamdan,/Users/ayush/Downloads/date-fruit-quality-ml/data/quality/maturity/val/Tamar/alhamdan__Sokari Date (51).jpg
/Users/ayush/Downloads/date-fruit-quality-ml/data/kaggle/alhamdan/Rutab/Rutab Date (6).JPG,Rutab,,val,alhamdan,/Users/ayush/Downloads/date-fruit-quality-ml/data/quality/maturity/val/Rutab/alhamdan__Rutab Date (6).jpg
/Users/ayush/Downloads/date-fruit-quality-ml/data/kaggle/alhamdan/Rutab/Rutab Date (64).JPG,Rutab,,val,alhamdan,/Users/ayush/Downloads/date-fruit-quality-ml/data/quality/maturity/val/Rutab/alhamdan__Rutab Date (64).jpg
/Users/ayush/Downloads/date-fruit-quality-ml/data/kaggle/alhamdan/Rutab/Rutab Date (34).JPG,Rutab,,val,alhamdan,/Users/ayush/Downloads/date-fruit-quality-ml/data/quality/maturity/val/Rutab/alhamdan__Rutab Date (34).jpg
/Users/ayush/Downloads/date-fruit-quality-ml/data/kaggle/alhamdan/Meneifi/Meneifi Date (83).JPG,Tamar,,val,alhamdan,/Users/ayush/Downloads/date-fruit-quality-ml/data/quality/maturity/val/Tamar/alhamdan__Meneifi Date (83).jpg
/Users/ayush/Downloads/date-fruit-quality-ml/data/kaggle/alhamdan/Sugaey/Sugaey Date (161).JPG,Tamar,,val,alhamdan,/Users/ayush/Downloads/date-fruit-quality-ml/data/quality/maturity/val/Tamar/alhamdan__Sugaey Date (161).jpg
/Users/ayush/Downloads/date-fruit-quality-ml/data/kaggle/alhamdan/Rutab/Rutab Date (97).JPG,Rutab,,val,alhamdan,/Users/ayush/Downloads/date-fruit-quality-ml/data/quality/maturity/val/Rutab/alhamdan__Rutab Date (97).jpg
/Users/ayush/Downloads/date-fruit-quality-ml/data/kaggle/alhamdan/Shaishe/Shaishe Date (141).JPG,Tamar,,val,alhamdan,/Users/ayush/Downloads/date-fruit-quality-ml/data/quality/maturity/val/Tamar/alhamdan__Shaishe Date (141).jpg
/Users/ayush/Downloads/date-fruit-quality-ml/data/kaggle/alhamdan/Rutab/Rutab Date (60).JPG,Rutab,,val,alhamdan,/Users/ayush/Downloads/date-fruit-quality-ml/data/quality/maturity/val/Rutab/alhamdan__Rutab Date (60).jpg
/Users/ayush/Downloads/date-fruit-quality-ml/data/kaggle/alhamdan/Rutab/Rutab Date (20).JPG,Rutab,,val,alhamdan,/Users/ayush/Downloads/date-fruit-quality-ml/data/quality/maturity/val/Rutab/alhamdan__Rutab Date (20).jpg
/Users/ayush/Downloads/date-fruit-quality-ml/data/kaggle/alhamdan/Shaishe/Shaishe Date (18).JPG,Tamar,,val,alhamdan,/Users/ayush/Downloads/date-fruit-quality-ml/data/quality/maturity/val/Tamar/alhamdan__Shaishe Date (18).jpg
/Users/ayush/Downloads/date-fruit-quality-ml/data/kaggle/alhamdan/Sugaey/Sugaey Date (42).JPG,Tamar,,val,alhamdan,/Users/ayush/Downloads/date-fruit-quality-ml/data/quality/maturity/val/Tamar/alhamdan__Sugaey Date (42).jpg
/Users/ayush/Downloads/date-fruit-quality-ml/data/kaggle/alhamdan/Medjool/Medjool Date (87).JPG,Tamar,,val,alhamdan,/Users/ayush/Downloads/date-fruit-quality-ml/data/quality/maturity/val/Tamar/alhamdan__Medjool Date (87).jpg
/Users/ayush/Downloads/date-fruit-quality-ml/data/kaggle/alhamdan/Galaxy/Galaxy Date (102).JPG,Tamar,,val,alhamdan,/Users/ayush/Downloads/date-fruit-quality-ml/data/quality/maturity/val/Tamar/alhamdan__Galaxy Date (102).jpg
/Users/ayush/Downloads/date-fruit-quality-ml/data/kaggle/alhamdan/Meneifi/Meneifi Date (173).JPG,Tamar,,val,alhamdan,/Users/ayush/Downloads/date-fruit-quality-ml/data/quality/maturity/val/Tamar/alhamdan__Meneifi Date (173).jpg
/Users/ayush/Downloads/date-fruit-quality-ml/data/kaggle/alhamdan/Rutab/Rutab Date (80).JPG,Rutab,,val,alhamdan,/Users/ayush/Downloads/date-fruit-quality-ml/data/quality/maturity/val/Rutab/alhamdan__Rutab Date (80).jpg
/Users/ayush/Downloads/date-fruit-quality-ml/data/kaggle/alhamdan/Rutab/Rutab Date (22).JPG,Rutab,,val,alhamdan,/Users/ayush/Downloads/date-fruit-quality-ml/data/quality/maturity/val/Rutab/alhamdan__Rutab Date (22).jpg
/Users/ayush/Downloads/date-fruit-quality-ml/data/kaggle/alhamdan/Sugaey/Sugaey Date (110).JPG,Tamar,,val,alhamdan,/Users/ayush/Downloads/date-fruit-quality-ml/data/quality/maturity/val/Tamar/alhamdan__Sugaey Date (110).jpg
/Users/ayush/Downloads/date-fruit-quality-ml/data/kaggle/alhamdan/Galaxy/Galaxy Date (155).JPG,Tamar,,val,alhamdan,/Users/ayush/Downloads/date-fruit-quality-ml/data/quality/maturity/val/Tamar/alhamdan__Galaxy Date (155).jpg
/Users/ayush/Downloads/date-fruit-quality-ml/data/kaggle/alhamdan/Nabtat Ali/Nabtat Ali Date (69).JPG,Tamar,,val,alhamdan,/Users/ayush/Downloads/date-fruit-quality-ml/data/quality/maturity/val/Tamar/alhamdan__Nabtat Ali Date (69).jpg
/Users/ayush/Downloads/date-fruit-quality-ml/data/kaggle/alhamdan/Rutab/Rutab Date (117).JPG,Rutab,,val,alhamdan,/Users/ayush/Downloads/date-fruit-quality-ml/data/quality/maturity/val/Rutab/alhamdan__Rutab Date (117).jpg
/Users/ayush/Downloads/date-fruit-quality-ml/data/kaggle/alhamdan/Sugaey/Sugaey Date (133).JPG,Tamar,,val,alhamdan,/Users/ayush/Downloads/date-fruit-quality-ml/data/quality/maturity/val/Tamar/alhamdan__Sugaey Date (133).jpg
/Users/ayush/Downloads/date-fruit-quality-ml/data/kaggle/alhamdan/Rutab/Rutab Date (50).JPG,Rutab,,val,alhamdan,/Users/ayush/Downloads/date-fruit-quality-ml/data/quality/maturity/val/Rutab/alhamdan__Rutab Date (50).jpg
/Users/ayush/Downloads/date-fruit-quality-ml/data/kaggle/alhamdan/Rutab/Rutab Date (16).JPG,Rutab,,val,alhamdan,/Users/ayush/Downloads/date-fruit-quality-ml/data/quality/maturity/val/Rutab/alhamdan__Rutab Date (16).jpg
/Users/ayush/Downloads/date-fruit-quality-ml/data/kaggle/alhamdan/Medjool/Medjool Date (68).JPG,Tamar,,val,alhamdan,/Users/ayush/Downloads/date-fruit-quality-ml/data/quality/maturity/val/Tamar/alhamdan__Medjool Date (68).jpg
/Users/ayush/Downloads/date-fruit-quality-ml/data/kaggle/alhamdan/Rutab/Rutab Date (90).JPG,Rutab,,val,alhamdan,/Users/ayush/Downloads/date-fruit-quality-ml/data/quality/maturity/val/Rutab/alhamdan__Rutab Date (90).jpg
/Users/ayush/Downloads/date-fruit-quality-ml/data/kaggle/alhamdan/Medjool/Medjool Date (33).JPG,Tamar,,val,alhamdan,/Users/ayush/Downloads/date-fruit-quality-ml/data/quality/maturity/val/Tamar/alhamdan__Medjool Date (33).jpg
/Users/ayush/Downloads/date-fruit-quality-ml/data/kaggle/alhamdan/Medjool/Medjool Date (116).JPG,Tamar,,val,alhamdan,/Users/ayush/Downloads/date-fruit-quality-ml/data/quality/maturity/val/Tamar/alhamdan__Medjool Date (116).jpg
/Users/ayush/Downloads/date-fruit-quality-ml/data/kaggle/alhamdan/Rutab/Rutab Date (142).JPG,Rutab,,val,alhamdan,/Users/ayush/Downloads/date-fruit-quality-ml/data/quality/maturity/val/Rutab/alhamdan__Rutab Date (142).jpg
/Users/ayush/Downloads/date-fruit-quality-ml/data/kaggle/alhamdan/Rutab/Rutab Date (132).JPG,Rutab,,val,alhamdan,/Users/ayush/Downloads/date-fruit-quality-ml/data/quality/maturity/val/Rutab/alhamdan__Rutab Date (132).jpg
/Users/ayush/Downloads/date-fruit-quality-ml/data/kaggle/alhamdan/Shaishe/Shaishe Date (127).JPG,Tamar,,val,alhamdan,/Users/ayush/Downloads/date-fruit-quality-ml/data/quality/maturity/val/Tamar/alhamdan__Shaishe Date (127).jpg
/Users/ayush/Downloads/date-fruit-quality-ml/data/kaggle/alhamdan/Rutab/Rutab Date (5).JPG,Rutab,,val,alhamdan,/Users/ayush/Downloads/date-fruit-quality-ml/data/quality/maturity/val/Rutab/alhamdan__Rutab Date (5).jpg
/Users/ayush/Downloads/date-fruit-quality-ml/data/kaggle/alhamdan/Rutab/Rutab Date (19).JPG,Rutab,,val,alhamdan,/Users/ayush/Downloads/date-fruit-quality-ml/data/quality/maturity/val/Rutab/alhamdan__Rutab Date (19).jpg
/Users/ayush/Downloads/date-fruit-quality-ml/data/kaggle/alhamdan/Shaishe/Shaishe Date (27).JPG,Tamar,,val,alhamdan,/Users/ayush/Downloads/date-fruit-quality-ml/data/quality/maturity/val/Tamar/alhamdan__Shaishe Date (27).jpg
/Users/ayush/Downloads/date-fruit-quality-ml/data/kaggle/alhamdan/Shaishe/Shaishe Date (57).JPG,Tamar,,test,alhamdan,/Users/ayush/Downloads/date-fruit-quality-ml/data/quality/maturity/test/Tamar/alhamdan__Shaishe Date (57).jpg
/Users/ayush/Downloads/date-fruit-quality-ml/data/kaggle/alhamdan/Rutab/Rutab Date (57).JPG,Rutab,,test,alhamdan,/Users/ayush/Downloads/date-fruit-quality-ml/data/quality/maturity/test/Rutab/alhamdan__Rutab Date (57).jpg
/Users/ayush/Downloads/date-fruit-quality-ml/data/kaggle/alhamdan/Rutab/Rutab Date (2).JPG,Rutab,,test,alhamdan,/Users/ayush/Downloads/date-fruit-quality-ml/data/quality/maturity/test/Rutab/alhamdan__Rutab Date (2).jpg
/Users/ayush/Downloads/date-fruit-quality-ml/data/kaggle/alhamdan/Sokari/Sokari Date (121).JPG,Tamar,,test,alhamdan,/Users/ayush/Downloads/date-fruit-quality-ml/data/quality/maturity/test/Tamar/alhamdan__Sokari Date (121).jpg
/Users/ayush/Downloads/date-fruit-quality-ml/data/kaggle/alhamdan/Rutab/Rutab Date (10).JPG,Rutab,,test,alhamdan,/Users/ayush/Downloads/date-fruit-quality-ml/data/quality/maturity/test/Rutab/alhamdan__Rutab Date (10).jpg
/Users/ayush/Downloads/date-fruit-quality-ml/data/kaggle/alhamdan/Rutab/Rutab Date (99).JPG,Rutab,,test,alhamdan,/Users/ayush/Downloads/date-fruit-quality-ml/data/quality/maturity/test/Rutab/alhamdan__Rutab Date (99).jpg
/Users/ayush/Downloads/date-fruit-quality-ml/data/kaggle/alhamdan/Rutab/Rutab Date (31).JPG,Rutab,,test,alhamdan,/Users/ayush/Downloads/date-fruit-quality-ml/data/quality/maturity/test/Rutab/alhamdan__Rutab Date (31).jpg
/Users/ayush/Downloads/date-fruit-quality-ml/data/kaggle/alhamdan/Rutab/Rutab Date (39).JPG,Rutab,,test,alhamdan,/Users/ayush/Downloads/date-fruit-quality-ml/data/quality/maturity/test/Rutab/alhamdan__Rutab Date (39).jpg
/Users/ayush/Downloads/date-fruit-quality-ml/data/kaggle/alhamdan/Shaishe/Shaishe Date (44).JPG,Tamar,,test,alhamdan,/Users/ayush/Downloads/date-fruit-quality-ml/data/quality/maturity/test/Tamar/alhamdan__Shaishe Date (44).jpg
/Users/ayush/Downloads/date-fruit-quality-ml/data/kaggle/alhamdan/Rutab/Rutab Date (100).JPG,Rutab,,test,alhamdan,/Users/ayush/Downloads/date-fruit-quality-ml/data/quality/maturity/test/Rutab/alhamdan__Rutab Date (100).jpg
/Users/ayush/Downloads/date-fruit-quality-ml/data/kaggle/alhamdan/Shaishe/Shaishe Date (146).JPG,Tamar,,test,alhamdan,/Users/ayush/Downloads/date-fruit-quality-ml/data/quality/maturity/test/Tamar/alhamdan__Shaishe Date (146).jpg
/Users/ayush/Downloads/date-fruit-quality-ml/data/kaggle/alhamdan/Nabtat Ali/Nabtat Ali Date (107).JPG,Tamar,,test,alhamdan,/Users/ayush/Downloads/date-fruit-quality-ml/data/quality/maturity/test/Tamar/alhamdan__Nabtat Ali Date (107).jpg
/Users/ayush/Downloads/date-fruit-quality-ml/data/kaggle/alhamdan/Rutab/Rutab Date (63).JPG,Rutab,,test,alhamdan,/Users/ayush/Downloads/date-fruit-quality-ml/data/quality/maturity/test/Rutab/alhamdan__Rutab Date (63).jpg
/Users/ayush/Downloads/date-fruit-quality-ml/data/kaggle/alhamdan/Ajwa/Ajwa Date (95).JPG,Tamar,,test,alhamdan,/Users/ayush/Downloads/date-fruit-quality-ml/data/quality/maturity/test/Tamar/alhamdan__Ajwa Date (95).jpg
/Users/ayush/Downloads/date-fruit-quality-ml/data/kaggle/alhamdan/Sugaey/Sugaey Date (26).JPG,Tamar,,test,alhamdan,/Users/ayush/Downloads/date-fruit-quality-ml/data/quality/maturity/test/Tamar/alhamdan__Sugaey Date (26).jpg
/Users/ayush/Downloads/date-fruit-quality-ml/data/kaggle/alhamdan/Rutab/Rutab Date (47).JPG,Rutab,,test,alhamdan,/Users/ayush/Downloads/date-fruit-quality-ml/data/quality/maturity/test/Rutab/alhamdan__Rutab Date (47).jpg
/Users/ayush/Downloads/date-fruit-quality-ml/data/kaggle/alhamdan/Shaishe/Shaishe Date (45).JPG,Tamar,,test,alhamdan,/Users/ayush/Downloads/date-fruit-quality-ml/data/quality/maturity/test/Tamar/alhamdan__Shaishe Date (45).jpg
/Users/ayush/Downloads/date-fruit-quality-ml/data/kaggle/alhamdan/Galaxy/Galaxy Date (24).JPG,Tamar,,test,alhamdan,/Users/ayush/Downloads/date-fruit-quality-ml/data/quality/maturity/test/Tamar/alhamdan__Galaxy Date (24).jpg
/Users/ayush/Downloads/date-fruit-quality-ml/data/kaggle/alhamdan/Rutab/Rutab Date (94).JPG,Rutab,,test,alhamdan,/Users/ayush/Downloads/date-fruit-quality-ml/data/quality/maturity/test/Rutab/alhamdan__Rutab Date (94).jpg
/Users/ayush/Downloads/date-fruit-quality-ml/data/kaggle/alhamdan/Rutab/Rutab Date (72).JPG,Rutab,,test,alhamdan,/Users/ayush/Downloads/date-fruit-quality-ml/data/quality/maturity/test/Rutab/alhamdan__Rutab Date (72).jpg
/Users/ayush/Downloads/date-fruit-quality-ml/data/kaggle/alhamdan/Nabtat Ali/Nabtat Ali Date (176).JPG,Tamar,,test,alhamdan,/Users/ayush/Downloads/date-fruit-quality-ml/data/quality/maturity/test/Tamar/alhamdan__Nabtat Ali Date (176).jpg
/Users/ayush/Downloads/date-fruit-quality-ml/data/kaggle/alhamdan/Rutab/Rutab Date (111).JPG,Rutab,,test,alhamdan,/Users/ayush/Downloads/date-fruit-quality-ml/data/quality/maturity/test/Rutab/alhamdan__Rutab Date (111).jpg
/Users/ayush/Downloads/date-fruit-quality-ml/data/kaggle/alhamdan/Rutab/Rutab Date (35).JPG,Rutab,,test,alhamdan,/Users/ayush/Downloads/date-fruit-quality-ml/data/quality/maturity/test/Rutab/alhamdan__Rutab Date (35).jpg
/Users/ayush/Downloads/date-fruit-quality-ml/data/kaggle/alhamdan/Rutab/Rutab Date (136).JPG,Rutab,,test,alhamdan,/Users/ayush/Downloads/date-fruit-quality-ml/data/quality/maturity/test/Rutab/alhamdan__Rutab Date (136).jpg
/Users/ayush/Downloads/date-fruit-quality-ml/data/kaggle/alhamdan/Rutab/Rutab Date (65).JPG,Rutab,,test,alhamdan,/Users/ayush/Downloads/date-fruit-quality-ml/data/quality/maturity/test/Rutab/alhamdan__Rutab Date (65).jpg
/Users/ayush/Downloads/date-fruit-quality-ml/data/kaggle/alhamdan/Medjool/Medjool Date (37).JPG,Tamar,,test,alhamdan,/Users/ayush/Downloads/date-fruit-quality-ml/data/quality/maturity/test/Tamar/alhamdan__Medjool Date (37).jpg
/Users/ayush/Downloads/date-fruit-quality-ml/data/kaggle/alhamdan/Sokari/Sokari Date (135).JPG,Tamar,,test,alhamdan,/Users/ayush/Downloads/date-fruit-quality-ml/data/quality/maturity/test/Tamar/alhamdan__Sokari Date (135).jpg
/Users/ayush/Downloads/date-fruit-quality-ml/data/kaggle/alhamdan/Meneifi/Meneifi Date (88).JPG,Tamar,,test,alhamdan,/Users/ayush/Downloads/date-fruit-quality-ml/data/quality/maturity/test/Tamar/alhamdan__Meneifi Date (88).jpg
/Users/ayush/Downloads/date-fruit-quality-ml/data/kaggle/alhamdan/Rutab/Rutab Date (87).JPG,Rutab,,test,alhamdan,/Users/ayush/Downloads/date-fruit-quality-ml/data/quality/maturity/test/Rutab/alhamdan__Rutab Date (87).jpg
/Users/ayush/Downloads/date-fruit-quality-ml/data/kaggle/alhamdan/Ajwa/Ajwa Date (73).JPG,Tamar,,test,alhamdan,/Users/ayush/Downloads/date-fruit-quality-ml/data/quality/maturity/test/Tamar/alhamdan__Ajwa Date (73).jpg
/Users/ayush/Downloads/date-fruit-quality-ml/data/kaggle/alhamdan/Ajwa/Ajwa Date (89).JPG,Tamar,,test,alhamdan,/Users/ayush/Downloads/date-fruit-quality-ml/data/quality/maturity/test/Tamar/alhamdan__Ajwa Date (89).jpg
/Users/ayush/Downloads/date-fruit-quality-ml/data/kaggle/alhamdan/Rutab/Rutab Date (140).JPG,Rutab,,test,alhamdan,/Users/ayush/Downloads/date-fruit-quality-ml/data/quality/maturity/test/Rutab/alhamdan__Rutab Date (140).jpg
/Users/ayush/Downloads/date-fruit-quality-ml/data/kaggle/alhamdan/Shaishe/Shaishe Date (166).JPG,Tamar,,test,alhamdan,/Users/ayush/Downloads/date-fruit-quality-ml/data/quality/maturity/test/Tamar/alhamdan__Shaishe Date (166).jpg
/Users/ayush/Downloads/date-fruit-quality-ml/data/kaggle/alhamdan/Nabtat Ali/Nabtat Ali Date (23).JPG,Tamar,,test,alhamdan,/Users/ayush/Downloads/date-fruit-quality-ml/data/quality/maturity/test/Tamar/alhamdan__Nabtat Ali Date (23).jpg
/Users/ayush/Downloads/date-fruit-quality-ml/data/kaggle/alhamdan/Rutab/Rutab Date (144).JPG,Rutab,,test,alhamdan,/Users/ayush/Downloads/date-fruit-quality-ml/data/quality/maturity/test/Rutab/alhamdan__Rutab Date (144).jpg
/Users/ayush/Downloads/date-fruit-quality-ml/data/kaggle/alhamdan/Galaxy/Galaxy Date (190).JPG,Tamar,,test,alhamdan,/Users/ayush/Downloads/date-fruit-quality-ml/data/quality/maturity/test/Tamar/alhamdan__Galaxy Date (190).jpg
/Users/ayush/Downloads/date-fruit-quality-ml/data/kaggle/alhamdan/Sokari/Sokari Date (87).JPG,Tamar,,test,alhamdan,/Users/ayush/Downloads/date-fruit-quality-ml/data/quality/maturity/test/Tamar/alhamdan__Sokari Date (87).jpg
/Users/ayush/Downloads/date-fruit-quality-ml/data/kaggle/alhamdan/Rutab/Rutab Date (46).JPG,Rutab,,test,alhamdan,/Users/ayush/Downloads/date-fruit-quality-ml/data/quality/maturity/test/Rutab/alhamdan__Rutab Date (46).jpg
/Users/ayush/Downloads/date-fruit-quality-ml/data/kaggle/alhamdan/Nabtat Ali/Nabtat Ali Date (93).JPG,Tamar,,test,alhamdan,/Users/ayush/Downloads/date-fruit-quality-ml/data/quality/maturity/test/Tamar/alhamdan__Nabtat Ali Date (93).jpg
/Users/ayush/Downloads/date-fruit-quality-ml/data/kaggle/alhamdan/Meneifi/Meneifi Date (201).JPG,Tamar,,test,alhamdan,/Users/ayush/Downloads/date-fruit-quality-ml/data/quality/maturity/test/Tamar/alhamdan__Meneifi Date (201).jpg
/Users/ayush/Downloads/date-fruit-quality-ml/data/kaggle/alhamdan/Rutab/Rutab Date (77).JPG,Rutab,,test,alhamdan,/Users/ayush/Downloads/date-fruit-quality-ml/data/quality/maturity/test/Rutab/alhamdan__Rutab Date (77).jpg
/Users/ayush/Downloads/date-fruit-quality-ml/data/kaggle/alhamdan/Rutab/Rutab Date (24).JPG,Rutab,,test,alhamdan,/Users/ayush/Downloads/date-fruit-quality-ml/data/quality/maturity/test/Rutab/alhamdan__Rutab Date (24).jpg
/Users/ayush/Downloads/date-fruit-quality-ml/data/kaggle/alhamdan/Nabtat Ali/Nabtat Ali Date (38).JPG,Tamar,,test,alhamdan,/Users/ayush/Downloads/date-fruit-quality-ml/data/quality/maturity/test/Tamar/alhamdan__Nabtat Ali Date (38).jpg
/Users/ayush/Downloads/date-fruit-quality-ml/data/kaggle/alhamdan/Meneifi/Meneifi Date (130).JPG,Tamar,,test,alhamdan,/Users/ayush/Downloads/date-fruit-quality-ml/data/quality/maturity/test/Tamar/alhamdan__Meneifi Date (130).jpg
/Users/ayush/Downloads/date-fruit-quality-ml/data/kaggle/alhamdan/Rutab/Rutab Date (85).JPG,Rutab,,test,alhamdan,/Users/ayush/Downloads/date-fruit-quality-ml/data/quality/maturity/test/Rutab/alhamdan__Rutab Date (85).jpg
