path,variety,size,grade,split,length_px,width_px,area_px,crack_pct,black_spot_pct,insect_hole_pct,sunburn_pct,mold_pct,total_defect_pct,sugar_spot_pct,wrinkle_index,gloss_index,color_uniformity
data/kaggle/grading/Gajar/Small/Grade-1/27.jpg,Gajar,Small,Grade-1,train,525.0341796875,233.7407989501953,103144.0,0.0,0.0,0.0,0.0,1.39,1.39,1.26,0.0831,0.011,0.374
data/kaggle/grading/Gajar/Small/Grade-2/119.jpg,Gajar,Small,Grade-2,train,559.5326538085938,259.60125732421875,121290.5,0.0,0.0,0.0,0.0,0.0,0.0,0.6,0.0511,0.001,0.334
data/kaggle/grading/Gajar/Large/Grade-1/119.jpg,Gajar,Large,Grade-1,train,661.8322143554688,281.59637451171875,160371.0,0.0,0.0,0.0,0.0,0.0,0.0,0.82,0.0763,0.002,0.347
data/kaggle/grading/Kupro/Large/Grade-1/82.jpg,Kupro,Large,Grade-1,train,504.8957214355469,328.9127197265625,127754.5,0.0,0.0,0.0,0.0,0.0,0.0,2.12,0.064,0.26,0.433
data/kaggle/grading/Gajar/Medium/Grade-3/26.jpg,Gajar,Medium,Grade-3,train,567.8675537109375,233.806640625,112137.0,0.0,0.0,0.0,0.0,0.0,0.0,1.01,0.0641,0.0,0.332
data/kaggle/grading/Kupro/Large/Grade-2/10.jpg,Kupro,Large,Grade-2,train,511.39508056640625,333.7350158691406,132082.5,0.0,0.0,0.0,0.0,0.72,0.72,3.11,0.0682,0.084,0.361
data/kaggle/grading/Kupro/Large/Grade-1/103.jpg,Kupro,Large,Grade-1,train,496.0247192382813,352.18798828125,140442.0,0.0,0.0,0.0,0.0,2.35,2.35,1.6,0.0604,0.001,0.33
data/kaggle/grading/Gajar/Small/Grade-1/200.jpg,Gajar,Small,Grade-1,train,567.8851318359375,258.109619140625,120819.5,0.0,0.0,0.0,0.0,0.0,0.0,1.17,0.0421,0.008,0.407
data/kaggle/grading/Gajar/Small/Grade-2/132.jpg,Gajar,Small,Grade-2,train,552.8513793945312,270.6402282714844,122308.5,0.0,0.0,0.0,0.0,0.0,0.0,1.04,0.0214,0.0,0.409
data/kaggle/grading/Kupro/Large/Grade-2/320.jpg,Kupro,Large,Grade-2,train,514.3579711914062,370.1907958984375,142918.5,0.0,0.0,0.0,0.0,0.0,0.0,0.89,0.0399,0.438,0.434
data/kaggle/grading/Gajar/Large/Grade-1/164.jpg,Gajar,Large,Grade-1,train,644.1409301757812,307.79510498046875,158017.5,0.0,0.0,0.0,0.0,0.0,0.0,1.52,0.0697,0.002,0.377
data/kaggle/grading/Kupro/Large/Grade-3/7.jpg,Kupro,Large,Grade-3,train,482.6461486816406,351.9724426269531,135624.0,0.0,0.0,0.0,0.0,0.0,0.0,2.9,0.1008,0.005,0.391
data/kaggle/grading/Gajar/Medium/Grade-1/42.jpg,Gajar,Medium,Grade-1,train,581.189697265625,279.47088623046875,136777.5,0.0,0.0,0.0,0.0,0.0,0.0,0.79,0.093,0.328,0.46
data/kaggle/grading/Gajar/Small/Grade-3/142.jpg,Gajar,Small,Grade-3,train,554.9512939453125,257.5064392089844,117030.0,0.0,0.31,0.08,0.0,0.0,0.39,0.84,0.0334,0.001,0.343
data/kaggle/grading/Gajar/Large/Grade-1/56.jpg,Gajar,Large,Grade-1,train,627.8258666992188,279.1632995605469,153842.0,0.0,0.0,0.0,0.0,0.0,0.0,1.48,0.1138,0.011,0.392
data/kaggle/grading/Gajar/Medium/Grade-1/151.jpg,Gajar,Medium,Grade-1,train,622.6107177734375,282.37066650390625,141658.5,0.0,0.0,0.0,0.0,0.45,0.45,1.35,0.1057,0.0,0.37
data/kaggle/grading/Gajar/Large/Grade-3/57.jpg,Gajar,Large,Grade-3,train,613.7400512695312,307.5849914550781,153033.5,0.0,0.2,0.06,0.0,0.0,0.26,1.91,0.0633,0.003,0.452
data/kaggle/grading/Kupro/Large/Grade-1/140.jpg,Kupro,Large,Grade-1,train,495.0,332.0,131422.0,0.0,0.0,0.0,0.0,2.97,2.97,1.76,0.053,0.008,0.377
data/kaggle/grading/Gajar/Large/Grade-1/155.jpg,Gajar,Large,Grade-1,train,713.9725952148438,280.21697998046875,147065.0,0.0,0.0,0.0,0.0,0.0,0.0,0.29,0.0706,0.446,0.45
data/kaggle/grading/Gajar/Medium/Grade-2/42.jpg,Gajar,Medium,Grade-2,train,562.221923828125,241.24505615234375,114618.0,0.0,0.0,0.0,0.0,0.0,0.0,0.56,0.0682,0.003,0.403
data/kaggle/grading/Gajar/Medium/Grade-1/123.jpg,Gajar,Medium,Grade-1,train,591.2888793945312,228.78382873535156,109961.5,0.0,0.0,0.0,0.0,0.83,0.83,1.74,0.0723,0.024,0.382
data/kaggle/grading/Gajar/Small/Grade-1/61.jpg,Gajar,Small,Grade-1,train,581.8198852539062,265.5422668457031,130198.0,0.0,0.0,0.0,0.0,0.49,0.49,0.9,0.0787,0.017,0.406
data/kaggle/grading/Gajar/Small/Grade-1/145.jpg,Gajar,Small,Grade-1,train,510.8137512207031,250.8175506591797,106451.5,0.0,0.27,0.09,0.0,0.0,0.36,1.96,0.1066,0.0,0.394
data/kaggle/grading/Gajar/Medium/Grade-2/51.jpg,Gajar,Medium,Grade-2,train,582.0,262.0,125592.0,0.0,0.0,0.0,0.0,0.0,0.0,1.74,0.0879,0.001,0.378
data/kaggle/grading/Gajar/Large/Grade-1/172.jpg,Gajar,Large,Grade-1,train,627.5111083984375,294.11883544921875,153260.5,0.0,0.0,0.0,0.0,0.0,0.0,0.83,0.0795,0.001,0.433
data/kaggle/grading/Gajar/Medium/Grade-1/47.jpg,Gajar,Medium,Grade-1,train,572.5927124023438,282.9376220703125,131308.0,0.0,0.0,0.0,0.0,0.0,0.0,1.61,0.0869,0.004,0.405
data/kaggle/grading/Gajar/Large/Grade-1/142.jpg,Gajar,Large,Grade-1,train,632.7088623046875,272.334716796875,145021.5,0.0,0.0,0.0,0.0,0.0,0.0,0.78,0.0605,0.083,0.439
data/kaggle/grading/Kupro/Large/Grade-1/56.jpg,Kupro,Large,Grade-1,train,506.4247131347656,351.77825927734375,140900.5,0.0,0.0,0.0,0.0,0.0,0.0,0.78,0.0335,1.214,0.413
data/kaggle/grading/Kupro/Large/Grade-3/98.jpg,Kupro,Large,Grade-3,train,501.5540466308594,367.7622985839844,147600.0,0.0,0.0,0.0,0.0,0.0,0.0,2.37,0.0777,0.0,0.349
data/kaggle/grading/Gajar/Large/Grade-2/77.jpg,Gajar,Large,Grade-2,train,621.099609375,278.60009765625,145822.5,0.0,0.0,0.0,0.0,0.0,0.0,0.81,0.0478,0.0,0.384
data/kaggle/grading/Gajar/Small/Grade-2/135.jpg,Gajar,Small,Grade-2,train,557.5389404296875,285.7265625,126639.0,0.0,0.0,0.07,0.0,0.0,0.07,0.67,0.0289,0.0,0.438
data/kaggle/grading/Gajar/Small/Grade-3/4.jpg,Gajar,Small,Grade-3,train,581.9462280273438,273.5810852050781,131615.5,0.0,0.26,0.28,0.0,0.0,0.54,1.35,0.0507,0.0,0.425
data/kaggle/grading/Gajar/Small/Grade-3/147.jpg,Gajar,Small,Grade-3,train,583.65869140625,279.4076843261719,138398.5,0.0,0.62,0.24,0.0,0.0,0.86,1.62,0.0239,0.0,0.442
data/kaggle/grading/Gajar/Small/Grade-1/96.jpg,Gajar,Small,Grade-1,train,581.2769165039062,270.353271484375,127840.0,0.0,0.0,0.0,0.0,0.0,0.0,1.52,0.087,0.0,0.346
data/kaggle/grading/Gajar/Large/Grade-2/90.jpg,Gajar,Large,Grade-2,train,606.9177856445312,315.4852294921875,153277.0,0.0,0.0,0.0,0.0,0.0,0.0,0.25,0.0538,0.043,0.454
data/kaggle/grading/Gajar/Medium/Grade-3/22.jpg,Gajar,Medium,Grade-3,train,597.3372802734375,246.15911865234375,121855.5,0.0,0.0,0.0,0.0,1.29,1.29,1.65,0.0941,0.0,0.368
data/kaggle/grading/Kupro/Large/Grade-3/116.jpg,Kupro,Large,Grade-3,train,496.7951965332031,323.72625732421875,127899.0,0.0,0.41,0.18,0.0,0.65,1.24,0.87,0.0586,0.0,0.293
data/kaggle/grading/Kupro/Large/Grade-2/83.jpg,Kupro,Large,Grade-2,train,513.427978515625,346.9765625,139017.0,0.0,0.0,0.0,0.0,0.0,0.0,1.83,0.073,0.385,0.417
data/kaggle/grading/Kupro/Large/Grade-1/217.jpg,Kupro,Large,Grade-1,train,445.9879150390625,345.8513488769531,122889.5,0.0,0.0,0.0,0.0,1.49,1.49,0.7,0.0479,0.0,0.39
data/kaggle/grading/Kupro/Large/Grade-1/32.jpg,Kupro,Large,Grade-1,train,473.2044372558594,332.4998779296875,121767.0,0.0,0.0,0.0,0.0,4.34,4.34,1.54,0.0521,0.007,0.354
data/kaggle/grading/Gajar/Large/Grade-1/150.jpg,Gajar,Large,Grade-1,train,615.9940185546875,293.9624328613281,151583.5,0.0,0.0,0.0,0.0,0.0,0.0,1.12,0.1053,0.003,0.398
data/kaggle/grading/Gajar/Medium/Grade-1/63.jpg,Gajar,Medium,Grade-1,train,561.5872192382812,258.2138671875,119965.0,0.0,0.0,0.0,0.0,0.0,0.0,0.99,0.0615,0.0,0.384
data/kaggle/grading/Kupro/Large/Grade-1/223.jpg,Kupro,Large,Grade-1,train,497.6569519042969,330.55804443359375,127927.0,0.0,0.0,0.0,0.0,4.59,4.59,1.22,0.057,0.0,0.354
data/kaggle/grading/Gajar/Small/Grade-3/209.jpg,Gajar,Small,Grade-3,train,512.4539184570312,245.60369873046875,102814.0,0.0,0.0,0.0,0.0,0.0,0.0,0.42,0.017,0.001,0.445
data/kaggle/grading/Kupro/Large/Grade-2/161.jpg,Kupro,Large,Grade-2,train,490.08551025390625,351.1957092285156,137516.5,0.0,0.0,0.0,0.0,0.0,0.0,0.14,0.0403,1.128,0.449
data/kaggle/grading/Gajar/Medium/Grade-1/28.jpg,Gajar,Medium,Grade-1,train,520.3599243164062,260.3786926269531,109383.0,0.0,0.0,0.17,0.0,0.0,0.17,1.27,0.079,0.003,0.387
data/kaggle/grading/Gajar/Small/Grade-2/125.jpg,Gajar,Small,Grade-2,train,609.0874633789062,273.9136962890625,136065.0,0.0,0.0,0.16,0.0,0.0,0.16,0.69,0.1206,0.002,0.394
data/kaggle/grading/Gajar/Large/Grade-3/122.jpg,Gajar,Large,Grade-3,train,637.1541137695312,270.2568054199219,146523.0,0.0,0.33,0.66,0.0,0.0,0.99,0.97,0.0879,0.0,0.364
data/kaggle/grading/Gajar/Medium/Grade-1/131.jpg,Gajar,Medium,Grade-1,train,616.3593139648438,282.28411865234375,138402.0,0.0,0.0,0.0,0.0,0.0,0.0,0.4,0.0614,0.02,0.399
data/kaggle/grading/Gajar/Small/Grade-1/32.jpg,Gajar,Small,Grade-1,train,546.5332641601562,262.5126953125,115409.5,0.0,0.0,0.0,0.0,0.0,0.0,1.54,0.1002,0.0,0.321
data/kaggle/grading/Kupro/Large/Grade-1/2.jpg,Kupro,Large,Grade-1,train,497.5310974121094,348.2070617675781,136906.0,0.0,0.0,0.0,0.0,0.0,0.0,0.0,0.0266,2.038,0.502
data/kaggle/grading/Gajar/Small/Grade-1/16.jpg,Gajar,Small,Grade-1,train,511.9009704589844,258.9319763183594,110430.5,0.0,0.0,0.0,0.0,0.0,0.0,2.13,0.0964,0.002,0.421
data/kaggle/grading/Kupro/Large/Grade-2/28.jpg,Kupro,Large,Grade-2,train,529.6480712890625,365.0729675292969,150978.0,0.0,0.0,0.0,0.0,0.66,0.66,0.2,0.0134,0.421,0.419
data/kaggle/grading/Gajar/Medium/Grade-1/181.jpg,Gajar,Medium,Grade-1,train,646.9716796875,277.70440673828125,138235.0,0.0,0.17,0.0,0.0,0.0,0.17,1.28,0.094,0.201,0.406
data/kaggle/grading/Gajar/Small/Grade-1/90.jpg,Gajar,Small,Grade-1,train,603.5537109375,299.9918518066406,145421.5,0.0,0.0,0.0,0.0,0.0,0.0,0.44,0.0806,0.441,0.423
data/kaggle/grading/Gajar/Medium/Grade-1/163.jpg,Gajar,Medium,Grade-1,train,526.0258178710938,292.3634948730469,126278.0,0.0,0.0,0.0,0.0,0.0,0.0,0.4,0.0388,0.854,0.483
data/kaggle/grading/Gajar/Small/Grade-2/122.jpg,Gajar,Small,Grade-2,train,600.796630859375,266.531005859375,134597.0,0.74,0.0,0.28,0.0,0.0,1.02,1.02,0.103,0.004,0.389
data/kaggle/grading/Gajar/Medium/Grade-1/111.jpg,Gajar,Medium,Grade-1,train,556.7122192382812,264.10394287109375,122923.5,0.0,0.0,0.0,0.0,0.0,0.0,2.03,0.0879,0.004,0.358
data/kaggle/grading/Gajar/Small/Grade-3/107.jpg,Gajar,Small,Grade-3,train,556.44873046875,273.155517578125,125957.0,0.0,0.35,0.3,0.0,0.0,0.65,0.5,0.0461,0.0,0.458
data/kaggle/grading/Kupro/Large/Grade-1/149.jpg,Kupro,Large,Grade-1,train,497.0,340.0,135815.5,0.0,0.0,0.0,0.0,3.6,3.6,1.33,0.0761,0.001,0.362
data/kaggle/grading/Gajar/Small/Grade-1/177.jpg,Gajar,Small,Grade-1,train,575.0899047851562,229.1224670410156,115238.0,0.0,0.0,0.0,0.0,0.0,0.0,1.01,0.047,0.0,0.386
data/kaggle/grading/Gajar/Medium/Grade-1/200.jpg,Gajar,Medium,Grade-1,train,631.4520874023438,289.1241149902344,150335.0,0.0,0.0,0.0,0.0,0.0,0.0,0.08,0.0783,0.416,0.428
data/kaggle/grading/Gajar/Large/Grade-2/73.jpg,Gajar,Large,Grade-2,train,643.6408081054688,262.6766357421875,144359.0,0.0,0.0,0.04,0.0,0.0,0.04,0.85,0.073,0.003,0.409
data/kaggle/grading/Kupro/Large/Grade-1/235.jpg,Kupro,Large,Grade-1,train,533.7921142578125,369.0631408691406,152725.5,0.0,0.0,0.0,0.0,0.0,0.0,0.69,0.0437,0.752,0.423
data/kaggle/grading/Kupro/Large/Grade-1/58.jpg,Kupro,Large,Grade-1,train,494.34515380859375,367.61578369140625,144556.5,0.0,0.0,0.0,0.0,0.0,0.0,2.3,0.0541,0.229,0.346
data/kaggle/grading/Gajar/Medium/Grade-1/139.jpg,Gajar,Medium,Grade-1,train,580.3724365234375,256.6871032714844,124771.5,0.0,0.0,0.0,0.0,0.0,0.0,0.54,0.0635,0.282,0.393
data/kaggle/grading/Gajar/Large/Grade-1/147.jpg,Gajar,Large,Grade-1,train,665.550048828125,283.0460510253906,158408.5,0.0,0.0,0.0,0.0,0.0,0.0,0.12,0.0761,0.36,0.469
data/kaggle/grading/Gajar/Large/Grade-2/79.jpg,Gajar,Large,Grade-2,train,632.7655639648438,246.5558319091797,132574.0,0.0,0.0,0.05,0.0,0.0,0.05,0.99,0.054,0.0,0.36
data/kaggle/grading/Gajar/Large/Grade-2/114.jpg,Gajar,Large,Grade-2,train,606.4375610351562,278.8788757324219,146155.0,0.0,0.0,0.05,0.0,0.0,0.05,0.76,0.11,0.082,0.442
data/kaggle/grading/Kupro/Large/Grade-1/221.jpg,Kupro,Large,Grade-1,train,489.6391296386719,342.806396484375,130105.0,0.0,0.0,0.0,0.0,4.02,4.02,0.53,0.0428,0.005,0.401
data/kaggle/grading/Gajar/Small/Grade-1/115.jpg,Gajar,Small,Grade-1,train,524.7730712890625,272.7707214355469,119698.0,0.0,0.0,0.0,0.0,0.0,0.0,1.28,0.069,0.0,0.375
data/kaggle/grading/Kupro/Large/Grade-1/70.jpg,Kupro,Large,Grade-1,train,470.8631286621094,358.60223388671875,131822.5,0.0,0.0,0.0,0.0,1.42,1.42,0.85,0.052,0.005,0.411
data/kaggle/grading/Gajar/Large/Grade-2/72.jpg,Gajar,Large,Grade-2,train,639.105224609375,279.15264892578125,148771.5,0.0,0.0,0.0,0.0,0.0,0.0,0.54,0.084,0.156,0.426
data/kaggle/grading/Kupro/Large/Grade-1/291.jpg,Kupro,Large,Grade-1,train,509.9300537109375,384.9076843261719,152714.0,0.0,0.0,0.0,0.0,0.99,0.99,1.43,0.0439,0.702,0.406
data/kaggle/grading/Kupro/Large/Grade-2/146.jpg,Kupro,Large,Grade-2,train,517.5545654296875,361.6343078613281,144174.0,0.0,0.0,0.0,0.0,0.54,0.54,0.55,0.0555,0.0,0.353
data/kaggle/grading/Gajar/Small/Grade-1/83.jpg,Gajar,Small,Grade-1,train,557.5656127929688,277.6377258300781,124368.0,0.0,0.0,0.0,0.0,0.0,0.0,0.63,0.0556,0.488,0.419
data/kaggle/grading/Gajar/Small/Grade-3/28.jpg,Gajar,Small,Grade-3,train,538.1356811523438,237.6986083984375,108022.5,0.0,0.8,0.67,0.0,0.0,1.47,1.56,0.1096,0.043,0.406
data/kaggle/grading/Kupro/Large/Grade-2/145.jpg,Kupro,Large,Grade-2,train,493.1331176757813,351.31964111328125,135706.0,0.0,0.0,0.0,0.0,0.0,0.0,0.59,0.0347,0.012,0.369
data/kaggle/grading/Gajar/Small/Grade-1/75.jpg,Gajar,Small,Grade-1,train,525.0248413085938,274.4986572265625,120765.5,0.0,0.0,0.0,0.0,0.0,0.0,0.85,0.0391,0.134,0.415
data/kaggle/grading/Kupro/Large/Grade-3/45.jpg,Kupro,Large,Grade-3,train,469.9743347167969,363.5156555175781,131823.5,0.57,0.0,0.0,0.0,0.41,0.98,0.88,0.0578,0.001,0.314
data/kaggle/grading/Gajar/Small/Grade-1/185.jpg,Gajar,Small,Grade-1,train,517.271484375,296.7853698730469,128752.5,0.0,0.0,0.0,0.0,0.0,0.0,1.41,0.0759,0.004,0.382
data/kaggle/grading/Gajar/Small/Grade-3/196.jpg,Gajar,Small,Grade-3,train,519.210693359375,261.615478515625,114925.5,0.0,0.0,0.0,0.0,0.0,0.0,1.57,0.0146,0.099,0.449
data/kaggle/grading/Gajar/Small/Grade-2/41.jpg,Gajar,Small,Grade-2,train,568.0,241.0,114777.0,0.0,0.66,0.0,0.0,0.0,0.66,0.97,0.049,0.031,0.422
data/kaggle/grading/Kupro/Large/Grade-1/134.jpg,Kupro,Large,Grade-1,train,513.4396362304688,368.1683044433594,150719.5,0.0,0.0,0.0,0.0,0.0,0.0,0.03,0.0389,2.242,0.429
data/kaggle/grading/Kupro/Large/Grade-1/21.jpg,Kupro,Large,Grade-1,train,509.7332153320313,373.7046813964844,146967.0,0.0,0.0,0.0,0.0,0.0,0.0,1.56,0.0432,0.074,0.378
data/kaggle/grading/Gajar/Large/Grade-2/30.jpg,Gajar,Large,Grade-2,train,574.0361938476562,271.55419921875,130843.5,0.0,0.0,0.0,0.0,0.0,0.0,1.06,0.0492,0.01,0.427
data/kaggle/grading/Kupro/Large/Grade-2/170.jpg,Kupro,Large,Grade-2,train,516.5117797851562,348.2622985839844,144737.5,0.0,0.0,0.0,0.0,0.0,0.0,0.22,0.0432,1.11,0.446
data/kaggle/grading/Gajar/Large/Grade-1/146.jpg,Gajar,Large,Grade-1,train,656.0,273.0,149041.5,0.0,0.0,0.0,0.0,0.0,0.0,0.38,0.0831,0.124,0.432
data/kaggle/grading/Gajar/Small/Grade-2/43.jpg,Gajar,Small,Grade-2,train,585.302978515625,304.2348937988281,129754.0,0.0,0.0,0.0,0.0,0.0,0.0,0.67,0.0632,0.634,0.42
data/kaggle/grading/Kupro/Large/Grade-3/22.jpg,Kupro,Large,Grade-3,train,507.9576416015625,371.3180236816406,146705.0,0.0,0.0,0.0,0.0,0.0,0.0,1.99,0.0569,0.0,0.312
data/kaggle/grading/Gajar/Small/Grade-1/85.jpg,Gajar,Small,Grade-1,train,521.2032470703125,254.6724395751953,108559.5,0.0,0.0,0.21,0.0,0.0,0.21,0.72,0.0733,0.227,0.445
data/kaggle/grading/Gajar/Small/Grade-3/201.jpg,Gajar,Small,Grade-3,train,561.9478759765625,270.76715087890625,128516.0,0.0,0.0,0.1,0.0,0.0,0.1,1.81,0.0345,0.111,0.42
data/kaggle/grading/Gajar/Small/Grade-1/155.jpg,Gajar,Small,Grade-1,train,553.44384765625,241.16134643554688,111054.0,0.0,0.0,0.0,0.0,0.0,0.0,1.34,0.1029,0.19,0.467
data/kaggle/grading/Gajar/Small/Grade-1/107.jpg,Gajar,Small,Grade-1,train,577.4506225585938,257.7536926269531,124545.5,0.0,0.0,0.0,0.0,0.0,0.0,2.45,0.1015,0.005,0.383
data/kaggle/grading/Kupro/Large/Grade-3/10.jpg,Kupro,Large,Grade-3,train,505.1452026367187,324.75006103515625,130641.0,0.0,0.0,0.09,0.0,1.38,1.47,3.51,0.0934,0.0,0.376
data/kaggle/grading/Gajar/Large/Grade-2/3.jpg,Gajar,Large,Grade-2,train,590.49853515625,277.024169921875,138223.0,0.0,0.0,0.0,0.0,0.0,0.0,2.35,0.1152,0.151,0.455
data/kaggle/grading/Gajar/Small/Grade-2/128.jpg,Gajar,Small,Grade-2,train,533.4210205078125,266.621337890625,116987.0,0.0,0.24,0.08,0.0,0.0,0.32,0.78,0.0581,0.0,0.349
data/kaggle/grading/Gajar/Small/Grade-3/117.jpg,Gajar,Small,Grade-3,train,536.0921020507812,269.4105224609375,123995.5,0.26,0.0,0.04,0.0,0.0,0.3,2.36,0.0757,0.062,0.368
data/kaggle/grading/Kupro/Large/Grade-3/58.jpg,Kupro,Large,Grade-3,train,479.1618347167969,356.0328369140625,135028.5,0.0,0.0,0.0,0.0,0.0,0.0,1.76,0.0838,0.224,0.377
data/kaggle/grading/Gajar/Large/Grade-1/54.jpg,Gajar,Large,Grade-1,train,656.3993530273438,292.014892578125,154885.0,0.0,0.0,0.0,0.0,0.0,0.0,0.91,0.08,0.0,0.369
data/kaggle/grading/Kupro/Large/Grade-3/67.jpg,Kupro,Large,Grade-3,train,507.7768859863281,306.05938720703125,126475.5,0.0,0.0,0.0,0.0,2.16,2.16,1.65,0.055,0.0,0.362
data/kaggle/grading/Gajar/Large/Grade-1/69.jpg,Gajar,Large,Grade-1,train,610.6762084960938,267.27838134765625,137296.5,0.0,0.0,0.0,0.0,0.0,0.0,0.69,0.1159,0.193,0.459
data/kaggle/grading/Gajar/Medium/Grade-1/125.jpg,Gajar,Medium,Grade-1,train,567.8569946289062,238.17254638671875,113592.0,0.0,0.0,0.0,0.0,0.0,0.0,0.86,0.049,0.408,0.417
data/kaggle/grading/Gajar/Medium/Grade-2/17.jpg,Gajar,Medium,Grade-2,train,592.91796875,243.451171875,119011.0,0.0,0.0,0.05,0.0,0.0,0.05,1.9,0.1195,0.006,0.407
data/kaggle/grading/Kupro/Large/Grade-3/26.jpg,Kupro,Large,Grade-3,train,504.00238037109375,344.4296875,132419.5,0.68,0.2,0.0,0.0,1.23,2.11,1.96,0.0875,0.0,0.351
data/kaggle/grading/Gajar/Large/Grade-2/50.jpg,Gajar,Large,Grade-2,train,631.9843139648438,267.36383056640625,141275.0,0.0,0.24,0.0,0.0,0.0,0.24,0.72,0.0874,0.359,0.457
data/kaggle/grading/Gajar/Medium/Grade-1/36.jpg,Gajar,Medium,Grade-1,train,571.2852172851562,285.3492431640625,135629.5,0.0,0.0,0.0,0.0,0.0,0.0,0.59,0.0694,0.453,0.449
data/kaggle/grading/Gajar/Small/Grade-2/22.jpg,Gajar,Small,Grade-2,train,524.97509765625,261.7477111816406,115603.5,0.0,0.0,0.0,0.0,0.0,0.0,0.69,0.0728,0.003,0.4
data/kaggle/grading/Gajar/Large/Grade-2/65.jpg,Gajar,Large,Grade-2,train,666.7037963867188,292.755126953125,159186.0,0.0,0.0,0.0,0.0,0.0,0.0,0.66,0.0806,0.05,0.421
data/kaggle/grading/Gajar/Large/Grade-3/5.jpg,Gajar,Large,Grade-3,train,650.5736083984375,273.6409912109375,152049.5,0.0,0.44,0.0,0.0,0.0,0.44,0.44,0.0943,0.0,0.416
data/kaggle/grading/Gajar/Small/Grade-1/37.jpg,Gajar,Small,Grade-1,train,527.0,270.0,115373.5,0.0,0.0,0.0,0.0,0.0,0.0,0.75,0.0748,0.095,0.397
data/kaggle/grading/Kupro/Large/Grade-1/219.jpg,Kupro,Large,Grade-1,train,485.3585205078125,337.5543518066406,127926.0,0.0,0.0,0.0,0.0,0.0,0.0,0.46,0.048,0.026,0.368
data/kaggle/grading/Gajar/Small/Grade-2/20.jpg,Gajar,Small,Grade-2,train,513.0,251.0,105008.0,0.0,0.0,0.32,0.0,1.44,1.76,1.69,0.0612,0.011,0.368
data/kaggle/grading/Gajar/Large/Grade-1/91.jpg,Gajar,Large,Grade-1,train,621.8037719726562,267.6428527832031,140600.5,0.0,0.0,0.0,0.0,0.0,0.0,0.38,0.0749,0.003,0.37
data/kaggle/grading/Gajar/Small/Grade-1/132.jpg,Gajar,Small,Grade-1,train,560.3579711914062,247.8643341064453,112299.5,0.0,0.0,0.0,0.0,0.0,0.0,0.77,0.0744,0.006,0.387
data/kaggle/grading/Kupro/Large/Grade-3/43.jpg,Kupro,Large,Grade-3,train,487.985107421875,334.50677490234375,131226.5,0.0,0.0,0.0,0.0,0.0,0.0,3.22,0.0849,0.005,0.388
data/kaggle/grading/Kupro/Large/Grade-1/241.jpg,Kupro,Large,Grade-1,train,507.0152893066406,384.3280334472656,151959.5,0.0,0.0,0.0,0.0,2.57,2.57,0.52,0.053,0.012,0.354
data/kaggle/grading/Gajar/Large/Grade-1/2.jpg,Gajar,Large,Grade-1,train,659.727294921875,284.79254150390625,155431.0,0.0,0.0,0.0,0.0,0.0,0.0,2.13,0.1031,0.082,0.418
data/kaggle/grading/Kupro/Large/Grade-3/12.jpg,Kupro,Large,Grade-3,train,535.8016357421875,353.9543151855469,148591.5,0.0,0.52,0.08,0.0,2.44,3.04,1.31,0.1037,0.0,0.309
data/kaggle/grading/Kupro/Large/Grade-3/96.jpg,Kupro,Large,Grade-3,train,497.99993896484375,363.99993896484375,145960.5,0.0,0.0,0.0,0.0,0.79,0.79,2.26,0.0539,0.0,0.381
data/kaggle/grading/Gajar/Large/Grade-2/41.jpg,Gajar,Large,Grade-2,train,652.6697998046875,271.2626647949219,151644.0,0.0,0.0,0.0,0.0,0.0,0.0,0.96,0.0553,0.001,0.384
data/kaggle/grading/Gajar/Small/Grade-3/114.jpg,Gajar,Small,Grade-3,train,565.0559692382812,254.57032775878903,118443.5,0.0,0.0,0.04,0.0,0.0,0.04,2.3,0.0842,0.001,0.363
data/kaggle/grading/Gajar/Small/Grade-1/57.jpg,Gajar,Small,Grade-1,train,549.7133178710938,233.2828369140625,108652.0,0.0,0.0,0.05,0.0,0.0,0.05,2.17,0.1161,0.0,0.341
data/kaggle/grading/Gajar/Small/Grade-1/108.jpg,Gajar,Small,Grade-1,train,549.4093017578125,252.9578857421875,113748.5,0.0,0.0,0.0,0.0,0.0,0.0,1.34,0.0969,0.0,0.352
data/kaggle/grading/Gajar/Medium/Grade-1/179.jpg,Gajar,Medium,Grade-1,train,597.9647827148438,301.4248352050781,141488.5,0.0,0.0,0.0,0.0,0.0,0.0,0.58,0.0562,0.008,0.407
data/kaggle/grading/Kupro/Large/Grade-2/201.jpg,Kupro,Large,Grade-2,train,471.3631286621094,352.404296875,125526.5,0.0,0.0,0.0,0.0,0.0,0.0,1.63,0.0768,0.22,0.409
data/kaggle/grading/Gajar/Medium/Grade-1/94.jpg,Gajar,Medium,Grade-1,train,551.7346801757812,225.6208343505859,106433.0,0.0,0.0,0.0,0.0,0.67,0.67,0.71,0.0403,0.002,0.383
data/kaggle/grading/Gajar/Large/Grade-1/160.jpg,Gajar,Large,Grade-1,train,655.9136962890625,301.14361572265625,158827.0,0.0,0.0,0.0,0.0,0.54,0.54,0.71,0.0819,0.255,0.411
data/kaggle/grading/Gajar/Medium/Grade-1/118.jpg,Gajar,Medium,Grade-1,train,596.2169799804688,270.65338134765625,135960.5,0.0,0.0,0.0,0.0,0.0,0.0,1.62,0.062,0.257,0.429
data/kaggle/grading/Kupro/Large/Grade-2/300.jpg,Kupro,Large,Grade-2,train,523.0,323.0,131946.5,0.0,0.0,0.0,0.0,0.0,0.0,0.87,0.0416,0.323,0.415
data/kaggle/grading/Kupro/Large/Grade-1/269.jpg,Kupro,Large,Grade-1,train,504.3052978515625,348.29437255859375,143309.0,0.0,0.0,0.0,0.0,0.0,0.0,0.12,0.0374,1.62,0.418
data/kaggle/grading/Gajar/Medium/Grade-2/43.jpg,Gajar,Medium,Grade-2,train,584.0371704101562,253.70620727539065,121856.0,0.0,0.0,0.0,0.0,0.0,0.0,0.38,0.0575,0.002,0.325
data/kaggle/grading/Gajar/Large/Grade-3/99.jpg,Gajar,Large,Grade-3,train,620.7958374023438,307.9119873046875,142963.5,0.49,0.23,0.16,0.0,0.0,0.88,0.86,0.0543,0.005,0.386
data/kaggle/grading/Gajar/Medium/Grade-1/62.jpg,Gajar,Medium,Grade-1,train,580.7437133789062,239.56922912597656,115045.0,0.0,0.0,0.0,0.0,0.0,0.0,1.64,0.0892,0.0,0.287
data/kaggle/grading/Gajar/Medium/Grade-1/129.jpg,Gajar,Medium,Grade-1,train,613.4602661132812,277.5705261230469,138396.5,0.0,0.0,0.0,0.0,0.0,0.0,0.54,0.0635,0.001,0.37
data/kaggle/grading/Kupro/Large/Grade-2/137.jpg,Kupro,Large,Grade-2,train,460.9854736328125,324.70782470703125,116745.5,0.0,0.0,0.0,0.0,0.0,0.0,0.92,0.0513,0.646,0.367
data/kaggle/grading/Kupro/Large/Grade-1/34.jpg,Kupro,Large,Grade-1,train,519.3942260742188,330.1734924316406,138637.5,0.0,0.0,0.0,0.0,2.89,2.89,2.28,0.059,0.135,0.379
data/kaggle/grading/Gajar/Medium/Grade-2/20.jpg,Gajar,Medium,Grade-2,train,584.9561157226562,238.98109436035156,118565.0,0.66,0.5,0.05,0.0,0.0,1.21,1.74,0.1197,0.0,0.39
data/kaggle/grading/Kupro/Large/Grade-2/139.jpg,Kupro,Large,Grade-2,train,470.5849609375,338.70550537109375,122088.5,0.0,0.0,0.0,0.0,0.0,0.0,0.83,0.0483,0.834,0.424
data/kaggle/grading/Gajar/Medium/Grade-1/166.jpg,Gajar,Medium,Grade-1,train,581.0980224609375,240.77685546875,116807.5,0.0,0.0,0.0,0.0,0.0,0.0,1.08,0.0724,0.169,0.426
data/kaggle/grading/Gajar/Small/Grade-3/181.jpg,Gajar,Small,Grade-3,train,517.9078979492188,268.6451110839844,117097.5,0.0,0.0,0.0,0.0,0.0,0.0,1.17,0.0339,0.0,0.322
data/kaggle/grading/Kupro/Large/Grade-2/47.jpg,Kupro,Large,Grade-2,train,525.9324340820312,339.93048095703125,131869.0,0.0,0.0,0.0,0.0,1.54,1.54,1.31,0.0608,0.054,0.367
data/kaggle/grading/Gajar/Large/Grade-1/114.jpg,Gajar,Large,Grade-1,train,635.1902465820312,311.3043212890625,162669.0,0.0,0.0,0.0,0.0,0.0,0.0,2.2,0.0739,0.001,0.367
data/kaggle/grading/Gajar/Medium/Grade-1/12.jpg,Gajar,Medium,Grade-1,train,569.0411376953125,259.6388244628906,126362.0,0.0,0.0,0.0,0.0,0.0,0.0,1.63,0.1085,0.25,0.446
data/kaggle/grading/Gajar/Small/Grade-1/161.jpg,Gajar,Small,Grade-1,train,587.3025512695312,234.0042266845703,117802.0,0.0,0.0,0.0,0.0,0.0,0.0,0.56,0.0442,0.0,0.331
data/kaggle/grading/Kupro/Large/Grade-2/129.jpg,Kupro,Large,Grade-2,train,518.1102294921875,362.5355529785156,145894.5,0.0,0.0,0.0,0.0,0.0,0.0,1.41,0.0679,0.375,0.446
data/kaggle/grading/Gajar/Medium/Grade-2/33.jpg,Gajar,Medium,Grade-2,train,558.6073608398438,291.436279296875,126956.0,0.0,0.0,0.0,0.0,0.0,0.0,1.78,0.0752,0.004,0.408
data/kaggle/grading/Gajar/Small/Grade-1/180.jpg,Gajar,Small,Grade-1,train,562.0836791992188,261.5500793457031,120988.0,0.0,0.0,0.04,0.0,0.0,0.04,1.24,0.0549,0.0,0.384
data/kaggle/grading/Gajar/Large/Grade-3/54.jpg,Gajar,Large,Grade-3,train,681.3419799804688,285.7050476074219,156528.5,0.0,0.0,0.0,0.0,0.0,0.0,2.11,0.0868,0.011,0.366
data/kaggle/grading/Gajar/Medium/Grade-1/75.jpg,Gajar,Medium,Grade-1,train,570.1356811523438,241.0089111328125,109211.5,0.0,0.0,0.0,0.0,0.65,0.65,1.27,0.0681,0.198,0.425
data/kaggle/grading/Kupro/Large/Grade-3/25.jpg,Kupro,Large,Grade-3,train,498.5022277832031,324.7308044433594,129587.0,0.0,0.0,0.0,0.0,0.0,0.0,0.79,0.0762,0.078,0.371
data/kaggle/grading/Kupro/Large/Grade-1/289.jpg,Kupro,Large,Grade-1,train,494.08203125,376.4988708496094,141046.5,0.0,0.0,0.0,0.0,0.0,0.0,1.13,0.0534,0.958,0.372
data/kaggle/grading/Gajar/Large/Grade-1/175.jpg,Gajar,Large,Grade-1,train,627.2012329101562,283.4200134277344,151285.0,0.0,0.24,0.0,0.0,0.0,0.24,1.73,0.0701,0.0,0.397
data/kaggle/grading/Gajar/Medium/Grade-1/82.jpg,Gajar,Medium,Grade-1,train,554.967529296875,257.50982666015625,121231.5,0.0,0.0,0.0,0.0,0.0,0.0,1.34,0.0604,0.014,0.385
data/kaggle/grading/Gajar/Small/Grade-1/136.jpg,Gajar,Small,Grade-1,train,548.122802734375,291.8424987792969,134104.5,0.0,0.31,0.0,0.0,0.0,0.31,1.34,0.0665,0.001,0.422
data/kaggle/grading/Gajar/Medium/Grade-1/161.jpg,Gajar,Medium,Grade-1,train,584.3598022460938,287.93817138671875,140466.5,0.0,0.0,0.0,0.0,0.0,0.0,0.06,0.0872,0.495,0.473
data/kaggle/grading/Gajar/Small/Grade-1/134.jpg,Gajar,Small,Grade-1,train,563.4890747070312,243.9377899169922,114184.0,0.0,0.0,0.0,0.0,0.48,0.48,0.51,0.0446,0.013,0.41
data/kaggle/grading/Kupro/Large/Grade-1/251.jpg,Kupro,Large,Grade-1,train,494.674072265625,350.62823486328125,134456.0,0.0,0.0,0.0,0.0,0.71,0.71,0.6,0.0182,1.331,0.422
data/kaggle/grading/Kupro/Large/Grade-3/69.jpg,Kupro,Large,Grade-3,train,508.0389099121094,325.4063415527344,133144.5,0.0,0.0,0.0,0.0,0.64,0.64,0.77,0.0528,0.006,0.354
data/kaggle/grading/Gajar/Medium/Grade-2/7.jpg,Gajar,Medium,Grade-2,train,594.0,272.0,131405.5,0.0,0.0,0.06,0.0,0.0,0.06,0.38,0.0656,0.0,0.363
data/kaggle/grading/Gajar/Small/Grade-2/45.jpg,Gajar,Small,Grade-2,train,548.420166015625,307.3799743652344,126836.5,0.0,0.0,0.04,0.0,0.0,0.04,0.9,0.0609,0.167,0.407
data/kaggle/grading/Gajar/Small/Grade-3/24.jpg,Gajar,Small,Grade-3,train,551.9080810546875,300.1900939941406,137329.0,0.0,0.0,0.0,0.0,0.0,0.0,1.11,0.1011,0.001,0.419
data/kaggle/grading/Gajar/Small/Grade-1/158.jpg,Gajar,Small,Grade-1,train,588.02978515625,297.1336975097656,149161.5,0.0,0.0,0.0,0.0,0.0,0.0,0.99,0.0457,0.001,0.373
data/kaggle/grading/Gajar/Medium/Grade-1/137.jpg,Gajar,Medium,Grade-1,train,552.0813598632812,268.8332214355469,125241.0,0.0,0.0,0.0,0.0,0.0,0.0,0.48,0.0779,0.02,0.396
data/kaggle/grading/Kupro/Large/Grade-2/215.jpg,Kupro,Large,Grade-2,train,470.66064453125,331.25537109375,125260.5,0.0,0.0,0.0,0.0,0.0,0.0,0.59,0.0389,0.668,0.453
data/kaggle/grading/Kupro/Large/Grade-2/198.jpg,Kupro,Large,Grade-2,train,432.8101806640625,349.743408203125,117677.0,0.0,0.0,0.0,0.0,1.87,1.87,1.32,0.0687,0.074,0.378
data/kaggle/grading/Gajar/Medium/Grade-3/3.jpg,Gajar,Medium,Grade-3,train,561.6204223632812,265.3150939941406,121638.5,0.33,0.18,0.19,0.0,0.0,0.7,0.4,0.0255,0.0,0.423
data/kaggle/grading/Gajar/Small/Grade-2/63.jpg,Gajar,Small,Grade-2,train,518.1369018554688,272.9469299316406,112543.5,0.0,0.0,0.0,0.0,0.0,0.0,0.52,0.041,0.24,0.469
data/kaggle/grading/Gajar/Large/Grade-1/174.jpg,Gajar,Large,Grade-1,train,614.3251953125,278.1659240722656,139401.5,0.0,0.0,0.0,0.0,0.0,0.0,1.5,0.065,0.0,0.359
data/kaggle/grading/Gajar/Medium/Grade-2/8.jpg,Gajar,Medium,Grade-2,train,585.0,280.0,133376.0,0.0,0.0,0.0,0.0,0.0,0.0,0.89,0.1027,0.191,0.435
data/kaggle/grading/Gajar/Small/Grade-1/41.jpg,Gajar,Small,Grade-1,train,536.0060424804688,264.0501708984375,113694.5,0.0,0.0,0.0,0.0,0.0,0.0,0.9,0.0491,0.097,0.398
data/kaggle/grading/Gajar/Large/Grade-3/43.jpg,Gajar,Large,Grade-3,train,625.2741088867188,289.9051208496094,141694.0,0.0,0.45,0.11,0.0,0.0,0.56,1.05,0.0771,0.077,0.445
data/kaggle/grading/Gajar/Small/Grade-1/146.jpg,Gajar,Small,Grade-1,train,518.3174438476562,253.22897338867188,109939.5,0.0,0.0,0.0,0.0,0.0,0.0,1.85,0.084,0.011,0.381
data/kaggle/grading/Gajar/Medium/Grade-1/99.jpg,Gajar,Medium,Grade-1,train,617.21923828125,269.5428161621094,141994.0,0.0,0.0,0.0,0.0,0.0,0.0,0.35,0.1019,0.202,0.389
data/kaggle/grading/Gajar/Large/Grade-2/75.jpg,Gajar,Large,Grade-2,train,602.031005859375,297.14288330078125,149124.0,0.0,0.0,0.0,0.0,0.0,0.0,0.36,0.0688,0.0,0.368
data/kaggle/grading/Kupro/Large/Grade-2/174.jpg,Kupro,Large,Grade-2,train,505.3834838867187,361.72271728515625,139214.0,0.0,0.0,0.0,0.0,0.0,0.0,0.34,0.0468,1.945,0.417
data/kaggle/grading/Gajar/Large/Grade-3/120.jpg,Gajar,Large,Grade-3,train,633.1039428710938,302.1406555175781,156366.0,0.0,0.8,0.2,0.0,0.0,1.0,0.98,0.0715,0.002,0.416
data/kaggle/grading/Kupro/Large/Grade-1/273.jpg,Kupro,Large,Grade-1,train,472.3977661132813,345.1544189453125,127549.5,0.0,0.0,0.0,0.0,0.91,0.91,1.28,0.0274,0.746,0.396
data/kaggle/grading/Gajar/Medium/Grade-3/59.jpg,Gajar,Medium,Grade-3,train,617.862060546875,276.30560302734375,137897.0,0.22,0.38,0.36,0.0,0.0,0.96,0.19,0.0611,0.0,0.367
data/kaggle/grading/Kupro/Large/Grade-2/209.jpg,Kupro,Large,Grade-2,train,513.4823608398438,368.9783020019531,146106.0,0.0,0.0,0.0,0.0,0.75,0.75,1.57,0.0799,0.103,0.362
data/kaggle/grading/Kupro/Large/Grade-2/19.jpg,Kupro,Large,Grade-2,train,475.9256286621094,351.4185485839844,132185.0,0.0,0.0,0.0,0.0,0.0,0.0,0.75,0.0615,1.137,0.445
data/kaggle/grading/Gajar/Small/Grade-3/83.jpg,Gajar,Small,Grade-3,train,546.2222290039062,265.8545227050781,117116.5,0.0,0.0,0.11,0.0,0.0,0.11,2.89,0.0394,0.035,0.438
data/kaggle/grading/Gajar/Medium/Grade-1/173.jpg,Gajar,Medium,Grade-1,train,592.7093505859375,261.248291015625,133178.0,0.0,0.0,0.0,0.0,0.0,0.0,0.45,0.0729,0.033,0.389
data/kaggle/grading/Gajar/Small/Grade-3/204.jpg,Gajar,Small,Grade-3,train,526.8517456054688,273.48626708984375,118512.0,0.0,0.0,0.11,0.0,0.0,0.11,1.0,0.0361,0.0,0.383
data/kaggle/grading/Gajar/Medium/Grade-2/41.jpg,Gajar,Medium,Grade-2,train,525.5496215820312,250.9617462158203,111192.5,0.0,0.0,0.0,0.0,0.0,0.0,0.19,0.0642,0.0,0.41
data/kaggle/grading/Kupro/Large/Grade-3/72.jpg,Kupro,Large,Grade-3,train,527.03564453125,321.72882080078125,137157.0,0.0,0.0,0.0,0.0,0.0,0.0,1.69,0.0565,0.127,0.424
data/kaggle/grading/Gajar/Small/Grade-3/154.jpg,Gajar,Small,Grade-3,train,536.7457275390625,251.06570434570312,111923.0,0.0,0.0,0.05,0.0,0.0,0.05,0.4,0.0201,0.073,0.417
data/kaggle/grading/Kupro/Large/Grade-1/312.jpg,Kupro,Large,Grade-1,train,491.2952880859375,359.5848388671875,140856.5,0.0,0.0,0.0,0.0,0.63,0.63,0.38,0.0418,0.382,0.356
data/kaggle/grading/Gajar/Large/Grade-3/48.jpg,Gajar,Large,Grade-3,train,635.8231201171875,305.4789123535156,158562.5,0.0,0.42,0.24,0.0,0.0,0.66,1.19,0.0528,0.037,0.447
data/kaggle/grading/Kupro/Large/Grade-2/237.jpg,Kupro,Large,Grade-2,train,442.5741882324219,354.381103515625,124962.0,0.0,0.0,0.0,0.0,0.0,0.0,0.47,0.0254,0.0,0.4
data/kaggle/grading/Gajar/Small/Grade-1/59.jpg,Gajar,Small,Grade-1,train,599.172607421875,239.1833648681641,120450.0,0.0,0.0,0.0,0.0,0.0,0.0,0.99,0.1178,0.088,0.409
data/kaggle/grading/Gajar/Medium/Grade-2/2.jpg,Gajar,Medium,Grade-2,train,565.3024291992188,300.486083984375,135907.0,0.0,0.0,0.0,0.0,0.0,0.0,0.54,0.0978,0.002,0.424
data/kaggle/grading/Gajar/Large/Grade-1/3.jpg,Gajar,Large,Grade-1,train,640.2017211914062,300.8644104003906,161603.5,0.0,0.0,0.0,0.0,0.0,0.0,1.03,0.1017,0.01,0.411
data/kaggle/grading/Kupro/Large/Grade-2/360.jpg,Kupro,Large,Grade-2,train,489.47406005859375,353.8403015136719,133520.0,0.0,0.0,0.0,0.0,5.85,5.85,0.68,0.0478,0.0,0.414
data/kaggle/grading/Gajar/Large/Grade-3/10.jpg,Gajar,Large,Grade-3,train,630.6688842773438,269.3213806152344,135153.0,0.0,0.2,0.12,0.0,0.0,0.32,1.25,0.0787,0.137,0.413
data/kaggle/grading/Kupro/Large/Grade-1/18.jpg,Kupro,Large,Grade-1,train,514.3180541992188,352.0760803222656,139424.0,0.0,0.0,0.0,0.0,0.0,0.0,2.05,0.0458,0.268,0.374
data/kaggle/grading/Gajar/Small/Grade-2/85.jpg,Gajar,Small,Grade-2,train,593.9998779296875,299.99993896484375,149171.0,0.59,0.0,0.17,0.0,0.0,0.76,0.65,0.0741,0.0,0.348
data/kaggle/grading/Kupro/Large/Grade-1/237.jpg,Kupro,Large,Grade-1,train,486.7829895019531,313.5302734375,122287.0,0.0,0.0,0.0,0.0,1.61,1.61,2.9,0.0701,0.002,0.353
data/kaggle/grading/Kupro/Large/Grade-2/12.jpg,Kupro,Large,Grade-2,train,483.6562194824219,375.5617065429687,141378.0,0.0,0.0,0.0,0.0,0.0,0.0,2.22,0.1073,0.053,0.363
data/kaggle/grading/Kupro/Large/Grade-1/137.jpg,Kupro,Large,Grade-1,train,500.5682373046875,331.033935546875,130823.5,0.0,0.0,0.0,0.0,1.73,1.73,0.99,0.0612,0.077,0.399
data/kaggle/grading/Gajar/Large/Grade-1/81.jpg,Gajar,Large,Grade-1,train,619.9837646484375,251.8630218505859,132777.5,0.0,0.0,0.0,0.0,0.41,0.41,1.93,0.1051,0.003,0.391
data/kaggle/grading/Gajar/Small/Grade-1/169.jpg,Gajar,Small,Grade-1,train,550.3590698242188,275.8562927246094,124853.0,0.0,0.0,0.0,0.0,0.0,0.0,1.24,0.027,0.224,0.479
data/kaggle/grading/Gajar/Small/Grade-1/139.jpg,Gajar,Small,Grade-1,train,537.0,256.0,113323.0,0.0,0.0,0.0,0.0,0.0,0.0,1.49,0.0856,0.137,0.415
data/kaggle/grading/Kupro/Large/Grade-2/325.jpg,Kupro,Large,Grade-2,train,497.4479675292969,357.02606201171875,141746.5,0.0,0.0,0.0,0.0,0.0,0.0,1.03,0.0377,1.748,0.393
data/kaggle/grading/Kupro/Large/Grade-3/23.jpg,Kupro,Large,Grade-3,train,485.0933532714844,370.93511962890625,144007.0,0.0,0.0,0.0,0.0,0.0,0.0,1.32,0.062,0.018,0.32
data/kaggle/grading/Gajar/Small/Grade-2/48.jpg,Gajar,Small,Grade-2,train,592.1046142578125,252.97348022460935,120101.5,0.0,0.0,0.0,0.0,0.0,0.0,1.76,0.1008,0.0,0.378
data/kaggle/grading/Gajar/Large/Grade-1/6.jpg,Gajar,Large,Grade-1,train,611.4822387695312,275.02606201171875,139762.0,0.0,0.0,0.0,0.0,0.0,0.0,1.17,0.0896,0.207,0.466
data/kaggle/grading/Gajar/Small/Grade-1/14.jpg,Gajar,Small,Grade-1,train,542.0172729492188,228.85804748535156,105634.5,0.0,0.0,0.04,0.0,0.0,0.04,0.59,0.074,0.0,0.385
data/kaggle/grading/Kupro/Large/Grade-2/99.jpg,Kupro,Large,Grade-2,train,493.8586120605469,347.4881896972656,134730.5,0.0,0.0,0.0,0.0,0.68,0.68,1.17,0.0521,0.018,0.388
data/kaggle/grading/Gajar/Small/Grade-1/71.jpg,Gajar,Small,Grade-1,train,542.391357421875,277.0402526855469,125293.0,0.0,0.0,0.0,0.0,0.45,0.45,0.92,0.0714,0.441,0.434
data/kaggle/grading/Kupro/Large/Grade-2/335.jpg,Kupro,Large,Grade-2,train,481.8669738769531,336.9278259277344,127466.5,0.0,0.0,0.0,0.0,2.16,2.16,1.43,0.0648,0.0,0.315
data/kaggle/grading/Gajar/Large/Grade-2/100.jpg,Gajar,Large,Grade-2,train,624.3776245117188,309.9878845214844,155300.0,0.0,0.0,0.0,0.0,0.0,0.0,0.6,0.0771,0.003,0.402
data/kaggle/grading/Kupro/Large/Grade-2/179.jpg,Kupro,Large,Grade-2,train,526.9216918945312,361.6302795410156,144878.0,0.0,0.0,0.0,0.0,7.44,7.44,1.02,0.0664,0.0,0.321
data/kaggle/grading/Gajar/Small/Grade-2/64.jpg,Gajar,Small,Grade-2,train,543.4452514648438,262.11004638671875,121096.0,0.0,0.0,0.06,0.0,0.0,0.06,1.22,0.0658,0.0,0.355
data/kaggle/grading/Gajar/Small/Grade-1/102.jpg,Gajar,Small,Grade-1,train,501.9860229492187,254.3811187744141,105663.0,0.0,0.0,0.0,0.0,0.0,0.0,1.2,0.1146,0.0,0.339
data/kaggle/grading/Gajar/Small/Grade-2/97.jpg,Gajar,Small,Grade-2,train,577.4506225585938,257.7536926269531,124545.5,0.0,0.0,0.0,0.0,0.0,0.0,2.45,0.1015,0.005,0.383
data/kaggle/grading/Gajar/Large/Grade-2/89.jpg,Gajar,Large,Grade-2,train,621.0,276.0,145000.0,0.0,0.0,0.06,0.0,0.0,0.06,0.59,0.0981,0.0,0.373
data/kaggle/grading/Kupro/Large/Grade-1/189.jpg,Kupro,Large,Grade-1,train,474.08251953125,311.7481994628906,116972.0,0.0,0.0,0.0,0.0,2.07,2.07,0.25,0.0286,0.0,0.363
data/kaggle/grading/Gajar/Large/Grade-3/89.jpg,Gajar,Large,Grade-3,train,659.0938110351562,288.1306457519531,153995.5,0.0,0.44,0.16,0.0,0.0,0.6,0.32,0.0438,0.0,0.437
data/kaggle/grading/Gajar/Large/Grade-1/29.jpg,Gajar,Large,Grade-1,train,657.0,275.0,143636.5,0.0,0.0,0.0,0.0,0.0,0.0,1.43,0.1009,0.034,0.393
data/kaggle/grading/Kupro/Large/Grade-2/259.jpg,Kupro,Large,Grade-2,train,501.4666748046875,327.4812927246094,131576.5,0.0,0.0,0.0,0.0,0.0,0.0,1.74,0.0504,0.024,0.382
data/kaggle/grading/Gajar/Medium/Grade-3/7.jpg,Gajar,Medium,Grade-3,train,545.7238159179688,262.5611267089844,121992.0,0.0,0.26,0.17,0.0,0.0,0.43,0.34,0.0754,0.0,0.34
data/kaggle/grading/Kupro/Large/Grade-1/91.jpg,Kupro,Large,Grade-1,train,541.4938354492188,346.309326171875,149960.5,0.0,0.0,0.0,0.0,1.2,1.2,1.48,0.0567,0.277,0.401
data/kaggle/grading/Kupro/Large/Grade-2/5.jpg,Kupro,Large,Grade-2,train,494.5244445800781,342.29736328125,138886.5,0.0,0.0,0.0,0.0,0.0,0.0,1.24,0.0748,0.373,0.399
data/kaggle/grading/Gajar/Small/Grade-1/54.jpg,Gajar,Small,Grade-1,train,545.7139892578125,235.9939422607422,108569.5,0.0,0.0,0.0,0.0,0.0,0.0,2.76,0.1066,0.0,0.359
data/kaggle/grading/Gajar/Small/Grade-1/8.jpg,Gajar,Small,Grade-1,train,520.40673828125,250.12796020507812,112471.5,0.0,0.0,0.25,0.0,0.0,0.25,1.9,0.0902,0.0,0.338
data/kaggle/grading/Kupro/Large/Grade-1/11.jpg,Kupro,Large,Grade-1,train,523.0,385.0,152796.5,0.0,0.0,0.04,0.0,1.09,1.13,1.17,0.0392,0.015,0.406
data/kaggle/grading/Kupro/Large/Grade-3/54.jpg,Kupro,Large,Grade-3,train,471.8069152832031,334.5588684082031,125543.5,0.0,0.0,0.0,0.0,0.0,0.0,1.77,0.0774,0.043,0.403
data/kaggle/grading/Kupro/Large/Grade-2/271.jpg,Kupro,Large,Grade-2,train,500.0,361.0,143620.0,0.0,0.0,0.0,0.0,0.0,0.0,1.34,0.0241,0.288,0.416
data/kaggle/grading/Gajar/Large/Grade-1/45.jpg,Gajar,Large,Grade-1,train,612.7844848632812,293.6088562011719,149912.0,0.0,0.0,0.0,0.0,0.0,0.0,1.56,0.0983,0.113,0.421
data/kaggle/grading/Gajar/Large/Grade-1/139.jpg,Gajar,Large,Grade-1,train,617.8699340820312,311.5512390136719,159072.5,0.0,0.0,0.0,0.0,0.0,0.0,0.57,0.0618,0.619,0.459
data/kaggle/grading/Gajar/Small/Grade-2/7.jpg,Gajar,Small,Grade-2,train,530.8155517578125,258.0063171386719,115958.0,0.0,0.32,0.13,0.0,1.3,1.75,1.82,0.08,0.027,0.401
data/kaggle/grading/Gajar/Large/Grade-1/72.jpg,Gajar,Large,Grade-1,train,613.0,277.0,143517.0,0.0,0.0,0.0,0.0,0.0,0.0,1.0,0.0804,0.141,0.452
data/kaggle/grading/Gajar/Small/Grade-1/125.jpg,Gajar,Small,Grade-1,train,514.0216674804688,251.0712127685547,108224.0,0.0,0.0,0.0,0.0,0.0,0.0,0.18,0.0447,0.244,0.422
data/kaggle/grading/Gajar/Large/Grade-3/42.jpg,Gajar,Large,Grade-3,train,679.8720703125,261.92822265625,148317.5,0.0,0.3,0.21,0.0,0.0,0.51,1.27,0.051,0.0,0.371
data/kaggle/grading/Gajar/Small/Grade-3/177.jpg,Gajar,Small,Grade-3,train,545.9689331054688,289.2544250488281,134632.0,0.0,0.16,0.14,0.0,0.0,0.3,2.81,0.0453,0.007,0.411
data/kaggle/grading/Gajar/Large/Grade-2/49.jpg,Gajar,Large,Grade-2,train,604.32568359375,309.01068115234375,149899.5,0.0,0.0,0.05,0.0,0.0,0.05,1.48,0.094,0.173,0.481
data/kaggle/grading/Gajar/Large/Grade-2/97.jpg,Gajar,Large,Grade-2,train,628.0805053710938,291.4984130859375,156283.0,0.0,0.0,0.0,0.0,0.0,0.0,0.47,0.047,0.01,0.423
data/kaggle/grading/Kupro/Large/Grade-1/255.jpg,Kupro,Large,Grade-1,train,509.0,360.0,140194.5,0.0,0.0,0.0,0.0,4.13,4.13,1.46,0.0339,0.0,0.395
data/kaggle/grading/Kupro/Large/Grade-2/24.jpg,Kupro,Large,Grade-2,train,506.7911071777344,353.13043212890625,140456.0,0.0,0.0,0.0,0.0,0.52,0.52,0.86,0.0616,0.024,0.369
data/kaggle/grading/Kupro/Large/Grade-2/37.jpg,Kupro,Large,Grade-2,train,493.8385314941406,330.9256896972656,133946.0,0.0,0.0,0.0,0.0,3.54,3.54,1.29,0.0403,0.0,0.341
data/kaggle/grading/Kupro/Large/Grade-1/128.jpg,Kupro,Large,Grade-1,train,461.9317321777344,319.6036376953125,118564.5,0.0,0.0,0.0,0.0,3.21,3.21,0.9,0.0617,0.058,0.339
data/kaggle/grading/Gajar/Large/Grade-2/101.jpg,Gajar,Large,Grade-2,train,659.526123046875,275.26483154296875,138678.0,0.0,0.0,0.0,0.0,0.0,0.0,0.45,0.065,0.164,0.406
data/kaggle/grading/Gajar/Small/Grade-3/100.jpg,Gajar,Small,Grade-3,train,560.3755493164062,277.2281799316406,129728.5,0.0,0.75,0.3,0.0,0.0,1.05,1.63,0.0503,0.017,0.399
data/kaggle/grading/Gajar/Small/Grade-1/28.jpg,Gajar,Small,Grade-1,train,539.3275146484375,243.24826049804688,104415.5,0.0,0.0,0.0,0.0,0.0,0.0,1.06,0.0445,0.0,0.305
data/kaggle/grading/Gajar/Small/Grade-1/29.jpg,Gajar,Small,Grade-1,train,547.6278076171875,236.19024658203125,106767.5,0.0,0.0,0.0,0.0,0.0,0.0,1.19,0.0849,0.001,0.349
data/kaggle/grading/Gajar/Large/Grade-2/99.jpg,Gajar,Large,Grade-2,train,590.4220581054688,301.44610595703125,147740.5,0.0,0.0,0.0,0.0,0.0,0.0,0.46,0.0552,0.038,0.425
data/kaggle/grading/Kupro/Large/Grade-2/287.jpg,Kupro,Large,Grade-2,train,492.1959838867187,345.21856689453125,134877.0,0.0,0.0,0.0,0.0,1.73,1.73,1.87,0.0523,0.329,0.375
data/kaggle/grading/Kupro/Large/Grade-1/180.jpg,Kupro,Large,Grade-1,train,537.9135131835938,348.69024658203125,149122.5,0.0,0.0,0.0,0.0,0.0,0.0,0.69,0.0561,1.02,0.381
data/kaggle/grading/Gajar/Large/Grade-1/48.jpg,Gajar,Large,Grade-1,train,607.4591674804688,291.08905029296875,146151.5,0.0,0.0,0.0,0.0,0.0,0.0,0.53,0.0705,0.001,0.404
data/kaggle/grading/Kupro/Large/Grade-1/208.jpg,Kupro,Large,Grade-1,train,510.0095825195313,332.0992736816406,129587.0,0.69,0.0,0.0,0.0,11.59,12.28,1.39,0.075,0.0,0.325
data/kaggle/grading/Gajar/Small/Grade-3/49.jpg,Gajar,Small,Grade-3,train,546.9574584960938,256.6119384765625,121449.0,0.0,0.0,0.05,0.0,0.0,0.05,0.74,0.0509,0.188,0.458
data/kaggle/grading/Gajar/Small/Grade-3/27.jpg,Gajar,Small,Grade-3,train,537.0,270.0,123904.0,0.0,0.18,0.0,0.0,0.0,0.18,0.99,0.0384,0.001,0.413
data/kaggle/grading/Gajar/Large/Grade-1/136.jpg,Gajar,Large,Grade-1,train,646.454345703125,307.3545837402344,160990.0,0.0,0.0,0.0,0.0,0.0,0.0,1.04,0.0715,0.281,0.443
data/kaggle/grading/Gajar/Small/Grade-3/59.jpg,Gajar,Small,Grade-3,train,576.4382934570312,262.880126953125,122552.0,0.54,0.55,0.0,0.0,0.0,1.09,1.04,0.0902,0.0,0.415
data/kaggle/grading/Kupro/Large/Grade-1/280.jpg,Kupro,Large,Grade-1,train,495.4904174804687,367.6556396484375,146925.5,0.0,0.0,0.0,0.0,0.0,0.0,1.34,0.0532,1.071,0.425
data/kaggle/grading/Gajar/Medium/Grade-1/2.jpg,Gajar,Medium,Grade-1,train,590.519775390625,295.8236999511719,135229.0,0.0,0.0,0.0,0.0,0.0,0.0,0.33,0.0943,0.975,0.462
data/kaggle/grading/Kupro/Large/Grade-2/177.jpg,Kupro,Large,Grade-2,train,537.3578491210938,360.6456909179687,152433.0,0.0,0.0,0.0,0.0,0.42,0.42,1.34,0.0838,0.0,0.327
data/kaggle/grading/Gajar/Small/Grade-2/84.jpg,Gajar,Small,Grade-2,train,587.8256225585938,264.0340270996094,128784.0,0.0,0.0,0.0,0.0,0.0,0.0,0.55,0.0716,0.0,0.36
data/kaggle/grading/Gajar/Small/Grade-3/158.jpg,Gajar,Small,Grade-3,train,558.4672241210938,270.3952941894531,125731.5,0.0,0.8,0.43,0.0,0.0,1.23,1.72,0.0419,0.0,0.415
data/kaggle/grading/Kupro/Large/Grade-2/314.jpg,Kupro,Large,Grade-2,train,470.61279296875,349.3773498535156,130071.5,0.0,0.0,0.0,0.0,0.53,0.53,0.53,0.0362,0.075,0.373
data/kaggle/grading/Gajar/Small/Grade-2/92.jpg,Gajar,Small,Grade-2,train,596.5748291015625,255.04847717285156,125032.5,0.0,0.0,0.06,0.0,0.0,0.06,1.56,0.12,0.016,0.377
data/kaggle/grading/Gajar/Medium/Grade-3/2.jpg,Gajar,Medium,Grade-3,train,544.5144653320312,262.4761962890625,120243.0,0.38,0.0,0.0,0.0,0.0,0.38,0.34,0.0376,0.0,0.348
data/kaggle/grading/Kupro/Large/Grade-3/28.jpg,Kupro,Large,Grade-3,train,506.2109069824219,383.91448974609375,151308.5,0.0,0.0,0.0,0.0,3.99,3.99,0.63,0.0451,0.065,0.351
data/kaggle/grading/Gajar/Medium/Grade-1/116.jpg,Gajar,Medium,Grade-1,train,595.2114868164062,265.54541015625,134559.0,0.0,0.0,0.0,0.0,0.0,0.0,1.39,0.1012,0.002,0.4
data/kaggle/grading/Gajar/Small/Grade-2/62.jpg,Gajar,Small,Grade-2,train,542.3895263671875,223.147216796875,105498.5,0.0,0.2,0.19,0.0,0.0,0.39,1.44,0.0875,0.016,0.42
data/kaggle/grading/Gajar/Small/Grade-2/113.jpg,Gajar,Small,Grade-2,train,524.7730712890625,272.7707214355469,119698.0,0.0,0.0,0.0,0.0,0.0,0.0,1.28,0.069,0.0,0.375
data/kaggle/grading/Gajar/Large/Grade-2/25.jpg,Gajar,Large,Grade-2,train,605.0155029296875,298.0486755371094,147830.5,0.0,0.0,0.0,0.0,0.0,0.0,0.45,0.06,0.395,0.484
data/kaggle/grading/Gajar/Medium/Grade-1/159.jpg,Gajar,Medium,Grade-1,train,577.0297241210938,258.4454650878906,130479.5,0.0,0.0,0.0,0.0,0.0,0.0,1.42,0.0942,0.006,0.364
data/kaggle/grading/Gajar/Large/Grade-1/66.jpg,Gajar,Large,Grade-1,train,635.5723266601562,301.5990295410156,164218.5,0.0,0.0,0.0,0.0,0.0,0.0,0.4,0.0579,0.369,0.483
data/kaggle/grading/Gajar/Small/Grade-3/134.jpg,Gajar,Small,Grade-3,train,517.1781005859375,246.54298400878903,110516.0,0.0,0.0,0.0,0.0,0.0,0.0,1.03,0.0588,0.0,0.376
data/kaggle/grading/Gajar/Small/Grade-2/50.jpg,Gajar,Small,Grade-2,train,561.2850341796875,283.14093017578125,124927.5,0.0,0.0,0.05,0.0,0.0,0.05,0.69,0.037,0.05,0.435
data/kaggle/grading/Kupro/Large/Grade-2/346.jpg,Kupro,Large,Grade-2,train,485.0104370117187,336.445068359375,128872.5,0.0,0.0,0.0,0.0,0.0,0.0,1.7,0.0586,0.004,0.407
data/kaggle/grading/Gajar/Large/Grade-3/18.jpg,Gajar,Large,Grade-3,train,615.3243408203125,262.9023132324219,137937.5,0.0,0.37,0.37,0.0,0.0,0.74,0.82,0.0764,0.022,0.406
data/kaggle/grading/Gajar/Large/Grade-1/100.jpg,Gajar,Large,Grade-1,train,586.212890625,300.9296875,143764.0,0.0,0.0,0.0,0.0,0.0,0.0,1.02,0.062,0.0,0.393
data/kaggle/grading/Gajar/Medium/Grade-2/59.jpg,Gajar,Medium,Grade-2,train,603.2852172851562,276.63250732421875,131740.0,0.0,0.28,0.0,0.0,0.0,0.28,0.21,0.0557,0.0,0.381
data/kaggle/grading/Gajar/Small/Grade-2/141.jpg,Gajar,Small,Grade-2,train,535.5757446289062,252.46583557128903,110712.0,0.31,0.0,0.0,0.0,0.0,0.31,0.57,0.0548,0.001,0.411
data/kaggle/grading/Gajar/Small/Grade-3/45.jpg,Gajar,Small,Grade-3,train,504.5704956054687,244.8776702880859,104202.5,0.0,0.0,0.04,0.0,0.0,0.04,2.32,0.0681,0.0,0.43
data/kaggle/grading/Gajar/Medium/Grade-1/25.jpg,Gajar,Medium,Grade-1,train,553.9998779296875,277.99993896484375,126354.0,0.0,0.0,0.0,0.0,0.0,0.0,0.85,0.0871,0.003,0.398
data/kaggle/grading/Kupro/Large/Grade-2/222.jpg,Kupro,Large,Grade-2,train,507.5796813964844,353.7125244140625,141389.5,0.28,0.0,0.0,0.0,1.33,1.61,3.57,0.0799,0.0,0.365
data/kaggle/grading/Kupro/Large/Grade-1/171.jpg,Kupro,Large,Grade-1,train,517.889892578125,338.079345703125,138920.5,0.0,0.0,0.0,0.0,1.99,1.99,2.46,0.0756,0.019,0.381
data/kaggle/grading/Kupro/Large/Grade-1/299.jpg,Kupro,Large,Grade-1,train,484.73095703125,363.1114501953125,140344.0,0.0,0.0,0.0,0.0,0.0,0.0,1.15,0.0449,0.271,0.372
data/kaggle/grading/Gajar/Medium/Grade-1/103.jpg,Gajar,Medium,Grade-1,train,601.0,239.0,122179.5,0.0,0.0,0.0,0.0,0.0,0.0,1.14,0.1292,0.188,0.412
data/kaggle/grading/Kupro/Large/Grade-2/131.jpg,Kupro,Large,Grade-2,train,471.5526123046875,352.81768798828125,132429.0,0.0,0.0,0.0,0.0,2.23,2.23,1.37,0.0861,0.0,0.382
data/kaggle/grading/Gajar/Large/Grade-2/45.jpg,Gajar,Large,Grade-2,train,656.464599609375,282.31488037109375,155379.5,0.0,0.0,0.0,0.0,0.0,0.0,0.8,0.1065,0.0,0.368
data/kaggle/grading/Gajar/Small/Grade-3/208.jpg,Gajar,Small,Grade-3,train,511.99993896484375,244.99996948242188,102908.0,0.0,0.0,0.08,0.0,0.0,0.08,0.35,0.0203,0.0,0.44
data/kaggle/grading/Gajar/Small/Grade-1/197.jpg,Gajar,Small,Grade-1,train,576.2576293945312,252.0673065185547,122031.0,0.0,0.17,0.0,0.0,0.0,0.17,0.68,0.0603,0.008,0.407
data/kaggle/grading/Gajar/Medium/Grade-1/189.jpg,Gajar,Medium,Grade-1,train,591.4579467773438,270.873291015625,132450.0,0.0,0.0,0.04,0.0,0.0,0.04,1.4,0.0667,0.107,0.414
data/kaggle/grading/Kupro/Large/Grade-2/39.jpg,Kupro,Large,Grade-2,train,520.542724609375,365.5466918945313,152587.0,0.0,0.0,0.0,0.0,0.0,0.0,1.16,0.0637,0.072,0.382
data/kaggle/grading/Gajar/Large/Grade-1/37.jpg,Gajar,Large,Grade-1,train,644.406982421875,284.09576416015625,148961.5,0.0,0.0,0.0,0.0,0.0,0.0,1.57,0.1036,0.193,0.459
data/kaggle/grading/Gajar/Small/Grade-1/164.jpg,Gajar,Small,Grade-1,train,540.3538208007812,263.0413513183594,113997.5,0.0,0.0,0.0,0.0,0.64,0.64,1.25,0.0403,0.0,0.427
data/kaggle/grading/Gajar/Large/Grade-1/96.jpg,Gajar,Large,Grade-1,train,587.9437255859375,289.89227294921875,142579.0,0.0,0.0,0.0,0.0,0.0,0.0,0.82,0.1293,0.27,0.446
data/kaggle/grading/Gajar/Large/Grade-1/31.jpg,Gajar,Large,Grade-1,train,622.8411254882812,272.5552673339844,136362.5,0.0,0.0,0.0,0.0,0.0,0.0,0.77,0.0672,0.182,0.436
data/kaggle/grading/Kupro/Large/Grade-2/154.jpg,Kupro,Large,Grade-2,train,535.2008666992188,351.8323059082031,152091.5,0.0,0.0,0.04,0.0,2.64,2.68,1.23,0.0357,0.004,0.349
data/kaggle/grading/Kupro/Large/Grade-1/9.jpg,Kupro,Large,Grade-1,train,522.423583984375,345.90887451171875,141183.5,0.0,0.0,0.05,0.0,6.6,6.65,0.51,0.0613,0.0,0.358
data/kaggle/grading/Kupro/Large/Grade-2/67.jpg,Kupro,Large,Grade-2,train,497.5105895996094,351.51348876953125,138295.5,0.0,0.0,0.0,0.0,2.46,2.46,0.67,0.0499,0.0,0.344
data/kaggle/grading/Kupro/Large/Grade-3/21.jpg,Kupro,Large,Grade-3,train,490.1549987792969,343.9213562011719,133396.0,0.0,0.0,0.0,0.0,0.0,0.0,1.62,0.0673,0.508,0.395
data/kaggle/grading/Kupro/Large/Grade-1/111.jpg,Kupro,Large,Grade-1,train,523.8370971679688,337.8481140136719,136476.0,0.0,0.0,0.0,0.0,0.46,0.46,0.44,0.0405,1.32,0.415
data/kaggle/grading/Gajar/Large/Grade-1/19.jpg,Gajar,Large,Grade-1,train,638.7330932617188,285.9242858886719,150822.5,0.0,0.0,0.0,0.0,0.0,0.0,0.54,0.1058,0.433,0.465
data/kaggle/grading/Kupro/Large/Grade-2/172.jpg,Kupro,Large,Grade-2,train,506.1424255371094,355.710205078125,146023.0,0.0,0.0,0.0,0.0,5.97,5.97,1.15,0.0728,0.019,0.365
data/kaggle/grading/Gajar/Small/Grade-1/21.jpg,Gajar,Small,Grade-1,train,563.5743408203125,248.70594787597656,118027.5,0.0,0.0,0.0,0.0,0.0,0.0,0.35,0.0737,0.547,0.438
data/kaggle/grading/Gajar/Small/Grade-2/14.jpg,Gajar,Small,Grade-2,train,517.0894165039062,260.0028991699219,115565.5,0.0,0.0,0.05,0.0,0.0,0.05,0.92,0.0388,0.084,0.433
data/kaggle/grading/Kupro/Large/Grade-1/154.jpg,Kupro,Large,Grade-1,train,503.1136779785156,312.8078918457031,125174.0,0.0,0.0,0.0,0.0,0.86,0.86,0.19,0.0259,1.024,0.427
data/kaggle/grading/Kupro/Large/Grade-2/276.jpg,Kupro,Large,Grade-2,train,499.12310791015625,312.4742431640625,126990.5,0.0,0.0,0.0,0.0,0.0,0.0,1.52,0.0695,0.04,0.412
data/kaggle/grading/Kupro/Large/Grade-2/149.jpg,Kupro,Large,Grade-2,train,499.1600341796875,352.56121826171875,137499.5,0.0,0.0,0.0,0.0,0.0,0.0,1.54,0.0715,0.016,0.383
data/kaggle/grading/Kupro/Large/Grade-1/6.jpg,Kupro,Large,Grade-1,train,518.4685668945312,371.0012817382813,149882.0,0.0,0.0,0.0,0.0,0.0,0.0,1.05,0.0294,0.783,0.42
data/kaggle/grading/Kupro/Large/Grade-1/178.jpg,Kupro,Large,Grade-1,train,530.5513305664062,361.4722595214844,151162.0,0.0,0.0,0.0,0.0,0.0,0.0,1.47,0.0623,0.143,0.373
data/kaggle/grading/Kupro/Large/Grade-2/106.jpg,Kupro,Large,Grade-2,train,498.2128601074219,373.5234069824219,145525.0,0.0,0.0,0.0,0.0,0.0,0.0,0.5,0.0582,0.605,0.386
data/kaggle/grading/Gajar/Medium/Grade-1/24.jpg,Gajar,Medium,Grade-1,train,543.8632202148438,272.0569763183594,121400.0,0.0,0.0,0.0,0.0,0.0,0.0,1.1,0.0774,0.249,0.434
data/kaggle/grading/Gajar/Small/Grade-3/31.jpg,Gajar,Small,Grade-3,train,533.0,294.0,125891.5,0.0,0.0,0.0,0.0,0.0,0.0,1.46,0.0578,0.0,0.41
data/kaggle/grading/Gajar/Small/Grade-1/168.jpg,Gajar,Small,Grade-1,train,534.15771484375,253.8019561767578,114711.5,0.0,0.0,0.0,0.0,0.0,0.0,0.61,0.0162,0.001,0.392
data/kaggle/grading/Kupro/Large/Grade-2/216.jpg,Kupro,Large,Grade-2,train,466.2729187011719,342.5429382324219,127395.5,0.0,0.0,0.0,0.0,3.29,3.29,2.3,0.0677,0.004,0.369
data/kaggle/grading/Gajar/Large/Grade-3/65.jpg,Gajar,Large,Grade-3,train,608.9998779296875,261.99993896484375,134120.5,0.0,0.0,0.0,0.0,0.0,0.0,0.81,0.0596,0.0,0.397
data/kaggle/grading/Gajar/Small/Grade-1/159.jpg,Gajar,Small,Grade-1,train,508.6059875488281,240.89845275878903,106415.0,0.0,0.0,0.0,0.0,0.0,0.0,0.52,0.0341,0.116,0.422
data/kaggle/grading/Gajar/Small/Grade-3/58.jpg,Gajar,Small,Grade-3,train,566.7301635742188,258.5783996582031,120469.5,0.0,0.0,0.16,0.0,0.74,0.9,1.62,0.0923,0.0,0.385
data/kaggle/grading/Gajar/Large/Grade-2/15.jpg,Gajar,Large,Grade-2,train,646.7152099609375,290.7142028808594,154182.0,0.0,0.0,0.0,0.0,0.0,0.0,1.51,0.106,0.008,0.404
data/kaggle/grading/Kupro/Large/Grade-1/129.jpg,Kupro,Large,Grade-1,train,465.06494140625,348.3328857421875,128249.0,0.0,0.0,0.0,0.0,0.81,0.81,1.5,0.0602,0.21,0.378
data/kaggle/grading/Gajar/Small/Grade-3/69.jpg,Gajar,Small,Grade-3,train,509.99993896484375,241.99996948242188,106501.0,0.0,0.0,0.04,0.0,0.0,0.04,1.91,0.0764,0.092,0.452
data/kaggle/grading/Gajar/Small/Grade-3/74.jpg,Gajar,Small,Grade-3,train,546.1522216796875,246.6026153564453,111415.0,0.0,0.19,0.24,0.0,0.0,0.43,1.66,0.0692,0.016,0.419
data/kaggle/grading/Gajar/Large/Grade-2/91.jpg,Gajar,Large,Grade-2,train,632.478271484375,278.6978759765625,142263.0,0.0,0.0,0.0,0.0,0.0,0.0,2.11,0.0887,0.0,0.365
data/kaggle/grading/Kupro/Large/Grade-1/86.jpg,Kupro,Large,Grade-1,train,482.6037902832031,353.5953063964844,133865.0,0.0,0.0,0.0,0.0,10.06,10.06,0.95,0.0669,0.004,0.346
data/kaggle/grading/Gajar/Small/Grade-1/34.jpg,Gajar,Small,Grade-1,train,557.2200927734375,256.2941589355469,116265.0,0.0,0.0,0.0,0.0,0.0,0.0,1.39,0.082,0.389,0.423
data/kaggle/grading/Kupro/Large/Grade-2/365.jpg,Kupro,Large,Grade-2,train,475.4710998535156,329.8082580566406,128463.5,0.0,0.0,0.0,0.0,0.0,0.0,0.83,0.056,0.67,0.437
data/kaggle/grading/Gajar/Small/Grade-1/135.jpg,Gajar,Small,Grade-1,train,525.7124633789062,250.3880615234375,110373.5,0.0,0.0,0.0,0.0,0.0,0.0,0.46,0.0595,0.003,0.384
data/kaggle/grading/Gajar/Medium/Grade-1/184.jpg,Gajar,Medium,Grade-1,train,638.9263916015625,264.0693359375,132645.5,0.0,0.0,0.0,0.0,0.0,0.0,1.5,0.079,0.002,0.377
data/kaggle/grading/Gajar/Large/Grade-1/36.jpg,Gajar,Large,Grade-1,train,617.3758544921875,276.2821960449219,147605.5,0.0,0.0,0.0,0.0,0.0,0.0,0.6,0.0746,0.768,0.428
data/kaggle/grading/Gajar/Large/Grade-2/26.jpg,Gajar,Large,Grade-2,train,641.6904296875,274.5540466308594,147342.0,0.0,0.0,0.0,0.0,0.0,0.0,1.0,0.0704,0.012,0.395
data/kaggle/grading/Kupro/Large/Grade-3/1.jpg,Kupro,Large,Grade-3,train,469.29241943359375,330.0896301269531,122854.0,0.0,0.0,0.04,0.0,0.0,0.04,1.3,0.1106,0.067,0.466
data/kaggle/grading/Kupro/Large/Grade-2/277.jpg,Kupro,Large,Grade-2,train,498.8251037597656,331.07623291015625,130101.5,0.0,0.0,0.0,0.0,0.0,0.0,0.96,0.0339,0.361,0.42
data/kaggle/grading/Kupro/Large/Grade-2/14.jpg,Kupro,Large,Grade-2,train,525.07275390625,318.5937194824219,129878.0,0.0,0.0,0.0,0.0,0.43,0.43,1.02,0.0535,0.022,0.389
data/kaggle/grading/Kupro/Large/Grade-2/13.jpg,Kupro,Large,Grade-2,train,487.7408447265625,355.16632080078125,139303.0,0.0,0.0,0.0,0.0,2.56,2.56,0.41,0.0492,0.034,0.388
data/kaggle/grading/Kupro/Large/Grade-1/108.jpg,Kupro,Large,Grade-1,train,493.0,335.0,129633.0,0.0,0.0,0.0,0.0,6.06,6.06,0.77,0.0779,0.051,0.352
data/kaggle/grading/Gajar/Small/Grade-2/52.jpg,Gajar,Small,Grade-2,train,592.63525390625,255.1937713623047,121411.5,0.0,0.0,0.07,0.0,0.0,0.07,1.05,0.059,0.101,0.416
data/kaggle/grading/Gajar/Small/Grade-2/38.jpg,Gajar,Small,Grade-2,train,543.3956298828125,235.5740203857422,106805.5,0.0,0.0,0.0,0.0,0.0,0.0,1.49,0.0669,0.123,0.432
data/kaggle/grading/Gajar/Medium/Grade-2/49.jpg,Gajar,Medium,Grade-2,train,557.156982421875,282.1999206542969,128408.0,0.0,0.0,0.0,0.0,0.0,0.0,0.96,0.0764,0.0,0.339
data/kaggle/grading/Gajar/Large/Grade-2/47.jpg,Gajar,Large,Grade-2,train,659.4441528320312,309.130859375,158669.0,0.0,0.0,0.0,0.0,0.0,0.0,1.19,0.0809,0.0,0.349
data/kaggle/grading/Gajar/Large/Grade-2/53.jpg,Gajar,Large,Grade-2,train,658.5961303710938,306.1234130859375,169331.0,0.0,0.0,0.0,0.0,0.0,0.0,0.38,0.0662,0.024,0.442
data/kaggle/grading/Gajar/Medium/Grade-3/19.jpg,Gajar,Medium,Grade-3,train,516.7944946289062,242.53900146484375,109429.0,0.6,0.36,0.48,0.0,0.0,1.44,1.56,0.0463,0.0,0.415
data/kaggle/grading/Gajar/Small/Grade-3/120.jpg,Gajar,Small,Grade-3,train,602.704345703125,245.96286010742188,119566.0,0.0,0.49,0.56,0.0,0.0,1.05,1.86,0.1256,0.003,0.373
data/kaggle/grading/Kupro/Large/Grade-1/48.jpg,Kupro,Large,Grade-1,train,489.8910217285156,358.91534423828125,143042.0,0.0,0.0,0.0,0.0,0.0,0.0,0.21,0.0277,2.386,0.399
data/kaggle/grading/Kupro/Large/Grade-1/218.jpg,Kupro,Large,Grade-1,train,496.0,333.0,128942.0,0.0,0.0,0.0,0.0,4.83,4.83,0.94,0.0566,0.0,0.339
data/kaggle/grading/Gajar/Large/Grade-3/121.jpg,Gajar,Large,Grade-3,train,624.91943359375,298.24859619140625,154561.5,0.0,0.28,0.44,0.0,0.0,0.72,0.61,0.0706,0.0,0.391
data/kaggle/grading/Gajar/Small/Grade-3/98.jpg,Gajar,Small,Grade-3,train,545.162841796875,237.82069396972656,104340.0,0.91,0.0,0.51,0.0,0.0,1.42,1.27,0.0573,0.0,0.329
data/kaggle/grading/Kupro/Large/Grade-1/245.jpg,Kupro,Large,Grade-1,train,488.3345947265625,326.8451232910156,127067.5,0.0,0.0,0.0,0.0,1.18,1.18,0.82,0.0505,0.102,0.353
data/kaggle/grading/Gajar/Medium/Grade-2/62.jpg,Gajar,Medium,Grade-2,train,589.7601928710938,311.291259765625,151041.0,0.0,0.0,0.0,0.0,0.0,0.0,0.67,0.0829,0.119,0.419
data/kaggle/grading/Kupro/Large/Grade-1/297.jpg,Kupro,Large,Grade-1,train,501.1558532714844,339.81866455078125,135624.0,0.0,0.0,0.0,0.0,4.34,4.34,1.02,0.0491,0.0,0.392
data/kaggle/grading/Kupro/Large/Grade-2/33.jpg,Kupro,Large,Grade-2,train,497.48248291015625,352.255615234375,138561.5,0.0,0.0,0.0,0.0,5.48,5.48,0.55,0.0203,0.0,0.355
data/kaggle/grading/Gajar/Medium/Grade-1/185.jpg,Gajar,Medium,Grade-1,train,589.4237670898438,274.00592041015625,135651.5,0.0,0.0,0.0,0.0,0.0,0.0,0.84,0.0498,0.181,0.397
data/kaggle/grading/Kupro/Large/Grade-2/171.jpg,Kupro,Large,Grade-2,train,517.3839721679688,348.78082275390625,141953.0,0.0,0.0,0.0,0.0,0.0,0.0,0.35,0.0458,0.861,0.436
data/kaggle/grading/Kupro/Large/Grade-2/302.jpg,Kupro,Large,Grade-2,train,546.3771362304688,349.5904235839844,150517.5,0.0,0.0,0.0,0.0,1.35,1.35,0.9,0.0647,0.006,0.334
data/kaggle/grading/Gajar/Large/Grade-3/46.jpg,Gajar,Large,Grade-3,train,619.0,305.0,153764.5,0.0,0.0,0.0,0.0,0.0,0.0,1.31,0.0804,0.001,0.388
data/kaggle/grading/Gajar/Medium/Grade-3/1.jpg,Gajar,Medium,Grade-3,train,553.1734008789062,237.83738708496097,114708.0,0.0,0.0,0.0,0.0,0.0,0.0,0.77,0.042,0.0,0.376
data/kaggle/grading/Kupro/Large/Grade-3/94.jpg,Kupro,Large,Grade-3,train,502.6336975097656,390.0046997070313,149136.5,0.0,0.0,0.0,0.0,0.68,0.68,1.85,0.0586,0.009,0.356
data/kaggle/grading/Kupro/Large/Grade-2/258.jpg,Kupro,Large,Grade-2,train,470.7166137695313,330.1255798339844,122215.5,0.0,0.0,0.0,0.0,1.12,1.12,1.23,0.0342,0.003,0.401
data/kaggle/grading/Kupro/Large/Grade-2/327.jpg,Kupro,Large,Grade-2,train,505.9137878417969,340.9709777832031,135282.5,0.0,0.0,0.0,0.0,2.1,2.1,0.97,0.085,0.0,0.332
data/kaggle/grading/Kupro/Large/Grade-1/54.jpg,Kupro,Large,Grade-1,train,501.3479614257813,337.5399169921875,136100.0,0.0,0.0,0.0,0.0,1.27,1.27,1.0,0.0577,0.038,0.387
data/kaggle/grading/Gajar/Medium/Grade-1/40.jpg,Gajar,Medium,Grade-1,train,582.5450439453125,272.2701110839844,132259.0,0.0,0.0,0.0,0.0,0.0,0.0,0.83,0.0714,0.005,0.367
data/kaggle/grading/Kupro/Large/Grade-1/120.jpg,Kupro,Large,Grade-1,train,507.8617858886719,354.49127197265625,141908.5,0.0,0.0,0.0,0.0,0.0,0.0,0.76,0.0408,1.204,0.374
data/kaggle/grading/Kupro/Large/Grade-2/185.jpg,Kupro,Large,Grade-2,train,504.0,369.0,148387.5,0.0,0.0,0.0,0.0,0.0,0.0,1.24,0.0453,0.219,0.388
data/kaggle/grading/Gajar/Large/Grade-2/21.jpg,Gajar,Large,Grade-2,train,634.3955078125,275.4507141113281,138780.0,0.0,0.0,0.05,0.0,0.0,0.05,0.92,0.0749,0.001,0.377
data/kaggle/grading/Kupro/Large/Grade-2/164.jpg,Kupro,Large,Grade-2,train,544.8602905273438,370.8860778808594,151890.0,0.0,0.0,0.0,0.0,0.43,0.43,0.21,0.044,0.987,0.402
data/kaggle/grading/Gajar/Large/Grade-2/68.jpg,Gajar,Large,Grade-2,train,631.8663940429688,260.45172119140625,131461.0,0.0,0.0,0.0,0.0,0.0,0.0,1.39,0.097,0.018,0.425
data/kaggle/grading/Gajar/Medium/Grade-1/30.jpg,Gajar,Medium,Grade-1,train,580.7427978515625,282.035400390625,132541.5,0.0,0.0,0.0,0.0,0.0,0.0,2.04,0.1039,0.0,0.343
data/kaggle/grading/Kupro/Large/Grade-1/276.jpg,Kupro,Large,Grade-1,train,482.4594421386719,366.9725036621094,137008.0,0.0,0.0,0.0,0.0,1.33,1.33,1.5,0.0535,0.695,0.387
data/kaggle/grading/Kupro/Large/Grade-1/225.jpg,Kupro,Large,Grade-1,train,491.5901794433594,387.3240661621094,147461.5,0.0,0.0,0.0,0.0,1.93,1.93,0.66,0.062,0.024,0.317
data/kaggle/grading/Kupro/Large/Grade-2/25.jpg,Kupro,Large,Grade-2,train,531.763427734375,345.2490234375,146274.5,0.0,0.0,0.0,0.0,0.42,0.42,1.4,0.0597,0.333,0.406
data/kaggle/grading/Gajar/Small/Grade-3/138.jpg,Gajar,Small,Grade-3,train,556.9447021484375,282.4425964355469,120803.0,0.0,0.0,0.17,0.0,0.0,0.17,1.8,0.0794,0.017,0.412
data/kaggle/grading/Gajar/Large/Grade-1/153.jpg,Gajar,Large,Grade-1,train,652.2626953125,307.8916320800781,158792.0,0.0,0.0,0.0,0.0,0.46,0.46,1.06,0.0611,0.203,0.461
data/kaggle/grading/Kupro/Large/Grade-1/188.jpg,Kupro,Large,Grade-1,train,467.1831359863281,351.4554443359375,131153.0,0.0,0.0,0.0,0.0,4.48,4.48,0.08,0.0384,0.0,0.378
data/kaggle/grading/Gajar/Small/Grade-3/178.jpg,Gajar,Small,Grade-3,train,519.9069213867188,266.470947265625,116887.5,0.0,0.0,0.04,0.0,0.0,0.04,1.75,0.0296,0.0,0.318
data/kaggle/grading/Kupro/Large/Grade-1/116.jpg,Kupro,Large,Grade-1,train,525.3980712890625,355.6763610839844,148739.0,0.0,0.0,0.0,0.0,2.34,2.34,0.99,0.052,0.083,0.353
data/kaggle/grading/Gajar/Medium/Grade-1/141.jpg,Gajar,Medium,Grade-1,train,573.3160400390625,262.9673767089844,123579.0,0.0,0.0,0.0,0.0,0.0,0.0,0.71,0.057,0.246,0.399
data/kaggle/grading/Gajar/Medium/Grade-1/89.jpg,Gajar,Medium,Grade-1,train,516.1114501953125,253.7653350830078,109956.0,0.0,0.0,0.0,0.0,0.0,0.0,1.28,0.0581,0.0,0.377
data/kaggle/grading/Gajar/Medium/Grade-1/127.jpg,Gajar,Medium,Grade-1,train,587.7302856445312,274.56927490234375,136599.5,0.0,0.0,0.0,0.0,0.0,0.0,0.61,0.0739,0.367,0.427
data/kaggle/grading/Gajar/Small/Grade-1/20.jpg,Gajar,Small,Grade-1,train,581.0,256.0,123552.0,0.0,0.0,0.0,0.0,0.0,0.0,0.7,0.0984,0.291,0.437
data/kaggle/grading/Gajar/Medium/Grade-1/37.jpg,Gajar,Medium,Grade-1,train,562.4921875,267.51739501953125,126184.0,0.0,0.0,0.07,0.0,3.55,3.62,0.84,0.0904,0.0,0.402
data/kaggle/grading/Gajar/Medium/Grade-1/4.jpg,Gajar,Medium,Grade-1,train,566.5726318359375,269.97760009765625,129530.5,0.0,0.0,0.0,0.0,0.54,0.54,1.55,0.0797,0.051,0.398
data/kaggle/grading/Gajar/Small/Grade-3/30.jpg,Gajar,Small,Grade-3,train,538.6378784179688,244.4900360107422,111841.5,0.0,0.51,0.19,0.0,0.0,0.7,1.56,0.041,0.0,0.389
data/kaggle/grading/Gajar/Medium/Grade-3/32.jpg,Gajar,Medium,Grade-3,train,601.150146484375,268.8193054199219,133973.5,0.0,0.53,0.56,0.0,0.0,1.09,2.22,0.0954,0.0,0.396
data/kaggle/grading/Kupro/Large/Grade-2/45.jpg,Kupro,Large,Grade-2,train,449.2492370605469,343.3525085449219,121824.5,0.0,0.0,0.0,0.0,3.66,3.66,1.79,0.0476,0.0,0.322
data/kaggle/grading/Kupro/Large/Grade-3/104.jpg,Kupro,Large,Grade-3,train,476.0,358.0,133903.5,0.0,0.0,0.0,0.0,0.0,0.0,0.97,0.056,0.008,0.368
data/kaggle/grading/Kupro/Large/Grade-2/46.jpg,Kupro,Large,Grade-2,train,457.9872741699219,328.4600524902344,119634.5,0.0,0.0,0.0,0.0,3.53,3.53,1.16,0.0696,0.0,0.375
data/kaggle/grading/Gajar/Medium/Grade-3/38.jpg,Gajar,Medium,Grade-3,train,531.8873901367188,251.37911987304688,112957.0,0.0,0.0,0.21,0.0,0.6,0.81,0.79,0.0733,0.0,0.419
data/kaggle/grading/Gajar/Small/Grade-3/19.jpg,Gajar,Small,Grade-3,train,568.2786254882812,256.1617126464844,115121.0,0.0,0.0,0.16,0.0,0.0,0.16,1.33,0.0773,0.079,0.399
data/kaggle/grading/Gajar/Medium/Grade-1/86.jpg,Gajar,Medium,Grade-1,train,585.9173583984375,285.826904296875,133659.5,0.0,0.0,0.0,0.0,0.0,0.0,0.92,0.061,0.523,0.449
data/kaggle/grading/Kupro/Large/Grade-1/177.jpg,Kupro,Large,Grade-1,train,519.0,358.0,145853.0,0.0,0.0,0.0,0.0,0.77,0.77,1.14,0.0557,0.151,0.344
data/kaggle/grading/Gajar/Large/Grade-3/58.jpg,Gajar,Large,Grade-3,train,599.2555541992188,254.99574279785156,128588.0,0.0,0.0,0.13,0.0,0.0,0.13,1.03,0.0599,0.001,0.408
data/kaggle/grading/Gajar/Medium/Grade-1/29.jpg,Gajar,Medium,Grade-1,train,601.9163208007812,282.89178466796875,137545.0,0.0,0.0,0.0,0.0,0.0,0.0,1.48,0.0934,0.0,0.35
data/kaggle/grading/Gajar/Small/Grade-3/61.jpg,Gajar,Small,Grade-3,train,571.434814453125,263.84716796875,122433.5,0.27,0.0,0.05,0.0,0.0,0.32,1.73,0.0773,0.0,0.364
data/kaggle/grading/Gajar/Large/Grade-1/165.jpg,Gajar,Large,Grade-1,train,671.420166015625,276.285888671875,157823.5,0.0,0.0,0.2,0.0,0.0,0.2,0.74,0.0796,0.0,0.372
data/kaggle/grading/Kupro/Large/Grade-3/27.jpg,Kupro,Large,Grade-3,train,493.3816223144531,329.15380859375,129011.0,0.0,0.0,0.0,0.0,0.0,0.0,0.87,0.0459,0.006,0.359
data/kaggle/grading/Kupro/Large/Grade-2/272.jpg,Kupro,Large,Grade-2,train,495.7642822265625,320.0580139160156,127628.5,0.0,0.0,0.0,0.0,0.0,0.0,1.53,0.0548,0.041,0.405
data/kaggle/grading/Gajar/Large/Grade-1/124.jpg,Gajar,Large,Grade-1,train,626.36767578125,288.44720458984375,148707.5,0.0,0.0,0.0,0.0,0.0,0.0,0.53,0.0914,0.275,0.419
data/kaggle/grading/Gajar/Large/Grade-1/112.jpg,Gajar,Large,Grade-1,train,640.7044677734375,313.26959228515625,164355.0,0.0,0.0,0.0,0.0,0.0,0.0,0.46,0.0584,0.0,0.383
data/kaggle/grading/Gajar/Medium/Grade-3/64.jpg,Gajar,Medium,Grade-3,train,545.9337158203125,246.6784515380859,111540.0,1.15,1.0,0.31,0.0,0.0,2.46,2.45,0.0902,0.0,0.382
data/kaggle/grading/Gajar/Small/Grade-1/105.jpg,Gajar,Small,Grade-1,train,591.0286865234375,264.87890625,129468.0,0.0,0.0,0.07,0.0,0.0,0.07,1.36,0.1133,0.2,0.437
data/kaggle/grading/Gajar/Small/Grade-3/33.jpg,Gajar,Small,Grade-3,train,580.9005126953125,257.0478515625,126009.0,0.0,0.0,0.0,0.0,0.0,0.0,0.61,0.0329,0.003,0.384
data/kaggle/grading/Gajar/Medium/Grade-3/49.jpg,Gajar,Medium,Grade-3,train,583.1574096679688,306.113037109375,142850.0,0.52,0.0,0.22,0.0,0.0,0.74,0.34,0.0244,0.0,0.387
data/kaggle/grading/Gajar/Large/Grade-2/110.jpg,Gajar,Large,Grade-2,train,646.2233276367188,308.86627197265625,163862.0,0.0,0.0,0.1,0.0,0.0,0.1,0.53,0.0841,0.001,0.443
data/kaggle/grading/Gajar/Large/Grade-3/102.jpg,Gajar,Large,Grade-3,train,644.1804809570312,283.49151611328125,156375.0,0.0,0.0,0.13,0.0,0.0,0.13,0.64,0.0717,0.116,0.455
data/kaggle/grading/Gajar/Small/Grade-1/67.jpg,Gajar,Small,Grade-1,train,479.0006713867187,283.6424865722656,111593.0,0.0,0.0,0.0,0.0,0.0,0.0,1.13,0.0388,0.0,0.371
data/kaggle/grading/Kupro/Large/Grade-2/93.jpg,Kupro,Large,Grade-2,train,489.2808532714844,386.5632019042969,149950.0,0.0,0.0,0.0,0.0,2.86,2.86,1.61,0.0528,0.0,0.355
data/kaggle/grading/Gajar/Large/Grade-2/42.jpg,Gajar,Large,Grade-2,train,654.8602294921875,286.7461853027344,156143.0,0.0,0.0,0.14,0.0,0.59,0.73,0.75,0.0591,0.003,0.383
data/kaggle/grading/Gajar/Small/Grade-2/53.jpg,Gajar,Small,Grade-2,train,575.305908203125,264.06817626953125,128716.5,0.0,0.0,0.0,0.0,0.0,0.0,1.86,0.0651,0.0,0.311
data/kaggle/grading/Kupro/Large/Grade-1/214.jpg,Kupro,Large,Grade-1,train,512.2863159179688,351.83685302734375,139957.0,0.0,0.23,0.09,0.0,4.49,4.81,1.45,0.0461,0.0,0.348
data/kaggle/grading/Kupro/Large/Grade-1/222.jpg,Kupro,Large,Grade-1,train,479.8389587402344,317.2915954589844,121609.0,0.0,0.0,0.0,0.0,1.93,1.93,1.65,0.0524,0.091,0.367
data/kaggle/grading/Gajar/Large/Grade-2/56.jpg,Gajar,Large,Grade-2,train,652.1243896484375,306.78472900390625,168618.5,0.0,0.0,0.0,0.0,0.0,0.0,0.93,0.0685,0.004,0.416
data/kaggle/grading/Gajar/Large/Grade-3/35.jpg,Gajar,Large,Grade-3,train,652.0863647460938,291.5906677246094,158212.0,0.0,0.81,0.39,0.0,0.91,2.11,1.4,0.0612,0.0,0.389
data/kaggle/grading/Kupro/Large/Grade-2/166.jpg,Kupro,Large,Grade-2,train,575.73828125,334.5417785644531,147801.0,0.0,0.0,0.0,0.0,0.0,0.0,1.4,0.0443,0.026,0.379
data/kaggle/grading/Kupro/Large/Grade-1/135.jpg,Kupro,Large,Grade-1,train,524.5244750976562,373.0913391113281,150569.0,0.0,0.0,0.0,0.0,0.0,0.0,0.64,0.0491,1.0,0.429
data/kaggle/grading/Gajar/Small/Grade-3/198.jpg,Gajar,Small,Grade-3,train,525.9689331054688,244.40255737304688,109821.5,0.95,0.0,0.0,0.0,0.0,0.95,1.27,0.0182,0.005,0.422
data/kaggle/grading/Gajar/Large/Grade-1/107.jpg,Gajar,Large,Grade-1,train,585.6259155273438,278.60009765625,132691.5,0.0,0.0,0.0,0.0,0.0,0.0,0.69,0.056,0.434,0.479
data/kaggle/grading/Gajar/Large/Grade-3/29.jpg,Gajar,Large,Grade-3,train,624.0758666992188,266.3009948730469,141138.0,0.0,0.0,0.05,0.0,0.0,0.05,1.13,0.051,0.032,0.459
data/kaggle/grading/Gajar/Large/Grade-1/43.jpg,Gajar,Large,Grade-1,train,670.0211181640625,290.6734924316406,157243.5,0.0,0.0,0.0,0.0,0.0,0.0,1.42,0.1034,0.147,0.44
data/kaggle/grading/Gajar/Large/Grade-3/79.jpg,Gajar,Large,Grade-3,train,673.7230834960938,313.5495910644531,168524.0,0.0,0.44,0.67,0.0,0.0,1.11,0.42,0.0493,0.001,0.478
data/kaggle/grading/Gajar/Small/Grade-3/6.jpg,Gajar,Small,Grade-3,train,546.1726684570312,269.4682312011719,121194.5,1.66,1.62,0.4,0.0,0.0,3.68,1.19,0.0635,0.0,0.388
data/kaggle/grading/Kupro/Large/Grade-1/165.jpg,Kupro,Large,Grade-1,train,507.6126098632813,342.43084716796875,137814.5,0.0,0.0,0.0,0.0,1.56,1.56,0.57,0.0302,0.008,0.388
data/kaggle/grading/Gajar/Small/Grade-2/40.jpg,Gajar,Small,Grade-2,train,535.2554321289062,291.0393371582031,128182.0,0.0,0.0,0.04,0.0,0.0,0.04,1.54,0.0588,0.003,0.431
data/kaggle/grading/Kupro/Large/Grade-2/267.jpg,Kupro,Large,Grade-2,train,482.8126831054687,344.5882873535156,131864.0,0.0,0.0,0.0,0.0,0.0,0.0,0.44,0.0413,0.567,0.385
data/kaggle/grading/Kupro/Large/Grade-2/226.jpg,Kupro,Large,Grade-2,train,533.8094482421875,326.4939880371094,135973.0,0.0,0.0,0.0,0.0,0.0,0.0,1.13,0.0393,0.006,0.386
data/kaggle/grading/Kupro/Large/Grade-1/308.jpg,Kupro,Large,Grade-1,train,496.8426513671875,352.25189208984375,137520.5,0.0,0.0,0.0,0.0,5.25,5.25,0.2,0.0464,0.003,0.368
data/kaggle/grading/Gajar/Medium/Grade-2/6.jpg,Gajar,Medium,Grade-2,train,585.2206420898438,252.8649139404297,123968.5,0.0,0.37,0.0,0.0,0.0,0.37,0.5,0.0618,0.0,0.36
data/kaggle/grading/Gajar/Large/Grade-3/44.jpg,Gajar,Large,Grade-3,train,638.2274169921875,259.41485595703125,134914.5,0.33,0.62,0.32,0.0,0.0,1.27,2.76,0.0903,0.006,0.423
data/kaggle/grading/Kupro/Large/Grade-2/116.jpg,Kupro,Large,Grade-2,train,502.2995300292969,352.30950927734375,140622.5,0.0,0.0,0.0,0.0,0.0,0.0,0.74,0.0231,0.881,0.469
data/kaggle/grading/Gajar/Large/Grade-2/54.jpg,Gajar,Large,Grade-2,train,640.519287109375,289.80609130859375,161794.0,0.0,0.0,0.0,0.0,0.0,0.0,0.63,0.0572,0.079,0.45
data/kaggle/grading/Kupro/Large/Grade-3/97.jpg,Kupro,Large,Grade-3,train,526.461669921875,374.3446044921875,148777.5,0.0,0.0,0.0,0.0,0.0,0.0,0.95,0.0587,0.001,0.358
data/kaggle/grading/Gajar/Small/Grade-3/63.jpg,Gajar,Small,Grade-3,train,552.1554565429688,288.53948974609375,125791.5,0.0,0.15,0.0,0.0,0.0,0.15,0.39,0.0818,0.0,0.378
data/kaggle/grading/Gajar/Medium/Grade-2/52.jpg,Gajar,Medium,Grade-2,train,574.0,259.0,124147.5,0.0,0.0,0.0,0.0,0.0,0.0,0.82,0.0534,0.318,0.444
data/kaggle/grading/Gajar/Medium/Grade-2/23.jpg,Gajar,Medium,Grade-2,train,580.8541870117188,281.7175598144531,129585.5,0.0,0.34,0.19,0.0,0.0,0.53,1.42,0.0969,0.0,0.368
data/kaggle/grading/Gajar/Medium/Grade-1/68.jpg,Gajar,Medium,Grade-1,train,582.7477416992188,248.2632751464844,127008.0,0.0,0.0,0.0,0.0,1.47,1.47,2.61,0.0879,0.0,0.331
data/kaggle/grading/Gajar/Small/Grade-1/162.jpg,Gajar,Small,Grade-1,train,565.464111328125,281.69573974609375,134302.5,0.0,0.0,0.0,0.0,0.0,0.0,1.49,0.0434,0.001,0.394
data/kaggle/grading/Kupro/Large/Grade-2/268.jpg,Kupro,Large,Grade-2,train,548.9517822265625,368.5280151367187,147979.5,0.0,0.0,0.0,0.0,0.96,0.96,1.54,0.0408,0.005,0.403
data/kaggle/grading/Gajar/Medium/Grade-3/17.jpg,Gajar,Medium,Grade-3,train,502.0,240.0,103309.0,0.51,0.21,0.0,0.0,0.0,0.72,1.74,0.0554,0.0,0.392
data/kaggle/grading/Kupro/Large/Grade-2/38.jpg,Kupro,Large,Grade-2,train,507.1313171386719,328.562255859375,133800.0,0.0,0.0,0.0,0.0,0.0,0.0,4.15,0.0637,0.0,0.361
data/kaggle/grading/Gajar/Medium/Grade-1/79.jpg,Gajar,Medium,Grade-1,train,578.957275390625,258.50714111328125,124333.0,0.0,0.0,0.0,0.0,0.0,0.0,0.67,0.0497,0.432,0.461
data/kaggle/grading/Gajar/Medium/Grade-1/17.jpg,Gajar,Medium,Grade-1,train,575.5774536132812,269.15972900390625,127868.5,0.0,0.0,0.05,0.0,1.17,1.22,0.84,0.0927,0.0,0.356
data/kaggle/grading/Gajar/Medium/Grade-1/58.jpg,Gajar,Medium,Grade-1,train,542.940185546875,261.12750244140625,116965.0,0.0,0.0,0.0,0.0,0.82,0.82,0.27,0.0561,0.225,0.393
data/kaggle/grading/Kupro/Large/Grade-1/41.jpg,Kupro,Large,Grade-1,train,473.6191711425781,358.3736877441406,139974.5,0.0,0.0,0.0,0.0,3.08,3.08,0.7,0.0478,0.036,0.399
data/kaggle/grading/Kupro/Large/Grade-1/290.jpg,Kupro,Large,Grade-1,train,504.0,339.0,135645.0,0.0,0.0,0.0,0.0,0.0,0.0,0.94,0.0371,0.666,0.393
data/kaggle/grading/Gajar/Small/Grade-3/191.jpg,Gajar,Small,Grade-3,train,566.1096801757812,277.610107421875,126232.5,0.0,0.84,0.32,0.0,0.0,1.16,1.75,0.0522,0.019,0.415
data/kaggle/grading/Gajar/Small/Grade-2/51.jpg,Gajar,Small,Grade-2,train,583.4811401367188,247.3612518310547,114342.0,0.0,0.0,0.0,0.0,0.49,0.49,1.0,0.0689,0.004,0.357
data/kaggle/grading/Kupro/Large/Grade-2/181.jpg,Kupro,Large,Grade-2,train,535.9656372070312,362.2010498046875,148244.0,0.0,0.0,0.0,0.0,0.0,0.0,1.04,0.0581,0.354,0.375
data/kaggle/grading/Gajar/Small/Grade-1/63.jpg,Gajar,Small,Grade-1,train,595.90771484375,279.62420654296875,139399.0,0.0,0.0,0.0,0.0,0.0,0.0,0.48,0.0449,0.346,0.478
data/kaggle/grading/Kupro/Large/Grade-1/324.jpg,Kupro,Large,Grade-1,train,468.306884765625,356.0851745605469,129427.0,0.0,0.0,0.0,0.0,0.0,0.0,0.39,0.0436,1.271,0.414
data/kaggle/grading/Kupro/Large/Grade-1/61.jpg,Kupro,Large,Grade-1,train,505.6876831054687,386.8215942382813,150822.5,0.0,0.0,0.0,0.0,0.0,0.0,0.06,0.058,2.145,0.404
data/kaggle/grading/Gajar/Large/Grade-1/50.jpg,Gajar,Large,Grade-1,train,605.2396850585938,300.9051818847656,149862.5,0.0,0.0,0.0,0.0,0.0,0.0,1.02,0.0857,0.038,0.432
data/kaggle/grading/Gajar/Small/Grade-1/153.jpg,Gajar,Small,Grade-1,train,535.1280517578125,234.7059631347656,105502.5,0.0,0.0,0.0,0.0,0.72,0.72,1.85,0.11,0.002,0.365
data/kaggle/grading/Kupro/Large/Grade-2/4.jpg,Kupro,Large,Grade-2,train,480.4754333496094,359.784912109375,136123.0,0.0,0.0,0.0,0.0,0.0,0.0,0.66,0.06,0.883,0.412
data/kaggle/grading/Gajar/Large/Grade-3/26.jpg,Gajar,Large,Grade-3,train,585.8944702148438,309.7752685546875,148146.0,0.0,0.79,0.1,0.0,0.0,0.89,1.79,0.0711,0.004,0.413
data/kaggle/grading/Kupro/Large/Grade-2/239.jpg,Kupro,Large,Grade-2,train,456.31109619140625,350.814208984375,126995.5,0.0,0.0,0.0,0.0,1.37,1.37,0.64,0.042,0.004,0.395
data/kaggle/grading/Kupro/Large/Grade-3/55.jpg,Kupro,Large,Grade-3,train,457.9903869628906,358.9114074707031,129877.5,0.0,0.0,0.0,0.0,0.0,0.0,1.28,0.0844,0.524,0.392
data/kaggle/grading/Gajar/Large/Grade-2/17.jpg,Gajar,Large,Grade-2,train,651.8695068359375,288.12457275390625,159480.5,0.0,0.0,0.0,0.0,0.0,0.0,1.12,0.1011,0.007,0.349
data/kaggle/grading/Gajar/Large/Grade-2/111.jpg,Gajar,Large,Grade-2,train,611.33056640625,283.9335632324219,146182.0,0.0,0.0,0.0,0.0,0.0,0.0,2.34,0.0936,0.0,0.399
data/kaggle/grading/Gajar/Small/Grade-2/106.jpg,Gajar,Small,Grade-2,train,538.1555786132812,294.1948547363281,125577.5,0.0,0.69,0.37,0.0,0.89,1.95,1.54,0.0821,0.0,0.397
data/kaggle/grading/Gajar/Large/Grade-1/143.jpg,Gajar,Large,Grade-1,train,649.8470458984375,298.1025390625,160587.0,0.0,0.0,0.0,0.0,0.0,0.0,0.46,0.0767,0.021,0.42
data/kaggle/grading/Gajar/Small/Grade-2/80.jpg,Gajar,Small,Grade-2,train,519.712158203125,252.33087158203125,105585.5,0.0,0.0,0.07,0.0,0.0,0.07,0.53,0.0396,0.088,0.467
data/kaggle/grading/Kupro/Large/Grade-1/126.jpg,Kupro,Large,Grade-1,train,511.1135864257813,350.8478698730469,139542.0,0.0,0.0,0.0,0.0,0.73,0.73,1.71,0.0674,0.026,0.335
data/kaggle/grading/Kupro/Large/Grade-1/141.jpg,Kupro,Large,Grade-1,train,457.99993896484375,328.99993896484375,121764.0,0.0,0.0,0.0,0.0,4.67,4.67,1.39,0.0674,0.0,0.309
data/kaggle/grading/Gajar/Small/Grade-3/180.jpg,Gajar,Small,Grade-3,train,522.94482421875,260.1268310546875,116474.5,0.62,0.21,0.0,0.0,0.0,0.83,1.14,0.0217,0.158,0.396
data/kaggle/grading/Kupro/Large/Grade-2/243.jpg,Kupro,Large,Grade-2,train,526.4850463867188,335.62890625,140361.0,0.0,0.0,0.0,0.0,0.97,0.97,2.01,0.1027,0.0,0.284
data/kaggle/grading/Kupro/Large/Grade-2/288.jpg,Kupro,Large,Grade-2,train,492.0,323.0,124749.0,0.0,0.0,0.0,0.0,1.02,1.02,0.98,0.034,0.21,0.352
data/kaggle/grading/Kupro/Large/Grade-1/22.jpg,Kupro,Large,Grade-1,train,505.68060302734375,347.903564453125,137808.5,0.0,0.0,0.0,0.0,4.28,4.28,0.82,0.0608,0.071,0.364
data/kaggle/grading/Gajar/Small/Grade-2/37.jpg,Gajar,Small,Grade-2,train,549.5866088867188,283.9007263183594,127767.5,0.0,0.0,0.09,0.0,0.0,0.09,0.62,0.0673,0.011,0.414
data/kaggle/grading/Gajar/Large/Grade-1/159.jpg,Gajar,Large,Grade-1,train,619.1807861328125,266.1309509277344,135984.5,0.0,0.0,0.0,0.0,0.0,0.0,0.57,0.0687,0.208,0.446
data/kaggle/grading/Gajar/Large/Grade-3/51.jpg,Gajar,Large,Grade-3,train,643.7799072265625,304.29901123046875,161819.0,0.0,0.4,0.3,0.0,0.0,0.7,0.89,0.0538,0.051,0.445
data/kaggle/grading/Kupro/Large/Grade-2/130.jpg,Kupro,Large,Grade-2,train,518.3027954101562,340.14691162109375,139309.5,0.0,0.0,0.0,0.0,0.0,0.0,1.13,0.0452,0.589,0.474
data/kaggle/grading/Gajar/Small/Grade-3/34.jpg,Gajar,Small,Grade-3,train,536.4866333007812,276.560302734375,125610.0,0.0,0.33,0.0,0.0,0.0,0.33,0.69,0.0325,0.002,0.4
data/kaggle/grading/Kupro/Large/Grade-1/250.jpg,Kupro,Large,Grade-1,train,502.45074462890625,369.9585266113281,147885.0,0.0,0.0,0.0,0.0,0.0,0.0,1.29,0.0608,0.363,0.387
data/kaggle/grading/Gajar/Large/Grade-3/40.jpg,Gajar,Large,Grade-3,train,620.3890991210938,286.7670593261719,147845.0,0.0,0.0,0.09,0.0,0.0,0.09,1.69,0.0712,0.0,0.389
data/kaggle/grading/Kupro/Large/Grade-2/212.jpg,Kupro,Large,Grade-2,train,453.5520629882813,370.1164855957031,132612.5,0.0,0.0,0.0,0.0,0.0,0.0,0.2,0.0332,1.779,0.435
data/kaggle/grading/Gajar/Medium/Grade-3/75.jpg,Gajar,Medium,Grade-3,train,594.5288696289062,284.7933349609375,134108.5,1.02,1.17,0.34,0.0,0.0,2.53,1.07,0.0607,0.002,0.383
data/kaggle/grading/Gajar/Small/Grade-2/60.jpg,Gajar,Small,Grade-2,train,520.0947265625,234.2950134277344,101600.5,0.0,0.0,0.0,0.0,0.0,0.0,1.73,0.0973,0.0,0.392
data/kaggle/grading/Gajar/Large/Grade-1/111.jpg,Gajar,Large,Grade-1,train,633.3678588867188,299.188720703125,153529.0,0.0,0.0,0.0,0.0,0.0,0.0,1.27,0.074,0.0,0.382
data/kaggle/grading/Gajar/Small/Grade-3/124.jpg,Gajar,Small,Grade-3,train,579.0186767578125,282.2090148925781,131039.0,0.0,0.0,0.06,0.0,0.0,0.06,1.71,0.0422,0.012,0.401
data/kaggle/grading/Gajar/Small/Grade-1/38.jpg,Gajar,Small,Grade-1,train,577.884033203125,252.4627990722656,120667.0,0.0,0.24,0.0,0.0,0.0,0.24,1.63,0.088,0.0,0.403
data/kaggle/grading/Kupro/Large/Grade-1/19.jpg,Kupro,Large,Grade-1,train,504.8929138183594,361.2215270996094,143921.5,0.0,0.0,0.0,0.0,0.0,0.0,0.39,0.0497,1.726,0.388
data/kaggle/grading/Gajar/Medium/Grade-1/46.jpg,Gajar,Medium,Grade-1,train,591.0,300.0,146435.0,0.0,0.0,0.0,0.0,0.0,0.0,0.68,0.0748,0.474,0.422
data/kaggle/grading/Kupro/Large/Grade-2/26.jpg,Kupro,Large,Grade-2,train,498.4577331542969,365.7877502441406,145855.5,0.0,0.0,0.0,0.0,0.0,0.0,1.34,0.0537,0.259,0.418
data/kaggle/grading/Kupro/Large/Grade-2/326.jpg,Kupro,Large,Grade-2,train,508.0,338.0,135183.5,0.0,0.0,0.0,0.0,2.05,2.05,1.62,0.0735,0.0,0.339
data/kaggle/grading/Gajar/Large/Grade-2/95.jpg,Gajar,Large,Grade-2,train,615.9155883789062,263.442626953125,138880.5,0.0,0.0,0.0,0.0,0.0,0.0,0.96,0.0878,0.0,0.418
data/kaggle/grading/Gajar/Small/Grade-1/129.jpg,Gajar,Small,Grade-1,train,554.49560546875,259.6200866699219,120553.5,0.0,0.0,0.0,0.0,0.0,0.0,0.26,0.1,0.576,0.434
data/kaggle/grading/Kupro/Large/Grade-3/101.jpg,Kupro,Large,Grade-3,train,464.89013671875,333.80059814453125,125288.0,0.0,0.0,0.0,0.0,0.0,0.0,0.69,0.0298,0.35,0.458
data/kaggle/grading/Gajar/Large/Grade-2/66.jpg,Gajar,Large,Grade-2,train,630.3106079101562,257.1146240234375,133363.5,0.0,0.0,0.0,0.0,0.0,0.0,0.49,0.0662,0.238,0.443
data/kaggle/grading/Gajar/Large/Grade-2/112.jpg,Gajar,Large,Grade-2,train,622.0,297.0,148394.5,0.0,0.0,0.0,0.0,0.0,0.0,1.1,0.0742,0.006,0.391
data/kaggle/grading/Kupro/Large/Grade-2/151.jpg,Kupro,Large,Grade-2,train,514.1138305664062,345.536376953125,139520.5,0.0,0.0,0.0,0.0,3.1,3.1,0.91,0.078,0.006,0.357
data/kaggle/grading/Gajar/Medium/Grade-1/115.jpg,Gajar,Medium,Grade-1,train,590.7236328125,249.4403076171875,125878.5,0.0,0.0,0.0,0.0,0.0,0.0,1.12,0.0938,0.124,0.417
data/kaggle/grading/Gajar/Large/Grade-2/80.jpg,Gajar,Large,Grade-2,train,620.1400146484375,291.9573974609375,144600.0,0.0,0.0,0.05,0.0,0.0,0.05,1.65,0.0872,0.416,0.417
data/kaggle/grading/Gajar/Large/Grade-3/52.jpg,Gajar,Large,Grade-3,train,631.6058349609375,285.5410461425781,148229.5,0.0,0.0,0.09,0.0,0.0,0.09,0.41,0.0573,0.307,0.467
data/kaggle/grading/Gajar/Small/Grade-3/5.jpg,Gajar,Small,Grade-3,train,559.173828125,277.1006164550781,125794.5,0.0,0.0,0.06,0.0,0.0,0.06,1.85,0.0579,0.0,0.384
data/kaggle/grading/Kupro/Large/Grade-1/260.jpg,Kupro,Large,Grade-1,train,502.0660400390625,365.6506652832031,147907.0,0.0,0.0,0.0,0.0,0.0,0.0,0.06,0.0276,1.954,0.433
data/kaggle/grading/Kupro/Large/Grade-3/48.jpg,Kupro,Large,Grade-3,train,481.0,354.0,133454.5,0.0,0.0,0.0,0.0,0.0,0.0,2.64,0.078,0.0,0.4
data/kaggle/grading/Gajar/Medium/Grade-1/169.jpg,Gajar,Medium,Grade-1,train,613.994384765625,262.10888671875,133953.5,0.0,0.0,0.0,0.0,0.0,0.0,0.51,0.0814,0.0,0.336
data/kaggle/grading/Gajar/Medium/Grade-1/92.jpg,Gajar,Medium,Grade-1,train,527.9793090820312,241.9576110839844,105985.0,0.0,0.0,0.0,0.0,0.0,0.0,1.8,0.0561,0.0,0.369
data/kaggle/grading/Gajar/Small/Grade-1/58.jpg,Gajar,Small,Grade-1,train,579.4926147460938,284.61444091796875,122763.5,0.0,0.0,0.0,0.0,0.0,0.0,1.31,0.0931,0.0,0.343
data/kaggle/grading/Gajar/Medium/Grade-1/119.jpg,Gajar,Medium,Grade-1,train,625.5833740234375,229.74073791503903,118861.0,0.0,0.0,0.0,0.0,0.0,0.0,1.12,0.1112,0.007,0.39
data/kaggle/grading/Gajar/Large/Grade-3/59.jpg,Gajar,Large,Grade-3,train,569.7398071289062,293.4551696777344,141435.5,0.0,0.0,0.17,0.0,0.0,0.17,1.02,0.0776,0.002,0.415
data/kaggle/grading/Gajar/Medium/Grade-2/13.jpg,Gajar,Medium,Grade-2,train,531.0828857421875,262.3577575683594,116795.5,0.0,0.0,0.0,0.0,0.0,0.0,0.39,0.0772,0.719,0.484
data/kaggle/grading/Kupro/Large/Grade-3/62.jpg,Kupro,Large,Grade-3,train,515.446044921875,349.69439697265625,139719.5,0.0,0.0,0.0,0.0,0.0,0.0,1.65,0.0568,0.539,0.438
data/kaggle/grading/Gajar/Small/Grade-1/130.jpg,Gajar,Small,Grade-1,train,554.897216796875,249.2570343017578,113662.5,0.0,0.0,0.0,0.0,0.0,0.0,0.93,0.0742,0.0,0.328
data/kaggle/grading/Kupro/Large/Grade-2/368.jpg,Kupro,Large,Grade-2,train,499.733154296875,340.4778137207031,128450.0,0.0,0.0,0.0,0.0,1.2,1.2,2.05,0.0938,0.0,0.328
data/kaggle/grading/Gajar/Medium/Grade-3/43.jpg,Gajar,Medium,Grade-3,train,644.5117797851562,275.17523193359375,151309.0,1.29,0.71,0.05,0.0,0.0,2.05,1.26,0.0399,0.004,0.395
data/kaggle/grading/Kupro/Large/Grade-2/279.jpg,Kupro,Large,Grade-2,train,505.0,352.0,143128.5,0.0,0.0,0.0,0.0,0.0,0.0,1.9,0.0256,0.385,0.414
data/kaggle/grading/Gajar/Medium/Grade-1/135.jpg,Gajar,Medium,Grade-1,train,573.139892578125,254.64547729492188,121296.0,0.0,0.0,0.05,0.0,0.0,0.05,1.63,0.0851,0.07,0.367
data/kaggle/grading/Kupro/Large/Grade-2/240.jpg,Kupro,Large,Grade-2,train,514.0,363.0,146651.0,0.0,0.0,0.0,0.0,0.0,0.0,0.68,0.0438,1.757,0.382
data/kaggle/grading/Gajar/Large/Grade-2/34.jpg,Gajar,Large,Grade-2,train,612.4480590820312,280.58807373046875,134385.5,0.0,0.0,0.1,0.0,0.0,0.1,0.55,0.1055,0.0,0.386
data/kaggle/grading/Gajar/Medium/Grade-3/54.jpg,Gajar,Medium,Grade-3,train,574.8047485351562,239.2956695556641,116155.0,0.0,0.0,0.13,0.0,0.0,0.13,0.73,0.0468,0.0,0.304
data/kaggle/grading/Gajar/Small/Grade-1/95.jpg,Gajar,Small,Grade-1,train,526.8783569335938,264.15301513671875,115180.5,0.0,0.0,0.0,0.0,0.0,0.0,0.66,0.0553,0.251,0.423
data/kaggle/grading/Kupro/Large/Grade-2/322.jpg,Kupro,Large,Grade-2,train,500.593505859375,351.9191589355469,139072.5,0.0,0.0,0.0,0.0,0.0,0.0,0.53,0.0483,0.734,0.43
data/kaggle/grading/Kupro/Large/Grade-1/13.jpg,Kupro,Large,Grade-1,train,535.5691528320312,361.9155578613281,151190.0,0.0,0.0,0.0,0.0,0.0,0.0,0.63,0.0315,0.822,0.42
data/kaggle/grading/Gajar/Small/Grade-1/152.jpg,Gajar,Small,Grade-1,train,532.0606689453125,251.25889587402344,111685.0,0.0,0.0,0.0,0.0,0.0,0.0,0.64,0.0581,0.001,0.374
data/kaggle/grading/Kupro/Large/Grade-2/219.jpg,Kupro,Large,Grade-2,train,474.8430786132813,314.1783447265625,118038.5,0.0,0.0,0.19,0.0,2.42,2.61,3.57,0.0892,0.0,0.37
data/kaggle/grading/Kupro/Large/Grade-1/53.jpg,Kupro,Large,Grade-1,train,496.4776916503906,367.4326477050781,145159.0,0.0,0.0,0.0,0.0,2.24,2.24,0.81,0.0359,0.021,0.339
data/kaggle/grading/Kupro/Large/Grade-1/272.jpg,Kupro,Large,Grade-1,train,489.5429992675781,325.331298828125,129396.0,0.0,0.0,0.0,0.0,0.55,0.55,1.56,0.0586,0.492,0.403
data/kaggle/grading/Gajar/Small/Grade-3/78.jpg,Gajar,Small,Grade-3,train,550.9910888671875,263.89337158203125,117183.5,0.0,0.17,0.0,0.0,0.0,0.17,0.41,0.0436,0.664,0.44
data/kaggle/grading/Gajar/Large/Grade-1/173.jpg,Gajar,Large,Grade-1,train,633.9284057617188,286.9224548339844,148815.0,0.0,0.0,0.0,0.0,0.0,0.0,0.75,0.0913,0.035,0.403
data/kaggle/grading/Kupro/Large/Grade-1/45.jpg,Kupro,Large,Grade-1,train,519.8088989257812,343.9322509765625,139777.0,0.0,0.0,0.0,0.0,0.0,0.0,1.76,0.0537,0.365,0.362
data/kaggle/grading/Kupro/Large/Grade-1/105.jpg,Kupro,Large,Grade-1,train,494.40777587890625,336.0941162109375,129655.5,0.0,0.0,0.0,0.0,6.23,6.23,0.59,0.0795,0.028,0.35
data/kaggle/grading/Gajar/Large/Grade-2/83.jpg,Gajar,Large,Grade-2,train,650.25537109375,274.6402587890625,152124.5,0.0,0.0,0.0,0.0,0.0,0.0,0.15,0.1034,0.0,0.402
data/kaggle/grading/Gajar/Medium/Grade-1/10.jpg,Gajar,Medium,Grade-1,train,536.1954345703125,273.227294921875,118486.5,0.0,0.0,0.0,0.0,0.0,0.0,0.42,0.0501,0.215,0.461
data/kaggle/grading/Kupro/Large/Grade-2/362.jpg,Kupro,Large,Grade-2,train,455.4376525878906,348.106201171875,122919.0,0.0,0.0,0.0,0.0,0.0,0.0,1.11,0.042,0.443,0.431
data/kaggle/grading/Gajar/Medium/Grade-1/32.jpg,Gajar,Medium,Grade-1,train,557.1445922851562,248.26116943359375,115760.5,0.0,0.0,0.0,0.0,0.57,0.57,1.29,0.0778,0.0,0.37
data/kaggle/grading/Kupro/Large/Grade-2/162.jpg,Kupro,Large,Grade-2,train,493.7655334472656,362.8054809570313,139949.0,0.0,0.0,0.0,0.0,2.08,2.08,1.95,0.0603,0.0,0.372
data/kaggle/grading/Gajar/Large/Grade-1/122.jpg,Gajar,Large,Grade-1,train,625.1455688476562,304.324462890625,154640.5,0.0,0.0,0.0,0.0,0.0,0.0,0.28,0.0942,0.471,0.442
data/kaggle/grading/Gajar/Small/Grade-3/133.jpg,Gajar,Small,Grade-3,train,522.999267578125,237.0280609130859,104345.0,0.0,0.0,0.0,0.0,0.0,0.0,0.73,0.0364,0.0,0.376
data/kaggle/grading/Kupro/Large/Grade-1/138.jpg,Kupro,Large,Grade-1,train,472.8007507324219,348.65948486328125,132296.0,0.0,0.0,0.0,0.0,1.01,1.01,1.72,0.0561,0.103,0.388
data/kaggle/grading/Gajar/Medium/Grade-3/31.jpg,Gajar,Medium,Grade-3,train,593.4061889648438,272.6004638671875,132261.0,0.0,0.0,0.13,0.0,0.0,0.13,0.6,0.0725,0.0,0.373
data/kaggle/grading/Kupro/Large/Grade-1/216.jpg,Kupro,Large,Grade-1,train,468.2522583007813,343.189697265625,124757.5,0.0,0.0,0.0,0.0,1.38,1.38,0.67,0.0449,0.001,0.375
data/kaggle/grading/Kupro/Large/Grade-1/28.jpg,Kupro,Large,Grade-1,train,516.8792114257812,329.5086669921875,135282.0,0.0,0.0,0.0,0.0,1.2,1.2,0.88,0.0244,0.001,0.344
data/kaggle/grading/Kupro/Large/Grade-3/13.jpg,Kupro,Large,Grade-3,train,555.7296752929688,354.0807800292969,155056.5,0.37,0.0,0.04,0.0,0.54,0.95,1.85,0.0924,0.136,0.36
data/kaggle/grading/Gajar/Small/Grade-3/82.jpg,Gajar,Small,Grade-3,train,568.0123901367188,274.77203369140625,130043.5,0.0,0.0,0.0,0.0,0.0,0.0,0.94,0.0358,0.0,0.411
data/kaggle/grading/Gajar/Large/Grade-2/104.jpg,Gajar,Large,Grade-2,train,637.7699584960938,296.725341796875,152078.0,0.0,0.0,0.0,0.0,0.0,0.0,0.67,0.0941,0.193,0.454
data/kaggle/grading/Kupro/Large/Grade-3/30.jpg,Kupro,Large,Grade-3,train,517.3294677734375,376.9289855957031,153442.0,0.0,0.0,0.0,0.0,0.0,0.0,1.55,0.0809,0.827,0.381
data/kaggle/grading/Gajar/Small/Grade-1/18.jpg,Gajar,Small,Grade-1,train,579.0,282.0,135599.5,0.0,0.0,0.0,0.0,0.0,0.0,1.57,0.0906,0.042,0.428
data/kaggle/grading/Kupro/Large/Grade-2/66.jpg,Kupro,Large,Grade-2,train,473.0,345.0,128711.5,0.0,0.0,0.0,0.0,7.39,7.39,1.04,0.0676,0.005,0.369
data/kaggle/grading/Kupro/Large/Grade-3/114.jpg,Kupro,Large,Grade-3,train,491.0236206054687,343.5266418457031,134652.0,0.0,0.0,0.0,0.0,0.0,0.0,2.0,0.0534,0.0,0.346
data/kaggle/grading/Gajar/Medium/Grade-1/158.jpg,Gajar,Medium,Grade-1,train,570.1212768554688,271.07330322265625,126536.0,0.0,0.0,0.0,0.0,0.0,0.0,0.48,0.0532,0.081,0.397
data/kaggle/grading/Kupro/Large/Grade-2/64.jpg,Kupro,Large,Grade-2,train,488.7110595703125,335.140869140625,130983.0,0.0,0.0,0.0,0.0,0.0,0.0,0.37,0.0553,1.334,0.408
data/kaggle/grading/Gajar/Small/Grade-3/135.jpg,Gajar,Small,Grade-3,train,530.3403930664062,246.82400512695312,110541.5,0.0,0.0,0.06,0.0,0.0,0.06,0.28,0.0505,0.0,0.366
data/kaggle/grading/Kupro/Large/Grade-2/159.jpg,Kupro,Large,Grade-2,train,489.2867126464844,352.5120544433594,137764.0,0.0,0.0,0.0,0.0,0.0,0.0,0.58,0.0386,1.204,0.448
data/kaggle/grading/Gajar/Large/Grade-3/6.jpg,Gajar,Large,Grade-3,train,614.9998779296875,266.99993896484375,139582.0,0.0,0.0,0.41,0.0,0.0,0.41,0.93,0.0777,0.001,0.418
data/kaggle/grading/Kupro/Large/Grade-1/27.jpg,Kupro,Large,Grade-1,train,479.7174987792969,332.98779296875,126485.5,0.0,0.0,0.0,0.0,2.71,2.71,0.83,0.0464,0.108,0.333
data/kaggle/grading/Gajar/Small/Grade-3/7.jpg,Gajar,Small,Grade-3,train,574.7045288085938,267.1171875,124515.0,0.0,0.0,0.05,0.0,0.0,0.05,0.81,0.0659,0.0,0.378
data/kaggle/grading/Gajar/Small/Grade-2/1.jpg,Gajar,Small,Grade-2,train,559.3092651367188,283.8537902832031,133841.0,0.0,0.0,0.0,0.0,0.89,0.89,1.7,0.0793,0.0,0.354
data/kaggle/grading/Gajar/Medium/Grade-1/157.jpg,Gajar,Medium,Grade-1,train,571.9107055664062,265.43963623046875,127987.5,0.0,0.0,0.09,0.0,0.0,0.09,2.2,0.0761,0.006,0.328
data/kaggle/grading/Gajar/Small/Grade-2/82.jpg,Gajar,Small,Grade-2,train,581.2769165039062,270.353271484375,127840.0,0.0,0.0,0.0,0.0,0.0,0.0,1.52,0.087,0.0,0.346
data/kaggle/grading/Gajar/Small/Grade-1/138.jpg,Gajar,Small,Grade-1,train,559.5326538085938,259.60125732421875,121290.5,0.0,0.0,0.0,0.0,0.0,0.0,0.6,0.0511,0.001,0.334
data/kaggle/grading/Gajar/Small/Grade-3/3.jpg,Gajar,Small,Grade-3,train,612.4996337890625,277.6848449707031,121987.0,0.0,0.16,0.17,0.0,0.0,0.33,1.03,0.0603,0.036,0.458
data/kaggle/grading/Gajar/Medium/Grade-1/162.jpg,Gajar,Medium,Grade-1,train,531.5048828125,289.40594482421875,122916.0,0.0,0.0,0.0,0.0,0.0,0.0,0.54,0.0552,0.012,0.431
data/kaggle/grading/Kupro/Large/Grade-1/25.jpg,Kupro,Large,Grade-1,train,487.8023376464844,334.97698974609375,129730.5,0.0,0.0,0.0,0.0,0.0,0.0,0.61,0.0466,0.563,0.361
data/kaggle/grading/Gajar/Large/Grade-2/39.jpg,Gajar,Large,Grade-2,train,657.2946166992188,288.06097412109375,156561.5,0.0,0.0,0.06,0.0,0.55,0.61,0.78,0.0599,0.002,0.369
data/kaggle/grading/Gajar/Medium/Grade-1/174.jpg,Gajar,Medium,Grade-1,train,587.3106079101562,237.05319213867188,116728.5,0.0,0.0,0.0,0.0,0.0,0.0,1.14,0.0879,0.0,0.356
data/kaggle/grading/Gajar/Large/Grade-1/106.jpg,Gajar,Large,Grade-1,train,571.849365234375,279.6590881347656,132634.0,0.0,0.0,0.0,0.0,0.0,0.0,0.31,0.0616,0.671,0.488
data/kaggle/grading/Kupro/Large/Grade-1/17.jpg,Kupro,Large,Grade-1,train,515.1826171875,328.23785400390625,134216.0,0.0,0.0,0.0,0.0,2.02,2.02,1.61,0.0715,0.003,0.366
data/kaggle/grading/Gajar/Medium/Grade-1/96.jpg,Gajar,Medium,Grade-1,train,560.750732421875,281.2680969238281,126078.5,0.0,0.0,0.0,0.0,0.0,0.0,0.47,0.048,0.0,0.362
data/kaggle/grading/Kupro/Large/Grade-3/87.jpg,Kupro,Large,Grade-3,train,538.5730590820312,336.51678466796875,146464.5,0.0,0.0,0.0,0.0,0.0,0.0,3.71,0.0507,0.0,0.31
data/kaggle/grading/Kupro/Large/Grade-1/78.jpg,Kupro,Large,Grade-1,train,531.5391845703125,343.71173095703125,143945.5,0.0,0.0,0.0,0.0,3.31,3.31,1.18,0.0446,0.01,0.353
data/kaggle/grading/Gajar/Medium/Grade-2/21.jpg,Gajar,Medium,Grade-2,train,590.154541015625,278.17529296875,135549.5,0.0,0.0,0.0,0.0,0.0,0.0,2.23,0.1,0.0,0.353
data/kaggle/grading/Gajar/Small/Grade-1/78.jpg,Gajar,Small,Grade-1,train,598.08349609375,294.93182373046875,132216.5,0.0,0.0,0.0,0.0,0.0,0.0,0.5,0.059,0.0,0.343
data/kaggle/grading/Gajar/Medium/Grade-3/23.jpg,Gajar,Medium,Grade-3,train,548.0,262.0,119144.5,0.0,0.68,0.26,0.0,0.0,0.94,1.55,0.032,0.0,0.4
data/kaggle/grading/Gajar/Large/Grade-3/111.jpg,Gajar,Large,Grade-3,train,618.0,340.0,173366.5,0.0,0.0,0.06,0.0,0.0,0.06,0.41,0.0562,0.006,0.443
data/kaggle/grading/Kupro/Large/Grade-1/213.jpg,Kupro,Large,Grade-1,train,489.3857727050781,373.2276306152344,143413.5,0.0,0.0,0.0,0.0,3.64,3.64,0.54,0.0334,0.492,0.391
data/kaggle/grading/Gajar/Medium/Grade-2/30.jpg,Gajar,Medium,Grade-2,train,597.296142578125,266.0787048339844,133543.5,0.0,0.0,0.0,0.0,0.0,0.0,1.55,0.0432,0.003,0.371
data/kaggle/grading/Gajar/Small/Grade-2/107.jpg,Gajar,Small,Grade-2,train,538.1555786132812,294.1948547363281,125577.5,0.0,0.69,0.37,0.0,0.89,1.95,1.54,0.0821,0.0,0.397
data/kaggle/grading/Gajar/Large/Grade-3/92.jpg,Gajar,Large,Grade-3,train,633.5184936523438,280.90289306640625,148639.0,0.0,0.0,0.07,0.0,0.0,0.07,0.82,0.0713,0.131,0.409
data/kaggle/grading/Gajar/Large/Grade-1/28.jpg,Gajar,Large,Grade-1,train,607.009765625,291.61004638671875,145227.0,0.0,0.0,0.0,0.0,0.0,0.0,1.62,0.0938,0.014,0.387
data/kaggle/grading/Gajar/Small/Grade-3/156.jpg,Gajar,Small,Grade-3,train,575.1172485351562,254.42149353027344,118699.5,0.0,0.0,0.06,0.0,0.0,0.06,1.48,0.0343,0.338,0.433
data/kaggle/grading/Gajar/Large/Grade-2/48.jpg,Gajar,Large,Grade-2,train,641.9629516601562,276.4345397949219,150389.5,0.0,0.0,0.0,0.0,0.0,0.0,0.85,0.1088,0.001,0.367
data/kaggle/grading/Gajar/Large/Grade-2/2.jpg,Gajar,Large,Grade-2,train,648.251708984375,303.7554626464844,167752.5,0.0,0.0,0.0,0.0,0.0,0.0,1.64,0.0895,0.12,0.453
data/kaggle/grading/Gajar/Small/Grade-2/120.jpg,Gajar,Small,Grade-2,train,537.0,256.0,113323.0,0.0,0.0,0.0,0.0,0.0,0.0,1.49,0.0856,0.137,0.415
data/kaggle/grading/Gajar/Large/Grade-1/52.jpg,Gajar,Large,Grade-1,train,587.0,266.0,126833.0,0.0,0.0,0.0,0.0,0.0,0.0,1.24,0.0756,0.006,0.378
data/kaggle/grading/Gajar/Large/Grade-1/44.jpg,Gajar,Large,Grade-1,train,607.1378173828125,274.7400817871094,142874.5,0.0,0.0,0.0,0.0,0.0,0.0,1.26,0.0821,0.286,0.443
data/kaggle/grading/Gajar/Medium/Grade-1/8.jpg,Gajar,Medium,Grade-1,train,582.0726928710938,275.5431823730469,133578.0,0.0,0.0,0.0,0.0,0.0,0.0,1.27,0.0684,0.0,0.37
data/kaggle/grading/Kupro/Large/Grade-1/15.jpg,Kupro,Large,Grade-1,train,513.3163452148438,351.3682556152344,141620.0,0.0,0.0,0.0,0.0,1.52,1.52,0.94,0.0451,0.0,0.383
data/kaggle/grading/Gajar/Medium/Grade-1/60.jpg,Gajar,Medium,Grade-1,train,598.52734375,246.1273651123047,117576.5,0.0,0.25,0.0,0.0,0.0,0.25,1.01,0.0867,0.0,0.353
data/kaggle/grading/Kupro/Large/Grade-2/180.jpg,Kupro,Large,Grade-2,train,533.3760986328125,358.5038146972656,151035.0,0.0,0.0,0.0,0.0,0.0,0.0,1.36,0.0763,0.001,0.324
data/kaggle/grading/Gajar/Small/Grade-1/186.jpg,Gajar,Small,Grade-1,train,533.896484375,276.12127685546875,123915.5,0.0,0.0,0.0,0.0,0.0,0.0,1.38,0.0549,0.0,0.407
data/kaggle/grading/Kupro/Large/Grade-3/102.jpg,Kupro,Large,Grade-3,train,500.1139221191406,352.115234375,138193.5,0.0,0.0,0.0,0.0,0.0,0.0,1.21,0.017,0.0,0.37
data/kaggle/grading/Gajar/Medium/Grade-3/80.jpg,Gajar,Medium,Grade-3,train,570.7247924804688,293.1309814453125,135054.5,0.0,0.85,0.3,0.0,0.0,1.15,0.85,0.0729,0.0,0.38
data/kaggle/grading/Kupro/Large/Grade-2/337.jpg,Kupro,Large,Grade-2,train,531.0975952148438,352.5322265625,140310.5,0.0,0.0,0.0,0.0,0.97,0.97,2.29,0.0601,0.011,0.405
data/kaggle/grading/Kupro/Large/Grade-2/71.jpg,Kupro,Large,Grade-2,train,497.1357727050781,352.1730651855469,137086.5,0.0,0.0,0.0,0.0,0.0,0.0,0.61,0.0508,0.057,0.421
data/kaggle/grading/Gajar/Large/Grade-1/94.jpg,Gajar,Large,Grade-1,train,609.1337890625,278.7220458984375,144827.5,0.0,0.0,0.0,0.0,0.0,0.0,0.77,0.0701,0.337,0.44
data/kaggle/grading/Kupro/Large/Grade-1/252.jpg,Kupro,Large,Grade-1,train,504.6934814453125,349.0255432128906,138469.0,0.0,0.0,0.0,0.0,2.73,2.73,0.34,0.0342,0.052,0.385
data/kaggle/grading/Gajar/Small/Grade-2/102.jpg,Gajar,Small,Grade-2,train,549.4093017578125,252.9578857421875,113748.5,0.0,0.0,0.0,0.0,0.0,0.0,1.34,0.0969,0.0,0.352
data/kaggle/grading/Gajar/Large/Grade-3/109.jpg,Gajar,Large,Grade-3,train,638.7304077148438,329.3733825683594,171030.5,0.0,0.0,0.0,0.0,0.0,0.0,0.57,0.1066,0.092,0.446
data/kaggle/grading/Gajar/Small/Grade-3/97.jpg,Gajar,Small,Grade-3,train,543.2272338867188,275.91156005859375,127717.5,0.0,0.0,0.0,0.0,0.0,0.0,0.65,0.0384,0.0,0.407
data/kaggle/grading/Kupro/Large/Grade-1/183.jpg,Kupro,Large,Grade-1,train,496.7293090820313,360.0633239746094,143747.5,0.0,0.0,0.0,0.0,0.0,0.0,1.75,0.0446,0.01,0.374
data/kaggle/grading/Gajar/Large/Grade-3/74.jpg,Gajar,Large,Grade-3,train,643.892333984375,288.3726501464844,150528.0,0.0,0.16,0.41,0.0,0.0,0.57,0.89,0.042,0.0,0.375
data/kaggle/grading/Kupro/Large/Grade-3/82.jpg,Kupro,Large,Grade-3,train,507.9043884277344,379.18597412109375,150510.5,0.0,0.0,0.0,0.0,0.0,0.0,1.95,0.0539,0.002,0.362
data/kaggle/grading/Gajar/Large/Grade-2/62.jpg,Gajar,Large,Grade-2,train,674.310546875,302.8506164550781,165462.0,0.0,0.0,0.0,0.0,0.0,0.0,0.5,0.0853,0.176,0.434
data/kaggle/grading/Gajar/Medium/Grade-3/40.jpg,Gajar,Medium,Grade-3,train,541.3909301757812,255.2008819580078,107433.0,0.54,0.72,0.15,0.0,0.0,1.41,1.54,0.05,0.024,0.423
data/kaggle/grading/Gajar/Large/Grade-2/58.jpg,Gajar,Large,Grade-2,train,622.8607177734375,321.3500061035156,164007.5,0.2,0.21,0.0,0.0,0.0,0.41,0.65,0.0501,0.145,0.441
data/kaggle/grading/Gajar/Medium/Grade-1/44.jpg,Gajar,Medium,Grade-1,train,587.4420166015625,265.4182434082031,124097.0,0.0,0.0,0.0,0.0,0.0,0.0,0.97,0.0853,0.785,0.446
data/kaggle/grading/Gajar/Small/Grade-2/115.jpg,Gajar,Small,Grade-2,train,563.2741088867188,257.9513854980469,120367.5,0.0,0.19,0.0,0.0,0.0,0.19,2.51,0.0566,0.0,0.326
data/kaggle/grading/Gajar/Medium/Grade-1/16.jpg,Gajar,Medium,Grade-1,train,545.8768920898438,268.5351867675781,120537.0,0.0,0.0,0.07,0.0,0.0,0.07,3.16,0.0702,0.003,0.322
data/kaggle/grading/Gajar/Small/Grade-3/17.jpg,Gajar,Small,Grade-3,train,540.9729614257812,264.80511474609375,119464.0,0.0,0.33,0.17,0.0,0.0,0.5,1.77,0.0555,0.036,0.404
data/kaggle/grading/Gajar/Large/Grade-3/11.jpg,Gajar,Large,Grade-3,train,606.0,284.0,139244.0,0.0,0.29,0.2,0.0,0.84,1.33,1.06,0.0612,0.024,0.401
data/kaggle/grading/Gajar/Medium/Grade-1/142.jpg,Gajar,Medium,Grade-1,train,558.7042846679688,256.4117431640625,119875.5,0.0,0.0,0.0,0.0,0.0,0.0,0.68,0.0432,0.192,0.434
data/kaggle/grading/Gajar/Large/Grade-1/51.jpg,Gajar,Large,Grade-1,train,576.9935302734375,257.57891845703125,120467.0,0.0,0.0,0.0,0.0,0.0,0.0,0.95,0.0536,0.001,0.389
data/kaggle/grading/Gajar/Medium/Grade-2/22.jpg,Gajar,Medium,Grade-2,train,595.0322265625,258.1126403808594,127220.5,0.0,0.0,0.0,0.0,0.0,0.0,1.19,0.1064,0.0,0.354
data/kaggle/grading/Gajar/Small/Grade-1/98.jpg,Gajar,Small,Grade-1,train,573.18701171875,260.5564270019531,123976.5,0.0,0.0,0.0,0.0,0.0,0.0,2.13,0.072,0.001,0.391
data/kaggle/grading/Kupro/Large/Grade-3/85.jpg,Kupro,Large,Grade-3,train,509.7688903808594,375.3854370117187,150216.5,0.0,0.0,0.0,0.0,1.3,1.3,2.63,0.0797,0.0,0.332
data/kaggle/grading/Kupro/Large/Grade-2/283.jpg,Kupro,Large,Grade-2,train,526.1784057617188,330.70220947265625,132179.0,0.0,0.0,0.0,0.0,3.91,3.91,1.1,0.0532,0.011,0.369
data/kaggle/grading/Kupro/Large/Grade-2/155.jpg,Kupro,Large,Grade-2,train,534.480224609375,350.1323547363281,148870.0,0.0,0.0,0.0,0.0,3.66,3.66,0.51,0.0661,0.004,0.329
data/kaggle/grading/Kupro/Large/Grade-1/168.jpg,Kupro,Large,Grade-1,train,518.652099609375,337.1788024902344,137146.5,0.0,0.0,0.0,0.0,0.0,0.0,0.45,0.0402,1.297,0.409
data/kaggle/grading/Gajar/Small/Grade-1/191.jpg,Gajar,Small,Grade-1,train,572.5374755859375,269.9465026855469,125088.0,0.0,0.22,0.0,0.0,0.0,0.22,1.52,0.0452,0.0,0.31
data/kaggle/grading/Gajar/Medium/Grade-1/81.jpg,Gajar,Medium,Grade-1,train,575.6979370117188,275.1109924316406,130058.5,0.0,0.18,0.05,0.0,0.0,0.23,0.52,0.0782,0.004,0.418
data/kaggle/grading/Gajar/Small/Grade-3/137.jpg,Gajar,Small,Grade-3,train,587.6448974609375,264.5689697265625,122414.5,0.59,0.0,0.22,0.0,0.0,0.81,0.98,0.0831,0.016,0.386
data/kaggle/grading/Kupro/Large/Grade-1/106.jpg,Kupro,Large,Grade-1,train,485.5256042480469,344.4376220703125,130138.0,0.0,0.0,0.04,0.0,3.76,3.8,1.27,0.0775,0.013,0.359
data/kaggle/grading/Kupro/Large/Grade-2/6.jpg,Kupro,Large,Grade-2,train,486.1358337402344,340.74383544921875,130283.5,0.0,0.0,0.0,0.0,0.0,0.0,0.18,0.0633,2.105,0.428
data/kaggle/grading/Kupro/Large/Grade-2/350.jpg,Kupro,Large,Grade-2,train,514.0,347.0,135510.0,0.0,0.0,0.0,0.0,0.0,0.0,0.88,0.0579,1.242,0.381
data/kaggle/grading/Gajar/Small/Grade-1/4.jpg,Gajar,Small,Grade-1,train,573.559814453125,239.7571563720703,117306.5,0.0,0.0,0.0,0.0,0.0,0.0,0.78,0.0715,0.0,0.412
data/kaggle/grading/Kupro/Large/Grade-1/184.jpg,Kupro,Large,Grade-1,train,437.9959716796875,341.6809387207031,122477.0,0.0,0.0,0.0,4.65,0.0,4.65,1.09,0.0368,0.0,0.347
data/kaggle/grading/Kupro/Large/Grade-1/266.jpg,Kupro,Large,Grade-1,train,510.3058776855469,364.56689453125,146655.0,0.0,0.0,0.0,0.0,0.0,0.0,1.75,0.0285,0.04,0.408
data/kaggle/grading/Gajar/Large/Grade-3/83.jpg,Gajar,Large,Grade-3,train,648.4509887695312,323.7666931152344,169266.5,0.0,0.0,0.33,0.0,0.0,0.33,0.28,0.0298,0.184,0.463
data/kaggle/grading/Kupro/Large/Grade-1/57.jpg,Kupro,Large,Grade-1,train,495.9578552246094,367.9049987792969,145089.5,0.0,0.0,0.0,0.0,0.46,0.46,2.1,0.0566,0.2,0.348
data/kaggle/grading/Gajar/Small/Grade-2/111.jpg,Gajar,Small,Grade-2,train,538.0,264.0,115318.0,0.0,0.0,0.18,0.0,0.0,0.18,1.3,0.0604,0.097,0.452
data/kaggle/grading/Gajar/Medium/Grade-1/95.jpg,Gajar,Medium,Grade-1,train,512.9864501953125,238.92247009277344,105264.5,0.0,0.0,0.0,0.0,0.0,0.0,1.19,0.0542,0.011,0.387
data/kaggle/grading/Gajar/Small/Grade-3/159.jpg,Gajar,Small,Grade-3,train,547.3435668945312,284.14306640625,126535.0,0.0,0.65,0.84,0.0,0.0,1.49,0.64,0.0197,0.0,0.426
data/kaggle/grading/Kupro/Large/Grade-1/265.jpg,Kupro,Large,Grade-1,train,504.2345886230469,356.3900451660156,145007.5,0.0,0.0,0.0,0.0,0.0,0.0,0.06,0.0422,1.767,0.423
data/kaggle/grading/Gajar/Small/Grade-3/109.jpg,Gajar,Small,Grade-3,train,537.6392211914062,247.27926635742188,115982.0,0.0,0.0,0.0,0.0,0.0,0.0,1.79,0.0781,0.154,0.441
data/kaggle/grading/Gajar/Small/Grade-1/94.jpg,Gajar,Small,Grade-1,train,527.5687255859375,261.49578857421875,114449.5,0.0,0.0,0.0,0.0,0.0,0.0,0.89,0.0568,0.21,0.427
data/kaggle/grading/Gajar/Small/Grade-3/71.jpg,Gajar,Small,Grade-3,train,500.2916259765625,251.63998413085935,105874.0,0.81,0.0,0.41,0.0,0.0,1.22,0.86,0.0649,0.0,0.399
data/kaggle/grading/Kupro/Large/Grade-2/352.jpg,Kupro,Large,Grade-2,train,523.1467895507812,343.0607604980469,139633.5,0.0,0.0,0.0,0.0,0.0,0.0,0.58,0.0485,0.081,0.384
data/kaggle/grading/Kupro/Large/Grade-1/30.jpg,Kupro,Large,Grade-1,train,460.3583068847656,326.1446533203125,120416.5,0.0,0.0,0.0,0.0,2.31,2.31,0.63,0.059,0.009,0.364
data/kaggle/grading/Gajar/Small/Grade-2/77.jpg,Gajar,Small,Grade-2,train,531.9256591796875,240.00711059570312,104923.5,0.0,0.0,0.0,0.0,0.0,0.0,1.19,0.0878,0.004,0.416
data/kaggle/grading/Kupro/Large/Grade-2/321.jpg,Kupro,Large,Grade-2,train,504.4198913574219,371.3604736328125,142539.0,0.0,0.0,0.0,0.0,0.0,0.0,0.04,0.0278,1.66,0.461
data/kaggle/grading/Gajar/Small/Grade-1/65.jpg,Gajar,Small,Grade-1,train,558.3921508789062,233.2657165527344,110536.5,0.0,0.21,0.06,0.0,0.0,0.27,1.61,0.1035,0.0,0.387
data/kaggle/grading/Gajar/Large/Grade-1/18.jpg,Gajar,Large,Grade-1,train,635.96484375,299.78680419921875,159447.5,0.0,0.0,0.0,0.0,0.0,0.0,1.19,0.1002,0.0,0.396
data/kaggle/grading/Kupro/Large/Grade-2/23.jpg,Kupro,Large,Grade-2,train,530.0,344.0,145714.0,0.0,0.0,0.0,0.0,0.0,0.0,1.52,0.0614,0.591,0.416
data/kaggle/grading/Gajar/Small/Grade-3/150.jpg,Gajar,Small,Grade-3,train,574.98779296875,271.57366943359375,133959.0,0.36,1.04,0.57,0.0,0.0,1.97,1.96,0.0571,0.0,0.417
data/kaggle/grading/Gajar/Small/Grade-1/116.jpg,Gajar,Small,Grade-1,train,518.5723266601562,232.6579437255859,102719.5,0.0,0.0,0.0,0.0,0.0,0.0,1.89,0.0811,0.001,0.389
data/kaggle/grading/Kupro/Large/Grade-1/281.jpg,Kupro,Large,Grade-1,train,555.9998779296875,326.99993896484375,140331.5,0.0,0.0,0.0,0.0,0.86,0.86,0.54,0.0341,0.0,0.401
data/kaggle/grading/Gajar/Medium/Grade-3/35.jpg,Gajar,Medium,Grade-3,train,535.1448974609375,285.4886474609375,122572.5,0.0,0.34,0.1,0.0,0.0,0.44,0.85,0.0537,0.0,0.354
data/kaggle/grading/Gajar/Small/Grade-1/154.jpg,Gajar,Small,Grade-1,train,551.5328369140625,248.143798828125,112506.5,0.0,0.0,0.0,0.0,0.0,0.0,2.4,0.1126,0.001,0.376
data/kaggle/grading/Gajar/Small/Grade-3/123.jpg,Gajar,Small,Grade-3,train,557.529541015625,250.14279174804688,121362.5,0.0,0.17,0.05,0.0,0.0,0.22,1.96,0.0742,0.001,0.415
data/kaggle/grading/Kupro/Large/Grade-2/280.jpg,Kupro,Large,Grade-2,train,528.1592407226562,373.87054443359375,146428.0,0.0,0.0,0.0,0.0,1.38,1.38,0.71,0.0478,0.073,0.399
data/kaggle/grading/Gajar/Small/Grade-2/33.jpg,Gajar,Small,Grade-2,train,544.9230346679688,259.9292907714844,118780.0,0.0,0.0,0.04,0.0,0.0,0.04,0.84,0.0956,0.0,0.37
data/kaggle/grading/Kupro/Large/Grade-3/42.jpg,Kupro,Large,Grade-3,train,494.0,352.0,132900.0,0.0,0.0,0.0,0.0,0.0,0.0,0.53,0.0535,1.133,0.422
data/kaggle/grading/Gajar/Small/Grade-3/66.jpg,Gajar,Small,Grade-3,train,568.9812622070312,272.42041015625,126906.5,0.0,0.0,0.0,0.0,0.0,0.0,1.42,0.0568,0.0,0.39
data/kaggle/grading/Kupro/Large/Grade-2/90.jpg,Kupro,Large,Grade-2,train,518.0,355.0,143435.5,0.0,0.0,0.0,0.0,0.0,0.0,1.14,0.0566,0.805,0.385
data/kaggle/grading/Kupro/Large/Grade-2/348.jpg,Kupro,Large,Grade-2,train,487.7926635742187,353.36859130859375,136448.0,0.0,0.0,0.0,0.0,0.44,0.44,1.62,0.0877,0.435,0.34
data/kaggle/grading/Kupro/Large/Grade-2/187.jpg,Kupro,Large,Grade-2,train,514.7102661132812,362.160888671875,148727.0,0.0,0.0,0.0,0.0,0.0,0.0,1.07,0.029,0.777,0.442
data/kaggle/grading/Gajar/Large/Grade-1/12.jpg,Gajar,Large,Grade-1,train,657.4277954101562,277.4007873535156,150970.0,0.0,0.0,0.0,0.0,0.0,0.0,1.54,0.1374,0.058,0.431
data/kaggle/grading/Kupro/Large/Grade-2/229.jpg,Kupro,Large,Grade-2,train,497.0,339.0,132872.0,0.0,0.0,0.0,0.0,1.03,1.03,1.08,0.0488,0.002,0.367
data/kaggle/grading/Kupro/Large/Grade-1/302.jpg,Kupro,Large,Grade-1,train,477.3834838867187,329.3558654785156,127247.5,0.0,0.0,0.0,0.0,0.0,0.0,1.62,0.0514,0.142,0.398
data/kaggle/grading/Gajar/Large/Grade-3/7.jpg,Gajar,Large,Grade-3,train,642.4346313476562,282.4945373535156,155345.5,0.0,0.0,0.3,0.0,0.0,0.3,0.35,0.0584,0.0,0.413
data/kaggle/grading/Gajar/Small/Grade-2/105.jpg,Gajar,Small,Grade-2,train,544.0178833007812,214.15858459472656,101546.0,0.0,0.2,0.0,0.0,0.0,0.2,0.85,0.0782,0.0,0.337
data/kaggle/grading/Kupro/Large/Grade-3/9.jpg,Kupro,Large,Grade-3,train,499.9736022949219,365.4279479980469,142729.0,0.0,0.0,0.0,0.0,0.0,0.0,1.4,0.1019,0.019,0.423
data/kaggle/grading/Gajar/Small/Grade-1/126.jpg,Gajar,Small,Grade-1,train,518.6304931640625,232.53237915039065,104167.0,0.0,0.0,0.0,0.0,0.0,0.0,0.94,0.0889,0.128,0.438
data/kaggle/grading/Gajar/Medium/Grade-3/36.jpg,Gajar,Medium,Grade-3,train,529.3829345703125,268.04498291015625,118027.0,0.0,0.37,0.06,0.0,0.0,0.43,0.53,0.0338,0.001,0.371
data/kaggle/grading/Gajar/Large/Grade-3/112.jpg,Gajar,Large,Grade-3,train,636.3839111328125,296.9576416015625,156056.0,0.0,0.0,0.0,0.0,0.0,0.0,0.77,0.0738,0.0,0.327
data/kaggle/grading/Gajar/Small/Grade-1/69.jpg,Gajar,Small,Grade-1,train,556.9925537109375,254.04473876953125,114842.5,0.0,0.0,0.0,0.0,0.0,0.0,1.96,0.0603,0.396,0.45
data/kaggle/grading/Gajar/Medium/Grade-1/71.jpg,Gajar,Medium,Grade-1,train,579.9998779296875,263.99993896484375,128324.0,0.0,0.0,0.0,0.0,0.0,0.0,2.0,0.0953,0.0,0.335
data/kaggle/grading/Kupro/Large/Grade-1/114.jpg,Kupro,Large,Grade-1,train,542.1000366210938,313.0262756347656,133090.5,0.0,0.0,0.0,0.0,2.07,2.07,0.87,0.0463,0.024,0.374
data/kaggle/grading/Kupro/Large/Grade-2/189.jpg,Kupro,Large,Grade-2,train,510.0,368.0,149097.5,0.0,0.0,0.0,0.0,0.0,0.0,1.79,0.0478,0.116,0.382
data/kaggle/grading/Gajar/Large/Grade-3/21.jpg,Gajar,Large,Grade-3,train,661.4668579101562,285.3150634765625,160023.0,0.0,0.0,0.35,0.0,0.0,0.35,1.72,0.1022,0.024,0.423
data/kaggle/grading/Gajar/Large/Grade-2/7.jpg,Gajar,Large,Grade-2,train,632.4569702148438,279.2579345703125,142329.0,0.0,0.0,0.04,0.0,0.0,0.04,1.57,0.0908,0.001,0.398
data/kaggle/grading/Kupro/Large/Grade-2/194.jpg,Kupro,Large,Grade-2,train,523.0320434570312,374.6701049804687,153305.5,0.0,0.0,0.0,0.0,0.0,0.0,1.94,0.0647,0.157,0.373
data/kaggle/grading/Kupro/Large/Grade-1/60.jpg,Kupro,Large,Grade-1,train,526.3301391601562,290.2598571777344,119642.5,0.0,0.53,0.15,0.0,6.54,7.22,1.27,0.0888,0.0,0.363
data/kaggle/grading/Kupro/Large/Grade-3/2.jpg,Kupro,Large,Grade-3,train,484.2834777832031,333.6289367675781,124447.0,0.0,0.0,0.0,0.0,0.0,0.0,2.41,0.1006,0.004,0.446
data/kaggle/grading/Gajar/Large/Grade-2/37.jpg,Gajar,Large,Grade-2,train,614.0,284.0,146007.5,0.0,0.0,0.16,0.0,0.0,0.16,0.8,0.107,0.0,0.418
data/kaggle/grading/Gajar/Large/Grade-3/80.jpg,Gajar,Large,Grade-3,train,624.3274536132812,287.87921142578125,148047.5,0.0,0.29,0.08,0.0,0.0,0.37,1.03,0.0459,0.004,0.433
data/kaggle/grading/Gajar/Small/Grade-2/71.jpg,Gajar,Small,Grade-2,train,578.774169921875,276.4071044921875,134236.5,0.55,0.0,0.09,0.0,0.0,0.64,2.47,0.086,0.0,0.335
data/kaggle/grading/Kupro/Large/Grade-3/41.jpg,Kupro,Large,Grade-3,train,510.0,330.0,130751.0,0.0,0.0,0.0,0.0,0.0,0.0,0.46,0.0686,1.522,0.416
data/kaggle/grading/Gajar/Small/Grade-1/48.jpg,Gajar,Small,Grade-1,train,558.0480346679688,255.052978515625,121818.0,1.11,0.16,0.0,0.0,0.0,1.27,2.63,0.1019,0.0,0.325
data/kaggle/grading/Gajar/Large/Grade-3/50.jpg,Gajar,Large,Grade-3,train,626.34716796875,275.1149597167969,141155.0,0.0,0.0,0.05,0.0,0.0,0.05,0.96,0.0624,0.076,0.44
data/kaggle/grading/Kupro/Large/Grade-1/294.jpg,Kupro,Large,Grade-1,train,505.6576232910156,338.1148376464844,137987.5,0.0,0.0,0.0,0.0,0.0,0.0,0.5,0.0295,1.472,0.406
data/kaggle/grading/Kupro/Large/Grade-1/259.jpg,Kupro,Large,Grade-1,train,506.66314697265625,369.8186340332031,146514.5,0.0,0.0,0.0,0.0,0.0,0.0,0.0,0.0205,1.605,0.455
data/kaggle/grading/Kupro/Large/Grade-1/230.jpg,Kupro,Large,Grade-1,train,516.0245361328125,350.4326171875,141768.0,0.0,0.0,0.0,0.0,0.0,0.0,1.56,0.0447,0.659,0.431
data/kaggle/grading/Gajar/Small/Grade-3/171.jpg,Gajar,Small,Grade-3,train,605.2448120117188,263.9300842285156,133740.0,0.0,0.19,0.05,0.0,0.0,0.24,1.07,0.0402,0.0,0.441
data/kaggle/grading/Gajar/Small/Grade-3/110.jpg,Gajar,Small,Grade-3,train,565.9680786132812,239.7003173828125,114179.5,0.0,0.49,0.32,0.0,0.0,0.81,1.86,0.0877,0.008,0.418
data/kaggle/grading/Gajar/Large/Grade-3/25.jpg,Gajar,Large,Grade-3,train,614.0718994140625,286.3981018066406,148799.5,0.0,0.0,0.09,0.0,0.0,0.09,1.18,0.0644,0.001,0.435
data/kaggle/grading/Gajar/Small/Grade-3/162.jpg,Gajar,Small,Grade-3,train,566.7384033203125,251.533935546875,113113.5,1.16,0.18,0.04,0.0,0.0,1.38,1.8,0.0285,0.008,0.414
data/kaggle/grading/Kupro/Large/Grade-1/31.jpg,Kupro,Large,Grade-1,train,456.1670227050781,338.2043762207031,125144.0,0.0,0.0,0.0,0.0,1.43,1.43,2.28,0.0785,0.938,0.384
data/kaggle/grading/Kupro/Large/Grade-2/52.jpg,Kupro,Large,Grade-2,train,490.2142333984375,340.0974426269531,134483.5,0.0,0.0,0.0,0.0,0.0,0.0,0.0,0.0376,2.022,0.446
data/kaggle/grading/Gajar/Large/Grade-3/108.jpg,Gajar,Large,Grade-3,train,613.3282470703125,279.00238037109375,146568.0,0.0,0.0,0.0,0.0,0.0,0.0,0.12,0.0487,0.897,0.49
data/kaggle/grading/Kupro/Large/Grade-2/262.jpg,Kupro,Large,Grade-2,train,493.3440856933594,362.85009765625,139933.5,0.0,0.0,0.0,0.0,0.0,0.0,0.21,0.0311,1.159,0.45
data/kaggle/grading/Gajar/Small/Grade-3/36.jpg,Gajar,Small,Grade-3,train,556.0120239257812,247.69869995117188,116116.5,0.0,0.23,0.0,0.0,0.0,0.23,0.94,0.0121,0.079,0.48
data/kaggle/grading/Gajar/Small/Grade-1/119.jpg,Gajar,Small,Grade-1,train,563.2741088867188,257.9513854980469,120367.5,0.0,0.19,0.0,0.0,0.0,0.19,2.51,0.0566,0.0,0.326
data/kaggle/grading/Kupro/Large/Grade-1/284.jpg,Kupro,Large,Grade-1,train,524.0570678710938,338.26226806640625,136214.5,0.0,0.0,0.0,0.0,0.0,0.0,0.59,0.0487,0.079,0.358
data/kaggle/grading/Kupro/Large/Grade-1/212.jpg,Kupro,Large,Grade-1,train,477.19976806640625,354.87249755859375,134303.5,0.0,0.0,0.0,0.0,4.5,4.5,1.11,0.0646,0.034,0.365
data/kaggle/grading/Kupro/Large/Grade-1/151.jpg,Kupro,Large,Grade-1,train,444.4869384765625,368.3996276855469,126845.0,0.0,0.0,0.0,0.0,0.0,0.0,0.99,0.0482,1.146,0.406
data/kaggle/grading/Kupro/Large/Grade-2/292.jpg,Kupro,Large,Grade-2,train,456.60650634765625,348.0526428222656,126404.5,0.0,0.0,0.0,0.0,0.0,0.0,0.86,0.0584,0.806,0.417
data/kaggle/grading/Kupro/Large/Grade-2/56.jpg,Kupro,Large,Grade-2,train,496.67376708984375,329.1798095703125,126933.0,0.0,0.0,0.0,0.0,0.0,0.0,1.42,0.056,0.253,0.389
data/kaggle/grading/Gajar/Medium/Grade-1/67.jpg,Gajar,Medium,Grade-1,train,546.5067749023438,267.0514221191406,119209.0,0.0,0.0,0.0,0.0,0.0,0.0,1.85,0.0608,0.006,0.368
data/kaggle/grading/Kupro/Large/Grade-3/107.jpg,Kupro,Large,Grade-3,train,475.0,342.0,129877.0,0.0,0.0,0.07,0.0,0.0,0.07,0.75,0.0601,0.0,0.291
data/kaggle/grading/Gajar/Small/Grade-1/56.jpg,Gajar,Small,Grade-1,train,563.0,238.0,112619.0,0.0,0.0,0.25,0.0,0.0,0.25,0.45,0.0531,0.0,0.409
data/kaggle/grading/Kupro/Large/Grade-1/236.jpg,Kupro,Large,Grade-1,train,530.0,373.0,155420.0,0.0,0.0,0.0,0.0,5.0,5.0,0.69,0.0429,0.001,0.375
data/kaggle/grading/Kupro/Large/Grade-1/1.jpg,Kupro,Large,Grade-1,train,495.6872863769531,362.7969970703125,143238.5,0.0,0.0,0.0,0.0,0.6,0.6,0.48,0.0605,0.0,0.325
data/kaggle/grading/Kupro/Large/Grade-1/144.jpg,Kupro,Large,Grade-1,train,507.0351257324219,338.7595520019531,130021.0,0.0,0.0,0.0,0.0,0.0,0.0,1.25,0.05,0.991,0.378
data/kaggle/grading/Gajar/Small/Grade-3/130.jpg,Gajar,Small,Grade-3,train,555.959716796875,246.7522430419922,114172.5,0.0,0.0,0.0,0.0,0.0,0.0,1.11,0.0533,0.002,0.417
data/kaggle/grading/Gajar/Small/Grade-2/34.jpg,Gajar,Small,Grade-2,train,561.4982299804688,253.47900390625,121258.5,0.0,0.0,0.0,0.0,0.0,0.0,1.03,0.0676,0.0,0.348
data/kaggle/grading/Gajar/Large/Grade-3/115.jpg,Gajar,Large,Grade-3,train,674.6254272460938,296.9540100097656,163576.0,0.0,0.0,0.0,0.0,0.0,0.0,1.04,0.0881,0.0,0.377
data/kaggle/grading/Gajar/Large/Grade-2/12.jpg,Gajar,Large,Grade-2,train,624.2498779296875,277.4312438964844,144768.5,0.0,0.0,0.0,0.0,0.0,0.0,1.48,0.0709,0.002,0.389
data/kaggle/grading/Kupro/Large/Grade-2/8.jpg,Kupro,Large,Grade-2,train,497.0,349.0,135144.5,0.0,0.0,0.0,0.0,0.58,0.58,0.82,0.064,0.056,0.392
data/kaggle/grading/Gajar/Small/Grade-3/169.jpg,Gajar,Small,Grade-3,train,570.5994262695312,267.42041015625,127894.5,0.0,0.32,0.13,0.0,0.0,0.45,1.16,0.0445,0.0,0.37
data/kaggle/grading/Gajar/Large/Grade-3/75.jpg,Gajar,Large,Grade-3,train,629.8681640625,298.15625,152488.0,1.01,0.89,0.1,0.0,0.0,2.0,0.96,0.0709,0.0,0.414
data/kaggle/grading/Kupro/Large/Grade-2/303.jpg,Kupro,Large,Grade-2,train,510.6229248046875,375.8014221191406,154240.5,0.0,0.0,0.0,0.0,1.43,1.43,1.01,0.0652,0.037,0.321
data/kaggle/grading/Gajar/Large/Grade-2/38.jpg,Gajar,Large,Grade-2,train,631.2701416015625,269.3315124511719,140566.5,0.0,0.0,0.0,0.0,0.0,0.0,0.88,0.0978,0.221,0.475
data/kaggle/grading/Kupro/Large/Grade-2/247.jpg,Kupro,Large,Grade-2,train,480.5105590820313,349.9019775390625,135168.0,0.0,0.0,0.0,0.0,0.98,0.98,1.22,0.0417,0.406,0.387
data/kaggle/grading/Gajar/Small/Grade-1/10.jpg,Gajar,Small,Grade-1,train,525.4020385742188,247.8551483154297,108238.0,0.0,0.0,0.0,0.0,0.0,0.0,1.95,0.0669,0.002,0.394
data/kaggle/grading/Gajar/Small/Grade-1/40.jpg,Gajar,Small,Grade-1,train,527.3624267578125,268.1050109863281,113956.0,0.0,0.0,0.0,0.0,0.0,0.0,1.65,0.0667,0.0,0.383
data/kaggle/grading/Gajar/Medium/Grade-2/61.jpg,Gajar,Medium,Grade-2,train,593.0,295.0,145945.5,0.0,0.0,0.0,0.0,0.0,0.0,1.16,0.1061,0.002,0.381
data/kaggle/grading/Kupro/Large/Grade-2/188.jpg,Kupro,Large,Grade-2,train,510.0367736816406,350.8861083984375,141720.0,0.0,0.0,0.0,0.0,0.0,0.0,0.67,0.0516,0.693,0.331
data/kaggle/grading/Gajar/Medium/Grade-1/132.jpg,Gajar,Medium,Grade-1,train,552.9939575195312,256.3903503417969,119315.5,0.0,0.0,0.0,0.0,0.0,0.0,0.83,0.0714,0.008,0.369
data/kaggle/grading/Gajar/Large/Grade-1/123.jpg,Gajar,Large,Grade-1,train,621.0044555664062,301.2532958984375,152789.5,0.0,0.0,0.0,0.0,0.0,0.0,0.61,0.0869,0.347,0.413
data/kaggle/grading/Kupro/Large/Grade-2/186.jpg,Kupro,Large,Grade-2,train,541.1945190429688,350.21795654296875,147231.5,0.0,0.0,0.0,0.0,0.48,0.48,0.76,0.0408,0.124,0.386
data/kaggle/grading/Gajar/Small/Grade-1/190.jpg,Gajar,Small,Grade-1,train,594.5023193359375,293.5948486328125,142684.0,0.0,0.26,0.28,0.0,0.0,0.54,2.45,0.0802,0.0,0.369
data/kaggle/grading/Gajar/Small/Grade-1/178.jpg,Gajar,Small,Grade-1,train,526.3799438476562,275.11126708984375,120330.0,0.0,0.0,0.0,0.0,0.0,0.0,0.94,0.0327,0.069,0.429
data/kaggle/grading/Gajar/Large/Grade-2/6.jpg,Gajar,Large,Grade-2,train,600.5353393554688,285.3332824707031,143752.5,0.0,0.16,0.12,0.0,0.0,0.28,1.82,0.1071,0.001,0.404
data/kaggle/grading/Kupro/Large/Grade-2/221.jpg,Kupro,Large,Grade-2,train,501.7490539550781,357.5256652832031,143184.0,0.41,0.4,0.22,0.0,1.43,2.46,3.1,0.0968,0.004,0.357
data/kaggle/grading/Gajar/Small/Grade-3/15.jpg,Gajar,Small,Grade-3,train,540.2725830078125,286.2001037597656,126155.0,0.0,0.18,0.18,0.0,0.0,0.36,0.95,0.0482,0.002,0.41
data/kaggle/grading/Gajar/Medium/Grade-3/79.jpg,Gajar,Medium,Grade-3,train,591.9190673828125,297.3111267089844,145266.0,0.0,0.0,0.04,0.0,0.0,0.04,1.76,0.0969,0.0,0.335
data/kaggle/grading/Kupro/Large/Grade-1/224.jpg,Kupro,Large,Grade-1,train,480.99993896484375,333.99993896484375,125802.5,0.0,0.0,0.0,0.0,1.93,1.93,0.4,0.0354,0.001,0.366
data/kaggle/grading/Gajar/Medium/Grade-3/60.jpg,Gajar,Medium,Grade-3,train,577.6755981445312,290.65374755859375,128761.0,0.33,2.34,1.3,0.0,0.0,3.97,1.03,0.079,0.0,0.371
data/kaggle/grading/Kupro/Large/Grade-3/34.jpg,Kupro,Large,Grade-3,train,516.8527221679688,370.77691650390625,152472.0,0.0,0.0,0.0,0.0,0.0,0.0,1.49,0.0729,0.274,0.411
data/kaggle/grading/Kupro/Large/Grade-2/298.jpg,Kupro,Large,Grade-2,train,517.2838745117188,343.7823486328125,136519.5,0.0,0.0,0.0,0.0,0.0,0.0,1.45,0.0428,0.329,0.37
data/kaggle/grading/Gajar/Large/Grade-2/78.jpg,Gajar,Large,Grade-2,train,606.0604248046875,282.3835754394531,145752.0,0.0,0.0,0.0,0.0,0.0,0.0,0.6,0.0487,0.001,0.41
data/kaggle/grading/Gajar/Small/Grade-2/74.jpg,Gajar,Small,Grade-2,train,564.7951049804688,259.54205322265625,121701.5,0.0,0.0,0.0,0.0,0.0,0.0,1.25,0.0609,0.0,0.331
data/kaggle/grading/Gajar/Small/Grade-3/106.jpg,Gajar,Small,Grade-3,train,528.5640258789062,273.470947265625,119746.0,0.0,0.28,0.2,0.0,0.0,0.48,0.6,0.0243,0.01,0.471
data/kaggle/grading/Gajar/Medium/Grade-1/98.jpg,Gajar,Medium,Grade-1,train,612.6465454101562,265.838134765625,136943.5,0.27,0.0,0.0,0.0,0.0,0.27,2.25,0.0666,0.022,0.406
data/kaggle/grading/Kupro/Large/Grade-2/86.jpg,Kupro,Large,Grade-2,train,514.2408447265625,349.40277099609375,145281.0,0.0,0.0,0.0,0.0,1.69,1.69,1.89,0.111,0.009,0.352
data/kaggle/grading/Kupro/Large/Grade-2/80.jpg,Kupro,Large,Grade-2,train,521.5262451171875,348.125,141056.5,0.0,0.0,0.0,0.0,0.0,0.0,1.21,0.0467,0.162,0.429
data/kaggle/grading/Kupro/Large/Grade-1/67.jpg,Kupro,Large,Grade-1,train,494.4118041992187,422.2563781738281,159211.0,0.0,0.0,0.0,0.0,1.22,1.22,1.33,0.0339,0.318,0.39
data/kaggle/grading/Gajar/Large/Grade-3/106.jpg,Gajar,Large,Grade-3,train,630.5238037109375,289.4454040527344,155858.5,0.0,0.0,0.0,0.0,0.0,0.0,0.74,0.0364,0.003,0.435
data/kaggle/grading/Gajar/Large/Grade-1/84.jpg,Gajar,Large,Grade-1,train,622.6344604492188,304.4612731933594,150247.5,0.0,0.0,0.0,0.0,0.63,0.63,0.81,0.0403,0.003,0.382
data/kaggle/grading/Gajar/Large/Grade-2/19.jpg,Gajar,Large,Grade-2,train,609.7400512695312,275.9732360839844,137643.0,0.0,0.15,0.11,0.0,0.0,0.26,1.58,0.1241,0.01,0.429
data/kaggle/grading/Kupro/Large/Grade-2/367.jpg,Kupro,Large,Grade-2,train,491.7065734863281,332.9593811035156,124500.5,0.0,0.0,0.0,0.0,0.0,0.0,0.97,0.0683,0.437,0.408
data/kaggle/grading/Gajar/Large/Grade-3/13.jpg,Gajar,Large,Grade-3,train,618.2919311523438,278.20794677734375,142970.0,0.0,0.0,0.07,0.0,0.0,0.07,0.96,0.0654,0.0,0.4
data/kaggle/grading/Gajar/Large/Grade-1/105.jpg,Gajar,Large,Grade-1,train,627.4470825195312,299.48834228515625,151844.0,0.0,0.0,0.0,0.0,0.0,0.0,0.28,0.0524,0.083,0.426
data/kaggle/grading/Gajar/Medium/Grade-2/44.jpg,Gajar,Medium,Grade-2,train,583.9757690429688,244.09890747070312,114656.5,0.0,0.0,0.07,0.0,0.0,0.07,0.71,0.0445,0.0,0.318
data/kaggle/grading/Gajar/Large/Grade-2/16.jpg,Gajar,Large,Grade-2,train,596.9176635742188,242.3423614501953,123419.5,0.35,0.0,0.0,0.0,0.4,0.75,1.23,0.0699,0.0,0.362
data/kaggle/grading/Gajar/Large/Grade-1/171.jpg,Gajar,Large,Grade-1,train,625.4519653320312,284.8352966308594,137528.0,0.0,0.0,0.0,0.0,0.0,0.0,0.61,0.0804,0.019,0.427
data/kaggle/grading/Gajar/Small/Grade-3/8.jpg,Gajar,Small,Grade-3,train,600.8277587890625,272.7591552734375,121231.5,0.0,0.0,0.17,0.0,0.0,0.17,0.96,0.0458,0.0,0.389
data/kaggle/grading/Gajar/Large/Grade-3/86.jpg,Gajar,Large,Grade-3,train,627.41943359375,273.09161376953125,139621.0,0.0,1.08,0.19,0.0,0.0,1.27,1.43,0.0893,0.002,0.4
data/kaggle/grading/Gajar/Medium/Grade-2/45.jpg,Gajar,Medium,Grade-2,train,565.1107177734375,235.3888702392578,110132.0,0.0,0.0,0.0,0.0,0.0,0.0,0.92,0.0683,0.0,0.301
data/kaggle/grading/Kupro/Large/Grade-2/75.jpg,Kupro,Large,Grade-2,train,502.0048828125,349.1572265625,134749.5,0.0,0.0,0.0,0.0,1.27,1.27,2.21,0.0757,0.003,0.335
data/kaggle/grading/Gajar/Medium/Grade-1/23.jpg,Gajar,Medium,Grade-1,train,553.0,273.0,124850.5,0.0,0.0,0.0,0.0,0.42,0.42,0.33,0.0789,0.046,0.407
data/kaggle/grading/Gajar/Medium/Grade-1/114.jpg,Gajar,Medium,Grade-1,train,598.67724609375,266.6173400878906,137760.0,0.0,0.0,0.0,0.0,0.0,0.0,1.89,0.0862,0.041,0.385
data/kaggle/grading/Gajar/Large/Grade-1/169.jpg,Gajar,Large,Grade-1,train,647.5203857421875,284.41473388671875,149591.5,0.0,0.0,0.0,0.0,0.0,0.0,1.65,0.1103,0.045,0.409
data/kaggle/grading/Kupro/Large/Grade-3/38.jpg,Kupro,Large,Grade-3,train,483.6368408203125,340.21881103515625,132664.0,0.0,0.0,0.06,0.0,0.0,0.06,3.81,0.0838,0.005,0.377
data/kaggle/grading/Kupro/Large/Grade-1/64.jpg,Kupro,Large,Grade-1,train,488.578369140625,346.5469055175781,133181.0,0.0,0.0,0.0,0.0,1.01,1.01,2.31,0.0732,0.204,0.368
data/kaggle/grading/Gajar/Medium/Grade-1/150.jpg,Gajar,Medium,Grade-1,train,579.9558715820312,257.2898864746094,124231.5,0.0,0.0,0.0,0.0,0.0,0.0,1.57,0.1117,0.0,0.357
data/kaggle/grading/Kupro/Large/Grade-2/153.jpg,Kupro,Large,Grade-2,train,533.6004638671875,351.90289306640625,149150.0,0.0,0.0,0.0,0.0,2.99,2.99,0.49,0.072,0.005,0.331
data/kaggle/grading/Gajar/Large/Grade-1/34.jpg,Gajar,Large,Grade-1,train,651.9273681640625,270.63580322265625,151185.5,0.0,0.0,0.0,0.0,0.0,0.0,1.18,0.049,0.375,0.45
data/kaggle/grading/Kupro/Large/Grade-2/76.jpg,Kupro,Large,Grade-2,train,511.99993896484375,349.99993896484375,137187.0,0.0,0.17,0.0,0.0,1.6,1.77,0.59,0.0404,0.0,0.351
data/kaggle/grading/Gajar/Large/Grade-3/39.jpg,Gajar,Large,Grade-3,train,635.0656127929688,279.2032165527344,148096.0,0.0,0.32,0.0,0.0,0.0,0.32,1.46,0.0683,0.0,0.41
data/kaggle/grading/Gajar/Large/Grade-2/87.jpg,Gajar,Large,Grade-2,train,604.39501953125,260.3747253417969,125843.5,0.0,0.0,0.0,0.0,0.0,0.0,1.27,0.0953,0.104,0.432
data/kaggle/grading/Kupro/Large/Grade-2/160.jpg,Kupro,Large,Grade-2,train,501.886474609375,348.307373046875,134573.5,0.0,0.0,0.0,0.0,0.0,0.0,1.24,0.0332,1.067,0.438
data/kaggle/grading/Gajar/Medium/Grade-3/69.jpg,Gajar,Medium,Grade-3,train,626.2305908203125,268.7480163574219,134831.5,0.0,0.75,1.06,0.0,0.0,1.81,0.45,0.101,0.0,0.308
data/kaggle/grading/Gajar/Small/Grade-3/41.jpg,Gajar,Small,Grade-3,train,554.5848388671875,248.71212768554688,114032.5,0.0,0.17,0.44,0.0,0.0,0.61,1.93,0.1226,0.0,0.395
data/kaggle/grading/Gajar/Large/Grade-1/38.jpg,Gajar,Large,Grade-1,train,642.4592895507812,288.3968505859375,150757.0,0.0,0.0,0.0,0.0,0.0,0.0,0.84,0.0775,0.26,0.475
data/kaggle/grading/Kupro/Large/Grade-2/241.jpg,Kupro,Large,Grade-2,train,521.9745483398438,350.6882019042969,144222.5,0.0,0.0,0.0,0.0,0.0,0.0,0.13,0.0635,1.129,0.335
data/kaggle/grading/Kupro/Large/Grade-1/146.jpg,Kupro,Large,Grade-1,train,489.4580383300781,351.33782958984375,136388.0,0.0,0.0,0.0,0.0,0.0,0.0,1.3,0.05,0.808,0.395
data/kaggle/grading/Gajar/Large/Grade-2/60.jpg,Gajar,Large,Grade-2,train,623.6314697265625,267.4947509765625,140423.5,0.0,0.0,0.0,0.0,0.0,0.0,1.55,0.1043,0.009,0.43
data/kaggle/grading/Gajar/Large/Grade-1/82.jpg,Gajar,Large,Grade-1,train,616.61669921875,278.7747497558594,138451.5,0.0,0.0,0.0,0.0,0.0,0.0,1.02,0.057,0.0,0.384
data/kaggle/grading/Gajar/Large/Grade-1/152.jpg,Gajar,Large,Grade-1,train,724.4453735351562,278.748291015625,147256.5,0.0,0.0,0.0,0.0,0.0,0.0,0.18,0.078,0.359,0.457
data/kaggle/grading/Gajar/Small/Grade-3/143.jpg,Gajar,Small,Grade-3,train,584.653076171875,266.4427490234375,129993.5,0.0,0.0,0.05,0.0,0.0,0.05,1.11,0.0359,0.031,0.435
data/kaggle/grading/Gajar/Medium/Grade-1/45.jpg,Gajar,Medium,Grade-1,train,599.7015991210938,260.9140625,127985.5,0.0,0.0,0.0,0.0,0.0,0.0,1.73,0.0947,0.034,0.385
data/kaggle/grading/Kupro/Large/Grade-2/147.jpg,Kupro,Large,Grade-2,train,503.27490234375,362.1886291503906,139943.5,0.0,0.0,0.0,0.0,1.45,1.45,0.43,0.0479,0.0,0.336
data/kaggle/grading/Kupro/Large/Grade-2/316.jpg,Kupro,Large,Grade-2,train,544.8012084960938,372.70263671875,151949.0,0.0,0.0,0.0,0.0,0.0,0.0,0.41,0.0337,0.988,0.392
data/kaggle/grading/Kupro/Large/Grade-1/267.jpg,Kupro,Large,Grade-1,train,507.22515869140625,328.6016845703125,134533.0,0.0,0.0,0.0,0.0,0.0,0.0,1.4,0.0431,0.604,0.364
data/kaggle/grading/Gajar/Small/Grade-1/184.jpg,Gajar,Small,Grade-1,train,556.048828125,256.0087890625,121109.5,0.0,0.0,0.0,0.0,0.0,0.0,0.28,0.0237,0.081,0.409
data/kaggle/grading/Gajar/Medium/Grade-2/39.jpg,Gajar,Medium,Grade-2,train,530.25341796875,247.7926788330078,109149.0,0.0,0.0,0.0,0.0,0.0,0.0,0.5,0.0506,0.0,0.32
data/kaggle/grading/Gajar/Medium/Grade-1/59.jpg,Gajar,Medium,Grade-1,train,568.6790771484375,264.6512451171875,125815.0,0.0,0.0,0.0,0.0,0.0,0.0,1.7,0.084,0.0,0.309
data/kaggle/grading/Gajar/Medium/Grade-3/77.jpg,Gajar,Medium,Grade-3,train,603.9865112304688,256.25689697265625,123932.0,0.0,0.16,0.17,0.0,0.0,0.33,1.28,0.0964,0.028,0.394
data/kaggle/grading/Gajar/Large/Grade-1/55.jpg,Gajar,Large,Grade-1,train,645.4002685546875,313.9072265625,166628.5,0.0,0.0,0.0,0.0,0.0,0.0,0.55,0.0995,0.411,0.47
data/kaggle/grading/Gajar/Large/Grade-3/64.jpg,Gajar,Large,Grade-3,train,623.6228637695312,275.71978759765625,144994.0,0.0,0.0,0.11,0.0,0.0,0.11,1.47,0.0996,0.002,0.412
data/kaggle/grading/Gajar/Small/Grade-3/182.jpg,Gajar,Small,Grade-3,train,505.6798706054687,292.69866943359375,111590.0,0.0,0.24,0.17,0.0,0.0,0.41,0.6,0.0064,0.004,0.449
data/kaggle/grading/Gajar/Large/Grade-1/74.jpg,Gajar,Large,Grade-1,train,593.9700317382812,297.3230285644531,147976.5,0.0,0.0,0.0,0.0,0.0,0.0,0.4,0.0435,0.603,0.498
data/kaggle/grading/Gajar/Small/Grade-1/11.jpg,Gajar,Small,Grade-1,train,517.2007446289062,247.41793823242188,105488.0,0.0,0.0,0.0,0.0,0.0,0.0,1.66,0.1357,0.207,0.415
data/kaggle/grading/Gajar/Medium/Grade-1/66.jpg,Gajar,Medium,Grade-1,train,547.4926147460938,244.5095062255859,112498.0,0.0,0.0,0.06,0.0,0.0,0.06,1.49,0.0845,0.0,0.35
data/kaggle/grading/Gajar/Large/Grade-1/75.jpg,Gajar,Large,Grade-1,train,621.8875122070312,277.6100769042969,143690.5,0.0,0.0,0.0,0.0,0.0,0.0,1.2,0.0754,0.414,0.481
data/kaggle/grading/Kupro/Large/Grade-2/354.jpg,Kupro,Large,Grade-2,train,547.2919311523438,371.9934997558594,153327.0,0.0,0.0,0.0,0.0,0.0,0.0,1.28,0.0664,0.347,0.381
data/kaggle/grading/Kupro/Large/Grade-2/35.jpg,Kupro,Large,Grade-2,train,507.3419799804687,322.968505859375,132729.5,0.0,0.0,0.0,0.0,0.72,0.72,3.67,0.0671,0.019,0.361
data/kaggle/grading/Gajar/Small/Grade-1/144.jpg,Gajar,Small,Grade-1,train,503.0,262.0,106173.0,0.0,0.0,0.0,0.0,0.0,0.0,1.63,0.0769,0.021,0.385
data/kaggle/grading/Kupro/Large/Grade-2/359.jpg,Kupro,Large,Grade-2,train,504.9941101074219,363.5120849609375,144822.5,0.0,0.0,0.0,0.0,0.0,0.0,0.37,0.0531,1.92,0.423
data/kaggle/grading/Kupro/Large/Grade-1/94.jpg,Kupro,Large,Grade-1,train,529.2357177734375,336.3193359375,135022.5,0.0,0.0,0.0,0.0,6.29,6.29,0.45,0.0491,0.0,0.338
data/kaggle/grading/Kupro/Large/Grade-3/93.jpg,Kupro,Large,Grade-3,train,490.5485229492187,334.9589538574219,135467.5,0.0,0.0,0.0,0.0,3.24,3.24,1.1,0.0705,0.0,0.328
data/kaggle/grading/Gajar/Small/Grade-2/67.jpg,Gajar,Small,Grade-2,train,546.7731323242188,297.1947021484375,134620.5,0.0,0.0,0.0,0.0,0.0,0.0,0.0,0.0518,0.06,0.424
data/kaggle/grading/Kupro/Large/Grade-1/139.jpg,Kupro,Large,Grade-1,train,500.9755859375,318.4755859375,123714.5,0.0,0.0,0.0,0.0,0.0,0.0,0.39,0.0477,0.589,0.376
data/kaggle/grading/Gajar/Large/Grade-2/10.jpg,Gajar,Large,Grade-2,train,669.1285400390625,285.4793395996094,153443.0,0.0,0.0,0.0,0.0,0.0,0.0,0.53,0.1123,0.578,0.482
data/kaggle/grading/Gajar/Medium/Grade-1/167.jpg,Gajar,Medium,Grade-1,train,548.7010498046875,291.6899719238281,131731.5,0.0,0.0,0.0,0.0,0.0,0.0,0.0,0.03,0.922,0.49
data/kaggle/grading/Kupro/Large/Grade-1/97.jpg,Kupro,Large,Grade-1,train,483.4873962402344,367.390869140625,148795.0,0.0,0.0,0.0,0.0,0.0,0.0,1.7,0.049,0.153,0.394
data/kaggle/grading/Kupro/Large/Grade-3/6.jpg,Kupro,Large,Grade-3,train,548.3515014648438,323.3032531738281,135837.0,0.0,0.0,0.0,0.0,0.0,0.0,3.97,0.0955,0.017,0.341
data/kaggle/grading/Gajar/Large/Grade-3/56.jpg,Gajar,Large,Grade-3,train,649.0001831054688,279.4570617675781,150636.0,0.0,0.18,0.41,0.0,0.0,0.59,0.99,0.0888,0.0,0.341
data/kaggle/grading/Kupro/Large/Grade-2/101.jpg,Kupro,Large,Grade-2,train,492.7766723632813,348.5964050292969,135758.0,0.0,0.0,0.0,0.0,0.0,0.0,1.57,0.066,0.059,0.363
data/kaggle/grading/Kupro/Large/Grade-2/102.jpg,Kupro,Large,Grade-2,train,511.4831848144531,337.1783142089844,132535.5,0.0,0.0,0.0,0.0,3.12,3.12,1.64,0.0701,0.001,0.357
data/kaggle/grading/Kupro/Large/Grade-1/26.jpg,Kupro,Large,Grade-1,train,488.6108093261719,370.52398681640625,140496.5,0.0,0.0,0.0,0.0,1.62,1.62,1.8,0.0482,0.0,0.359
data/kaggle/grading/Kupro/Large/Grade-1/24.jpg,Kupro,Large,Grade-1,train,519.2449951171875,378.0940246582031,154543.0,0.0,0.0,0.0,0.0,0.0,0.0,0.89,0.035,0.524,0.437
data/kaggle/grading/Gajar/Small/Grade-2/104.jpg,Gajar,Small,Grade-2,train,562.6279907226562,262.4430847167969,120073.0,0.0,0.32,0.52,0.0,0.0,0.84,2.29,0.1049,0.0,0.334
data/kaggle/grading/Kupro/Large/Grade-2/278.jpg,Kupro,Large,Grade-2,train,505.6931762695313,311.91632080078125,129867.0,0.0,0.0,0.0,0.0,1.29,1.29,1.44,0.0447,0.0,0.373
data/kaggle/grading/Gajar/Large/Grade-2/67.jpg,Gajar,Large,Grade-2,train,627.3308715820312,304.6168518066406,154872.5,0.0,0.0,0.0,0.0,0.0,0.0,0.85,0.053,0.0,0.364
data/kaggle/grading/Gajar/Medium/Grade-2/54.jpg,Gajar,Medium,Grade-2,train,600.0,249.0,127481.0,0.67,0.24,0.05,0.0,0.0,0.96,1.07,0.0458,0.01,0.408
data/kaggle/grading/Kupro/Large/Grade-1/179.jpg,Kupro,Large,Grade-1,train,539.0529174804688,328.76885986328125,137448.0,0.0,0.0,0.0,0.0,1.7,1.7,0.73,0.0612,0.001,0.311
data/kaggle/grading/Gajar/Small/Grade-1/93.jpg,Gajar,Small,Grade-1,train,560.3037719726562,249.8519287109375,117932.0,0.0,0.0,0.0,0.0,0.0,0.0,1.51,0.0824,0.36,0.424
data/kaggle/grading/Gajar/Small/Grade-1/15.jpg,Gajar,Small,Grade-1,train,528.194091796875,270.77813720703125,117189.0,0.0,0.0,0.0,0.0,0.0,0.0,0.48,0.0673,0.142,0.423
data/kaggle/grading/Kupro/Large/Grade-1/264.jpg,Kupro,Large,Grade-1,train,487.9422302246094,365.0039978027344,142668.5,0.0,0.0,0.0,0.0,1.31,1.31,1.28,0.0381,0.387,0.412
data/kaggle/grading/Gajar/Small/Grade-3/57.jpg,Gajar,Small,Grade-3,train,579.9988403320312,254.32888793945312,120917.5,0.0,0.0,0.22,0.0,0.0,0.22,2.0,0.0601,0.0,0.397
data/kaggle/grading/Gajar/Large/Grade-3/24.jpg,Gajar,Large,Grade-3,train,615.3817749023438,291.66412353515625,145994.0,0.0,0.0,0.0,0.0,0.0,0.0,0.63,0.0634,0.0,0.37
data/kaggle/grading/Kupro/Large/Grade-2/210.jpg,Kupro,Large,Grade-2,train,526.359130859375,358.1060791015625,144855.5,0.0,0.0,0.0,0.0,0.58,0.58,2.31,0.0861,0.001,0.339
data/kaggle/grading/Kupro/Large/Grade-1/205.jpg,Kupro,Large,Grade-1,train,494.8602294921875,332.5161437988281,130852.0,0.0,0.0,0.0,0.0,0.0,0.0,0.84,0.0344,0.468,0.43
data/kaggle/grading/Kupro/Large/Grade-1/5.jpg,Kupro,Large,Grade-1,train,522.038818359375,355.6792907714844,144283.5,0.64,0.0,0.0,0.0,11.27,11.91,0.62,0.0619,0.0,0.335
data/kaggle/grading/Kupro/Large/Grade-1/33.jpg,Kupro,Large,Grade-1,train,515.6477661132812,332.44097900390625,136249.0,0.0,0.0,0.0,0.0,0.0,0.0,1.83,0.0416,0.101,0.394
data/kaggle/grading/Gajar/Small/Grade-1/112.jpg,Gajar,Small,Grade-1,train,567.8919067382812,270.1611022949219,130966.0,0.0,0.0,0.0,0.0,0.0,0.0,0.54,0.0662,0.0,0.372
data/kaggle/grading/Kupro/Large/Grade-3/49.jpg,Kupro,Large,Grade-3,train,461.9318237304687,334.80859375,123285.0,0.0,0.0,0.05,0.0,0.0,0.05,2.65,0.0846,0.0,0.35
data/kaggle/grading/Gajar/Large/Grade-3/114.jpg,Gajar,Large,Grade-3,train,635.5120849609375,292.3764953613281,151992.5,0.0,0.0,0.18,0.0,0.0,0.18,0.81,0.0546,0.0,0.374
data/kaggle/grading/Gajar/Large/Grade-3/15.jpg,Gajar,Large,Grade-3,train,635.2317504882812,275.5257873535156,143012.0,0.0,0.0,0.0,0.0,0.0,0.0,1.36,0.0929,0.011,0.423
data/kaggle/grading/Gajar/Medium/Grade-1/165.jpg,Gajar,Medium,Grade-1,train,562.9153442382812,273.2241516113281,129652.0,0.0,0.0,0.0,0.0,0.0,0.0,0.0,0.0252,1.679,0.495
data/kaggle/grading/Gajar/Small/Grade-2/57.jpg,Gajar,Small,Grade-2,train,576.4622802734375,250.08900451660156,122919.0,0.0,0.0,0.0,0.0,0.0,0.0,0.66,0.0738,0.161,0.426
data/kaggle/grading/Gajar/Small/Grade-1/13.jpg,Gajar,Small,Grade-1,train,518.5992431640625,269.6007385253906,114438.0,0.0,0.0,0.0,0.0,0.0,0.0,1.22,0.0504,0.055,0.433
data/kaggle/grading/Gajar/Medium/Grade-1/193.jpg,Gajar,Medium,Grade-1,train,576.6401977539062,288.73736572265625,140165.0,0.0,0.0,0.0,0.0,0.0,0.0,0.45,0.0475,0.533,0.431
data/kaggle/grading/Gajar/Small/Grade-1/170.jpg,Gajar,Small,Grade-1,train,532.7191772460938,258.2958068847656,113521.0,0.0,0.0,0.0,0.0,0.0,0.0,0.94,0.0393,0.0,0.433
data/kaggle/grading/Kupro/Large/Grade-2/235.jpg,Kupro,Large,Grade-2,train,481.0415954589844,332.8070068359375,131731.5,0.0,0.0,0.0,0.0,0.0,0.0,0.8,0.0491,0.865,0.465
data/kaggle/grading/Kupro/Large/Grade-1/247.jpg,Kupro,Large,Grade-1,train,502.0,359.0,142422.5,0.0,0.0,0.0,0.0,0.0,0.0,0.56,0.0368,1.014,0.464
data/kaggle/grading/Kupro/Large/Grade-2/42.jpg,Kupro,Large,Grade-2,train,519.0096435546875,364.4363708496094,152166.0,0.0,0.0,0.0,0.0,0.0,0.0,0.94,0.0647,0.09,0.382
data/kaggle/grading/Kupro/Large/Grade-2/260.jpg,Kupro,Large,Grade-2,train,507.5007629394531,354.03106689453125,143112.0,0.0,0.0,0.0,0.0,0.0,0.0,0.44,0.0701,1.12,0.436
data/kaggle/grading/Gajar/Small/Grade-3/48.jpg,Gajar,Small,Grade-3,train,553.1276245117188,246.54742431640625,116741.0,0.0,0.0,0.11,0.0,0.0,0.11,1.61,0.0675,0.035,0.387
data/kaggle/grading/Kupro/Large/Grade-1/278.jpg,Kupro,Large,Grade-1,train,476.2023010253906,329.15045166015625,128751.0,0.0,0.0,0.0,0.0,1.76,1.76,1.3,0.0466,0.04,0.4
data/kaggle/grading/Kupro/Large/Grade-3/80.jpg,Kupro,Large,Grade-3,train,502.0,366.0,148279.0,0.0,0.0,0.0,0.0,0.0,0.0,2.07,0.061,0.03,0.411
data/kaggle/grading/Gajar/Medium/Grade-3/24.jpg,Gajar,Medium,Grade-3,train,518.936767578125,248.7394561767578,106571.0,0.0,0.15,0.0,0.0,0.0,0.15,1.39,0.025,0.0,0.369
data/kaggle/grading/Kupro/Large/Grade-2/1.jpg,Kupro,Large,Grade-2,train,541.8484497070312,372.4161376953125,154225.0,0.0,0.0,0.0,0.0,0.0,0.0,1.01,0.0481,0.296,0.372
data/kaggle/grading/Gajar/Large/Grade-1/13.jpg,Gajar,Large,Grade-1,train,661.0183715820312,274.8673400878906,156481.5,0.0,0.0,0.05,0.0,0.0,0.05,1.49,0.1593,0.01,0.433
data/kaggle/grading/Kupro/Large/Grade-1/46.jpg,Kupro,Large,Grade-1,train,504.0,355.0,142767.0,0.0,0.0,0.0,0.0,1.79,1.79,0.41,0.0512,0.39,0.387
data/kaggle/grading/Gajar/Small/Grade-3/88.jpg,Gajar,Small,Grade-3,train,549.463623046875,253.2566375732422,113556.0,1.03,0.0,0.45,0.0,0.0,1.48,1.93,0.0696,0.0,0.39
data/kaggle/grading/Gajar/Medium/Grade-3/62.jpg,Gajar,Medium,Grade-3,train,546.4180908203125,257.2451477050781,113560.5,0.0,0.7,0.45,0.0,0.0,1.15,1.08,0.0788,0.0,0.382
data/kaggle/grading/Gajar/Large/Grade-1/77.jpg,Gajar,Large,Grade-1,train,613.7238159179688,266.6746826171875,136378.0,0.0,0.0,0.0,0.0,0.0,0.0,0.44,0.0776,0.594,0.491
data/kaggle/grading/Gajar/Medium/Grade-1/1.jpg,Gajar,Medium,Grade-1,train,591.1983032226562,290.49969482421875,141289.0,0.0,0.0,0.0,0.0,0.0,0.0,1.1,0.1129,0.023,0.399
data/kaggle/grading/Gajar/Small/Grade-3/96.jpg,Gajar,Small,Grade-3,train,545.0404663085938,235.10194396972656,108138.5,0.0,0.0,0.0,0.0,0.0,0.0,1.03,0.0327,0.0,0.369
data/kaggle/grading/Gajar/Large/Grade-1/22.jpg,Gajar,Large,Grade-1,train,603.5528564453125,280.1815490722656,143902.5,0.0,0.0,0.0,0.0,0.0,0.0,0.22,0.057,0.029,0.42
data/kaggle/grading/Gajar/Small/Grade-1/72.jpg,Gajar,Small,Grade-1,train,566.898681640625,245.95298767089844,115066.5,0.0,0.0,0.12,0.0,0.42,0.54,2.84,0.1299,0.124,0.403
data/kaggle/grading/Kupro/Large/Grade-2/190.jpg,Kupro,Large,Grade-2,train,489.592041015625,382.10400390625,147997.0,0.0,0.0,0.05,0.0,0.52,0.57,0.7,0.0541,0.005,0.359
data/kaggle/grading/Gajar/Small/Grade-2/118.jpg,Gajar,Small,Grade-2,train,568.3577880859375,275.3932189941406,128421.5,0.0,0.0,0.0,0.0,0.0,0.0,2.2,0.1009,0.002,0.376
data/kaggle/grading/Gajar/Medium/Grade-2/47.jpg,Gajar,Medium,Grade-2,train,545.1654052734375,265.3697204589844,121522.5,0.0,0.0,0.0,0.0,0.0,0.0,0.71,0.0551,0.0,0.389
data/kaggle/grading/Gajar/Large/Grade-3/84.jpg,Gajar,Large,Grade-3,train,632.964111328125,278.2381896972656,150074.0,0.86,0.0,0.32,0.0,0.0,1.18,1.14,0.0418,0.0,0.421
data/kaggle/grading/Kupro/Large/Grade-2/319.jpg,Kupro,Large,Grade-2,train,465.6126708984375,381.5765380859375,139368.0,0.0,0.0,0.0,0.0,1.94,1.94,1.31,0.0395,0.342,0.405
data/kaggle/grading/Gajar/Medium/Grade-2/3.jpg,Gajar,Medium,Grade-2,train,586.0287475585938,283.7123107910156,136539.0,0.0,0.0,0.0,0.0,0.0,0.0,1.51,0.0548,0.0,0.374
data/kaggle/grading/Kupro/Large/Grade-2/120.jpg,Kupro,Large,Grade-2,train,508.5390319824219,362.5387268066406,141714.5,0.39,0.25,0.04,0.0,2.41,3.09,1.41,0.083,0.021,0.345
data/kaggle/grading/Kupro/Large/Grade-1/62.jpg,Kupro,Large,Grade-1,train,522.0,346.0,143500.0,0.0,0.0,0.0,0.0,0.0,0.0,1.67,0.0546,0.069,0.367
data/kaggle/grading/Gajar/Medium/Grade-1/9.jpg,Gajar,Medium,Grade-1,train,520.38037109375,271.4517517089844,115511.5,0.0,0.0,0.0,0.0,0.0,0.0,1.19,0.0631,0.52,0.45
data/kaggle/grading/Kupro/Large/Grade-2/291.jpg,Kupro,Large,Grade-2,train,518.5883178710938,371.64117431640625,153854.0,0.0,0.0,0.0,0.0,0.0,0.0,0.07,0.0368,1.639,0.432
data/kaggle/grading/Kupro/Large/Grade-2/135.jpg,Kupro,Large,Grade-2,train,484.99993896484375,340.99993896484375,130825.0,0.0,0.0,0.0,0.0,0.0,0.0,0.63,0.0408,0.011,0.423
data/kaggle/grading/Gajar/Small/Grade-1/175.jpg,Gajar,Small,Grade-1,train,572.715576171875,227.9133453369141,113760.0,0.0,0.0,0.0,0.0,0.0,0.0,1.68,0.033,0.0,0.372
data/kaggle/grading/Gajar/Medium/Grade-3/16.jpg,Gajar,Medium,Grade-3,train,566.4566650390625,236.16000366210935,113083.0,0.0,0.0,0.64,0.0,0.66,1.3,1.68,0.0779,0.004,0.422
data/kaggle/grading/Kupro/Large/Grade-2/293.jpg,Kupro,Large,Grade-2,train,455.2341613769531,337.3004150390625,122237.0,0.0,0.0,0.0,0.0,0.47,0.47,1.75,0.066,0.0,0.36
data/kaggle/grading/Gajar/Small/Grade-2/36.jpg,Gajar,Small,Grade-2,train,541.5136108398438,243.8285675048828,114807.0,0.0,0.0,0.0,0.0,0.0,0.0,1.11,0.0566,0.002,0.396
data/kaggle/grading/Gajar/Small/Grade-1/84.jpg,Gajar,Small,Grade-1,train,535.6589965820312,246.44143676757812,107218.5,0.0,0.0,0.0,0.0,0.0,0.0,0.38,0.0514,0.063,0.413
data/kaggle/grading/Kupro/Large/Grade-3/44.jpg,Kupro,Large,Grade-3,train,477.07330322265625,343.9643859863281,127048.5,0.0,0.0,0.0,0.0,1.24,1.24,2.6,0.0949,0.0,0.362
data/kaggle/grading/Gajar/Large/Grade-1/67.jpg,Gajar,Large,Grade-1,train,656.4728393554688,279.8038330078125,149228.5,0.0,0.0,0.0,0.0,0.0,0.0,0.39,0.1008,0.306,0.492
data/kaggle/grading/Kupro/Large/Grade-3/112.jpg,Kupro,Large,Grade-3,train,478.6672058105469,325.88153076171875,126908.0,0.0,0.0,0.0,0.0,0.0,0.0,1.31,0.0723,0.386,0.454
data/kaggle/grading/Gajar/Small/Grade-3/99.jpg,Gajar,Small,Grade-3,train,535.56787109375,244.8884429931641,111160.5,0.0,0.91,0.2,0.0,0.0,1.11,1.27,0.0413,0.0,0.39
data/kaggle/grading/Gajar/Small/Grade-2/93.jpg,Gajar,Small,Grade-2,train,599.336181640625,248.0352783203125,121561.0,0.0,0.0,0.0,0.0,0.0,0.0,0.85,0.0553,0.125,0.426
data/kaggle/grading/Gajar/Medium/Grade-3/66.jpg,Gajar,Medium,Grade-3,train,588.5994873046875,273.7254943847656,129559.5,0.0,0.8,0.04,0.0,2.3,3.14,1.34,0.0868,0.066,0.383
data/kaggle/grading/Gajar/Medium/Grade-3/58.jpg,Gajar,Medium,Grade-3,train,621.25634765625,315.3360290527344,139570.5,0.0,0.48,0.67,0.0,0.0,1.15,0.87,0.058,0.0,0.334
data/kaggle/grading/Gajar/Small/Grade-3/9.jpg,Gajar,Small,Grade-3,train,542.2713623046875,243.97808837890625,112316.5,0.51,0.54,0.32,0.0,0.0,1.37,0.77,0.0528,0.0,0.392
data/kaggle/grading/Gajar/Small/Grade-3/127.jpg,Gajar,Small,Grade-3,train,562.3606567382812,270.1021728515625,120097.0,0.63,1.91,0.55,0.0,0.0,3.09,0.66,0.0749,0.0,0.437
data/kaggle/grading/Kupro/Large/Grade-1/99.jpg,Kupro,Large,Grade-1,train,521.3818359375,355.91217041015625,141108.5,0.0,0.0,0.0,0.0,1.67,1.67,1.46,0.0482,0.021,0.349
data/kaggle/grading/Gajar/Large/Grade-1/23.jpg,Gajar,Large,Grade-1,train,639.5003662109375,284.3341979980469,149211.0,0.0,0.0,0.04,0.0,0.0,0.04,1.04,0.0934,0.002,0.393
data/kaggle/grading/Kupro/Large/Grade-1/298.jpg,Kupro,Large,Grade-1,train,507.384521484375,341.7326965332031,136743.0,0.0,0.0,0.0,0.0,5.39,5.39,0.82,0.0486,0.0,0.391
data/kaggle/grading/Kupro/Large/Grade-1/263.jpg,Kupro,Large,Grade-1,train,483.9988098144531,340.8506164550781,134608.5,0.0,0.0,0.0,0.0,1.67,1.67,0.96,0.0332,0.534,0.412
data/kaggle/grading/Gajar/Medium/Grade-2/37.jpg,Gajar,Medium,Grade-2,train,597.887939453125,275.84271240234375,132277.5,0.0,0.15,0.05,0.0,0.0,0.2,1.44,0.099,0.0,0.359
data/kaggle/grading/Gajar/Large/Grade-1/10.jpg,Gajar,Large,Grade-1,train,627.7915649414062,251.9522399902344,131868.0,0.0,0.0,0.0,0.0,0.0,0.0,1.68,0.0989,0.016,0.441
data/kaggle/grading/Gajar/Medium/Grade-1/64.jpg,Gajar,Medium,Grade-1,train,575.086669921875,255.93283081054688,121225.0,0.0,0.0,0.0,0.0,0.0,0.0,2.14,0.0795,0.001,0.357
data/kaggle/grading/Gajar/Small/Grade-2/95.jpg,Gajar,Small,Grade-2,train,583.8314819335938,252.03857421875,124609.0,0.0,0.0,0.0,0.0,0.0,0.0,1.24,0.0609,0.044,0.438
data/kaggle/grading/Gajar/Small/Grade-3/202.jpg,Gajar,Small,Grade-3,train,546.8348999023438,263.1637878417969,119699.0,0.61,0.0,0.06,0.0,0.0,0.67,2.29,0.0587,0.076,0.436
data/kaggle/grading/Gajar/Large/Grade-1/24.jpg,Gajar,Large,Grade-1,train,650.5061645507812,284.77874755859375,156306.0,0.0,0.0,0.0,0.0,0.0,0.0,0.5,0.0798,0.156,0.427
data/kaggle/grading/Kupro/Large/Grade-1/52.jpg,Kupro,Large,Grade-1,train,430.9848327636719,423.4540100097656,135503.0,0.0,0.0,0.0,0.0,0.92,0.92,1.25,0.0655,0.588,0.412
data/kaggle/grading/Gajar/Medium/Grade-1/5.jpg,Gajar,Medium,Grade-1,train,583.5089721679688,275.8059997558594,134703.5,0.0,0.0,0.0,0.0,0.0,0.0,1.52,0.0677,0.007,0.369
data/kaggle/grading/Kupro/Large/Grade-2/336.jpg,Kupro,Large,Grade-2,train,503.5345764160156,357.9999694824219,144725.0,0.0,0.0,0.0,0.0,0.0,0.0,0.86,0.0612,0.368,0.416
data/kaggle/grading/Gajar/Small/Grade-3/65.jpg,Gajar,Small,Grade-3,train,551.9775390625,260.49359130859375,117383.5,0.0,0.0,0.34,0.0,0.0,0.34,1.62,0.0754,0.0,0.43
data/kaggle/grading/Gajar/Large/Grade-2/115.jpg,Gajar,Large,Grade-2,train,602.0157470703125,248.8857879638672,124666.5,0.0,0.0,0.05,0.0,0.0,0.05,2.38,0.0863,0.0,0.39
data/kaggle/grading/Gajar/Large/Grade-1/49.jpg,Gajar,Large,Grade-1,train,629.3648681640625,315.09942626953125,161940.0,0.0,0.0,0.0,0.0,0.0,0.0,1.02,0.0745,0.299,0.437
data/kaggle/grading/Gajar/Small/Grade-1/149.jpg,Gajar,Small,Grade-1,train,566.87353515625,276.93646240234375,124350.0,0.0,0.25,0.05,0.0,0.0,0.3,1.41,0.078,0.297,0.366
data/kaggle/grading/Gajar/Large/Grade-2/8.jpg,Gajar,Large,Grade-2,train,639.5230712890625,278.830078125,147607.5,0.0,0.0,0.0,0.0,0.0,0.0,1.5,0.0694,0.0,0.392
data/kaggle/grading/Gajar/Small/Grade-2/139.jpg,Gajar,Small,Grade-2,train,570.8954467773438,241.2937774658203,112951.0,0.0,0.28,0.0,0.0,0.0,0.28,0.52,0.0294,0.0,0.35
data/kaggle/grading/Gajar/Large/Grade-1/118.jpg,Gajar,Large,Grade-1,train,664.644287109375,284.17376708984375,160233.0,0.0,0.0,0.0,0.0,0.0,0.0,0.73,0.075,0.001,0.412
data/kaggle/grading/Kupro/Large/Grade-1/163.jpg,Kupro,Large,Grade-1,train,513.1149291992188,366.2468566894531,148049.5,0.0,0.0,0.0,0.0,0.0,0.0,0.0,0.0276,1.336,0.501
data/kaggle/grading/Kupro/Large/Grade-2/96.jpg,Kupro,Large,Grade-2,train,561.405517578125,328.3336181640625,144201.5,0.0,0.0,0.0,0.0,0.0,0.0,1.27,0.05,0.139,0.373
data/kaggle/grading/Gajar/Large/Grade-2/113.jpg,Gajar,Large,Grade-2,train,628.4520263671875,260.9300537109375,135061.5,0.0,0.0,0.0,0.0,0.0,0.0,1.18,0.1377,0.0,0.391
data/kaggle/grading/Kupro/Large/Grade-1/77.jpg,Kupro,Large,Grade-1,train,525.9049682617188,343.50115966796875,142151.5,0.0,0.0,0.0,0.0,0.0,0.0,0.0,0.0433,2.369,0.435
data/kaggle/grading/Gajar/Large/Grade-3/27.jpg,Gajar,Large,Grade-3,train,602.20166015625,284.6452331542969,140828.0,0.0,0.74,0.16,0.0,0.0,0.9,1.83,0.0681,0.0,0.366
data/kaggle/grading/Kupro/Large/Grade-1/185.jpg,Kupro,Large,Grade-1,train,495.2447204589844,361.3283996582031,137176.5,0.0,0.0,0.0,0.0,0.0,0.0,1.15,0.048,0.315,0.343
data/kaggle/grading/Gajar/Large/Grade-1/168.jpg,Gajar,Large,Grade-1,train,636.6788940429688,293.1664733886719,155082.0,0.0,0.0,0.0,0.0,0.0,0.0,1.36,0.0734,0.0,0.348
data/kaggle/grading/Gajar/Large/Grade-3/97.jpg,Gajar,Large,Grade-3,train,692.1090698242188,305.8673400878906,153406.5,0.0,0.7,0.14,0.0,0.51,1.35,1.2,0.0729,0.027,0.373
data/kaggle/grading/Gajar/Small/Grade-1/33.jpg,Gajar,Small,Grade-1,train,567.1625366210938,229.10223388671875,107774.5,0.0,0.0,0.0,0.0,0.0,0.0,2.1,0.1275,0.0,0.354
data/kaggle/grading/Kupro/Large/Grade-3/83.jpg,Kupro,Large,Grade-3,train,511.5783386230469,379.7224426269531,153173.5,0.0,0.0,0.0,0.0,0.61,0.61,1.72,0.0497,0.018,0.359
data/kaggle/grading/Gajar/Small/Grade-3/151.jpg,Gajar,Small,Grade-3,train,567.9239501953125,277.128662109375,131794.5,0.0,0.48,0.15,0.0,0.5,1.13,1.86,0.0303,0.013,0.457
data/kaggle/grading/Kupro/Large/Grade-1/166.jpg,Kupro,Large,Grade-1,train,530.857666015625,304.2252502441406,129780.5,0.0,0.0,0.0,0.0,5.0,5.0,0.91,0.0636,0.048,0.382
data/kaggle/grading/Gajar/Large/Grade-1/144.jpg,Gajar,Large,Grade-1,train,637.4923095703125,289.326416015625,153448.0,0.0,0.0,0.0,0.0,0.0,0.0,1.63,0.0869,0.153,0.401
data/kaggle/grading/Gajar/Small/Grade-1/137.jpg,Gajar,Small,Grade-1,train,568.3577880859375,275.3932189941406,128421.5,0.0,0.0,0.0,0.0,0.0,0.0,2.2,0.1009,0.002,0.376
data/kaggle/grading/Kupro/Large/Grade-2/244.jpg,Kupro,Large,Grade-2,train,497.3661193847656,348.5101623535156,135908.0,0.0,0.18,0.0,0.0,3.02,3.2,2.6,0.0615,0.008,0.348
data/kaggle/grading/Gajar/Large/Grade-3/62.jpg,Gajar,Large,Grade-3,train,657.6598510742188,288.6125183105469,156300.0,0.0,0.26,0.07,0.0,0.0,0.33,2.15,0.0676,0.014,0.368
data/kaggle/grading/Kupro/Large/Grade-1/14.jpg,Kupro,Large,Grade-1,train,528.9757690429688,361.77740478515625,148579.5,0.0,0.0,0.0,0.0,2.16,2.16,0.72,0.0499,0.12,0.401
data/kaggle/grading/Kupro/Large/Grade-1/313.jpg,Kupro,Large,Grade-1,train,487.3444213867187,348.73553466796875,138463.0,0.0,0.0,0.0,0.0,0.0,0.0,1.11,0.028,0.634,0.384
data/kaggle/grading/Kupro/Large/Grade-2/256.jpg,Kupro,Large,Grade-2,train,484.329345703125,385.26470947265625,143267.5,0.0,0.0,0.0,0.0,1.7,1.7,1.46,0.0491,0.064,0.373
data/kaggle/grading/Gajar/Medium/Grade-2/26.jpg,Gajar,Medium,Grade-2,train,591.72705078125,296.0411376953125,139675.0,0.0,0.0,0.0,0.0,0.0,0.0,1.09,0.052,0.0,0.378
data/kaggle/grading/Kupro/Large/Grade-1/227.jpg,Kupro,Large,Grade-1,train,471.6606140136719,359.37615966796875,135800.0,0.0,0.0,0.0,0.0,0.0,0.0,1.0,0.0444,1.116,0.408
data/kaggle/grading/Gajar/Small/Grade-2/137.jpg,Gajar,Small,Grade-2,train,531.17529296875,257.873779296875,115713.0,0.0,0.0,0.0,0.0,0.0,0.0,1.22,0.0183,0.0,0.401
data/kaggle/grading/Gajar/Small/Grade-2/140.jpg,Gajar,Small,Grade-2,train,526.0115356445312,256.3315124511719,114805.0,0.0,0.0,0.0,0.0,0.0,0.0,0.43,0.029,0.0,0.374
data/kaggle/grading/Gajar/Small/Grade-1/100.jpg,Gajar,Small,Grade-1,train,563.76708984375,244.8025054931641,123202.5,0.34,0.0,0.0,0.0,0.0,0.34,0.22,0.087,0.056,0.432
data/kaggle/grading/Kupro/Large/Grade-1/303.jpg,Kupro,Large,Grade-1,train,486.4958190917969,336.3061828613281,133577.0,0.0,0.0,0.0,0.0,0.0,0.0,3.25,0.0637,0.253,0.366
data/kaggle/grading/Gajar/Large/Grade-2/27.jpg,Gajar,Large,Grade-2,train,614.551513671875,285.575927734375,146596.0,0.0,0.0,0.0,0.0,0.0,0.0,0.75,0.0582,0.0,0.394
data/kaggle/grading/Gajar/Small/Grade-2/39.jpg,Gajar,Small,Grade-2,train,544.7505493164062,275.4489440917969,121999.5,0.0,0.0,0.07,0.0,0.0,0.07,1.08,0.053,0.06,0.46
data/kaggle/grading/Gajar/Small/Grade-1/89.jpg,Gajar,Small,Grade-1,train,588.854248046875,292.619384765625,136950.5,0.0,0.0,0.0,0.0,0.0,0.0,1.48,0.0922,0.008,0.394
data/kaggle/grading/Gajar/Small/Grade-2/5.jpg,Gajar,Small,Grade-2,train,535.5757446289062,252.46583557128903,110711.0,0.31,0.0,0.0,0.0,0.0,0.31,0.57,0.0537,0.001,0.411
data/kaggle/grading/Gajar/Medium/Grade-2/1.jpg,Gajar,Medium,Grade-2,train,561.5471801757812,310.1192626953125,141104.5,0.21,0.36,0.1,0.0,0.0,0.67,0.88,0.0642,0.0,0.367
data/kaggle/grading/Gajar/Medium/Grade-1/31.jpg,Gajar,Medium,Grade-1,train,578.4853515625,279.7765808105469,129649.0,0.0,0.0,0.0,0.0,0.0,0.0,1.13,0.0898,0.0,0.317
data/kaggle/grading/Gajar/Small/Grade-1/60.jpg,Gajar,Small,Grade-1,train,597.3456420898438,259.7921447753906,128836.5,0.0,0.0,0.0,0.0,0.0,0.0,1.53,0.0764,0.271,0.414
data/kaggle/grading/Kupro/Large/Grade-1/316.jpg,Kupro,Large,Grade-1,train,489.6903381347656,346.5606384277344,137199.0,0.0,0.0,0.0,0.0,0.85,0.85,1.45,0.0589,0.438,0.38
data/kaggle/grading/Kupro/Large/Grade-3/92.jpg,Kupro,Large,Grade-3,train,534.5751342773438,339.74468994140625,144265.5,0.0,0.0,0.0,0.0,0.0,0.0,0.9,0.0725,0.0,0.359
data/kaggle/grading/Gajar/Small/Grade-1/195.jpg,Gajar,Small,Grade-1,train,536.550537109375,275.1469421386719,121971.5,0.0,0.0,0.06,0.0,0.0,0.06,0.76,0.0261,0.0,0.371
data/kaggle/grading/Gajar/Large/Grade-1/15.jpg,Gajar,Large,Grade-1,train,620.7584228515625,267.6839904785156,135184.0,0.0,0.0,0.0,0.0,0.0,0.0,1.52,0.0814,0.001,0.378
data/kaggle/grading/Gajar/Small/Grade-2/79.jpg,Gajar,Small,Grade-2,train,535.1077270507812,239.7367401123047,109542.5,0.0,0.15,0.15,0.0,0.0,0.3,2.07,0.0836,0.045,0.463
data/kaggle/grading/Gajar/Medium/Grade-1/191.jpg,Gajar,Medium,Grade-1,train,586.0950317382812,267.1632995605469,130370.5,0.0,0.0,0.0,0.0,0.0,0.0,0.48,0.0924,0.871,0.463
data/kaggle/grading/Gajar/Small/Grade-1/44.jpg,Gajar,Small,Grade-1,train,580.4825439453125,276.84552001953125,134493.0,0.0,0.0,0.0,0.0,0.0,0.0,1.0,0.072,0.0,0.355
data/kaggle/grading/Gajar/Large/Grade-1/92.jpg,Gajar,Large,Grade-1,train,622.0,264.0,137448.5,0.0,0.0,0.0,0.0,0.0,0.0,0.47,0.0579,0.0,0.405
data/kaggle/grading/Gajar/Large/Grade-3/110.jpg,Gajar,Large,Grade-3,train,641.8285522460938,293.172119140625,153748.5,0.0,0.0,0.0,0.0,0.0,0.0,0.28,0.0591,0.075,0.474
data/kaggle/grading/Gajar/Small/Grade-3/174.jpg,Gajar,Small,Grade-3,train,591.7432250976562,281.1900634765625,143683.5,0.0,0.16,0.0,0.0,0.0,0.16,2.24,0.0467,0.001,0.381
data/kaggle/grading/Gajar/Medium/Grade-3/21.jpg,Gajar,Medium,Grade-3,train,543.5371704101562,252.3038330078125,113138.5,0.0,0.0,0.12,0.0,0.0,0.12,1.73,0.0698,0.001,0.392
data/kaggle/grading/Kupro/Large/Grade-2/141.jpg,Kupro,Large,Grade-2,train,492.2861633300781,343.30511474609375,132028.0,0.0,0.0,0.0,0.0,1.85,1.85,1.86,0.0769,0.0,0.371
data/kaggle/grading/Gajar/Large/Grade-1/30.jpg,Gajar,Large,Grade-1,train,622.9232177734375,266.8328857421875,142953.0,0.0,0.0,0.0,0.0,0.0,0.0,0.31,0.0658,0.399,0.451
data/kaggle/grading/Kupro/Large/Grade-2/313.jpg,Kupro,Large,Grade-2,train,508.0660705566406,360.5167541503906,142907.5,0.0,0.0,0.0,0.0,0.41,0.41,0.86,0.0407,0.595,0.406
data/kaggle/grading/Kupro/Large/Grade-2/363.jpg,Kupro,Large,Grade-2,train,456.438232421875,335.1370544433594,125562.0,0.0,0.0,0.0,0.0,0.47,0.47,1.86,0.063,0.0,0.386
data/kaggle/grading/Kupro/Large/Grade-2/53.jpg,Kupro,Large,Grade-2,train,484.9856262207031,344.9709777832031,132848.0,0.0,0.0,0.0,0.0,0.59,0.59,2.49,0.0696,0.137,0.381
data/kaggle/grading/Gajar/Small/Grade-3/81.jpg,Gajar,Small,Grade-3,train,517.9866333007812,250.7970428466797,110039.0,0.0,0.0,0.14,0.0,0.0,0.14,1.65,0.0768,0.0,0.426
data/kaggle/grading/Gajar/Small/Grade-1/196.jpg,Gajar,Small,Grade-1,train,524.7462768554688,232.10166931152344,105169.0,0.0,0.0,0.0,0.0,0.0,0.0,0.41,0.0423,0.0,0.377
data/kaggle/grading/Gajar/Small/Grade-3/189.jpg,Gajar,Small,Grade-3,train,520.4760131835938,275.34698486328125,114494.0,0.0,0.0,0.0,0.0,0.0,0.0,2.46,0.0775,0.028,0.41
data/kaggle/grading/Gajar/Medium/Grade-1/49.jpg,Gajar,Medium,Grade-1,train,599.5598754882812,240.07679748535156,122609.5,0.0,0.0,0.0,0.0,0.0,0.0,1.22,0.111,0.008,0.408
data/kaggle/grading/Kupro/Large/Grade-2/29.jpg,Kupro,Large,Grade-2,train,511.5636291503906,366.665283203125,146988.5,0.0,0.0,0.0,0.0,0.0,0.0,0.89,0.0315,0.058,0.357
data/kaggle/grading/Gajar/Large/Grade-3/94.jpg,Gajar,Large,Grade-3,train,625.9486083984375,253.7526092529297,135257.0,0.0,0.56,0.26,0.0,0.0,0.82,1.75,0.1052,0.007,0.403
data/kaggle/grading/Kupro/Large/Grade-1/238.jpg,Kupro,Large,Grade-1,train,505.85406494140625,347.68560791015625,141782.5,0.0,0.0,0.0,0.0,1.7,1.7,0.73,0.042,0.1,0.42
data/kaggle/grading/Kupro/Large/Grade-2/265.jpg,Kupro,Large,Grade-2,train,478.1758728027344,330.02276611328125,125096.5,0.0,0.0,0.0,0.0,6.58,6.58,0.65,0.0645,0.0,0.356
data/kaggle/grading/Gajar/Small/Grade-3/206.jpg,Gajar,Small,Grade-3,train,589.6405639648438,291.97039794921875,140838.0,0.91,0.0,0.17,0.0,0.56,1.64,1.3,0.0392,0.0,0.381
data/kaggle/grading/Gajar/Large/Grade-2/4.jpg,Gajar,Large,Grade-2,train,590.4612426757812,278.24969482421875,138936.5,0.0,0.0,0.0,0.0,0.0,0.0,1.82,0.1132,0.131,0.454
data/kaggle/grading/Gajar/Small/Grade-2/49.jpg,Gajar,Small,Grade-2,train,559.0,297.0,138600.5,0.65,0.49,0.0,0.0,0.0,1.14,1.73,0.0592,0.009,0.425
data/kaggle/grading/Gajar/Medium/Grade-1/101.jpg,Gajar,Medium,Grade-1,train,596.055419921875,255.7304229736328,128583.0,0.0,0.0,0.0,0.0,0.0,0.0,1.65,0.0965,0.165,0.419
data/kaggle/grading/Kupro/Large/Grade-2/89.jpg,Kupro,Large,Grade-2,train,497.9145812988281,346.7738342285156,136515.0,0.0,0.0,0.0,0.0,1.65,1.65,1.79,0.0815,0.0,0.347
data/kaggle/grading/Gajar/Large/Grade-2/43.jpg,Gajar,Large,Grade-2,train,653.4183959960938,306.3068542480469,159134.0,0.0,0.39,0.0,0.0,0.0,0.39,2.33,0.0999,0.02,0.403
data/kaggle/grading/Kupro/Large/Grade-1/20.jpg,Kupro,Large,Grade-1,train,520.4871826171875,348.5258483886719,141138.0,0.0,0.0,0.0,0.0,1.91,1.91,0.91,0.0642,0.054,0.348
data/kaggle/grading/Gajar/Small/Grade-2/3.jpg,Gajar,Small,Grade-2,train,555.8291625976562,279.20458984375,132828.5,0.0,0.0,0.0,0.0,0.0,0.0,2.44,0.0687,0.018,0.352
data/kaggle/grading/Gajar/Medium/Grade-3/10.jpg,Gajar,Medium,Grade-3,train,599.2060546875,280.6410217285156,136117.5,0.0,0.0,0.13,0.0,0.0,0.13,0.54,0.1314,0.0,0.405
data/kaggle/grading/Kupro/Large/Grade-2/126.jpg,Kupro,Large,Grade-2,train,495.3525695800781,352.5072937011719,136697.5,0.0,0.0,0.0,0.0,1.42,1.42,1.75,0.0503,0.186,0.383
data/kaggle/grading/Kupro/Large/Grade-1/317.jpg,Kupro,Large,Grade-1,train,498.9872131347656,352.3333740234375,140467.0,0.0,0.0,0.0,0.0,3.47,3.47,1.25,0.0417,0.004,0.408
data/kaggle/grading/Kupro/Large/Grade-3/36.jpg,Kupro,Large,Grade-3,train,484.1599426269531,330.14190673828125,124688.0,0.0,0.0,0.0,0.0,0.0,0.0,1.58,0.0804,0.0,0.384
data/kaggle/grading/Gajar/Small/Grade-3/25.jpg,Gajar,Small,Grade-3,train,559.1506958007812,294.3410949707031,137885.0,0.0,0.0,0.0,0.0,0.0,0.0,1.2,0.0626,0.024,0.467
data/kaggle/grading/Kupro/Large/Grade-2/282.jpg,Kupro,Large,Grade-2,train,488.5951843261719,308.5745544433594,123512.0,0.0,0.0,0.0,0.0,4.32,4.32,0.32,0.0455,0.021,0.368
data/kaggle/grading/Gajar/Small/Grade-3/118.jpg,Gajar,Small,Grade-3,train,541.359130859375,261.09375,118516.0,0.0,0.16,0.2,0.0,3.31,3.67,1.14,0.0637,0.506,0.417
data/kaggle/grading/Gajar/Medium/Grade-1/188.jpg,Gajar,Medium,Grade-1,train,575.4559936523438,285.7021179199219,138696.0,0.0,0.0,0.0,0.0,0.5,0.5,0.76,0.0898,0.013,0.391
data/kaggle/grading/Gajar/Large/Grade-1/125.jpg,Gajar,Large,Grade-1,train,594.8598022460938,296.76995849609375,142270.0,0.0,0.0,0.0,0.0,0.0,0.0,0.34,0.0976,0.0,0.361
data/kaggle/grading/Gajar/Large/Grade-1/83.jpg,Gajar,Large,Grade-1,train,639.7725219726562,289.71844482421875,153601.5,0.0,0.0,0.0,0.0,0.0,0.0,1.23,0.11,0.003,0.41
data/kaggle/grading/Gajar/Medium/Grade-3/55.jpg,Gajar,Medium,Grade-3,train,558.0,258.0,121237.0,0.0,0.0,0.0,0.0,0.0,0.0,0.91,0.0601,0.0,0.33
data/kaggle/grading/Gajar/Small/Grade-3/144.jpg,Gajar,Small,Grade-3,train,557.8179321289062,273.1377258300781,124719.0,0.0,0.6,0.28,0.0,0.4,1.28,1.16,0.0458,0.0,0.362
data/kaggle/grading/Kupro/Large/Grade-2/65.jpg,Kupro,Large,Grade-2,train,469.20697021484375,351.03326416015625,129475.5,0.0,0.0,0.0,0.0,0.0,0.0,0.19,0.0491,1.801,0.429
data/kaggle/grading/Gajar/Small/Grade-3/43.jpg,Gajar,Small,Grade-3,train,570.3453979492188,260.04351806640625,125124.0,0.0,0.48,0.16,0.0,0.0,0.64,1.05,0.0692,0.017,0.415
data/kaggle/grading/Kupro/Large/Grade-3/63.jpg,Kupro,Large,Grade-3,train,468.160400390625,324.11798095703125,123674.5,0.84,0.0,0.08,0.0,1.47,2.39,1.83,0.0756,0.0,0.404
data/kaggle/grading/Gajar/Large/Grade-1/33.jpg,Gajar,Large,Grade-1,train,632.0965576171875,269.70635986328125,144108.5,0.0,0.0,0.0,0.0,0.0,0.0,0.48,0.0669,0.349,0.447
data/kaggle/grading/Gajar/Small/Grade-1/73.jpg,Gajar,Small,Grade-1,train,568.477294921875,261.17327880859375,114256.0,0.0,0.0,0.0,0.0,0.0,0.0,1.16,0.0776,0.0,0.408
data/kaggle/grading/Gajar/Large/Grade-3/20.jpg,Gajar,Large,Grade-3,train,631.843017578125,296.9883117675781,148259.0,0.0,0.0,0.0,0.0,0.0,0.0,2.26,0.0913,0.001,0.38
data/kaggle/grading/Gajar/Medium/Grade-1/145.jpg,Gajar,Medium,Grade-1,train,520.9323120117188,267.09417724609375,114946.5,0.0,0.0,0.0,0.0,0.0,0.0,0.19,0.0334,0.01,0.383
data/kaggle/grading/Kupro/Large/Grade-1/182.jpg,Kupro,Large,Grade-1,train,497.1761474609375,313.160400390625,126153.5,0.0,0.0,0.0,0.0,1.24,1.24,1.77,0.0394,0.002,0.388
data/kaggle/grading/Gajar/Large/Grade-2/81.jpg,Gajar,Large,Grade-2,train,626.3386840820312,250.683349609375,129951.5,0.0,0.0,0.05,0.0,0.0,0.05,0.48,0.0681,0.47,0.491
data/kaggle/grading/Gajar/Medium/Grade-3/50.jpg,Gajar,Medium,Grade-3,train,584.8778076171875,305.4134826660156,143249.0,0.33,0.16,0.0,0.0,0.0,0.49,0.78,0.0306,0.0,0.392
data/kaggle/grading/Kupro/Large/Grade-2/123.jpg,Kupro,Large,Grade-2,train,496.24322509765625,339.5285339355469,131837.0,0.0,0.0,0.0,0.0,1.26,1.26,1.36,0.0636,0.044,0.393
data/kaggle/grading/Gajar/Medium/Grade-3/67.jpg,Gajar,Medium,Grade-3,train,592.46044921875,254.6902618408203,127008.0,0.0,0.0,0.05,0.0,0.0,0.05,1.53,0.0651,0.001,0.376
data/kaggle/grading/Gajar/Small/Grade-1/157.jpg,Gajar,Small,Grade-1,train,528.8289184570312,264.528076171875,115827.5,0.0,0.0,0.0,0.0,0.0,0.0,0.54,0.082,0.665,0.494
data/kaggle/grading/Kupro/Large/Grade-1/160.jpg,Kupro,Large,Grade-1,train,515.3711547851562,339.1445007324219,137949.0,0.0,0.0,0.0,0.0,1.95,1.95,1.31,0.0334,0.123,0.391
data/kaggle/grading/Gajar/Small/Grade-1/46.jpg,Gajar,Small,Grade-1,train,580.935791015625,255.3010711669922,125001.5,0.0,0.0,0.0,0.0,0.0,0.0,0.73,0.1121,0.163,0.418
data/kaggle/grading/Gajar/Medium/Grade-1/183.jpg,Gajar,Medium,Grade-1,train,572.58203125,289.0727844238281,137603.5,0.0,0.0,0.0,0.0,0.0,0.0,1.71,0.0867,0.0,0.377
data/kaggle/grading/Gajar/Large/Grade-3/78.jpg,Gajar,Large,Grade-3,train,644.9225463867188,311.3460388183594,156137.0,0.0,0.16,0.22,0.0,0.0,0.38,0.93,0.0659,0.002,0.421
data/kaggle/grading/Gajar/Small/Grade-3/125.jpg,Gajar,Small,Grade-3,train,557.7080688476562,276.499267578125,128973.0,0.0,0.0,0.3,0.0,0.0,0.3,1.87,0.043,0.0,0.413
data/kaggle/grading/Kupro/Large/Grade-2/103.jpg,Kupro,Large,Grade-2,train,500.0,374.0,146455.0,0.0,0.0,0.0,0.0,0.0,0.0,0.51,0.0614,0.997,0.399
data/kaggle/grading/Gajar/Small/Grade-3/2.jpg,Gajar,Small,Grade-3,train,536.2069091796875,238.87684631347656,110665.0,0.0,0.0,0.35,0.0,0.0,0.35,0.8,0.0625,0.0,0.423
data/kaggle/grading/Gajar/Medium/Grade-1/178.jpg,Gajar,Medium,Grade-1,train,587.87890625,250.38211059570312,124617.5,0.0,0.0,0.0,0.0,0.0,0.0,0.68,0.0863,0.001,0.4
data/kaggle/grading/Gajar/Large/Grade-2/118.jpg,Gajar,Large,Grade-2,train,683.9393310546875,257.19085693359375,149244.5,0.0,0.0,0.06,0.0,0.0,0.06,0.73,0.0718,0.003,0.468
data/kaggle/grading/Gajar/Medium/Grade-2/38.jpg,Gajar,Medium,Grade-2,train,524.6926879882812,266.94586181640625,112209.0,0.0,0.0,0.0,0.0,0.0,0.0,0.73,0.0532,0.005,0.375
data/kaggle/grading/Gajar/Small/Grade-1/79.jpg,Gajar,Small,Grade-1,train,552.4390869140625,260.5632629394531,120990.5,0.0,0.0,0.0,0.0,0.51,0.51,2.0,0.0594,0.0,0.344
data/kaggle/grading/Kupro/Large/Grade-1/320.jpg,Kupro,Large,Grade-1,train,489.0035400390625,360.2967224121094,135638.0,0.0,0.0,0.0,0.0,0.0,0.0,0.84,0.0426,0.311,0.469
data/kaggle/grading/Kupro/Large/Grade-1/110.jpg,Kupro,Large,Grade-1,train,522.4349975585938,355.8031921386719,146661.5,0.0,0.0,0.0,0.0,0.0,0.0,1.37,0.0627,0.761,0.387
data/kaggle/grading/Gajar/Medium/Grade-1/138.jpg,Gajar,Medium,Grade-1,train,561.0,262.0,123778.5,0.0,0.0,0.0,0.0,0.0,0.0,2.31,0.0983,0.0,0.384
data/kaggle/grading/Kupro/Large/Grade-1/89.jpg,Kupro,Large,Grade-1,train,482.11322021484375,318.14764404296875,117572.0,0.0,0.0,0.0,0.0,0.51,0.51,1.67,0.048,0.275,0.388
data/kaggle/grading/Kupro/Large/Grade-2/207.jpg,Kupro,Large,Grade-2,train,521.491943359375,356.9240417480469,144147.5,0.0,0.0,0.0,0.0,0.0,0.0,0.55,0.0678,0.72,0.37
data/kaggle/grading/Kupro/Large/Grade-3/90.jpg,Kupro,Large,Grade-3,train,512.5355224609375,375.64501953125,145997.5,0.0,0.0,0.0,0.0,0.0,0.0,1.28,0.0769,0.006,0.356
data/kaggle/grading/Gajar/Small/Grade-1/142.jpg,Gajar,Small,Grade-1,train,503.1815490722656,256.4013366699219,104305.0,0.0,0.0,0.0,0.0,0.0,0.0,2.78,0.1077,0.0,0.357
data/kaggle/grading/Gajar/Medium/Grade-1/154.jpg,Gajar,Medium,Grade-1,train,606.6401977539062,303.2459716796875,146457.5,0.0,0.0,0.0,0.0,0.0,0.0,1.72,0.0828,0.007,0.343
data/kaggle/grading/Gajar/Large/Grade-1/46.jpg,Gajar,Large,Grade-1,train,662.9542236328125,271.7257385253906,148111.0,0.0,0.0,0.0,0.0,0.0,0.0,0.97,0.1451,0.002,0.413
data/kaggle/grading/Gajar/Medium/Grade-1/105.jpg,Gajar,Medium,Grade-1,train,586.3494262695312,243.9271240234375,117394.0,0.0,0.0,0.0,0.0,0.0,0.0,0.6,0.0754,0.225,0.439
data/kaggle/grading/Gajar/Medium/Grade-3/27.jpg,Gajar,Medium,Grade-3,train,571.5773315429688,274.8826904296875,129012.0,0.0,0.0,0.0,0.0,0.0,0.0,1.39,0.0524,0.0,0.361
data/kaggle/grading/Gajar/Medium/Grade-1/19.jpg,Gajar,Medium,Grade-1,train,543.41796875,263.98260498046875,112911.5,0.0,0.0,0.0,0.0,0.0,0.0,0.99,0.0859,0.0,0.368
data/kaggle/grading/Kupro/Large/Grade-2/245.jpg,Kupro,Large,Grade-2,train,515.3782958984375,347.9982604980469,137883.5,0.0,0.0,0.0,0.0,0.0,0.0,1.42,0.0895,0.323,0.404
data/kaggle/grading/Gajar/Small/Grade-3/13.jpg,Gajar,Small,Grade-3,train,536.0151977539062,266.1280517578125,120508.5,0.29,0.67,0.6,0.0,0.0,1.56,1.56,0.078,0.001,0.388
data/kaggle/grading/Gajar/Large/Grade-1/4.jpg,Gajar,Large,Grade-1,train,587.428466796875,299.2957763671875,146203.0,0.0,0.0,0.0,0.0,0.0,0.0,0.21,0.0634,0.429,0.482
data/kaggle/grading/Gajar/Small/Grade-2/90.jpg,Gajar,Small,Grade-2,train,588.0529174804688,283.0070495605469,141231.5,0.24,0.16,0.0,0.0,0.0,0.4,1.2,0.0726,0.0,0.39
data/kaggle/grading/Kupro/Large/Grade-3/95.jpg,Kupro,Large,Grade-3,train,538.033203125,364.0704956054687,150355.5,0.0,0.0,0.0,0.0,0.0,0.0,0.81,0.0569,0.0,0.326
data/kaggle/grading/Gajar/Medium/Grade-2/9.jpg,Gajar,Medium,Grade-2,train,612.8082275390625,263.7731018066406,135825.5,0.0,0.0,0.0,0.0,0.0,0.0,1.21,0.1202,0.38,0.451
data/kaggle/grading/Gajar/Small/Grade-3/75.jpg,Gajar,Small,Grade-3,train,532.2208862304688,274.42962646484375,118042.0,0.0,0.0,0.1,0.0,0.0,0.1,0.43,0.0313,0.086,0.447
data/kaggle/grading/Gajar/Large/Grade-2/33.jpg,Gajar,Large,Grade-2,train,651.3134155273438,277.6438293457031,157181.0,0.0,0.0,0.0,0.0,0.0,0.0,2.21,0.0998,0.009,0.392
data/kaggle/grading/Gajar/Small/Grade-1/106.jpg,Gajar,Small,Grade-1,train,573.1984252929688,239.87696838378903,115433.5,0.0,0.0,0.0,0.0,0.0,0.0,2.45,0.0805,0.244,0.433
data/kaggle/grading/Gajar/Medium/Grade-1/143.jpg,Gajar,Medium,Grade-1,train,551.9081420898438,248.2537078857422,116698.5,0.0,0.0,0.0,0.0,0.0,0.0,0.85,0.0704,0.232,0.454
data/kaggle/grading/Gajar/Small/Grade-1/141.jpg,Gajar,Small,Grade-1,train,569.7199096679688,251.8116149902344,115894.0,0.0,0.19,0.0,0.0,0.0,0.19,2.87,0.1095,0.029,0.402
data/kaggle/grading/Gajar/Large/Grade-1/102.jpg,Gajar,Large,Grade-1,train,591.6012573242188,303.29315185546875,146000.5,0.0,0.0,0.0,0.0,0.0,0.0,0.91,0.0642,0.0,0.373
data/kaggle/grading/Gajar/Medium/Grade-1/190.jpg,Gajar,Medium,Grade-1,train,590.9094848632812,278.7061767578125,138460.0,0.0,0.0,0.0,0.0,0.0,0.0,0.0,0.0878,0.774,0.464
data/kaggle/grading/Gajar/Large/Grade-1/68.jpg,Gajar,Large,Grade-1,train,615.5989990234375,274.731689453125,141063.0,0.0,0.0,0.0,0.0,0.0,0.0,0.4,0.1036,0.293,0.481
data/kaggle/grading/Kupro/Large/Grade-1/296.jpg,Kupro,Large,Grade-1,train,556.0,368.0,152253.5,0.0,0.0,0.0,0.0,0.0,0.0,0.0,0.0427,2.295,0.397
data/kaggle/grading/Gajar/Small/Grade-1/194.jpg,Gajar,Small,Grade-1,train,571.7726440429688,258.1554870605469,123261.0,0.0,0.0,0.0,0.0,0.0,0.0,1.32,0.0381,0.114,0.431
data/kaggle/grading/Gajar/Large/Grade-3/77.jpg,Gajar,Large,Grade-3,train,614.5093383789062,302.27764892578125,150670.0,0.0,0.96,0.43,0.0,0.0,1.39,0.42,0.0666,0.0,0.397
data/kaggle/grading/Kupro/Large/Grade-1/254.jpg,Kupro,Large,Grade-1,train,500.1178588867187,382.4168701171875,153219.5,0.0,0.0,0.0,0.0,0.56,0.56,0.75,0.0526,1.099,0.382
data/kaggle/grading/Kupro/Large/Grade-2/136.jpg,Kupro,Large,Grade-2,train,478.5280151367187,338.5828857421875,127085.5,0.0,0.0,0.0,0.0,5.64,5.64,0.32,0.038,0.0,0.355
data/kaggle/grading/Kupro/Large/Grade-2/58.jpg,Kupro,Large,Grade-2,train,489.0348510742187,343.0347900390625,130847.0,0.0,0.0,0.0,0.0,3.12,3.12,0.47,0.0732,0.0,0.303
data/kaggle/grading/Kupro/Large/Grade-1/75.jpg,Kupro,Large,Grade-1,train,524.9482421875,362.57623291015625,149624.0,0.0,0.0,0.0,0.0,0.0,0.0,1.07,0.0524,0.069,0.36
data/kaggle/grading/Kupro/Large/Grade-3/24.jpg,Kupro,Large,Grade-3,train,507.7838745117187,341.5237731933594,131466.5,0.63,0.0,0.14,0.0,1.93,2.7,1.63,0.0957,0.0,0.348
data/kaggle/grading/Kupro/Large/Grade-1/270.jpg,Kupro,Large,Grade-1,train,487.84857177734375,326.14349365234375,125061.5,0.0,0.0,0.0,0.0,0.0,0.0,0.9,0.034,0.518,0.42
data/kaggle/grading/Kupro/Large/Grade-1/170.jpg,Kupro,Large,Grade-1,train,519.0361328125,349.95001220703125,143534.0,0.0,0.0,0.0,0.0,0.0,0.0,1.09,0.0611,0.846,0.41
data/kaggle/grading/Kupro/Large/Grade-2/357.jpg,Kupro,Large,Grade-2,train,506.2000427246094,365.5368957519531,145231.5,0.0,0.0,0.0,0.0,0.0,0.0,0.9,0.0642,1.449,0.407
data/kaggle/grading/Kupro/Large/Grade-3/76.jpg,Kupro,Large,Grade-3,train,521.7974853515625,326.1731872558594,134256.5,0.0,0.0,0.0,0.0,0.0,0.0,0.53,0.0473,0.569,0.402
data/kaggle/grading/Gajar/Medium/Grade-3/9.jpg,Gajar,Medium,Grade-3,train,533.953857421875,259.2094421386719,118286.5,0.0,0.0,0.35,0.0,0.0,0.35,1.83,0.0706,0.0,0.325
data/kaggle/grading/Kupro/Large/Grade-3/8.jpg,Kupro,Large,Grade-3,train,490.5360412597656,360.53216552734375,138776.5,0.0,0.0,0.0,0.0,0.0,0.0,1.59,0.0982,0.037,0.425
data/kaggle/grading/Kupro/Large/Grade-1/198.jpg,Kupro,Large,Grade-1,train,516.6919555664062,351.11004638671875,142234.0,0.0,0.0,0.0,0.0,0.0,0.0,0.48,0.057,0.214,0.453
data/kaggle/grading/Gajar/Small/Grade-3/54.jpg,Gajar,Small,Grade-3,train,575.3224487304688,291.1651611328125,142249.0,1.14,0.57,0.55,0.0,0.0,2.26,0.77,0.0425,0.0,0.39
data/kaggle/grading/Kupro/Large/Grade-2/51.jpg,Kupro,Large,Grade-2,train,490.0513916015625,345.2200622558594,136093.5,0.0,0.0,0.0,0.0,0.0,0.0,1.19,0.0566,0.623,0.413
data/kaggle/grading/Gajar/Small/Grade-2/10.jpg,Gajar,Small,Grade-2,train,566.85693359375,237.5917053222656,116786.5,0.0,0.0,0.0,0.0,0.0,0.0,0.49,0.0627,0.001,0.359
data/kaggle/grading/Kupro/Large/Grade-1/271.jpg,Kupro,Large,Grade-1,train,487.35357666015625,323.0439453125,126831.0,0.0,0.0,0.0,0.0,0.0,0.0,1.09,0.0535,0.792,0.412
data/kaggle/grading/Gajar/Small/Grade-2/138.jpg,Gajar,Small,Grade-2,train,543.611083984375,269.3481750488281,120099.0,0.0,0.0,0.29,0.0,0.0,0.29,2.2,0.0513,0.006,0.391
data/kaggle/grading/Gajar/Small/Grade-1/182.jpg,Gajar,Small,Grade-1,train,479.8426513671875,270.2561950683594,106152.5,0.0,0.0,0.0,0.0,0.0,0.0,0.59,0.0317,0.0,0.378
data/kaggle/grading/Gajar/Small/Grade-3/113.jpg,Gajar,Small,Grade-3,train,529.0057983398438,267.46466064453125,119026.0,0.0,0.0,0.0,0.0,0.0,0.0,1.33,0.0422,0.0,0.423
data/kaggle/grading/Kupro/Large/Grade-1/187.jpg,Kupro,Large,Grade-1,train,497.5511169433594,356.67364501953125,135813.5,0.0,0.0,0.0,0.0,0.0,0.0,1.08,0.0455,0.954,0.365
data/kaggle/grading/Gajar/Large/Grade-2/107.jpg,Gajar,Large,Grade-2,train,677.01513671875,277.9937438964844,156374.0,0.0,0.0,0.0,0.0,0.0,0.0,0.71,0.0814,0.236,0.435
data/kaggle/grading/Gajar/Small/Grade-1/114.jpg,Gajar,Small,Grade-1,train,565.6429443359375,267.143310546875,128780.0,0.0,0.0,0.0,0.0,0.0,0.0,1.1,0.0658,0.024,0.377
data/kaggle/grading/Gajar/Medium/Grade-3/44.jpg,Gajar,Medium,Grade-3,train,648.4300537109375,241.93783569335935,129761.5,0.0,1.5,0.18,0.0,0.0,1.68,0.86,0.055,0.002,0.412
data/kaggle/grading/Gajar/Large/Grade-1/167.jpg,Gajar,Large,Grade-1,train,611.2882080078125,297.3705139160156,148346.0,0.0,0.0,0.0,0.0,0.0,0.0,1.12,0.1052,0.0,0.359
data/kaggle/grading/Gajar/Small/Grade-3/23.jpg,Gajar,Small,Grade-3,train,576.445068359375,233.8118896484375,111078.0,0.0,0.16,0.29,0.0,0.0,0.45,1.67,0.0856,0.0,0.361
data/kaggle/grading/Kupro/Large/Grade-1/176.jpg,Kupro,Large,Grade-1,train,462.64117431640625,371.2513427734375,130745.5,0.0,0.0,0.0,0.0,1.19,1.19,0.97,0.0485,1.726,0.386
data/kaggle/grading/Kupro/Large/Grade-1/68.jpg,Kupro,Large,Grade-1,train,473.9622192382813,356.5813903808594,131353.0,0.0,0.0,0.0,0.0,3.05,3.05,0.57,0.054,0.0,0.392
data/kaggle/grading/Gajar/Small/Grade-1/52.jpg,Gajar,Small,Grade-1,train,528.1478271484375,229.3195648193359,103709.5,0.0,0.0,0.04,0.0,0.0,0.04,0.46,0.0636,0.201,0.462
data/kaggle/grading/Gajar/Large/Grade-1/162.jpg,Gajar,Large,Grade-1,train,594.1343994140625,309.3146667480469,151164.5,0.0,0.0,0.0,0.0,0.0,0.0,0.39,0.0955,0.925,0.45
data/kaggle/grading/Kupro/Large/Grade-1/145.jpg,Kupro,Large,Grade-1,train,497.0,340.0,135526.5,0.0,0.0,0.0,0.0,2.02,2.02,1.67,0.0797,0.003,0.371
data/kaggle/grading/Kupro/Large/Grade-2/307.jpg,Kupro,Large,Grade-2,train,517.8074340820312,359.6975402832031,142013.5,0.0,0.0,0.0,0.0,0.0,0.0,1.04,0.0715,0.353,0.375
data/kaggle/grading/Gajar/Small/Grade-2/19.jpg,Gajar,Small,Grade-2,train,524.6318969726562,265.7507629394531,112329.0,0.0,0.0,0.0,0.0,0.0,0.0,1.26,0.0354,0.0,0.41
data/kaggle/grading/Kupro/Large/Grade-2/257.jpg,Kupro,Large,Grade-2,train,466.03173828125,342.0719909667969,124560.0,0.0,0.0,0.0,0.0,0.0,0.0,1.1,0.0346,1.174,0.39
data/kaggle/grading/Kupro/Large/Grade-2/32.jpg,Kupro,Large,Grade-2,train,492.1532897949219,350.075927734375,131554.5,0.0,0.0,0.0,0.0,5.39,5.39,0.49,0.0271,0.0,0.378
data/kaggle/grading/Gajar/Large/Grade-1/137.jpg,Gajar,Large,Grade-1,train,642.6414184570312,294.62445068359375,150753.5,0.0,0.0,0.05,0.0,0.44,0.49,1.53,0.0965,0.141,0.43
data/kaggle/grading/Kupro/Large/Grade-1/37.jpg,Kupro,Large,Grade-1,train,510.3568420410156,338.1298828125,135418.5,0.0,0.0,0.0,0.0,0.0,0.0,2.43,0.0564,0.125,0.392
data/kaggle/grading/Kupro/Large/Grade-3/113.jpg,Kupro,Large,Grade-3,train,489.3047790527344,330.68115234375,128284.5,0.0,0.0,0.0,0.0,0.0,0.0,1.36,0.0731,0.802,0.401
data/kaggle/grading/Gajar/Large/Grade-2/120.jpg,Gajar,Large,Grade-2,train,640.6297607421875,304.7005310058594,162328.5,0.0,0.0,0.0,0.0,0.0,0.0,0.6,0.0503,0.002,0.45
data/kaggle/grading/Gajar/Small/Grade-3/132.jpg,Gajar,Small,Grade-3,train,566.0911254882812,256.82611083984375,120259.5,0.0,0.0,0.04,0.0,0.0,0.04,1.46,0.0689,0.166,0.44
data/kaggle/grading/Kupro/Large/Grade-2/225.jpg,Kupro,Large,Grade-2,train,551.0604248046875,337.4925231933594,151497.0,0.0,0.0,0.0,0.0,4.88,4.88,1.69,0.0651,0.001,0.359
data/kaggle/grading/Gajar/Small/Grade-1/123.jpg,Gajar,Small,Grade-1,train,618.1405639648438,310.2694091796875,156518.5,0.0,0.0,0.0,0.0,0.0,0.0,0.73,0.0809,0.242,0.455
data/kaggle/grading/Gajar/Small/Grade-2/32.jpg,Gajar,Small,Grade-2,train,561.3463134765625,241.04087829589844,110832.0,0.0,0.0,0.0,0.0,0.0,0.0,0.78,0.0591,0.001,0.344
data/kaggle/grading/Gajar/Small/Grade-2/35.jpg,Gajar,Small,Grade-2,train,560.4910278320312,267.1632995605469,125496.0,0.0,0.0,0.0,0.0,0.0,0.0,0.24,0.0752,0.0,0.369
data/kaggle/grading/Gajar/Large/Grade-1/170.jpg,Gajar,Large,Grade-1,train,633.1775512695312,294.9625549316406,155820.5,0.0,0.0,0.0,0.0,0.0,0.0,1.4,0.0813,0.0,0.439
data/kaggle/grading/Kupro/Large/Grade-2/144.jpg,Kupro,Large,Grade-2,train,498.9528503417969,353.51043701171875,145389.5,0.0,0.0,0.0,0.0,1.12,1.12,1.24,0.0681,0.051,0.37
data/kaggle/grading/Kupro/Large/Grade-1/36.jpg,Kupro,Large,Grade-1,train,494.4156799316406,366.5792236328125,140930.5,0.0,0.0,0.0,0.0,0.88,0.88,1.43,0.0333,0.145,0.4
data/kaggle/grading/Kupro/Large/Grade-1/172.jpg,Kupro,Large,Grade-1,train,455.6909484863281,374.134765625,130333.0,0.0,0.0,0.0,0.0,1.15,1.15,1.61,0.0485,1.174,0.391
data/kaggle/grading/Kupro/Large/Grade-1/169.jpg,Kupro,Large,Grade-1,train,526.2515258789062,341.9317932128906,139677.5,0.0,0.0,0.0,0.0,0.0,0.0,0.04,0.0492,2.294,0.415
data/kaggle/grading/Kupro/Large/Grade-2/289.jpg,Kupro,Large,Grade-2,train,498.8385620117187,331.36810302734375,129471.0,0.0,0.0,0.0,0.0,0.0,0.0,0.7,0.0373,2.195,0.376
data/kaggle/grading/Gajar/Large/Grade-3/2.jpg,Gajar,Large,Grade-3,train,634.2590942382812,278.984375,146433.0,0.0,0.38,0.2,0.0,0.0,0.58,0.86,0.0516,0.002,0.466
data/kaggle/grading/Gajar/Large/Grade-1/120.jpg,Gajar,Large,Grade-1,train,662.7003173828125,282.56427001953125,157331.0,0.0,0.0,0.0,0.0,0.0,0.0,1.72,0.0885,0.0,0.363
data/kaggle/grading/Gajar/Small/Grade-2/81.jpg,Gajar,Small,Grade-2,train,519.712158203125,252.33087158203125,105585.5,0.0,0.0,0.07,0.0,0.0,0.07,0.53,0.0396,0.088,0.467
data/kaggle/grading/Kupro/Large/Grade-2/48.jpg,Kupro,Large,Grade-2,train,485.3035888671875,350.0320129394531,136713.0,0.0,0.0,0.0,0.0,2.11,2.11,1.13,0.0759,0.151,0.36
data/kaggle/grading/Gajar/Medium/Grade-3/41.jpg,Gajar,Medium,Grade-3,train,535.3331298828125,246.3099365234375,111023.5,0.0,0.0,0.0,0.0,0.0,0.0,0.76,0.0572,0.002,0.444
data/kaggle/grading/Gajar/Large/Grade-1/113.jpg,Gajar,Large,Grade-1,train,615.0853271484375,279.12188720703125,143939.5,0.0,0.0,0.0,0.0,0.0,0.0,0.51,0.0453,0.0,0.416
data/kaggle/grading/Kupro/Large/Grade-2/110.jpg,Kupro,Large,Grade-2,train,509.1758728027344,355.8200378417969,143797.0,0.0,0.0,0.0,0.0,5.07,5.07,0.52,0.0637,0.026,0.362
data/kaggle/grading/Gajar/Medium/Grade-1/170.jpg,Gajar,Medium,Grade-1,train,613.74365234375,271.90216064453125,138990.5,0.0,0.0,0.0,0.0,0.0,0.0,0.48,0.0785,0.449,0.463
data/kaggle/grading/Kupro/Large/Grade-1/173.jpg,Kupro,Large,Grade-1,train,457.2693176269531,359.5254211425781,130451.5,0.0,0.0,0.0,0.0,3.3,3.3,1.97,0.071,0.097,0.364
data/kaggle/grading/Kupro/Large/Grade-1/3.jpg,Kupro,Large,Grade-1,train,535.3833618164062,344.8775329589844,140941.0,0.0,0.0,0.0,0.0,0.0,0.0,0.54,0.0682,0.657,0.413
data/kaggle/grading/Gajar/Small/Grade-2/65.jpg,Gajar,Small,Grade-2,train,501.9052734375,259.7535095214844,108189.5,0.0,0.0,0.0,0.0,0.0,0.0,0.17,0.0316,0.051,0.439
data/kaggle/grading/Kupro/Large/Grade-1/131.jpg,Kupro,Large,Grade-1,train,462.4932861328125,321.695556640625,119390.0,0.0,0.0,0.0,0.0,2.92,2.92,0.35,0.0592,0.212,0.346
data/kaggle/grading/Kupro/Large/Grade-3/52.jpg,Kupro,Large,Grade-3,train,484.5589294433594,339.1761474609375,127694.0,0.0,0.0,0.0,0.0,0.0,0.0,3.17,0.114,0.007,0.395
data/kaggle/grading/Gajar/Large/Grade-1/93.jpg,Gajar,Large,Grade-1,train,612.6703491210938,249.14344787597656,128649.5,0.0,0.0,0.0,0.0,0.0,0.0,0.26,0.0509,0.188,0.445
data/kaggle/grading/Kupro/Large/Grade-2/286.jpg,Kupro,Large,Grade-2,train,486.79937744140625,364.2915954589844,140531.0,0.0,0.0,0.0,0.0,0.0,0.0,1.32,0.0418,0.811,0.37
data/kaggle/grading/Gajar/Medium/Grade-1/39.jpg,Gajar,Medium,Grade-1,train,578.6248168945312,281.19122314453125,134123.5,0.0,0.0,0.0,0.0,0.0,0.0,2.03,0.1053,0.0,0.341
data/kaggle/grading/Gajar/Small/Grade-2/2.jpg,Gajar,Small,Grade-2,train,555.8291625976562,279.20458984375,132828.5,0.0,0.0,0.0,0.0,0.0,0.0,2.44,0.0687,0.018,0.352
data/kaggle/grading/Gajar/Medium/Grade-2/10.jpg,Gajar,Medium,Grade-2,train,607.9351196289062,256.1246643066406,129879.0,0.0,0.0,0.0,0.0,0.0,0.0,1.51,0.0984,0.171,0.445
data/kaggle/grading/Kupro/Large/Grade-1/133.jpg,Kupro,Large,Grade-1,train,505.12738037109375,347.4812927246094,131491.0,0.0,0.0,0.0,0.0,0.0,0.0,1.93,0.061,0.054,0.371
data/kaggle/grading/Gajar/Large/Grade-3/3.jpg,Gajar,Large,Grade-3,train,626.0,319.0,160113.5,0.0,0.0,0.44,0.0,0.0,0.44,1.18,0.0613,0.0,0.41
data/kaggle/grading/Kupro/Large/Grade-2/195.jpg,Kupro,Large,Grade-2,train,505.8818664550781,359.99615478515625,141278.0,0.0,0.0,0.0,0.0,1.53,1.53,1.14,0.0672,0.033,0.407
data/kaggle/grading/Gajar/Medium/Grade-1/168.jpg,Gajar,Medium,Grade-1,train,618.1638793945312,301.8852233886719,155073.0,0.0,0.0,0.0,0.0,0.0,0.0,1.15,0.0716,0.001,0.381
data/kaggle/grading/Gajar/Small/Grade-3/76.jpg,Gajar,Small,Grade-3,train,511.0,241.0,105062.5,0.0,0.8,0.18,0.0,0.0,0.98,1.1,0.0631,0.023,0.42
data/kaggle/grading/Gajar/Large/Grade-2/40.jpg,Gajar,Large,Grade-2,train,678.0,291.0,164124.0,0.0,0.0,0.0,0.0,0.0,0.0,0.98,0.069,0.001,0.379
data/kaggle/grading/Kupro/Large/Grade-2/168.jpg,Kupro,Large,Grade-2,train,487.1206359863281,340.2873840332031,131077.0,0.0,0.0,0.0,0.0,0.0,0.0,0.38,0.0471,0.491,0.413
data/kaggle/grading/Gajar/Large/Grade-1/53.jpg,Gajar,Large,Grade-1,train,653.1365966796875,291.7562255859375,153107.5,0.0,0.0,0.0,0.0,0.0,0.0,0.96,0.0779,0.0,0.371
data/kaggle/grading/Gajar/Small/Grade-1/172.jpg,Gajar,Small,Grade-1,train,536.4413452148438,247.3833770751953,111435.5,0.0,0.0,0.0,0.0,0.0,0.0,1.18,0.0321,0.798,0.441
data/kaggle/grading/Kupro/Large/Grade-3/84.jpg,Kupro,Large,Grade-3,train,512.3971557617188,364.4187622070313,150107.5,0.0,0.0,0.0,0.0,0.82,0.82,1.61,0.0446,0.005,0.408
data/kaggle/grading/Gajar/Medium/Grade-3/12.jpg,Gajar,Medium,Grade-3,train,605.9976196289062,261.499755859375,129199.0,0.0,0.0,0.04,0.0,0.0,0.04,1.69,0.1116,0.0,0.358
data/kaggle/grading/Gajar/Small/Grade-1/176.jpg,Gajar,Small,Grade-1,train,572.0003051757812,255.3932647705078,123963.0,0.0,0.0,0.0,0.0,0.0,0.0,0.38,0.0245,0.004,0.421
data/kaggle/grading/Kupro/Large/Grade-2/55.jpg,Kupro,Large,Grade-2,train,490.641357421875,345.0690612792969,131655.0,0.0,0.0,0.0,0.0,4.26,4.26,1.31,0.0715,0.0,0.331
data/kaggle/grading/Gajar/Medium/Grade-1/172.jpg,Gajar,Medium,Grade-1,train,637.02197265625,264.4732360839844,140938.0,0.0,0.0,0.0,0.0,0.0,0.0,1.52,0.0711,0.123,0.409
data/kaggle/grading/Gajar/Large/Grade-3/113.jpg,Gajar,Large,Grade-3,train,633.3914794921875,286.1685791015625,152789.5,0.0,0.15,0.0,0.0,0.0,0.15,0.9,0.0727,0.0,0.336
data/kaggle/grading/Kupro/Large/Grade-2/231.jpg,Kupro,Large,Grade-2,train,478.6532897949219,340.0030822753906,130918.5,0.0,0.0,0.0,0.0,0.0,0.0,1.3,0.0493,0.203,0.384
data/kaggle/grading/Gajar/Large/Grade-1/35.jpg,Gajar,Large,Grade-1,train,690.5284423828125,287.8949890136719,162757.0,0.0,0.0,0.0,0.0,0.0,0.0,1.05,0.0634,0.21,0.477
data/kaggle/grading/Kupro/Large/Grade-2/15.jpg,Kupro,Large,Grade-2,train,510.183837890625,358.1813659667969,142675.5,0.0,0.0,0.0,0.0,6.05,6.05,2.4,0.1067,0.0,0.343
data/kaggle/grading/Gajar/Large/Grade-1/58.jpg,Gajar,Large,Grade-1,train,629.5234375,302.4419860839844,161707.5,0.0,0.0,0.0,0.0,0.0,0.0,0.61,0.1272,0.111,0.421
data/kaggle/grading/Gajar/Large/Grade-3/30.jpg,Gajar,Large,Grade-3,train,642.5897827148438,304.1158752441406,157014.0,0.0,0.86,0.54,0.0,0.0,1.4,1.29,0.0868,0.0,0.359
data/kaggle/grading/Kupro/Large/Grade-2/68.jpg,Kupro,Large,Grade-2,train,518.1456909179688,345.3638610839844,141449.0,0.0,0.0,0.0,0.0,1.41,1.41,1.9,0.056,0.004,0.372
data/kaggle/grading/Kupro/Large/Grade-1/71.jpg,Kupro,Large,Grade-1,train,515.92822265625,346.0677795410156,136733.0,0.0,0.0,0.0,0.0,0.63,0.63,0.47,0.0607,0.094,0.381
data/kaggle/grading/Gajar/Medium/Grade-1/76.jpg,Gajar,Medium,Grade-1,train,598.6324462890625,267.80926513671875,136219.0,0.0,0.0,0.0,0.0,0.0,0.0,2.69,0.1072,0.581,0.415
data/kaggle/grading/Gajar/Medium/Grade-1/53.jpg,Gajar,Medium,Grade-1,train,580.2046508789062,248.3550262451172,121224.5,0.0,0.0,0.0,0.0,0.0,0.0,1.49,0.1026,0.009,0.359
data/kaggle/grading/Gajar/Small/Grade-1/5.jpg,Gajar,Small,Grade-1,train,577.2531127929688,271.5184326171875,131008.5,0.0,0.0,0.0,0.0,0.0,0.0,0.61,0.0374,0.298,0.444
data/kaggle/grading/Kupro/Large/Grade-2/203.jpg,Kupro,Large,Grade-2,train,486.33343505859375,353.7010192871094,135623.0,0.0,0.0,0.0,0.0,1.2,1.2,0.91,0.0559,0.018,0.39
data/kaggle/grading/Kupro/Large/Grade-1/274.jpg,Kupro,Large,Grade-1,train,465.9162902832031,332.8573913574219,125636.5,0.0,0.0,0.0,0.0,6.18,6.18,1.07,0.0383,0.01,0.369
data/kaggle/grading/Gajar/Small/Grade-3/203.jpg,Gajar,Small,Grade-3,train,539.4384765625,237.24176025390625,109373.0,0.0,0.0,0.17,0.0,0.84,1.01,1.14,0.0396,0.008,0.44
data/kaggle/grading/Kupro/Large/Grade-1/262.jpg,Kupro,Large,Grade-1,train,518.0,389.0,158423.5,0.0,0.0,0.0,0.0,0.0,0.0,0.26,0.0497,0.496,0.392
data/kaggle/grading/Gajar/Small/Grade-1/86.jpg,Gajar,Small,Grade-1,train,542.3047485351562,247.1962432861328,108111.0,0.0,0.0,0.0,0.0,0.0,0.0,0.68,0.0323,0.058,0.447
data/kaggle/grading/Gajar/Medium/Grade-3/76.jpg,Gajar,Medium,Grade-3,train,587.2037963867188,254.7805938720703,130900.5,0.0,2.43,0.61,0.0,0.0,3.04,0.97,0.098,0.0,0.367
data/kaggle/grading/Gajar/Medium/Grade-3/51.jpg,Gajar,Medium,Grade-3,train,556.6686401367188,255.48696899414065,118447.0,0.33,0.0,0.0,0.0,0.0,0.33,1.28,0.0645,0.0,0.383
data/kaggle/grading/Gajar/Large/Grade-1/104.jpg,Gajar,Large,Grade-1,train,607.0,271.0,134942.5,0.0,0.0,0.0,0.0,0.0,0.0,0.71,0.0549,0.091,0.441
data/kaggle/grading/Gajar/Small/Grade-2/76.jpg,Gajar,Small,Grade-2,train,531.9256591796875,240.00711059570312,104923.5,0.0,0.0,0.0,0.0,0.0,0.0,1.19,0.0878,0.004,0.416
data/kaggle/grading/Kupro/Large/Grade-2/88.jpg,Kupro,Large,Grade-2,train,485.8487854003906,362.6260681152344,141076.5,0.0,0.0,0.0,0.0,0.0,0.0,1.12,0.0756,0.184,0.381
data/kaggle/grading/Gajar/Medium/Grade-1/77.jpg,Gajar,Medium,Grade-1,train,571.0994873046875,266.3561706542969,122814.0,0.0,0.0,0.0,0.0,0.0,0.0,2.34,0.1366,0.5,0.458
data/kaggle/grading/Kupro/Large/Grade-2/284.jpg,Kupro,Large,Grade-2,train,516.6456909179688,324.2582702636719,133431.0,0.0,0.0,0.0,0.0,0.82,0.82,1.61,0.0283,0.089,0.416
data/kaggle/grading/Kupro/Large/Grade-2/140.jpg,Kupro,Large,Grade-2,train,491.85003662109375,343.1104431152344,131908.5,0.0,0.0,0.0,0.0,2.42,2.42,1.73,0.0764,0.0,0.373
data/kaggle/grading/Gajar/Small/Grade-1/64.jpg,Gajar,Small,Grade-1,train,566.6939086914062,241.056884765625,120778.0,0.0,0.0,0.0,0.0,0.0,0.0,0.43,0.076,0.132,0.402
data/kaggle/grading/Gajar/Medium/Grade-3/53.jpg,Gajar,Medium,Grade-3,train,573.048828125,235.132568359375,113670.5,0.73,0.32,0.0,0.0,0.0,1.05,1.07,0.0382,0.0,0.329
data/kaggle/grading/Gajar/Medium/Grade-1/7.jpg,Gajar,Medium,Grade-1,train,580.100830078125,254.4805908203125,119717.5,0.0,0.0,0.0,0.0,0.59,0.59,1.2,0.0466,0.0,0.395
data/kaggle/grading/Kupro/Large/Grade-1/73.jpg,Kupro,Large,Grade-1,train,512.7133178710938,342.8965148925781,135027.0,0.0,0.0,0.0,0.0,0.0,0.0,0.64,0.0537,0.237,0.385
data/kaggle/grading/Gajar/Large/Grade-3/118.jpg,Gajar,Large,Grade-3,train,601.6726684570312,285.27392578125,145588.5,0.43,0.0,0.04,0.0,0.0,0.47,1.84,0.0821,0.001,0.423
data/kaggle/grading/Gajar/Medium/Grade-3/15.jpg,Gajar,Medium,Grade-3,train,590.7157592773438,267.7646789550781,128384.5,0.0,0.21,0.0,0.0,0.0,0.21,1.43,0.0773,0.005,0.405
data/kaggle/grading/Gajar/Large/Grade-3/93.jpg,Gajar,Large,Grade-3,train,606.5676879882812,313.6170349121094,153800.0,0.0,0.0,0.0,0.0,0.0,0.0,1.14,0.0804,0.01,0.413
data/kaggle/grading/Kupro/Large/Grade-3/75.jpg,Kupro,Large,Grade-3,train,527.9470825195312,320.92669677734375,131364.5,0.0,0.0,0.0,0.0,0.88,0.88,1.12,0.0494,0.0,0.35
data/kaggle/grading/Gajar/Small/Grade-2/70.jpg,Gajar,Small,Grade-2,train,526.3991088867188,268.815185546875,121472.5,0.0,0.0,0.06,0.0,0.0,0.06,0.56,0.052,0.309,0.443
data/kaggle/grading/Gajar/Small/Grade-3/192.jpg,Gajar,Small,Grade-3,train,557.0399780273438,254.39523315429688,116483.5,0.39,0.2,0.1,0.0,0.0,0.69,0.9,0.0267,0.0,0.414
data/kaggle/grading/Gajar/Small/Grade-3/188.jpg,Gajar,Small,Grade-3,train,526.5521850585938,251.83468627929688,110437.0,1.24,0.18,0.25,0.0,0.65,2.32,1.73,0.0504,0.0,0.357
data/kaggle/grading/Gajar/Large/Grade-3/32.jpg,Gajar,Large,Grade-3,train,626.8601684570312,312.175537109375,155399.0,0.54,0.16,0.3,0.0,0.0,1.0,1.18,0.0834,0.008,0.407
data/kaggle/grading/Kupro/Large/Grade-1/42.jpg,Kupro,Large,Grade-1,train,496.4989929199219,313.3355407714844,125252.5,0.0,0.0,0.0,0.0,1.13,1.13,0.96,0.0581,0.048,0.353
data/kaggle/grading/Gajar/Medium/Grade-1/110.jpg,Gajar,Medium,Grade-1,train,578.74609375,274.3648376464844,132070.0,0.0,0.0,0.0,0.0,0.0,0.0,0.98,0.0843,0.0,0.346
data/kaggle/grading/Gajar/Medium/Grade-1/182.jpg,Gajar,Medium,Grade-1,train,643.3480224609375,304.4107360839844,162499.0,0.0,0.0,0.11,0.0,0.0,0.11,1.25,0.087,0.001,0.329
data/kaggle/grading/Kupro/Large/Grade-2/364.jpg,Kupro,Large,Grade-2,train,463.1969299316406,338.0066833496094,127258.0,0.0,0.0,0.0,0.0,0.0,0.0,1.35,0.0546,0.021,0.408
data/kaggle/grading/Gajar/Small/Grade-3/165.jpg,Gajar,Small,Grade-3,train,572.4835815429688,270.2675476074219,130201.0,1.74,0.2,0.64,0.0,0.0,2.58,1.98,0.0523,0.0,0.429
data/kaggle/grading/Gajar/Large/Grade-2/105.jpg,Gajar,Large,Grade-2,train,675.4886474609375,277.43341064453125,145679.5,0.0,0.0,0.0,0.0,0.0,0.0,1.76,0.0825,0.0,0.351
data/kaggle/grading/Kupro/Large/Grade-2/254.jpg,Kupro,Large,Grade-2,train,477.7394714355469,347.5617980957031,131243.5,0.0,0.0,0.0,0.0,0.99,0.99,0.36,0.0569,0.173,0.351
data/kaggle/grading/Kupro/Large/Grade-2/369.jpg,Kupro,Large,Grade-2,train,423.5198669433594,389.2039489746094,121033.0,0.0,0.0,0.0,0.0,0.0,0.0,1.86,0.0878,0.192,0.378
data/kaggle/grading/Gajar/Small/Grade-3/194.jpg,Gajar,Small,Grade-3,train,516.0983276367188,262.8155517578125,107828.5,0.0,0.4,0.31,0.0,0.0,0.71,1.98,0.0416,0.0,0.396
data/kaggle/grading/Kupro/Large/Grade-3/51.jpg,Kupro,Large,Grade-3,train,464.9149169921875,355.7115783691406,130155.0,0.0,0.0,0.0,0.0,0.0,0.0,2.17,0.0889,0.403,0.383
data/kaggle/grading/Kupro/Large/Grade-1/118.jpg,Kupro,Large,Grade-1,train,495.7778625488281,372.7708129882813,144879.0,0.0,0.0,0.0,0.0,0.45,0.45,0.88,0.0442,1.011,0.376
data/kaggle/grading/Kupro/Large/Grade-3/68.jpg,Kupro,Large,Grade-3,train,498.3369140625,326.28900146484375,127945.5,0.0,0.0,0.0,0.0,0.0,0.0,1.43,0.0404,0.007,0.367
data/kaggle/grading/Kupro/Large/Grade-3/61.jpg,Kupro,Large,Grade-3,train,522.2190551757812,353.8375549316406,141076.0,0.0,0.0,0.0,0.0,0.0,0.0,2.07,0.0613,0.017,0.364
data/kaggle/grading/Kupro/Large/Grade-2/59.jpg,Kupro,Large,Grade-2,train,502.7068786621094,346.185791015625,132101.0,0.0,0.0,0.0,0.0,10.36,10.36,0.85,0.076,0.0,0.306
data/kaggle/grading/Gajar/Small/Grade-3/56.jpg,Gajar,Small,Grade-3,train,552.0330200195312,278.9757080078125,132716.0,0.63,0.0,0.29,0.0,0.0,0.92,2.01,0.0798,0.0,0.407
data/kaggle/grading/Kupro/Large/Grade-2/323.jpg,Kupro,Large,Grade-2,train,506.5068054199219,337.0870056152344,133162.0,0.0,0.0,0.0,0.0,1.75,1.75,1.55,0.0801,0.0,0.342
data/kaggle/grading/Gajar/Large/Grade-1/27.jpg,Gajar,Large,Grade-1,train,647.5601806640625,302.61279296875,156074.0,0.0,0.0,0.0,0.0,0.0,0.0,1.72,0.119,0.21,0.409
data/kaggle/grading/Gajar/Small/Grade-3/161.jpg,Gajar,Small,Grade-3,train,502.3421325683594,243.8215484619141,103054.5,0.0,0.0,0.0,0.0,0.0,0.0,1.28,0.0132,0.0,0.422
data/kaggle/grading/Gajar/Small/Grade-1/173.jpg,Gajar,Small,Grade-1,train,537.9447631835938,232.090087890625,105743.0,0.0,0.0,0.0,0.0,4.27,4.27,1.26,0.0349,0.0,0.372
data/kaggle/grading/Gajar/Medium/Grade-2/53.jpg,Gajar,Medium,Grade-2,train,582.3609619140625,253.66827392578125,121402.5,0.0,0.0,0.0,0.0,0.0,0.0,0.42,0.0697,0.007,0.363
data/kaggle/grading/Kupro/Large/Grade-2/331.jpg,Kupro,Large,Grade-2,train,510.4386901855469,369.7484436035156,146533.5,0.0,0.0,0.0,0.0,0.0,0.0,1.17,0.068,1.538,0.346
data/kaggle/grading/Gajar/Small/Grade-2/26.jpg,Gajar,Small,Grade-2,train,526.9812622070312,253.72637939453125,108177.0,0.0,0.0,0.0,0.0,0.0,0.0,0.53,0.0498,0.2,0.439
data/kaggle/grading/Gajar/Medium/Grade-1/97.jpg,Gajar,Medium,Grade-1,train,559.8441162109375,270.3819580078125,122464.5,0.0,0.0,0.0,0.0,0.0,0.0,0.83,0.0488,0.0,0.368
data/kaggle/grading/Gajar/Small/Grade-3/108.jpg,Gajar,Small,Grade-3,train,545.449462890625,250.6099395751953,107844.5,0.48,0.0,0.33,0.0,0.0,0.81,1.08,0.037,0.0,0.443
data/kaggle/grading/Gajar/Large/Grade-1/8.jpg,Gajar,Large,Grade-1,train,597.6744995117188,253.3010711669922,135388.5,0.0,0.0,0.36,0.0,0.0,0.36,2.23,0.1131,0.021,0.43
data/kaggle/grading/Kupro/Large/Grade-2/218.jpg,Kupro,Large,Grade-2,train,474.9139404296875,323.972412109375,121740.0,0.0,0.0,0.0,0.0,0.0,0.0,1.48,0.0642,0.001,0.369
data/kaggle/grading/Gajar/Large/Grade-2/63.jpg,Gajar,Large,Grade-2,train,645.9132080078125,274.8907165527344,148687.0,0.0,0.0,0.0,0.0,0.0,0.0,0.48,0.1213,0.045,0.398
data/kaggle/grading/Gajar/Large/Grade-2/20.jpg,Gajar,Large,Grade-2,train,645.4641723632812,262.4646911621094,140408.5,0.0,0.17,0.21,0.0,0.0,0.38,1.59,0.0961,0.001,0.398
data/kaggle/grading/Kupro/Large/Grade-3/11.jpg,Kupro,Large,Grade-3,train,543.4669189453125,372.5699768066406,158772.5,0.0,0.0,0.05,0.0,0.0,0.05,1.49,0.0696,0.246,0.392
data/kaggle/grading/Kupro/Large/Grade-2/165.jpg,Kupro,Large,Grade-2,train,520.7813110351562,365.0669250488281,146993.5,0.0,0.0,0.0,0.0,0.0,0.0,0.97,0.0373,0.361,0.366
data/kaggle/grading/Kupro/Large/Grade-2/150.jpg,Kupro,Large,Grade-2,train,509.1237487792969,341.2517395019531,136136.5,0.0,0.0,0.0,0.0,0.46,0.46,5.12,0.0801,0.001,0.367
data/kaggle/grading/Kupro/Large/Grade-3/64.jpg,Kupro,Large,Grade-3,train,459.8478393554687,353.02392578125,127048.5,0.0,0.0,0.0,0.0,0.0,0.0,1.67,0.0536,0.006,0.372
data/kaggle/grading/Kupro/Large/Grade-2/117.jpg,Kupro,Large,Grade-2,train,535.200927734375,373.2089538574219,154463.0,0.0,0.0,0.0,0.0,2.85,2.85,0.87,0.0361,0.018,0.347
data/kaggle/grading/Kupro/Large/Grade-1/209.jpg,Kupro,Large,Grade-1,train,474.1770324707031,338.52117919921875,126000.5,0.0,0.0,0.0,0.0,0.0,0.0,0.92,0.0569,0.491,0.383
data/kaggle/grading/Kupro/Large/Grade-2/230.jpg,Kupro,Large,Grade-2,train,496.3914489746094,329.3012390136719,127631.0,0.0,0.0,0.0,0.0,0.72,0.72,0.66,0.0336,0.418,0.422
data/kaggle/grading/Gajar/Medium/Grade-1/43.jpg,Gajar,Medium,Grade-1,train,592.3950805664062,259.8697509765625,128818.5,0.0,0.0,0.0,0.0,3.37,3.37,1.34,0.1107,0.002,0.378
data/kaggle/grading/Kupro/Large/Grade-2/54.jpg,Kupro,Large,Grade-2,train,492.94927978515625,343.8398742675781,130592.5,0.0,0.0,0.0,0.0,0.0,0.0,0.23,0.0297,0.0,0.335
data/kaggle/grading/Kupro/Large/Grade-1/258.jpg,Kupro,Large,Grade-1,train,521.081787109375,335.9789733886719,137927.5,0.0,0.0,0.0,0.0,7.01,7.01,0.85,0.0492,0.002,0.354
data/kaggle/grading/Gajar/Small/Grade-1/189.jpg,Gajar,Small,Grade-1,train,592.7356567382812,321.0213317871094,149613.0,0.0,0.0,0.0,0.0,0.0,0.0,1.28,0.0424,0.017,0.394
data/kaggle/grading/Gajar/Small/Grade-3/153.jpg,Gajar,Small,Grade-3,train,525.7390747070312,232.06024169921875,103923.0,0.0,0.18,0.17,0.0,0.0,0.35,1.07,0.0291,0.0,0.398
data/kaggle/grading/Gajar/Small/Grade-1/192.jpg,Gajar,Small,Grade-1,train,544.6111450195312,248.8490447998047,116948.5,0.0,0.0,0.06,0.0,0.0,0.06,0.52,0.0276,0.0,0.368
data/kaggle/grading/Kupro/Large/Grade-3/99.jpg,Kupro,Large,Grade-3,train,507.0139770507813,340.928466796875,137225.0,0.0,0.0,0.0,0.0,0.0,0.0,1.9,0.0653,0.072,0.404
data/kaggle/grading/Kupro/Large/Grade-2/324.jpg,Kupro,Large,Grade-2,train,512.4459838867188,336.0552978515625,134378.0,0.0,0.0,0.0,0.0,1.2,1.2,1.36,0.0492,0.055,0.379
data/kaggle/grading/Kupro/Large/Grade-2/347.jpg,Kupro,Large,Grade-2,train,445.8780212402344,396.731689453125,136888.0,0.0,0.0,0.05,0.0,0.0,0.05,1.68,0.0621,0.0,0.357
data/kaggle/grading/Gajar/Medium/Grade-1/70.jpg,Gajar,Medium,Grade-1,train,585.5946044921875,271.9248046875,133459.0,0.0,0.0,0.0,0.0,0.0,0.0,0.22,0.0569,0.007,0.34
data/kaggle/grading/Gajar/Large/Grade-3/60.jpg,Gajar,Large,Grade-3,train,592.7449340820312,278.7391357421875,136034.5,0.0,0.0,0.04,0.0,0.0,0.04,2.1,0.0828,0.004,0.427
data/kaggle/grading/Gajar/Small/Grade-3/86.jpg,Gajar,Small,Grade-3,train,594.6761474609375,283.94842529296875,137744.0,0.0,0.36,0.67,0.0,0.0,1.03,1.39,0.0901,0.004,0.406
data/kaggle/grading/Kupro/Large/Grade-1/310.jpg,Kupro,Large,Grade-1,train,529.4368286132812,356.16400146484375,146124.5,0.0,0.0,0.0,0.0,0.92,0.92,2.15,0.0598,0.222,0.344
data/kaggle/grading/Gajar/Small/Grade-3/62.jpg,Gajar,Small,Grade-3,train,569.5523071289062,264.54388427734375,122454.0,0.37,0.17,0.17,0.0,0.0,0.71,1.61,0.083,0.0,0.379
data/kaggle/grading/Gajar/Medium/Grade-2/34.jpg,Gajar,Medium,Grade-2,train,576.9207153320312,244.01040649414065,117005.0,0.0,0.0,0.0,0.0,0.0,0.0,2.13,0.0744,0.0,0.354
data/kaggle/grading/Kupro/Large/Grade-3/106.jpg,Kupro,Large,Grade-3,train,471.3319396972656,357.4034423828125,132802.5,0.0,0.0,0.0,0.0,0.0,0.0,0.6,0.0602,0.01,0.366
data/kaggle/grading/Gajar/Small/Grade-3/35.jpg,Gajar,Small,Grade-3,train,549.4417114257812,268.8996276855469,122657.0,0.0,0.0,0.12,0.0,0.0,0.12,0.53,0.0333,0.024,0.406
data/kaggle/grading/Gajar/Small/Grade-1/167.jpg,Gajar,Small,Grade-1,train,565.7294921875,250.00091552734375,116076.0,0.0,0.0,0.0,0.0,0.0,0.0,0.34,0.0181,0.246,0.405
data/kaggle/grading/Gajar/Small/Grade-3/10.jpg,Gajar,Small,Grade-3,train,541.1390991210938,268.91668701171875,120920.5,0.54,0.0,0.21,0.0,0.0,0.75,0.82,0.0379,0.0,0.423
data/kaggle/grading/Kupro/Large/Grade-1/244.jpg,Kupro,Large,Grade-1,train,505.948974609375,336.1248474121094,135697.5,0.0,0.0,0.0,0.0,0.0,0.0,1.07,0.0292,1.915,0.416
data/kaggle/grading/Gajar/Medium/Grade-1/180.jpg,Gajar,Medium,Grade-1,train,643.6798706054688,283.0796813964844,147512.5,0.0,0.0,0.0,0.0,0.4,0.4,0.42,0.106,0.028,0.413
data/kaggle/grading/Gajar/Small/Grade-3/47.jpg,Gajar,Small,Grade-3,train,500.3162536621094,237.0201873779297,99985.5,0.0,0.0,0.11,0.0,0.0,0.11,0.25,0.0458,0.014,0.406
data/kaggle/grading/Kupro/Large/Grade-2/104.jpg,Kupro,Large,Grade-2,train,482.1096496582031,362.1170349121094,136830.0,0.0,0.0,0.0,0.0,0.0,0.0,0.26,0.0709,1.737,0.4
data/kaggle/grading/Kupro/Large/Grade-2/175.jpg,Kupro,Large,Grade-2,train,502.15972900390625,343.59271240234375,137952.5,0.0,0.0,0.0,0.0,4.34,4.34,1.44,0.0816,0.0,0.354
data/kaggle/grading/Gajar/Small/Grade-3/111.jpg,Gajar,Small,Grade-3,train,544.1304321289062,253.09413146972656,113707.5,0.87,0.0,0.11,0.0,0.0,0.98,0.89,0.0553,0.056,0.436
data/kaggle/grading/Gajar/Small/Grade-3/131.jpg,Gajar,Small,Grade-3,train,568.9766235351562,262.9078369140625,123120.5,0.0,0.0,0.24,0.0,0.0,0.24,2.1,0.0889,0.006,0.435
data/kaggle/grading/Gajar/Medium/Grade-1/175.jpg,Gajar,Medium,Grade-1,train,593.9270629882812,277.8435363769531,139307.0,0.0,0.0,0.0,0.0,0.41,0.41,0.47,0.0524,0.515,0.437
data/kaggle/grading/Gajar/Small/Grade-3/195.jpg,Gajar,Small,Grade-3,train,524.607421875,234.85659790039065,105905.0,0.0,0.0,0.07,0.0,0.0,0.07,1.06,0.0364,0.0,0.405
data/kaggle/grading/Gajar/Small/Grade-3/139.jpg,Gajar,Small,Grade-3,train,570.7438354492188,307.4579162597656,141209.5,0.0,0.0,0.41,0.0,0.0,0.41,1.37,0.0673,0.017,0.472
data/kaggle/grading/Gajar/Medium/Grade-1/74.jpg,Gajar,Medium,Grade-1,train,561.1627807617188,260.8221435546875,126237.0,0.0,0.0,0.0,0.0,0.0,0.0,1.13,0.0899,0.59,0.451
data/kaggle/grading/Gajar/Small/Grade-3/112.jpg,Gajar,Small,Grade-3,train,554.0,248.0,110084.0,0.66,1.67,0.6,0.0,0.0,2.93,1.44,0.1172,0.004,0.395
data/kaggle/grading/Gajar/Small/Grade-1/198.jpg,Gajar,Small,Grade-1,train,565.3016357421875,271.5122375488281,129628.0,0.0,0.0,0.0,0.0,0.0,0.0,1.66,0.0919,0.112,0.428
data/kaggle/grading/Kupro/Large/Grade-2/332.jpg,Kupro,Large,Grade-2,train,489.7377624511719,329.9067077636719,131672.5,0.0,0.0,0.0,0.0,0.0,0.0,1.85,0.0624,0.349,0.387
data/kaggle/grading/Gajar/Small/Grade-1/148.jpg,Gajar,Small,Grade-1,train,520.9038696289062,243.85206604003903,105186.0,0.0,0.0,0.0,0.0,1.7,1.7,1.37,0.0898,0.0,0.35
data/kaggle/grading/Kupro/Large/Grade-2/356.jpg,Kupro,Large,Grade-2,train,544.09619140625,373.4794616699219,154572.5,0.0,0.0,0.0,0.0,0.53,0.53,1.08,0.0657,0.086,0.391
data/kaggle/grading/Gajar/Small/Grade-1/160.jpg,Gajar,Small,Grade-1,train,552.8685913085938,266.8303527832031,127153.5,0.0,0.0,0.0,0.0,0.0,0.0,0.57,0.0237,0.0,0.333
data/kaggle/grading/Gajar/Large/Grade-3/117.jpg,Gajar,Large,Grade-3,train,608.1566162109375,299.41796875,140124.5,0.0,0.0,0.05,0.0,0.0,0.05,0.62,0.074,0.002,0.42
data/kaggle/grading/Kupro/Large/Grade-1/153.jpg,Kupro,Large,Grade-1,train,472.728271484375,370.1471557617187,138914.0,0.0,0.0,0.0,0.0,0.58,0.58,0.58,0.0312,0.925,0.387
data/kaggle/grading/Gajar/Small/Grade-1/55.jpg,Gajar,Small,Grade-1,train,539.2115478515625,242.3834228515625,112511.0,0.0,0.0,0.06,0.0,0.0,0.06,2.0,0.0757,0.0,0.362
data/kaggle/grading/Gajar/Medium/Grade-1/84.jpg,Gajar,Medium,Grade-1,train,532.0,278.0,118146.5,0.0,0.0,0.0,0.0,0.49,0.49,0.53,0.0358,0.062,0.404
data/kaggle/grading/Kupro/Large/Grade-1/314.jpg,Kupro,Large,Grade-1,train,485.6455383300781,372.23822021484375,144622.5,0.0,0.0,0.0,0.0,5.47,5.47,0.57,0.0578,0.002,0.368
data/kaggle/grading/Gajar/Small/Grade-2/127.jpg,Gajar,Small,Grade-2,train,639.5137939453125,286.3515319824219,142503.5,0.0,0.0,0.12,0.0,0.0,0.12,1.57,0.152,0.014,0.417
data/kaggle/grading/Gajar/Large/Grade-1/133.jpg,Gajar,Large,Grade-1,train,633.2600708007812,296.3288879394531,152979.0,0.0,0.0,0.0,0.0,0.0,0.0,0.78,0.0965,0.165,0.424
data/kaggle/grading/Kupro/Large/Grade-2/92.jpg,Kupro,Large,Grade-2,train,562.8165893554688,325.72711181640625,144446.0,0.0,0.0,0.0,0.0,1.12,1.12,1.29,0.0602,0.109,0.359
data/kaggle/grading/Kupro/Large/Grade-1/162.jpg,Kupro,Large,Grade-1,train,510.8539123535156,376.41363525390625,149786.0,0.0,0.0,0.0,0.0,0.0,0.0,1.12,0.0397,0.796,0.433
data/kaggle/grading/Kupro/Large/Grade-2/285.jpg,Kupro,Large,Grade-2,train,520.2240600585938,334.7323303222656,136761.5,0.0,0.0,0.0,0.0,0.0,0.0,0.0,0.0217,2.011,0.464
data/kaggle/grading/Gajar/Large/Grade-1/80.jpg,Gajar,Large,Grade-1,train,632.7703857421875,275.027587890625,147044.0,0.0,0.0,0.0,0.0,0.0,0.0,0.74,0.0817,0.187,0.43
data/kaggle/grading/Kupro/Large/Grade-3/57.jpg,Kupro,Large,Grade-3,train,475.2538146972656,353.211181640625,131716.0,0.0,0.0,0.0,0.0,0.0,0.0,2.02,0.0946,0.127,0.394
data/kaggle/grading/Kupro/Large/Grade-3/66.jpg,Kupro,Large,Grade-3,train,492.6159057617187,322.3882751464844,127178.0,0.0,0.0,0.0,0.0,0.0,0.0,0.83,0.0407,0.036,0.373
data/kaggle/grading/Kupro/Large/Grade-2/295.jpg,Kupro,Large,Grade-2,train,473.9796752929687,372.5958251953125,141409.5,0.0,0.0,0.0,0.0,6.7,6.7,1.39,0.0669,0.0,0.328
data/kaggle/grading/Gajar/Large/Grade-3/69.jpg,Gajar,Large,Grade-3,train,651.673828125,300.0701904296875,161099.5,0.0,1.53,0.47,0.0,0.0,2.0,1.49,0.1117,0.0,0.362
data/kaggle/grading/Gajar/Small/Grade-1/193.jpg,Gajar,Small,Grade-1,train,553.0,260.0,120105.0,0.0,0.0,0.0,0.0,0.0,0.0,0.71,0.0395,0.315,0.471
data/kaggle/grading/Gajar/Small/Grade-1/151.jpg,Gajar,Small,Grade-1,train,532.9493408203125,279.5886535644531,121049.0,0.0,0.0,0.0,0.0,0.0,0.0,1.45,0.0764,0.032,0.392
data/kaggle/grading/Gajar/Small/Grade-3/207.jpg,Gajar,Small,Grade-3,train,515.5186157226562,260.2253723144531,110324.0,0.23,0.0,0.0,0.0,0.0,0.23,0.98,0.0216,0.297,0.471
data/kaggle/grading/Gajar/Small/Grade-2/91.jpg,Gajar,Small,Grade-2,train,563.76708984375,244.8025054931641,123202.5,0.34,0.0,0.0,0.0,0.0,0.34,0.22,0.087,0.056,0.432
data/kaggle/grading/Gajar/Small/Grade-1/179.jpg,Gajar,Small,Grade-1,train,531.1742553710938,253.72384643554688,111643.0,0.0,0.0,0.0,0.0,0.0,0.0,0.81,0.0371,0.001,0.427
data/kaggle/grading/Gajar/Medium/Grade-2/36.jpg,Gajar,Medium,Grade-2,train,568.30322265625,277.0730285644531,129634.0,0.0,0.0,0.05,0.0,0.0,0.05,0.73,0.045,0.035,0.433
data/kaggle/grading/Kupro/Large/Grade-1/191.jpg,Kupro,Large,Grade-1,train,454.5079345703125,338.32733154296875,119417.0,0.0,0.0,0.0,0.0,2.85,2.85,0.36,0.0604,0.0,0.356
data/kaggle/grading/Gajar/Small/Grade-3/80.jpg,Gajar,Small,Grade-3,train,535.284912109375,258.1910400390625,115209.0,1.8,0.24,0.61,0.0,0.0,2.65,1.5,0.0791,0.0,0.412
data/kaggle/grading/Kupro/Large/Grade-2/156.jpg,Kupro,Large,Grade-2,train,519.0042724609375,356.9604797363281,144942.5,0.0,0.0,0.0,0.0,0.57,0.57,1.38,0.0586,0.051,0.365
data/kaggle/grading/Kupro/Large/Grade-2/157.jpg,Kupro,Large,Grade-2,train,525.1806640625,355.228271484375,144911.0,0.0,0.0,0.0,0.0,0.0,0.0,0.9,0.0352,0.028,0.363
data/kaggle/grading/Gajar/Medium/Grade-3/18.jpg,Gajar,Medium,Grade-3,train,499.28900146484375,232.81837463378903,100493.0,0.0,0.36,0.0,0.0,0.0,0.36,0.68,0.0483,0.012,0.435
data/kaggle/grading/Gajar/Small/Grade-3/101.jpg,Gajar,Small,Grade-3,train,561.4806518554688,278.4911193847656,131636.5,0.29,0.0,0.05,0.0,0.0,0.34,1.27,0.0517,0.0,0.427
data/kaggle/grading/Gajar/Small/Grade-2/29.jpg,Gajar,Small,Grade-2,train,561.9618530273438,265.5416564941406,123756.0,0.49,0.92,0.04,0.0,0.0,1.45,1.82,0.1074,0.0,0.388
data/kaggle/grading/Gajar/Small/Grade-3/152.jpg,Gajar,Small,Grade-3,train,517.839599609375,269.8176574707031,116412.0,0.0,0.0,0.0,0.0,0.0,0.0,0.08,0.013,0.464,0.442
data/kaggle/grading/Gajar/Small/Grade-3/183.jpg,Gajar,Small,Grade-3,train,520.0,268.0,112183.0,0.0,0.0,0.0,0.0,2.44,2.44,0.49,0.0283,0.0,0.381
data/kaggle/grading/Gajar/Small/Grade-2/68.jpg,Gajar,Small,Grade-2,train,647.0,248.0,126126.5,0.0,0.0,0.06,0.0,0.0,0.06,2.44,0.0918,0.005,0.386
data/kaggle/grading/Gajar/Medium/Grade-1/88.jpg,Gajar,Medium,Grade-1,train,580.8712158203125,275.6895751953125,133922.0,0.0,0.0,0.0,0.0,2.41,2.41,2.11,0.1078,0.011,0.385
data/kaggle/grading/Kupro/Large/Grade-2/44.jpg,Kupro,Large,Grade-2,train,498.9227600097656,363.1648864746094,144538.0,0.0,0.0,0.0,0.0,0.0,0.0,0.65,0.0352,1.132,0.436
data/kaggle/grading/Kupro/Large/Grade-2/334.jpg,Kupro,Large,Grade-2,train,468.3414306640625,362.14300537109375,136866.5,0.0,0.0,0.0,0.0,0.86,0.86,1.83,0.0842,0.052,0.338
data/kaggle/grading/Gajar/Small/Grade-1/187.jpg,Gajar,Small,Grade-1,train,545.1058959960938,278.11651611328125,123701.5,0.0,0.0,0.0,0.0,0.0,0.0,1.14,0.0482,0.0,0.351
data/kaggle/grading/Gajar/Small/Grade-2/110.jpg,Gajar,Small,Grade-2,train,536.462890625,284.6810607910156,122933.0,0.0,0.0,0.0,0.0,0.0,0.0,0.76,0.0658,0.0,0.408
data/kaggle/grading/Gajar/Medium/Grade-1/100.jpg,Gajar,Medium,Grade-1,train,615.1978759765625,256.3310241699219,131548.0,0.0,0.0,0.0,0.0,0.0,0.0,2.1,0.1203,0.001,0.352
data/kaggle/grading/Gajar/Small/Grade-2/8.jpg,Gajar,Small,Grade-2,train,552.5701293945312,248.437744140625,117897.0,0.0,0.0,0.0,0.0,0.0,0.0,1.36,0.0553,0.0,0.378
data/kaggle/grading/Kupro/Large/Grade-2/148.jpg,Kupro,Large,Grade-2,train,512.9263305664062,344.5837097167969,138803.5,0.0,0.0,0.0,0.0,1.7,1.7,0.68,0.0529,0.0,0.359
data/kaggle/grading/Gajar/Medium/Grade-3/29.jpg,Gajar,Medium,Grade-3,train,586.471923828125,286.9151611328125,137325.5,0.0,0.24,0.05,0.0,0.0,0.29,1.58,0.0673,0.0,0.358
data/kaggle/grading/Gajar/Small/Grade-2/27.jpg,Gajar,Small,Grade-2,train,580.1756591796875,277.111328125,132173.5,0.0,0.0,0.0,0.0,0.0,0.0,1.39,0.0737,0.0,0.358
data/kaggle/grading/Kupro/Large/Grade-1/293.jpg,Kupro,Large,Grade-1,train,510.2315673828125,360.3834228515625,143675.5,0.0,0.0,0.0,0.0,2.95,2.95,0.59,0.0557,0.084,0.368
data/kaggle/grading/Kupro/Large/Grade-1/117.jpg,Kupro,Large,Grade-1,train,508.0,348.0,136888.0,0.0,0.0,0.0,0.0,0.0,0.0,0.59,0.0468,1.691,0.39
data/kaggle/grading/Kupro/Large/Grade-1/239.jpg,Kupro,Large,Grade-1,train,499.0,371.0,146722.5,0.0,0.0,0.0,0.0,0.0,0.0,0.49,0.0296,0.73,0.423
data/kaggle/grading/Gajar/Large/Grade-1/109.jpg,Gajar,Large,Grade-1,train,633.8558349609375,275.086669921875,145022.5,0.0,0.0,0.0,0.0,0.0,0.0,0.58,0.0705,0.151,0.433
data/kaggle/grading/Gajar/Large/Grade-1/149.jpg,Gajar,Large,Grade-1,train,616.45263671875,262.08538818359375,134528.0,0.0,0.0,0.0,0.0,0.0,0.0,1.24,0.0795,0.017,0.424
data/kaggle/grading/Kupro/Large/Grade-2/345.jpg,Kupro,Large,Grade-2,train,445.2393493652344,362.828369140625,131507.5,0.0,0.0,0.1,0.0,0.0,0.1,2.21,0.0609,0.0,0.391
data/kaggle/grading/Gajar/Large/Grade-2/74.jpg,Gajar,Large,Grade-2,train,637.1751708984375,298.379638671875,152585.5,0.0,0.0,0.0,0.0,0.0,0.0,0.34,0.0849,0.531,0.47
data/kaggle/grading/Kupro/Large/Grade-1/309.jpg,Kupro,Large,Grade-1,train,529.0570678710938,354.4650573730469,146945.5,0.0,0.0,0.0,0.0,1.15,1.15,1.86,0.0661,0.302,0.337
data/kaggle/grading/Kupro/Large/Grade-3/20.jpg,Kupro,Large,Grade-3,train,500.0,356.0,140640.5,0.0,0.0,0.0,0.0,0.0,0.0,0.73,0.0554,0.445,0.402
data/kaggle/grading/Gajar/Small/Grade-3/67.jpg,Gajar,Small,Grade-3,train,537.3649291992188,259.6799011230469,118158.5,0.0,0.0,0.0,0.0,0.0,0.0,0.76,0.0225,0.0,0.386
data/kaggle/grading/Gajar/Large/Grade-1/7.jpg,Gajar,Large,Grade-1,train,611.961669921875,292.4115905761719,146453.0,0.0,0.0,0.0,0.0,0.0,0.0,0.46,0.0763,0.352,0.466
data/kaggle/grading/Gajar/Medium/Grade-3/48.jpg,Gajar,Medium,Grade-3,train,585.95654296875,259.1071472167969,121928.5,0.0,0.17,0.12,0.0,0.0,0.29,0.67,0.0637,0.001,0.384
data/kaggle/grading/Gajar/Large/Grade-3/70.jpg,Gajar,Large,Grade-3,train,581.660888671875,301.018798828125,142438.0,0.0,0.0,0.08,0.0,0.0,0.08,0.54,0.0321,0.009,0.457
data/kaggle/grading/Gajar/Small/Grade-1/97.jpg,Gajar,Small,Grade-1,train,574.248291015625,237.9134521484375,112288.5,0.0,0.0,0.0,0.0,0.0,0.0,1.24,0.0529,0.0,0.393
data/kaggle/grading/Gajar/Medium/Grade-1/3.jpg,Gajar,Medium,Grade-1,train,597.7802124023438,269.59124755859375,137485.5,0.0,0.0,0.0,0.0,0.0,0.0,1.73,0.0836,0.0,0.384
data/kaggle/grading/Kupro/Large/Grade-2/305.jpg,Kupro,Large,Grade-2,train,548.9352416992188,350.4499816894531,150985.5,0.0,0.0,0.0,0.0,0.0,0.0,1.23,0.0547,0.475,0.422
data/kaggle/grading/Gajar/Large/Grade-1/145.jpg,Gajar,Large,Grade-1,train,652.9847412109375,272.70721435546875,146651.0,0.0,0.0,0.0,0.0,0.0,0.0,0.28,0.0548,0.63,0.49
data/kaggle/grading/Kupro/Large/Grade-2/105.jpg,Kupro,Large,Grade-2,train,495.0151672363281,352.4042663574219,136977.0,0.0,0.0,0.0,0.0,0.0,0.0,1.67,0.0634,0.195,0.38
data/kaggle/grading/Gajar/Small/Grade-3/50.jpg,Gajar,Small,Grade-3,train,586.7362060546875,266.0438537597656,130069.5,0.0,0.0,0.0,0.0,0.0,0.0,1.41,0.0673,0.0,0.36
data/kaggle/grading/Kupro/Large/Grade-2/202.jpg,Kupro,Large,Grade-2,train,416.5465393066406,355.4364929199219,115430.5,0.0,0.0,0.0,0.0,4.23,4.23,1.7,0.0616,0.006,0.408
data/kaggle/grading/Kupro/Large/Grade-1/10.jpg,Kupro,Large,Grade-1,train,539.6444702148438,359.9002990722656,151114.5,0.0,0.0,0.0,0.0,0.0,0.0,0.99,0.0394,0.371,0.424
data/kaggle/grading/Gajar/Medium/Grade-3/70.jpg,Gajar,Medium,Grade-3,train,626.9486694335938,263.332763671875,138528.5,0.26,0.72,0.27,0.0,0.0,1.25,0.72,0.0902,0.0,0.382
data/kaggle/grading/Gajar/Medium/Grade-3/28.jpg,Gajar,Medium,Grade-3,train,601.8406372070312,252.8337249755859,119460.0,0.0,0.0,0.06,0.0,0.0,0.06,1.68,0.0628,0.0,0.349
data/kaggle/grading/Kupro/Large/Grade-2/317.jpg,Kupro,Large,Grade-2,train,508.0,369.0,141568.0,0.0,0.0,0.0,0.0,0.0,0.0,0.0,0.0284,1.347,0.481
data/kaggle/grading/Kupro/Large/Grade-2/122.jpg,Kupro,Large,Grade-2,train,506.0088195800781,348.734375,135392.0,0.0,0.0,0.0,0.0,0.0,0.0,0.49,0.0566,1.054,0.44
data/kaggle/grading/Kupro/Large/Grade-2/121.jpg,Kupro,Large,Grade-2,train,494.4358520507813,349.2248229980469,136709.5,0.0,0.0,0.0,0.0,2.56,2.56,1.44,0.0511,0.173,0.398
data/kaggle/grading/Gajar/Large/Grade-1/9.jpg,Gajar,Large,Grade-1,train,587.8401489257812,290.5894470214844,140401.0,0.0,0.0,0.0,0.0,0.0,0.0,0.89,0.091,0.706,0.45
data/kaggle/grading/Kupro/Large/Grade-1/88.jpg,Kupro,Large,Grade-1,train,467.1835021972656,342.7943420410156,126388.5,0.0,0.0,0.0,0.0,0.0,0.0,0.38,0.0404,2.176,0.441
data/kaggle/grading/Gajar/Medium/Grade-1/93.jpg,Gajar,Medium,Grade-1,train,542.9456176757812,239.6670684814453,109302.5,0.0,0.0,0.0,0.0,0.46,0.46,0.78,0.0676,0.0,0.365
data/kaggle/grading/Kupro/Large/Grade-2/366.jpg,Kupro,Large,Grade-2,train,454.48345947265625,351.7544250488281,125490.5,0.0,0.0,0.0,0.0,0.49,0.49,2.1,0.0627,0.046,0.4
data/kaggle/grading/Kupro/Large/Grade-1/80.jpg,Kupro,Large,Grade-1,train,532.1985473632812,337.8111267089844,143182.0,0.0,0.0,0.0,0.0,2.95,2.95,1.38,0.0619,0.029,0.355
data/kaggle/grading/Gajar/Large/Grade-3/16.jpg,Gajar,Large,Grade-3,train,614.625,299.2054748535156,157345.5,0.0,0.0,0.24,0.0,0.0,0.24,1.58,0.1149,0.0,0.393
data/kaggle/grading/Kupro/Large/Grade-1/76.jpg,Kupro,Large,Grade-1,train,536.6642456054688,340.2362976074219,144384.5,0.0,0.0,0.0,0.0,0.6,0.6,1.17,0.0493,0.069,0.391
data/kaggle/grading/Kupro/Large/Grade-2/273.jpg,Kupro,Large,Grade-2,train,499.898193359375,329.607421875,130274.0,0.0,0.0,0.0,0.0,0.0,0.0,0.98,0.0299,0.369,0.435
data/kaggle/grading/Gajar/Large/Grade-1/79.jpg,Gajar,Large,Grade-1,train,602.5211791992188,258.43634033203125,133022.5,0.0,0.0,0.0,0.0,0.0,0.0,0.81,0.0758,0.199,0.425
data/kaggle/grading/Gajar/Medium/Grade-1/104.jpg,Gajar,Medium,Grade-1,train,606.0961303710938,250.1573181152344,128512.5,0.0,0.0,0.0,0.0,0.0,0.0,0.81,0.0971,0.232,0.431
data/kaggle/grading/Kupro/Large/Grade-2/315.jpg,Kupro,Large,Grade-2,train,553.97314453125,355.6198425292969,147370.0,0.0,0.0,0.0,0.0,0.0,0.0,1.09,0.0545,0.003,0.351
data/kaggle/grading/Gajar/Small/Grade-2/72.jpg,Gajar,Small,Grade-2,train,588.4329223632812,277.76904296875,139929.5,0.0,0.24,0.23,0.0,0.0,0.47,2.31,0.0612,0.0,0.39
data/kaggle/grading/Kupro/Large/Grade-2/98.jpg,Kupro,Large,Grade-2,train,492.0,344.0,133330.0,0.0,0.0,0.0,0.0,0.0,0.0,2.25,0.0629,0.093,0.36
data/kaggle/grading/Gajar/Large/Grade-3/23.jpg,Gajar,Large,Grade-3,train,621.0,236.48922729492188,123479.0,0.0,0.0,0.1,0.0,0.0,0.1,1.54,0.0711,0.0,0.388
data/kaggle/grading/Gajar/Small/Grade-1/68.jpg,Gajar,Small,Grade-1,train,519.9645385742188,283.5023498535156,119185.0,0.0,0.0,0.0,0.0,0.0,0.0,0.46,0.0479,0.0,0.389
data/kaggle/grading/Gajar/Small/Grade-3/85.jpg,Gajar,Small,Grade-3,train,559.1832885742188,281.4354553222656,131655.0,0.68,1.16,0.42,0.0,0.0,2.26,1.29,0.0507,0.0,0.398
data/kaggle/grading/Gajar/Small/Grade-1/47.jpg,Gajar,Small,Grade-1,train,598.298828125,264.4793395996094,135497.0,0.0,0.0,0.0,0.0,0.0,0.0,1.48,0.1265,0.141,0.397
data/kaggle/grading/Kupro/Large/Grade-2/191.jpg,Kupro,Large,Grade-2,train,560.6106567382812,339.9139709472656,146196.0,0.0,0.0,0.0,0.0,1.25,1.25,0.88,0.0537,0.024,0.361
data/kaggle/grading/Kupro/Large/Grade-2/112.jpg,Kupro,Large,Grade-2,train,491.9544982910156,368.9927978515625,150269.5,0.0,0.0,0.05,0.0,0.0,0.05,2.73,0.0847,0.002,0.329
data/kaggle/grading/Kupro/Large/Grade-2/183.jpg,Kupro,Large,Grade-2,train,473.45404052734375,325.5313415527344,118895.5,0.0,0.0,0.15,0.0,5.9,6.05,2.02,0.1137,0.023,0.327
data/kaggle/grading/Gajar/Small/Grade-1/183.jpg,Gajar,Small,Grade-1,train,546.9554443359375,277.3410949707031,122710.0,0.0,0.0,0.0,0.0,0.0,0.0,1.0,0.0188,0.0,0.388
data/kaggle/grading/Gajar/Small/Grade-2/31.jpg,Gajar,Small,Grade-2,train,555.4570922851562,275.5144348144531,124367.0,0.0,0.0,0.0,0.0,0.44,0.44,1.08,0.0653,0.0,0.385
data/kaggle/grading/Gajar/Medium/Grade-3/37.jpg,Gajar,Medium,Grade-3,train,525.3878784179688,250.32302856445312,107789.0,0.0,0.17,0.14,0.0,0.0,0.31,0.93,0.0514,0.001,0.376
data/kaggle/grading/Gajar/Medium/Grade-1/83.jpg,Gajar,Medium,Grade-1,train,582.0278930664062,273.6502380371094,133752.5,0.0,0.0,0.0,0.0,0.0,0.0,2.19,0.0825,0.0,0.359
data/kaggle/grading/Gajar/Small/Grade-2/108.jpg,Gajar,Small,Grade-2,train,534.5205078125,242.24061584472656,111236.0,0.0,0.0,0.25,0.0,0.0,0.25,0.96,0.0623,0.003,0.41
data/kaggle/grading/Kupro/Large/Grade-1/199.jpg,Kupro,Large,Grade-1,train,510.5319213867187,353.3567199707031,140758.0,0.0,0.0,0.0,0.0,3.67,3.67,0.8,0.0448,0.122,0.374
data/kaggle/grading/Gajar/Small/Grade-1/2.jpg,Gajar,Small,Grade-1,train,574.8338623046875,242.2866973876953,121266.0,0.0,0.17,0.0,0.0,0.0,0.17,0.58,0.0671,0.195,0.415
data/kaggle/grading/Kupro/Large/Grade-1/84.jpg,Kupro,Large,Grade-1,train,483.8722229003906,347.6938781738281,132139.0,0.0,0.26,0.0,0.0,4.13,4.39,1.79,0.0509,0.0,0.337
data/kaggle/grading/Kupro/Large/Grade-1/123.jpg,Kupro,Large,Grade-1,train,534.3763427734375,345.35150146484375,141969.0,0.0,0.0,0.0,0.0,3.09,3.09,0.5,0.0555,0.014,0.327
data/kaggle/grading/Gajar/Small/Grade-2/126.jpg,Gajar,Small,Grade-2,train,609.0874633789062,273.9136962890625,136065.0,0.0,0.0,0.16,0.0,0.0,0.16,0.69,0.1206,0.002,0.394
data/kaggle/grading/Gajar/Large/Grade-3/87.jpg,Gajar,Large,Grade-3,train,645.8422241210938,276.64825439453125,145616.5,0.56,0.66,0.82,0.0,0.0,2.04,1.11,0.08,0.001,0.419
data/kaggle/grading/Kupro/Large/Grade-3/78.jpg,Kupro,Large,Grade-3,train,480.5016479492187,368.2699279785156,139810.5,0.0,0.0,0.0,0.0,0.0,0.0,0.54,0.038,0.0,0.381
data/kaggle/grading/Gajar/Small/Grade-3/93.jpg,Gajar,Small,Grade-3,train,558.0,257.0,120967.0,0.0,0.0,0.0,0.0,0.0,0.0,1.46,0.0739,0.001,0.415
data/kaggle/grading/Kupro/Large/Grade-2/206.jpg,Kupro,Large,Grade-2,train,526.4179077148438,358.78692626953125,146547.5,0.0,0.0,0.0,0.0,0.52,0.52,0.34,0.0815,0.032,0.348
data/kaggle/grading/Kupro/Large/Grade-1/104.jpg,Kupro,Large,Grade-1,train,469.8804626464844,346.5708312988281,127385.0,0.0,0.0,0.0,0.0,0.0,0.0,0.0,0.0345,2.15,0.455
data/kaggle/grading/Kupro/Large/Grade-1/257.jpg,Kupro,Large,Grade-1,train,509.27978515625,340.97015380859375,133250.5,0.0,0.0,0.0,0.0,0.0,0.0,0.95,0.0232,1.097,0.411
data/kaggle/grading/Gajar/Medium/Grade-2/28.jpg,Gajar,Medium,Grade-2,train,576.0,252.0,113835.0,0.0,0.0,0.05,0.0,0.0,0.05,1.09,0.0698,0.0,0.384
data/kaggle/grading/Kupro/Large/Grade-1/322.jpg,Kupro,Large,Grade-1,train,475.8587951660156,328.38946533203125,120986.5,0.0,0.0,0.0,0.0,0.0,0.0,0.14,0.0481,1.718,0.44
data/kaggle/grading/Gajar/Large/Grade-2/1.jpg,Gajar,Large,Grade-2,train,658.0794067382812,307.8475646972656,172679.0,0.0,0.0,0.0,0.0,0.0,0.0,1.55,0.0865,0.138,0.457
data/kaggle/grading/Kupro/Large/Grade-2/249.jpg,Kupro,Large,Grade-2,train,481.7616271972656,360.068115234375,135832.0,0.0,0.0,0.0,0.0,0.0,0.0,0.12,0.0319,2.181,0.453
data/kaggle/grading/Kupro/Large/Grade-3/73.jpg,Kupro,Large,Grade-3,train,486.6484069824219,381.90673828125,143998.5,0.0,0.0,0.0,0.0,0.0,0.0,1.55,0.0445,0.0,0.312
data/kaggle/grading/Kupro/Large/Grade-1/55.jpg,Kupro,Large,Grade-1,train,513.5814819335938,369.1949768066406,145074.0,0.0,0.0,0.0,0.0,1.22,1.22,1.79,0.0501,0.689,0.402
data/kaggle/grading/Gajar/Large/Grade-2/117.jpg,Gajar,Large,Grade-2,train,601.6083374023438,279.927734375,146109.5,0.0,0.0,0.04,0.0,0.0,0.04,0.98,0.1081,0.08,0.438
data/kaggle/grading/Kupro/Large/Grade-1/12.jpg,Kupro,Large,Grade-1,train,498.5272216796875,358.89251708984375,141702.5,0.0,0.0,0.0,0.0,3.37,3.37,0.86,0.035,0.0,0.368
data/kaggle/grading/Gajar/Small/Grade-2/123.jpg,Gajar,Small,Grade-2,train,598.889404296875,277.6108093261719,139870.0,0.31,0.75,0.45,0.0,0.0,1.51,1.65,0.1158,0.0,0.374
data/kaggle/grading/Kupro/Large/Grade-2/248.jpg,Kupro,Large,Grade-2,train,484.9390869140625,359.5911560058594,136763.5,0.0,0.0,0.0,0.0,0.0,0.0,0.03,0.0451,1.708,0.425
data/kaggle/grading/Kupro/Large/Grade-2/128.jpg,Kupro,Large,Grade-2,train,525.33837890625,327.4979553222656,136560.5,0.0,0.0,0.0,0.0,0.0,0.0,1.44,0.0547,0.33,0.391
data/kaggle/grading/Gajar/Small/Grade-2/121.jpg,Gajar,Small,Grade-2,train,600.796630859375,266.531005859375,134597.0,0.74,0.0,0.28,0.0,0.0,1.02,1.02,0.103,0.004,0.389
data/kaggle/grading/Gajar/Large/Grade-1/129.jpg,Gajar,Large,Grade-1,train,655.0167236328125,267.3796081542969,143608.5,0.0,0.0,0.0,0.0,0.0,0.0,1.44,0.0846,0.045,0.415
data/kaggle/grading/Kupro/Large/Grade-2/87.jpg,Kupro,Large,Grade-2,train,492.6875915527344,365.1011657714844,140310.5,0.0,0.0,0.0,0.0,0.0,0.0,1.8,0.0725,0.684,0.392
data/kaggle/grading/Kupro/Large/Grade-2/339.jpg,Kupro,Large,Grade-2,train,500.2368469238281,364.81585693359375,139678.0,0.0,0.0,0.0,0.0,0.0,0.0,1.3,0.0438,0.255,0.405
data/kaggle/grading/Gajar/Large/Grade-3/12.jpg,Gajar,Large,Grade-3,train,629.0302734375,306.82257080078125,162266.5,0.0,0.2,0.09,0.0,0.0,0.29,0.3,0.0645,0.023,0.425
data/kaggle/grading/Gajar/Large/Grade-3/119.jpg,Gajar,Large,Grade-3,train,603.9995727539062,275.5459289550781,138726.5,0.0,0.0,0.04,0.0,0.0,0.04,0.63,0.0595,0.002,0.397
data/kaggle/grading/Gajar/Small/Grade-1/51.jpg,Gajar,Small,Grade-1,train,535.2351684570312,241.25192260742188,109570.5,0.0,0.0,0.0,0.0,0.0,0.0,1.68,0.0788,0.391,0.44
data/kaggle/grading/Gajar/Small/Grade-1/70.jpg,Gajar,Small,Grade-1,train,543.930419921875,244.51730346679688,112299.0,0.0,0.0,0.0,0.0,0.49,0.49,0.81,0.0621,0.249,0.465
data/kaggle/grading/Kupro/Large/Grade-2/7.jpg,Kupro,Large,Grade-2,train,489.5067443847656,364.7094421386719,138423.0,0.0,0.0,0.0,0.0,0.0,0.0,1.86,0.104,0.014,0.329
data/kaggle/grading/Gajar/Small/Grade-2/47.jpg,Gajar,Small,Grade-2,train,576.3872680664062,242.87074279785156,120934.5,0.0,0.0,0.0,0.0,0.0,0.0,1.42,0.0635,0.0,0.366
data/kaggle/grading/Gajar/Medium/Grade-1/57.jpg,Gajar,Medium,Grade-1,train,561.8241577148438,255.45838928222656,121496.5,0.0,0.0,0.0,0.0,0.0,0.0,1.36,0.07,0.0,0.291
data/kaggle/grading/Gajar/Large/Grade-1/57.jpg,Gajar,Large,Grade-1,train,631.2027587890625,281.3434143066406,148887.5,0.0,0.0,0.0,0.0,0.0,0.0,1.36,0.1113,0.002,0.401
data/kaggle/grading/Gajar/Large/Grade-1/141.jpg,Gajar,Large,Grade-1,train,641.064208984375,293.7063903808594,157067.0,0.0,0.0,0.04,0.0,0.0,0.04,0.21,0.0867,0.132,0.392
data/kaggle/grading/Kupro/Large/Grade-1/147.jpg,Kupro,Large,Grade-1,train,510.0766906738281,342.88519287109375,137014.5,0.0,0.0,0.0,0.0,0.0,0.0,0.75,0.0506,0.574,0.404
data/kaggle/grading/Kupro/Large/Grade-2/16.jpg,Kupro,Large,Grade-2,train,470.7151184082031,375.1902770996094,139755.5,0.0,0.0,0.0,0.0,1.93,1.93,2.17,0.0951,0.0,0.332
data/kaggle/grading/Kupro/Large/Grade-2/84.jpg,Kupro,Large,Grade-2,train,551.1685180664062,360.2196350097656,154564.0,0.0,0.0,0.0,0.0,4.37,4.37,3.55,0.0791,0.0,0.321
data/kaggle/grading/Gajar/Large/Grade-2/35.jpg,Gajar,Large,Grade-2,train,636.7046508789062,275.95526123046875,143672.5,0.0,0.0,0.0,0.0,0.0,0.0,1.54,0.1114,0.004,0.437
data/kaggle/grading/Gajar/Small/Grade-3/149.jpg,Gajar,Small,Grade-3,train,561.3982543945312,270.6053466796875,126810.5,0.0,0.32,0.57,0.0,0.0,0.89,1.12,0.0109,0.004,0.464
data/kaggle/grading/Gajar/Small/Grade-2/73.jpg,Gajar,Small,Grade-2,train,588.4329223632812,277.76904296875,139929.5,0.0,0.24,0.23,0.0,0.0,0.47,2.31,0.0612,0.0,0.39
data/kaggle/grading/Kupro/Large/Grade-3/47.jpg,Kupro,Large,Grade-3,train,475.0,342.0,129998.0,0.0,0.0,0.0,0.0,0.0,0.0,1.58,0.0468,0.45,0.45
data/kaggle/grading/Kupro/Large/Grade-2/275.jpg,Kupro,Large,Grade-2,train,482.744384765625,330.9037170410156,130280.0,0.0,0.0,0.0,0.0,0.0,0.0,1.98,0.0487,0.347,0.403
data/kaggle/grading/Gajar/Large/Grade-3/61.jpg,Gajar,Large,Grade-3,train,640.9998779296875,266.99993896484375,148839.0,0.0,0.15,0.1,0.0,0.0,0.25,1.31,0.0548,0.0,0.388
data/kaggle/grading/Gajar/Large/Grade-2/69.jpg,Gajar,Large,Grade-2,train,614.732421875,281.66461181640625,142835.0,0.0,0.0,0.0,0.0,0.0,0.0,1.07,0.0743,0.002,0.398
data/kaggle/grading/Kupro/Large/Grade-1/206.jpg,Kupro,Large,Grade-1,train,482.4361267089844,328.3238830566406,124883.0,0.0,0.0,0.0,0.0,0.0,0.0,2.54,0.0602,0.545,0.397
data/kaggle/grading/Gajar/Small/Grade-3/122.jpg,Gajar,Small,Grade-3,train,573.4652099609375,272.54815673828125,133501.0,0.0,0.21,0.04,0.0,0.0,0.25,1.02,0.0703,0.0,0.411
data/kaggle/grading/Gajar/Small/Grade-3/77.jpg,Gajar,Small,Grade-3,train,557.2271118164062,250.69383239746097,117757.0,0.0,0.52,0.22,0.0,0.0,0.74,1.27,0.0703,0.001,0.41
data/kaggle/grading/Gajar/Small/Grade-3/46.jpg,Gajar,Small,Grade-3,train,501.7459411621094,233.64303588867188,99953.0,0.0,0.0,0.13,0.0,0.0,0.13,0.79,0.039,0.0,0.342
data/kaggle/grading/Kupro/Large/Grade-1/211.jpg,Kupro,Large,Grade-1,train,514.897216796875,340.1566467285156,135448.5,0.0,0.0,0.0,0.0,0.0,0.0,0.61,0.0496,1.409,0.441
data/kaggle/grading/Gajar/Large/Grade-1/65.jpg,Gajar,Large,Grade-1,train,643.0929565429688,301.1703186035156,165700.5,0.0,0.0,0.0,0.0,0.0,0.0,0.09,0.0818,0.205,0.453
data/kaggle/grading/Gajar/Large/Grade-2/86.jpg,Gajar,Large,Grade-2,train,609.6543579101562,256.214111328125,129295.5,0.0,0.22,0.0,0.0,0.0,0.22,0.94,0.0787,0.086,0.411
data/kaggle/grading/Kupro/Large/Grade-1/318.jpg,Kupro,Large,Grade-1,train,499.4745178222656,359.4335021972656,137491.0,0.0,0.0,0.0,0.0,0.0,0.0,0.48,0.0388,2.728,0.404
data/kaggle/grading/Kupro/Large/Grade-1/181.jpg,Kupro,Large,Grade-1,train,494.6853637695313,353.4089050292969,141615.5,0.0,0.0,0.0,0.0,0.48,0.48,1.76,0.0279,0.0,0.384
data/kaggle/grading/Gajar/Small/Grade-1/163.jpg,Gajar,Small,Grade-1,train,506.1851806640625,255.2582244873047,106698.0,0.0,0.0,0.0,0.0,1.55,1.55,2.19,0.0554,0.001,0.392
data/kaggle/grading/Gajar/Medium/Grade-3/11.jpg,Gajar,Medium,Grade-3,train,579.9274291992188,246.44317626953125,120169.5,0.0,0.33,0.13,0.0,0.6,1.06,1.53,0.1168,0.0,0.37
data/kaggle/grading/Kupro/Large/Grade-1/121.jpg,Kupro,Large,Grade-1,train,520.3088989257812,343.4020690917969,141651.5,0.0,0.0,0.0,0.0,2.42,2.42,1.46,0.0586,0.002,0.34
data/kaggle/grading/Kupro/Large/Grade-2/223.jpg,Kupro,Large,Grade-2,train,555.1769409179688,339.4447021484375,151662.0,0.0,0.0,0.0,0.0,0.5,0.5,0.98,0.0516,0.242,0.403
data/kaggle/grading/Gajar/Small/Grade-2/89.jpg,Gajar,Small,Grade-2,train,588.0529174804688,283.0070495605469,141231.5,0.24,0.16,0.0,0.0,0.0,0.4,1.2,0.0726,0.0,0.39
data/kaggle/grading/Gajar/Medium/Grade-1/61.jpg,Gajar,Medium,Grade-1,train,560.0,270.0,125666.0,0.0,0.0,0.04,0.0,2.1,2.14,0.85,0.0714,0.0,0.336
data/kaggle/grading/Gajar/Small/Grade-1/165.jpg,Gajar,Small,Grade-1,train,529.9381713867188,261.9701843261719,112638.0,0.0,0.0,0.06,0.0,0.0,0.06,2.02,0.0441,0.004,0.439
data/kaggle/grading/Gajar/Small/Grade-3/73.jpg,Gajar,Small,Grade-3,train,559.0052490234375,240.31930541992188,108421.0,0.42,0.33,0.46,0.0,0.0,1.21,1.11,0.0799,0.001,0.38
data/kaggle/grading/Gajar/Large/Grade-3/36.jpg,Gajar,Large,Grade-3,train,625.8677978515625,343.7549133300781,165358.0,0.0,0.0,0.14,0.0,0.81,0.95,0.65,0.0331,0.021,0.428
data/kaggle/grading/Gajar/Small/Grade-3/12.jpg,Gajar,Small,Grade-3,train,552.6782836914062,261.7278137207031,118484.0,0.41,0.42,0.47,0.0,0.0,1.3,1.67,0.089,0.001,0.402
data/kaggle/grading/Gajar/Large/Grade-2/5.jpg,Gajar,Large,Grade-2,train,600.7568359375,282.02947998046875,137976.0,0.0,0.0,0.0,0.0,0.0,0.0,1.35,0.1079,0.439,0.459
data/kaggle/grading/Gajar/Small/Grade-3/87.jpg,Gajar,Small,Grade-3,train,547.9998779296875,245.99996948242188,118990.5,0.0,0.3,0.19,0.0,0.0,0.49,2.44,0.062,0.007,0.377
data/kaggle/grading/Kupro/Large/Grade-2/238.jpg,Kupro,Large,Grade-2,train,453.1569213867187,352.67095947265625,125842.0,0.0,0.0,0.0,0.0,0.0,0.0,0.96,0.0813,0.136,0.367
data/kaggle/grading/Kupro/Large/Grade-1/283.jpg,Kupro,Large,Grade-1,train,495.9250793457031,366.41162109375,140173.0,0.0,0.0,0.0,0.0,0.0,0.0,0.41,0.0335,1.866,0.385
data/kaggle/grading/Kupro/Large/Grade-2/173.jpg,Kupro,Large,Grade-2,train,518.4483032226562,341.86102294921875,141705.0,0.0,0.0,0.0,0.0,2.96,2.96,1.43,0.09,0.023,0.333
data/kaggle/grading/Kupro/Large/Grade-1/119.jpg,Kupro,Large,Grade-1,train,523.7564086914062,328.96435546875,139156.0,0.0,0.0,0.0,0.0,1.56,1.56,1.03,0.0527,0.306,0.382
data/kaggle/grading/Kupro/Large/Grade-2/111.jpg,Kupro,Large,Grade-2,train,515.0,369.0,150251.0,0.0,0.0,0.0,0.0,1.29,1.29,0.39,0.0482,0.064,0.37
data/kaggle/grading/Kupro/Large/Grade-3/35.jpg,Kupro,Large,Grade-3,train,475.3074035644531,365.6270751953125,135910.0,0.0,0.0,0.0,0.0,0.93,0.93,1.11,0.0574,0.168,0.402
data/kaggle/grading/Kupro/Large/Grade-2/217.jpg,Kupro,Large,Grade-2,train,461.8813171386719,332.2513427734375,123220.5,0.0,0.0,0.04,0.0,0.0,0.04,3.29,0.0713,0.0,0.393
data/kaggle/grading/Gajar/Large/Grade-1/135.jpg,Gajar,Large,Grade-1,train,648.8317260742188,256.8031921386719,143068.0,0.0,0.0,0.0,0.0,0.0,0.0,0.57,0.0651,0.127,0.447
data/kaggle/grading/Kupro/Large/Grade-2/132.jpg,Kupro,Large,Grade-2,train,478.2399291992187,396.6701354980469,147290.5,0.0,0.0,0.0,0.0,0.0,0.0,0.58,0.0654,0.907,0.45
data/kaggle/grading/Kupro/Large/Grade-1/8.jpg,Kupro,Large,Grade-1,train,508.5969543457031,370.0743408203125,145963.0,0.0,0.0,0.0,0.0,6.54,6.54,0.37,0.0462,0.0,0.341
data/kaggle/grading/Gajar/Small/Grade-3/79.jpg,Gajar,Small,Grade-3,train,566.1307373046875,256.482666015625,120328.0,0.0,0.0,0.12,0.0,0.68,0.8,1.45,0.0863,0.002,0.402
data/kaggle/grading/Gajar/Small/Grade-3/136.jpg,Gajar,Small,Grade-3,train,589.2067260742188,269.9713439941406,126413.0,0.34,0.9,0.26,0.0,0.0,1.5,1.04,0.0722,0.003,0.392
data/kaggle/grading/Gajar/Small/Grade-2/44.jpg,Gajar,Small,Grade-2,train,555.6316528320312,284.619140625,125301.0,0.0,0.0,0.12,0.0,0.0,0.12,0.45,0.0479,0.172,0.427
data/kaggle/grading/Gajar/Medium/Grade-1/117.jpg,Gajar,Medium,Grade-1,train,601.6417846679688,265.7594299316406,133509.0,0.0,0.0,0.0,0.0,0.0,0.0,2.01,0.0922,0.055,0.39
data/kaggle/grading/Gajar/Medium/Grade-2/60.jpg,Gajar,Medium,Grade-2,train,607.6493530273438,276.3670959472656,137602.5,0.0,0.0,0.0,0.0,0.0,0.0,0.32,0.0851,0.0,0.333
data/kaggle/grading/Gajar/Large/Grade-1/11.jpg,Gajar,Large,Grade-1,train,639.9342651367188,278.3318176269531,152711.5,0.0,0.0,0.0,0.0,0.0,0.0,0.67,0.0981,0.373,0.47
data/kaggle/grading/Gajar/Medium/Grade-1/11.jpg,Gajar,Medium,Grade-1,train,568.3885498046875,278.77557373046875,133874.0,0.0,0.0,0.0,0.0,0.43,0.43,1.23,0.1042,0.369,0.449
data/kaggle/grading/Kupro/Large/Grade-2/311.jpg,Kupro,Large,Grade-2,train,492.19720458984375,349.8337707519531,133785.5,0.0,0.0,0.0,0.0,0.85,0.85,0.76,0.0592,0.014,0.363
data/kaggle/grading/Gajar/Small/Grade-2/46.jpg,Gajar,Small,Grade-2,train,596.5039672851562,247.08534240722656,124732.0,0.0,0.0,0.0,0.0,0.0,0.0,2.03,0.0968,0.011,0.368
data/kaggle/grading/Kupro/Large/Grade-2/227.jpg,Kupro,Large,Grade-2,train,549.0443115234375,333.595947265625,150332.5,0.0,0.0,0.0,0.0,0.0,0.0,0.79,0.0485,0.007,0.367
data/kaggle/grading/Gajar/Small/Grade-3/91.jpg,Gajar,Small,Grade-3,train,538.364013671875,297.39984130859375,134471.0,0.0,0.37,0.09,0.0,0.0,0.46,1.32,0.0537,0.0,0.337
data/kaggle/grading/Gajar/Small/Grade-1/147.jpg,Gajar,Small,Grade-1,train,539.0,242.0,110560.5,0.0,0.0,0.0,0.0,0.53,0.53,3.45,0.1052,0.039,0.389
data/kaggle/grading/Gajar/Medium/Grade-1/107.jpg,Gajar,Medium,Grade-1,train,578.5042724609375,232.71678161621097,116406.0,0.0,0.0,0.0,0.0,0.0,0.0,0.86,0.0637,0.008,0.377
data/kaggle/grading/Kupro/Large/Grade-2/167.jpg,Kupro,Large,Grade-2,train,469.4170227050781,336.3599853515625,125695.5,0.0,0.0,0.0,0.0,1.62,1.62,1.11,0.0846,0.05,0.337
data/kaggle/grading/Kupro/Large/Grade-1/323.jpg,Kupro,Large,Grade-1,train,470.9314880371094,334.9527893066406,125940.0,0.0,0.0,0.0,0.0,0.0,0.0,0.15,0.0363,1.189,0.454
data/kaggle/grading/Kupro/Large/Grade-2/41.jpg,Kupro,Large,Grade-2,train,509.9994812011719,349.5791320800781,144207.5,0.63,0.0,0.0,0.0,0.0,0.63,1.47,0.0242,0.0,0.354
data/kaggle/grading/Gajar/Small/Grade-2/78.jpg,Gajar,Small,Grade-2,train,535.1077270507812,239.7367401123047,109542.5,0.0,0.15,0.15,0.0,0.0,0.3,2.07,0.0836,0.045,0.463
data/kaggle/grading/Gajar/Small/Grade-2/83.jpg,Gajar,Small,Grade-2,train,573.18701171875,260.5564270019531,123976.5,0.0,0.0,0.0,0.0,0.0,0.0,2.13,0.072,0.001,0.391
data/kaggle/grading/Gajar/Small/Grade-2/124.jpg,Gajar,Small,Grade-2,train,598.889404296875,277.6108093261719,139870.0,0.31,0.75,0.45,0.0,0.0,1.51,1.65,0.1158,0.0,0.374
data/kaggle/grading/Gajar/Large/Grade-1/32.jpg,Gajar,Large,Grade-1,train,630.072509765625,280.11151123046875,147089.5,0.0,0.0,0.06,0.0,0.0,0.06,0.42,0.0808,0.126,0.421
data/kaggle/grading/Kupro/Large/Grade-2/134.jpg,Kupro,Large,Grade-2,train,471.9864807128906,353.8530578613281,133289.0,0.0,0.0,0.0,0.0,2.1,2.1,1.58,0.0765,0.0,0.377
data/kaggle/grading/Gajar/Small/Grade-3/44.jpg,Gajar,Small,Grade-3,train,551.90185546875,237.35337829589844,110377.5,0.0,0.22,0.1,0.0,0.0,0.32,1.51,0.0639,0.0,0.391
data/kaggle/grading/Kupro/Large/Grade-1/256.jpg,Kupro,Large,Grade-1,train,501.3030700683594,367.8467712402344,141997.5,0.0,0.0,0.0,0.0,0.0,0.0,0.15,0.0267,0.165,0.36
data/kaggle/grading/Kupro/Large/Grade-1/167.jpg,Kupro,Large,Grade-1,train,511.60650634765625,373.8852233886719,151800.0,0.0,0.0,0.0,0.0,0.47,0.47,0.65,0.036,1.439,0.41
data/kaggle/grading/Gajar/Large/Grade-2/28.jpg,Gajar,Large,Grade-2,train,614.075927734375,270.317626953125,140693.5,0.0,0.0,0.05,0.0,0.0,0.05,0.98,0.0777,0.111,0.388
data/kaggle/grading/Gajar/Medium/Grade-2/29.jpg,Gajar,Medium,Grade-2,train,578.413330078125,263.04376220703125,114600.5,0.0,0.0,0.0,0.0,0.0,0.0,0.88,0.0638,0.015,0.384
data/kaggle/grading/Kupro/Large/Grade-1/85.jpg,Kupro,Large,Grade-1,train,480.958984375,346.69073486328125,132742.5,0.0,0.0,0.0,0.0,2.86,2.86,1.33,0.0304,0.0,0.389
data/kaggle/grading/Gajar/Large/Grade-3/116.jpg,Gajar,Large,Grade-3,train,691.7098999023438,291.9992370605469,164416.5,0.0,0.0,0.0,0.0,0.0,0.0,1.55,0.0907,0.027,0.387
data/kaggle/grading/Gajar/Medium/Grade-2/24.jpg,Gajar,Medium,Grade-2,train,538.753173828125,252.87893676757812,118438.0,0.18,0.0,0.13,0.0,0.0,0.31,1.62,0.0893,0.0,0.332
data/kaggle/grading/Gajar/Medium/Grade-1/140.jpg,Gajar,Medium,Grade-1,train,587.0,277.0,132753.0,0.0,0.0,0.0,0.0,0.0,0.0,1.29,0.0812,0.037,0.385
data/kaggle/grading/Gajar/Large/Grade-1/163.jpg,Gajar,Large,Grade-1,train,652.3046264648438,279.6793212890625,157419.0,0.0,0.0,0.0,0.0,0.0,0.0,0.46,0.0389,0.247,0.42
data/kaggle/grading/Gajar/Small/Grade-1/9.jpg,Gajar,Small,Grade-1,train,531.7687377929688,260.4227294921875,118166.0,0.34,0.0,0.06,0.0,0.0,0.4,1.96,0.0696,0.0,0.331
data/kaggle/grading/Gajar/Small/Grade-1/131.jpg,Gajar,Small,Grade-1,train,551.5620727539062,237.60064697265625,110714.5,0.0,0.0,0.0,0.0,0.0,0.0,1.53,0.1149,0.0,0.331
data/kaggle/grading/Kupro/Large/Grade-1/113.jpg,Kupro,Large,Grade-1,train,524.9998779296875,353.99993896484375,147213.5,0.0,0.0,0.0,0.0,0.0,0.0,1.86,0.0549,0.277,0.365
data/kaggle/grading/Kupro/Large/Grade-2/152.jpg,Kupro,Large,Grade-2,train,511.8584899902344,333.3343811035156,136355.0,0.0,0.0,0.0,0.0,0.67,0.67,0.94,0.0571,0.015,0.378
data/kaggle/grading/Kupro/Large/Grade-1/195.jpg,Kupro,Large,Grade-1,train,516.6822509765625,305.312255859375,123520.0,0.0,0.0,0.0,0.0,2.02,2.02,2.15,0.0549,0.161,0.34
data/kaggle/grading/Kupro/Large/Grade-3/79.jpg,Kupro,Large,Grade-3,train,496.4667663574219,359.91937255859375,141247.5,0.0,0.0,0.0,0.0,0.0,0.0,0.67,0.0497,0.197,0.462
data/kaggle/grading/Kupro/Large/Grade-1/186.jpg,Kupro,Large,Grade-1,train,524.3318481445312,335.482177734375,141200.5,0.0,0.0,0.0,0.0,5.66,5.66,1.2,0.0568,0.001,0.348
data/kaggle/grading/Kupro/Large/Grade-2/251.jpg,Kupro,Large,Grade-2,train,457.8486328125,342.1888122558594,125382.5,0.0,0.0,0.0,0.0,0.92,0.92,0.8,0.0634,0.019,0.343
data/kaggle/grading/Kupro/Large/Grade-2/341.jpg,Kupro,Large,Grade-2,train,517.3543090820312,373.4050903320313,154151.5,0.0,0.0,0.0,0.0,0.0,0.0,0.27,0.0441,1.377,0.372
data/kaggle/grading/Gajar/Medium/Grade-1/152.jpg,Gajar,Medium,Grade-1,train,577.4150390625,251.3013153076172,114676.5,0.0,0.0,0.0,0.0,0.0,0.0,0.86,0.073,0.001,0.359
data/kaggle/grading/Kupro/Large/Grade-1/319.jpg,Kupro,Large,Grade-1,train,489.0877990722656,340.9922180175781,134501.0,0.0,0.0,0.0,0.0,0.0,0.0,0.08,0.036,2.456,0.448
data/kaggle/grading/Kupro/Large/Grade-3/111.jpg,Kupro,Large,Grade-3,train,466.597412109375,339.1107482910156,124392.0,0.0,0.0,0.0,0.0,0.0,0.0,1.61,0.0871,0.411,0.376
data/kaggle/grading/Kupro/Large/Grade-2/113.jpg,Kupro,Large,Grade-2,train,535.8042602539062,345.20697021484375,141907.0,0.0,0.0,0.0,0.0,0.58,0.58,1.64,0.0824,0.019,0.339
data/kaggle/grading/Gajar/Medium/Grade-1/106.jpg,Gajar,Medium,Grade-1,train,589.8128662109375,259.7273254394531,127805.5,0.0,0.0,0.08,0.0,0.0,0.08,1.44,0.1135,0.002,0.387
data/kaggle/grading/Kupro/Large/Grade-2/17.jpg,Kupro,Large,Grade-2,train,503.3447570800781,322.4268798828125,127257.0,0.0,0.0,0.0,0.0,0.0,0.0,1.97,0.1101,0.0,0.339
data/kaggle/grading/Gajar/Large/Grade-2/9.jpg,Gajar,Large,Grade-2,train,633.9987182617188,299.16668701171875,154084.5,0.0,0.0,0.0,0.0,0.0,0.0,0.99,0.0664,0.079,0.422
data/kaggle/grading/Gajar/Small/Grade-1/23.jpg,Gajar,Small,Grade-1,train,567.0,264.0,128311.0,0.0,0.0,0.17,0.0,0.0,0.17,0.68,0.04,0.0,0.351
data/kaggle/grading/Kupro/Large/Grade-1/231.jpg,Kupro,Large,Grade-1,train,474.6442565917969,359.431396484375,136435.0,0.0,0.0,0.0,0.0,0.0,0.0,0.57,0.0421,1.765,0.414
data/kaggle/grading/Gajar/Large/Grade-2/88.jpg,Gajar,Large,Grade-2,train,627.0119018554688,297.5570373535156,154452.0,0.0,0.0,0.0,0.0,0.0,0.0,0.39,0.072,0.011,0.425
data/kaggle/grading/Gajar/Small/Grade-3/103.jpg,Gajar,Small,Grade-3,train,550.31787109375,270.9063415527344,119689.5,0.0,0.0,0.49,0.0,0.42,0.91,2.2,0.0792,0.001,0.403
data/kaggle/grading/Gajar/Large/Grade-1/62.jpg,Gajar,Large,Grade-1,train,648.2725219726562,288.6591491699219,152665.0,0.0,0.0,0.0,0.0,0.0,0.0,1.35,0.075,0.03,0.379
data/kaggle/grading/Kupro/Large/Grade-3/91.jpg,Kupro,Large,Grade-3,train,542.0899047851562,345.3099365234375,147000.0,0.0,0.0,0.0,0.0,0.0,0.0,3.81,0.09,0.002,0.332
data/kaggle/grading/Gajar/Large/Grade-1/127.jpg,Gajar,Large,Grade-1,train,604.2679443359375,270.517578125,138626.0,0.0,0.0,0.0,0.0,0.0,0.0,0.82,0.0622,0.006,0.39
data/kaggle/grading/Kupro/Large/Grade-2/318.jpg,Kupro,Large,Grade-2,train,498.91949462890625,352.81292724609375,136562.0,0.0,0.0,0.0,0.0,0.41,0.41,0.88,0.0386,0.571,0.43
data/kaggle/grading/Gajar/Small/Grade-3/104.jpg,Gajar,Small,Grade-3,train,559.0386352539062,270.5390625,125402.5,0.28,0.83,0.0,0.0,0.0,1.11,1.2,0.0462,0.0,0.395
data/kaggle/grading/Gajar/Medium/Grade-1/6.jpg,Gajar,Medium,Grade-1,train,587.0579223632812,256.33721923828125,128607.5,0.0,0.0,0.0,0.0,0.59,0.59,1.87,0.0667,0.019,0.4
data/kaggle/grading/Gajar/Medium/Grade-3/46.jpg,Gajar,Medium,Grade-3,train,572.2744140625,257.8016357421875,121812.0,0.0,0.0,0.49,0.0,0.0,0.49,1.64,0.0822,0.001,0.392
data/kaggle/grading/Gajar/Medium/Grade-1/112.jpg,Gajar,Medium,Grade-1,train,561.0724487304688,261.0491027832031,125526.0,0.0,0.0,0.0,0.0,0.0,0.0,0.74,0.0623,0.063,0.372
data/kaggle/grading/Kupro/Large/Grade-3/37.jpg,Kupro,Large,Grade-3,train,473.3264465332031,354.3087158203125,130700.5,0.0,0.0,0.0,0.0,0.51,0.51,0.99,0.033,0.118,0.447
data/kaggle/grading/Gajar/Large/Grade-2/92.jpg,Gajar,Large,Grade-2,train,610.1220092773438,289.9966735839844,140642.5,0.0,0.0,0.0,0.0,0.0,0.0,0.64,0.0737,0.004,0.402
data/kaggle/grading/Gajar/Small/Grade-3/39.jpg,Gajar,Small,Grade-3,train,579.7811889648438,273.5802307128906,128850.5,0.0,0.0,0.04,0.0,0.0,0.04,0.99,0.1067,0.0,0.368
data/kaggle/grading/Gajar/Large/Grade-1/95.jpg,Gajar,Large,Grade-1,train,627.8707275390625,274.7844543457031,136985.5,0.0,0.0,0.0,0.0,0.91,0.91,1.71,0.0497,0.0,0.316
data/kaggle/grading/Gajar/Small/Grade-3/184.jpg,Gajar,Small,Grade-3,train,548.608154296875,260.76495361328125,117246.5,0.0,0.63,0.09,0.0,0.0,0.72,2.33,0.0635,0.0,0.379
data/kaggle/grading/Kupro/Large/Grade-1/101.jpg,Kupro,Large,Grade-1,train,534.0755615234375,385.0814208984375,161682.0,0.0,0.0,0.0,0.0,1.75,1.75,1.49,0.0587,0.04,0.381
data/kaggle/grading/Gajar/Large/Grade-2/61.jpg,Gajar,Large,Grade-2,train,605.9453735351562,303.8436584472656,150856.0,0.0,0.0,0.0,0.0,0.0,0.0,0.72,0.0722,0.07,0.432
data/kaggle/grading/Gajar/Medium/Grade-3/57.jpg,Gajar,Medium,Grade-3,train,621.7880859375,279.3376770019531,137640.5,3.32,1.56,0.29,0.0,0.0,5.17,0.94,0.1037,0.0,0.38
data/kaggle/grading/Gajar/Medium/Grade-2/25.jpg,Gajar,Medium,Grade-2,train,555.88427734375,257.8646545410156,120934.5,0.0,0.0,0.0,0.0,0.0,0.0,1.26,0.0477,0.0,0.373
data/kaggle/grading/Kupro/Large/Grade-1/152.jpg,Kupro,Large,Grade-1,train,492.4751892089844,331.23590087890625,129982.5,0.0,0.0,0.0,0.0,0.48,0.48,0.81,0.0337,0.614,0.402
data/kaggle/grading/Gajar/Small/Grade-2/112.jpg,Gajar,Small,Grade-2,train,571.5776977539062,298.06341552734375,137409.0,0.0,0.0,0.05,0.0,0.0,0.05,0.76,0.0812,0.011,0.443
data/kaggle/grading/Gajar/Medium/Grade-1/198.jpg,Gajar,Medium,Grade-1,train,575.8251953125,250.54840087890625,123695.5,0.0,0.0,0.0,0.0,0.0,0.0,0.49,0.0709,0.001,0.388
data/kaggle/grading/Kupro/Large/Grade-1/248.jpg,Kupro,Large,Grade-1,train,524.3593139648438,380.67974853515625,158024.0,0.0,0.0,0.0,0.0,0.0,0.0,0.19,0.0448,2.085,0.435
data/kaggle/grading/Gajar/Small/Grade-2/11.jpg,Gajar,Small,Grade-2,train,566.85693359375,237.5917053222656,116786.5,0.0,0.0,0.0,0.0,0.0,0.0,0.49,0.0627,0.001,0.359
data/kaggle/grading/Gajar/Small/Grade-3/116.jpg,Gajar,Small,Grade-3,train,546.0,274.0,125461.5,0.0,0.0,0.11,0.0,0.0,0.11,0.88,0.0697,0.008,0.386
data/kaggle/grading/Gajar/Large/Grade-3/66.jpg,Gajar,Large,Grade-3,train,695.570556640625,317.4505615234375,176067.0,0.0,0.0,0.45,0.0,0.0,0.45,0.81,0.0481,0.0,0.414
data/kaggle/grading/Gajar/Medium/Grade-1/102.jpg,Gajar,Medium,Grade-1,train,553.2390747070312,284.6772766113281,132160.0,0.0,0.0,0.0,0.0,0.0,0.0,0.2,0.0344,0.057,0.403
data/kaggle/grading/Kupro/Large/Grade-1/155.jpg,Kupro,Large,Grade-1,train,459.8633117675781,366.54693603515625,130341.5,0.0,0.0,0.0,0.0,0.0,0.0,0.8,0.0383,1.329,0.392
data/kaggle/grading/Kupro/Large/Grade-2/343.jpg,Kupro,Large,Grade-2,train,445.1697082519531,362.14849853515625,131519.0,0.0,0.0,0.0,0.0,0.0,0.0,2.18,0.0428,0.0,0.393
data/kaggle/grading/Gajar/Large/Grade-1/40.jpg,Gajar,Large,Grade-1,train,638.411376953125,278.0240783691406,145628.0,0.0,0.0,0.0,0.0,0.0,0.0,0.83,0.1043,0.321,0.476
data/kaggle/grading/Kupro/Large/Grade-1/72.jpg,Kupro,Large,Grade-1,train,517.9513549804688,338.5159606933594,137416.5,0.0,0.0,0.05,0.0,5.05,5.1,1.47,0.0868,0.0,0.344
data/kaggle/grading/Gajar/Large/Grade-3/28.jpg,Gajar,Large,Grade-3,train,624.3907470703125,296.3189697265625,152502.0,0.0,0.0,0.0,0.0,0.0,0.0,0.54,0.0398,0.103,0.485
data/kaggle/grading/Kupro/Large/Grade-2/182.jpg,Kupro,Large,Grade-2,train,540.3807983398438,338.7431640625,139350.5,0.0,0.0,0.0,0.0,2.8,2.8,1.47,0.0844,0.075,0.325
data/kaggle/grading/Gajar/Small/Grade-3/157.jpg,Gajar,Small,Grade-3,train,539.23291015625,254.84625244140625,113604.0,0.0,0.23,0.11,0.0,0.0,0.34,1.15,0.0333,0.138,0.441
data/kaggle/grading/Kupro/Large/Grade-3/5.jpg,Kupro,Large,Grade-3,train,503.60888671875,340.38470458984375,131920.5,0.0,0.56,0.0,0.0,1.55,2.11,1.72,0.0479,0.0,0.328
data/kaggle/grading/Kupro/Large/Grade-1/156.jpg,Kupro,Large,Grade-1,train,494.18310546875,315.42462158203125,120326.0,0.0,0.0,0.0,0.0,4.08,4.08,0.76,0.062,0.0,0.364
data/kaggle/grading/Kupro/Large/Grade-1/285.jpg,Kupro,Large,Grade-1,train,500.8572692871094,355.5047912597656,141194.0,0.0,0.0,0.0,0.0,0.66,0.66,0.25,0.0331,2.826,0.374
data/kaggle/grading/Gajar/Large/Grade-3/103.jpg,Gajar,Large,Grade-3,train,630.5855102539062,303.87493896484375,151064.0,0.0,0.0,0.18,0.0,0.0,0.18,1.18,0.0432,0.006,0.441
data/kaggle/grading/Gajar/Small/Grade-2/86.jpg,Gajar,Small,Grade-2,train,593.9998779296875,299.99993896484375,149171.0,0.59,0.0,0.17,0.0,0.0,0.76,0.65,0.0741,0.0,0.348
data/kaggle/grading/Gajar/Small/Grade-3/186.jpg,Gajar,Small,Grade-3,train,556.0,235.0,114253.5,0.59,0.0,0.18,0.0,0.0,0.77,2.23,0.0494,0.0,0.369
data/kaggle/grading/Gajar/Large/Grade-1/20.jpg,Gajar,Large,Grade-1,train,572.9296264648438,294.1402893066406,138934.0,0.0,0.0,0.0,0.0,0.0,0.0,0.05,0.0509,0.028,0.445
data/kaggle/grading/Gajar/Medium/Grade-3/47.jpg,Gajar,Medium,Grade-3,train,595.4314575195312,254.30311584472656,129126.0,0.0,0.0,0.27,0.0,0.0,0.27,1.77,0.0888,0.0,0.378
data/kaggle/grading/Gajar/Large/Grade-3/96.jpg,Gajar,Large,Grade-3,train,654.1463623046875,282.9167785644531,150483.5,0.0,0.0,0.06,0.0,0.0,0.06,1.28,0.0698,0.019,0.42
data/kaggle/grading/Kupro/Large/Grade-2/274.jpg,Kupro,Large,Grade-2,train,505.8405456542969,325.32122802734375,132225.5,0.0,0.0,0.0,0.0,1.48,1.48,1.58,0.0441,0.0,0.361
data/kaggle/grading/Kupro/Large/Grade-2/109.jpg,Kupro,Large,Grade-2,train,517.0,340.0,134501.0,0.7,0.0,0.04,0.0,0.0,0.74,0.81,0.0368,0.033,0.396
data/kaggle/grading/Gajar/Medium/Grade-1/18.jpg,Gajar,Medium,Grade-1,train,569.220947265625,253.14425659179688,117494.5,0.0,0.0,0.0,0.0,0.0,0.0,1.11,0.0642,0.009,0.398
data/kaggle/grading/Gajar/Small/Grade-2/18.jpg,Gajar,Small,Grade-2,train,557.9701538085938,265.01116943359375,122411.5,0.0,0.0,0.06,0.0,0.0,0.06,0.88,0.0648,0.014,0.434
data/kaggle/grading/Kupro/Large/Grade-2/36.jpg,Kupro,Large,Grade-2,train,488.2628479003906,335.9341125488281,132090.0,0.0,0.0,0.0,0.0,0.0,0.0,2.55,0.0483,0.242,0.344
data/kaggle/grading/Kupro/Large/Grade-2/72.jpg,Kupro,Large,Grade-2,train,503.0357666015625,337.1485595703125,129563.5,0.0,0.0,0.0,0.0,4.21,4.21,1.3,0.081,0.0,0.324
data/kaggle/grading/Kupro/Large/Grade-2/82.jpg,Kupro,Large,Grade-2,train,474.8627014160156,361.1780395507813,138338.0,0.0,0.0,0.0,0.0,0.0,0.0,1.56,0.0609,0.393,0.439
data/kaggle/grading/Kupro/Large/Grade-1/124.jpg,Kupro,Large,Grade-1,train,518.0264282226562,375.8979797363281,150945.5,0.0,0.0,0.0,0.0,0.0,0.0,0.74,0.0561,0.893,0.355
data/kaggle/grading/Gajar/Large/Grade-1/14.jpg,Gajar,Large,Grade-1,train,628.3558349609375,286.87701416015625,148463.5,0.0,0.0,0.0,0.0,0.0,0.0,0.61,0.0988,0.053,0.405
data/kaggle/grading/Gajar/Large/Grade-3/82.jpg,Gajar,Large,Grade-3,train,656.6421508789062,298.7418212890625,165511.5,0.0,0.18,0.06,0.0,0.0,0.24,0.59,0.0413,0.0,0.457
data/kaggle/grading/Gajar/Medium/Grade-1/155.jpg,Gajar,Medium,Grade-1,train,599.4879150390625,275.3746337890625,134527.5,0.0,0.0,0.0,0.0,0.0,0.0,1.1,0.077,0.0,0.351
data/kaggle/grading/Kupro/Large/Grade-3/86.jpg,Kupro,Large,Grade-3,train,517.5986328125,361.2738342285156,148834.5,0.0,0.0,0.0,0.0,0.0,0.0,1.21,0.0676,0.0,0.333
data/kaggle/grading/Kupro/Large/Grade-1/93.jpg,Kupro,Large,Grade-1,train,533.6939697265625,371.50830078125,152999.0,0.0,0.0,0.0,0.0,0.0,0.0,0.65,0.0398,1.547,0.404
data/kaggle/grading/Kupro/Large/Grade-2/91.jpg,Kupro,Large,Grade-2,train,531.0,373.0,152176.0,0.0,0.0,0.0,0.0,1.52,1.52,0.49,0.0488,0.073,0.402
data/kaggle/grading/Gajar/Medium/Grade-2/19.jpg,Gajar,Medium,Grade-2,train,565.408935546875,257.0391845703125,123465.0,0.0,0.0,0.0,0.0,0.0,0.0,1.68,0.0959,0.013,0.401
data/kaggle/grading/Gajar/Medium/Grade-1/55.jpg,Gajar,Medium,Grade-1,train,586.6466064453125,241.761962890625,118433.5,0.0,0.0,0.0,0.0,0.0,0.0,0.76,0.1157,0.373,0.442
data/kaggle/grading/Gajar/Medium/Grade-2/40.jpg,Gajar,Medium,Grade-2,train,536.6263427734375,252.06944274902344,117605.5,0.0,0.17,0.08,0.0,0.78,1.03,3.18,0.0957,0.0,0.387
data/kaggle/grading/Kupro/Large/Grade-2/197.jpg,Kupro,Large,Grade-2,train,502.69683837890625,360.4569396972656,141279.5,0.0,0.0,0.0,0.0,1.27,1.27,1.28,0.0578,0.113,0.398
data/kaggle/grading/Gajar/Large/Grade-1/157.jpg,Gajar,Large,Grade-1,train,606.1029663085938,274.552490234375,145093.5,0.0,0.0,0.0,0.0,0.0,0.0,0.74,0.0712,0.318,0.465
data/kaggle/grading/Gajar/Medium/Grade-1/21.jpg,Gajar,Medium,Grade-1,train,518.8018798828125,249.13877868652344,106573.0,0.0,0.0,0.0,0.0,4.03,4.03,1.08,0.0453,0.0,0.379
data/kaggle/grading/Kupro/Large/Grade-1/261.jpg,Kupro,Large,Grade-1,train,515.1965942382812,337.9713439941406,134916.0,0.0,0.0,0.0,0.0,1.64,1.64,0.28,0.0357,0.053,0.415
data/kaggle/grading/Gajar/Large/Grade-3/31.jpg,Gajar,Large,Grade-3,train,628.2833251953125,296.3252258300781,154989.5,0.26,0.93,0.42,0.0,0.0,1.61,1.64,0.088,0.0,0.378
data/kaggle/grading/Gajar/Medium/Grade-3/56.jpg,Gajar,Medium,Grade-3,train,576.0,249.0,119792.0,0.0,0.0,0.0,0.0,0.0,0.0,1.61,0.0954,0.0,0.363
data/kaggle/grading/Gajar/Small/Grade-2/28.jpg,Gajar,Small,Grade-2,train,548.538330078125,259.5227966308594,117741.5,0.0,0.0,0.0,0.0,0.0,0.0,1.95,0.0754,0.001,0.384
data/kaggle/grading/Gajar/Medium/Grade-1/26.jpg,Gajar,Medium,Grade-1,train,526.29736328125,268.02587890625,116182.0,0.0,0.33,0.12,0.0,0.0,0.45,1.22,0.0778,0.0,0.373
data/kaggle/grading/Kupro/Large/Grade-1/107.jpg,Kupro,Large,Grade-1,train,499.6204223632813,314.5251159667969,121475.0,0.0,0.0,0.0,0.0,0.0,0.0,1.79,0.0685,0.285,0.36
data/kaggle/grading/Kupro/Large/Grade-1/203.jpg,Kupro,Large,Grade-1,train,442.0695495605469,286.9455261230469,99755.5,0.0,0.0,0.0,0.0,3.01,3.01,0.56,0.053,0.0,0.339
data/kaggle/grading/Gajar/Medium/Grade-1/186.jpg,Gajar,Medium,Grade-1,train,616.3090209960938,271.9212951660156,132421.5,0.0,0.0,0.0,0.0,0.0,0.0,1.11,0.0731,0.011,0.376
data/kaggle/grading/Gajar/Small/Grade-3/199.jpg,Gajar,Small,Grade-3,train,566.4041748046875,269.26873779296875,122911.5,0.0,0.46,0.41,0.0,0.0,0.87,1.97,0.0473,0.0,0.394
data/kaggle/grading/Gajar/Small/Grade-1/81.jpg,Gajar,Small,Grade-1,train,577.7782592773438,239.40093994140625,121967.0,0.0,0.0,0.0,0.0,0.0,0.0,1.37,0.0985,0.001,0.394
data/kaggle/grading/Kupro/Large/Grade-2/69.jpg,Kupro,Large,Grade-2,val,482.2482299804687,374.5826416015625,139553.0,0.0,0.0,0.0,0.0,0.0,0.0,1.99,0.0673,0.062,0.373
data/kaggle/grading/Kupro/Large/Grade-2/115.jpg,Kupro,Large,Grade-2,val,508.7897033691406,341.9581298828125,139700.5,0.0,0.0,0.0,0.0,0.0,0.0,0.95,0.0537,0.963,0.415
data/kaggle/grading/Gajar/Large/Grade-2/36.jpg,Gajar,Large,Grade-2,val,616.786865234375,285.91046142578125,148446.5,0.0,0.0,0.1,0.0,0.0,0.1,1.94,0.095,0.004,0.422
data/kaggle/grading/Gajar/Medium/Grade-1/134.jpg,Gajar,Medium,Grade-1,val,572.5692749023438,273.37841796875,124997.0,0.0,0.0,0.0,0.0,0.0,0.0,0.91,0.0713,0.016,0.393
data/kaggle/grading/Kupro/Large/Grade-1/43.jpg,Kupro,Large,Grade-1,val,500.4999694824219,371.14849853515625,147973.0,0.0,0.0,0.0,0.0,0.0,0.0,0.37,0.0669,1.527,0.399
data/kaggle/grading/Gajar/Large/Grade-2/44.jpg,Gajar,Large,Grade-2,val,668.740234375,295.24749755859375,156147.5,0.0,0.0,0.0,0.0,0.0,0.0,1.72,0.1001,0.0,0.365
data/kaggle/grading/Kupro/Large/Grade-1/109.jpg,Kupro,Large,Grade-1,val,522.0233154296875,336.6062927246094,138580.0,0.0,0.0,0.0,0.0,0.49,0.49,0.06,0.0367,1.35,0.415
data/kaggle/grading/Kupro/Large/Grade-1/226.jpg,Kupro,Large,Grade-1,val,499.7314453125,359.93841552734375,140058.5,0.0,0.0,0.0,0.0,1.32,1.32,0.99,0.0533,0.032,0.357
data/kaggle/grading/Gajar/Medium/Grade-2/46.jpg,Gajar,Medium,Grade-2,val,538.758056640625,266.07513427734375,118843.5,0.0,0.0,0.0,0.0,0.0,0.0,0.24,0.038,0.091,0.425
data/kaggle/grading/Gajar/Large/Grade-2/85.jpg,Gajar,Large,Grade-2,val,602.9932250976562,264.33380126953125,133782.5,0.0,1.39,0.26,0.0,0.0,1.65,1.8,0.0991,0.037,0.41
data/kaggle/grading/Gajar/Small/Grade-1/77.jpg,Gajar,Small,Grade-1,val,517.4193725585938,264.2818908691406,115175.5,0.0,0.0,0.0,0.0,1.13,1.13,1.99,0.0612,0.174,0.421
data/kaggle/grading/Gajar/Small/Grade-1/7.jpg,Gajar,Small,Grade-1,val,557.5633544921875,258.9832458496094,116362.0,0.0,0.0,0.0,0.0,0.0,0.0,1.16,0.0652,0.003,0.346
data/kaggle/grading/Gajar/Small/Grade-1/113.jpg,Gajar,Small,Grade-1,val,579.0,248.0,122440.5,0.0,0.0,0.0,0.0,0.0,0.0,0.63,0.0778,0.012,0.391
data/kaggle/grading/Gajar/Large/Grade-1/1.jpg,Gajar,Large,Grade-1,val,659.9540405273438,284.3569641113281,155198.0,0.0,0.0,0.0,0.0,0.0,0.0,1.25,0.1039,0.085,0.416
data/kaggle/grading/Gajar/Medium/Grade-3/34.jpg,Gajar,Medium,Grade-3,val,598.21630859375,250.90858459472656,128284.5,0.0,0.0,0.0,0.0,0.0,0.0,1.18,0.0895,0.001,0.433
data/kaggle/grading/Kupro/Large/Grade-3/46.jpg,Kupro,Large,Grade-3,val,494.6048583984375,330.2595520019531,128701.5,0.0,0.24,0.0,0.0,0.0,0.24,0.66,0.0438,0.003,0.365
data/kaggle/grading/Kupro/Large/Grade-1/51.jpg,Kupro,Large,Grade-1,val,417.9662780761719,414.72955322265625,131863.5,0.0,0.0,0.0,0.0,0.62,0.62,0.9,0.0405,0.043,0.385
data/kaggle/grading/Kupro/Large/Grade-2/60.jpg,Kupro,Large,Grade-2,val,503.0093994140625,345.7281494140625,132045.5,0.0,0.0,0.0,0.0,9.67,9.67,0.7,0.0743,0.0,0.304
data/kaggle/grading/Kupro/Large/Grade-2/310.jpg,Kupro,Large,Grade-2,val,476.2022399902344,354.4698486328125,134587.0,0.0,0.0,0.05,0.0,2.08,2.13,0.78,0.0627,0.0,0.328
data/kaggle/grading/Kupro/Large/Grade-2/250.jpg,Kupro,Large,Grade-2,val,473.8147888183594,340.8359375,130008.0,0.0,0.0,0.0,0.0,0.0,0.0,1.41,0.0608,1.438,0.361
data/kaggle/grading/Gajar/Small/Grade-3/70.jpg,Gajar,Small,Grade-3,val,502.6656494140625,223.2388458251953,95569.0,0.0,0.0,0.47,0.0,0.0,0.47,1.4,0.0667,0.0,0.414
data/kaggle/grading/Kupro/Large/Grade-1/228.jpg,Kupro,Large,Grade-1,val,484.8781127929687,347.23504638671875,134187.5,0.0,0.0,0.0,0.0,0.0,0.0,1.1,0.0415,0.591,0.393
data/kaggle/grading/Gajar/Small/Grade-1/76.jpg,Gajar,Small,Grade-1,val,516.5034790039062,258.2660217285156,112145.5,0.0,0.0,0.0,0.0,0.62,0.62,0.3,0.0571,0.0,0.392
data/kaggle/grading/Gajar/Small/Grade-2/23.jpg,Gajar,Small,Grade-2,val,527.0474243164062,256.3545837402344,112695.5,0.0,0.0,0.0,0.0,0.0,0.0,1.46,0.0618,0.154,0.439
data/kaggle/grading/Kupro/Large/Grade-2/299.jpg,Kupro,Large,Grade-2,val,512.3009643554688,327.7076416015625,133580.0,0.0,0.0,0.0,0.0,5.89,5.89,0.5,0.0582,0.0,0.383
data/kaggle/grading/Gajar/Medium/Grade-1/50.jpg,Gajar,Medium,Grade-1,val,596.7831420898438,252.00286865234375,124130.5,0.0,0.0,0.05,0.0,0.0,0.05,1.06,0.0962,0.0,0.353
data/kaggle/grading/Gajar/Medium/Grade-1/194.jpg,Gajar,Medium,Grade-1,val,553.1927490234375,282.5763854980469,134060.5,0.0,0.0,0.0,0.0,0.0,0.0,1.23,0.0589,0.014,0.396
data/kaggle/grading/Gajar/Large/Grade-2/71.jpg,Gajar,Large,Grade-2,val,644.0,297.0,153729.0,0.0,0.0,0.0,0.0,0.0,0.0,0.46,0.0714,0.433,0.493
data/kaggle/grading/Kupro/Large/Grade-3/17.jpg,Kupro,Large,Grade-3,val,502.9356994628906,347.63507080078125,134689.5,0.0,0.0,0.0,0.0,0.0,0.0,1.43,0.066,0.433,0.396
data/kaggle/grading/Gajar/Small/Grade-3/193.jpg,Gajar,Small,Grade-3,val,543.0,265.0,117368.5,0.37,0.0,0.04,0.0,0.0,0.41,1.14,0.0193,0.0,0.41
data/kaggle/grading/Gajar/Large/Grade-3/85.jpg,Gajar,Large,Grade-3,val,638.1964721679688,277.8876037597656,145832.5,0.64,0.59,0.46,0.0,0.0,1.69,1.47,0.0799,0.001,0.425
data/kaggle/grading/Kupro/Large/Grade-1/7.jpg,Kupro,Large,Grade-1,val,529.79541015625,363.3556213378906,149479.5,0.0,0.0,0.0,0.0,7.34,7.34,1.12,0.0566,0.003,0.323
data/kaggle/grading/Gajar/Large/Grade-2/94.jpg,Gajar,Large,Grade-2,val,629.2615356445312,276.5208435058594,145317.0,0.0,0.0,0.0,0.0,0.0,0.0,0.72,0.0943,0.155,0.468
data/kaggle/grading/Gajar/Medium/Grade-3/72.jpg,Gajar,Medium,Grade-3,val,607.3797607421875,298.21563720703125,140009.0,0.0,0.46,0.1,0.0,0.0,0.56,1.65,0.0795,0.003,0.307
data/kaggle/grading/Kupro/Large/Grade-1/44.jpg,Kupro,Large,Grade-1,val,504.2216796875,353.0767822265625,142215.0,0.0,0.0,0.0,0.0,1.3,1.3,0.93,0.06,0.138,0.394
data/kaggle/grading/Kupro/Large/Grade-1/300.jpg,Kupro,Large,Grade-1,val,501.84124755859375,355.4417724609375,141619.0,0.0,0.0,0.0,0.0,2.46,2.46,0.48,0.0403,0.0,0.336
data/kaggle/grading/Gajar/Medium/Grade-2/50.jpg,Gajar,Medium,Grade-2,val,561.0,274.0,129022.5,0.0,0.0,0.0,0.0,0.0,0.0,0.43,0.05,0.127,0.423
data/kaggle/grading/Gajar/Large/Grade-3/72.jpg,Gajar,Large,Grade-3,val,557.650634765625,270.80596923828125,126517.0,0.0,0.0,0.0,0.0,0.0,0.0,0.51,0.0411,0.0,0.398
data/kaggle/grading/Kupro/Large/Grade-2/107.jpg,Kupro,Large,Grade-2,val,483.4324035644531,345.2702941894531,126663.5,0.0,0.0,0.0,0.0,0.0,0.0,1.75,0.0655,0.041,0.341
data/kaggle/grading/Gajar/Medium/Grade-3/14.jpg,Gajar,Medium,Grade-3,val,605.2498779296875,267.0660400390625,118963.5,0.0,0.0,0.05,0.0,0.0,0.05,0.59,0.0473,0.006,0.414
data/kaggle/grading/Gajar/Large/Grade-2/13.jpg,Gajar,Large,Grade-2,val,670.8551635742188,270.65728759765625,150481.0,0.0,0.0,0.0,0.0,0.0,0.0,1.0,0.129,0.11,0.427
data/kaggle/grading/Gajar/Small/Grade-3/164.jpg,Gajar,Small,Grade-3,val,546.4343872070312,250.67068481445312,108499.0,0.0,0.18,0.41,0.0,0.79,1.38,1.76,0.0509,0.0,0.416
data/kaggle/grading/Gajar/Small/Grade-1/92.jpg,Gajar,Small,Grade-1,val,542.2122192382812,262.41278076171875,119286.5,0.0,0.0,0.0,0.0,0.0,0.0,0.97,0.0566,0.035,0.41
data/kaggle/grading/Kupro/Large/Grade-1/246.jpg,Kupro,Large,Grade-1,val,506.17578125,302.1253662109375,125253.5,0.0,0.0,0.0,0.0,0.0,0.0,0.67,0.0535,0.994,0.377
data/kaggle/grading/Gajar/Large/Grade-1/73.jpg,Gajar,Large,Grade-1,val,638.1790771484375,303.33892822265625,156166.5,0.0,0.0,0.0,0.0,0.0,0.0,0.31,0.064,0.446,0.46
data/kaggle/grading/Gajar/Medium/Grade-1/153.jpg,Gajar,Medium,Grade-1,val,560.28173828125,244.83474731445312,108793.0,0.0,0.0,0.0,0.0,0.0,0.0,2.24,0.0731,0.0,0.343
data/kaggle/grading/Kupro/Large/Grade-1/197.jpg,Kupro,Large,Grade-1,val,490.61328125,345.3984069824219,138320.0,0.0,0.0,0.0,0.0,0.0,0.0,1.85,0.0459,0.211,0.374
data/kaggle/grading/Gajar/Small/Grade-1/140.jpg,Gajar,Small,Grade-1,val,543.6434326171875,275.9286804199219,125644.5,0.0,0.0,0.0,0.0,0.0,0.0,0.39,0.0549,0.034,0.395
data/kaggle/grading/Gajar/Medium/Grade-3/65.jpg,Gajar,Medium,Grade-3,val,641.492431640625,313.14971923828125,155045.5,0.0,0.0,0.17,0.0,0.0,0.17,0.08,0.052,0.045,0.385
data/kaggle/grading/Gajar/Large/Grade-3/37.jpg,Gajar,Large,Grade-3,val,619.286865234375,281.55743408203125,143903.0,0.28,0.28,0.16,0.0,1.26,1.98,1.4,0.0573,0.05,0.39
data/kaggle/grading/Gajar/Small/Grade-3/94.jpg,Gajar,Small,Grade-3,val,550.9672241210938,258.7437438964844,122011.0,0.0,0.18,0.53,0.0,0.0,0.71,0.67,0.0746,0.0,0.384
data/kaggle/grading/Kupro/Large/Grade-1/69.jpg,Kupro,Large,Grade-1,val,469.16204833984375,354.6171875,132803.5,0.0,0.0,0.0,0.0,0.0,0.0,0.69,0.0412,0.761,0.437
data/kaggle/grading/Gajar/Small/Grade-1/122.jpg,Gajar,Small,Grade-1,val,562.6454467773438,262.8583984375,124680.5,0.0,0.0,0.0,0.0,0.0,0.0,1.65,0.0638,0.001,0.381
data/kaggle/grading/Kupro/Large/Grade-1/90.jpg,Kupro,Large,Grade-1,val,469.627685546875,337.5618896484375,125670.5,0.0,0.0,0.0,0.0,0.0,0.0,0.53,0.0619,1.934,0.433
data/kaggle/grading/Gajar/Small/Grade-1/12.jpg,Gajar,Small,Grade-1,val,533.6748657226562,232.7996063232422,106667.0,0.0,0.0,0.13,0.0,0.0,0.13,2.71,0.1405,0.0,0.364
data/kaggle/grading/Kupro/Large/Grade-1/288.jpg,Kupro,Large,Grade-1,val,527.0,337.0,134107.5,0.0,0.0,0.0,0.0,0.0,0.0,0.8,0.0462,1.022,0.375
data/kaggle/grading/Kupro/Large/Grade-2/342.jpg,Kupro,Large,Grade-2,val,529.3909301757812,344.72698974609375,143326.0,0.0,0.0,0.0,0.0,0.0,0.0,1.29,0.0671,0.01,0.35
data/kaggle/grading/Gajar/Small/Grade-3/90.jpg,Gajar,Small,Grade-3,val,564.5978393554688,251.9460906982422,118820.5,0.0,0.28,0.0,0.0,0.52,0.8,1.53,0.0556,0.0,0.326
data/kaggle/grading/Gajar/Small/Grade-3/53.jpg,Gajar,Small,Grade-3,val,548.8829956054688,267.07354736328125,122278.5,0.24,0.93,0.26,0.0,0.0,1.43,0.96,0.0854,0.005,0.352
data/kaggle/grading/Kupro/Large/Grade-2/100.jpg,Kupro,Large,Grade-2,val,495.8428649902344,336.9277648925781,133458.5,0.0,0.0,0.0,0.0,1.77,1.77,1.13,0.0862,0.0,0.355
data/kaggle/grading/Gajar/Medium/Grade-1/54.jpg,Gajar,Medium,Grade-1,val,572.3885498046875,233.1817626953125,109892.5,0.0,0.0,0.0,0.0,0.0,0.0,2.83,0.1073,0.08,0.42
data/kaggle/grading/Gajar/Medium/Grade-1/147.jpg,Gajar,Medium,Grade-1,val,527.9243774414062,242.2525634765625,105504.0,0.0,0.0,0.0,0.0,0.0,0.0,0.38,0.0426,0.0,0.306
data/kaggle/grading/Gajar/Medium/Grade-1/13.jpg,Gajar,Medium,Grade-1,val,564.0,257.0,121639.5,0.0,0.0,0.0,0.0,0.0,0.0,1.0,0.0937,0.48,0.466
data/kaggle/grading/Kupro/Large/Grade-1/161.jpg,Kupro,Large,Grade-1,val,531.4671020507812,310.3708801269531,133252.0,0.0,0.0,0.0,0.0,2.65,2.65,1.78,0.0656,0.061,0.388
data/kaggle/grading/Gajar/Large/Grade-3/41.jpg,Gajar,Large,Grade-3,val,624.2626342773438,274.2038879394531,144826.0,0.0,0.35,0.15,0.0,0.0,0.5,0.68,0.0649,0.041,0.439
data/kaggle/grading/Gajar/Large/Grade-3/98.jpg,Gajar,Large,Grade-3,val,625.2311401367188,277.763427734375,145232.0,0.55,0.0,0.0,0.0,0.0,0.55,1.93,0.0346,0.0,0.42
data/kaggle/grading/Kupro/Large/Grade-2/270.jpg,Kupro,Large,Grade-2,val,535.532958984375,336.53997802734375,140312.0,0.0,0.0,0.0,0.0,0.0,0.0,0.99,0.0562,0.395,0.413
data/kaggle/grading/Gajar/Small/Grade-1/82.jpg,Gajar,Small,Grade-1,val,562.5556030273438,276.1314392089844,126046.0,0.0,0.0,0.0,0.0,0.0,0.0,0.66,0.069,0.452,0.41
data/kaggle/grading/Gajar/Medium/Grade-1/195.jpg,Gajar,Medium,Grade-1,val,583.8087158203125,286.8912048339844,142227.5,0.0,0.0,0.0,0.0,0.0,0.0,1.1,0.0671,0.021,0.409
data/kaggle/grading/Kupro/Large/Grade-1/196.jpg,Kupro,Large,Grade-1,val,513.4627685546875,366.6766357421875,144613.0,0.0,0.0,0.0,0.0,0.0,0.0,1.18,0.0458,0.594,0.396
data/kaggle/grading/Kupro/Large/Grade-3/105.jpg,Kupro,Large,Grade-3,val,478.2338562011719,351.2684020996094,132961.5,0.0,0.0,0.09,0.0,0.0,0.09,0.37,0.0608,0.0,0.282
data/kaggle/grading/Kupro/Large/Grade-2/85.jpg,Kupro,Large,Grade-2,val,522.453369140625,360.4613952636719,148324.0,0.0,0.0,0.0,0.0,0.0,0.0,3.82,0.0891,0.016,0.338
data/kaggle/grading/Kupro/Large/Grade-2/200.jpg,Kupro,Large,Grade-2,val,480.5223083496094,357.088623046875,134690.5,0.0,0.0,0.0,0.0,0.51,0.51,2.44,0.0655,0.014,0.36
data/kaggle/grading/Gajar/Large/Grade-2/102.jpg,Gajar,Large,Grade-2,val,637.6484985351562,277.6922302246094,147489.5,0.0,0.0,0.0,0.0,0.0,0.0,1.01,0.1084,0.002,0.411
data/kaggle/grading/Gajar/Small/Grade-3/187.jpg,Gajar,Small,Grade-3,val,534.5880126953125,272.7279968261719,118637.0,0.0,0.19,0.33,0.0,0.0,0.52,0.3,0.0203,0.003,0.463
data/kaggle/grading/Gajar/Large/Grade-3/71.jpg,Gajar,Large,Grade-3,val,578.0186767578125,238.0747528076172,116532.0,0.0,0.52,0.0,0.0,0.0,0.52,0.39,0.0412,0.08,0.467
data/kaggle/grading/Gajar/Large/Grade-3/67.jpg,Gajar,Large,Grade-3,val,674.8809814453125,285.4944152832031,154054.0,0.0,0.26,0.5,0.0,0.0,0.76,1.06,0.0554,0.0,0.376
data/kaggle/grading/Kupro/Large/Grade-3/81.jpg,Kupro,Large,Grade-3,val,506.6034240722656,381.970703125,150691.0,0.0,0.0,0.05,0.0,0.0,0.05,2.9,0.0777,0.0,0.334
data/kaggle/grading/Gajar/Medium/Grade-2/58.jpg,Gajar,Medium,Grade-2,val,601.6132202148438,272.8768310546875,140324.5,0.35,0.53,0.0,0.0,0.0,0.88,1.64,0.0806,0.0,0.322
data/kaggle/grading/Gajar/Small/Grade-2/58.jpg,Gajar,Small,Grade-2,val,510.0511779785156,235.68345642089844,99902.5,0.0,0.0,0.0,0.0,0.0,0.0,1.74,0.0772,0.001,0.37
data/kaggle/grading/Kupro/Large/Grade-2/246.jpg,Kupro,Large,Grade-2,val,478.5471801757813,334.06170654296875,130757.0,0.0,0.0,0.0,0.0,0.68,0.68,1.92,0.071,0.053,0.379
data/kaggle/grading/Gajar/Medium/Grade-1/48.jpg,Gajar,Medium,Grade-1,val,580.1533203125,256.0676574707031,124110.0,0.0,0.0,0.0,0.0,0.0,0.0,0.91,0.09,0.074,0.416
data/kaggle/grading/Kupro/Large/Grade-2/43.jpg,Kupro,Large,Grade-2,val,516.828857421875,362.72662353515625,150830.0,0.0,0.0,0.0,0.0,0.0,0.0,1.47,0.056,0.088,0.386
data/kaggle/grading/Gajar/Small/Grade-1/17.jpg,Gajar,Small,Grade-1,val,592.992431640625,277.8004150390625,140257.5,0.0,0.0,0.0,0.0,0.0,0.0,0.74,0.1307,0.071,0.413
data/kaggle/grading/Kupro/Large/Grade-2/57.jpg,Kupro,Large,Grade-2,val,488.3497924804687,363.04833984375,138700.5,0.0,0.0,0.0,0.0,0.58,0.58,2.74,0.0682,0.034,0.384
data/kaggle/grading/Gajar/Large/Grade-3/73.jpg,Gajar,Large,Grade-3,val,663.6898193359375,313.6357116699219,163482.5,0.93,0.9,0.68,0.0,0.0,2.51,0.31,0.0537,0.0,0.386
data/kaggle/grading/Kupro/Large/Grade-2/353.jpg,Kupro,Large,Grade-2,val,516.3327026367188,336.3285217285156,136346.0,0.0,0.0,0.0,0.0,0.45,0.45,0.82,0.0489,0.016,0.351
data/kaggle/grading/Gajar/Medium/Grade-1/171.jpg,Gajar,Medium,Grade-1,val,645.834228515625,243.90736389160156,130859.0,0.0,0.0,0.0,0.0,0.0,0.0,0.93,0.0676,0.356,0.433
data/kaggle/grading/Gajar/Small/Grade-1/110.jpg,Gajar,Small,Grade-1,val,538.0,264.0,115318.0,0.0,0.0,0.18,0.0,0.0,0.18,1.3,0.0604,0.097,0.452
data/kaggle/grading/Kupro/Large/Grade-2/21.jpg,Kupro,Large,Grade-2,val,493.95745849609375,347.9132995605469,133111.0,0.0,0.0,0.0,0.0,0.0,0.0,0.8,0.0507,0.696,0.43
data/kaggle/grading/Gajar/Large/Grade-3/107.jpg,Gajar,Large,Grade-3,val,619.370849609375,347.76123046875,175598.0,0.0,0.2,0.0,0.0,0.0,0.2,0.4,0.058,0.089,0.451
data/kaggle/grading/Gajar/Small/Grade-3/167.jpg,Gajar,Small,Grade-3,val,500.3418884277344,291.7916259765625,122200.5,0.0,0.0,0.63,0.0,0.0,0.63,0.85,0.0219,0.0,0.41
data/kaggle/grading/Gajar/Large/Grade-1/138.jpg,Gajar,Large,Grade-1,val,645.8344116210938,276.50762939453125,146697.0,0.0,0.0,0.0,0.0,0.0,0.0,1.2,0.1021,0.026,0.43
data/kaggle/grading/Gajar/Medium/Grade-2/18.jpg,Gajar,Medium,Grade-2,val,587.3065185546875,262.799560546875,131622.0,0.0,0.0,0.0,0.0,0.0,0.0,2.13,0.1103,0.001,0.378
data/kaggle/grading/Gajar/Medium/Grade-3/25.jpg,Gajar,Medium,Grade-3,val,522.5658569335938,236.527587890625,104689.5,0.0,0.0,0.36,0.0,0.0,0.36,0.58,0.0429,0.0,0.416
data/kaggle/grading/Gajar/Small/Grade-3/146.jpg,Gajar,Small,Grade-3,val,547.8613891601562,292.5979309082031,132931.0,0.81,0.0,0.1,0.0,0.0,0.91,1.06,0.0211,0.0,0.421
data/kaggle/grading/Kupro/Large/Grade-1/96.jpg,Kupro,Large,Grade-1,val,545.0,334.0,141435.5,0.0,0.0,0.0,0.0,1.31,1.31,1.81,0.077,0.245,0.356
data/kaggle/grading/Kupro/Large/Grade-2/233.jpg,Kupro,Large,Grade-2,val,488.7553405761719,341.7860412597656,134067.5,0.0,0.0,0.0,0.0,0.0,0.0,0.24,0.079,1.505,0.45
data/kaggle/grading/Gajar/Medium/Grade-1/91.jpg,Gajar,Medium,Grade-1,val,538.353271484375,222.53367614746097,105280.5,0.0,0.0,0.0,0.0,1.06,1.06,1.23,0.0877,0.0,0.34
data/kaggle/grading/Gajar/Large/Grade-1/101.jpg,Gajar,Large,Grade-1,val,627.1953125,282.2071838378906,141025.0,0.0,0.0,0.0,0.0,0.0,0.0,1.39,0.0677,0.0,0.348
data/kaggle/grading/Kupro/Large/Grade-1/29.jpg,Kupro,Large,Grade-1,val,477.1596984863281,335.353759765625,128369.0,0.0,0.0,0.0,0.0,2.26,2.26,0.67,0.0209,0.048,0.397
data/kaggle/grading/Gajar/Large/Grade-2/103.jpg,Gajar,Large,Grade-2,val,642.1119995117188,298.4064025878906,152172.5,0.0,0.0,0.0,0.0,0.0,0.0,0.2,0.1053,0.042,0.459
data/kaggle/grading/Gajar/Small/Grade-1/174.jpg,Gajar,Small,Grade-1,val,518.96630859375,253.1969451904297,112248.0,0.0,0.0,0.0,0.0,0.44,0.44,1.13,0.0175,0.0,0.41
data/kaggle/grading/Gajar/Small/Grade-1/124.jpg,Gajar,Small,Grade-1,val,622.6007080078125,320.5806884765625,165174.5,0.0,0.0,0.0,0.0,0.0,0.0,0.09,0.1013,0.323,0.459
data/kaggle/grading/Gajar/Small/Grade-1/118.jpg,Gajar,Small,Grade-1,val,565.0,246.0,116735.0,0.0,0.0,0.0,0.0,0.0,0.0,2.14,0.0682,0.0,0.349
data/kaggle/grading/Kupro/Large/Grade-1/125.jpg,Kupro,Large,Grade-1,val,545.0,350.0,146410.5,0.0,0.0,0.0,0.0,0.66,0.66,0.36,0.0341,0.305,0.412
data/kaggle/grading/Gajar/Large/Grade-1/17.jpg,Gajar,Large,Grade-1,val,594.517333984375,316.7345886230469,152488.0,0.0,0.0,0.0,0.0,0.0,0.0,0.72,0.0743,0.074,0.422
data/kaggle/grading/Gajar/Large/Grade-3/17.jpg,Gajar,Large,Grade-3,val,632.3561401367188,319.1340026855469,164540.0,0.54,0.16,0.24,0.0,0.0,0.94,0.88,0.0727,0.0,0.389
data/kaggle/grading/Kupro/Large/Grade-2/349.jpg,Kupro,Large,Grade-2,val,487.8971252441406,353.3288269042969,136233.5,0.0,0.0,0.0,0.0,0.46,0.46,1.66,0.0866,0.414,0.343
data/kaggle/grading/Gajar/Large/Grade-3/53.jpg,Gajar,Large,Grade-3,val,608.8514404296875,328.4160461425781,152233.5,0.0,0.21,0.0,0.0,0.0,0.21,0.43,0.0571,0.023,0.396
data/kaggle/grading/Kupro/Large/Grade-1/305.jpg,Kupro,Large,Grade-1,val,485.1007995605469,357.4011535644531,138308.5,0.0,0.0,0.0,0.0,0.0,0.0,0.87,0.0295,1.569,0.422
data/kaggle/grading/Kupro/Large/Grade-1/307.jpg,Kupro,Large,Grade-1,val,519.5940551757812,348.2362060546875,140005.0,0.0,0.0,0.0,0.0,0.44,0.44,0.63,0.0184,1.149,0.406
data/kaggle/grading/Gajar/Small/Grade-2/61.jpg,Gajar,Small,Grade-2,val,503.4973754882813,264.56768798828125,108583.0,0.0,0.0,0.04,0.0,0.0,0.04,0.76,0.0389,0.161,0.413
data/kaggle/grading/Kupro/Large/Grade-2/62.jpg,Kupro,Large,Grade-2,val,491.3380126953125,361.806396484375,140383.0,0.0,0.0,0.0,0.0,0.0,0.0,0.3,0.0439,1.292,0.473
data/kaggle/grading/Gajar/Large/Grade-2/119.jpg,Gajar,Large,Grade-2,val,650.2952880859375,311.228759765625,169967.0,0.0,0.0,0.12,0.0,0.0,0.12,0.15,0.0747,0.023,0.466
data/kaggle/grading/Gajar/Large/Grade-1/128.jpg,Gajar,Large,Grade-1,val,648.6832885742188,263.5917053222656,143124.5,0.0,0.0,0.0,0.0,0.0,0.0,1.46,0.0893,0.016,0.403
data/kaggle/grading/Gajar/Small/Grade-1/49.jpg,Gajar,Small,Grade-1,val,565.21728515625,258.59808349609375,122419.0,0.0,0.0,0.0,0.0,0.41,0.41,0.7,0.0811,0.003,0.356
data/kaggle/grading/Gajar/Medium/Grade-3/74.jpg,Gajar,Medium,Grade-3,val,607.310546875,250.26031494140625,128748.5,1.17,1.08,0.76,0.0,0.0,3.01,1.3,0.0766,0.004,0.381
data/kaggle/grading/Kupro/Large/Grade-2/220.jpg,Kupro,Large,Grade-2,val,525.305908203125,342.21038818359375,142970.5,0.0,0.0,0.0,0.0,1.6,1.6,1.29,0.0378,0.0,0.346
data/kaggle/grading/Gajar/Medium/Grade-1/201.jpg,Gajar,Medium,Grade-1,val,621.8843383789062,288.29071044921875,145956.0,0.0,0.0,0.0,0.0,0.0,0.0,1.4,0.1032,0.024,0.398
data/kaggle/grading/Kupro/Large/Grade-3/100.jpg,Kupro,Large,Grade-3,val,504.1095581054687,366.1598205566406,146792.5,0.0,0.0,0.0,0.0,1.31,1.31,1.11,0.0481,0.001,0.362
data/kaggle/grading/Kupro/Large/Grade-2/11.jpg,Kupro,Large,Grade-2,val,494.4140319824219,353.5660095214844,138832.5,0.0,0.0,0.0,0.0,0.0,0.0,0.89,0.0756,0.301,0.398
data/kaggle/grading/Gajar/Small/Grade-3/84.jpg,Gajar,Small,Grade-3,val,560.525146484375,266.6735534667969,126898.5,0.0,0.65,0.1,0.0,0.0,0.75,1.05,0.0413,0.0,0.4
data/kaggle/grading/Gajar/Large/Grade-2/52.jpg,Gajar,Large,Grade-2,val,618.6449584960938,275.22802734375,143212.5,0.0,0.0,0.04,0.0,0.0,0.04,1.58,0.095,0.001,0.408
data/kaggle/grading/Gajar/Large/Grade-1/158.jpg,Gajar,Large,Grade-1,val,654.888427734375,262.70050048828125,146791.5,0.0,0.0,0.0,0.0,0.0,0.0,1.8,0.0534,0.055,0.43
data/kaggle/grading/Gajar/Small/Grade-2/13.jpg,Gajar,Small,Grade-2,val,574.9998779296875,272.99993896484375,131483.5,0.0,0.0,0.0,0.0,0.47,0.47,0.92,0.0509,0.018,0.415
data/kaggle/grading/Kupro/Large/Grade-2/40.jpg,Kupro,Large,Grade-2,val,503.71832275390625,352.138427734375,147022.5,0.0,0.0,0.0,0.0,0.0,0.0,0.43,0.0408,0.367,0.425
data/kaggle/grading/Gajar/Medium/Grade-1/122.jpg,Gajar,Medium,Grade-1,val,594.7445678710938,263.4385070800781,127832.5,0.0,0.0,0.0,0.0,0.0,0.0,1.73,0.0845,0.029,0.375
data/kaggle/grading/Gajar/Large/Grade-2/57.jpg,Gajar,Large,Grade-2,val,619.7418212890625,322.34967041015625,165407.5,0.0,0.0,0.0,0.0,0.0,0.0,0.55,0.0845,0.143,0.457
data/kaggle/grading/Kupro/Large/Grade-2/27.jpg,Kupro,Large,Grade-2,val,494.4137268066406,368.7509765625,145529.0,0.0,0.0,0.0,0.0,0.52,0.52,0.85,0.0506,0.375,0.423
data/kaggle/grading/Gajar/Small/Grade-2/17.jpg,Gajar,Small,Grade-2,val,571.61962890625,258.7052307128906,121663.0,0.0,0.0,0.12,0.0,0.0,0.12,0.67,0.0456,0.138,0.46
data/kaggle/grading/Kupro/Large/Grade-1/50.jpg,Kupro,Large,Grade-1,val,491.0,349.0,141454.5,0.0,0.0,0.0,0.0,0.0,0.0,0.45,0.034,1.778,0.42
data/kaggle/grading/Gajar/Small/Grade-1/31.jpg,Gajar,Small,Grade-1,val,575.7764282226562,274.221435546875,134099.5,0.0,0.0,0.04,0.0,0.0,0.04,1.02,0.1049,0.004,0.408
data/kaggle/grading/Gajar/Medium/Grade-1/196.jpg,Gajar,Medium,Grade-1,val,588.27783203125,238.17640686035156,120153.5,0.0,0.0,0.0,0.0,0.0,0.0,0.62,0.0626,0.051,0.386
data/kaggle/grading/Gajar/Small/Grade-2/24.jpg,Gajar,Small,Grade-2,val,524.2183837890625,266.9140319824219,115761.5,0.0,0.0,0.0,0.0,0.0,0.0,0.04,0.0332,0.468,0.46
data/kaggle/grading/Gajar/Medium/Grade-1/38.jpg,Gajar,Medium,Grade-1,val,596.935546875,291.03509521484375,140154.0,0.0,0.0,0.0,0.0,0.0,0.0,1.61,0.1062,0.0,0.328
data/kaggle/grading/Gajar/Large/Grade-3/19.jpg,Gajar,Large,Grade-3,val,633.5599365234375,280.2690734863281,145314.0,0.0,0.0,0.0,0.0,0.0,0.0,2.53,0.0988,0.0,0.367
data/kaggle/grading/Gajar/Small/Grade-1/143.jpg,Gajar,Small,Grade-1,val,504.99993896484375,258.99993896484375,105673.5,0.0,0.0,0.0,0.0,0.83,0.83,1.17,0.082,0.028,0.385
data/kaggle/grading/Gajar/Medium/Grade-3/68.jpg,Gajar,Medium,Grade-3,val,602.0115356445312,270.981689453125,138155.0,0.54,0.0,0.25,0.0,0.0,0.79,1.7,0.0728,0.003,0.404
data/kaggle/grading/Gajar/Large/Grade-1/154.jpg,Gajar,Large,Grade-1,val,631.2793579101562,314.70660400390625,158947.0,0.0,0.0,0.06,0.0,0.0,0.06,1.27,0.0729,0.0,0.378
data/kaggle/grading/Kupro/Large/Grade-1/234.jpg,Kupro,Large,Grade-1,val,508.5484619140625,362.3097534179687,149551.5,0.0,0.0,0.0,0.0,2.43,2.43,1.18,0.0584,0.463,0.383
data/kaggle/grading/Gajar/Medium/Grade-3/4.jpg,Gajar,Medium,Grade-3,val,593.70166015625,275.0848693847656,132664.5,0.0,0.0,0.13,0.0,0.0,0.13,0.71,0.0714,0.0,0.364
data/kaggle/grading/Gajar/Small/Grade-3/52.jpg,Gajar,Small,Grade-3,val,538.9230346679688,248.78579711914065,110405.5,0.0,0.0,0.17,0.0,1.53,1.7,1.29,0.0873,0.002,0.354
data/kaggle/grading/Gajar/Large/Grade-1/5.jpg,Gajar,Large,Grade-1,val,590.984619140625,282.0742492675781,140568.5,0.0,0.0,0.0,0.0,0.0,0.0,1.94,0.1135,0.166,0.459
data/kaggle/grading/Gajar/Small/Grade-1/1.jpg,Gajar,Small,Grade-1,val,546.2843627929688,272.5751953125,127903.5,0.0,0.0,0.04,0.0,0.0,0.04,0.81,0.0497,0.073,0.42
data/kaggle/grading/Kupro/Large/Grade-3/19.jpg,Kupro,Large,Grade-3,val,510.2093811035156,358.23931884765625,140551.5,0.0,0.0,0.0,0.0,0.0,0.0,1.51,0.0922,0.183,0.382
data/kaggle/grading/Gajar/Medium/Grade-1/149.jpg,Gajar,Medium,Grade-1,val,581.4940185546875,273.2553405761719,128063.0,0.0,0.0,0.0,0.0,0.0,0.0,1.69,0.0817,0.003,0.381
data/kaggle/grading/Kupro/Large/Grade-1/174.jpg,Kupro,Large,Grade-1,val,410.82904052734375,393.1513671875,126412.5,0.0,0.0,0.0,0.0,4.96,4.96,1.23,0.08,0.0,0.344
data/kaggle/grading/Kupro/Large/Grade-2/263.jpg,Kupro,Large,Grade-2,val,490.0115356445313,355.5472106933594,136406.5,0.0,0.0,0.0,0.0,0.0,0.0,0.81,0.0473,0.764,0.412
data/kaggle/grading/Kupro/Large/Grade-1/192.jpg,Kupro,Large,Grade-1,val,481.0841369628906,347.0321960449219,131635.5,0.0,0.0,0.0,0.0,1.55,1.55,1.16,0.0391,0.0,0.396
data/kaggle/grading/Kupro/Large/Grade-3/32.jpg,Kupro,Large,Grade-3,val,494.3479309082031,369.9656677246094,150605.0,0.0,0.0,0.0,0.0,0.48,0.48,2.08,0.0619,0.033,0.407
data/kaggle/grading/Gajar/Medium/Grade-1/14.jpg,Gajar,Medium,Grade-1,val,539.7054443359375,278.2880859375,124864.0,0.0,0.0,0.0,0.0,0.0,0.0,1.26,0.0631,0.423,0.443
data/kaggle/grading/Gajar/Large/Grade-2/84.jpg,Gajar,Large,Grade-2,val,637.4072875976562,269.0819396972656,144355.5,0.0,0.0,0.1,0.0,0.0,0.1,1.58,0.0747,0.202,0.472
data/kaggle/grading/Kupro/Large/Grade-1/102.jpg,Kupro,Large,Grade-1,val,512.3897705078125,355.6575012207031,146110.5,0.0,0.44,0.0,0.0,9.37,9.81,1.48,0.0847,0.0,0.316
data/kaggle/grading/Gajar/Medium/Grade-2/11.jpg,Gajar,Medium,Grade-2,val,524.1053466796875,272.4830627441406,117098.5,0.0,0.0,0.0,0.0,0.0,0.0,1.88,0.0932,0.248,0.442
data/kaggle/grading/Gajar/Small/Grade-2/131.jpg,Gajar,Small,Grade-2,val,581.331787109375,264.80712890625,127911.0,0.0,0.0,0.0,0.0,0.0,0.0,1.25,0.0314,0.025,0.444
data/kaggle/grading/Gajar/Small/Grade-2/96.jpg,Gajar,Small,Grade-2,val,583.8314819335938,252.03857421875,124609.0,0.0,0.0,0.0,0.0,0.0,0.0,1.24,0.0609,0.044,0.438
data/kaggle/grading/Gajar/Medium/Grade-1/164.jpg,Gajar,Medium,Grade-1,val,544.0888671875,257.78692626953125,116229.0,0.0,0.0,0.0,0.0,0.0,0.0,0.42,0.0613,0.772,0.438
data/kaggle/grading/Gajar/Medium/Grade-1/73.jpg,Gajar,Medium,Grade-1,val,536.0,280.0,121712.5,0.0,0.0,0.0,0.0,1.36,1.36,0.83,0.0739,0.0,0.393
data/kaggle/grading/Gajar/Large/Grade-3/33.jpg,Gajar,Large,Grade-3,val,656.7584228515625,289.20660400390625,158542.5,0.0,0.0,0.27,0.0,0.0,0.27,1.19,0.0614,0.029,0.406
data/kaggle/grading/Kupro/Large/Grade-2/329.jpg,Kupro,Large,Grade-2,val,505.4227294921875,354.8148498535156,142485.0,0.0,0.16,0.04,0.0,4.86,5.06,1.94,0.1038,0.01,0.321
data/kaggle/grading/Gajar/Large/Grade-1/60.jpg,Gajar,Large,Grade-1,val,613.8201293945312,292.5419006347656,148564.0,0.0,0.0,0.0,0.0,0.0,0.0,1.88,0.1081,0.013,0.404
data/kaggle/grading/Gajar/Medium/Grade-1/130.jpg,Gajar,Medium,Grade-1,val,583.2054443359375,259.439697265625,128340.5,0.0,0.0,0.0,0.0,0.0,0.0,0.52,0.0831,0.066,0.395
data/kaggle/grading/Kupro/Large/Grade-1/122.jpg,Kupro,Large,Grade-1,val,518.2413940429688,365.0518798828125,146916.0,0.0,0.0,0.0,0.0,0.0,0.0,0.7,0.0596,0.528,0.339
data/kaggle/grading/Kupro/Large/Grade-1/142.jpg,Kupro,Large,Grade-1,val,486.3267517089844,354.9692077636719,135758.0,0.0,0.0,0.0,0.0,0.91,0.91,1.11,0.0517,0.02,0.394
data/kaggle/grading/Gajar/Small/Grade-1/156.jpg,Gajar,Small,Grade-1,val,540.753173828125,224.1141662597656,103506.0,0.0,0.0,0.0,0.0,0.62,0.62,2.08,0.0911,0.0,0.399
data/kaggle/grading/Gajar/Small/Grade-3/140.jpg,Gajar,Small,Grade-3,val,582.7529907226562,252.68524169921875,122297.0,0.27,0.63,0.18,0.0,0.0,1.08,1.79,0.0523,0.001,0.352
data/kaggle/grading/Gajar/Medium/Grade-1/69.jpg,Gajar,Medium,Grade-1,val,566.6065673828125,252.0565643310547,115161.0,0.0,0.0,0.07,0.0,0.55,0.62,1.55,0.0592,0.0,0.335
data/kaggle/grading/Kupro/Large/Grade-2/20.jpg,Kupro,Large,Grade-2,val,484.72314453125,350.56573486328125,137180.5,0.0,0.0,0.0,0.0,0.0,0.0,0.79,0.0641,0.411,0.4
data/kaggle/grading/Gajar/Small/Grade-2/136.jpg,Gajar,Small,Grade-2,val,570.3507690429688,249.53794860839844,121001.0,0.0,0.0,0.0,0.0,0.0,0.0,2.06,0.0389,0.0,0.358
data/kaggle/grading/Gajar/Small/Grade-2/54.jpg,Gajar,Small,Grade-2,val,551.3659057617188,262.631591796875,123033.5,0.49,0.0,0.0,0.0,0.0,0.49,1.69,0.0622,0.0,0.332
data/kaggle/grading/Gajar/Large/Grade-1/161.jpg,Gajar,Large,Grade-1,val,584.9929809570312,304.9977111816406,147446.0,0.0,0.0,0.0,0.0,0.0,0.0,0.48,0.0918,0.667,0.463
data/kaggle/grading/Kupro/Large/Grade-1/315.jpg,Kupro,Large,Grade-1,val,490.9084777832031,337.5947570800781,133003.5,0.0,0.0,0.0,0.0,0.0,0.0,0.13,0.0545,2.598,0.415
data/kaggle/grading/Kupro/Large/Grade-1/175.jpg,Kupro,Large,Grade-1,val,461.03717041015625,337.476806640625,126266.5,0.0,0.18,0.06,0.0,4.33,4.57,1.18,0.0666,0.001,0.366
data/kaggle/grading/Kupro/Large/Grade-2/31.jpg,Kupro,Large,Grade-2,val,486.0,350.0,132085.0,0.0,0.0,0.0,0.0,1.23,1.23,0.55,0.034,0.066,0.386
data/kaggle/grading/Gajar/Large/Grade-2/76.jpg,Gajar,Large,Grade-2,val,636.6310424804688,289.3116455078125,153936.0,0.0,0.0,0.0,0.0,0.0,0.0,1.53,0.0825,0.004,0.394
data/kaggle/grading/Kupro/Large/Grade-2/338.jpg,Kupro,Large,Grade-2,val,477.2882995605469,369.677490234375,139016.5,0.0,0.0,0.0,0.0,0.0,0.0,1.37,0.0478,0.264,0.412
data/kaggle/grading/Kupro/Large/Grade-2/63.jpg,Kupro,Large,Grade-2,val,504.8024291992187,314.2115783691406,124472.0,0.0,0.0,0.0,0.0,0.58,0.58,1.15,0.0544,0.397,0.432
data/kaggle/grading/Kupro/Large/Grade-1/136.jpg,Kupro,Large,Grade-1,val,488.7522277832031,361.190185546875,139786.0,0.0,0.0,0.0,0.0,0.92,0.92,0.74,0.0332,0.058,0.384
data/kaggle/grading/Kupro/Large/Grade-1/202.jpg,Kupro,Large,Grade-1,val,417.1605529785156,310.5397033691406,96290.0,0.0,0.0,0.0,0.0,0.87,0.87,0.62,0.0485,0.682,0.379
data/kaggle/grading/Kupro/Large/Grade-1/47.jpg,Kupro,Large,Grade-1,val,472.7604675292969,371.5675964355469,135433.0,0.0,0.0,0.0,0.0,0.0,0.0,0.26,0.0373,0.546,0.405
data/kaggle/grading/Gajar/Small/Grade-1/3.jpg,Gajar,Small,Grade-1,val,574.747802734375,242.7101287841797,121364.5,0.0,0.0,0.17,0.0,0.0,0.17,0.43,0.069,0.202,0.414
data/kaggle/grading/Kupro/Large/Grade-2/297.jpg,Kupro,Large,Grade-2,val,498.0171203613281,349.00555419921875,135052.5,0.0,0.0,0.0,0.0,1.93,1.93,0.8,0.0465,0.001,0.387
data/kaggle/grading/Gajar/Large/Grade-1/110.jpg,Gajar,Large,Grade-1,val,587.6670532226562,281.8027038574219,141058.0,0.0,0.0,0.0,0.0,0.0,0.0,0.85,0.0594,0.677,0.455
data/kaggle/grading/Gajar/Small/Grade-2/55.jpg,Gajar,Small,Grade-2,val,598.3025512695312,280.11322021484375,139811.5,0.0,0.0,0.0,0.0,0.0,0.0,0.55,0.0449,0.358,0.471
data/kaggle/grading/Gajar/Small/Grade-2/75.jpg,Gajar,Small,Grade-2,val,542.3047485351562,247.1962432861328,108111.0,0.0,0.0,0.0,0.0,0.0,0.0,0.68,0.0323,0.058,0.447
data/kaggle/grading/Gajar/Large/Grade-3/100.jpg,Gajar,Large,Grade-3,val,699.03466796875,304.919677734375,156309.5,0.0,0.28,0.14,0.0,0.51,0.93,0.92,0.0869,0.0,0.368
data/kaggle/grading/Gajar/Medium/Grade-1/27.jpg,Gajar,Medium,Grade-1,val,536.09326171875,242.07009887695312,104268.5,0.44,0.0,0.29,0.0,0.0,0.73,1.03,0.0737,0.03,0.437
data/kaggle/grading/Kupro/Large/Grade-2/125.jpg,Kupro,Large,Grade-2,val,493.1633911132813,342.5770263671875,132319.5,0.0,0.0,0.0,0.0,0.59,0.59,0.83,0.0538,0.102,0.408
data/kaggle/grading/Gajar/Large/Grade-1/85.jpg,Gajar,Large,Grade-1,val,619.4002075195312,277.87176513671875,146614.0,0.0,0.0,0.0,0.0,0.0,0.0,1.0,0.1159,0.223,0.448
data/kaggle/grading/Kupro/Large/Grade-1/277.jpg,Kupro,Large,Grade-1,val,495.0,354.0,135593.0,0.0,0.0,0.0,0.0,1.32,1.32,1.6,0.0426,0.16,0.378
data/kaggle/grading/Gajar/Small/Grade-3/119.jpg,Gajar,Small,Grade-3,val,558.0330810546875,245.43081665039065,113141.0,0.0,0.19,0.1,0.0,0.0,0.29,1.03,0.0548,0.004,0.383
data/kaggle/grading/Kupro/Large/Grade-1/63.jpg,Kupro,Large,Grade-1,val,510.3904724121094,345.8616027832031,143708.0,0.0,0.0,0.0,0.0,0.0,0.0,0.6,0.0345,0.654,0.407
data/kaggle/grading/Kupro/Large/Grade-3/4.jpg,Kupro,Large,Grade-3,val,503.9599914550781,340.3420104980469,131853.5,0.54,0.16,0.04,0.0,2.15,2.89,2.04,0.0464,0.0,0.328
data/kaggle/grading/Gajar/Medium/Grade-1/22.jpg,Gajar,Medium,Grade-1,val,522.6897583007812,248.63088989257812,108750.5,0.0,0.0,0.0,0.0,0.0,0.0,0.82,0.0515,0.001,0.407
data/kaggle/grading/Gajar/Small/Grade-1/26.jpg,Gajar,Small,Grade-1,val,575.861572265625,237.80946350097656,112850.0,0.0,0.17,0.64,0.0,0.0,0.81,2.35,0.1114,0.0,0.334
data/kaggle/grading/Kupro/Large/Grade-1/242.jpg,Kupro,Large,Grade-1,val,495.6412658691406,349.1709289550781,136578.5,0.0,0.0,0.0,0.0,0.0,0.0,0.34,0.0392,1.427,0.413
data/kaggle/grading/Gajar/Small/Grade-2/56.jpg,Gajar,Small,Grade-2,val,562.3606567382812,266.2190856933594,128092.0,0.0,0.0,0.0,0.0,0.0,0.0,0.74,0.092,0.178,0.42
data/kaggle/grading/Kupro/Large/Grade-3/3.jpg,Kupro,Large,Grade-3,val,491.2252807617187,340.935302734375,136135.5,0.0,0.0,0.0,0.0,0.0,0.0,0.79,0.0659,0.651,0.459
data/kaggle/grading/Gajar/Large/Grade-1/117.jpg,Gajar,Large,Grade-1,val,685.0199584960938,280.6647644042969,164412.0,0.0,0.0,0.0,0.0,0.0,0.0,1.0,0.0639,0.0,0.383
data/kaggle/grading/Kupro/Large/Grade-2/358.jpg,Kupro,Large,Grade-2,val,505.1639709472656,327.3675537109375,129573.0,0.0,0.0,0.0,0.0,0.0,0.0,1.72,0.0662,0.014,0.353
data/kaggle/grading/Gajar/Small/Grade-3/1.jpg,Gajar,Small,Grade-3,val,529.0081787109375,267.54290771484375,117472.5,0.0,0.24,0.11,0.0,0.0,0.35,0.46,0.0419,0.0,0.457
data/kaggle/grading/Gajar/Small/Grade-3/64.jpg,Gajar,Small,Grade-3,val,556.1984252929688,234.0471038818359,108790.0,0.0,0.85,0.61,0.0,0.0,1.46,1.92,0.1153,0.0,0.38
data/kaggle/grading/Kupro/Large/Grade-3/29.jpg,Kupro,Large,Grade-3,val,524.4176025390625,355.5883483886719,145334.5,0.0,0.0,0.0,0.0,0.93,0.93,1.3,0.0576,0.0,0.35
data/kaggle/grading/Kupro/Large/Grade-2/255.jpg,Kupro,Large,Grade-2,val,494.0,357.0,138500.5,0.0,0.0,0.0,0.0,5.24,5.24,1.96,0.0763,0.019,0.355
data/kaggle/grading/Kupro/Large/Grade-2/208.jpg,Kupro,Large,Grade-2,val,510.4033508300781,351.1624450683594,141865.5,0.0,0.0,0.0,0.0,0.58,0.58,0.27,0.0659,1.362,0.393
data/kaggle/grading/Kupro/Large/Grade-1/321.jpg,Kupro,Large,Grade-1,val,467.1591796875,364.1361389160156,131374.0,0.0,0.0,0.0,0.0,0.0,0.0,0.0,0.0362,2.276,0.449
data/kaggle/grading/Gajar/Small/Grade-3/42.jpg,Gajar,Small,Grade-3,val,562.9232177734375,278.6505432128906,127489.5,1.46,0.32,0.18,0.0,0.0,1.96,1.93,0.0542,0.0,0.392
data/kaggle/grading/Kupro/Large/Grade-1/200.jpg,Kupro,Large,Grade-1,val,420.86187744140625,311.423583984375,104057.5,0.0,0.0,0.0,0.0,6.46,6.46,0.0,0.0331,0.0,0.314
data/kaggle/grading/Kupro/Large/Grade-3/18.jpg,Kupro,Large,Grade-3,val,516.474609375,333.2684631347656,136778.0,0.0,0.0,0.0,0.0,0.0,0.0,2.65,0.1063,0.261,0.371
data/kaggle/grading/Gajar/Large/Grade-1/115.jpg,Gajar,Large,Grade-1,val,609.6461791992188,283.21820068359375,139594.5,0.0,0.0,0.07,0.0,0.0,0.07,1.16,0.0577,0.0,0.374
data/kaggle/grading/Gajar/Large/Grade-1/26.jpg,Gajar,Large,Grade-1,val,650.2482299804688,278.1698913574219,156499.0,0.0,0.0,0.0,0.0,0.0,0.0,2.06,0.107,0.013,0.398
data/kaggle/grading/Gajar/Large/Grade-3/1.jpg,Gajar,Large,Grade-3,val,593.555908203125,294.9024963378906,150957.5,1.52,0.0,0.05,0.0,0.0,1.57,1.43,0.0713,0.002,0.424
data/kaggle/grading/Gajar/Small/Grade-2/25.jpg,Gajar,Small,Grade-2,val,524.8507690429688,270.5384521484375,117394.5,0.0,0.0,0.0,0.0,0.0,0.0,2.6,0.0771,0.141,0.418
data/kaggle/grading/Gajar/Small/Grade-2/133.jpg,Gajar,Small,Grade-2,val,552.8513793945312,270.6402282714844,122308.5,0.0,0.0,0.0,0.0,0.0,0.0,1.04,0.0214,0.0,0.409
data/kaggle/grading/Kupro/Large/Grade-1/232.jpg,Kupro,Large,Grade-1,val,526.487548828125,393.36962890625,159023.5,0.0,0.0,0.0,0.0,4.7,4.7,1.19,0.0466,0.086,0.366
data/kaggle/grading/Gajar/Small/Grade-3/155.jpg,Gajar,Small,Grade-3,val,553.279052734375,238.00277709960935,112842.5,0.0,0.33,0.08,0.0,0.0,0.41,2.0,0.0438,0.002,0.438
data/kaggle/grading/Kupro/Large/Grade-2/50.jpg,Kupro,Large,Grade-2,val,482.4950866699219,361.933349609375,139467.0,0.0,0.0,0.0,0.0,0.0,0.0,0.47,0.0594,0.585,0.433
data/kaggle/grading/Gajar/Medium/Grade-3/33.jpg,Gajar,Medium,Grade-3,val,598.1573486328125,279.6286926269531,137028.0,0.0,0.16,0.19,0.0,0.0,0.35,0.81,0.0933,0.0,0.425
data/kaggle/grading/Kupro/Large/Grade-2/79.jpg,Kupro,Large,Grade-2,val,494.42236328125,369.4674682617187,141723.5,0.0,0.0,0.0,0.0,0.0,0.0,4.36,0.0973,0.03,0.412
data/kaggle/grading/Gajar/Large/Grade-2/82.jpg,Gajar,Large,Grade-2,val,643.957763671875,279.1447448730469,150210.5,0.0,0.0,0.0,0.0,0.0,0.0,1.37,0.0596,0.031,0.426
data/kaggle/grading/Gajar/Medium/Grade-1/136.jpg,Gajar,Medium,Grade-1,val,565.6050415039062,271.34124755859375,126693.0,0.0,0.0,0.0,0.0,0.0,0.0,0.88,0.0637,0.052,0.398
data/kaggle/grading/Gajar/Small/Grade-2/117.jpg,Gajar,Small,Grade-2,val,548.122802734375,291.8424987792969,134104.5,0.0,0.31,0.0,0.0,0.0,0.31,1.34,0.0665,0.001,0.422
data/kaggle/grading/Gajar/Small/Grade-2/109.jpg,Gajar,Small,Grade-2,val,534.5205078125,242.24061584472656,111236.0,0.0,0.0,0.25,0.0,0.0,0.25,0.96,0.0623,0.003,0.41
data/kaggle/grading/Gajar/Small/Grade-3/126.jpg,Gajar,Small,Grade-3,val,583.2660522460938,268.6885986328125,127113.0,0.0,0.73,0.07,0.0,0.41,1.21,1.26,0.0515,0.347,0.395
data/kaggle/grading/Gajar/Small/Grade-1/74.jpg,Gajar,Small,Grade-1,val,538.3588256835938,255.51028442382812,115909.0,0.0,0.0,0.0,0.0,0.0,0.0,0.64,0.0406,0.185,0.439
data/kaggle/grading/Kupro/Large/Grade-2/3.jpg,Kupro,Large,Grade-2,val,518.6498413085938,375.63226318359375,157915.5,0.0,0.0,0.0,0.0,0.0,0.0,1.91,0.0474,0.435,0.407
data/kaggle/grading/Gajar/Small/Grade-1/66.jpg,Gajar,Small,Grade-1,val,540.0,240.0,111915.0,0.0,0.0,0.0,0.0,0.0,0.0,0.69,0.0353,0.063,0.451
data/kaggle/grading/Gajar/Small/Grade-3/29.jpg,Gajar,Small,Grade-3,val,540.51806640625,308.23065185546875,133633.5,0.0,0.0,0.09,0.0,0.0,0.09,1.24,0.0552,0.002,0.425
data/kaggle/grading/Kupro/Large/Grade-1/127.jpg,Kupro,Large,Grade-1,val,521.0479125976562,352.4441833496094,145539.5,0.0,0.0,0.0,0.0,0.0,0.0,0.79,0.0536,0.796,0.405
data/kaggle/grading/Gajar/Small/Grade-2/9.jpg,Gajar,Small,Grade-2,val,524.6553344726562,259.917236328125,111522.5,0.0,0.0,0.0,0.0,0.0,0.0,1.09,0.0479,0.017,0.372
data/kaggle/grading/Kupro/Large/Grade-1/249.jpg,Kupro,Large,Grade-1,val,513.9842529296875,360.7545471191406,147734.5,0.0,0.0,0.0,0.0,1.63,1.63,1.6,0.0699,0.0,0.337
data/kaggle/grading/Kupro/Large/Grade-2/214.jpg,Kupro,Large,Grade-2,val,460.7578430175781,356.0617980957031,130778.0,0.0,0.0,0.0,0.0,1.22,1.22,1.51,0.0629,0.057,0.385
data/kaggle/grading/Kupro/Large/Grade-2/344.jpg,Kupro,Large,Grade-2,val,446.608642578125,361.0487060546875,132250.5,0.0,0.0,0.04,0.0,0.0,0.04,1.72,0.0561,0.0,0.394
data/kaggle/grading/Kupro/Large/Grade-2/77.jpg,Kupro,Large,Grade-2,val,488.5309143066406,352.48333740234375,137221.0,0.0,0.0,0.0,0.0,2.4,2.4,0.62,0.044,0.0,0.329
data/kaggle/grading/Gajar/Small/Grade-3/32.jpg,Gajar,Small,Grade-3,val,569.4650268554688,268.0506591796875,129371.0,0.0,0.0,0.05,0.0,0.0,0.05,1.11,0.0569,0.0,0.358
data/kaggle/grading/Kupro/Large/Grade-2/108.jpg,Kupro,Large,Grade-2,val,481.0072937011719,345.6659851074219,125829.5,0.0,0.17,0.0,0.0,3.32,3.49,0.82,0.0422,0.0,0.326
data/kaggle/grading/Kupro/Large/Grade-2/312.jpg,Kupro,Large,Grade-2,val,455.4631958007813,364.7373352050781,134491.0,0.0,0.0,0.0,0.0,0.0,0.0,0.62,0.0463,0.46,0.36
data/kaggle/grading/Kupro/Large/Grade-1/194.jpg,Kupro,Large,Grade-1,val,514.0,331.0,129118.5,0.0,0.0,0.0,0.0,1.62,1.62,0.55,0.0508,0.002,0.357
data/kaggle/grading/Gajar/Small/Grade-1/181.jpg,Gajar,Small,Grade-1,val,486.94085693359375,265.0116271972656,106420.5,0.0,0.0,0.0,0.0,0.0,0.0,0.53,0.0226,0.0,0.391
data/kaggle/grading/Kupro/Large/Grade-3/110.jpg,Kupro,Large,Grade-3,val,477.6541137695313,351.60650634765625,132395.5,0.32,0.0,0.04,0.0,1.27,1.63,1.15,0.1071,0.0,0.356
data/kaggle/grading/Gajar/Small/Grade-3/115.jpg,Gajar,Small,Grade-3,val,553.9103393554688,253.49917602539065,119931.0,0.6,0.86,0.2,0.0,0.51,2.17,2.71,0.0929,0.044,0.38
data/kaggle/grading/Kupro/Large/Grade-2/205.jpg,Kupro,Large,Grade-2,val,486.8956604003906,334.6733093261719,129814.5,0.0,0.0,0.0,0.0,0.0,0.0,1.49,0.0388,0.196,0.408
data/kaggle/grading/Gajar/Small/Grade-3/200.jpg,Gajar,Small,Grade-3,val,547.17529296875,270.9429626464844,118119.5,0.0,0.0,0.0,0.0,0.0,0.0,1.41,0.0214,0.45,0.42
data/kaggle/grading/Gajar/Small/Grade-3/148.jpg,Gajar,Small,Grade-3,val,581.26513671875,316.5666198730469,150569.5,0.0,0.0,0.05,0.0,0.0,0.05,1.06,0.0066,0.0,0.425
data/kaggle/grading/Gajar/Large/Grade-2/14.jpg,Gajar,Large,Grade-2,val,625.4984130859375,281.12646484375,144171.0,0.4,0.15,0.05,0.0,0.0,0.6,1.74,0.0813,0.0,0.409
data/kaggle/grading/Kupro/Large/Grade-3/88.jpg,Kupro,Large,Grade-3,val,536.0,367.0,152768.5,0.8,0.0,0.0,0.0,0.0,0.8,2.11,0.0667,0.001,0.346
data/kaggle/grading/Gajar/Large/Grade-2/64.jpg,Gajar,Large,Grade-2,val,644.0479736328125,284.7082824707031,152621.0,0.0,0.0,0.0,0.0,0.0,0.0,0.4,0.0972,0.096,0.438
data/kaggle/grading/Gajar/Large/Grade-1/98.jpg,Gajar,Large,Grade-1,val,653.3003540039062,271.46942138671875,149255.0,0.0,0.0,0.0,0.0,0.0,0.0,1.16,0.0865,0.124,0.437
data/kaggle/grading/Gajar/Small/Grade-1/150.jpg,Gajar,Small,Grade-1,val,592.6656494140625,287.26934814453125,124539.0,0.0,0.0,0.05,0.0,0.0,0.05,0.55,0.0902,0.173,0.412
data/kaggle/grading/Gajar/Large/Grade-3/90.jpg,Gajar,Large,Grade-3,val,648.9133911132812,262.1352844238281,142860.5,0.0,0.0,0.17,0.0,0.0,0.17,0.73,0.0493,0.0,0.373
data/kaggle/grading/Gajar/Large/Grade-2/11.jpg,Gajar,Large,Grade-2,val,671.6144409179688,279.3859558105469,155525.5,0.0,0.0,0.0,0.0,0.0,0.0,0.46,0.1022,0.499,0.492
data/kaggle/grading/Gajar/Small/Grade-1/50.jpg,Gajar,Small,Grade-1,val,538.63818359375,241.8029632568359,107744.0,0.0,0.0,0.0,0.0,0.0,0.0,0.52,0.0965,0.108,0.41
data/kaggle/grading/Kupro/Large/Grade-1/148.jpg,Kupro,Large,Grade-1,val,506.659912109375,337.5892333984375,130519.0,0.0,0.0,0.0,0.0,0.0,0.0,1.32,0.046,0.739,0.375
data/kaggle/grading/Gajar/Large/Grade-1/71.jpg,Gajar,Large,Grade-1,val,633.0,303.0,155213.0,0.0,0.0,0.0,0.0,0.0,0.0,0.37,0.0705,0.098,0.435
data/kaggle/grading/Gajar/Small/Grade-2/130.jpg,Gajar,Small,Grade-2,val,581.331787109375,264.80712890625,127911.0,0.0,0.0,0.0,0.0,0.0,0.0,1.25,0.0314,0.025,0.444
data/kaggle/grading/Kupro/Large/Grade-2/340.jpg,Kupro,Large,Grade-2,val,530.2366333007812,343.62335205078125,143130.0,0.0,0.0,0.0,0.0,4.46,4.46,1.0,0.0869,0.021,0.328
data/kaggle/grading/Gajar/Large/Grade-1/130.jpg,Gajar,Large,Grade-1,val,629.8125,300.0281677246094,154206.0,0.0,0.0,0.0,0.0,0.0,0.0,0.71,0.0493,0.014,0.398
data/kaggle/grading/Gajar/Large/Grade-1/87.jpg,Gajar,Large,Grade-1,val,604.1954345703125,289.6668701171875,141493.0,0.0,0.0,0.0,0.0,0.0,0.0,1.03,0.075,0.0,0.388
data/kaggle/grading/Gajar/Medium/Grade-1/72.jpg,Gajar,Medium,Grade-1,val,552.0276489257812,255.5110015869141,119480.0,0.0,0.0,0.05,0.0,0.0,0.05,1.64,0.0615,0.0,0.384
data/kaggle/grading/Kupro/Large/Grade-3/77.jpg,Kupro,Large,Grade-3,val,490.1877136230469,326.9915466308594,126539.0,0.0,0.0,0.0,0.0,0.0,0.0,0.99,0.0477,0.257,0.419
data/kaggle/grading/Gajar/Small/Grade-1/30.jpg,Gajar,Small,Grade-1,val,573.9639282226562,280.4499816894531,134917.0,0.0,0.0,0.05,0.0,0.0,0.05,1.72,0.0489,0.0,0.385
data/kaggle/grading/Gajar/Small/Grade-3/55.jpg,Gajar,Small,Grade-3,val,575.6963500976562,273.114013671875,124691.0,0.66,0.0,0.49,0.0,0.0,1.15,0.64,0.0638,0.0,0.417
data/kaggle/grading/Kupro/Large/Grade-2/306.jpg,Kupro,Large,Grade-2,val,509.55413818359375,367.9273986816406,146078.5,0.0,0.0,0.0,0.0,0.0,0.0,0.96,0.061,1.64,0.379
data/kaggle/grading/Gajar/Small/Grade-3/37.jpg,Gajar,Small,Grade-3,val,538.0144653320312,278.7841491699219,127102.0,0.0,0.0,0.53,0.0,0.0,0.53,1.12,0.0388,0.003,0.395
data/kaggle/grading/Kupro/Large/Grade-3/115.jpg,Kupro,Large,Grade-3,val,488.5821838378906,343.4307861328125,128342.0,0.0,0.0,0.0,0.0,0.42,0.42,2.02,0.0491,0.0,0.35
data/kaggle/grading/Gajar/Large/Grade-2/109.jpg,Gajar,Large,Grade-2,val,655.3950805664062,311.5425109863281,170300.0,0.0,0.0,0.25,0.0,0.0,0.25,0.2,0.0928,0.01,0.458
data/kaggle/grading/Gajar/Medium/Grade-1/199.jpg,Gajar,Medium,Grade-1,val,585.8187255859375,240.47555541992188,119675.0,0.0,0.0,0.0,0.0,0.0,0.0,0.49,0.0413,0.135,0.409
data/kaggle/grading/Kupro/Large/Grade-2/94.jpg,Kupro,Large,Grade-2,val,506.8819885253906,363.7231140136719,146222.5,0.0,0.0,0.0,0.0,0.0,0.0,0.61,0.0269,0.407,0.407
data/kaggle/grading/Gajar/Large/Grade-3/55.jpg,Gajar,Large,Grade-3,val,689.9757080078125,275.32958984375,157885.5,0.0,0.0,0.12,0.0,0.0,0.12,0.89,0.0716,0.016,0.413
data/kaggle/grading/Kupro/Large/Grade-2/290.jpg,Kupro,Large,Grade-2,val,531.0061645507812,348.9847717285156,146008.0,0.0,0.0,0.0,0.0,0.0,0.0,0.24,0.0497,0.229,0.347
data/kaggle/grading/Gajar/Large/Grade-1/140.jpg,Gajar,Large,Grade-1,val,658.8779296875,290.2671813964844,154532.5,0.0,0.0,0.32,0.0,0.0,0.32,2.17,0.0992,0.0,0.359
data/kaggle/grading/Kupro/Large/Grade-1/286.jpg,Kupro,Large,Grade-1,val,490.8172302246094,347.4596252441406,131732.5,0.0,0.0,0.0,0.0,0.0,0.0,0.23,0.0402,1.459,0.419
data/kaggle/grading/Kupro/Large/Grade-2/211.jpg,Kupro,Large,Grade-2,val,525.8599853515625,353.68634033203125,143320.0,0.0,0.0,0.0,0.0,0.0,0.0,1.11,0.075,0.375,0.36
data/kaggle/grading/Gajar/Medium/Grade-1/113.jpg,Gajar,Medium,Grade-1,val,565.74072265625,221.08392333984375,109189.0,0.0,0.0,0.0,0.0,0.0,0.0,1.03,0.0676,0.003,0.378
data/kaggle/grading/Gajar/Small/Grade-3/197.jpg,Gajar,Small,Grade-3,val,514.2905883789062,262.0575866699219,114325.0,0.0,0.86,0.13,0.0,0.45,1.44,1.17,0.0226,0.0,0.419
data/kaggle/grading/Kupro/Large/Grade-2/266.jpg,Kupro,Large,Grade-2,val,453.9461975097656,338.5131530761719,121965.5,0.0,0.0,0.0,0.0,3.16,3.16,1.81,0.0649,0.008,0.389
data/kaggle/grading/Gajar/Medium/Grade-1/197.jpg,Gajar,Medium,Grade-1,val,571.7091674804688,250.8436279296875,124412.0,0.0,0.0,0.0,0.0,0.64,0.64,0.93,0.0734,0.0,0.341
data/kaggle/grading/Kupro/Large/Grade-2/330.jpg,Kupro,Large,Grade-2,val,500.1549072265625,374.5115661621094,150972.5,0.0,0.0,0.0,0.0,0.0,0.0,1.34,0.0761,0.135,0.374
data/kaggle/grading/Gajar/Medium/Grade-3/13.jpg,Gajar,Medium,Grade-3,val,571.047607421875,263.0415954589844,122495.5,0.0,0.2,0.17,0.0,0.0,0.37,1.27,0.0944,0.0,0.393
data/kaggle/grading/Kupro/Large/Grade-2/163.jpg,Kupro,Large,Grade-2,val,575.0,326.0,147428.0,0.0,0.0,0.0,0.0,0.0,0.0,0.85,0.0405,0.035,0.387
data/kaggle/grading/Gajar/Medium/Grade-3/30.jpg,Gajar,Medium,Grade-3,val,575.669189453125,278.203369140625,133753.0,1.15,2.3,0.94,0.0,0.0,4.39,1.56,0.118,0.0,0.383
data/kaggle/grading/Gajar/Large/Grade-1/78.jpg,Gajar,Large,Grade-1,val,621.0382080078125,277.3962707519531,140330.5,0.0,0.0,0.0,0.0,0.0,0.0,0.93,0.0722,0.0,0.355
data/kaggle/grading/Gajar/Small/Grade-3/121.jpg,Gajar,Small,Grade-3,val,600.2382202148438,267.58746337890625,123216.5,0.22,0.22,0.0,0.0,0.0,0.44,1.28,0.0758,0.023,0.427
data/kaggle/grading/Gajar/Large/Grade-1/103.jpg,Gajar,Large,Grade-1,val,603.038330078125,294.14312744140625,150642.0,0.0,0.0,0.0,0.0,0.0,0.0,1.42,0.0652,0.0,0.349
data/kaggle/grading/Kupro/Large/Grade-2/261.jpg,Kupro,Large,Grade-2,val,509.8525085449219,347.3468017578125,143611.5,0.0,0.0,0.0,0.0,0.0,0.0,1.4,0.0748,0.442,0.409
data/kaggle/grading/Gajar/Small/Grade-3/172.jpg,Gajar,Small,Grade-3,val,571.0060424804688,253.1289520263672,121987.0,0.0,0.0,0.0,0.0,0.0,0.0,0.87,0.0242,0.0,0.394
data/kaggle/grading/Kupro/Large/Grade-1/164.jpg,Kupro,Large,Grade-1,val,508.5587158203125,362.3663940429687,144525.0,0.0,0.0,0.0,0.0,0.0,0.0,0.0,0.0254,1.169,0.5
data/kaggle/grading/Kupro/Large/Grade-1/282.jpg,Kupro,Large,Grade-1,val,527.4171142578125,368.361083984375,156246.5,0.0,0.0,0.0,0.0,0.61,0.61,0.5,0.0134,0.401,0.395
data/kaggle/grading/Gajar/Medium/Grade-1/52.jpg,Gajar,Medium,Grade-1,val,581.3540649414062,282.96246337890625,131199.5,0.48,0.0,0.0,0.0,0.0,0.48,1.24,0.0951,0.0,0.371
data/kaggle/grading/Gajar/Small/Grade-1/87.jpg,Gajar,Small,Grade-1,val,573.4468994140625,288.8769836425781,134096.0,0.0,0.0,0.0,0.0,0.0,0.0,1.77,0.0819,0.177,0.395
data/kaggle/grading/Gajar/Large/Grade-1/61.jpg,Gajar,Large,Grade-1,val,647.9951782226562,286.93572998046875,147655.0,0.0,0.0,0.0,0.0,0.0,0.0,0.14,0.0651,0.688,0.498
data/kaggle/grading/Gajar/Small/Grade-2/30.jpg,Gajar,Small,Grade-2,val,538.1881103515625,250.29562377929688,115432.5,0.0,0.0,0.0,0.0,0.58,0.58,1.19,0.0819,0.034,0.406
data/kaggle/grading/Kupro/Large/Grade-1/306.jpg,Kupro,Large,Grade-1,val,526.4776611328125,327.1596984863281,136664.0,0.0,0.0,0.0,0.0,0.0,0.0,0.71,0.0586,0.001,0.331
data/kaggle/grading/Gajar/Medium/Grade-2/27.jpg,Gajar,Medium,Grade-2,val,554.3850708007812,294.7810363769531,138091.0,0.0,0.15,0.0,0.0,0.0,0.15,2.03,0.0675,0.0,0.351
data/kaggle/grading/Kupro/Large/Grade-1/23.jpg,Kupro,Large,Grade-1,val,514.3517456054688,349.6043701171875,138766.5,0.0,0.0,0.0,0.0,1.01,1.01,1.75,0.0435,0.039,0.357
data/kaggle/grading/Gajar/Small/Grade-3/166.jpg,Gajar,Small,Grade-3,val,563.5217895507812,278.8434143066406,132715.5,0.0,0.0,0.1,0.0,0.0,0.1,1.23,0.0268,0.0,0.395
data/kaggle/grading/Gajar/Medium/Grade-2/32.jpg,Gajar,Medium,Grade-2,val,610.5328979492188,270.366943359375,136122.5,0.0,0.0,0.73,0.0,2.17,2.9,1.63,0.121,0.0,0.354
data/kaggle/grading/Gajar/Small/Grade-3/105.jpg,Gajar,Small,Grade-3,val,555.9998779296875,253.99996948242188,120469.5,0.0,0.0,0.25,0.0,0.0,0.25,0.93,0.0774,0.009,0.407
data/kaggle/grading/Gajar/Small/Grade-2/103.jpg,Gajar,Small,Grade-2,val,562.6279907226562,262.4430847167969,120073.0,0.0,0.32,0.52,0.0,0.0,0.84,2.29,0.1049,0.0,0.334
data/kaggle/grading/Gajar/Large/Grade-3/91.jpg,Gajar,Large,Grade-3,val,653.10400390625,306.2499694824219,162432.5,0.0,0.0,0.23,0.0,0.0,0.23,1.05,0.0863,0.005,0.398
data/kaggle/grading/Gajar/Medium/Grade-3/52.jpg,Gajar,Medium,Grade-3,val,561.0,263.0,124625.5,0.0,0.0,0.0,0.0,0.0,0.0,1.11,0.0548,0.0,0.338
data/kaggle/grading/Kupro/Large/Grade-1/66.jpg,Kupro,Large,Grade-1,val,528.6064453125,343.9072570800781,141792.0,0.0,0.0,0.0,0.0,0.0,0.0,0.54,0.0349,1.663,0.434
data/kaggle/grading/Kupro/Large/Grade-2/242.jpg,Kupro,Large,Grade-2,val,514.3944702148438,361.8741149902344,145870.5,0.0,0.0,0.0,0.0,0.0,0.0,0.51,0.0429,2.275,0.391
data/kaggle/grading/Gajar/Small/Grade-1/188.jpg,Gajar,Small,Grade-1,val,564.7041625976562,268.5301208496094,128892.5,0.0,0.0,0.0,0.0,0.43,0.43,0.66,0.0448,0.204,0.4
data/kaggle/grading/Kupro/Large/Grade-2/158.jpg,Kupro,Large,Grade-2,val,537.7105102539062,364.2424926757813,151973.5,0.0,0.0,0.0,0.0,1.24,1.24,0.94,0.0512,0.013,0.372
data/kaggle/grading/Kupro/Large/Grade-3/53.jpg,Kupro,Large,Grade-3,val,472.8400268554687,352.88946533203125,132457.5,0.0,0.0,0.0,0.0,0.0,0.0,2.65,0.1025,0.028,0.412
data/kaggle/grading/Gajar/Medium/Grade-2/31.jpg,Gajar,Medium,Grade-2,val,607.7920532226562,283.1935119628906,142071.0,0.0,0.0,0.09,0.0,0.0,0.09,0.32,0.062,0.001,0.38
data/kaggle/grading/Gajar/Large/Grade-1/89.jpg,Gajar,Large,Grade-1,val,627.19580078125,286.3625183105469,148902.5,0.0,0.0,0.0,0.0,0.0,0.0,0.91,0.0788,0.012,0.423
data/kaggle/grading/Gajar/Medium/Grade-2/16.jpg,Gajar,Medium,Grade-2,val,606.1408081054688,274.67236328125,137412.0,0.0,0.0,0.05,0.0,0.0,0.05,1.85,0.1143,0.116,0.44
data/kaggle/grading/Kupro/Large/Grade-2/178.jpg,Kupro,Large,Grade-2,val,545.0,401.0,168506.0,0.0,0.0,0.0,0.0,0.0,0.0,1.26,0.077,0.377,0.386
data/kaggle/grading/Kupro/Large/Grade-3/65.jpg,Kupro,Large,Grade-3,val,515.0762329101562,330.725830078125,132891.0,0.0,0.0,0.0,0.0,0.0,0.0,0.85,0.044,0.0,0.283
data/kaggle/grading/Gajar/Medium/Grade-1/192.jpg,Gajar,Medium,Grade-1,val,576.8757934570312,277.2173156738281,138686.5,0.0,0.0,0.0,0.0,0.0,0.0,0.68,0.0729,0.053,0.414
data/kaggle/grading/Gajar/Large/Grade-1/39.jpg,Gajar,Large,Grade-1,val,666.1393432617188,269.252197265625,152203.0,0.0,0.0,0.0,0.0,0.0,0.0,1.21,0.0896,0.228,0.478
data/kaggle/grading/Gajar/Small/Grade-3/179.jpg,Gajar,Small,Grade-3,val,540.2418823242188,245.1884765625,112928.0,0.34,1.18,0.0,0.0,0.0,1.52,1.34,0.0217,0.0,0.373
data/kaggle/grading/Gajar/Medium/Grade-2/15.jpg,Gajar,Medium,Grade-2,val,607.43505859375,264.3231506347656,131436.0,0.0,0.0,0.0,0.0,0.0,0.0,0.51,0.0703,0.237,0.445
data/kaggle/grading/Gajar/Small/Grade-1/104.jpg,Gajar,Small,Grade-1,val,497.7421875,254.455810546875,105384.0,0.0,0.0,0.0,0.0,0.0,0.0,1.52,0.0959,0.001,0.396
data/kaggle/grading/Kupro/Large/Grade-3/103.jpg,Kupro,Large,Grade-3,val,474.0309753417969,334.7325134277344,128377.0,0.0,0.0,0.0,0.0,0.0,0.0,0.42,0.0262,0.933,0.411
data/kaggle/grading/Kupro/Large/Grade-2/176.jpg,Kupro,Large,Grade-2,test,536.4887084960938,361.62060546875,147345.5,0.0,0.0,0.0,0.0,5.36,5.36,0.86,0.0662,0.0,0.34
data/kaggle/grading/Gajar/Small/Grade-3/128.jpg,Gajar,Small,Grade-3,test,588.0505981445312,264.7483825683594,127086.0,0.0,0.0,0.14,0.0,0.0,0.14,1.31,0.0258,0.001,0.422
data/kaggle/grading/Kupro/Large/Grade-2/118.jpg,Kupro,Large,Grade-2,test,505.5478515625,366.10150146484375,147971.0,0.0,0.0,0.0,0.0,1.46,1.46,0.38,0.0449,0.128,0.377
data/kaggle/grading/Kupro/Large/Grade-3/16.jpg,Kupro,Large,Grade-3,test,499.73980712890625,363.3455505371094,143025.5,0.0,0.0,0.0,0.0,0.0,0.0,0.44,0.0954,0.805,0.403
data/kaggle/grading/Kupro/Large/Grade-1/143.jpg,Kupro,Large,Grade-1,test,461.0007934570313,328.6607971191406,121389.5,0.0,0.0,0.0,0.0,4.66,4.66,0.91,0.059,0.0,0.33
data/kaggle/grading/Gajar/Large/Grade-1/64.jpg,Gajar,Large,Grade-1,test,650.6995239257812,293.9178466796875,154909.5,0.0,0.0,0.0,0.0,0.0,0.0,1.37,0.1053,0.128,0.417
data/kaggle/grading/Gajar/Medium/Grade-1/78.jpg,Gajar,Medium,Grade-1,test,566.7750244140625,245.6396484375,117620.5,0.0,0.0,0.0,0.0,0.0,0.0,1.63,0.1099,0.812,0.458
data/kaggle/grading/Kupro/Large/Grade-2/224.jpg,Kupro,Large,Grade-2,test,517.8684692382812,343.52630615234375,143327.5,0.0,0.0,0.0,0.0,3.2,3.2,1.12,0.0438,0.0,0.34
data/kaggle/grading/Gajar/Small/Grade-1/117.jpg,Gajar,Small,Grade-1,test,520.4044799804688,251.3654327392578,111548.0,0.0,0.0,0.0,0.0,0.0,0.0,0.96,0.0661,0.01,0.373
data/kaggle/grading/Kupro/Large/Grade-2/370.jpg,Kupro,Large,Grade-2,test,496.7951049804687,342.8421936035156,126378.0,0.0,0.0,0.0,0.0,0.0,0.0,0.94,0.0764,0.186,0.388
data/kaggle/grading/Gajar/Small/Grade-1/35.jpg,Gajar,Small,Grade-1,test,554.5870361328125,261.1766357421875,118759.5,0.0,0.18,0.0,0.0,1.62,1.8,3.03,0.0986,0.005,0.378
data/kaggle/grading/Kupro/Large/Grade-1/95.jpg,Kupro,Large,Grade-1,test,501.752685546875,365.96771240234375,141180.0,0.0,0.0,0.0,0.0,0.0,0.0,0.92,0.0483,0.76,0.416
data/kaggle/grading/Gajar/Small/Grade-1/99.jpg,Gajar,Small,Grade-1,test,587.8256225585938,264.0340270996094,128784.0,0.0,0.0,0.0,0.0,0.0,0.0,0.55,0.0716,0.0,0.36
data/kaggle/grading/Gajar/Small/Grade-1/39.jpg,Gajar,Small,Grade-1,test,524.1195068359375,265.5765075683594,117539.0,0.32,0.22,0.0,0.0,0.0,0.54,1.53,0.0942,0.0,0.327
data/kaggle/grading/Gajar/Large/Grade-2/116.jpg,Gajar,Large,Grade-2,test,592.04345703125,264.01904296875,138711.0,0.0,0.0,0.37,0.0,0.0,0.37,1.11,0.0946,0.0,0.347
data/kaggle/grading/Gajar/Large/Grade-3/4.jpg,Gajar,Large,Grade-3,test,651.3446655273438,272.11785888671875,151409.0,0.0,0.39,0.1,0.0,0.0,0.49,0.52,0.1028,0.0,0.41
data/kaggle/grading/Gajar/Small/Grade-2/42.jpg,Gajar,Small,Grade-2,test,560.0721435546875,284.2527160644531,131577.5,0.54,0.82,0.12,0.0,0.0,1.48,0.87,0.0757,0.008,0.396
data/kaggle/grading/Gajar/Medium/Grade-1/156.jpg,Gajar,Medium,Grade-1,test,576.1666870117188,279.7988586425781,131340.5,0.0,0.0,0.0,0.0,0.0,0.0,1.21,0.0679,0.021,0.369
data/kaggle/grading/Gajar/Medium/Grade-1/144.jpg,Gajar,Medium,Grade-1,test,557.5594482421875,262.021240234375,119555.0,0.0,0.0,0.0,0.0,0.0,0.0,0.68,0.0727,0.105,0.418
data/kaggle/grading/Gajar/Small/Grade-3/163.jpg,Gajar,Small,Grade-3,test,545.234375,223.7523193359375,103801.0,0.32,0.25,0.64,0.0,0.0,1.21,1.02,0.0388,0.001,0.396
data/kaggle/grading/Kupro/Large/Grade-1/243.jpg,Kupro,Large,Grade-1,test,492.1311340332031,375.5636901855469,142118.5,0.0,0.0,0.0,0.0,0.0,0.0,0.9,0.0438,1.031,0.392
data/kaggle/grading/Gajar/Medium/Grade-1/20.jpg,Gajar,Medium,Grade-1,test,526.5177001953125,240.0941467285156,106519.0,0.0,0.0,0.0,0.0,1.37,1.37,0.11,0.0581,0.081,0.368
data/kaggle/grading/Gajar/Large/Grade-1/132.jpg,Gajar,Large,Grade-1,test,665.05859375,301.9730529785156,163346.5,0.0,0.0,0.0,0.0,0.0,0.0,1.04,0.1075,0.136,0.426
data/kaggle/grading/Gajar/Medium/Grade-1/90.jpg,Gajar,Medium,Grade-1,test,527.23388671875,245.14349365234375,106698.5,0.0,0.0,0.0,0.0,0.0,0.0,0.44,0.0538,0.002,0.369
data/kaggle/grading/Gajar/Medium/Grade-1/15.jpg,Gajar,Medium,Grade-1,test,538.0538330078125,295.8708190917969,131384.5,0.0,0.0,0.0,0.0,2.09,2.09,0.59,0.0523,0.357,0.406
data/kaggle/grading/Gajar/Small/Grade-3/176.jpg,Gajar,Small,Grade-3,test,603.428955078125,288.5047912597656,146235.0,0.0,0.0,0.0,0.0,0.0,0.0,1.37,0.0237,0.09,0.438
data/kaggle/grading/Gajar/Small/Grade-1/121.jpg,Gajar,Small,Grade-1,test,547.5735473632812,242.5301055908203,111539.5,0.0,0.0,0.0,0.0,0.0,0.0,1.25,0.097,0.022,0.412
data/kaggle/grading/Gajar/Small/Grade-2/98.jpg,Gajar,Small,Grade-2,test,533.3419189453125,255.97805786132812,113931.0,0.0,0.0,0.0,0.0,0.0,0.0,1.3,0.0704,0.0,0.37
data/kaggle/grading/Gajar/Small/Grade-1/111.jpg,Gajar,Small,Grade-1,test,571.5776977539062,298.06341552734375,137409.0,0.0,0.0,0.05,0.0,0.0,0.05,0.76,0.0812,0.011,0.443
data/kaggle/grading/Gajar/Large/Grade-2/46.jpg,Gajar,Large,Grade-2,test,614.6062622070312,288.3904724121094,146614.5,0.0,0.0,0.0,0.0,0.0,0.0,1.56,0.1205,0.0,0.387
data/kaggle/grading/Gajar/Large/Grade-3/63.jpg,Gajar,Large,Grade-3,test,582.4998779296875,284.9867248535156,136107.5,0.0,0.22,0.0,0.0,0.0,0.22,0.56,0.0631,0.307,0.515
data/kaggle/grading/Gajar/Small/Grade-3/22.jpg,Gajar,Small,Grade-3,test,567.5046997070312,263.36181640625,127492.0,0.34,0.39,0.14,0.0,0.64,1.51,0.61,0.0612,0.023,0.448
data/kaggle/grading/Gajar/Medium/Grade-3/73.jpg,Gajar,Medium,Grade-3,test,623.6466674804688,293.9623107910156,149010.5,0.0,0.0,0.0,0.0,0.42,0.42,1.78,0.0786,0.0,0.319
data/kaggle/grading/Kupro/Large/Grade-1/98.jpg,Kupro,Large,Grade-1,test,494.5357666015625,361.5509643554687,143194.5,0.0,0.0,0.0,0.0,1.57,1.57,0.66,0.0339,0.042,0.391
data/kaggle/grading/Gajar/Large/Grade-1/21.jpg,Gajar,Large,Grade-1,test,666.7227783203125,293.6709289550781,155681.5,0.0,0.0,0.0,0.0,0.0,0.0,1.86,0.113,0.007,0.393
data/kaggle/grading/Kupro/Large/Grade-2/264.jpg,Kupro,Large,Grade-2,test,477.0642395019531,343.7733459472656,130378.0,0.0,0.0,0.0,0.0,0.0,0.0,0.89,0.0442,0.011,0.391
data/kaggle/grading/Gajar/Medium/Grade-1/51.jpg,Gajar,Medium,Grade-1,test,591.2146606445312,265.92254638671875,130099.5,0.0,0.0,0.0,0.0,0.0,0.0,1.69,0.0695,0.0,0.373
data/kaggle/grading/Gajar/Large/Grade-3/88.jpg,Gajar,Large,Grade-3,test,662.2726440429688,286.4421691894531,162616.0,0.0,0.0,0.0,0.0,0.0,0.0,0.26,0.0479,0.002,0.47
data/kaggle/grading/Kupro/Large/Grade-1/233.jpg,Kupro,Large,Grade-1,test,537.1807250976562,345.878662109375,145275.5,0.0,0.0,0.0,0.0,0.0,0.0,0.95,0.0394,0.669,0.404
data/kaggle/grading/Kupro/Large/Grade-2/192.jpg,Kupro,Large,Grade-2,test,463.7503051757813,361.9298095703125,133496.0,0.0,0.0,0.0,0.0,0.0,0.0,0.97,0.0463,0.078,0.355
data/kaggle/grading/Kupro/Large/Grade-2/252.jpg,Kupro,Large,Grade-2,test,481.5611572265625,344.6642761230469,127860.0,0.0,0.0,0.0,0.0,1.28,1.28,1.3,0.0717,0.0,0.349
data/kaggle/grading/Gajar/Small/Grade-3/205.jpg,Gajar,Small,Grade-3,test,603.8893432617188,288.4822998046875,140986.5,0.0,0.0,0.0,0.0,0.0,0.0,2.47,0.0623,0.009,0.427
data/kaggle/grading/Kupro/Large/Grade-2/196.jpg,Kupro,Large,Grade-2,test,524.0,354.0,144748.5,0.0,0.0,0.0,0.0,0.0,0.0,1.06,0.0501,0.185,0.415
data/kaggle/grading/Kupro/Large/Grade-1/229.jpg,Kupro,Large,Grade-1,test,508.2542114257813,351.2828674316406,140044.0,0.0,0.0,0.0,0.0,0.0,0.0,0.54,0.0393,1.566,0.423
data/kaggle/grading/Kupro/Large/Grade-1/112.jpg,Kupro,Large,Grade-1,test,517.3436889648438,352.6134948730469,143800.5,0.0,0.0,0.0,0.0,0.0,0.0,0.76,0.0548,1.093,0.412
data/kaggle/grading/Gajar/Medium/Grade-1/65.jpg,Gajar,Medium,Grade-1,test,572.1732177734375,258.5457763671875,121165.5,0.0,0.0,0.0,0.0,0.0,0.0,1.5,0.0676,0.0,0.348
data/kaggle/grading/Gajar/Small/Grade-1/42.jpg,Gajar,Small,Grade-1,test,560.9189453125,269.4478454589844,115203.0,0.0,0.0,0.0,0.0,0.0,0.0,1.44,0.079,0.0,0.361
data/kaggle/grading/Kupro/Large/Grade-1/311.jpg,Kupro,Large,Grade-1,test,508.7039184570313,350.39300537109375,138805.0,0.0,0.0,0.0,0.0,0.0,0.0,0.0,0.0422,2.056,0.385
data/kaggle/grading/Gajar/Medium/Grade-1/41.jpg,Gajar,Medium,Grade-1,test,579.1163330078125,268.22119140625,132097.5,0.0,0.0,0.0,0.0,0.66,0.66,2.6,0.0857,0.005,0.387
data/kaggle/grading/Gajar/Small/Grade-3/40.jpg,Gajar,Small,Grade-3,test,541.0745239257812,274.7263488769531,123211.5,0.38,0.16,0.22,0.0,0.0,0.76,1.19,0.0748,0.005,0.401
data/kaggle/grading/Kupro/Large/Grade-2/236.jpg,Kupro,Large,Grade-2,test,493.822509765625,354.8362731933594,143081.5,0.0,0.0,0.08,0.0,2.85,2.93,2.54,0.0727,0.002,0.369
data/kaggle/grading/Kupro/Large/Grade-1/35.jpg,Kupro,Large,Grade-1,test,512.7984008789062,354.2951965332031,143229.5,0.0,0.0,0.0,0.0,0.0,0.0,0.86,0.0494,0.359,0.38
data/kaggle/grading/Gajar/Small/Grade-1/91.jpg,Gajar,Small,Grade-1,test,523.7427978515625,248.5054168701172,106920.0,0.0,0.0,0.11,0.0,0.0,0.11,1.32,0.0895,0.0,0.409
data/kaggle/grading/Kupro/Large/Grade-2/204.jpg,Kupro,Large,Grade-2,test,488.81597900390625,330.3666076660156,131717.0,0.0,0.0,0.0,0.0,2.68,2.68,0.7,0.0909,0.025,0.351
data/kaggle/grading/Gajar/Large/Grade-3/101.jpg,Gajar,Large,Grade-3,test,650.0,266.0,144494.0,0.0,0.0,0.04,0.0,0.0,0.04,1.36,0.0628,0.018,0.441
data/kaggle/grading/Gajar/Medium/Grade-2/57.jpg,Gajar,Medium,Grade-2,test,603.0,274.0,140408.0,0.0,0.0,0.0,0.0,0.0,0.0,1.93,0.0668,0.0,0.384
data/kaggle/grading/Gajar/Large/Grade-3/47.jpg,Gajar,Large,Grade-3,test,616.5563354492188,259.4566955566406,128434.0,0.66,0.39,0.63,0.0,0.0,1.68,1.55,0.075,0.001,0.373
data/kaggle/grading/Kupro/Large/Grade-3/33.jpg,Kupro,Large,Grade-3,test,512.2931518554688,351.3749084472656,144723.5,0.0,0.0,0.0,0.0,0.0,0.0,2.23,0.0809,0.0,0.367
data/kaggle/grading/Kupro/Large/Grade-3/56.jpg,Kupro,Large,Grade-3,test,483.2145690917969,347.3514709472656,129363.0,0.0,0.0,0.0,0.0,0.0,0.0,2.42,0.1142,0.0,0.371
data/kaggle/grading/Kupro/Large/Grade-2/97.jpg,Kupro,Large,Grade-2,test,503.1183776855469,343.73956298828125,136798.5,0.0,0.0,0.0,0.0,1.72,1.72,1.45,0.0929,0.001,0.344
data/kaggle/grading/Kupro/Large/Grade-1/201.jpg,Kupro,Large,Grade-1,test,433.3809509277344,295.2347717285156,102303.0,0.0,0.0,0.0,0.0,0.0,0.0,0.44,0.026,1.641,0.412
data/kaggle/grading/Kupro/Large/Grade-1/193.jpg,Kupro,Large,Grade-1,test,462.95159912109375,326.915283203125,123571.5,0.0,0.0,0.0,0.0,0.0,0.0,1.16,0.054,0.682,0.374
data/kaggle/grading/Gajar/Medium/Grade-1/146.jpg,Gajar,Medium,Grade-1,test,508.7760620117187,279.7037353515625,117582.0,0.0,0.0,0.0,0.0,0.0,0.0,0.74,0.0322,0.028,0.385
data/kaggle/grading/Gajar/Small/Grade-3/141.jpg,Gajar,Small,Grade-3,test,570.946533203125,255.9636077880859,119697.5,0.0,0.95,0.37,0.0,0.0,1.32,1.96,0.0487,0.0,0.371
data/kaggle/grading/Gajar/Large/Grade-1/116.jpg,Gajar,Large,Grade-1,test,621.9412841796875,305.7511901855469,162536.0,0.51,0.2,0.06,0.0,0.0,0.77,2.91,0.0925,0.003,0.382
data/kaggle/grading/Gajar/Large/Grade-1/76.jpg,Gajar,Large,Grade-1,test,622.9638061523438,281.4560852050781,148305.0,0.0,0.0,0.0,0.0,0.0,0.0,1.36,0.0573,0.06,0.442
data/kaggle/grading/Kupro/Large/Grade-1/92.jpg,Kupro,Large,Grade-1,test,490.99993896484375,375.99993896484375,140722.5,0.0,0.0,0.0,0.0,0.8,0.8,2.36,0.0591,0.014,0.389
data/kaggle/grading/Gajar/Small/Grade-3/14.jpg,Gajar,Small,Grade-3,test,543.169189453125,292.88653564453125,133238.0,0.0,0.18,0.0,0.0,0.0,0.18,0.59,0.0506,0.148,0.437
data/kaggle/grading/Gajar/Large/Grade-3/14.jpg,Gajar,Large,Grade-3,test,644.2110595703125,271.5674133300781,147748.5,0.0,0.21,0.11,0.0,0.0,0.32,1.45,0.0866,0.018,0.454
data/kaggle/grading/Kupro/Large/Grade-1/79.jpg,Kupro,Large,Grade-1,test,494.0,371.0,145894.0,0.0,0.0,0.0,0.0,1.6,1.6,1.14,0.0574,0.098,0.366
data/kaggle/grading/Kupro/Large/Grade-1/279.jpg,Kupro,Large,Grade-1,test,523.0,369.0,156443.0,0.0,0.0,0.0,0.0,0.0,0.0,1.56,0.0215,0.313,0.408
data/kaggle/grading/Gajar/Small/Grade-1/53.jpg,Gajar,Small,Grade-1,test,550.1856079101562,250.7086639404297,112409.5,0.0,0.0,0.0,0.0,0.0,0.0,0.69,0.0898,0.221,0.417
data/kaggle/grading/Kupro/Large/Grade-1/190.jpg,Kupro,Large,Grade-1,test,444.29541015625,360.0657043457031,126887.5,0.0,0.0,0.0,0.0,2.54,2.54,1.5,0.0582,0.1,0.379
data/kaggle/grading/Kupro/Large/Grade-2/308.jpg,Kupro,Large,Grade-2,test,519.0,375.0,148309.0,0.0,0.0,0.0,0.0,0.0,0.0,1.5,0.068,1.293,0.391
data/kaggle/grading/Gajar/Small/Grade-3/95.jpg,Gajar,Small,Grade-3,test,541.9163818359375,259.454345703125,122411.0,0.0,0.0,0.0,0.0,0.0,0.0,1.52,0.0571,0.0,0.364
data/kaggle/grading/Kupro/Large/Grade-2/184.jpg,Kupro,Large,Grade-2,test,477.93548583984375,321.3720397949219,119733.0,0.0,0.21,0.09,0.0,5.43,5.73,1.78,0.1105,0.023,0.338
data/kaggle/grading/Gajar/Small/Grade-3/11.jpg,Gajar,Small,Grade-3,test,587.1589965820312,254.8947906494141,122453.0,0.0,0.21,0.27,0.0,0.0,0.48,1.01,0.0973,0.0,0.393
data/kaggle/grading/Gajar/Small/Grade-2/59.jpg,Gajar,Small,Grade-2,test,521.6560668945312,235.7540740966797,102932.0,0.0,1.4,0.36,0.0,0.0,1.76,3.07,0.1383,0.004,0.369
data/kaggle/grading/Gajar/Medium/Grade-2/48.jpg,Gajar,Medium,Grade-2,test,554.6533203125,281.8730163574219,127702.5,0.0,0.0,0.0,0.0,0.0,0.0,0.99,0.0807,0.0,0.334
data/kaggle/grading/Kupro/Large/Grade-3/15.jpg,Kupro,Large,Grade-3,test,519.304443359375,335.9468994140625,135210.0,0.0,0.0,0.0,0.0,0.0,0.0,3.74,0.126,0.2,0.354
data/kaggle/grading/Gajar/Large/Grade-2/98.jpg,Gajar,Large,Grade-2,test,644.3296508789062,301.6502990722656,155876.0,0.0,0.0,0.0,0.0,0.0,0.0,0.73,0.0609,0.066,0.405
data/kaggle/grading/Gajar/Small/Grade-2/88.jpg,Gajar,Small,Grade-2,test,599.557373046875,263.1378479003906,130465.0,0.0,0.17,0.0,0.0,0.0,0.17,1.66,0.0765,0.0,0.35
data/kaggle/grading/Kupro/Large/Grade-1/304.jpg,Kupro,Large,Grade-1,test,517.9881591796875,345.2671203613281,137911.0,0.0,0.0,0.0,0.0,0.0,0.0,1.56,0.0449,0.656,0.392
data/kaggle/grading/Kupro/Large/Grade-2/301.jpg,Kupro,Large,Grade-2,test,528.1032104492188,376.7329406738281,157184.0,0.0,0.0,0.0,0.0,0.0,0.0,1.65,0.0442,0.174,0.396
data/kaggle/grading/Kupro/Large/Grade-1/220.jpg,Kupro,Large,Grade-1,test,475.8487243652344,345.1412353515625,127485.0,0.0,0.0,0.0,0.0,1.03,1.03,0.6,0.0502,0.003,0.373
data/kaggle/grading/Gajar/Small/Grade-3/173.jpg,Gajar,Small,Grade-3,test,568.2911987304688,253.3703765869141,122270.0,0.0,0.0,0.04,0.0,0.0,0.04,0.67,0.0311,0.003,0.425
data/kaggle/grading/Gajar/Small/Grade-1/43.jpg,Gajar,Small,Grade-1,test,554.8894653320312,262.1444091796875,123190.5,0.0,0.0,0.0,0.0,0.0,0.0,1.18,0.075,0.2,0.436
data/kaggle/grading/Kupro/Large/Grade-3/60.jpg,Kupro,Large,Grade-3,test,467.5314331054687,351.36309814453125,127337.0,0.0,0.0,0.0,0.0,0.9,0.9,1.97,0.0576,0.004,0.363
data/kaggle/grading/Kupro/Large/Grade-1/4.jpg,Kupro,Large,Grade-1,test,521.8619384765625,355.67376708984375,144152.0,0.72,0.0,0.06,0.0,10.47,11.25,1.07,0.0625,0.0,0.33
data/kaggle/grading/Gajar/Large/Grade-1/41.jpg,Gajar,Large,Grade-1,test,617.6574096679688,280.7102355957031,142617.0,0.0,0.0,0.0,0.0,0.0,0.0,1.32,0.0768,0.0,0.408
data/kaggle/grading/Kupro/Large/Grade-2/142.jpg,Kupro,Large,Grade-2,test,497.2560119628906,331.889892578125,131098.0,0.0,0.0,0.0,0.0,1.27,1.27,2.31,0.0875,0.232,0.363
data/kaggle/grading/Gajar/Medium/Grade-3/20.jpg,Gajar,Medium,Grade-3,test,538.3140869140625,253.07681274414065,113733.0,0.55,0.32,0.11,0.0,0.0,0.98,0.84,0.0492,0.0,0.41
data/kaggle/grading/Gajar/Large/Grade-1/86.jpg,Gajar,Large,Grade-1,test,630.1456909179688,289.0982666015625,150031.0,0.0,0.0,0.0,0.0,0.0,0.0,0.86,0.0692,0.014,0.426
data/kaggle/grading/Kupro/Large/Grade-1/100.jpg,Kupro,Large,Grade-1,test,494.34130859375,371.9845581054687,147648.0,0.0,0.0,0.0,0.0,0.0,0.0,0.92,0.0391,0.845,0.406
data/kaggle/grading/Gajar/Medium/Grade-2/12.jpg,Gajar,Medium,Grade-2,test,544.9774169921875,243.51466369628903,110168.5,0.0,0.0,0.0,0.0,0.0,0.0,3.04,0.0931,0.297,0.442
data/kaggle/grading/Gajar/Medium/Grade-3/5.jpg,Gajar,Medium,Grade-3,test,610.980224609375,281.7800598144531,135766.5,0.45,0.0,0.6,0.0,0.0,1.05,1.05,0.0497,0.0,0.384
data/kaggle/grading/Kupro/Large/Grade-3/14.jpg,Kupro,Large,Grade-3,test,567.2413330078125,356.75189208984375,157724.5,0.0,0.0,0.06,0.0,0.0,0.06,1.69,0.077,0.156,0.378
data/kaggle/grading/Gajar/Medium/Grade-1/35.jpg,Gajar,Medium,Grade-1,test,554.6602783203125,244.91590881347656,117666.0,0.0,0.0,0.0,0.0,0.0,0.0,2.41,0.0814,0.019,0.399
data/kaggle/grading/Gajar/Medium/Grade-1/87.jpg,Gajar,Medium,Grade-1,test,570.1332397460938,245.6756896972656,121022.5,0.0,0.0,0.0,0.0,0.0,0.0,1.12,0.0936,0.66,0.429
data/kaggle/grading/Kupro/Large/Grade-2/169.jpg,Kupro,Large,Grade-2,test,516.78759765625,348.91070556640625,145745.0,0.0,0.0,0.0,0.0,0.0,0.0,0.35,0.0348,1.229,0.458
data/kaggle/grading/Gajar/Large/Grade-3/22.jpg,Gajar,Large,Grade-3,test,623.0,286.0,149785.0,0.0,0.0,0.0,0.0,0.0,0.0,0.45,0.0643,0.002,0.409
data/kaggle/grading/Kupro/Large/Grade-2/119.jpg,Kupro,Large,Grade-2,test,490.0350341796875,366.6533508300781,141837.0,0.0,0.0,0.0,0.0,0.5,0.5,1.41,0.0601,0.478,0.379
data/kaggle/grading/Kupro/Large/Grade-1/210.jpg,Kupro,Large,Grade-1,test,422.5880432128906,352.8421630859375,117049.5,0.0,0.0,0.0,0.0,2.5,2.5,0.25,0.0309,0.069,0.348
data/kaggle/grading/Kupro/Large/Grade-2/361.jpg,Kupro,Large,Grade-2,test,501.0164794921875,338.4768371582031,129309.5,0.0,0.0,0.0,0.0,0.0,0.0,0.15,0.0257,1.16,0.454
data/kaggle/grading/Kupro/Large/Grade-3/108.jpg,Kupro,Large,Grade-3,test,462.3282165527344,367.49462890625,132420.0,0.0,0.0,0.0,0.0,0.0,0.0,1.09,0.0562,0.0,0.302
data/kaggle/grading/Gajar/Large/Grade-2/70.jpg,Gajar,Large,Grade-2,test,617.6922607421875,269.25579833984375,135620.5,0.0,0.0,0.0,0.0,0.0,0.0,0.81,0.0521,0.0,0.399
data/kaggle/grading/Gajar/Large/Grade-1/131.jpg,Gajar,Large,Grade-1,test,643.376220703125,303.8194580078125,158835.0,0.0,0.0,0.0,0.0,0.0,0.0,1.13,0.0895,0.001,0.39
data/kaggle/grading/Kupro/Large/Grade-1/301.jpg,Kupro,Large,Grade-1,test,497.2867126464844,368.788818359375,142981.5,0.0,0.0,0.0,0.0,4.55,4.55,0.44,0.0583,0.002,0.304
data/kaggle/grading/Gajar/Small/Grade-3/89.jpg,Gajar,Small,Grade-3,test,560.6769409179688,245.051025390625,117989.5,0.25,1.24,0.04,0.0,0.0,1.53,1.32,0.0677,0.0,0.375
data/kaggle/grading/Gajar/Small/Grade-3/21.jpg,Gajar,Small,Grade-3,test,612.2991333007812,269.23040771484375,133217.5,0.0,0.0,0.26,0.0,0.43,0.69,2.67,0.1045,0.0,0.364
data/kaggle/grading/Kupro/Large/Grade-3/109.jpg,Kupro,Large,Grade-3,test,446.7235412597656,357.7880859375,130575.0,0.0,0.0,0.0,0.0,0.0,0.0,1.94,0.0585,0.062,0.434
data/kaggle/grading/Kupro/Large/Grade-1/253.jpg,Kupro,Large,Grade-1,test,506.6087036132813,371.1095275878906,145709.0,0.0,0.0,0.0,0.0,0.0,0.0,0.58,0.0332,1.011,0.436
data/kaggle/grading/Gajar/Large/Grade-2/93.jpg,Gajar,Large,Grade-2,test,627.4269409179688,262.91064453125,141236.0,0.0,0.0,0.0,0.0,0.0,0.0,0.54,0.1004,0.273,0.46
data/kaggle/grading/Kupro/Large/Grade-2/281.jpg,Kupro,Large,Grade-2,test,494.4480895996094,327.91162109375,128392.0,0.0,0.0,0.0,0.0,1.01,1.01,1.23,0.0404,0.075,0.385
data/kaggle/grading/Gajar/Large/Grade-1/70.jpg,Gajar,Large,Grade-1,test,650.146728515625,278.79315185546875,146852.0,0.0,0.0,0.0,0.0,0.0,0.0,1.01,0.1013,0.347,0.488
data/kaggle/grading/Kupro/Large/Grade-3/31.jpg,Kupro,Large,Grade-3,test,532.1204223632812,349.19915771484375,147361.5,0.0,0.0,0.0,0.0,0.0,0.0,2.5,0.0846,0.012,0.377
data/kaggle/grading/Gajar/Small/Grade-3/51.jpg,Gajar,Small,Grade-3,test,553.284912109375,253.38446044921875,115216.5,0.94,0.47,0.12,0.0,0.0,1.53,1.99,0.0848,0.0,0.386
data/kaggle/grading/Kupro/Large/Grade-1/275.jpg,Kupro,Large,Grade-1,test,479.0,333.0,127017.5,0.0,0.0,0.0,0.0,3.44,3.44,0.44,0.0157,0.03,0.389
data/kaggle/grading/Gajar/Large/Grade-2/29.jpg,Gajar,Large,Grade-2,test,593.4474487304688,271.42474365234375,137123.0,0.0,0.24,0.0,0.0,0.0,0.24,1.17,0.0684,0.003,0.386
data/kaggle/grading/Gajar/Large/Grade-1/16.jpg,Gajar,Large,Grade-1,test,654.9340209960938,292.3143310546875,150344.5,0.0,0.0,0.0,0.0,0.0,0.0,0.7,0.1,0.28,0.432
data/kaggle/grading/Gajar/Medium/Grade-1/126.jpg,Gajar,Medium,Grade-1,test,592.9341430664062,258.651123046875,129953.0,0.0,0.0,0.0,0.0,0.63,0.63,0.71,0.07,0.004,0.39
data/kaggle/grading/Gajar/Medium/Grade-3/39.jpg,Gajar,Medium,Grade-3,test,541.9751586914062,251.13839721679688,113803.5,0.0,0.34,0.4,0.0,0.78,1.52,1.55,0.0629,0.0,0.39
data/kaggle/grading/Kupro/Large/Grade-3/89.jpg,Kupro,Large,Grade-3,test,527.8699340820312,356.31494140625,151364.5,0.0,0.0,0.04,0.0,0.0,0.04,1.0,0.079,0.0,0.293
data/kaggle/grading/Kupro/Large/Grade-1/130.jpg,Kupro,Large,Grade-1,test,497.64691162109375,315.33404541015625,125324.5,0.35,0.0,0.1,0.0,6.28,6.73,0.76,0.096,0.0,0.319
data/kaggle/grading/Kupro/Large/Grade-2/234.jpg,Kupro,Large,Grade-2,test,498.9026794433594,336.2676086425781,133520.5,0.0,0.0,0.0,0.0,0.0,0.0,0.19,0.066,1.376,0.444
data/kaggle/grading/Gajar/Large/Grade-2/106.jpg,Gajar,Large,Grade-2,test,617.8137817382812,286.4687194824219,142615.5,0.0,0.0,0.0,0.0,0.0,0.0,1.31,0.0574,0.007,0.397
data/kaggle/grading/Gajar/Large/Grade-3/81.jpg,Gajar,Large,Grade-3,test,633.1221313476562,263.51837158203125,138302.5,0.0,0.0,0.14,0.0,0.0,0.14,0.51,0.021,0.0,0.426
data/kaggle/grading/Gajar/Small/Grade-1/109.jpg,Gajar,Small,Grade-1,test,536.462890625,284.6810607910156,122933.0,0.0,0.0,0.0,0.0,0.0,0.0,0.76,0.0658,0.0,0.408
data/kaggle/grading/Gajar/Large/Grade-2/55.jpg,Gajar,Large,Grade-2,test,684.8646850585938,295.44561767578125,171253.5,0.0,0.0,0.0,0.0,0.0,0.0,1.0,0.0861,0.052,0.439
data/kaggle/grading/Kupro/Large/Grade-1/65.jpg,Kupro,Large,Grade-1,test,481.9661865234375,337.32733154296875,131434.5,0.0,0.0,0.0,0.0,0.43,0.43,2.06,0.0318,0.721,0.399
data/kaggle/grading/Gajar/Large/Grade-1/47.jpg,Gajar,Large,Grade-1,test,590.660400390625,290.7713317871094,145949.0,0.0,0.0,0.0,0.0,0.0,0.0,0.88,0.0479,0.323,0.449
data/kaggle/grading/Kupro/Large/Grade-3/71.jpg,Kupro,Large,Grade-3,test,505.0,340.0,137108.0,0.0,0.0,0.0,0.0,0.53,0.53,0.64,0.06,0.696,0.369
data/kaggle/grading/Gajar/Small/Grade-1/62.jpg,Gajar,Small,Grade-1,test,589.933349609375,263.0412292480469,129621.5,0.0,0.0,0.0,0.0,0.0,0.0,0.0,0.0305,0.767,0.492
data/kaggle/grading/Gajar/Medium/Grade-1/160.jpg,Gajar,Medium,Grade-1,test,581.00927734375,288.07940673828125,140307.5,0.0,0.0,0.0,0.0,0.0,0.0,0.44,0.0865,0.643,0.455
data/kaggle/grading/Kupro/Large/Grade-2/328.jpg,Kupro,Large,Grade-2,test,499.8869323730469,345.4812927246094,139667.0,0.0,0.0,0.0,0.0,0.0,0.0,0.56,0.0362,1.464,0.412
data/kaggle/grading/Gajar/Large/Grade-3/105.jpg,Gajar,Large,Grade-3,test,625.0134887695312,262.45355224609375,135699.0,0.0,0.0,0.0,0.0,0.0,0.0,1.06,0.0747,0.237,0.422
data/kaggle/grading/Kupro/Large/Grade-1/150.jpg,Kupro,Large,Grade-1,test,508.316162109375,360.1788330078125,145151.5,0.0,0.0,0.0,0.0,0.0,0.0,2.95,0.0695,0.16,0.371
data/kaggle/grading/Gajar/Medium/Grade-1/120.jpg,Gajar,Medium,Grade-1,test,552.2732543945312,248.45187377929688,116403.0,0.0,0.0,0.0,0.0,0.0,0.0,1.06,0.0697,0.021,0.389
data/kaggle/grading/Kupro/Large/Grade-1/207.jpg,Kupro,Large,Grade-1,test,484.3396911621094,348.3272705078125,134506.5,0.0,0.0,0.0,0.0,2.48,2.48,1.34,0.0699,0.05,0.337
data/kaggle/grading/Gajar/Medium/Grade-1/56.jpg,Gajar,Medium,Grade-1,test,582.0095825195312,249.24609375,121737.5,0.0,0.0,0.0,0.0,0.0,0.0,0.63,0.1008,0.013,0.355
data/kaggle/grading/Gajar/Medium/Grade-1/128.jpg,Gajar,Medium,Grade-1,test,567.5795288085938,274.80657958984375,130091.5,0.0,0.0,0.0,0.0,0.0,0.0,0.82,0.0682,0.0,0.355
data/kaggle/grading/Gajar/Small/Grade-2/100.jpg,Gajar,Small,Grade-2,test,543.6268920898438,253.34378051757812,115831.0,0.0,0.0,0.0,0.0,0.0,0.0,2.26,0.1014,0.0,0.353
data/kaggle/grading/Kupro/Large/Grade-3/70.jpg,Kupro,Large,Grade-3,test,507.99993896484375,391.99993896484375,153329.5,0.0,0.0,0.0,0.0,0.0,0.0,0.85,0.0642,1.162,0.373
data/kaggle/grading/Kupro/Large/Grade-1/295.jpg,Kupro,Large,Grade-1,test,510.0523681640625,364.04595947265625,147744.0,0.0,0.0,0.0,0.0,6.68,6.68,0.42,0.0727,0.0,0.355
data/kaggle/grading/Gajar/Large/Grade-1/151.jpg,Gajar,Large,Grade-1,test,634.9261474609375,311.1031188964844,158318.0,0.0,0.0,0.0,0.0,0.0,0.0,0.62,0.0734,0.0,0.387
data/kaggle/grading/Gajar/Small/Grade-1/101.jpg,Gajar,Small,Grade-1,test,596.5748291015625,255.04847717285156,125032.5,0.0,0.0,0.06,0.0,0.0,0.06,1.56,0.12,0.016,0.377
data/kaggle/grading/Gajar/Medium/Grade-2/5.jpg,Gajar,Medium,Grade-2,test,580.69140625,278.9216003417969,133501.5,0.0,0.0,0.0,0.0,0.0,0.0,1.51,0.0473,0.0,0.382
data/kaggle/grading/Gajar/Small/Grade-2/116.jpg,Gajar,Small,Grade-2,test,542.6802978515625,249.4466094970703,113974.5,0.0,0.0,0.0,0.0,0.0,0.0,0.79,0.05,0.0,0.314
data/kaggle/grading/Gajar/Large/Grade-1/126.jpg,Gajar,Large,Grade-1,test,578.254638671875,301.42877197265625,137619.0,0.0,0.0,0.0,0.0,0.0,0.0,0.42,0.0444,0.008,0.392
data/kaggle/grading/Gajar/Small/Grade-2/12.jpg,Gajar,Small,Grade-2,test,574.9998779296875,272.99993896484375,131483.5,0.0,0.0,0.0,0.0,0.47,0.47,0.92,0.0509,0.018,0.415
data/kaggle/grading/Kupro/Large/Grade-3/50.jpg,Kupro,Large,Grade-3,test,484.0681762695313,364.5647277832031,132976.5,0.0,0.0,0.0,0.0,1.89,1.89,2.23,0.0729,0.0,0.342
data/kaggle/grading/Gajar/Medium/Grade-1/109.jpg,Gajar,Medium,Grade-1,test,548.5734252929688,263.1851501464844,123939.5,0.0,0.0,0.0,0.0,0.0,0.0,0.81,0.0773,0.051,0.407
data/kaggle/grading/Gajar/Small/Grade-2/6.jpg,Gajar,Small,Grade-2,test,530.8155517578125,258.0063171386719,115958.0,0.0,0.32,0.13,0.0,1.3,1.75,1.82,0.08,0.027,0.401
data/kaggle/grading/Gajar/Small/Grade-3/160.jpg,Gajar,Small,Grade-3,test,550.6171875,258.01837158203125,121947.5,0.0,0.0,0.0,0.0,0.0,0.0,0.28,0.0144,0.001,0.468
data/kaggle/grading/Gajar/Small/Grade-2/21.jpg,Gajar,Small,Grade-2,test,585.408447265625,272.5606994628906,126690.0,0.0,0.0,0.06,0.0,0.0,0.06,1.31,0.0916,0.124,0.422
data/kaggle/grading/Gajar/Large/Grade-3/34.jpg,Gajar,Large,Grade-3,test,638.4925537109375,280.5800476074219,150864.0,0.0,0.0,0.69,0.0,0.45,1.14,0.57,0.0392,0.0,0.399
data/kaggle/grading/Kupro/Large/Grade-1/204.jpg,Kupro,Large,Grade-1,test,475.37738037109375,353.1524658203125,133332.0,0.0,0.0,0.0,0.0,0.55,0.55,0.39,0.0735,0.243,0.394
data/kaggle/grading/Kupro/Large/Grade-2/70.jpg,Kupro,Large,Grade-2,test,497.6961669921875,343.8253173828125,136004.0,0.0,0.0,0.0,0.0,4.13,4.13,0.98,0.0615,0.0,0.359
data/kaggle/grading/Gajar/Medium/Grade-1/176.jpg,Gajar,Medium,Grade-1,test,598.0238037109375,302.17236328125,140557.5,0.0,0.0,0.0,0.0,0.0,0.0,1.32,0.0625,0.026,0.395
data/kaggle/grading/Gajar/Small/Grade-1/199.jpg,Gajar,Small,Grade-1,test,569.28515625,254.59417724609375,120619.0,0.0,0.0,0.0,0.0,0.55,0.55,1.2,0.0825,0.07,0.421
data/kaggle/grading/Gajar/Large/Grade-3/38.jpg,Gajar,Large,Grade-3,test,633.5390625,361.0270080566406,167819.0,0.0,1.08,0.13,0.0,0.0,1.21,1.54,0.0717,0.0,0.392
data/kaggle/grading/Gajar/Small/Grade-2/129.jpg,Gajar,Small,Grade-2,test,588.02978515625,297.1336975097656,149161.5,0.0,0.0,0.0,0.0,0.0,0.0,0.99,0.0457,0.001,0.373
data/kaggle/grading/Kupro/Large/Grade-1/38.jpg,Kupro,Large,Grade-1,test,524.9390258789062,349.8367004394531,141035.5,0.0,0.0,0.0,0.0,3.32,3.32,0.53,0.0518,0.0,0.352
data/kaggle/grading/Kupro/Large/Grade-2/127.jpg,Kupro,Large,Grade-2,test,518.0894165039062,338.8902587890625,139300.5,0.0,0.0,0.0,0.0,0.0,0.0,0.89,0.0403,0.822,0.476
data/kaggle/grading/Gajar/Small/Grade-2/15.jpg,Gajar,Small,Grade-2,test,556.4232177734375,270.6250305175781,126236.5,0.0,0.0,0.0,0.0,0.0,0.0,1.33,0.0516,0.161,0.443
data/kaggle/grading/Kupro/Large/Grade-2/114.jpg,Kupro,Large,Grade-2,test,521.6638793945312,398.2298889160156,157912.0,0.0,0.0,0.0,0.0,0.47,0.47,0.13,0.0206,0.382,0.426
data/kaggle/grading/Kupro/Large/Grade-1/83.jpg,Kupro,Large,Grade-1,test,482.9906921386719,342.118408203125,129961.0,0.0,0.0,0.0,0.0,4.48,4.48,0.76,0.0217,0.0,0.371
data/kaggle/grading/Gajar/Small/Grade-3/170.jpg,Gajar,Small,Grade-3,test,603.7515869140625,259.0057373046875,130155.0,0.0,0.81,0.33,0.0,0.0,1.14,0.98,0.0386,0.0,0.398
data/kaggle/grading/Gajar/Medium/Grade-2/35.jpg,Gajar,Medium,Grade-2,test,572.7074584960938,277.6885681152344,134710.0,0.0,0.0,0.0,0.0,0.0,0.0,1.09,0.0569,0.255,0.432
data/kaggle/grading/Gajar/Small/Grade-3/16.jpg,Gajar,Small,Grade-3,test,557.8145141601562,245.6777801513672,115066.0,0.0,0.0,0.0,0.0,0.0,0.0,0.93,0.0774,0.259,0.373
data/kaggle/grading/Gajar/Large/Grade-2/23.jpg,Gajar,Large,Grade-2,test,600.1732177734375,281.27581787109375,142666.0,0.0,0.0,0.0,0.0,0.0,0.0,0.72,0.0624,0.196,0.45
data/kaggle/grading/Kupro/Large/Grade-2/228.jpg,Kupro,Large,Grade-2,test,519.5533447265625,359.8816833496094,146022.5,0.0,0.0,0.0,0.0,0.0,0.0,0.39,0.0428,2.007,0.418
data/kaggle/grading/Kupro/Large/Grade-3/40.jpg,Kupro,Large,Grade-3,test,476.42828369140625,350.4986572265625,136118.0,0.0,0.0,0.0,0.0,1.51,1.51,1.69,0.0516,0.076,0.389
data/kaggle/grading/Gajar/Large/Grade-1/148.jpg,Gajar,Large,Grade-1,test,615.9869995117188,294.4399108886719,154309.5,0.0,0.0,0.0,0.0,0.0,0.0,1.44,0.1198,0.017,0.418
data/kaggle/grading/Gajar/Small/Grade-2/87.jpg,Gajar,Small,Grade-2,test,599.557373046875,263.1378479003906,130465.0,0.0,0.17,0.0,0.0,0.0,0.17,1.66,0.0765,0.0,0.35
data/kaggle/grading/Kupro/Large/Grade-1/268.jpg,Kupro,Large,Grade-1,test,503.6178588867187,334.2110900878906,135430.5,0.0,0.0,0.0,0.0,0.0,0.0,1.38,0.0454,0.457,0.356
data/kaggle/grading/Gajar/Large/Grade-3/68.jpg,Gajar,Large,Grade-3,test,623.61083984375,313.7264709472656,159850.0,0.0,0.16,0.14,0.0,0.0,0.3,0.59,0.0671,0.0,0.359
data/kaggle/grading/Gajar/Large/Grade-2/22.jpg,Gajar,Large,Grade-2,test,641.3090209960938,285.8162536621094,142958.0,0.0,0.0,0.0,0.0,0.0,0.0,1.37,0.0919,0.055,0.418
data/kaggle/grading/Gajar/Medium/Grade-2/55.jpg,Gajar,Medium,Grade-2,test,603.316162109375,299.2214050292969,144667.0,0.0,0.3,0.21,0.0,0.0,0.51,0.45,0.0821,0.0,0.357
data/kaggle/grading/Gajar/Small/Grade-2/16.jpg,Gajar,Small,Grade-2,test,538.886962890625,250.2140960693359,118229.5,0.0,0.0,0.0,0.0,0.0,0.0,1.16,0.0399,0.021,0.45
data/kaggle/grading/Kupro/Large/Grade-2/199.jpg,Kupro,Large,Grade-2,test,476.99993896484375,330.99993896484375,119145.0,0.0,0.0,0.0,0.0,1.19,1.19,2.39,0.0743,0.333,0.386
data/kaggle/grading/Kupro/Large/Grade-2/294.jpg,Kupro,Large,Grade-2,test,459.9125061035156,363.72601318359375,129974.0,0.0,0.0,0.0,0.0,0.73,0.73,1.34,0.0528,0.033,0.333
data/kaggle/grading/Kupro/Large/Grade-1/59.jpg,Kupro,Large,Grade-1,test,500.4463806152344,341.0696716308594,137636.5,0.0,0.0,0.0,0.0,4.88,4.88,0.79,0.0618,0.004,0.37
data/kaggle/grading/Kupro/Large/Grade-1/158.jpg,Kupro,Large,Grade-1,test,538.782470703125,340.4129333496094,148302.5,0.0,0.0,0.0,0.0,1.45,1.45,1.47,0.0821,0.15,0.349
data/kaggle/grading/Gajar/Small/Grade-1/25.jpg,Gajar,Small,Grade-1,test,570.3713989257812,276.8594970703125,126793.0,0.0,0.0,0.06,0.0,0.0,0.06,1.88,0.1385,0.0,0.348
data/kaggle/grading/Gajar/Small/Grade-1/36.jpg,Gajar,Small,Grade-1,test,567.5549926757812,262.38983154296875,121253.5,0.0,0.0,0.0,0.0,0.0,0.0,1.25,0.0847,0.613,0.428
data/kaggle/grading/Gajar/Small/Grade-1/45.jpg,Gajar,Small,Grade-1,test,585.5427856445312,261.7751159667969,130542.0,0.0,0.0,0.0,0.0,0.0,0.0,0.83,0.1197,0.126,0.414
data/kaggle/grading/Gajar/Medium/Grade-3/71.jpg,Gajar,Medium,Grade-3,test,606.9010620117188,252.40408325195312,127397.5,0.0,0.49,0.54,0.0,0.0,1.03,0.72,0.0927,0.0,0.32
data/kaggle/grading/Gajar/Medium/Grade-1/187.jpg,Gajar,Medium,Grade-1,test,570.8028564453125,290.3334655761719,137331.0,0.0,0.0,0.0,0.0,0.0,0.0,1.27,0.0792,0.005,0.395
data/kaggle/grading/Kupro/Large/Grade-1/40.jpg,Kupro,Large,Grade-1,test,491.4392395019531,357.6546325683594,137070.0,0.0,0.0,0.0,0.0,0.0,0.0,0.42,0.0309,0.061,0.345
data/kaggle/grading/Gajar/Medium/Grade-3/61.jpg,Gajar,Medium,Grade-3,test,575.8015747070312,272.3726501464844,130039.0,0.0,0.29,0.34,0.0,0.0,0.63,0.76,0.0922,0.0,0.411
data/kaggle/grading/Kupro/Large/Grade-2/61.jpg,Kupro,Large,Grade-2,test,486.173583984375,356.3070068359375,135952.5,0.0,0.0,0.0,0.0,0.0,0.0,2.41,0.0294,0.803,0.429
data/kaggle/grading/Kupro/Large/Grade-1/81.jpg,Kupro,Large,Grade-1,test,503.5669250488281,353.68133544921875,139644.0,0.38,0.25,0.0,0.0,2.33,2.96,1.17,0.0446,0.004,0.412
data/kaggle/grading/Gajar/Small/Grade-1/6.jpg,Gajar,Small,Grade-1,test,577.8738403320312,271.2932434082031,131081.5,0.0,0.0,0.0,0.0,0.0,0.0,0.27,0.0635,0.26,0.438
data/kaggle/grading/Kupro/Large/Grade-1/115.jpg,Kupro,Large,Grade-1,test,526.0577392578125,362.4154968261719,152527.5,0.0,0.0,0.0,0.0,8.91,8.91,0.52,0.0837,0.0,0.321
data/kaggle/grading/Kupro/Large/Grade-2/309.jpg,Kupro,Large,Grade-2,test,455.735107421875,363.9333190917969,134220.5,0.0,0.0,0.0,0.0,0.0,0.0,0.8,0.0494,0.415,0.361
data/kaggle/grading/Gajar/Medium/Grade-1/177.jpg,Gajar,Medium,Grade-1,test,577.8951416015625,295.2079162597656,139784.0,0.0,0.2,0.04,0.0,0.0,0.24,0.54,0.0482,0.01,0.414
data/kaggle/grading/Kupro/Large/Grade-2/18.jpg,Kupro,Large,Grade-2,test,487.7791748046875,369.6414489746094,142637.0,0.0,0.0,0.0,0.0,5.29,5.29,1.54,0.0904,0.001,0.338
data/kaggle/grading/Kupro/Large/Grade-2/124.jpg,Kupro,Large,Grade-2,test,492.9768676757813,342.4996643066406,132053.0,0.0,0.0,0.0,0.0,0.84,0.84,0.78,0.0547,0.119,0.413
data/kaggle/grading/Kupro/Large/Grade-2/74.jpg,Kupro,Large,Grade-2,test,488.8896789550781,361.8039855957031,140694.5,0.0,0.0,0.0,0.0,1.2,1.2,1.04,0.0541,0.0,0.322
data/kaggle/grading/Kupro/Large/Grade-2/296.jpg,Kupro,Large,Grade-2,test,479.3366394042969,368.5437927246094,141374.5,0.0,0.0,0.0,0.0,6.62,6.62,1.19,0.0582,0.0,0.33
data/kaggle/grading/Gajar/Large/Grade-1/90.jpg,Gajar,Large,Grade-1,test,612.2697143554688,271.4902038574219,138372.5,0.0,0.0,0.0,0.0,0.0,0.0,1.82,0.0792,0.001,0.386
data/kaggle/grading/Kupro/Large/Grade-2/81.jpg,Kupro,Large,Grade-2,test,507.5935363769531,350.7095031738281,141963.5,0.0,0.0,0.0,0.0,0.53,0.53,1.14,0.0429,0.288,0.416
data/kaggle/grading/Kupro/Large/Grade-3/74.jpg,Kupro,Large,Grade-3,test,464.83880615234375,370.0311584472656,132494.0,0.0,0.0,0.04,0.0,0.0,0.04,1.95,0.0681,0.0,0.319
data/kaggle/grading/Gajar/Large/Grade-1/99.jpg,Gajar,Large,Grade-1,test,661.9231567382812,237.453369140625,138232.0,0.0,0.0,0.0,0.0,0.0,0.0,1.21,0.0638,0.004,0.419
data/kaggle/grading/Gajar/Large/Grade-1/156.jpg,Gajar,Large,Grade-1,test,620.3395385742188,273.005615234375,144466.0,0.0,0.0,0.0,0.0,0.0,0.0,0.76,0.0713,0.19,0.448
data/kaggle/grading/Gajar/Large/Grade-1/59.jpg,Gajar,Large,Grade-1,test,596.3169555664062,284.7403564453125,144101.0,0.0,0.0,0.0,0.0,0.0,0.0,0.55,0.1025,0.424,0.448
data/kaggle/grading/Gajar/Large/Grade-1/42.jpg,Gajar,Large,Grade-1,test,616.2115478515625,281.7166748046875,144951.5,0.0,0.0,0.0,0.0,0.0,0.0,0.69,0.1122,0.061,0.405
data/kaggle/grading/Gajar/Large/Grade-2/59.jpg,Gajar,Large,Grade-2,test,646.2344970703125,267.66143798828125,140056.5,0.0,0.0,0.0,0.0,0.0,0.0,0.67,0.0814,0.038,0.423
data/kaggle/grading/Kupro/Large/Grade-1/240.jpg,Kupro,Large,Grade-1,test,505.974609375,345.89923095703125,141055.5,0.0,0.0,0.0,0.0,1.17,1.17,1.12,0.0408,0.281,0.427
data/kaggle/grading/Kupro/Large/Grade-3/39.jpg,Kupro,Large,Grade-3,test,483.5704040527344,338.1757507324219,126405.0,0.0,0.0,0.04,0.0,1.51,1.55,2.03,0.0591,0.0,0.372
data/kaggle/grading/Kupro/Large/Grade-1/132.jpg,Kupro,Large,Grade-1,test,496.3839416503906,354.63568115234375,140793.0,0.0,0.0,0.0,0.0,0.0,0.0,0.9,0.0598,0.247,0.347
data/kaggle/grading/Gajar/Small/Grade-1/88.jpg,Gajar,Small,Grade-1,test,580.705322265625,291.27606201171875,142189.5,0.0,0.0,0.0,0.0,0.0,0.0,2.03,0.1136,0.001,0.368
data/kaggle/grading/Gajar/Large/Grade-3/45.jpg,Gajar,Large,Grade-3,test,594.7445678710938,295.37237548828125,147552.0,0.0,0.15,0.12,0.0,0.0,0.27,1.2,0.0801,0.004,0.383
data/kaggle/grading/Gajar/Medium/Grade-3/45.jpg,Gajar,Medium,Grade-3,test,582.5562133789062,247.41815185546875,118068.5,0.0,0.24,0.0,0.0,0.0,0.24,0.87,0.0692,0.0,0.373
data/kaggle/grading/Gajar/Medium/Grade-3/6.jpg,Gajar,Medium,Grade-3,test,559.238037109375,265.9429931640625,125550.0,1.29,0.34,0.13,0.0,0.0,1.76,0.39,0.0276,0.0,0.41
data/kaggle/grading/Kupro/Large/Grade-2/351.jpg,Kupro,Large,Grade-2,test,481.5411987304687,356.313720703125,134260.5,0.0,0.0,0.0,0.0,0.0,0.0,1.12,0.0532,0.514,0.368
data/kaggle/grading/Gajar/Small/Grade-3/20.jpg,Gajar,Small,Grade-3,test,526.666259765625,253.13156127929688,112126.0,0.0,0.21,0.09,0.0,0.0,0.3,1.24,0.066,0.031,0.444
data/kaggle/grading/Gajar/Small/Grade-3/190.jpg,Gajar,Small,Grade-3,test,559.4200439453125,273.39208984375,117901.5,0.0,0.0,0.13,0.0,0.0,0.13,1.39,0.0399,0.07,0.437
data/kaggle/grading/Gajar/Small/Grade-3/168.jpg,Gajar,Small,Grade-3,test,526.3695068359375,261.5455017089844,118353.5,0.0,0.0,0.18,0.0,0.0,0.18,0.65,0.017,0.0,0.43
data/kaggle/grading/Gajar/Small/Grade-1/80.jpg,Gajar,Small,Grade-1,test,580.7518920898438,286.8760681152344,134122.5,0.0,0.0,0.0,0.0,0.0,0.0,0.55,0.0877,0.054,0.403
data/kaggle/grading/Gajar/Large/Grade-1/25.jpg,Gajar,Large,Grade-1,test,649.0631713867188,261.47637939453125,140904.0,0.0,0.0,0.0,0.0,0.0,0.0,0.99,0.0803,0.013,0.394
data/kaggle/grading/Gajar/Small/Grade-1/22.jpg,Gajar,Small,Grade-1,test,567.4246826171875,253.7924346923828,121243.5,0.0,0.0,0.04,0.0,0.0,0.04,2.15,0.1165,0.099,0.43
data/kaggle/grading/Gajar/Medium/Grade-3/78.jpg,Gajar,Medium,Grade-3,test,590.497802734375,250.71441650390625,117672.5,1.38,0.93,0.71,0.0,0.0,3.02,1.6,0.0718,0.076,0.389
data/kaggle/grading/Gajar/Small/Grade-1/127.jpg,Gajar,Small,Grade-1,test,540.4668579101562,273.792236328125,125187.0,0.0,0.0,0.0,0.0,0.0,0.0,0.99,0.0991,0.024,0.391
data/kaggle/grading/Gajar/Large/Grade-2/51.jpg,Gajar,Large,Grade-2,test,629.8786010742188,284.6513671875,151049.0,0.0,0.15,0.37,0.0,0.0,0.52,1.12,0.0872,0.004,0.404
data/kaggle/grading/Kupro/Large/Grade-2/143.jpg,Kupro,Large,Grade-2,test,499.5267639160156,384.1633911132813,149612.0,0.0,0.0,0.0,0.0,3.02,3.02,0.91,0.0482,0.092,0.358
data/kaggle/grading/Kupro/Large/Grade-1/39.jpg,Kupro,Large,Grade-1,test,496.3988342285156,363.9074096679687,141553.5,0.0,0.0,0.22,0.0,6.61,6.83,1.46,0.0681,0.0,0.34
data/kaggle/grading/Kupro/Large/Grade-1/292.jpg,Kupro,Large,Grade-1,test,513.0,361.0,147296.5,0.0,0.0,0.0,0.0,0.0,0.0,0.65,0.0234,0.978,0.439
data/kaggle/grading/Kupro/Large/Grade-2/22.jpg,Kupro,Large,Grade-2,test,476.7050476074219,357.60491943359375,133690.5,0.0,0.0,0.0,0.0,0.0,0.0,1.41,0.0504,1.326,0.43
data/kaggle/grading/Gajar/Large/Grade-2/96.jpg,Gajar,Large,Grade-2,test,623.13671875,261.6202392578125,139350.0,0.0,0.0,0.0,0.0,0.0,0.0,1.16,0.0987,0.202,0.435
data/kaggle/grading/Gajar/Medium/Grade-1/34.jpg,Gajar,Medium,Grade-1,test,541.7025146484375,270.2552185058594,122252.5,0.0,0.0,0.0,0.0,0.0,0.0,1.25,0.0696,0.529,0.427
data/kaggle/grading/Kupro/Large/Grade-2/95.jpg,Kupro,Large,Grade-2,test,528.0,374.0,153836.5,0.0,0.0,0.0,0.0,1.6,1.6,0.8,0.05,0.035,0.393
data/kaggle/grading/Gajar/Large/Grade-3/95.jpg,Gajar,Large,Grade-3,test,648.8146362304688,303.9090270996094,160029.0,0.0,0.0,0.21,0.0,0.0,0.21,1.34,0.0868,0.002,0.399
data/kaggle/grading/Gajar/Large/Grade-2/108.jpg,Gajar,Large,Grade-2,test,678.3978271484375,276.19573974609375,151299.5,0.0,0.0,0.0,0.0,0.0,0.0,1.1,0.0771,0.269,0.447
data/kaggle/grading/Gajar/Small/Grade-2/101.jpg,Gajar,Small,Grade-2,test,543.6268920898438,253.34378051757812,115831.0,0.0,0.0,0.0,0.0,0.0,0.0,2.26,0.1014,0.0,0.353
data/kaggle/grading/Kupro/Large/Grade-2/232.jpg,Kupro,Large,Grade-2,test,475.572021484375,345.0489501953125,131071.0,0.0,0.0,0.0,0.0,0.0,0.0,1.09,0.0477,0.424,0.443
data/kaggle/grading/Kupro/Large/Grade-2/2.jpg,Kupro,Large,Grade-2,test,533.7748413085938,358.2250671386719,154042.0,0.0,0.0,0.0,0.0,3.87,3.87,0.52,0.0587,0.0,0.338
data/kaggle/grading/Gajar/Small/Grade-3/175.jpg,Gajar,Small,Grade-3,test,606.2980346679688,264.77685546875,128548.5,0.0,0.0,0.0,0.0,0.0,0.0,1.53,0.0256,0.011,0.418
data/kaggle/grading/Gajar/Large/Grade-3/104.jpg,Gajar,Large,Grade-3,test,638.650634765625,284.52105712890625,150584.5,0.0,0.0,0.0,0.0,0.0,0.0,0.54,0.0619,0.039,0.434
data/kaggle/grading/Kupro/Large/Grade-2/355.jpg,Kupro,Large,Grade-2,test,509.0,332.0,136016.0,0.0,0.0,0.0,0.0,2.72,2.72,0.92,0.0754,0.0,0.306
data/kaggle/grading/Kupro/Large/Grade-2/333.jpg,Kupro,Large,Grade-2,test,513.9140014648438,323.5291748046875,131351.5,0.2,0.0,0.0,0.0,0.0,0.2,3.54,0.0934,0.027,0.357
data/kaggle/grading/Gajar/Large/Grade-1/121.jpg,Gajar,Large,Grade-1,test,680.563720703125,280.58697509765625,163655.5,0.0,0.0,0.0,0.0,0.0,0.0,1.44,0.0703,0.0,0.363
data/kaggle/grading/Gajar/Small/Grade-1/133.jpg,Gajar,Small,Grade-1,test,542.6802978515625,249.4466094970703,113974.5,0.0,0.0,0.0,0.0,0.0,0.0,0.79,0.05,0.0,0.314
data/kaggle/grading/Gajar/Medium/Grade-1/80.jpg,Gajar,Medium,Grade-1,test,550.2600708007812,272.6820983886719,124012.5,0.0,0.0,0.0,0.0,0.0,0.0,0.66,0.0399,0.981,0.471
data/kaggle/grading/Kupro/Large/Grade-1/74.jpg,Kupro,Large,Grade-1,test,549.1425170898438,381.2381591796875,163169.5,0.0,0.0,0.0,0.0,8.12,8.12,0.61,0.0578,0.0,0.345
data/kaggle/grading/Gajar/Small/Grade-3/26.jpg,Gajar,Small,Grade-3,test,570.3626098632812,244.33444213867188,119483.0,0.24,0.0,0.0,0.0,0.0,0.24,1.37,0.0626,0.0,0.387
data/kaggle/grading/Gajar/Small/Grade-3/72.jpg,Gajar,Small,Grade-3,test,522.8455810546875,262.0111083984375,111610.5,0.0,0.0,0.36,0.0,0.0,0.36,1.29,0.0602,0.0,0.375
data/kaggle/grading/Gajar/Large/Grade-2/24.jpg,Gajar,Large,Grade-2,test,642.3680419921875,285.3466796875,145932.0,0.0,0.0,0.0,0.0,0.0,0.0,1.92,0.0619,0.002,0.401
data/kaggle/grading/Gajar/Large/Grade-1/134.jpg,Gajar,Large,Grade-1,test,633.7279052734375,297.0047302246094,153234.0,0.0,0.0,0.0,0.0,0.0,0.0,0.98,0.088,0.122,0.429
data/kaggle/grading/Kupro/Large/Grade-1/215.jpg,Kupro,Large,Grade-1,test,495.3564453125,369.9391479492187,145254.0,0.0,0.0,0.0,0.0,0.0,0.0,0.25,0.0381,0.065,0.369
data/kaggle/grading/Gajar/Small/Grade-1/103.jpg,Gajar,Small,Grade-1,test,512.4181518554688,236.35299682617188,102013.0,0.0,0.0,0.0,0.0,0.0,0.0,2.71,0.1344,0.003,0.393
data/kaggle/grading/Kupro/Large/Grade-2/253.jpg,Kupro,Large,Grade-2,test,491.0804138183594,333.06341552734375,129021.5,0.0,0.0,0.0,0.0,0.0,0.0,0.91,0.0593,0.0,0.335
data/kaggle/grading/Kupro/Large/Grade-2/9.jpg,Kupro,Large,Grade-2,test,488.133056640625,360.6575622558594,141331.0,0.0,0.0,0.0,0.0,0.58,0.58,1.29,0.0741,0.018,0.365
data/kaggle/grading/Gajar/Medium/Grade-1/121.jpg,Gajar,Medium,Grade-1,test,548.8355102539062,290.4976806640625,130623.5,0.0,0.0,0.0,0.0,0.0,0.0,0.09,0.0336,0.35,0.416
data/kaggle/grading/Gajar/Small/Grade-1/128.jpg,Gajar,Small,Grade-1,test,558.9998779296875,256.99993896484375,120662.0,0.0,0.0,0.0,0.0,0.0,0.0,0.69,0.1073,0.374,0.41
data/kaggle/grading/Gajar/Small/Grade-2/4.jpg,Gajar,Small,Grade-2,test,535.5757446289062,252.46583557128903,110711.0,0.31,0.0,0.0,0.0,0.0,0.31,0.57,0.0537,0.001,0.411
data/kaggle/grading/Gajar/Large/Grade-1/166.jpg,Gajar,Large,Grade-1,test,620.7335205078125,280.75018310546875,144701.0,0.0,0.0,0.0,0.0,0.0,0.0,1.06,0.1088,0.0,0.368
data/kaggle/grading/Gajar/Small/Grade-1/171.jpg,Gajar,Small,Grade-1,test,536.9998779296875,271.99993896484375,115384.0,0.0,0.0,0.0,0.0,0.0,0.0,0.44,0.0286,0.541,0.483
data/kaggle/grading/Kupro/Large/Grade-2/269.jpg,Kupro,Large,Grade-2,test,535.5482177734375,354.2550354003906,144058.0,0.0,0.0,0.0,0.0,0.68,0.68,0.83,0.0429,0.01,0.415
data/kaggle/grading/Gajar/Medium/Grade-1/133.jpg,Gajar,Medium,Grade-1,test,583.5081176757812,266.3681640625,127507.5,0.0,0.0,0.0,0.0,0.0,0.0,0.8,0.0507,0.21,0.439
data/kaggle/grading/Gajar/Medium/Grade-1/33.jpg,Gajar,Medium,Grade-1,test,541.1631469726562,283.21368408203125,124758.5,0.0,0.0,0.0,0.0,0.95,0.95,1.04,0.0784,0.004,0.381
data/kaggle/grading/Gajar/Medium/Grade-1/124.jpg,Gajar,Medium,Grade-1,test,590.1592407226562,249.31655883789065,121171.0,0.0,0.0,0.0,0.0,0.0,0.0,1.59,0.0502,0.149,0.392
data/kaggle/grading/Kupro/Large/Grade-2/193.jpg,Kupro,Large,Grade-2,test,477.0,362.0,134924.5,0.0,0.0,0.0,0.0,0.0,0.0,0.32,0.0567,1.616,0.423
data/kaggle/grading/Gajar/Small/Grade-1/19.jpg,Gajar,Small,Grade-1,test,581.0800170898438,255.8927459716797,124794.0,0.0,0.0,0.0,0.0,0.0,0.0,1.07,0.0866,0.448,0.431
data/kaggle/grading/Kupro/Large/Grade-1/49.jpg,Kupro,Large,Grade-1,test,513.1228637695312,336.2644348144531,134752.0,0.0,0.0,0.0,0.0,0.0,0.0,0.68,0.0412,0.788,0.395
data/kaggle/grading/Gajar/Medium/Grade-1/108.jpg,Gajar,Medium,Grade-1,test,548.7837524414062,263.4530944824219,124005.5,0.0,0.0,0.0,0.0,0.0,0.0,0.71,0.0794,0.031,0.403
data/kaggle/grading/Gajar/Small/Grade-3/60.jpg,Gajar,Small,Grade-3,test,571.6630249023438,257.6968078613281,123240.5,0.0,0.33,0.06,0.0,0.0,0.39,0.84,0.0817,0.001,0.426
data/kaggle/grading/Kupro/Large/Grade-2/304.jpg,Kupro,Large,Grade-2,test,520.7518310546875,366.6585083007813,152914.0,0.0,0.0,0.0,0.0,0.0,0.0,0.54,0.0359,0.685,0.417
data/kaggle/grading/Gajar/Small/Grade-3/129.jpg,Gajar,Small,Grade-3,test,564.3206787109375,263.4744567871094,118476.0,0.23,1.42,0.12,0.0,0.0,1.77,1.1,0.061,0.0,0.409
data/kaggle/grading/Gajar/Small/Grade-3/68.jpg,Gajar,Small,Grade-3,test,558.0315551757812,260.5498046875,115443.0,0.58,0.0,0.09,0.0,0.0,0.67,1.23,0.0709,0.002,0.373
data/kaggle/grading/Gajar/Small/Grade-3/102.jpg,Gajar,Small,Grade-3,test,565.8036499023438,255.2897186279297,116187.5,1.14,0.8,0.05,0.0,0.0,1.99,1.67,0.0577,0.012,0.426
data/kaggle/grading/Kupro/Large/Grade-2/213.jpg,Kupro,Large,Grade-2,test,480.2016296386719,331.4673156738281,124686.5,0.0,0.0,0.0,0.0,1.24,1.24,0.62,0.0543,0.0,0.34
data/kaggle/grading/Gajar/Small/Grade-3/18.jpg,Gajar,Small,Grade-3,test,526.3499145507812,235.71676635742188,104915.0,0.0,0.0,0.31,0.0,0.0,0.31,1.75,0.065,0.004,0.44
data/kaggle/grading/Gajar/Small/Grade-1/24.jpg,Gajar,Small,Grade-1,test,563.6222534179688,261.9291076660156,124811.0,0.0,0.0,0.04,0.0,0.0,0.04,1.76,0.0867,0.0,0.36
data/kaggle/grading/Kupro/Large/Grade-1/16.jpg,Kupro,Large,Grade-1,test,502.3320007324219,354.568603515625,139887.0,0.0,0.0,0.0,0.0,0.54,0.54,0.63,0.0378,0.011,0.414
data/kaggle/grading/Gajar/Large/Grade-2/32.jpg,Gajar,Large,Grade-2,test,645.7140502929688,266.7589111328125,143298.5,0.0,0.0,0.08,0.0,0.0,0.08,1.72,0.1222,0.035,0.369
data/kaggle/grading/Gajar/Medium/Grade-2/4.jpg,Gajar,Medium,Grade-2,test,590.7752075195312,287.615478515625,133635.0,0.0,0.0,0.0,0.0,0.0,0.0,0.96,0.0629,0.0,0.386
data/kaggle/grading/Gajar/Small/Grade-2/66.jpg,Gajar,Small,Grade-2,test,546.7731323242188,297.1947021484375,134620.5,0.0,0.0,0.0,0.0,0.0,0.0,0.0,0.0518,0.06,0.424
data/kaggle/grading/Gajar/Medium/Grade-1/148.jpg,Gajar,Medium,Grade-1,test,570.2099609375,271.8619079589844,124199.5,0.0,0.0,0.0,0.0,0.78,0.78,0.78,0.0907,0.049,0.381
data/kaggle/grading/Kupro/Large/Grade-2/138.jpg,Kupro,Large,Grade-2,test,467.72210693359375,315.37908935546875,115487.5,0.0,0.0,0.0,0.0,0.0,0.0,1.46,0.0677,0.243,0.389
data/kaggle/grading/Kupro/Large/Grade-2/30.jpg,Kupro,Large,Grade-2,test,501.177490234375,345.7432861328125,137905.0,0.0,0.0,0.0,0.0,3.97,3.97,1.41,0.0211,0.0,0.358
data/kaggle/grading/Gajar/Large/Grade-1/88.jpg,Gajar,Large,Grade-1,test,615.2904663085938,273.6868591308594,138960.0,0.0,0.0,0.0,0.0,0.0,0.0,0.76,0.0736,0.0,0.362
data/kaggle/grading/Gajar/Medium/Grade-1/85.jpg,Gajar,Medium,Grade-1,test,526.9315185546875,264.2418212890625,112534.0,0.0,0.0,0.0,0.0,0.0,0.0,0.65,0.0505,0.005,0.385
data/kaggle/grading/Kupro/Large/Grade-1/87.jpg,Kupro,Large,Grade-1,test,481.0,341.0,128223.0,0.0,0.0,0.0,0.0,1.46,1.46,0.92,0.0288,0.205,0.429
data/kaggle/grading/Kupro/Large/Grade-1/159.jpg,Kupro,Large,Grade-1,test,539.0,347.0,150738.5,0.0,0.0,0.0,0.0,1.61,1.61,1.29,0.0769,0.142,0.344
data/kaggle/grading/Gajar/Medium/Grade-3/42.jpg,Gajar,Medium,Grade-3,test,560.0,275.0,124628.0,0.0,0.0,0.0,0.0,0.0,0.0,0.4,0.0427,0.006,0.413
data/kaggle/grading/Kupro/Large/Grade-2/78.jpg,Kupro,Large,Grade-2,test,518.2655029296875,335.81146240234375,137272.5,0.0,0.0,0.0,0.0,0.0,0.0,0.62,0.0322,0.081,0.409
data/kaggle/grading/Gajar/Large/Grade-1/97.jpg,Gajar,Large,Grade-1,test,628.763916015625,288.6602478027344,152372.0,0.0,0.0,0.0,0.0,0.0,0.0,1.16,0.0762,0.138,0.451
data/kaggle/grading/Gajar/Medium/Grade-3/8.jpg,Gajar,Medium,Grade-3,test,533.0167846679688,237.5393524169922,108499.5,0.78,0.45,0.09,0.0,0.0,1.32,1.46,0.0533,0.0,0.354
data/kaggle/grading/Gajar/Small/Grade-1/166.jpg,Gajar,Small,Grade-1,test,545.7218627929688,289.95635986328125,130466.0,0.0,0.0,0.0,0.0,0.0,0.0,0.6,0.033,0.005,0.392
data/kaggle/grading/Gajar/Small/Grade-2/134.jpg,Gajar,Small,Grade-2,test,572.3646240234375,265.5760803222656,123032.0,0.0,0.0,0.0,0.0,0.0,0.0,1.48,0.0398,0.022,0.437
data/kaggle/grading/Gajar/Small/Grade-3/38.jpg,Gajar,Small,Grade-3,test,546.1710205078125,269.8576965332031,123369.5,0.0,0.0,0.22,0.0,0.0,0.22,0.3,0.0275,0.015,0.42
data/kaggle/grading/Kupro/Large/Grade-2/49.jpg,Kupro,Large,Grade-2,test,483.4522399902344,343.705810546875,131920.0,0.0,0.0,0.0,0.0,0.56,0.56,2.66,0.074,0.133,0.376
data/kaggle/grading/Gajar/Medium/Grade-3/63.jpg,Gajar,Medium,Grade-3,test,542.1279907226562,276.76776123046875,123892.5,0.34,0.75,0.87,0.0,0.0,1.96,0.11,0.0531,0.0,0.457
data/kaggle/grading/Gajar/Large/Grade-1/63.jpg,Gajar,Large,Grade-1,test,644.259521484375,303.7577209472656,167985.0,0.0,0.0,0.0,0.0,0.0,0.0,1.16,0.1031,0.024,0.437
data/kaggle/grading/Kupro/Large/Grade-3/59.jpg,Kupro,Large,Grade-3,test,505.3536376953125,340.82659912109375,136138.5,0.0,0.22,0.05,0.0,0.45,0.72,3.95,0.09,0.008,0.366
data/kaggle/grading/Gajar/Medium/Grade-2/14.jpg,Gajar,Medium,Grade-2,test,592.258544921875,293.0840148925781,140162.0,0.0,0.0,0.06,0.0,0.0,0.06,1.23,0.0591,0.0,0.386
data/kaggle/grading/Gajar/Medium/Grade-2/56.jpg,Gajar,Medium,Grade-2,test,592.201904296875,315.3105773925781,149938.0,0.0,0.0,0.0,0.0,0.0,0.0,0.73,0.0444,0.009,0.412
data/kaggle/grading/Gajar/Small/Grade-2/99.jpg,Gajar,Small,Grade-2,test,533.3419189453125,255.97805786132812,113931.0,0.0,0.0,0.0,0.0,0.0,0.0,1.3,0.0704,0.0,0.37
data/kaggle/grading/Gajar/Large/Grade-3/8.jpg,Gajar,Large,Grade-3,test,641.8199462890625,269.43719482421875,148040.0,0.0,0.31,0.1,0.0,0.0,0.41,1.14,0.1107,0.0,0.412
data/kaggle/grading/Gajar/Large/Grade-2/18.jpg,Gajar,Large,Grade-2,test,677.9113159179688,295.42083740234375,164140.5,0.0,0.0,0.0,0.0,0.0,0.0,0.45,0.0762,0.0,0.378
data/kaggle/grading/Gajar/Small/Grade-2/94.jpg,Gajar,Small,Grade-2,test,599.336181640625,248.0352783203125,121561.0,0.0,0.0,0.0,0.0,0.0,0.0,0.85,0.0553,0.125,0.426
data/kaggle/grading/Gajar/Small/Grade-1/120.jpg,Gajar,Small,Grade-1,test,547.5179443359375,259.1580505371094,120268.5,0.0,0.0,0.0,0.0,0.0,0.0,2.41,0.0826,0.003,0.411
data/kaggle/grading/Gajar/Large/Grade-1/108.jpg,Gajar,Large,Grade-1,test,599.1124877929688,295.9233703613281,147583.5,0.0,0.0,0.0,0.0,0.0,0.0,0.16,0.0636,0.35,0.431
data/kaggle/grading/Gajar/Small/Grade-2/114.jpg,Gajar,Small,Grade-2,test,565.0,246.0,116735.0,0.0,0.0,0.0,0.0,0.0,0.0,2.14,0.0682,0.0,0.349
data/kaggle/grading/Kupro/Large/Grade-1/287.jpg,Kupro,Large,Grade-1,test,486.11767578125,361.4710693359375,139267.0,0.0,0.0,0.0,0.0,0.5,0.5,0.63,0.0342,0.632,0.396
data/kaggle/grading/Gajar/Small/Grade-2/69.jpg,Gajar,Small,Grade-2,test,597.19775390625,249.34971618652344,120888.0,0.0,0.0,0.0,0.0,0.0,0.0,1.52,0.0737,0.038,0.368
data/kaggle/grading/Gajar/Large/Grade-3/49.jpg,Gajar,Large,Grade-3,test,653.8021850585938,282.0595397949219,154612.0,0.34,0.43,0.09,0.0,0.0,0.86,2.14,0.0897,0.0,0.391
data/kaggle/grading/Gajar/Small/Grade-3/185.jpg,Gajar,Small,Grade-3,test,538.9244384765625,232.5114898681641,107623.0,0.41,2.23,0.3,0.0,0.0,2.94,1.24,0.0444,0.0,0.389
data/kaggle/grading/Gajar/Large/Grade-3/76.jpg,Gajar,Large,Grade-3,test,636.5787963867188,309.4105224609375,152332.0,0.0,0.0,0.1,0.0,0.0,0.1,1.1,0.0601,0.0,0.419
data/kaggle/grading/Kupro/Large/Grade-1/157.jpg,Kupro,Large,Grade-1,test,456.1513977050781,334.1015625,118491.5,0.0,0.0,0.0,0.0,3.47,3.47,0.7,0.0521,0.0,0.371
data/kaggle/grading/Gajar/Small/Grade-3/92.jpg,Gajar,Small,Grade-3,test,537.3148193359375,275.22845458984375,124350.5,0.0,0.0,0.17,0.0,0.0,0.17,1.41,0.0526,0.011,0.428
data/kaggle/grading/Gajar/Large/Grade-3/9.jpg,Gajar,Large,Grade-3,test,620.3106079101562,302.91314697265625,148955.0,0.0,0.0,0.0,0.0,0.0,0.0,0.96,0.0559,0.039,0.425
data/kaggle/grading/Kupro/Large/Grade-2/133.jpg,Kupro,Large,Grade-2,test,494.0,357.0,138498.0,0.0,0.0,0.0,0.0,0.75,0.75,1.87,0.0723,0.031,0.4
data/kaggle/grading/Kupro/Large/Grade-2/73.jpg,Kupro,Large,Grade-2,test,480.8326110839844,367.6955261230469,137985.0,0.0,0.0,0.0,0.0,0.0,0.0,1.68,0.0674,0.132,0.381
data/kaggle/grading/Gajar/Large/Grade-2/31.jpg,Gajar,Large,Grade-2,test,577.6152954101562,284.7147216796875,129965.5,0.0,0.0,0.0,0.0,0.0,0.0,1.05,0.0542,0.026,0.38
data/kaggle/grading/Kupro/Large/Grade-2/34.jpg,Kupro,Large,Grade-2,test,483.8401489257813,340.6411437988281,130657.5,0.0,0.0,0.0,0.0,2.9,2.9,0.86,0.0306,0.013,0.349
data/kaggle/grading/Gajar/Small/Grade-3/145.jpg,Gajar,Small,Grade-3,test,572.08251953125,245.95916748046875,111757.0,0.0,0.17,0.0,0.0,0.0,0.17,0.9,0.0255,0.0,0.402
