path,label,source,split,stem,out
/Users/ayush/Downloads/date-fruit-quality-ml/data/raw/Muraaya-1.HEIC,Al-muraaya,zenodo,train,Muraaya-1,/Users/ayush/Downloads/date-fruit-quality-ml/data/processed/train/Al-muraaya/zenodo__Muraaya-1.jpg
/Users/ayush/Downloads/date-fruit-quality-ml/data/raw/Muraaya-10.HEIC,Al-muraaya,zenodo,train,Muraaya-10,/Users/ayush/Downloads/date-fruit-quality-ml/data/processed/train/Al-muraaya/zenodo__Muraaya-10.jpg
/Users/ayush/Downloads/date-fruit-quality-ml/data/raw/Muraaya-11.HEIC,Al-muraaya,zenodo,train,Muraaya-11,/Users/ayush/Downloads/date-fruit-quality-ml/data/processed/train/Al-muraaya/zenodo__Muraaya-11.jpg
/Users/ayush/Downloads/date-fruit-quality-ml/data/raw/Muraaya-12.HEIC,Al-muraaya,zenodo,train,Muraaya-12,/Users/ayush/Downloads/date-fruit-quality-ml/data/processed/train/Al-muraaya/zenodo__Muraaya-12.jpg
/Users/ayush/Downloads/date-fruit-quality-ml/data/raw/Muraaya-13.HEIC,Al-muraaya,zenodo,train,Muraaya-13,/Users/ayush/Downloads/date-fruit-quality-ml/data/processed/train/Al-muraaya/zenodo__Muraaya-13.jpg
/Users/ayush/Downloads/date-fruit-quality-ml/data/raw/Muraaya-14.HEIC,Al-muraaya,zenodo,train,Muraaya-14,/Users/ayush/Downloads/date-fruit-quality-ml/data/processed/train/Al-muraaya/zenodo__Muraaya-14.jpg
/Users/ayush/Downloads/date-fruit-quality-ml/data/raw/Muraaya-15.HEIC,Al-muraaya,zenodo,train,Muraaya-15,/Users/ayush/Downloads/date-fruit-quality-ml/data/processed/train/Al-muraaya/zenodo__Muraaya-15.jpg
/Users/ayush/Downloads/date-fruit-quality-ml/data/raw/Muraaya-16.HEIC,Al-muraaya,zenodo,train,Muraaya-16,/Users/ayush/Downloads/date-fruit-quality-ml/data/processed/train/Al-muraaya/zenodo__Muraaya-16.jpg
/Users/ayush/Downloads/date-fruit-quality-ml/data/raw/Muraaya-17.HEIC,Al-muraaya,zenodo,train,Muraaya-17,/Users/ayush/Downloads/date-fruit-quality-ml/data/processed/train/Al-muraaya/zenodo__Muraaya-17.jpg
/Users/ayush/Downloads/date-fruit-quality-ml/data/raw/Muraaya-18.HEIC,Al-muraaya,zenodo,train,Muraaya-18,/Users/ayush/Downloads/date-fruit-quality-ml/data/processed/train/Al-muraaya/zenodo__Muraaya-18.jpg
/Users/ayush/Downloads/date-fruit-quality-ml/data/raw/Muraaya-19.HEIC,Al-muraaya,zenodo,train,Muraaya-19,/Users/ayush/Downloads/date-fruit-quality-ml/data/processed/train/Al-muraaya/zenodo__Muraaya-19.jpg
/Users/ayush/Downloads/date-fruit-quality-ml/data/raw/Muraaya-2.HEIC,Al-muraaya,zenodo,test,Muraaya-2,/Users/ayush/Downloads/date-fruit-quality-ml/data/processed/test/Al-muraaya/zenodo__Muraaya-2.jpg
/Users/ayush/Downloads/date-fruit-quality-ml/data/raw/Muraaya-20.HEIC,Al-muraaya,zenodo,val,Muraaya-20,/Users/ayush/Downloads/date-fruit-quality-ml/data/processed/val/Al-muraaya/zenodo__Muraaya-20.jpg
/Users/ayush/Downloads/date-fruit-quality-ml/data/raw/Muraaya-21.HEIC,Al-muraaya,zenodo,train,Muraaya-21,/Users/ayush/Downloads/date-fruit-quality-ml/data/processed/train/Al-muraaya/zenodo__Muraaya-21.jpg
/Users/ayush/Downloads/date-fruit-quality-ml/data/raw/Muraaya-22.HEIC,Al-muraaya,zenodo,train,Muraaya-22,/Users/ayush/Downloads/date-fruit-quality-ml/data/processed/train/Al-muraaya/zenodo__Muraaya-22.jpg
/Users/ayush/Downloads/date-fruit-quality-ml/data/raw/Muraaya-23.HEIC,Al-muraaya,zenodo,train,Muraaya-23,/Users/ayush/Downloads/date-fruit-quality-ml/data/processed/train/Al-muraaya/zenodo__Muraaya-23.jpg
/Users/ayush/Downloads/date-fruit-quality-ml/data/raw/Muraaya-24.HEIC,Al-muraaya,zenodo,train,Muraaya-24,/Users/ayush/Downloads/date-fruit-quality-ml/data/processed/train/Al-muraaya/zenodo__Muraaya-24.jpg
/Users/ayush/Downloads/date-fruit-quality-ml/data/raw/Muraaya-25.HEIC,Al-muraaya,zenodo,test,Muraaya-25,/Users/ayush/Downloads/date-fruit-quality-ml/data/processed/test/Al-muraaya/zenodo__Muraaya-25.jpg
/Users/ayush/Downloads/date-fruit-quality-ml/data/raw/Muraaya-26.HEIC,Al-muraaya,zenodo,train,Muraaya-26,/Users/ayush/Downloads/date-fruit-quality-ml/data/processed/train/Al-muraaya/zenodo__Muraaya-26.jpg
/Users/ayush/Downloads/date-fruit-quality-ml/data/raw/Muraaya-27.HEIC,Al-muraaya,zenodo,train,Muraaya-27,/Users/ayush/Downloads/date-fruit-quality-ml/data/processed/train/Al-muraaya/zenodo__Muraaya-27.jpg
/Users/ayush/Downloads/date-fruit-quality-ml/data/raw/Muraaya-28.HEIC,Al-muraaya,zenodo,train,Muraaya-28,/Users/ayush/Downloads/date-fruit-quality-ml/data/processed/train/Al-muraaya/zenodo__Muraaya-28.jpg
/Users/ayush/Downloads/date-fruit-quality-ml/data/raw/Muraaya-29.HEIC,Al-muraaya,zenodo,train,Muraaya-29,/Users/ayush/Downloads/date-fruit-quality-ml/data/processed/train/Al-muraaya/zenodo__Muraaya-29.jpg
/Users/ayush/Downloads/date-fruit-quality-ml/data/raw/Muraaya-3.HEIC,Al-muraaya,zenodo,val,Muraaya-3,/Users/ayush/Downloads/date-fruit-quality-ml/data/processed/val/Al-muraaya/zenodo__Muraaya-3.jpg
/Users/ayush/Downloads/date-fruit-quality-ml/data/raw/Muraaya-30.HEIC,Al-muraaya,zenodo,test,Muraaya-30,/Users/ayush/Downloads/date-fruit-quality-ml/data/processed/test/Al-muraaya/zenodo__Muraaya-30.jpg
/Users/ayush/Downloads/date-fruit-quality-ml/data/raw/Muraaya-31.HEIC,Al-muraaya,zenodo,val,Muraaya-31,/Users/ayush/Downloads/date-fruit-quality-ml/data/processed/val/Al-muraaya/zenodo__Muraaya-31.jpg
/Users/ayush/Downloads/date-fruit-quality-ml/data/raw/Muraaya-32.HEIC,Al-muraaya,zenodo,train,Muraaya-32,/Users/ayush/Downloads/date-fruit-quality-ml/data/processed/train/Al-muraaya/zenodo__Muraaya-32.jpg
/Users/ayush/Downloads/date-fruit-quality-ml/data/raw/Muraaya-33.HEIC,Al-muraaya,zenodo,train,Muraaya-33,/Users/ayush/Downloads/date-fruit-quality-ml/data/processed/train/Al-muraaya/zenodo__Muraaya-33.jpg
/Users/ayush/Downloads/date-fruit-quality-ml/data/raw/Muraaya-34.HEIC,Al-muraaya,zenodo,train,Muraaya-34,/Users/ayush/Downloads/date-fruit-quality-ml/data/processed/train/Al-muraaya/zenodo__Muraaya-34.jpg
/Users/ayush/Downloads/date-fruit-quality-ml/data/raw/Muraaya-35.HEIC,Al-muraaya,zenodo,train,Muraaya-35,/Users/ayush/Downloads/date-fruit-quality-ml/data/processed/train/Al-muraaya/zenodo__Muraaya-35.jpg
/Users/ayush/Downloads/date-fruit-quality-ml/data/raw/Muraaya-36.HEIC,Al-muraaya,zenodo,train,Muraaya-36,/Users/ayush/Downloads/date-fruit-quality-ml/data/processed/train/Al-muraaya/zenodo__Muraaya-36.jpg
/Users/ayush/Downloads/date-fruit-quality-ml/data/raw/Muraaya-37.HEIC,Al-muraaya,zenodo,train,Muraaya-37,/Users/ayush/Downloads/date-fruit-quality-ml/data/processed/train/Al-muraaya/zenodo__Muraaya-37.jpg
/Users/ayush/Downloads/date-fruit-quality-ml/data/raw/Muraaya-38.HEIC,Al-muraaya,zenodo,test,Muraaya-38,/Users/ayush/Downloads/date-fruit-quality-ml/data/processed/test/Al-muraaya/zenodo__Muraaya-38.jpg
/Users/ayush/Downloads/date-fruit-quality-ml/data/raw/Muraaya-39.HEIC,Al-muraaya,zenodo,train,Muraaya-39,/Users/ayush/Downloads/date-fruit-quality-ml/data/processed/train/Al-muraaya/zenodo__Muraaya-39.jpg
/Users/ayush/Downloads/date-fruit-quality-ml/data/raw/Muraaya-4.HEIC,Al-muraaya,zenodo,train,Muraaya-4,/Users/ayush/Downloads/date-fruit-quality-ml/data/processed/train/Al-muraaya/zenodo__Muraaya-4.jpg
/Users/ayush/Downloads/date-fruit-quality-ml/data/raw/Muraaya-40.HEIC,Al-muraaya,zenodo,val,Muraaya-40,/Users/ayush/Downloads/date-fruit-quality-ml/data/processed/val/Al-muraaya/zenodo__Muraaya-40.jpg
/Users/ayush/Downloads/date-fruit-quality-ml/data/raw/Muraaya-41.HEIC,Al-muraaya,zenodo,test,Muraaya-41,/Users/ayush/Downloads/date-fruit-quality-ml/data/processed/test/Al-muraaya/zenodo__Muraaya-41.jpg
/Users/ayush/Downloads/date-fruit-quality-ml/data/raw/Muraaya-42.HEIC,Al-muraaya,zenodo,val,Muraaya-42,/Users/ayush/Downloads/date-fruit-quality-ml/data/processed/val/Al-muraaya/zenodo__Muraaya-42.jpg
/Users/ayush/Downloads/date-fruit-quality-ml/data/raw/Muraaya-43.HEIC,Al-muraaya,zenodo,train,Muraaya-43,/Users/ayush/Downloads/date-fruit-quality-ml/data/processed/train/Al-muraaya/zenodo__Muraaya-43.jpg
/Users/ayush/Downloads/date-fruit-quality-ml/data/raw/Muraaya-44.HEIC,Al-muraaya,zenodo,val,Muraaya-44,/Users/ayush/Downloads/date-fruit-quality-ml/data/processed/val/Al-muraaya/zenodo__Muraaya-44.jpg
/Users/ayush/Downloads/date-fruit-quality-ml/data/raw/Muraaya-45.HEIC,Al-muraaya,zenodo,train,Muraaya-45,/Users/ayush/Downloads/date-fruit-quality-ml/data/processed/train/Al-muraaya/zenodo__Muraaya-45.jpg
/Users/ayush/Downloads/date-fruit-quality-ml/data/raw/Muraaya-46.HEIC,Al-muraaya,zenodo,train,Muraaya-46,/Users/ayush/Downloads/date-fruit-quality-ml/data/processed/train/Al-muraaya/zenodo__Muraaya-46.jpg
/Users/ayush/Downloads/date-fruit-quality-ml/data/raw/Muraaya-47.HEIC,Al-muraaya,zenodo,test,Muraaya-47,/Users/ayush/Downloads/date-fruit-quality-ml/data/processed/test/Al-muraaya/zenodo__Muraaya-47.jpg
/Users/ayush/Downloads/date-fruit-quality-ml/data/raw/Muraaya-48.HEIC,Al-muraaya,zenodo,train,Muraaya-48,/Users/ayush/Downloads/date-fruit-quality-ml/data/processed/train/Al-muraaya/zenodo__Muraaya-48.jpg
/Users/ayush/Downloads/date-fruit-quality-ml/data/raw/Muraaya-49.HEIC,Al-muraaya,zenodo,test,Muraaya-49,/Users/ayush/Downloads/date-fruit-quality-ml/data/processed/test/Al-muraaya/zenodo__Muraaya-49.jpg
/Users/ayush/Downloads/date-fruit-quality-ml/data/raw/Muraaya-5.HEIC,Al-muraaya,zenodo,train,Muraaya-5,/Users/ayush/Downloads/date-fruit-quality-ml/data/processed/train/Al-muraaya/zenodo__Muraaya-5.jpg
/Users/ayush/Downloads/date-fruit-quality-ml/data/raw/Muraaya-50.HEIC,Al-muraaya,zenodo,train,Muraaya-50,/Users/ayush/Downloads/date-fruit-quality-ml/data/processed/train/Al-muraaya/zenodo__Muraaya-50.jpg
/Users/ayush/Downloads/date-fruit-quality-ml/data/raw/Muraaya-6.HEIC,Al-muraaya,zenodo,train,Muraaya-6,/Users/ayush/Downloads/date-fruit-quality-ml/data/processed/train/Al-muraaya/zenodo__Muraaya-6.jpg
/Users/ayush/Downloads/date-fruit-quality-ml/data/raw/Muraaya-7.HEIC,Al-muraaya,zenodo,train,Muraaya-7,/Users/ayush/Downloads/date-fruit-quality-ml/data/processed/train/Al-muraaya/zenodo__Muraaya-7.jpg
/Users/ayush/Downloads/date-fruit-quality-ml/data/raw/Muraaya-8.HEIC,Al-muraaya,zenodo,test,Muraaya-8,/Users/ayush/Downloads/date-fruit-quality-ml/data/processed/test/Al-muraaya/zenodo__Muraaya-8.jpg
/Users/ayush/Downloads/date-fruit-quality-ml/data/raw/Muraaya-9.HEIC,Al-muraaya,zenodo,val,Muraaya-9,/Users/ayush/Downloads/date-fruit-quality-ml/data/processed/val/Al-muraaya/zenodo__Muraaya-9.jpg
/Users/ayush/Downloads/date-fruit-quality-ml/data/raw/NbotAli-1.JPG,NbotAli,zenodo,test,NbotAli-1,/Users/ayush/Downloads/date-fruit-quality-ml/data/processed/test/NbotAli/zenodo__NbotAli-1.jpg
/Users/ayush/Downloads/date-fruit-quality-ml/data/raw/NbotAli-10.JPG,NbotAli,zenodo,train,NbotAli-10,/Users/ayush/Downloads/date-fruit-quality-ml/data/processed/train/NbotAli/zenodo__NbotAli-10.jpg
/Users/ayush/Downloads/date-fruit-quality-ml/data/raw/NbotAli-11.JPG,NbotAli,zenodo,val,NbotAli-11,/Users/ayush/Downloads/date-fruit-quality-ml/data/processed/val/NbotAli/zenodo__NbotAli-11.jpg
/Users/ayush/Downloads/date-fruit-quality-ml/data/raw/NbotAli-12.JPG,NbotAli,zenodo,train,NbotAli-12,/Users/ayush/Downloads/date-fruit-quality-ml/data/processed/train/NbotAli/zenodo__NbotAli-12.jpg
/Users/ayush/Downloads/date-fruit-quality-ml/data/raw/NbotAli-13.JPG,NbotAli,zenodo,train,NbotAli-13,/Users/ayush/Downloads/date-fruit-quality-ml/data/processed/train/NbotAli/zenodo__NbotAli-13.jpg
/Users/ayush/Downloads/date-fruit-quality-ml/data/raw/NbotAli-14.JPG,NbotAli,zenodo,test,NbotAli-14,/Users/ayush/Downloads/date-fruit-quality-ml/data/processed/test/NbotAli/zenodo__NbotAli-14.jpg
/Users/ayush/Downloads/date-fruit-quality-ml/data/raw/NbotAli-15.JPG,NbotAli,zenodo,train,NbotAli-15,/Users/ayush/Downloads/date-fruit-quality-ml/data/processed/train/NbotAli/zenodo__NbotAli-15.jpg
/Users/ayush/Downloads/date-fruit-quality-ml/data/raw/NbotAli-16.JPG,NbotAli,zenodo,train,NbotAli-16,/Users/ayush/Downloads/date-fruit-quality-ml/data/processed/train/NbotAli/zenodo__NbotAli-16.jpg
/Users/ayush/Downloads/date-fruit-quality-ml/data/raw/NbotAli-17.JPG,NbotAli,zenodo,train,NbotAli-17,/Users/ayush/Downloads/date-fruit-quality-ml/data/processed/train/NbotAli/zenodo__NbotAli-17.jpg
/Users/ayush/Downloads/date-fruit-quality-ml/data/raw/NbotAli-18.JPG,NbotAli,zenodo,train,NbotAli-18,/Users/ayush/Downloads/date-fruit-quality-ml/data/processed/train/NbotAli/zenodo__NbotAli-18.jpg
/Users/ayush/Downloads/date-fruit-quality-ml/data/raw/NbotAli-19.JPG,NbotAli,zenodo,train,NbotAli-19,/Users/ayush/Downloads/date-fruit-quality-ml/data/processed/train/NbotAli/zenodo__NbotAli-19.jpg
/Users/ayush/Downloads/date-fruit-quality-ml/data/raw/NbotAli-2.JPG,NbotAli,zenodo,val,NbotAli-2,/Users/ayush/Downloads/date-fruit-quality-ml/data/processed/val/NbotAli/zenodo__NbotAli-2.jpg
/Users/ayush/Downloads/date-fruit-quality-ml/data/raw/NbotAli-20.JPG,NbotAli,zenodo,train,NbotAli-20,/Users/ayush/Downloads/date-fruit-quality-ml/data/processed/train/NbotAli/zenodo__NbotAli-20.jpg
/Users/ayush/Downloads/date-fruit-quality-ml/data/raw/NbotAli-21.JPG,NbotAli,zenodo,train,NbotAli-21,/Users/ayush/Downloads/date-fruit-quality-ml/data/processed/train/NbotAli/zenodo__NbotAli-21.jpg
/Users/ayush/Downloads/date-fruit-quality-ml/data/raw/NbotAli-22.JPG,NbotAli,zenodo,test,NbotAli-22,/Users/ayush/Downloads/date-fruit-quality-ml/data/processed/test/NbotAli/zenodo__NbotAli-22.jpg
/Users/ayush/Downloads/date-fruit-quality-ml/data/raw/NbotAli-23.JPG,NbotAli,zenodo,train,NbotAli-23,/Users/ayush/Downloads/date-fruit-quality-ml/data/processed/train/NbotAli/zenodo__NbotAli-23.jpg
/Users/ayush/Downloads/date-fruit-quality-ml/data/raw/NbotAli-24.JPG,NbotAli,zenodo,train,NbotAli-24,/Users/ayush/Downloads/date-fruit-quality-ml/data/processed/train/NbotAli/zenodo__NbotAli-24.jpg
/Users/ayush/Downloads/date-fruit-quality-ml/data/raw/NbotAli-25.JPG,NbotAli,zenodo,test,NbotAli-25,/Users/ayush/Downloads/date-fruit-quality-ml/data/processed/test/NbotAli/zenodo__NbotAli-25.jpg
/Users/ayush/Downloads/date-fruit-quality-ml/data/raw/NbotAli-26.JPG,NbotAli,zenodo,val,NbotAli-26,/Users/ayush/Downloads/date-fruit-quality-ml/data/processed/val/NbotAli/zenodo__NbotAli-26.jpg
/Users/ayush/Downloads/date-fruit-quality-ml/data/raw/NbotAli-27.JPG,NbotAli,zenodo,train,NbotAli-27,/Users/ayush/Downloads/date-fruit-quality-ml/data/processed/train/NbotAli/zenodo__NbotAli-27.jpg
/Users/ayush/Downloads/date-fruit-quality-ml/data/raw/NbotAli-28.JPG,NbotAli,zenodo,test,NbotAli-28,/Users/ayush/Downloads/date-fruit-quality-ml/data/processed/test/NbotAli/zenodo__NbotAli-28.jpg
/Users/ayush/Downloads/date-fruit-quality-ml/data/raw/NbotAli-29.JPG,NbotAli,zenodo,train,NbotAli-29,/Users/ayush/Downloads/date-fruit-quality-ml/data/processed/train/NbotAli/zenodo__NbotAli-29.jpg
/Users/ayush/Downloads/date-fruit-quality-ml/data/raw/NbotAli-3.JPG,NbotAli,zenodo,train,NbotAli-3,/Users/ayush/Downloads/date-fruit-quality-ml/data/processed/train/NbotAli/zenodo__NbotAli-3.jpg
/Users/ayush/Downloads/date-fruit-quality-ml/data/raw/NbotAli-30.JPG,NbotAli,zenodo,val,NbotAli-30,/Users/ayush/Downloads/date-fruit-quality-ml/data/processed/val/NbotAli/zenodo__NbotAli-30.jpg
/Users/ayush/Downloads/date-fruit-quality-ml/data/raw/NbotAli-31.JPG,NbotAli,zenodo,val,NbotAli-31,/Users/ayush/Downloads/date-fruit-quality-ml/data/processed/val/NbotAli/zenodo__NbotAli-31.jpg
/Users/ayush/Downloads/date-fruit-quality-ml/data/raw/NbotAli-33.JPG,NbotAli,zenodo,train,NbotAli-33,/Users/ayush/Downloads/date-fruit-quality-ml/data/processed/train/NbotAli/zenodo__NbotAli-33.jpg
/Users/ayush/Downloads/date-fruit-quality-ml/data/raw/NbotAli-34.JPG,NbotAli,zenodo,val,NbotAli-34,/Users/ayush/Downloads/date-fruit-quality-ml/data/processed/val/NbotAli/zenodo__NbotAli-34.jpg
/Users/ayush/Downloads/date-fruit-quality-ml/data/raw/NbotAli-35.JPG,NbotAli,zenodo,train,NbotAli-35,/Users/ayush/Downloads/date-fruit-quality-ml/data/processed/train/NbotAli/zenodo__NbotAli-35.jpg
/Users/ayush/Downloads/date-fruit-quality-ml/data/raw/NbotAli-36.JPG,NbotAli,zenodo,train,NbotAli-36,/Users/ayush/Downloads/date-fruit-quality-ml/data/processed/train/NbotAli/zenodo__NbotAli-36.jpg
/Users/ayush/Downloads/date-fruit-quality-ml/data/raw/NbotAli-37.JPG,NbotAli,zenodo,train,NbotAli-37,/Users/ayush/Downloads/date-fruit-quality-ml/data/processed/train/NbotAli/zenodo__NbotAli-37.jpg
/Users/ayush/Downloads/date-fruit-quality-ml/data/raw/NbotAli-38.JPG,NbotAli,zenodo,train,NbotAli-38,/Users/ayush/Downloads/date-fruit-quality-ml/data/processed/train/NbotAli/zenodo__NbotAli-38.jpg
/Users/ayush/Downloads/date-fruit-quality-ml/data/raw/NbotAli-39.JPG,NbotAli,zenodo,train,NbotAli-39,/Users/ayush/Downloads/date-fruit-quality-ml/data/processed/train/NbotAli/zenodo__NbotAli-39.jpg
/Users/ayush/Downloads/date-fruit-quality-ml/data/raw/NbotAli-4.JPG,NbotAli,zenodo,train,NbotAli-4,/Users/ayush/Downloads/date-fruit-quality-ml/data/processed/train/NbotAli/zenodo__NbotAli-4.jpg
/Users/ayush/Downloads/date-fruit-quality-ml/data/raw/NbotAli-40.JPG,NbotAli,zenodo,val,NbotAli-40,/Users/ayush/Downloads/date-fruit-quality-ml/data/processed/val/NbotAli/zenodo__NbotAli-40.jpg
/Users/ayush/Downloads/date-fruit-quality-ml/data/raw/NbotAli-41.JPG,NbotAli,zenodo,val,NbotAli-41,/Users/ayush/Downloads/date-fruit-quality-ml/data/processed/val/NbotAli/zenodo__NbotAli-41.jpg
/Users/ayush/Downloads/date-fruit-quality-ml/data/raw/NbotAli-42.JPG,NbotAli,zenodo,train,NbotAli-42,/Users/ayush/Downloads/date-fruit-quality-ml/data/processed/train/NbotAli/zenodo__NbotAli-42.jpg
/Users/ayush/Downloads/date-fruit-quality-ml/data/raw/NbotAli-43.JPG,NbotAli,zenodo,train,NbotAli-43,/Users/ayush/Downloads/date-fruit-quality-ml/data/processed/train/NbotAli/zenodo__NbotAli-43.jpg
/Users/ayush/Downloads/date-fruit-quality-ml/data/raw/NbotAli-44.JPG,NbotAli,zenodo,val,NbotAli-44,/Users/ayush/Downloads/date-fruit-quality-ml/data/processed/val/NbotAli/zenodo__NbotAli-44.jpg
/Users/ayush/Downloads/date-fruit-quality-ml/data/raw/NbotAli-45.JPG,NbotAli,zenodo,train,NbotAli-45,/Users/ayush/Downloads/date-fruit-quality-ml/data/processed/train/NbotAli/zenodo__NbotAli-45.jpg
/Users/ayush/Downloads/date-fruit-quality-ml/data/raw/NbotAli-46.JPG,NbotAli,zenodo,train,NbotAli-46,/Users/ayush/Downloads/date-fruit-quality-ml/data/processed/train/NbotAli/zenodo__NbotAli-46.jpg
/Users/ayush/Downloads/date-fruit-quality-ml/data/raw/NbotAli-47.JPG,NbotAli,zenodo,train,NbotAli-47,/Users/ayush/Downloads/date-fruit-quality-ml/data/processed/train/NbotAli/zenodo__NbotAli-47.jpg
/Users/ayush/Downloads/date-fruit-quality-ml/data/raw/NbotAli-48.JPG,NbotAli,zenodo,train,NbotAli-48,/Users/ayush/Downloads/date-fruit-quality-ml/data/processed/train/NbotAli/zenodo__NbotAli-48.jpg
/Users/ayush/Downloads/date-fruit-quality-ml/data/raw/NbotAli-49.JPG,NbotAli,zenodo,train,NbotAli-49,/Users/ayush/Downloads/date-fruit-quality-ml/data/processed/train/NbotAli/zenodo__NbotAli-49.jpg
/Users/ayush/Downloads/date-fruit-quality-ml/data/raw/NbotAli-5.JPG,NbotAli,zenodo,train,NbotAli-5,/Users/ayush/Downloads/date-fruit-quality-ml/data/processed/train/NbotAli/zenodo__NbotAli-5.jpg
/Users/ayush/Downloads/date-fruit-quality-ml/data/raw/NbotAli-50.JPG,NbotAli,zenodo,train,NbotAli-50,/Users/ayush/Downloads/date-fruit-quality-ml/data/processed/train/NbotAli/zenodo__NbotAli-50.jpg
/Users/ayush/Downloads/date-fruit-quality-ml/data/raw/NbotAli-51.JPG,NbotAli,zenodo,val,NbotAli-51,/Users/ayush/Downloads/date-fruit-quality-ml/data/processed/val/NbotAli/zenodo__NbotAli-51.jpg
/Users/ayush/Downloads/date-fruit-quality-ml/data/raw/NbotAli-52.JPG,NbotAli,zenodo,val,NbotAli-52,/Users/ayush/Downloads/date-fruit-quality-ml/data/processed/val/NbotAli/zenodo__NbotAli-52.jpg
/Users/ayush/Downloads/date-fruit-quality-ml/data/raw/NbotAli-53.JPG,NbotAli,zenodo,train,NbotAli-53,/Users/ayush/Downloads/date-fruit-quality-ml/data/processed/train/NbotAli/zenodo__NbotAli-53.jpg
/Users/ayush/Downloads/date-fruit-quality-ml/data/raw/NbotAli-54.JPG,NbotAli,zenodo,train,NbotAli-54,/Users/ayush/Downloads/date-fruit-quality-ml/data/processed/train/NbotAli/zenodo__NbotAli-54.jpg
/Users/ayush/Downloads/date-fruit-quality-ml/data/raw/NbotAli-55.JPG,NbotAli,zenodo,train,NbotAli-55,/Users/ayush/Downloads/date-fruit-quality-ml/data/processed/train/NbotAli/zenodo__NbotAli-55.jpg
/Users/ayush/Downloads/date-fruit-quality-ml/data/raw/NbotAli-56.JPG,NbotAli,zenodo,train,NbotAli-56,/Users/ayush/Downloads/date-fruit-quality-ml/data/processed/train/NbotAli/zenodo__NbotAli-56.jpg
/Users/ayush/Downloads/date-fruit-quality-ml/data/raw/NbotAli-57.JPG,NbotAli,zenodo,train,NbotAli-57,/Users/ayush/Downloads/date-fruit-quality-ml/data/processed/train/NbotAli/zenodo__NbotAli-57.jpg
/Users/ayush/Downloads/date-fruit-quality-ml/data/raw/NbotAli-58.JPG,NbotAli,zenodo,train,NbotAli-58,/Users/ayush/Downloads/date-fruit-quality-ml/data/processed/train/NbotAli/zenodo__NbotAli-58.jpg
/Users/ayush/Downloads/date-fruit-quality-ml/data/raw/NbotAli-59.JPG,NbotAli,zenodo,train,NbotAli-59,/Users/ayush/Downloads/date-fruit-quality-ml/data/processed/train/NbotAli/zenodo__NbotAli-59.jpg
/Users/ayush/Downloads/date-fruit-quality-ml/data/raw/NbotAli-6.JPG,NbotAli,zenodo,train,NbotAli-6,/Users/ayush/Downloads/date-fruit-quality-ml/data/processed/train/NbotAli/zenodo__NbotAli-6.jpg
/Users/ayush/Downloads/date-fruit-quality-ml/data/raw/NbotAli-60.JPG,NbotAli,zenodo,test,NbotAli-60,/Users/ayush/Downloads/date-fruit-quality-ml/data/processed/test/NbotAli/zenodo__NbotAli-60.jpg
/Users/ayush/Downloads/date-fruit-quality-ml/data/raw/NbotAli-61.JPG,NbotAli,zenodo,test,NbotAli-61,/Users/ayush/Downloads/date-fruit-quality-ml/data/processed/test/NbotAli/zenodo__NbotAli-61.jpg
/Users/ayush/Downloads/date-fruit-quality-ml/data/raw/NbotAli-62.JPG,NbotAli,zenodo,test,NbotAli-62,/Users/ayush/Downloads/date-fruit-quality-ml/data/processed/test/NbotAli/zenodo__NbotAli-62.jpg
/Users/ayush/Downloads/date-fruit-quality-ml/data/raw/NbotAli-63.JPG,NbotAli,zenodo,val,NbotAli-63,/Users/ayush/Downloads/date-fruit-quality-ml/data/processed/val/NbotAli/zenodo__NbotAli-63.jpg
/Users/ayush/Downloads/date-fruit-quality-ml/data/raw/NbotAli-64.JPG,NbotAli,zenodo,val,NbotAli-64,/Users/ayush/Downloads/date-fruit-quality-ml/data/processed/val/NbotAli/zenodo__NbotAli-64.jpg
/Users/ayush/Downloads/date-fruit-quality-ml/data/raw/NbotAli-65.JPG,NbotAli,zenodo,test,NbotAli-65,/Users/ayush/Downloads/date-fruit-quality-ml/data/processed/test/NbotAli/zenodo__NbotAli-65.jpg
/Users/ayush/Downloads/date-fruit-quality-ml/data/raw/NbotAli-66.JPG,NbotAli,zenodo,train,NbotAli-66,/Users/ayush/Downloads/date-fruit-quality-ml/data/processed/train/NbotAli/zenodo__NbotAli-66.jpg
/Users/ayush/Downloads/date-fruit-quality-ml/data/raw/NbotAli-67.JPG,NbotAli,zenodo,train,NbotAli-67,/Users/ayush/Downloads/date-fruit-quality-ml/data/processed/train/NbotAli/zenodo__NbotAli-67.jpg
/Users/ayush/Downloads/date-fruit-quality-ml/data/raw/NbotAli-68.JPG,NbotAli,zenodo,test,NbotAli-68,/Users/ayush/Downloads/date-fruit-quality-ml/data/processed/test/NbotAli/zenodo__NbotAli-68.jpg
/Users/ayush/Downloads/date-fruit-quality-ml/data/raw/NbotAli-69.JPG,NbotAli,zenodo,train,NbotAli-69,/Users/ayush/Downloads/date-fruit-quality-ml/data/processed/train/NbotAli/zenodo__NbotAli-69.jpg
/Users/ayush/Downloads/date-fruit-quality-ml/data/raw/NbotAli-7.JPG,NbotAli,zenodo,train,NbotAli-7,/Users/ayush/Downloads/date-fruit-quality-ml/data/processed/train/NbotAli/zenodo__NbotAli-7.jpg
/Users/ayush/Downloads/date-fruit-quality-ml/data/raw/NbotAli-70.JPG,NbotAli,zenodo,train,NbotAli-70,/Users/ayush/Downloads/date-fruit-quality-ml/data/processed/train/NbotAli/zenodo__NbotAli-70.jpg
/Users/ayush/Downloads/date-fruit-quality-ml/data/raw/NbotAli-71.JPG,NbotAli,zenodo,train,NbotAli-71,/Users/ayush/Downloads/date-fruit-quality-ml/data/processed/train/NbotAli/zenodo__NbotAli-71.jpg
/Users/ayush/Downloads/date-fruit-quality-ml/data/raw/NbotAli-72.JPG,NbotAli,zenodo,val,NbotAli-72,/Users/ayush/Downloads/date-fruit-quality-ml/data/processed/val/NbotAli/zenodo__NbotAli-72.jpg
/Users/ayush/Downloads/date-fruit-quality-ml/data/raw/NbotAli-73.JPG,NbotAli,zenodo,train,NbotAli-73,/Users/ayush/Downloads/date-fruit-quality-ml/data/processed/train/NbotAli/zenodo__NbotAli-73.jpg
/Users/ayush/Downloads/date-fruit-quality-ml/data/raw/NbotAli-74.JPG,NbotAli,zenodo,train,NbotAli-74,/Users/ayush/Downloads/date-fruit-quality-ml/data/processed/train/NbotAli/zenodo__NbotAli-74.jpg
/Users/ayush/Downloads/date-fruit-quality-ml/data/raw/NbotAli-75.JPG,NbotAli,zenodo,train,NbotAli-75,/Users/ayush/Downloads/date-fruit-quality-ml/data/processed/train/NbotAli/zenodo__NbotAli-75.jpg
/Users/ayush/Downloads/date-fruit-quality-ml/data/raw/NbotAli-76.JPG,NbotAli,zenodo,train,NbotAli-76,/Users/ayush/Downloads/date-fruit-quality-ml/data/processed/train/NbotAli/zenodo__NbotAli-76.jpg
/Users/ayush/Downloads/date-fruit-quality-ml/data/raw/NbotAli-77.JPG,NbotAli,zenodo,train,NbotAli-77,/Users/ayush/Downloads/date-fruit-quality-ml/data/processed/train/NbotAli/zenodo__NbotAli-77.jpg
/Users/ayush/Downloads/date-fruit-quality-ml/data/raw/NbotAli-78.JPG,NbotAli,zenodo,train,NbotAli-78,/Users/ayush/Downloads/date-fruit-quality-ml/data/processed/train/NbotAli/zenodo__NbotAli-78.jpg
/Users/ayush/Downloads/date-fruit-quality-ml/data/raw/NbotAli-79.JPG,NbotAli,zenodo,train,NbotAli-79,/Users/ayush/Downloads/date-fruit-quality-ml/data/processed/train/NbotAli/zenodo__NbotAli-79.jpg
/Users/ayush/Downloads/date-fruit-quality-ml/data/raw/NbotAli-8.JPG,NbotAli,zenodo,train,NbotAli-8,/Users/ayush/Downloads/date-fruit-quality-ml/data/processed/train/NbotAli/zenodo__NbotAli-8.jpg
/Users/ayush/Downloads/date-fruit-quality-ml/data/raw/NbotAli-80.JPG,NbotAli,zenodo,train,NbotAli-80,/Users/ayush/Downloads/date-fruit-quality-ml/data/processed/train/NbotAli/zenodo__NbotAli-80.jpg
/Users/ayush/Downloads/date-fruit-quality-ml/data/raw/NbotAli-81.JPG,NbotAli,zenodo,test,NbotAli-81,/Users/ayush/Downloads/date-fruit-quality-ml/data/processed/test/NbotAli/zenodo__NbotAli-81.jpg
/Users/ayush/Downloads/date-fruit-quality-ml/data/raw/NbotAli-82.JPG,NbotAli,zenodo,test,NbotAli-82,/Users/ayush/Downloads/date-fruit-quality-ml/data/processed/test/NbotAli/zenodo__NbotAli-82.jpg
/Users/ayush/Downloads/date-fruit-quality-ml/data/raw/NbotAli-83.JPG,NbotAli,zenodo,train,NbotAli-83,/Users/ayush/Downloads/date-fruit-quality-ml/data/processed/train/NbotAli/zenodo__NbotAli-83.jpg
/Users/ayush/Downloads/date-fruit-quality-ml/data/raw/NbotAli-84.JPG,NbotAli,zenodo,train,NbotAli-84,/Users/ayush/Downloads/date-fruit-quality-ml/data/processed/train/NbotAli/zenodo__NbotAli-84.jpg
/Users/ayush/Downloads/date-fruit-quality-ml/data/raw/NbotAli-85.JPG,NbotAli,zenodo,train,NbotAli-85,/Users/ayush/Downloads/date-fruit-quality-ml/data/processed/train/NbotAli/zenodo__NbotAli-85.jpg
/Users/ayush/Downloads/date-fruit-quality-ml/data/raw/NbotAli-86.JPG,NbotAli,zenodo,test,NbotAli-86,/Users/ayush/Downloads/date-fruit-quality-ml/data/processed/test/NbotAli/zenodo__NbotAli-86.jpg
/Users/ayush/Downloads/date-fruit-quality-ml/data/raw/NbotAli-87.JPG,NbotAli,zenodo,train,NbotAli-87,/Users/ayush/Downloads/date-fruit-quality-ml/data/processed/train/NbotAli/zenodo__NbotAli-87.jpg
/Users/ayush/Downloads/date-fruit-quality-ml/data/raw/NbotAli-88.JPG,NbotAli,zenodo,train,NbotAli-88,/Users/ayush/Downloads/date-fruit-quality-ml/data/processed/train/NbotAli/zenodo__NbotAli-88.jpg
/Users/ayush/Downloads/date-fruit-quality-ml/data/raw/NbotAli-89.JPG,NbotAli,zenodo,train,NbotAli-89,/Users/ayush/Downloads/date-fruit-quality-ml/data/processed/train/NbotAli/zenodo__NbotAli-89.jpg
/Users/ayush/Downloads/date-fruit-quality-ml/data/raw/NbotAli-9.JPG,NbotAli,zenodo,train,NbotAli-9,/Users/ayush/Downloads/date-fruit-quality-ml/data/processed/train/NbotAli/zenodo__NbotAli-9.jpg
/Users/ayush/Downloads/date-fruit-quality-ml/data/raw/NbotAli-90.JPG,NbotAli,zenodo,train,NbotAli-90,/Users/ayush/Downloads/date-fruit-quality-ml/data/processed/train/NbotAli/zenodo__NbotAli-90.jpg
/Users/ayush/Downloads/date-fruit-quality-ml/data/raw/NbotAli-91.JPG,NbotAli,zenodo,train,NbotAli-91,/Users/ayush/Downloads/date-fruit-quality-ml/data/processed/train/NbotAli/zenodo__NbotAli-91.jpg
/Users/ayush/Downloads/date-fruit-quality-ml/data/raw/NbotAli-92.JPG,NbotAli,zenodo,train,NbotAli-92,/Users/ayush/Downloads/date-fruit-quality-ml/data/processed/train/NbotAli/zenodo__NbotAli-92.jpg
/Users/ayush/Downloads/date-fruit-quality-ml/data/raw/NbotAli-93.JPG,NbotAli,zenodo,test,NbotAli-93,/Users/ayush/Downloads/date-fruit-quality-ml/data/processed/test/NbotAli/zenodo__NbotAli-93.jpg
/Users/ayush/Downloads/date-fruit-quality-ml/data/raw/NbotAli-94.JPG,NbotAli,zenodo,test,NbotAli-94,/Users/ayush/Downloads/date-fruit-quality-ml/data/processed/test/NbotAli/zenodo__NbotAli-94.jpg
/Users/ayush/Downloads/date-fruit-quality-ml/data/raw/NbotAli-95.JPG,NbotAli,zenodo,train,NbotAli-95,/Users/ayush/Downloads/date-fruit-quality-ml/data/processed/train/NbotAli/zenodo__NbotAli-95.jpg
/Users/ayush/Downloads/date-fruit-quality-ml/data/raw/NbotAli-96.JPG,NbotAli,zenodo,train,NbotAli-96,/Users/ayush/Downloads/date-fruit-quality-ml/data/processed/train/NbotAli/zenodo__NbotAli-96.jpg
/Users/ayush/Downloads/date-fruit-quality-ml/data/raw/Skari-1.jpg,Al-skari,zenodo,val,Skari-1,/Users/ayush/Downloads/date-fruit-quality-ml/data/processed/val/Al-skari/zenodo__Skari-1.jpg
/Users/ayush/Downloads/date-fruit-quality-ml/data/raw/Skari-10.PNG,Al-skari,zenodo,train,Skari-10,/Users/ayush/Downloads/date-fruit-quality-ml/data/processed/train/Al-skari/zenodo__Skari-10.jpg
/Users/ayush/Downloads/date-fruit-quality-ml/data/raw/Skari-11.jpeg,Al-skari,zenodo,val,Skari-11,/Users/ayush/Downloads/date-fruit-quality-ml/data/processed/val/Al-skari/zenodo__Skari-11.jpg
/Users/ayush/Downloads/date-fruit-quality-ml/data/raw/Skari-12.jpg,Al-skari,zenodo,train,Skari-12,/Users/ayush/Downloads/date-fruit-quality-ml/data/processed/train/Al-skari/zenodo__Skari-12.jpg
/Users/ayush/Downloads/date-fruit-quality-ml/data/raw/Skari-13.PNG,Al-skari,zenodo,train,Skari-13,/Users/ayush/Downloads/date-fruit-quality-ml/data/processed/train/Al-skari/zenodo__Skari-13.jpg
/Users/ayush/Downloads/date-fruit-quality-ml/data/raw/Skari-14.jpg,Al-skari,zenodo,train,Skari-14,/Users/ayush/Downloads/date-fruit-quality-ml/data/processed/train/Al-skari/zenodo__Skari-14.jpg
/Users/ayush/Downloads/date-fruit-quality-ml/data/raw/Skari-15.jpg,Al-skari,zenodo,test,Skari-15,/Users/ayush/Downloads/date-fruit-quality-ml/data/processed/test/Al-skari/zenodo__Skari-15.jpg
/Users/ayush/Downloads/date-fruit-quality-ml/data/raw/Skari-16.jpg,Al-skari,zenodo,val,Skari-16,/Users/ayush/Downloads/date-fruit-quality-ml/data/processed/val/Al-skari/zenodo__Skari-16.jpg
/Users/ayush/Downloads/date-fruit-quality-ml/data/raw/Skari-17.jpg,Al-skari,zenodo,train,Skari-17,/Users/ayush/Downloads/date-fruit-quality-ml/data/processed/train/Al-skari/zenodo__Skari-17.jpg
/Users/ayush/Downloads/date-fruit-quality-ml/data/raw/Skari-18.jpg,Al-skari,zenodo,train,Skari-18,/Users/ayush/Downloads/date-fruit-quality-ml/data/processed/train/Al-skari/zenodo__Skari-18.jpg
/Users/ayush/Downloads/date-fruit-quality-ml/data/raw/Skari-19.JPG,Al-skari,zenodo,train,Skari-19,/Users/ayush/Downloads/date-fruit-quality-ml/data/processed/train/Al-skari/zenodo__Skari-19.jpg
/Users/ayush/Downloads/date-fruit-quality-ml/data/raw/Skari-2.jpg,Al-skari,zenodo,train,Skari-2,/Users/ayush/Downloads/date-fruit-quality-ml/data/processed/train/Al-skari/zenodo__Skari-2.jpg
/Users/ayush/Downloads/date-fruit-quality-ml/data/raw/Skari-20.jpg,Al-skari,zenodo,train,Skari-20,/Users/ayush/Downloads/date-fruit-quality-ml/data/processed/train/Al-skari/zenodo__Skari-20.jpg
/Users/ayush/Downloads/date-fruit-quality-ml/data/raw/Skari-21.jpg,Al-skari,zenodo,train,Skari-21,/Users/ayush/Downloads/date-fruit-quality-ml/data/processed/train/Al-skari/zenodo__Skari-21.jpg
/Users/ayush/Downloads/date-fruit-quality-ml/data/raw/Skari-22.JPG,Al-skari,zenodo,train,Skari-22,/Users/ayush/Downloads/date-fruit-quality-ml/data/processed/train/Al-skari/zenodo__Skari-22.jpg
/Users/ayush/Downloads/date-fruit-quality-ml/data/raw/Skari-23.JPG,Al-skari,zenodo,train,Skari-23,/Users/ayush/Downloads/date-fruit-quality-ml/data/processed/train/Al-skari/zenodo__Skari-23.jpg
/Users/ayush/Downloads/date-fruit-quality-ml/data/raw/Skari-24.JPG,Al-skari,zenodo,train,Skari-24,/Users/ayush/Downloads/date-fruit-quality-ml/data/processed/train/Al-skari/zenodo__Skari-24.jpg
/Users/ayush/Downloads/date-fruit-quality-ml/data/raw/Skari-25.JPG,Al-skari,zenodo,train,Skari-25,/Users/ayush/Downloads/date-fruit-quality-ml/data/processed/train/Al-skari/zenodo__Skari-25.jpg
/Users/ayush/Downloads/date-fruit-quality-ml/data/raw/Skari-26.JPG,Al-skari,zenodo,train,Skari-26,/Users/ayush/Downloads/date-fruit-quality-ml/data/processed/train/Al-skari/zenodo__Skari-26.jpg
/Users/ayush/Downloads/date-fruit-quality-ml/data/raw/Skari-27.JPG,Al-skari,zenodo,train,Skari-27,/Users/ayush/Downloads/date-fruit-quality-ml/data/processed/train/Al-skari/zenodo__Skari-27.jpg
/Users/ayush/Downloads/date-fruit-quality-ml/data/raw/Skari-28.JPG,Al-skari,zenodo,train,Skari-28,/Users/ayush/Downloads/date-fruit-quality-ml/data/processed/train/Al-skari/zenodo__Skari-28.jpg
/Users/ayush/Downloads/date-fruit-quality-ml/data/raw/Skari-29.JPG,Al-skari,zenodo,train,Skari-29,/Users/ayush/Downloads/date-fruit-quality-ml/data/processed/train/Al-skari/zenodo__Skari-29.jpg
/Users/ayush/Downloads/date-fruit-quality-ml/data/raw/Skari-3.jpg,Al-skari,zenodo,val,Skari-3,/Users/ayush/Downloads/date-fruit-quality-ml/data/processed/val/Al-skari/zenodo__Skari-3.jpg
/Users/ayush/Downloads/date-fruit-quality-ml/data/raw/Skari-30.JPG,Al-skari,zenodo,test,Skari-30,/Users/ayush/Downloads/date-fruit-quality-ml/data/processed/test/Al-skari/zenodo__Skari-30.jpg
/Users/ayush/Downloads/date-fruit-quality-ml/data/raw/Skari-31.JPG,Al-skari,zenodo,train,Skari-31,/Users/ayush/Downloads/date-fruit-quality-ml/data/processed/train/Al-skari/zenodo__Skari-31.jpg
/Users/ayush/Downloads/date-fruit-quality-ml/data/raw/Skari-32.JPG,Al-skari,zenodo,train,Skari-32,/Users/ayush/Downloads/date-fruit-quality-ml/data/processed/train/Al-skari/zenodo__Skari-32.jpg
/Users/ayush/Downloads/date-fruit-quality-ml/data/raw/Skari-33.JPG,Al-skari,zenodo,train,Skari-33,/Users/ayush/Downloads/date-fruit-quality-ml/data/processed/train/Al-skari/zenodo__Skari-33.jpg
/Users/ayush/Downloads/date-fruit-quality-ml/data/raw/Skari-34.JPG,Al-skari,zenodo,test,Skari-34,/Users/ayush/Downloads/date-fruit-quality-ml/data/processed/test/Al-skari/zenodo__Skari-34.jpg
/Users/ayush/Downloads/date-fruit-quality-ml/data/raw/Skari-35.JPG,Al-skari,zenodo,test,Skari-35,/Users/ayush/Downloads/date-fruit-quality-ml/data/processed/test/Al-skari/zenodo__Skari-35.jpg
/Users/ayush/Downloads/date-fruit-quality-ml/data/raw/Skari-36.JPG,Al-skari,zenodo,train,Skari-36,/Users/ayush/Downloads/date-fruit-quality-ml/data/processed/train/Al-skari/zenodo__Skari-36.jpg
/Users/ayush/Downloads/date-fruit-quality-ml/data/raw/Skari-37.JPG,Al-skari,zenodo,train,Skari-37,/Users/ayush/Downloads/date-fruit-quality-ml/data/processed/train/Al-skari/zenodo__Skari-37.jpg
/Users/ayush/Downloads/date-fruit-quality-ml/data/raw/Skari-38.JPG,Al-skari,zenodo,test,Skari-38,/Users/ayush/Downloads/date-fruit-quality-ml/data/processed/test/Al-skari/zenodo__Skari-38.jpg
/Users/ayush/Downloads/date-fruit-quality-ml/data/raw/Skari-39.JPG,Al-skari,zenodo,test,Skari-39,/Users/ayush/Downloads/date-fruit-quality-ml/data/processed/test/Al-skari/zenodo__Skari-39.jpg
/Users/ayush/Downloads/date-fruit-quality-ml/data/raw/Skari-4.jpg,Al-skari,zenodo,test,Skari-4,/Users/ayush/Downloads/date-fruit-quality-ml/data/processed/test/Al-skari/zenodo__Skari-4.jpg
/Users/ayush/Downloads/date-fruit-quality-ml/data/raw/Skari-40.JPG,Al-skari,zenodo,train,Skari-40,/Users/ayush/Downloads/date-fruit-quality-ml/data/processed/train/Al-skari/zenodo__Skari-40.jpg
/Users/ayush/Downloads/date-fruit-quality-ml/data/raw/Skari-41.JPG,Al-skari,zenodo,train,Skari-41,/Users/ayush/Downloads/date-fruit-quality-ml/data/processed/train/Al-skari/zenodo__Skari-41.jpg
/Users/ayush/Downloads/date-fruit-quality-ml/data/raw/Skari-42.JPG,Al-skari,zenodo,val,Skari-42,/Users/ayush/Downloads/date-fruit-quality-ml/data/processed/val/Al-skari/zenodo__Skari-42.jpg
/Users/ayush/Downloads/date-fruit-quality-ml/data/raw/Skari-43.JPG,Al-skari,zenodo,train,Skari-43,/Users/ayush/Downloads/date-fruit-quality-ml/data/processed/train/Al-skari/zenodo__Skari-43.jpg
/Users/ayush/Downloads/date-fruit-quality-ml/data/raw/Skari-44.JPG,Al-skari,zenodo,train,Skari-44,/Users/ayush/Downloads/date-fruit-quality-ml/data/processed/train/Al-skari/zenodo__Skari-44.jpg
/Users/ayush/Downloads/date-fruit-quality-ml/data/raw/Skari-45.JPG,Al-skari,zenodo,train,Skari-45,/Users/ayush/Downloads/date-fruit-quality-ml/data/processed/train/Al-skari/zenodo__Skari-45.jpg
/Users/ayush/Downloads/date-fruit-quality-ml/data/raw/Skari-46.JPG,Al-skari,zenodo,train,Skari-46,/Users/ayush/Downloads/date-fruit-quality-ml/data/processed/train/Al-skari/zenodo__Skari-46.jpg
/Users/ayush/Downloads/date-fruit-quality-ml/data/raw/Skari-47.JPG,Al-skari,zenodo,train,Skari-47,/Users/ayush/Downloads/date-fruit-quality-ml/data/processed/train/Al-skari/zenodo__Skari-47.jpg
/Users/ayush/Downloads/date-fruit-quality-ml/data/raw/Skari-48.JPG,Al-skari,zenodo,train,Skari-48,/Users/ayush/Downloads/date-fruit-quality-ml/data/processed/train/Al-skari/zenodo__Skari-48.jpg
/Users/ayush/Downloads/date-fruit-quality-ml/data/raw/Skari-49.JPG,Al-skari,zenodo,train,Skari-49,/Users/ayush/Downloads/date-fruit-quality-ml/data/processed/train/Al-skari/zenodo__Skari-49.jpg
/Users/ayush/Downloads/date-fruit-quality-ml/data/raw/Skari-5.jpeg,Al-skari,zenodo,train,Skari-5,/Users/ayush/Downloads/date-fruit-quality-ml/data/processed/train/Al-skari/zenodo__Skari-5.jpg
/Users/ayush/Downloads/date-fruit-quality-ml/data/raw/Skari-50.JPG,Al-skari,zenodo,train,Skari-50,/Users/ayush/Downloads/date-fruit-quality-ml/data/processed/train/Al-skari/zenodo__Skari-50.jpg
/Users/ayush/Downloads/date-fruit-quality-ml/data/raw/Skari-51.jpeg,Al-skari,zenodo,val,Skari-51,/Users/ayush/Downloads/date-fruit-quality-ml/data/processed/val/Al-skari/zenodo__Skari-51.jpg
/Users/ayush/Downloads/date-fruit-quality-ml/data/raw/Skari-52.JPG,Al-skari,zenodo,train,Skari-52,/Users/ayush/Downloads/date-fruit-quality-ml/data/processed/train/Al-skari/zenodo__Skari-52.jpg
/Users/ayush/Downloads/date-fruit-quality-ml/data/raw/Skari-53.jpeg,Al-skari,zenodo,train,Skari-53,/Users/ayush/Downloads/date-fruit-quality-ml/data/processed/train/Al-skari/zenodo__Skari-53.jpg
/Users/ayush/Downloads/date-fruit-quality-ml/data/raw/Skari-54.jpeg,Al-skari,zenodo,val,Skari-54,/Users/ayush/Downloads/date-fruit-quality-ml/data/processed/val/Al-skari/zenodo__Skari-54.jpg
/Users/ayush/Downloads/date-fruit-quality-ml/data/raw/Skari-55.jpg,Al-skari,zenodo,train,Skari-55,/Users/ayush/Downloads/date-fruit-quality-ml/data/processed/train/Al-skari/zenodo__Skari-55.jpg
/Users/ayush/Downloads/date-fruit-quality-ml/data/raw/Skari-56.jpeg,Al-skari,zenodo,train,Skari-56,/Users/ayush/Downloads/date-fruit-quality-ml/data/processed/train/Al-skari/zenodo__Skari-56.jpg
/Users/ayush/Downloads/date-fruit-quality-ml/data/raw/Skari-57.jpg,Al-skari,zenodo,val,Skari-57,/Users/ayush/Downloads/date-fruit-quality-ml/data/processed/val/Al-skari/zenodo__Skari-57.jpg
/Users/ayush/Downloads/date-fruit-quality-ml/data/raw/Skari-58.jpg,Al-skari,zenodo,train,Skari-58,/Users/ayush/Downloads/date-fruit-quality-ml/data/processed/train/Al-skari/zenodo__Skari-58.jpg
/Users/ayush/Downloads/date-fruit-quality-ml/data/raw/Skari-59.jpg,Al-skari,zenodo,test,Skari-59,/Users/ayush/Downloads/date-fruit-quality-ml/data/processed/test/Al-skari/zenodo__Skari-59.jpg
/Users/ayush/Downloads/date-fruit-quality-ml/data/raw/Skari-6.jpeg,Al-skari,zenodo,train,Skari-6,/Users/ayush/Downloads/date-fruit-quality-ml/data/processed/train/Al-skari/zenodo__Skari-6.jpg
/Users/ayush/Downloads/date-fruit-quality-ml/data/raw/Skari-60.jpg,Al-skari,zenodo,train,Skari-60,/Users/ayush/Downloads/date-fruit-quality-ml/data/processed/train/Al-skari/zenodo__Skari-60.jpg
/Users/ayush/Downloads/date-fruit-quality-ml/data/raw/Skari-61.jpg,Al-skari,zenodo,train,Skari-61,/Users/ayush/Downloads/date-fruit-quality-ml/data/processed/train/Al-skari/zenodo__Skari-61.jpg
/Users/ayush/Downloads/date-fruit-quality-ml/data/raw/Skari-62.jpg,Al-skari,zenodo,train,Skari-62,/Users/ayush/Downloads/date-fruit-quality-ml/data/processed/train/Al-skari/zenodo__Skari-62.jpg
/Users/ayush/Downloads/date-fruit-quality-ml/data/raw/Skari-63.jpg,Al-skari,zenodo,val,Skari-63,/Users/ayush/Downloads/date-fruit-quality-ml/data/processed/val/Al-skari/zenodo__Skari-63.jpg
/Users/ayush/Downloads/date-fruit-quality-ml/data/raw/Skari-64.jpg,Al-skari,zenodo,test,Skari-64,/Users/ayush/Downloads/date-fruit-quality-ml/data/processed/test/Al-skari/zenodo__Skari-64.jpg
/Users/ayush/Downloads/date-fruit-quality-ml/data/raw/Skari-65.jpg,Al-skari,zenodo,val,Skari-65,/Users/ayush/Downloads/date-fruit-quality-ml/data/processed/val/Al-skari/zenodo__Skari-65.jpg
/Users/ayush/Downloads/date-fruit-quality-ml/data/raw/Skari-7.jpg,Al-skari,zenodo,train,Skari-7,/Users/ayush/Downloads/date-fruit-quality-ml/data/processed/train/Al-skari/zenodo__Skari-7.jpg
/Users/ayush/Downloads/date-fruit-quality-ml/data/raw/Skari-8.jpg,Al-skari,zenodo,train,Skari-8,/Users/ayush/Downloads/date-fruit-quality-ml/data/processed/train/Al-skari/zenodo__Skari-8.jpg
/Users/ayush/Downloads/date-fruit-quality-ml/data/raw/Skari-9.jpg,Al-skari,zenodo,train,Skari-9,/Users/ayush/Downloads/date-fruit-quality-ml/data/processed/train/Al-skari/zenodo__Skari-9.jpg
/Users/ayush/Downloads/date-fruit-quality-ml/data/raw/sequee-1.jpg,Al-sagai,zenodo,test,sequee-1,/Users/ayush/Downloads/date-fruit-quality-ml/data/processed/test/Al-sagai/zenodo__sequee-1.jpg
/Users/ayush/Downloads/date-fruit-quality-ml/data/raw/sequee-10.jpeg,Al-sagai,zenodo,train,sequee-10,/Users/ayush/Downloads/date-fruit-quality-ml/data/processed/train/Al-sagai/zenodo__sequee-10.jpg
/Users/ayush/Downloads/date-fruit-quality-ml/data/raw/sequee-11.jpeg,Al-sagai,zenodo,val,sequee-11,/Users/ayush/Downloads/date-fruit-quality-ml/data/processed/val/Al-sagai/zenodo__sequee-11.jpg
/Users/ayush/Downloads/date-fruit-quality-ml/data/raw/sequee-12.jpeg,Al-sagai,zenodo,train,sequee-12,/Users/ayush/Downloads/date-fruit-quality-ml/data/processed/train/Al-sagai/zenodo__sequee-12.jpg
/Users/ayush/Downloads/date-fruit-quality-ml/data/raw/sequee-13.jpeg,Al-sagai,zenodo,val,sequee-13,/Users/ayush/Downloads/date-fruit-quality-ml/data/processed/val/Al-sagai/zenodo__sequee-13.jpg
/Users/ayush/Downloads/date-fruit-quality-ml/data/raw/sequee-14.jpeg,Al-sagai,zenodo,train,sequee-14,/Users/ayush/Downloads/date-fruit-quality-ml/data/processed/train/Al-sagai/zenodo__sequee-14.jpg
/Users/ayush/Downloads/date-fruit-quality-ml/data/raw/sequee-15.jpeg,Al-sagai,zenodo,train,sequee-15,/Users/ayush/Downloads/date-fruit-quality-ml/data/processed/train/Al-sagai/zenodo__sequee-15.jpg
/Users/ayush/Downloads/date-fruit-quality-ml/data/raw/sequee-16.jpeg,Al-sagai,zenodo,val,sequee-16,/Users/ayush/Downloads/date-fruit-quality-ml/data/processed/val/Al-sagai/zenodo__sequee-16.jpg
/Users/ayush/Downloads/date-fruit-quality-ml/data/raw/sequee-17.jpeg,Al-sagai,zenodo,train,sequee-17,/Users/ayush/Downloads/date-fruit-quality-ml/data/processed/train/Al-sagai/zenodo__sequee-17.jpg
/Users/ayush/Downloads/date-fruit-quality-ml/data/raw/sequee-18.jpeg,Al-sagai,zenodo,train,sequee-18,/Users/ayush/Downloads/date-fruit-quality-ml/data/processed/train/Al-sagai/zenodo__sequee-18.jpg
/Users/ayush/Downloads/date-fruit-quality-ml/data/raw/sequee-19.jpeg,Al-sagai,zenodo,train,sequee-19,/Users/ayush/Downloads/date-fruit-quality-ml/data/processed/train/Al-sagai/zenodo__sequee-19.jpg
/Users/ayush/Downloads/date-fruit-quality-ml/data/raw/sequee-2.jpeg,Al-sagai,zenodo,val,sequee-2,/Users/ayush/Downloads/date-fruit-quality-ml/data/processed/val/Al-sagai/zenodo__sequee-2.jpg
/Users/ayush/Downloads/date-fruit-quality-ml/data/raw/sequee-20.jpeg,Al-sagai,zenodo,train,sequee-20,/Users/ayush/Downloads/date-fruit-quality-ml/data/processed/train/Al-sagai/zenodo__sequee-20.jpg
/Users/ayush/Downloads/date-fruit-quality-ml/data/raw/sequee-21.jpeg,Al-sagai,zenodo,train,sequee-21,/Users/ayush/Downloads/date-fruit-quality-ml/data/processed/train/Al-sagai/zenodo__sequee-21.jpg
/Users/ayush/Downloads/date-fruit-quality-ml/data/raw/sequee-22.jpeg,Al-sagai,zenodo,test,sequee-22,/Users/ayush/Downloads/date-fruit-quality-ml/data/processed/test/Al-sagai/zenodo__sequee-22.jpg
/Users/ayush/Downloads/date-fruit-quality-ml/data/raw/sequee-23.jpeg,Al-sagai,zenodo,train,sequee-23,/Users/ayush/Downloads/date-fruit-quality-ml/data/processed/train/Al-sagai/zenodo__sequee-23.jpg
/Users/ayush/Downloads/date-fruit-quality-ml/data/raw/sequee-24.jpeg,Al-sagai,zenodo,test,sequee-24,/Users/ayush/Downloads/date-fruit-quality-ml/data/processed/test/Al-sagai/zenodo__sequee-24.jpg
/Users/ayush/Downloads/date-fruit-quality-ml/data/raw/sequee-25.jpeg,Al-sagai,zenodo,train,sequee-25,/Users/ayush/Downloads/date-fruit-quality-ml/data/processed/train/Al-sagai/zenodo__sequee-25.jpg
/Users/ayush/Downloads/date-fruit-quality-ml/data/raw/sequee-26.jpeg,Al-sagai,zenodo,train,sequee-26,/Users/ayush/Downloads/date-fruit-quality-ml/data/processed/train/Al-sagai/zenodo__sequee-26.jpg
/Users/ayush/Downloads/date-fruit-quality-ml/data/raw/sequee-27.jpeg,Al-sagai,zenodo,train,sequee-27,/Users/ayush/Downloads/date-fruit-quality-ml/data/processed/train/Al-sagai/zenodo__sequee-27.jpg
/Users/ayush/Downloads/date-fruit-quality-ml/data/raw/sequee-28.jpeg,Al-sagai,zenodo,train,sequee-28,/Users/ayush/Downloads/date-fruit-quality-ml/data/processed/train/Al-sagai/zenodo__sequee-28.jpg
/Users/ayush/Downloads/date-fruit-quality-ml/data/raw/sequee-29.jpeg,Al-sagai,zenodo,train,sequee-29,/Users/ayush/Downloads/date-fruit-quality-ml/data/processed/train/Al-sagai/zenodo__sequee-29.jpg
/Users/ayush/Downloads/date-fruit-quality-ml/data/raw/sequee-3.jpeg,Al-sagai,zenodo,test,sequee-3,/Users/ayush/Downloads/date-fruit-quality-ml/data/processed/test/Al-sagai/zenodo__sequee-3.jpg
/Users/ayush/Downloads/date-fruit-quality-ml/data/raw/sequee-30.jpeg,Al-sagai,zenodo,train,sequee-30,/Users/ayush/Downloads/date-fruit-quality-ml/data/processed/train/Al-sagai/zenodo__sequee-30.jpg
/Users/ayush/Downloads/date-fruit-quality-ml/data/raw/sequee-31.jpeg,Al-sagai,zenodo,train,sequee-31,/Users/ayush/Downloads/date-fruit-quality-ml/data/processed/train/Al-sagai/zenodo__sequee-31.jpg
/Users/ayush/Downloads/date-fruit-quality-ml/data/raw/sequee-32.jpeg,Al-sagai,zenodo,val,sequee-32,/Users/ayush/Downloads/date-fruit-quality-ml/data/processed/val/Al-sagai/zenodo__sequee-32.jpg
/Users/ayush/Downloads/date-fruit-quality-ml/data/raw/sequee-33.jpeg,Al-sagai,zenodo,train,sequee-33,/Users/ayush/Downloads/date-fruit-quality-ml/data/processed/train/Al-sagai/zenodo__sequee-33.jpg
/Users/ayush/Downloads/date-fruit-quality-ml/data/raw/sequee-34.jpeg,Al-sagai,zenodo,train,sequee-34,/Users/ayush/Downloads/date-fruit-quality-ml/data/processed/train/Al-sagai/zenodo__sequee-34.jpg
/Users/ayush/Downloads/date-fruit-quality-ml/data/raw/sequee-35.jpeg,Al-sagai,zenodo,train,sequee-35,/Users/ayush/Downloads/date-fruit-quality-ml/data/processed/train/Al-sagai/zenodo__sequee-35.jpg
/Users/ayush/Downloads/date-fruit-quality-ml/data/raw/sequee-36.jpeg,Al-sagai,zenodo,test,sequee-36,/Users/ayush/Downloads/date-fruit-quality-ml/data/processed/test/Al-sagai/zenodo__sequee-36.jpg
/Users/ayush/Downloads/date-fruit-quality-ml/data/raw/sequee-37.jpeg,Al-sagai,zenodo,val,sequee-37,/Users/ayush/Downloads/date-fruit-quality-ml/data/processed/val/Al-sagai/zenodo__sequee-37.jpg
/Users/ayush/Downloads/date-fruit-quality-ml/data/raw/sequee-38.jpeg,Al-sagai,zenodo,train,sequee-38,/Users/ayush/Downloads/date-fruit-quality-ml/data/processed/train/Al-sagai/zenodo__sequee-38.jpg
/Users/ayush/Downloads/date-fruit-quality-ml/data/raw/sequee-39.jpeg,Al-sagai,zenodo,train,sequee-39,/Users/ayush/Downloads/date-fruit-quality-ml/data/processed/train/Al-sagai/zenodo__sequee-39.jpg
/Users/ayush/Downloads/date-fruit-quality-ml/data/raw/sequee-4.jpeg,Al-sagai,zenodo,test,sequee-4,/Users/ayush/Downloads/date-fruit-quality-ml/data/processed/test/Al-sagai/zenodo__sequee-4.jpg
/Users/ayush/Downloads/date-fruit-quality-ml/data/raw/sequee-40.jpeg,Al-sagai,zenodo,train,sequee-40,/Users/ayush/Downloads/date-fruit-quality-ml/data/processed/train/Al-sagai/zenodo__sequee-40.jpg
/Users/ayush/Downloads/date-fruit-quality-ml/data/raw/sequee-41.jpeg,Al-sagai,zenodo,train,sequee-41,/Users/ayush/Downloads/date-fruit-quality-ml/data/processed/train/Al-sagai/zenodo__sequee-41.jpg
/Users/ayush/Downloads/date-fruit-quality-ml/data/raw/sequee-42.jpeg,Al-sagai,zenodo,train,sequee-42,/Users/ayush/Downloads/date-fruit-quality-ml/data/processed/train/Al-sagai/zenodo__sequee-42.jpg
/Users/ayush/Downloads/date-fruit-quality-ml/data/raw/sequee-43.jpeg,Al-sagai,zenodo,test,sequee-43,/Users/ayush/Downloads/date-fruit-quality-ml/data/processed/test/Al-sagai/zenodo__sequee-43.jpg
/Users/ayush/Downloads/date-fruit-quality-ml/data/raw/sequee-44.jpeg,Al-sagai,zenodo,val,sequee-44,/Users/ayush/Downloads/date-fruit-quality-ml/data/processed/val/Al-sagai/zenodo__sequee-44.jpg
/Users/ayush/Downloads/date-fruit-quality-ml/data/raw/sequee-45.jpeg,Al-sagai,zenodo,train,sequee-45,/Users/ayush/Downloads/date-fruit-quality-ml/data/processed/train/Al-sagai/zenodo__sequee-45.jpg
/Users/ayush/Downloads/date-fruit-quality-ml/data/raw/sequee-46.jpeg,Al-sagai,zenodo,train,sequee-46,/Users/ayush/Downloads/date-fruit-quality-ml/data/processed/train/Al-sagai/zenodo__sequee-46.jpg
/Users/ayush/Downloads/date-fruit-quality-ml/data/raw/sequee-47.jpeg,Al-sagai,zenodo,train,sequee-47,/Users/ayush/Downloads/date-fruit-quality-ml/data/processed/train/Al-sagai/zenodo__sequee-47.jpg
/Users/ayush/Downloads/date-fruit-quality-ml/data/raw/sequee-5.jpeg,Al-sagai,zenodo,train,sequee-5,/Users/ayush/Downloads/date-fruit-quality-ml/data/processed/train/Al-sagai/zenodo__sequee-5.jpg
/Users/ayush/Downloads/date-fruit-quality-ml/data/raw/sequee-6.jpeg,Al-sagai,zenodo,train,sequee-6,/Users/ayush/Downloads/date-fruit-quality-ml/data/processed/train/Al-sagai/zenodo__sequee-6.jpg
/Users/ayush/Downloads/date-fruit-quality-ml/data/raw/sequee-7.jpeg,Al-sagai,zenodo,train,sequee-7,/Users/ayush/Downloads/date-fruit-quality-ml/data/processed/train/Al-sagai/zenodo__sequee-7.jpg
/Users/ayush/Downloads/date-fruit-quality-ml/data/raw/sequee-8.jpeg,Al-sagai,zenodo,train,sequee-8,/Users/ayush/Downloads/date-fruit-quality-ml/data/processed/train/Al-sagai/zenodo__sequee-8.jpg
/Users/ayush/Downloads/date-fruit-quality-ml/data/raw/sequee-9.jpeg,Al-sagai,zenodo,train,sequee-9,/Users/ayush/Downloads/date-fruit-quality-ml/data/processed/train/Al-sagai/zenodo__sequee-9.jpg
/Users/ayush/Downloads/date-fruit-quality-ml/data/raw/skri_magrosh-1.jpg,Al-skri_magrosh,zenodo,train,skri_magrosh-1,/Users/ayush/Downloads/date-fruit-quality-ml/data/processed/train/Al-skri_magrosh/zenodo__skri_magrosh-1.jpg
/Users/ayush/Downloads/date-fruit-quality-ml/data/raw/skri_magrosh-10.JPG,Al-skri_magrosh,zenodo,train,skri_magrosh-10,/Users/ayush/Downloads/date-fruit-quality-ml/data/processed/train/Al-skri_magrosh/zenodo__skri_magrosh-10.jpg
/Users/ayush/Downloads/date-fruit-quality-ml/data/raw/skri_magrosh-11.JPG,Al-skri_magrosh,zenodo,train,skri_magrosh-11,/Users/ayush/Downloads/date-fruit-quality-ml/data/processed/train/Al-skri_magrosh/zenodo__skri_magrosh-11.jpg
/Users/ayush/Downloads/date-fruit-quality-ml/data/raw/skri_magrosh-12.JPG,Al-skri_magrosh,zenodo,train,skri_magrosh-12,/Users/ayush/Downloads/date-fruit-quality-ml/data/processed/train/Al-skri_magrosh/zenodo__skri_magrosh-12.jpg
/Users/ayush/Downloads/date-fruit-quality-ml/data/raw/skri_magrosh-13.PNG,Al-skri_magrosh,zenodo,train,skri_magrosh-13,/Users/ayush/Downloads/date-fruit-quality-ml/data/processed/train/Al-skri_magrosh/zenodo__skri_magrosh-13.jpg
/Users/ayush/Downloads/date-fruit-quality-ml/data/raw/skri_magrosh-14.JPG,Al-skri_magrosh,zenodo,train,skri_magrosh-14,/Users/ayush/Downloads/date-fruit-quality-ml/data/processed/train/Al-skri_magrosh/zenodo__skri_magrosh-14.jpg
/Users/ayush/Downloads/date-fruit-quality-ml/data/raw/skri_magrosh-15.JPG,Al-skri_magrosh,zenodo,train,skri_magrosh-15,/Users/ayush/Downloads/date-fruit-quality-ml/data/processed/train/Al-skri_magrosh/zenodo__skri_magrosh-15.jpg
/Users/ayush/Downloads/date-fruit-quality-ml/data/raw/skri_magrosh-16.JPG,Al-skri_magrosh,zenodo,train,skri_magrosh-16,/Users/ayush/Downloads/date-fruit-quality-ml/data/processed/train/Al-skri_magrosh/zenodo__skri_magrosh-16.jpg
/Users/ayush/Downloads/date-fruit-quality-ml/data/raw/skri_magrosh-17.JPG,Al-skri_magrosh,zenodo,val,skri_magrosh-17,/Users/ayush/Downloads/date-fruit-quality-ml/data/processed/val/Al-skri_magrosh/zenodo__skri_magrosh-17.jpg
/Users/ayush/Downloads/date-fruit-quality-ml/data/raw/skri_magrosh-18.JPG,Al-skri_magrosh,zenodo,val,skri_magrosh-18,/Users/ayush/Downloads/date-fruit-quality-ml/data/processed/val/Al-skri_magrosh/zenodo__skri_magrosh-18.jpg
/Users/ayush/Downloads/date-fruit-quality-ml/data/raw/skri_magrosh-19.JPG,Al-skri_magrosh,zenodo,train,skri_magrosh-19,/Users/ayush/Downloads/date-fruit-quality-ml/data/processed/train/Al-skri_magrosh/zenodo__skri_magrosh-19.jpg
/Users/ayush/Downloads/date-fruit-quality-ml/data/raw/skri_magrosh-2.PNG,Al-skri_magrosh,zenodo,train,skri_magrosh-2,/Users/ayush/Downloads/date-fruit-quality-ml/data/processed/train/Al-skri_magrosh/zenodo__skri_magrosh-2.jpg
/Users/ayush/Downloads/date-fruit-quality-ml/data/raw/skri_magrosh-20.JPG,Al-skri_magrosh,zenodo,train,skri_magrosh-20,/Users/ayush/Downloads/date-fruit-quality-ml/data/processed/train/Al-skri_magrosh/zenodo__skri_magrosh-20.jpg
/Users/ayush/Downloads/date-fruit-quality-ml/data/raw/skri_magrosh-21.JPG,Al-skri_magrosh,zenodo,test,skri_magrosh-21,/Users/ayush/Downloads/date-fruit-quality-ml/data/processed/test/Al-skri_magrosh/zenodo__skri_magrosh-21.jpg
/Users/ayush/Downloads/date-fruit-quality-ml/data/raw/skri_magrosh-22.JPG,Al-skri_magrosh,zenodo,train,skri_magrosh-22,/Users/ayush/Downloads/date-fruit-quality-ml/data/processed/train/Al-skri_magrosh/zenodo__skri_magrosh-22.jpg
/Users/ayush/Downloads/date-fruit-quality-ml/data/raw/skri_magrosh-23.JPG,Al-skri_magrosh,zenodo,train,skri_magrosh-23,/Users/ayush/Downloads/date-fruit-quality-ml/data/processed/train/Al-skri_magrosh/zenodo__skri_magrosh-23.jpg
/Users/ayush/Downloads/date-fruit-quality-ml/data/raw/skri_magrosh-24.JPG,Al-skri_magrosh,zenodo,val,skri_magrosh-24,/Users/ayush/Downloads/date-fruit-quality-ml/data/processed/val/Al-skri_magrosh/zenodo__skri_magrosh-24.jpg
/Users/ayush/Downloads/date-fruit-quality-ml/data/raw/skri_magrosh-25.JPG,Al-skri_magrosh,zenodo,train,skri_magrosh-25,/Users/ayush/Downloads/date-fruit-quality-ml/data/processed/train/Al-skri_magrosh/zenodo__skri_magrosh-25.jpg
/Users/ayush/Downloads/date-fruit-quality-ml/data/raw/skri_magrosh-26.JPG,Al-skri_magrosh,zenodo,train,skri_magrosh-26,/Users/ayush/Downloads/date-fruit-quality-ml/data/processed/train/Al-skri_magrosh/zenodo__skri_magrosh-26.jpg
/Users/ayush/Downloads/date-fruit-quality-ml/data/raw/skri_magrosh-27.JPG,Al-skri_magrosh,zenodo,train,skri_magrosh-27,/Users/ayush/Downloads/date-fruit-quality-ml/data/processed/train/Al-skri_magrosh/zenodo__skri_magrosh-27.jpg
/Users/ayush/Downloads/date-fruit-quality-ml/data/raw/skri_magrosh-28.JPG,Al-skri_magrosh,zenodo,train,skri_magrosh-28,/Users/ayush/Downloads/date-fruit-quality-ml/data/processed/train/Al-skri_magrosh/zenodo__skri_magrosh-28.jpg
/Users/ayush/Downloads/date-fruit-quality-ml/data/raw/skri_magrosh-29.JPG,Al-skri_magrosh,zenodo,val,skri_magrosh-29,/Users/ayush/Downloads/date-fruit-quality-ml/data/processed/val/Al-skri_magrosh/zenodo__skri_magrosh-29.jpg
/Users/ayush/Downloads/date-fruit-quality-ml/data/raw/skri_magrosh-3.PNG,Al-skri_magrosh,zenodo,test,skri_magrosh-3,/Users/ayush/Downloads/date-fruit-quality-ml/data/processed/test/Al-skri_magrosh/zenodo__skri_magrosh-3.jpg
/Users/ayush/Downloads/date-fruit-quality-ml/data/raw/skri_magrosh-30.JPG,Al-skri_magrosh,zenodo,test,skri_magrosh-30,/Users/ayush/Downloads/date-fruit-quality-ml/data/processed/test/Al-skri_magrosh/zenodo__skri_magrosh-30.jpg
/Users/ayush/Downloads/date-fruit-quality-ml/data/raw/skri_magrosh-31.JPG,Al-skri_magrosh,zenodo,train,skri_magrosh-31,/Users/ayush/Downloads/date-fruit-quality-ml/data/processed/train/Al-skri_magrosh/zenodo__skri_magrosh-31.jpg
/Users/ayush/Downloads/date-fruit-quality-ml/data/raw/skri_magrosh-32.JPG,Al-skri_magrosh,zenodo,train,skri_magrosh-32,/Users/ayush/Downloads/date-fruit-quality-ml/data/processed/train/Al-skri_magrosh/zenodo__skri_magrosh-32.jpg
/Users/ayush/Downloads/date-fruit-quality-ml/data/raw/skri_magrosh-33.JPG,Al-skri_magrosh,zenodo,train,skri_magrosh-33,/Users/ayush/Downloads/date-fruit-quality-ml/data/processed/train/Al-skri_magrosh/zenodo__skri_magrosh-33.jpg
/Users/ayush/Downloads/date-fruit-quality-ml/data/raw/skri_magrosh-34.JPG,Al-skri_magrosh,zenodo,train,skri_magrosh-34,/Users/ayush/Downloads/date-fruit-quality-ml/data/processed/train/Al-skri_magrosh/zenodo__skri_magrosh-34.jpg
/Users/ayush/Downloads/date-fruit-quality-ml/data/raw/skri_magrosh-35.JPG,Al-skri_magrosh,zenodo,train,skri_magrosh-35,/Users/ayush/Downloads/date-fruit-quality-ml/data/processed/train/Al-skri_magrosh/zenodo__skri_magrosh-35.jpg
/Users/ayush/Downloads/date-fruit-quality-ml/data/raw/skri_magrosh-36.JPG,Al-skri_magrosh,zenodo,test,skri_magrosh-36,/Users/ayush/Downloads/date-fruit-quality-ml/data/processed/test/Al-skri_magrosh/zenodo__skri_magrosh-36.jpg
/Users/ayush/Downloads/date-fruit-quality-ml/data/raw/skri_magrosh-37.JPG,Al-skri_magrosh,zenodo,train,skri_magrosh-37,/Users/ayush/Downloads/date-fruit-quality-ml/data/processed/train/Al-skri_magrosh/zenodo__skri_magrosh-37.jpg
/Users/ayush/Downloads/date-fruit-quality-ml/data/raw/skri_magrosh-38.JPG,Al-skri_magrosh,zenodo,val,skri_magrosh-38,/Users/ayush/Downloads/date-fruit-quality-ml/data/processed/val/Al-skri_magrosh/zenodo__skri_magrosh-38.jpg
/Users/ayush/Downloads/date-fruit-quality-ml/data/raw/skri_magrosh-39.JPG,Al-skri_magrosh,zenodo,train,skri_magrosh-39,/Users/ayush/Downloads/date-fruit-quality-ml/data/processed/train/Al-skri_magrosh/zenodo__skri_magrosh-39.jpg
/Users/ayush/Downloads/date-fruit-quality-ml/data/raw/skri_magrosh-4.PNG,Al-skri_magrosh,zenodo,test,skri_magrosh-4,/Users/ayush/Downloads/date-fruit-quality-ml/data/processed/test/Al-skri_magrosh/zenodo__skri_magrosh-4.jpg
/Users/ayush/Downloads/date-fruit-quality-ml/data/raw/skri_magrosh-40.JPG,Al-skri_magrosh,zenodo,val,skri_magrosh-40,/Users/ayush/Downloads/date-fruit-quality-ml/data/processed/val/Al-skri_magrosh/zenodo__skri_magrosh-40.jpg
/Users/ayush/Downloads/date-fruit-quality-ml/data/raw/skri_magrosh-41.JPG,Al-skri_magrosh,zenodo,train,skri_magrosh-41,/Users/ayush/Downloads/date-fruit-quality-ml/data/processed/train/Al-skri_magrosh/zenodo__skri_magrosh-41.jpg
/Users/ayush/Downloads/date-fruit-quality-ml/data/raw/skri_magrosh-42.PNG,Al-skri_magrosh,zenodo,train,skri_magrosh-42,/Users/ayush/Downloads/date-fruit-quality-ml/data/processed/train/Al-skri_magrosh/zenodo__skri_magrosh-42.jpg
/Users/ayush/Downloads/date-fruit-quality-ml/data/raw/skri_magrosh-43.JPG,Al-skri_magrosh,zenodo,train,skri_magrosh-43,/Users/ayush/Downloads/date-fruit-quality-ml/data/processed/train/Al-skri_magrosh/zenodo__skri_magrosh-43.jpg
/Users/ayush/Downloads/date-fruit-quality-ml/data/raw/skri_magrosh-44.JPG,Al-skri_magrosh,zenodo,train,skri_magrosh-44,/Users/ayush/Downloads/date-fruit-quality-ml/data/processed/train/Al-skri_magrosh/zenodo__skri_magrosh-44.jpg
/Users/ayush/Downloads/date-fruit-quality-ml/data/raw/skri_magrosh-45.JPG,Al-skri_magrosh,zenodo,train,skri_magrosh-45,/Users/ayush/Downloads/date-fruit-quality-ml/data/processed/train/Al-skri_magrosh/zenodo__skri_magrosh-45.jpg
/Users/ayush/Downloads/date-fruit-quality-ml/data/raw/skri_magrosh-46.JPG,Al-skri_magrosh,zenodo,train,skri_magrosh-46,/Users/ayush/Downloads/date-fruit-quality-ml/data/processed/train/Al-skri_magrosh/zenodo__skri_magrosh-46.jpg
/Users/ayush/Downloads/date-fruit-quality-ml/data/raw/skri_magrosh-47.JPG,Al-skri_magrosh,zenodo,train,skri_magrosh-47,/Users/ayush/Downloads/date-fruit-quality-ml/data/processed/train/Al-skri_magrosh/zenodo__skri_magrosh-47.jpg
/Users/ayush/Downloads/date-fruit-quality-ml/data/raw/skri_magrosh-48.JPG,Al-skri_magrosh,zenodo,train,skri_magrosh-48,/Users/ayush/Downloads/date-fruit-quality-ml/data/processed/train/Al-skri_magrosh/zenodo__skri_magrosh-48.jpg
/Users/ayush/Downloads/date-fruit-quality-ml/data/raw/skri_magrosh-49.JPG,Al-skri_magrosh,zenodo,test,skri_magrosh-49,/Users/ayush/Downloads/date-fruit-quality-ml/data/processed/test/Al-skri_magrosh/zenodo__skri_magrosh-49.jpg
/Users/ayush/Downloads/date-fruit-quality-ml/data/raw/skri_magrosh-5.JPG,Al-skri_magrosh,zenodo,train,skri_magrosh-5,/Users/ayush/Downloads/date-fruit-quality-ml/data/processed/train/Al-skri_magrosh/zenodo__skri_magrosh-5.jpg
/Users/ayush/Downloads/date-fruit-quality-ml/data/raw/skri_magrosh-50.PNG,Al-skri_magrosh,zenodo,val,skri_magrosh-50,/Users/ayush/Downloads/date-fruit-quality-ml/data/processed/val/Al-skri_magrosh/zenodo__skri_magrosh-50.jpg
/Users/ayush/Downloads/date-fruit-quality-ml/data/raw/skri_magrosh-51.JPG,Al-skri_magrosh,zenodo,train,skri_magrosh-51,/Users/ayush/Downloads/date-fruit-quality-ml/data/processed/train/Al-skri_magrosh/zenodo__skri_magrosh-51.jpg
/Users/ayush/Downloads/date-fruit-quality-ml/data/raw/skri_magrosh-52.JPG,Al-skri_magrosh,zenodo,train,skri_magrosh-52,/Users/ayush/Downloads/date-fruit-quality-ml/data/processed/train/Al-skri_magrosh/zenodo__skri_magrosh-52.jpg
/Users/ayush/Downloads/date-fruit-quality-ml/data/raw/skri_magrosh-53.JPG,Al-skri_magrosh,zenodo,val,skri_magrosh-53,/Users/ayush/Downloads/date-fruit-quality-ml/data/processed/val/Al-skri_magrosh/zenodo__skri_magrosh-53.jpg
/Users/ayush/Downloads/date-fruit-quality-ml/data/raw/skri_magrosh-54.JPG,Al-skri_magrosh,zenodo,train,skri_magrosh-54,/Users/ayush/Downloads/date-fruit-quality-ml/data/processed/train/Al-skri_magrosh/zenodo__skri_magrosh-54.jpg
/Users/ayush/Downloads/date-fruit-quality-ml/data/raw/skri_magrosh-55.JPG,Al-skri_magrosh,zenodo,train,skri_magrosh-55,/Users/ayush/Downloads/date-fruit-quality-ml/data/processed/train/Al-skri_magrosh/zenodo__skri_magrosh-55.jpg
/Users/ayush/Downloads/date-fruit-quality-ml/data/raw/skri_magrosh-56.JPG,Al-skri_magrosh,zenodo,test,skri_magrosh-56,/Users/ayush/Downloads/date-fruit-quality-ml/data/processed/test/Al-skri_magrosh/zenodo__skri_magrosh-56.jpg
/Users/ayush/Downloads/date-fruit-quality-ml/data/raw/skri_magrosh-57.JPG,Al-skri_magrosh,zenodo,val,skri_magrosh-57,/Users/ayush/Downloads/date-fruit-quality-ml/data/processed/val/Al-skri_magrosh/zenodo__skri_magrosh-57.jpg
/Users/ayush/Downloads/date-fruit-quality-ml/data/raw/skri_magrosh-58.JPG,Al-skri_magrosh,zenodo,train,skri_magrosh-58,/Users/ayush/Downloads/date-fruit-quality-ml/data/processed/train/Al-skri_magrosh/zenodo__skri_magrosh-58.jpg
/Users/ayush/Downloads/date-fruit-quality-ml/data/raw/skri_magrosh-59.JPG,Al-skri_magrosh,zenodo,train,skri_magrosh-59,/Users/ayush/Downloads/date-fruit-quality-ml/data/processed/train/Al-skri_magrosh/zenodo__skri_magrosh-59.jpg
/Users/ayush/Downloads/date-fruit-quality-ml/data/raw/skri_magrosh-6.JPG,Al-skri_magrosh,zenodo,test,skri_magrosh-6,/Users/ayush/Downloads/date-fruit-quality-ml/data/processed/test/Al-skri_magrosh/zenodo__skri_magrosh-6.jpg
/Users/ayush/Downloads/date-fruit-quality-ml/data/raw/skri_magrosh-60.JPG,Al-skri_magrosh,zenodo,train,skri_magrosh-60,/Users/ayush/Downloads/date-fruit-quality-ml/data/processed/train/Al-skri_magrosh/zenodo__skri_magrosh-60.jpg
/Users/ayush/Downloads/date-fruit-quality-ml/data/raw/skri_magrosh-61.JPG,Al-skri_magrosh,zenodo,test,skri_magrosh-61,/Users/ayush/Downloads/date-fruit-quality-ml/data/processed/test/Al-skri_magrosh/zenodo__skri_magrosh-61.jpg
/Users/ayush/Downloads/date-fruit-quality-ml/data/raw/skri_magrosh-62.PNG,Al-skri_magrosh,zenodo,train,skri_magrosh-62,/Users/ayush/Downloads/date-fruit-quality-ml/data/processed/train/Al-skri_magrosh/zenodo__skri_magrosh-62.jpg
/Users/ayush/Downloads/date-fruit-quality-ml/data/raw/skri_magrosh-7.JPG,Al-skri_magrosh,zenodo,train,skri_magrosh-7,/Users/ayush/Downloads/date-fruit-quality-ml/data/processed/train/Al-skri_magrosh/zenodo__skri_magrosh-7.jpg
/Users/ayush/Downloads/date-fruit-quality-ml/data/raw/skri_magrosh-8.JPG,Al-skri_magrosh,zenodo,train,skri_magrosh-8,/Users/ayush/Downloads/date-fruit-quality-ml/data/processed/train/Al-skri_magrosh/zenodo__skri_magrosh-8.jpg
/Users/ayush/Downloads/date-fruit-quality-ml/data/raw/skri_magrosh-9.JPG,Al-skri_magrosh,zenodo,test,skri_magrosh-9,/Users/ayush/Downloads/date-fruit-quality-ml/data/processed/test/Al-skri_magrosh/zenodo__skri_magrosh-9.jpg
/Users/ayush/Downloads/date-fruit-quality-ml/data/kaggle/alhamdan/Ajwa/Ajwa Date (1).JPG,Al-ajwa,alhamdan,train,Ajwa Date (1),/Users/ayush/Downloads/date-fruit-quality-ml/data/processed/train/Al-ajwa/alhamdan__Ajwa Date (1).jpg
/Users/ayush/Downloads/date-fruit-quality-ml/data/kaggle/alhamdan/Ajwa/Ajwa Date (10).JPG,Al-ajwa,alhamdan,val,Ajwa Date (10),/Users/ayush/Downloads/date-fruit-quality-ml/data/processed/val/Al-ajwa/alhamdan__Ajwa Date (10).jpg
/Users/ayush/Downloads/date-fruit-quality-ml/data/kaggle/alhamdan/Ajwa/Ajwa Date (100).JPG,Al-ajwa,alhamdan,train,Ajwa Date (100),/Users/ayush/Downloads/date-fruit-quality-ml/data/processed/train/Al-ajwa/alhamdan__Ajwa Date (100).jpg
/Users/ayush/Downloads/date-fruit-quality-ml/data/kaggle/alhamdan/Ajwa/Ajwa Date (101).JPG,Al-ajwa,alhamdan,train,Ajwa Date (101),/Users/ayush/Downloads/date-fruit-quality-ml/data/processed/train/Al-ajwa/alhamdan__Ajwa Date (101).jpg
/Users/ayush/Downloads/date-fruit-quality-ml/data/kaggle/alhamdan/Ajwa/Ajwa Date (102).JPG,Al-ajwa,alhamdan,train,Ajwa Date (102),/Users/ayush/Downloads/date-fruit-quality-ml/data/processed/train/Al-ajwa/alhamdan__Ajwa Date (102).jpg
/Users/ayush/Downloads/date-fruit-quality-ml/data/kaggle/alhamdan/Ajwa/Ajwa Date (103).JPG,Al-ajwa,alhamdan,train,Ajwa Date (103),/Users/ayush/Downloads/date-fruit-quality-ml/data/processed/train/Al-ajwa/alhamdan__Ajwa Date (103).jpg
/Users/ayush/Downloads/date-fruit-quality-ml/data/kaggle/alhamdan/Ajwa/Ajwa Date (104).JPG,Al-ajwa,alhamdan,train,Ajwa Date (104),/Users/ayush/Downloads/date-fruit-quality-ml/data/processed/train/Al-ajwa/alhamdan__Ajwa Date (104).jpg
/Users/ayush/Downloads/date-fruit-quality-ml/data/kaggle/alhamdan/Ajwa/Ajwa Date (105).JPG,Al-ajwa,alhamdan,test,Ajwa Date (105),/Users/ayush/Downloads/date-fruit-quality-ml/data/processed/test/Al-ajwa/alhamdan__Ajwa Date (105).jpg
/Users/ayush/Downloads/date-fruit-quality-ml/data/kaggle/alhamdan/Ajwa/Ajwa Date (106).JPG,Al-ajwa,alhamdan,test,Ajwa Date (106),/Users/ayush/Downloads/date-fruit-quality-ml/data/processed/test/Al-ajwa/alhamdan__Ajwa Date (106).jpg
/Users/ayush/Downloads/date-fruit-quality-ml/data/kaggle/alhamdan/Ajwa/Ajwa Date (107).JPG,Al-ajwa,alhamdan,train,Ajwa Date (107),/Users/ayush/Downloads/date-fruit-quality-ml/data/processed/train/Al-ajwa/alhamdan__Ajwa Date (107).jpg
/Users/ayush/Downloads/date-fruit-quality-ml/data/kaggle/alhamdan/Ajwa/Ajwa Date (108).JPG,Al-ajwa,alhamdan,train,Ajwa Date (108),/Users/ayush/Downloads/date-fruit-quality-ml/data/processed/train/Al-ajwa/alhamdan__Ajwa Date (108).jpg
/Users/ayush/Downloads/date-fruit-quality-ml/data/kaggle/alhamdan/Ajwa/Ajwa Date (109).JPG,Al-ajwa,alhamdan,train,Ajwa Date (109),/Users/ayush/Downloads/date-fruit-quality-ml/data/processed/train/Al-ajwa/alhamdan__Ajwa Date (109).jpg
/Users/ayush/Downloads/date-fruit-quality-ml/data/kaggle/alhamdan/Ajwa/Ajwa Date (11).JPG,Al-ajwa,alhamdan,train,Ajwa Date (11),/Users/ayush/Downloads/date-fruit-quality-ml/data/processed/train/Al-ajwa/alhamdan__Ajwa Date (11).jpg
/Users/ayush/Downloads/date-fruit-quality-ml/data/kaggle/alhamdan/Ajwa/Ajwa Date (110).JPG,Al-ajwa,alhamdan,test,Ajwa Date (110),/Users/ayush/Downloads/date-fruit-quality-ml/data/processed/test/Al-ajwa/alhamdan__Ajwa Date (110).jpg
/Users/ayush/Downloads/date-fruit-quality-ml/data/kaggle/alhamdan/Ajwa/Ajwa Date (111).JPG,Al-ajwa,alhamdan,val,Ajwa Date (111),/Users/ayush/Downloads/date-fruit-quality-ml/data/processed/val/Al-ajwa/alhamdan__Ajwa Date (111).jpg
/Users/ayush/Downloads/date-fruit-quality-ml/data/kaggle/alhamdan/Ajwa/Ajwa Date (112).JPG,Al-ajwa,alhamdan,train,Ajwa Date (112),/Users/ayush/Downloads/date-fruit-quality-ml/data/processed/train/Al-ajwa/alhamdan__Ajwa Date (112).jpg
/Users/ayush/Downloads/date-fruit-quality-ml/data/kaggle/alhamdan/Ajwa/Ajwa Date (113).JPG,Al-ajwa,alhamdan,train,Ajwa Date (113),/Users/ayush/Downloads/date-fruit-quality-ml/data/processed/train/Al-ajwa/alhamdan__Ajwa Date (113).jpg
/Users/ayush/Downloads/date-fruit-quality-ml/data/kaggle/alhamdan/Ajwa/Ajwa Date (114).JPG,Al-ajwa,alhamdan,val,Ajwa Date (114),/Users/ayush/Downloads/date-fruit-quality-ml/data/processed/val/Al-ajwa/alhamdan__Ajwa Date (114).jpg
/Users/ayush/Downloads/date-fruit-quality-ml/data/kaggle/alhamdan/Ajwa/Ajwa Date (115).JPG,Al-ajwa,alhamdan,train,Ajwa Date (115),/Users/ayush/Downloads/date-fruit-quality-ml/data/processed/train/Al-ajwa/alhamdan__Ajwa Date (115).jpg
/Users/ayush/Downloads/date-fruit-quality-ml/data/kaggle/alhamdan/Ajwa/Ajwa Date (116).JPG,Al-ajwa,alhamdan,train,Ajwa Date (116),/Users/ayush/Downloads/date-fruit-quality-ml/data/processed/train/Al-ajwa/alhamdan__Ajwa Date (116).jpg
/Users/ayush/Downloads/date-fruit-quality-ml/data/kaggle/alhamdan/Ajwa/Ajwa Date (117).JPG,Al-ajwa,alhamdan,test,Ajwa Date (117),/Users/ayush/Downloads/date-fruit-quality-ml/data/processed/test/Al-ajwa/alhamdan__Ajwa Date (117).jpg
/Users/ayush/Downloads/date-fruit-quality-ml/data/kaggle/alhamdan/Ajwa/Ajwa Date (118).JPG,Al-ajwa,alhamdan,val,Ajwa Date (118),/Users/ayush/Downloads/date-fruit-quality-ml/data/processed/val/Al-ajwa/alhamdan__Ajwa Date (118).jpg
/Users/ayush/Downloads/date-fruit-quality-ml/data/kaggle/alhamdan/Ajwa/Ajwa Date (119).JPG,Al-ajwa,alhamdan,train,Ajwa Date (119),/Users/ayush/Downloads/date-fruit-quality-ml/data/processed/train/Al-ajwa/alhamdan__Ajwa Date (119).jpg
/Users/ayush/Downloads/date-fruit-quality-ml/data/kaggle/alhamdan/Ajwa/Ajwa Date (12).JPG,Al-ajwa,alhamdan,train,Ajwa Date (12),/Users/ayush/Downloads/date-fruit-quality-ml/data/processed/train/Al-ajwa/alhamdan__Ajwa Date (12).jpg
/Users/ayush/Downloads/date-fruit-quality-ml/data/kaggle/alhamdan/Ajwa/Ajwa Date (120).JPG,Al-ajwa,alhamdan,train,Ajwa Date (120),/Users/ayush/Downloads/date-fruit-quality-ml/data/processed/train/Al-ajwa/alhamdan__Ajwa Date (120).jpg
/Users/ayush/Downloads/date-fruit-quality-ml/data/kaggle/alhamdan/Ajwa/Ajwa Date (121).JPG,Al-ajwa,alhamdan,train,Ajwa Date (121),/Users/ayush/Downloads/date-fruit-quality-ml/data/processed/train/Al-ajwa/alhamdan__Ajwa Date (121).jpg
/Users/ayush/Downloads/date-fruit-quality-ml/data/kaggle/alhamdan/Ajwa/Ajwa Date (122).JPG,Al-ajwa,alhamdan,train,Ajwa Date (122),/Users/ayush/Downloads/date-fruit-quality-ml/data/processed/train/Al-ajwa/alhamdan__Ajwa Date (122).jpg
/Users/ayush/Downloads/date-fruit-quality-ml/data/kaggle/alhamdan/Ajwa/Ajwa Date (123).JPG,Al-ajwa,alhamdan,train,Ajwa Date (123),/Users/ayush/Downloads/date-fruit-quality-ml/data/processed/train/Al-ajwa/alhamdan__Ajwa Date (123).jpg
/Users/ayush/Downloads/date-fruit-quality-ml/data/kaggle/alhamdan/Ajwa/Ajwa Date (124).JPG,Al-ajwa,alhamdan,train,Ajwa Date (124),/Users/ayush/Downloads/date-fruit-quality-ml/data/processed/train/Al-ajwa/alhamdan__Ajwa Date (124).jpg
/Users/ayush/Downloads/date-fruit-quality-ml/data/kaggle/alhamdan/Ajwa/Ajwa Date (125).JPG,Al-ajwa,alhamdan,train,Ajwa Date (125),/Users/ayush/Downloads/date-fruit-quality-ml/data/processed/train/Al-ajwa/alhamdan__Ajwa Date (125).jpg
/Users/ayush/Downloads/date-fruit-quality-ml/data/kaggle/alhamdan/Ajwa/Ajwa Date (126).JPG,Al-ajwa,alhamdan,train,Ajwa Date (126),/Users/ayush/Downloads/date-fruit-quality-ml/data/processed/train/Al-ajwa/alhamdan__Ajwa Date (126).jpg
/Users/ayush/Downloads/date-fruit-quality-ml/data/kaggle/alhamdan/Ajwa/Ajwa Date (127).JPG,Al-ajwa,alhamdan,train,Ajwa Date (127),/Users/ayush/Downloads/date-fruit-quality-ml/data/processed/train/Al-ajwa/alhamdan__Ajwa Date (127).jpg
/Users/ayush/Downloads/date-fruit-quality-ml/data/kaggle/alhamdan/Ajwa/Ajwa Date (128).JPG,Al-ajwa,alhamdan,train,Ajwa Date (128),/Users/ayush/Downloads/date-fruit-quality-ml/data/processed/train/Al-ajwa/alhamdan__Ajwa Date (128).jpg
/Users/ayush/Downloads/date-fruit-quality-ml/data/kaggle/alhamdan/Ajwa/Ajwa Date (129).JPG,Al-ajwa,alhamdan,train,Ajwa Date (129),/Users/ayush/Downloads/date-fruit-quality-ml/data/processed/train/Al-ajwa/alhamdan__Ajwa Date (129).jpg
/Users/ayush/Downloads/date-fruit-quality-ml/data/kaggle/alhamdan/Ajwa/Ajwa Date (13).JPG,Al-ajwa,alhamdan,train,Ajwa Date (13),/Users/ayush/Downloads/date-fruit-quality-ml/data/processed/train/Al-ajwa/alhamdan__Ajwa Date (13).jpg
/Users/ayush/Downloads/date-fruit-quality-ml/data/kaggle/alhamdan/Ajwa/Ajwa Date (130).JPG,Al-ajwa,alhamdan,train,Ajwa Date (130),/Users/ayush/Downloads/date-fruit-quality-ml/data/processed/train/Al-ajwa/alhamdan__Ajwa Date (130).jpg
/Users/ayush/Downloads/date-fruit-quality-ml/data/kaggle/alhamdan/Ajwa/Ajwa Date (131).JPG,Al-ajwa,alhamdan,train,Ajwa Date (131),/Users/ayush/Downloads/date-fruit-quality-ml/data/processed/train/Al-ajwa/alhamdan__Ajwa Date (131).jpg
/Users/ayush/Downloads/date-fruit-quality-ml/data/kaggle/alhamdan/Ajwa/Ajwa Date (132).JPG,Al-ajwa,alhamdan,test,Ajwa Date (132),/Users/ayush/Downloads/date-fruit-quality-ml/data/processed/test/Al-ajwa/alhamdan__Ajwa Date (132).jpg
/Users/ayush/Downloads/date-fruit-quality-ml/data/kaggle/alhamdan/Ajwa/Ajwa Date (133).JPG,Al-ajwa,alhamdan,train,Ajwa Date (133),/Users/ayush/Downloads/date-fruit-quality-ml/data/processed/train/Al-ajwa/alhamdan__Ajwa Date (133).jpg
/Users/ayush/Downloads/date-fruit-quality-ml/data/kaggle/alhamdan/Ajwa/Ajwa Date (134).JPG,Al-ajwa,alhamdan,train,Ajwa Date (134),/Users/ayush/Downloads/date-fruit-quality-ml/data/processed/train/Al-ajwa/alhamdan__Ajwa Date (134).jpg
/Users/ayush/Downloads/date-fruit-quality-ml/data/kaggle/alhamdan/Ajwa/Ajwa Date (135).JPG,Al-ajwa,alhamdan,train,Ajwa Date (135),/Users/ayush/Downloads/date-fruit-quality-ml/data/processed/train/Al-ajwa/alhamdan__Ajwa Date (135).jpg
/Users/ayush/Downloads/date-fruit-quality-ml/data/kaggle/alhamdan/Ajwa/Ajwa Date (136).JPG,Al-ajwa,alhamdan,train,Ajwa Date (136),/Users/ayush/Downloads/date-fruit-quality-ml/data/processed/train/Al-ajwa/alhamdan__Ajwa Date (136).jpg
/Users/ayush/Downloads/date-fruit-quality-ml/data/kaggle/alhamdan/Ajwa/Ajwa Date (137).JPG,Al-ajwa,alhamdan,train,Ajwa Date (137),/Users/ayush/Downloads/date-fruit-quality-ml/data/processed/train/Al-ajwa/alhamdan__Ajwa Date (137).jpg
/Users/ayush/Downloads/date-fruit-quality-ml/data/kaggle/alhamdan/Ajwa/Ajwa Date (138).JPG,Al-ajwa,alhamdan,test,Ajwa Date (138),/Users/ayush/Downloads/date-fruit-quality-ml/data/processed/test/Al-ajwa/alhamdan__Ajwa Date (138).jpg
/Users/ayush/Downloads/date-fruit-quality-ml/data/kaggle/alhamdan/Ajwa/Ajwa Date (139).JPG,Al-ajwa,alhamdan,train,Ajwa Date (139),/Users/ayush/Downloads/date-fruit-quality-ml/data/processed/train/Al-ajwa/alhamdan__Ajwa Date (139).jpg
/Users/ayush/Downloads/date-fruit-quality-ml/data/kaggle/alhamdan/Ajwa/Ajwa Date (14).JPG,Al-ajwa,alhamdan,train,Ajwa Date (14),/Users/ayush/Downloads/date-fruit-quality-ml/data/processed/train/Al-ajwa/alhamdan__Ajwa Date (14).jpg
/Users/ayush/Downloads/date-fruit-quality-ml/data/kaggle/alhamdan/Ajwa/Ajwa Date (140).JPG,Al-ajwa,alhamdan,train,Ajwa Date (140),/Users/ayush/Downloads/date-fruit-quality-ml/data/processed/train/Al-ajwa/alhamdan__Ajwa Date (140).jpg
/Users/ayush/Downloads/date-fruit-quality-ml/data/kaggle/alhamdan/Ajwa/Ajwa Date (141).JPG,Al-ajwa,alhamdan,train,Ajwa Date (141),/Users/ayush/Downloads/date-fruit-quality-ml/data/processed/train/Al-ajwa/alhamdan__Ajwa Date (141).jpg
/Users/ayush/Downloads/date-fruit-quality-ml/data/kaggle/alhamdan/Ajwa/Ajwa Date (142).JPG,Al-ajwa,alhamdan,test,Ajwa Date (142),/Users/ayush/Downloads/date-fruit-quality-ml/data/processed/test/Al-ajwa/alhamdan__Ajwa Date (142).jpg
/Users/ayush/Downloads/date-fruit-quality-ml/data/kaggle/alhamdan/Ajwa/Ajwa Date (143).JPG,Al-ajwa,alhamdan,train,Ajwa Date (143),/Users/ayush/Downloads/date-fruit-quality-ml/data/processed/train/Al-ajwa/alhamdan__Ajwa Date (143).jpg
/Users/ayush/Downloads/date-fruit-quality-ml/data/kaggle/alhamdan/Ajwa/Ajwa Date (144).JPG,Al-ajwa,alhamdan,val,Ajwa Date (144),/Users/ayush/Downloads/date-fruit-quality-ml/data/processed/val/Al-ajwa/alhamdan__Ajwa Date (144).jpg
/Users/ayush/Downloads/date-fruit-quality-ml/data/kaggle/alhamdan/Ajwa/Ajwa Date (145).JPG,Al-ajwa,alhamdan,train,Ajwa Date (145),/Users/ayush/Downloads/date-fruit-quality-ml/data/processed/train/Al-ajwa/alhamdan__Ajwa Date (145).jpg
/Users/ayush/Downloads/date-fruit-quality-ml/data/kaggle/alhamdan/Ajwa/Ajwa Date (146).JPG,Al-ajwa,alhamdan,val,Ajwa Date (146),/Users/ayush/Downloads/date-fruit-quality-ml/data/processed/val/Al-ajwa/alhamdan__Ajwa Date (146).jpg
/Users/ayush/Downloads/date-fruit-quality-ml/data/kaggle/alhamdan/Ajwa/Ajwa Date (147).JPG,Al-ajwa,alhamdan,train,Ajwa Date (147),/Users/ayush/Downloads/date-fruit-quality-ml/data/processed/train/Al-ajwa/alhamdan__Ajwa Date (147).jpg
/Users/ayush/Downloads/date-fruit-quality-ml/data/kaggle/alhamdan/Ajwa/Ajwa Date (148).JPG,Al-ajwa,alhamdan,test,Ajwa Date (148),/Users/ayush/Downloads/date-fruit-quality-ml/data/processed/test/Al-ajwa/alhamdan__Ajwa Date (148).jpg
/Users/ayush/Downloads/date-fruit-quality-ml/data/kaggle/alhamdan/Ajwa/Ajwa Date (149).JPG,Al-ajwa,alhamdan,train,Ajwa Date (149),/Users/ayush/Downloads/date-fruit-quality-ml/data/processed/train/Al-ajwa/alhamdan__Ajwa Date (149).jpg
/Users/ayush/Downloads/date-fruit-quality-ml/data/kaggle/alhamdan/Ajwa/Ajwa Date (15).JPG,Al-ajwa,alhamdan,train,Ajwa Date (15),/Users/ayush/Downloads/date-fruit-quality-ml/data/processed/train/Al-ajwa/alhamdan__Ajwa Date (15).jpg
/Users/ayush/Downloads/date-fruit-quality-ml/data/kaggle/alhamdan/Ajwa/Ajwa Date (150).JPG,Al-ajwa,alhamdan,test,Ajwa Date (150),/Users/ayush/Downloads/date-fruit-quality-ml/data/processed/test/Al-ajwa/alhamdan__Ajwa Date (150).jpg
/Users/ayush/Downloads/date-fruit-quality-ml/data/kaggle/alhamdan/Ajwa/Ajwa Date (151).JPG,Al-ajwa,alhamdan,val,Ajwa Date (151),/Users/ayush/Downloads/date-fruit-quality-ml/data/processed/val/Al-ajwa/alhamdan__Ajwa Date (151).jpg
/Users/ayush/Downloads/date-fruit-quality-ml/data/kaggle/alhamdan/Ajwa/Ajwa Date (152).JPG,Al-ajwa,alhamdan,val,Ajwa Date (152),/Users/ayush/Downloads/date-fruit-quality-ml/data/processed/val/Al-ajwa/alhamdan__Ajwa Date (152).jpg
/Users/ayush/Downloads/date-fruit-quality-ml/data/kaggle/alhamdan/Ajwa/Ajwa Date (153).JPG,Al-ajwa,alhamdan,train,Ajwa Date (153),/Users/ayush/Downloads/date-fruit-quality-ml/data/processed/train/Al-ajwa/alhamdan__Ajwa Date (153).jpg
/Users/ayush/Downloads/date-fruit-quality-ml/data/kaggle/alhamdan/Ajwa/Ajwa Date (154).JPG,Al-ajwa,alhamdan,train,Ajwa Date (154),/Users/ayush/Downloads/date-fruit-quality-ml/data/processed/train/Al-ajwa/alhamdan__Ajwa Date (154).jpg
/Users/ayush/Downloads/date-fruit-quality-ml/data/kaggle/alhamdan/Ajwa/Ajwa Date (155).JPG,Al-ajwa,alhamdan,train,Ajwa Date (155),/Users/ayush/Downloads/date-fruit-quality-ml/data/processed/train/Al-ajwa/alhamdan__Ajwa Date (155).jpg
/Users/ayush/Downloads/date-fruit-quality-ml/data/kaggle/alhamdan/Ajwa/Ajwa Date (156).JPG,Al-ajwa,alhamdan,test,Ajwa Date (156),/Users/ayush/Downloads/date-fruit-quality-ml/data/processed/test/Al-ajwa/alhamdan__Ajwa Date (156).jpg
/Users/ayush/Downloads/date-fruit-quality-ml/data/kaggle/alhamdan/Ajwa/Ajwa Date (157).JPG,Al-ajwa,alhamdan,train,Ajwa Date (157),/Users/ayush/Downloads/date-fruit-quality-ml/data/processed/train/Al-ajwa/alhamdan__Ajwa Date (157).jpg
/Users/ayush/Downloads/date-fruit-quality-ml/data/kaggle/alhamdan/Ajwa/Ajwa Date (158).JPG,Al-ajwa,alhamdan,train,Ajwa Date (158),/Users/ayush/Downloads/date-fruit-quality-ml/data/processed/train/Al-ajwa/alhamdan__Ajwa Date (158).jpg
/Users/ayush/Downloads/date-fruit-quality-ml/data/kaggle/alhamdan/Ajwa/Ajwa Date (159).JPG,Al-ajwa,alhamdan,train,Ajwa Date (159),/Users/ayush/Downloads/date-fruit-quality-ml/data/processed/train/Al-ajwa/alhamdan__Ajwa Date (159).jpg
/Users/ayush/Downloads/date-fruit-quality-ml/data/kaggle/alhamdan/Ajwa/Ajwa Date (16).JPG,Al-ajwa,alhamdan,train,Ajwa Date (16),/Users/ayush/Downloads/date-fruit-quality-ml/data/processed/train/Al-ajwa/alhamdan__Ajwa Date (16).jpg
/Users/ayush/Downloads/date-fruit-quality-ml/data/kaggle/alhamdan/Ajwa/Ajwa Date (160).JPG,Al-ajwa,alhamdan,train,Ajwa Date (160),/Users/ayush/Downloads/date-fruit-quality-ml/data/processed/train/Al-ajwa/alhamdan__Ajwa Date (160).jpg
/Users/ayush/Downloads/date-fruit-quality-ml/data/kaggle/alhamdan/Ajwa/Ajwa Date (161).JPG,Al-ajwa,alhamdan,train,Ajwa Date (161),/Users/ayush/Downloads/date-fruit-quality-ml/data/processed/train/Al-ajwa/alhamdan__Ajwa Date (161).jpg
/Users/ayush/Downloads/date-fruit-quality-ml/data/kaggle/alhamdan/Ajwa/Ajwa Date (162).JPG,Al-ajwa,alhamdan,test,Ajwa Date (162),/Users/ayush/Downloads/date-fruit-quality-ml/data/processed/test/Al-ajwa/alhamdan__Ajwa Date (162).jpg
/Users/ayush/Downloads/date-fruit-quality-ml/data/kaggle/alhamdan/Ajwa/Ajwa Date (163).JPG,Al-ajwa,alhamdan,test,Ajwa Date (163),/Users/ayush/Downloads/date-fruit-quality-ml/data/processed/test/Al-ajwa/alhamdan__Ajwa Date (163).jpg
/Users/ayush/Downloads/date-fruit-quality-ml/data/kaggle/alhamdan/Ajwa/Ajwa Date (164).JPG,Al-ajwa,alhamdan,test,Ajwa Date (164),/Users/ayush/Downloads/date-fruit-quality-ml/data/processed/test/Al-ajwa/alhamdan__Ajwa Date (164).jpg
/Users/ayush/Downloads/date-fruit-quality-ml/data/kaggle/alhamdan/Ajwa/Ajwa Date (165).JPG,Al-ajwa,alhamdan,train,Ajwa Date (165),/Users/ayush/Downloads/date-fruit-quality-ml/data/processed/train/Al-ajwa/alhamdan__Ajwa Date (165).jpg
/Users/ayush/Downloads/date-fruit-quality-ml/data/kaggle/alhamdan/Ajwa/Ajwa Date (166).JPG,Al-ajwa,alhamdan,test,Ajwa Date (166),/Users/ayush/Downloads/date-fruit-quality-ml/data/processed/test/Al-ajwa/alhamdan__Ajwa Date (166).jpg
/Users/ayush/Downloads/date-fruit-quality-ml/data/kaggle/alhamdan/Ajwa/Ajwa Date (167).JPG,Al-ajwa,alhamdan,train,Ajwa Date (167),/Users/ayush/Downloads/date-fruit-quality-ml/data/processed/train/Al-ajwa/alhamdan__Ajwa Date (167).jpg
/Users/ayush/Downloads/date-fruit-quality-ml/data/kaggle/alhamdan/Ajwa/Ajwa Date (168).JPG,Al-ajwa,alhamdan,train,Ajwa Date (168),/Users/ayush/Downloads/date-fruit-quality-ml/data/processed/train/Al-ajwa/alhamdan__Ajwa Date (168).jpg
/Users/ayush/Downloads/date-fruit-quality-ml/data/kaggle/alhamdan/Ajwa/Ajwa Date (169).JPG,Al-ajwa,alhamdan,train,Ajwa Date (169),/Users/ayush/Downloads/date-fruit-quality-ml/data/processed/train/Al-ajwa/alhamdan__Ajwa Date (169).jpg
/Users/ayush/Downloads/date-fruit-quality-ml/data/kaggle/alhamdan/Ajwa/Ajwa Date (17).JPG,Al-ajwa,alhamdan,train,Ajwa Date (17),/Users/ayush/Downloads/date-fruit-quality-ml/data/processed/train/Al-ajwa/alhamdan__Ajwa Date (17).jpg
/Users/ayush/Downloads/date-fruit-quality-ml/data/kaggle/alhamdan/Ajwa/Ajwa Date (170).JPG,Al-ajwa,alhamdan,train,Ajwa Date (170),/Users/ayush/Downloads/date-fruit-quality-ml/data/processed/train/Al-ajwa/alhamdan__Ajwa Date (170).jpg
/Users/ayush/Downloads/date-fruit-quality-ml/data/kaggle/alhamdan/Ajwa/Ajwa Date (171).JPG,Al-ajwa,alhamdan,train,Ajwa Date (171),/Users/ayush/Downloads/date-fruit-quality-ml/data/processed/train/Al-ajwa/alhamdan__Ajwa Date (171).jpg
/Users/ayush/Downloads/date-fruit-quality-ml/data/kaggle/alhamdan/Ajwa/Ajwa Date (172).JPG,Al-ajwa,alhamdan,train,Ajwa Date (172),/Users/ayush/Downloads/date-fruit-quality-ml/data/processed/train/Al-ajwa/alhamdan__Ajwa Date (172).jpg
/Users/ayush/Downloads/date-fruit-quality-ml/data/kaggle/alhamdan/Ajwa/Ajwa Date (173).JPG,Al-ajwa,alhamdan,train,Ajwa Date (173),/Users/ayush/Downloads/date-fruit-quality-ml/data/processed/train/Al-ajwa/alhamdan__Ajwa Date (173).jpg
/Users/ayush/Downloads/date-fruit-quality-ml/data/kaggle/alhamdan/Ajwa/Ajwa Date (174).JPG,Al-ajwa,alhamdan,test,Ajwa Date (174),/Users/ayush/Downloads/date-fruit-quality-ml/data/processed/test/Al-ajwa/alhamdan__Ajwa Date (174).jpg
/Users/ayush/Downloads/date-fruit-quality-ml/data/kaggle/alhamdan/Ajwa/Ajwa Date (175).JPG,Al-ajwa,alhamdan,train,Ajwa Date (175),/Users/ayush/Downloads/date-fruit-quality-ml/data/processed/train/Al-ajwa/alhamdan__Ajwa Date (175).jpg
/Users/ayush/Downloads/date-fruit-quality-ml/data/kaggle/alhamdan/Ajwa/Ajwa Date (18).JPG,Al-ajwa,alhamdan,train,Ajwa Date (18),/Users/ayush/Downloads/date-fruit-quality-ml/data/processed/train/Al-ajwa/alhamdan__Ajwa Date (18).jpg
/Users/ayush/Downloads/date-fruit-quality-ml/data/kaggle/alhamdan/Ajwa/Ajwa Date (19).JPG,Al-ajwa,alhamdan,train,Ajwa Date (19),/Users/ayush/Downloads/date-fruit-quality-ml/data/processed/train/Al-ajwa/alhamdan__Ajwa Date (19).jpg
/Users/ayush/Downloads/date-fruit-quality-ml/data/kaggle/alhamdan/Ajwa/Ajwa Date (2).JPG,Al-ajwa,alhamdan,test,Ajwa Date (2),/Users/ayush/Downloads/date-fruit-quality-ml/data/processed/test/Al-ajwa/alhamdan__Ajwa Date (2).jpg
/Users/ayush/Downloads/date-fruit-quality-ml/data/kaggle/alhamdan/Ajwa/Ajwa Date (20).JPG,Al-ajwa,alhamdan,val,Ajwa Date (20),/Users/ayush/Downloads/date-fruit-quality-ml/data/processed/val/Al-ajwa/alhamdan__Ajwa Date (20).jpg
/Users/ayush/Downloads/date-fruit-quality-ml/data/kaggle/alhamdan/Ajwa/Ajwa Date (21).JPG,Al-ajwa,alhamdan,val,Ajwa Date (21),/Users/ayush/Downloads/date-fruit-quality-ml/data/processed/val/Al-ajwa/alhamdan__Ajwa Date (21).jpg
/Users/ayush/Downloads/date-fruit-quality-ml/data/kaggle/alhamdan/Ajwa/Ajwa Date (22).JPG,Al-ajwa,alhamdan,train,Ajwa Date (22),/Users/ayush/Downloads/date-fruit-quality-ml/data/processed/train/Al-ajwa/alhamdan__Ajwa Date (22).jpg
/Users/ayush/Downloads/date-fruit-quality-ml/data/kaggle/alhamdan/Ajwa/Ajwa Date (23).JPG,Al-ajwa,alhamdan,test,Ajwa Date (23),/Users/ayush/Downloads/date-fruit-quality-ml/data/processed/test/Al-ajwa/alhamdan__Ajwa Date (23).jpg
/Users/ayush/Downloads/date-fruit-quality-ml/data/kaggle/alhamdan/Ajwa/Ajwa Date (24).JPG,Al-ajwa,alhamdan,val,Ajwa Date (24),/Users/ayush/Downloads/date-fruit-quality-ml/data/processed/val/Al-ajwa/alhamdan__Ajwa Date (24).jpg
/Users/ayush/Downloads/date-fruit-quality-ml/data/kaggle/alhamdan/Ajwa/Ajwa Date (25).JPG,Al-ajwa,alhamdan,train,Ajwa Date (25),/Users/ayush/Downloads/date-fruit-quality-ml/data/processed/train/Al-ajwa/alhamdan__Ajwa Date (25).jpg
/Users/ayush/Downloads/date-fruit-quality-ml/data/kaggle/alhamdan/Ajwa/Ajwa Date (26).JPG,Al-ajwa,alhamdan,train,Ajwa Date (26),/Users/ayush/Downloads/date-fruit-quality-ml/data/processed/train/Al-ajwa/alhamdan__Ajwa Date (26).jpg
/Users/ayush/Downloads/date-fruit-quality-ml/data/kaggle/alhamdan/Ajwa/Ajwa Date (27).JPG,Al-ajwa,alhamdan,train,Ajwa Date (27),/Users/ayush/Downloads/date-fruit-quality-ml/data/processed/train/Al-ajwa/alhamdan__Ajwa Date (27).jpg
/Users/ayush/Downloads/date-fruit-quality-ml/data/kaggle/alhamdan/Ajwa/Ajwa Date (28).JPG,Al-ajwa,alhamdan,train,Ajwa Date (28),/Users/ayush/Downloads/date-fruit-quality-ml/data/processed/train/Al-ajwa/alhamdan__Ajwa Date (28).jpg
/Users/ayush/Downloads/date-fruit-quality-ml/data/kaggle/alhamdan/Ajwa/Ajwa Date (29).JPG,Al-ajwa,alhamdan,train,Ajwa Date (29),/Users/ayush/Downloads/date-fruit-quality-ml/data/processed/train/Al-ajwa/alhamdan__Ajwa Date (29).jpg
/Users/ayush/Downloads/date-fruit-quality-ml/data/kaggle/alhamdan/Ajwa/Ajwa Date (3).JPG,Al-ajwa,alhamdan,train,Ajwa Date (3),/Users/ayush/Downloads/date-fruit-quality-ml/data/processed/train/Al-ajwa/alhamdan__Ajwa Date (3).jpg
/Users/ayush/Downloads/date-fruit-quality-ml/data/kaggle/alhamdan/Ajwa/Ajwa Date (30).JPG,Al-ajwa,alhamdan,test,Ajwa Date (30),/Users/ayush/Downloads/date-fruit-quality-ml/data/processed/test/Al-ajwa/alhamdan__Ajwa Date (30).jpg
/Users/ayush/Downloads/date-fruit-quality-ml/data/kaggle/alhamdan/Ajwa/Ajwa Date (31).JPG,Al-ajwa,alhamdan,train,Ajwa Date (31),/Users/ayush/Downloads/date-fruit-quality-ml/data/processed/train/Al-ajwa/alhamdan__Ajwa Date (31).jpg
/Users/ayush/Downloads/date-fruit-quality-ml/data/kaggle/alhamdan/Ajwa/Ajwa Date (32).JPG,Al-ajwa,alhamdan,train,Ajwa Date (32),/Users/ayush/Downloads/date-fruit-quality-ml/data/processed/train/Al-ajwa/alhamdan__Ajwa Date (32).jpg
/Users/ayush/Downloads/date-fruit-quality-ml/data/kaggle/alhamdan/Ajwa/Ajwa Date (33).JPG,Al-ajwa,alhamdan,val,Ajwa Date (33),/Users/ayush/Downloads/date-fruit-quality-ml/data/processed/val/Al-ajwa/alhamdan__Ajwa Date (33).jpg
/Users/ayush/Downloads/date-fruit-quality-ml/data/kaggle/alhamdan/Ajwa/Ajwa Date (34).JPG,Al-ajwa,alhamdan,val,Ajwa Date (34),/Users/ayush/Downloads/date-fruit-quality-ml/data/processed/val/Al-ajwa/alhamdan__Ajwa Date (34).jpg
/Users/ayush/Downloads/date-fruit-quality-ml/data/kaggle/alhamdan/Ajwa/Ajwa Date (35).JPG,Al-ajwa,alhamdan,train,Ajwa Date (35),/Users/ayush/Downloads/date-fruit-quality-ml/data/processed/train/Al-ajwa/alhamdan__Ajwa Date (35).jpg
/Users/ayush/Downloads/date-fruit-quality-ml/data/kaggle/alhamdan/Ajwa/Ajwa Date (36).JPG,Al-ajwa,alhamdan,train,Ajwa Date (36),/Users/ayush/Downloads/date-fruit-quality-ml/data/processed/train/Al-ajwa/alhamdan__Ajwa Date (36).jpg
/Users/ayush/Downloads/date-fruit-quality-ml/data/kaggle/alhamdan/Ajwa/Ajwa Date (37).JPG,Al-ajwa,alhamdan,val,Ajwa Date (37),/Users/ayush/Downloads/date-fruit-quality-ml/data/processed/val/Al-ajwa/alhamdan__Ajwa Date (37).jpg
/Users/ayush/Downloads/date-fruit-quality-ml/data/kaggle/alhamdan/Ajwa/Ajwa Date (38).JPG,Al-ajwa,alhamdan,test,Ajwa Date (38),/Users/ayush/Downloads/date-fruit-quality-ml/data/processed/test/Al-ajwa/alhamdan__Ajwa Date (38).jpg
/Users/ayush/Downloads/date-fruit-quality-ml/data/kaggle/alhamdan/Ajwa/Ajwa Date (39).JPG,Al-ajwa,alhamdan,train,Ajwa Date (39),/Users/ayush/Downloads/date-fruit-quality-ml/data/processed/train/Al-ajwa/alhamdan__Ajwa Date (39).jpg
/Users/ayush/Downloads/date-fruit-quality-ml/data/kaggle/alhamdan/Ajwa/Ajwa Date (4).JPG,Al-ajwa,alhamdan,train,Ajwa Date (4),/Users/ayush/Downloads/date-fruit-quality-ml/data/processed/train/Al-ajwa/alhamdan__Ajwa Date (4).jpg
/Users/ayush/Downloads/date-fruit-quality-ml/data/kaggle/alhamdan/Ajwa/Ajwa Date (40).JPG,Al-ajwa,alhamdan,test,Ajwa Date (40),/Users/ayush/Downloads/date-fruit-quality-ml/data/processed/test/Al-ajwa/alhamdan__Ajwa Date (40).jpg
/Users/ayush/Downloads/date-fruit-quality-ml/data/kaggle/alhamdan/Ajwa/Ajwa Date (41).JPG,Al-ajwa,alhamdan,train,Ajwa Date (41),/Users/ayush/Downloads/date-fruit-quality-ml/data/processed/train/Al-ajwa/alhamdan__Ajwa Date (41).jpg
/Users/ayush/Downloads/date-fruit-quality-ml/data/kaggle/alhamdan/Ajwa/Ajwa Date (42).JPG,Al-ajwa,alhamdan,train,Ajwa Date (42),/Users/ayush/Downloads/date-fruit-quality-ml/data/processed/train/Al-ajwa/alhamdan__Ajwa Date (42).jpg
/Users/ayush/Downloads/date-fruit-quality-ml/data/kaggle/alhamdan/Ajwa/Ajwa Date (43).JPG,Al-ajwa,alhamdan,train,Ajwa Date (43),/Users/ayush/Downloads/date-fruit-quality-ml/data/processed/train/Al-ajwa/alhamdan__Ajwa Date (43).jpg
/Users/ayush/Downloads/date-fruit-quality-ml/data/kaggle/alhamdan/Ajwa/Ajwa Date (44).JPG,Al-ajwa,alhamdan,train,Ajwa Date (44),/Users/ayush/Downloads/date-fruit-quality-ml/data/processed/train/Al-ajwa/alhamdan__Ajwa Date (44).jpg
/Users/ayush/Downloads/date-fruit-quality-ml/data/kaggle/alhamdan/Ajwa/Ajwa Date (45).JPG,Al-ajwa,alhamdan,train,Ajwa Date (45),/Users/ayush/Downloads/date-fruit-quality-ml/data/processed/train/Al-ajwa/alhamdan__Ajwa Date (45).jpg
/Users/ayush/Downloads/date-fruit-quality-ml/data/kaggle/alhamdan/Ajwa/Ajwa Date (46).JPG,Al-ajwa,alhamdan,val,Ajwa Date (46),/Users/ayush/Downloads/date-fruit-quality-ml/data/processed/val/Al-ajwa/alhamdan__Ajwa Date (46).jpg
/Users/ayush/Downloads/date-fruit-quality-ml/data/kaggle/alhamdan/Ajwa/Ajwa Date (47).JPG,Al-ajwa,alhamdan,train,Ajwa Date (47),/Users/ayush/Downloads/date-fruit-quality-ml/data/processed/train/Al-ajwa/alhamdan__Ajwa Date (47).jpg
/Users/ayush/Downloads/date-fruit-quality-ml/data/kaggle/alhamdan/Ajwa/Ajwa Date (48).JPG,Al-ajwa,alhamdan,train,Ajwa Date (48),/Users/ayush/Downloads/date-fruit-quality-ml/data/processed/train/Al-ajwa/alhamdan__Ajwa Date (48).jpg
/Users/ayush/Downloads/date-fruit-quality-ml/data/kaggle/alhamdan/Ajwa/Ajwa Date (49).JPG,Al-ajwa,alhamdan,train,Ajwa Date (49),/Users/ayush/Downloads/date-fruit-quality-ml/data/processed/train/Al-ajwa/alhamdan__Ajwa Date (49).jpg
/Users/ayush/Downloads/date-fruit-quality-ml/data/kaggle/alhamdan/Ajwa/Ajwa Date (5).JPG,Al-ajwa,alhamdan,train,Ajwa Date (5),/Users/ayush/Downloads/date-fruit-quality-ml/data/processed/train/Al-ajwa/alhamdan__Ajwa Date (5).jpg
/Users/ayush/Downloads/date-fruit-quality-ml/data/kaggle/alhamdan/Ajwa/Ajwa Date (50).JPG,Al-ajwa,alhamdan,test,Ajwa Date (50),/Users/ayush/Downloads/date-fruit-quality-ml/data/processed/test/Al-ajwa/alhamdan__Ajwa Date (50).jpg
/Users/ayush/Downloads/date-fruit-quality-ml/data/kaggle/alhamdan/Ajwa/Ajwa Date (51).JPG,Al-ajwa,alhamdan,train,Ajwa Date (51),/Users/ayush/Downloads/date-fruit-quality-ml/data/processed/train/Al-ajwa/alhamdan__Ajwa Date (51).jpg
/Users/ayush/Downloads/date-fruit-quality-ml/data/kaggle/alhamdan/Ajwa/Ajwa Date (52).JPG,Al-ajwa,alhamdan,train,Ajwa Date (52),/Users/ayush/Downloads/date-fruit-quality-ml/data/processed/train/Al-ajwa/alhamdan__Ajwa Date (52).jpg
/Users/ayush/Downloads/date-fruit-quality-ml/data/kaggle/alhamdan/Ajwa/Ajwa Date (53).JPG,Al-ajwa,alhamdan,train,Ajwa Date (53),/Users/ayush/Downloads/date-fruit-quality-ml/data/processed/train/Al-ajwa/alhamdan__Ajwa Date (53).jpg
/Users/ayush/Downloads/date-fruit-quality-ml/data/kaggle/alhamdan/Ajwa/Ajwa Date (54).JPG,Al-ajwa,alhamdan,train,Ajwa Date (54),/Users/ayush/Downloads/date-fruit-quality-ml/data/processed/train/Al-ajwa/alhamdan__Ajwa Date (54).jpg
/Users/ayush/Downloads/date-fruit-quality-ml/data/kaggle/alhamdan/Ajwa/Ajwa Date (55).JPG,Al-ajwa,alhamdan,train,Ajwa Date (55),/Users/ayush/Downloads/date-fruit-quality-ml/data/processed/train/Al-ajwa/alhamdan__Ajwa Date (55).jpg
/Users/ayush/Downloads/date-fruit-quality-ml/data/kaggle/alhamdan/Ajwa/Ajwa Date (56).JPG,Al-ajwa,alhamdan,train,Ajwa Date (56),/Users/ayush/Downloads/date-fruit-quality-ml/data/processed/train/Al-ajwa/alhamdan__Ajwa Date (56).jpg
/Users/ayush/Downloads/date-fruit-quality-ml/data/kaggle/alhamdan/Ajwa/Ajwa Date (57).JPG,Al-ajwa,alhamdan,train,Ajwa Date (57),/Users/ayush/Downloads/date-fruit-quality-ml/data/processed/train/Al-ajwa/alhamdan__Ajwa Date (57).jpg
/Users/ayush/Downloads/date-fruit-quality-ml/data/kaggle/alhamdan/Ajwa/Ajwa Date (58).JPG,Al-ajwa,alhamdan,test,Ajwa Date (58),/Users/ayush/Downloads/date-fruit-quality-ml/data/processed/test/Al-ajwa/alhamdan__Ajwa Date (58).jpg
/Users/ayush/Downloads/date-fruit-quality-ml/data/kaggle/alhamdan/Ajwa/Ajwa Date (59).JPG,Al-ajwa,alhamdan,val,Ajwa Date (59),/Users/ayush/Downloads/date-fruit-quality-ml/data/processed/val/Al-ajwa/alhamdan__Ajwa Date (59).jpg
/Users/ayush/Downloads/date-fruit-quality-ml/data/kaggle/alhamdan/Ajwa/Ajwa Date (6).JPG,Al-ajwa,alhamdan,val,Ajwa Date (6),/Users/ayush/Downloads/date-fruit-quality-ml/data/processed/val/Al-ajwa/alhamdan__Ajwa Date (6).jpg
/Users/ayush/Downloads/date-fruit-quality-ml/data/kaggle/alhamdan/Ajwa/Ajwa Date (60).JPG,Al-ajwa,alhamdan,train,Ajwa Date (60),/Users/ayush/Downloads/date-fruit-quality-ml/data/processed/train/Al-ajwa/alhamdan__Ajwa Date (60).jpg
/Users/ayush/Downloads/date-fruit-quality-ml/data/kaggle/alhamdan/Ajwa/Ajwa Date (61).JPG,Al-ajwa,alhamdan,train,Ajwa Date (61),/Users/ayush/Downloads/date-fruit-quality-ml/data/processed/train/Al-ajwa/alhamdan__Ajwa Date (61).jpg
/Users/ayush/Downloads/date-fruit-quality-ml/data/kaggle/alhamdan/Ajwa/Ajwa Date (62).JPG,Al-ajwa,alhamdan,val,Ajwa Date (62),/Users/ayush/Downloads/date-fruit-quality-ml/data/processed/val/Al-ajwa/alhamdan__Ajwa Date (62).jpg
/Users/ayush/Downloads/date-fruit-quality-ml/data/kaggle/alhamdan/Ajwa/Ajwa Date (63).JPG,Al-ajwa,alhamdan,train,Ajwa Date (63),/Users/ayush/Downloads/date-fruit-quality-ml/data/processed/train/Al-ajwa/alhamdan__Ajwa Date (63).jpg
/Users/ayush/Downloads/date-fruit-quality-ml/data/kaggle/alhamdan/Ajwa/Ajwa Date (64).JPG,Al-ajwa,alhamdan,train,Ajwa Date (64),/Users/ayush/Downloads/date-fruit-quality-ml/data/processed/train/Al-ajwa/alhamdan__Ajwa Date (64).jpg
/Users/ayush/Downloads/date-fruit-quality-ml/data/kaggle/alhamdan/Ajwa/Ajwa Date (65).JPG,Al-ajwa,alhamdan,train,Ajwa Date (65),/Users/ayush/Downloads/date-fruit-quality-ml/data/processed/train/Al-ajwa/alhamdan__Ajwa Date (65).jpg
/Users/ayush/Downloads/date-fruit-quality-ml/data/kaggle/alhamdan/Ajwa/Ajwa Date (66).JPG,Al-ajwa,alhamdan,train,Ajwa Date (66),/Users/ayush/Downloads/date-fruit-quality-ml/data/processed/train/Al-ajwa/alhamdan__Ajwa Date (66).jpg
/Users/ayush/Downloads/date-fruit-quality-ml/data/kaggle/alhamdan/Ajwa/Ajwa Date (67).JPG,Al-ajwa,alhamdan,train,Ajwa Date (67),/Users/ayush/Downloads/date-fruit-quality-ml/data/processed/train/Al-ajwa/alhamdan__Ajwa Date (67).jpg
/Users/ayush/Downloads/date-fruit-quality-ml/data/kaggle/alhamdan/Ajwa/Ajwa Date (68).JPG,Al-ajwa,alhamdan,val,Ajwa Date (68),/Users/ayush/Downloads/date-fruit-quality-ml/data/processed/val/Al-ajwa/alhamdan__Ajwa Date (68).jpg
/Users/ayush/Downloads/date-fruit-quality-ml/data/kaggle/alhamdan/Ajwa/Ajwa Date (69).JPG,Al-ajwa,alhamdan,train,Ajwa Date (69),/Users/ayush/Downloads/date-fruit-quality-ml/data/processed/train/Al-ajwa/alhamdan__Ajwa Date (69).jpg
/Users/ayush/Downloads/date-fruit-quality-ml/data/kaggle/alhamdan/Ajwa/Ajwa Date (7).JPG,Al-ajwa,alhamdan,train,Ajwa Date (7),/Users/ayush/Downloads/date-fruit-quality-ml/data/processed/train/Al-ajwa/alhamdan__Ajwa Date (7).jpg
/Users/ayush/Downloads/date-fruit-quality-ml/data/kaggle/alhamdan/Ajwa/Ajwa Date (70).JPG,Al-ajwa,alhamdan,train,Ajwa Date (70),/Users/ayush/Downloads/date-fruit-quality-ml/data/processed/train/Al-ajwa/alhamdan__Ajwa Date (70).jpg
/Users/ayush/Downloads/date-fruit-quality-ml/data/kaggle/alhamdan/Ajwa/Ajwa Date (71).JPG,Al-ajwa,alhamdan,train,Ajwa Date (71),/Users/ayush/Downloads/date-fruit-quality-ml/data/processed/train/Al-ajwa/alhamdan__Ajwa Date (71).jpg
/Users/ayush/Downloads/date-fruit-quality-ml/data/kaggle/alhamdan/Ajwa/Ajwa Date (72).JPG,Al-ajwa,alhamdan,train,Ajwa Date (72),/Users/ayush/Downloads/date-fruit-quality-ml/data/processed/train/Al-ajwa/alhamdan__Ajwa Date (72).jpg
/Users/ayush/Downloads/date-fruit-quality-ml/data/kaggle/alhamdan/Ajwa/Ajwa Date (73).JPG,Al-ajwa,alhamdan,val,Ajwa Date (73),/Users/ayush/Downloads/date-fruit-quality-ml/data/processed/val/Al-ajwa/alhamdan__Ajwa Date (73).jpg
/Users/ayush/Downloads/date-fruit-quality-ml/data/kaggle/alhamdan/Ajwa/Ajwa Date (74).JPG,Al-ajwa,alhamdan,train,Ajwa Date (74),/Users/ayush/Downloads/date-fruit-quality-ml/data/processed/train/Al-ajwa/alhamdan__Ajwa Date (74).jpg
/Users/ayush/Downloads/date-fruit-quality-ml/data/kaggle/alhamdan/Ajwa/Ajwa Date (75).JPG,Al-ajwa,alhamdan,train,Ajwa Date (75),/Users/ayush/Downloads/date-fruit-quality-ml/data/processed/train/Al-ajwa/alhamdan__Ajwa Date (75).jpg
/Users/ayush/Downloads/date-fruit-quality-ml/data/kaggle/alhamdan/Ajwa/Ajwa Date (76).JPG,Al-ajwa,alhamdan,val,Ajwa Date (76),/Users/ayush/Downloads/date-fruit-quality-ml/data/processed/val/Al-ajwa/alhamdan__Ajwa Date (76).jpg
/Users/ayush/Downloads/date-fruit-quality-ml/data/kaggle/alhamdan/Ajwa/Ajwa Date (77).JPG,Al-ajwa,alhamdan,test,Ajwa Date (77),/Users/ayush/Downloads/date-fruit-quality-ml/data/processed/test/Al-ajwa/alhamdan__Ajwa Date (77).jpg
/Users/ayush/Downloads/date-fruit-quality-ml/data/kaggle/alhamdan/Ajwa/Ajwa Date (78).JPG,Al-ajwa,alhamdan,val,Ajwa Date (78),/Users/ayush/Downloads/date-fruit-quality-ml/data/processed/val/Al-ajwa/alhamdan__Ajwa Date (78).jpg
/Users/ayush/Downloads/date-fruit-quality-ml/data/kaggle/alhamdan/Ajwa/Ajwa Date (79).JPG,Al-ajwa,alhamdan,train,Ajwa Date (79),/Users/ayush/Downloads/date-fruit-quality-ml/data/processed/train/Al-ajwa/alhamdan__Ajwa Date (79).jpg
/Users/ayush/Downloads/date-fruit-quality-ml/data/kaggle/alhamdan/Ajwa/Ajwa Date (8).JPG,Al-ajwa,alhamdan,val,Ajwa Date (8),/Users/ayush/Downloads/date-fruit-quality-ml/data/processed/val/Al-ajwa/alhamdan__Ajwa Date (8).jpg
/Users/ayush/Downloads/date-fruit-quality-ml/data/kaggle/alhamdan/Ajwa/Ajwa Date (80).JPG,Al-ajwa,alhamdan,val,Ajwa Date (80),/Users/ayush/Downloads/date-fruit-quality-ml/data/processed/val/Al-ajwa/alhamdan__Ajwa Date (80).jpg
/Users/ayush/Downloads/date-fruit-quality-ml/data/kaggle/alhamdan/Ajwa/Ajwa Date (81).JPG,Al-ajwa,alhamdan,train,Ajwa Date (81),/Users/ayush/Downloads/date-fruit-quality-ml/data/processed/train/Al-ajwa/alhamdan__Ajwa Date (81).jpg
/Users/ayush/Downloads/date-fruit-quality-ml/data/kaggle/alhamdan/Ajwa/Ajwa Date (82).JPG,Al-ajwa,alhamdan,train,Ajwa Date (82),/Users/ayush/Downloads/date-fruit-quality-ml/data/processed/train/Al-ajwa/alhamdan__Ajwa Date (82).jpg
/Users/ayush/Downloads/date-fruit-quality-ml/data/kaggle/alhamdan/Ajwa/Ajwa Date (83).JPG,Al-ajwa,alhamdan,train,Ajwa Date (83),/Users/ayush/Downloads/date-fruit-quality-ml/data/processed/train/Al-ajwa/alhamdan__Ajwa Date (83).jpg
/Users/ayush/Downloads/date-fruit-quality-ml/data/kaggle/alhamdan/Ajwa/Ajwa Date (84).JPG,Al-ajwa,alhamdan,val,Ajwa Date (84),/Users/ayush/Downloads/date-fruit-quality-ml/data/processed/val/Al-ajwa/alhamdan__Ajwa Date (84).jpg
/Users/ayush/Downloads/date-fruit-quality-ml/data/kaggle/alhamdan/Ajwa/Ajwa Date (85).JPG,Al-ajwa,alhamdan,train,Ajwa Date (85),/Users/ayush/Downloads/date-fruit-quality-ml/data/processed/train/Al-ajwa/alhamdan__Ajwa Date (85).jpg
/Users/ayush/Downloads/date-fruit-quality-ml/data/kaggle/alhamdan/Ajwa/Ajwa Date (86).JPG,Al-ajwa,alhamdan,test,Ajwa Date (86),/Users/ayush/Downloads/date-fruit-quality-ml/data/processed/test/Al-ajwa/alhamdan__Ajwa Date (86).jpg
/Users/ayush/Downloads/date-fruit-quality-ml/data/kaggle/alhamdan/Ajwa/Ajwa Date (87).JPG,Al-ajwa,alhamdan,train,Ajwa Date (87),/Users/ayush/Downloads/date-fruit-quality-ml/data/processed/train/Al-ajwa/alhamdan__Ajwa Date (87).jpg
/Users/ayush/Downloads/date-fruit-quality-ml/data/kaggle/alhamdan/Ajwa/Ajwa Date (88).JPG,Al-ajwa,alhamdan,train,Ajwa Date (88),/Users/ayush/Downloads/date-fruit-quality-ml/data/processed/train/Al-ajwa/alhamdan__Ajwa Date (88).jpg
/Users/ayush/Downloads/date-fruit-quality-ml/data/kaggle/alhamdan/Ajwa/Ajwa Date (89).JPG,Al-ajwa,alhamdan,train,Ajwa Date (89),/Users/ayush/Downloads/date-fruit-quality-ml/data/processed/train/Al-ajwa/alhamdan__Ajwa Date (89).jpg
/Users/ayush/Downloads/date-fruit-quality-ml/data/kaggle/alhamdan/Ajwa/Ajwa Date (9).JPG,Al-ajwa,alhamdan,train,Ajwa Date (9),/Users/ayush/Downloads/date-fruit-quality-ml/data/processed/train/Al-ajwa/alhamdan__Ajwa Date (9).jpg
/Users/ayush/Downloads/date-fruit-quality-ml/data/kaggle/alhamdan/Ajwa/Ajwa Date (90).JPG,Al-ajwa,alhamdan,test,Ajwa Date (90),/Users/ayush/Downloads/date-fruit-quality-ml/data/processed/test/Al-ajwa/alhamdan__Ajwa Date (90).jpg
/Users/ayush/Downloads/date-fruit-quality-ml/data/kaggle/alhamdan/Ajwa/Ajwa Date (91).JPG,Al-ajwa,alhamdan,train,Ajwa Date (91),/Users/ayush/Downloads/date-fruit-quality-ml/data/processed/train/Al-ajwa/alhamdan__Ajwa Date (91).jpg
/Users/ayush/Downloads/date-fruit-quality-ml/data/kaggle/alhamdan/Ajwa/Ajwa Date (92).JPG,Al-ajwa,alhamdan,train,Ajwa Date (92),/Users/ayush/Downloads/date-fruit-quality-ml/data/processed/train/Al-ajwa/alhamdan__Ajwa Date (92).jpg
/Users/ayush/Downloads/date-fruit-quality-ml/data/kaggle/alhamdan/Ajwa/Ajwa Date (93).JPG,Al-ajwa,alhamdan,train,Ajwa Date (93),/Users/ayush/Downloads/date-fruit-quality-ml/data/processed/train/Al-ajwa/alhamdan__Ajwa Date (93).jpg
/Users/ayush/Downloads/date-fruit-quality-ml/data/kaggle/alhamdan/Ajwa/Ajwa Date (94).JPG,Al-ajwa,alhamdan,val,Ajwa Date (94),/Users/ayush/Downloads/date-fruit-quality-ml/data/processed/val/Al-ajwa/alhamdan__Ajwa Date (94).jpg
/Users/ayush/Downloads/date-fruit-quality-ml/data/kaggle/alhamdan/Ajwa/Ajwa Date (95).JPG,Al-ajwa,alhamdan,train,Ajwa Date (95),/Users/ayush/Downloads/date-fruit-quality-ml/data/processed/train/Al-ajwa/alhamdan__Ajwa Date (95).jpg
/Users/ayush/Downloads/date-fruit-quality-ml/data/kaggle/alhamdan/Ajwa/Ajwa Date (96).JPG,Al-ajwa,alhamdan,train,Ajwa Date (96),/Users/ayush/Downloads/date-fruit-quality-ml/data/processed/train/Al-ajwa/alhamdan__Ajwa Date (96).jpg
/Users/ayush/Downloads/date-fruit-quality-ml/data/kaggle/alhamdan/Ajwa/Ajwa Date (97).JPG,Al-ajwa,alhamdan,val,Ajwa Date (97),/Users/ayush/Downloads/date-fruit-quality-ml/data/processed/val/Al-ajwa/alhamdan__Ajwa Date (97).jpg
/Users/ayush/Downloads/date-fruit-quality-ml/data/kaggle/alhamdan/Ajwa/Ajwa Date (98).JPG,Al-ajwa,alhamdan,train,Ajwa Date (98),/Users/ayush/Downloads/date-fruit-quality-ml/data/processed/train/Al-ajwa/alhamdan__Ajwa Date (98).jpg
/Users/ayush/Downloads/date-fruit-quality-ml/data/kaggle/alhamdan/Ajwa/Ajwa Date (99).JPG,Al-ajwa,alhamdan,test,Ajwa Date (99),/Users/ayush/Downloads/date-fruit-quality-ml/data/processed/test/Al-ajwa/alhamdan__Ajwa Date (99).jpg
/Users/ayush/Downloads/date-fruit-quality-ml/data/kaggle/alhamdan/Medjool/Medjool Date (1).JPG,Al-majdool,alhamdan,val,Medjool Date (1),/Users/ayush/Downloads/date-fruit-quality-ml/data/processed/val/Al-majdool/alhamdan__Medjool Date (1).jpg
/Users/ayush/Downloads/date-fruit-quality-ml/data/kaggle/alhamdan/Medjool/Medjool Date (10).JPG,Al-majdool,alhamdan,test,Medjool Date (10),/Users/ayush/Downloads/date-fruit-quality-ml/data/processed/test/Al-majdool/alhamdan__Medjool Date (10).jpg
/Users/ayush/Downloads/date-fruit-quality-ml/data/kaggle/alhamdan/Medjool/Medjool Date (100).JPG,Al-majdool,alhamdan,test,Medjool Date (100),/Users/ayush/Downloads/date-fruit-quality-ml/data/processed/test/Al-majdool/alhamdan__Medjool Date (100).jpg
/Users/ayush/Downloads/date-fruit-quality-ml/data/kaggle/alhamdan/Medjool/Medjool Date (101).JPG,Al-majdool,alhamdan,train,Medjool Date (101),/Users/ayush/Downloads/date-fruit-quality-ml/data/processed/train/Al-majdool/alhamdan__Medjool Date (101).jpg
/Users/ayush/Downloads/date-fruit-quality-ml/data/kaggle/alhamdan/Medjool/Medjool Date (102).JPG,Al-majdool,alhamdan,train,Medjool Date (102),/Users/ayush/Downloads/date-fruit-quality-ml/data/processed/train/Al-majdool/alhamdan__Medjool Date (102).jpg
/Users/ayush/Downloads/date-fruit-quality-ml/data/kaggle/alhamdan/Medjool/Medjool Date (103).JPG,Al-majdool,alhamdan,train,Medjool Date (103),/Users/ayush/Downloads/date-fruit-quality-ml/data/processed/train/Al-majdool/alhamdan__Medjool Date (103).jpg
/Users/ayush/Downloads/date-fruit-quality-ml/data/kaggle/alhamdan/Medjool/Medjool Date (104).JPG,Al-majdool,alhamdan,train,Medjool Date (104),/Users/ayush/Downloads/date-fruit-quality-ml/data/processed/train/Al-majdool/alhamdan__Medjool Date (104).jpg
/Users/ayush/Downloads/date-fruit-quality-ml/data/kaggle/alhamdan/Medjool/Medjool Date (105).JPG,Al-majdool,alhamdan,train,Medjool Date (105),/Users/ayush/Downloads/date-fruit-quality-ml/data/processed/train/Al-majdool/alhamdan__Medjool Date (105).jpg
/Users/ayush/Downloads/date-fruit-quality-ml/data/kaggle/alhamdan/Medjool/Medjool Date (106).JPG,Al-majdool,alhamdan,train,Medjool Date (106),/Users/ayush/Downloads/date-fruit-quality-ml/data/processed/train/Al-majdool/alhamdan__Medjool Date (106).jpg
/Users/ayush/Downloads/date-fruit-quality-ml/data/kaggle/alhamdan/Medjool/Medjool Date (107).JPG,Al-majdool,alhamdan,train,Medjool Date (107),/Users/ayush/Downloads/date-fruit-quality-ml/data/processed/train/Al-majdool/alhamdan__Medjool Date (107).jpg
/Users/ayush/Downloads/date-fruit-quality-ml/data/kaggle/alhamdan/Medjool/Medjool Date (108).JPG,Al-majdool,alhamdan,train,Medjool Date (108),/Users/ayush/Downloads/date-fruit-quality-ml/data/processed/train/Al-majdool/alhamdan__Medjool Date (108).jpg
/Users/ayush/Downloads/date-fruit-quality-ml/data/kaggle/alhamdan/Medjool/Medjool Date (109).JPG,Al-majdool,alhamdan,test,Medjool Date (109),/Users/ayush/Downloads/date-fruit-quality-ml/data/processed/test/Al-majdool/alhamdan__Medjool Date (109).jpg
/Users/ayush/Downloads/date-fruit-quality-ml/data/kaggle/alhamdan/Medjool/Medjool Date (11).JPG,Al-majdool,alhamdan,train,Medjool Date (11),/Users/ayush/Downloads/date-fruit-quality-ml/data/processed/train/Al-majdool/alhamdan__Medjool Date (11).jpg
/Users/ayush/Downloads/date-fruit-quality-ml/data/kaggle/alhamdan/Medjool/Medjool Date (110).JPG,Al-majdool,alhamdan,train,Medjool Date (110),/Users/ayush/Downloads/date-fruit-quality-ml/data/processed/train/Al-majdool/alhamdan__Medjool Date (110).jpg
/Users/ayush/Downloads/date-fruit-quality-ml/data/kaggle/alhamdan/Medjool/Medjool Date (111).JPG,Al-majdool,alhamdan,train,Medjool Date (111),/Users/ayush/Downloads/date-fruit-quality-ml/data/processed/train/Al-majdool/alhamdan__Medjool Date (111).jpg
/Users/ayush/Downloads/date-fruit-quality-ml/data/kaggle/alhamdan/Medjool/Medjool Date (112).JPG,Al-majdool,alhamdan,train,Medjool Date (112),/Users/ayush/Downloads/date-fruit-quality-ml/data/processed/train/Al-majdool/alhamdan__Medjool Date (112).jpg
/Users/ayush/Downloads/date-fruit-quality-ml/data/kaggle/alhamdan/Medjool/Medjool Date (113).JPG,Al-majdool,alhamdan,train,Medjool Date (113),/Users/ayush/Downloads/date-fruit-quality-ml/data/processed/train/Al-majdool/alhamdan__Medjool Date (113).jpg
/Users/ayush/Downloads/date-fruit-quality-ml/data/kaggle/alhamdan/Medjool/Medjool Date (114).JPG,Al-majdool,alhamdan,train,Medjool Date (114),/Users/ayush/Downloads/date-fruit-quality-ml/data/processed/train/Al-majdool/alhamdan__Medjool Date (114).jpg
/Users/ayush/Downloads/date-fruit-quality-ml/data/kaggle/alhamdan/Medjool/Medjool Date (115).JPG,Al-majdool,alhamdan,test,Medjool Date (115),/Users/ayush/Downloads/date-fruit-quality-ml/data/processed/test/Al-majdool/alhamdan__Medjool Date (115).jpg
/Users/ayush/Downloads/date-fruit-quality-ml/data/kaggle/alhamdan/Medjool/Medjool Date (116).JPG,Al-majdool,alhamdan,train,Medjool Date (116),/Users/ayush/Downloads/date-fruit-quality-ml/data/processed/train/Al-majdool/alhamdan__Medjool Date (116).jpg
/Users/ayush/Downloads/date-fruit-quality-ml/data/kaggle/alhamdan/Medjool/Medjool Date (117).JPG,Al-majdool,alhamdan,train,Medjool Date (117),/Users/ayush/Downloads/date-fruit-quality-ml/data/processed/train/Al-majdool/alhamdan__Medjool Date (117).jpg
/Users/ayush/Downloads/date-fruit-quality-ml/data/kaggle/alhamdan/Medjool/Medjool Date (118).JPG,Al-majdool,alhamdan,train,Medjool Date (118),/Users/ayush/Downloads/date-fruit-quality-ml/data/processed/train/Al-majdool/alhamdan__Medjool Date (118).jpg
/Users/ayush/Downloads/date-fruit-quality-ml/data/kaggle/alhamdan/Medjool/Medjool Date (119).JPG,Al-majdool,alhamdan,train,Medjool Date (119),/Users/ayush/Downloads/date-fruit-quality-ml/data/processed/train/Al-majdool/alhamdan__Medjool Date (119).jpg
/Users/ayush/Downloads/date-fruit-quality-ml/data/kaggle/alhamdan/Medjool/Medjool Date (12).JPG,Al-majdool,alhamdan,train,Medjool Date (12),/Users/ayush/Downloads/date-fruit-quality-ml/data/processed/train/Al-majdool/alhamdan__Medjool Date (12).jpg
/Users/ayush/Downloads/date-fruit-quality-ml/data/kaggle/alhamdan/Medjool/Medjool Date (120).JPG,Al-majdool,alhamdan,train,Medjool Date (120),/Users/ayush/Downloads/date-fruit-quality-ml/data/processed/train/Al-majdool/alhamdan__Medjool Date (120).jpg
/Users/ayush/Downloads/date-fruit-quality-ml/data/kaggle/alhamdan/Medjool/Medjool Date (121).JPG,Al-majdool,alhamdan,train,Medjool Date (121),/Users/ayush/Downloads/date-fruit-quality-ml/data/processed/train/Al-majdool/alhamdan__Medjool Date (121).jpg
/Users/ayush/Downloads/date-fruit-quality-ml/data/kaggle/alhamdan/Medjool/Medjool Date (122).JPG,Al-majdool,alhamdan,train,Medjool Date (122),/Users/ayush/Downloads/date-fruit-quality-ml/data/processed/train/Al-majdool/alhamdan__Medjool Date (122).jpg
/Users/ayush/Downloads/date-fruit-quality-ml/data/kaggle/alhamdan/Medjool/Medjool Date (123).JPG,Al-majdool,alhamdan,train,Medjool Date (123),/Users/ayush/Downloads/date-fruit-quality-ml/data/processed/train/Al-majdool/alhamdan__Medjool Date (123).jpg
/Users/ayush/Downloads/date-fruit-quality-ml/data/kaggle/alhamdan/Medjool/Medjool Date (124).JPG,Al-majdool,alhamdan,train,Medjool Date (124),/Users/ayush/Downloads/date-fruit-quality-ml/data/processed/train/Al-majdool/alhamdan__Medjool Date (124).jpg
/Users/ayush/Downloads/date-fruit-quality-ml/data/kaggle/alhamdan/Medjool/Medjool Date (125).JPG,Al-majdool,alhamdan,train,Medjool Date (125),/Users/ayush/Downloads/date-fruit-quality-ml/data/processed/train/Al-majdool/alhamdan__Medjool Date (125).jpg
/Users/ayush/Downloads/date-fruit-quality-ml/data/kaggle/alhamdan/Medjool/Medjool Date (126).JPG,Al-majdool,alhamdan,train,Medjool Date (126),/Users/ayush/Downloads/date-fruit-quality-ml/data/processed/train/Al-majdool/alhamdan__Medjool Date (126).jpg
/Users/ayush/Downloads/date-fruit-quality-ml/data/kaggle/alhamdan/Medjool/Medjool Date (127).JPG,Al-majdool,alhamdan,val,Medjool Date (127),/Users/ayush/Downloads/date-fruit-quality-ml/data/processed/val/Al-majdool/alhamdan__Medjool Date (127).jpg
/Users/ayush/Downloads/date-fruit-quality-ml/data/kaggle/alhamdan/Medjool/Medjool Date (128).JPG,Al-majdool,alhamdan,train,Medjool Date (128),/Users/ayush/Downloads/date-fruit-quality-ml/data/processed/train/Al-majdool/alhamdan__Medjool Date (128).jpg
/Users/ayush/Downloads/date-fruit-quality-ml/data/kaggle/alhamdan/Medjool/Medjool Date (129).JPG,Al-majdool,alhamdan,train,Medjool Date (129),/Users/ayush/Downloads/date-fruit-quality-ml/data/processed/train/Al-majdool/alhamdan__Medjool Date (129).jpg
/Users/ayush/Downloads/date-fruit-quality-ml/data/kaggle/alhamdan/Medjool/Medjool Date (13).JPG,Al-majdool,alhamdan,train,Medjool Date (13),/Users/ayush/Downloads/date-fruit-quality-ml/data/processed/train/Al-majdool/alhamdan__Medjool Date (13).jpg
/Users/ayush/Downloads/date-fruit-quality-ml/data/kaggle/alhamdan/Medjool/Medjool Date (130).JPG,Al-majdool,alhamdan,train,Medjool Date (130),/Users/ayush/Downloads/date-fruit-quality-ml/data/processed/train/Al-majdool/alhamdan__Medjool Date (130).jpg
/Users/ayush/Downloads/date-fruit-quality-ml/data/kaggle/alhamdan/Medjool/Medjool Date (131).JPG,Al-majdool,alhamdan,train,Medjool Date (131),/Users/ayush/Downloads/date-fruit-quality-ml/data/processed/train/Al-majdool/alhamdan__Medjool Date (131).jpg
/Users/ayush/Downloads/date-fruit-quality-ml/data/kaggle/alhamdan/Medjool/Medjool Date (132).JPG,Al-majdool,alhamdan,train,Medjool Date (132),/Users/ayush/Downloads/date-fruit-quality-ml/data/processed/train/Al-majdool/alhamdan__Medjool Date (132).jpg
/Users/ayush/Downloads/date-fruit-quality-ml/data/kaggle/alhamdan/Medjool/Medjool Date (133).JPG,Al-majdool,alhamdan,val,Medjool Date (133),/Users/ayush/Downloads/date-fruit-quality-ml/data/processed/val/Al-majdool/alhamdan__Medjool Date (133).jpg
/Users/ayush/Downloads/date-fruit-quality-ml/data/kaggle/alhamdan/Medjool/Medjool Date (134).JPG,Al-majdool,alhamdan,train,Medjool Date (134),/Users/ayush/Downloads/date-fruit-quality-ml/data/processed/train/Al-majdool/alhamdan__Medjool Date (134).jpg
/Users/ayush/Downloads/date-fruit-quality-ml/data/kaggle/alhamdan/Medjool/Medjool Date (135).JPG,Al-majdool,alhamdan,train,Medjool Date (135),/Users/ayush/Downloads/date-fruit-quality-ml/data/processed/train/Al-majdool/alhamdan__Medjool Date (135).jpg
/Users/ayush/Downloads/date-fruit-quality-ml/data/kaggle/alhamdan/Medjool/Medjool Date (14).JPG,Al-majdool,alhamdan,train,Medjool Date (14),/Users/ayush/Downloads/date-fruit-quality-ml/data/processed/train/Al-majdool/alhamdan__Medjool Date (14).jpg
/Users/ayush/Downloads/date-fruit-quality-ml/data/kaggle/alhamdan/Medjool/Medjool Date (15).JPG,Al-majdool,alhamdan,train,Medjool Date (15),/Users/ayush/Downloads/date-fruit-quality-ml/data/processed/train/Al-majdool/alhamdan__Medjool Date (15).jpg
/Users/ayush/Downloads/date-fruit-quality-ml/data/kaggle/alhamdan/Medjool/Medjool Date (16).JPG,Al-majdool,alhamdan,val,Medjool Date (16),/Users/ayush/Downloads/date-fruit-quality-ml/data/processed/val/Al-majdool/alhamdan__Medjool Date (16).jpg
/Users/ayush/Downloads/date-fruit-quality-ml/data/kaggle/alhamdan/Medjool/Medjool Date (17).JPG,Al-majdool,alhamdan,train,Medjool Date (17),/Users/ayush/Downloads/date-fruit-quality-ml/data/processed/train/Al-majdool/alhamdan__Medjool Date (17).jpg
/Users/ayush/Downloads/date-fruit-quality-ml/data/kaggle/alhamdan/Medjool/Medjool Date (18).JPG,Al-majdool,alhamdan,train,Medjool Date (18),/Users/ayush/Downloads/date-fruit-quality-ml/data/processed/train/Al-majdool/alhamdan__Medjool Date (18).jpg
/Users/ayush/Downloads/date-fruit-quality-ml/data/kaggle/alhamdan/Medjool/Medjool Date (19).JPG,Al-majdool,alhamdan,train,Medjool Date (19),/Users/ayush/Downloads/date-fruit-quality-ml/data/processed/train/Al-majdool/alhamdan__Medjool Date (19).jpg
/Users/ayush/Downloads/date-fruit-quality-ml/data/kaggle/alhamdan/Medjool/Medjool Date (2).JPG,Al-majdool,alhamdan,train,Medjool Date (2),/Users/ayush/Downloads/date-fruit-quality-ml/data/processed/train/Al-majdool/alhamdan__Medjool Date (2).jpg
/Users/ayush/Downloads/date-fruit-quality-ml/data/kaggle/alhamdan/Medjool/Medjool Date (20).JPG,Al-majdool,alhamdan,train,Medjool Date (20),/Users/ayush/Downloads/date-fruit-quality-ml/data/processed/train/Al-majdool/alhamdan__Medjool Date (20).jpg
/Users/ayush/Downloads/date-fruit-quality-ml/data/kaggle/alhamdan/Medjool/Medjool Date (21).JPG,Al-majdool,alhamdan,train,Medjool Date (21),/Users/ayush/Downloads/date-fruit-quality-ml/data/processed/train/Al-majdool/alhamdan__Medjool Date (21).jpg
/Users/ayush/Downloads/date-fruit-quality-ml/data/kaggle/alhamdan/Medjool/Medjool Date (22).JPG,Al-majdool,alhamdan,test,Medjool Date (22),/Users/ayush/Downloads/date-fruit-quality-ml/data/processed/test/Al-majdool/alhamdan__Medjool Date (22).jpg
/Users/ayush/Downloads/date-fruit-quality-ml/data/kaggle/alhamdan/Medjool/Medjool Date (23).JPG,Al-majdool,alhamdan,val,Medjool Date (23),/Users/ayush/Downloads/date-fruit-quality-ml/data/processed/val/Al-majdool/alhamdan__Medjool Date (23).jpg
/Users/ayush/Downloads/date-fruit-quality-ml/data/kaggle/alhamdan/Medjool/Medjool Date (24).JPG,Al-majdool,alhamdan,val,Medjool Date (24),/Users/ayush/Downloads/date-fruit-quality-ml/data/processed/val/Al-majdool/alhamdan__Medjool Date (24).jpg
/Users/ayush/Downloads/date-fruit-quality-ml/data/kaggle/alhamdan/Medjool/Medjool Date (25).JPG,Al-majdool,alhamdan,test,Medjool Date (25),/Users/ayush/Downloads/date-fruit-quality-ml/data/processed/test/Al-majdool/alhamdan__Medjool Date (25).jpg
/Users/ayush/Downloads/date-fruit-quality-ml/data/kaggle/alhamdan/Medjool/Medjool Date (26).JPG,Al-majdool,alhamdan,train,Medjool Date (26),/Users/ayush/Downloads/date-fruit-quality-ml/data/processed/train/Al-majdool/alhamdan__Medjool Date (26).jpg
/Users/ayush/Downloads/date-fruit-quality-ml/data/kaggle/alhamdan/Medjool/Medjool Date (27).JPG,Al-majdool,alhamdan,test,Medjool Date (27),/Users/ayush/Downloads/date-fruit-quality-ml/data/processed/test/Al-majdool/alhamdan__Medjool Date (27).jpg
/Users/ayush/Downloads/date-fruit-quality-ml/data/kaggle/alhamdan/Medjool/Medjool Date (28).JPG,Al-majdool,alhamdan,train,Medjool Date (28),/Users/ayush/Downloads/date-fruit-quality-ml/data/processed/train/Al-majdool/alhamdan__Medjool Date (28).jpg
/Users/ayush/Downloads/date-fruit-quality-ml/data/kaggle/alhamdan/Medjool/Medjool Date (29).JPG,Al-majdool,alhamdan,val,Medjool Date (29),/Users/ayush/Downloads/date-fruit-quality-ml/data/processed/val/Al-majdool/alhamdan__Medjool Date (29).jpg
/Users/ayush/Downloads/date-fruit-quality-ml/data/kaggle/alhamdan/Medjool/Medjool Date (3).JPG,Al-majdool,alhamdan,test,Medjool Date (3),/Users/ayush/Downloads/date-fruit-quality-ml/data/processed/test/Al-majdool/alhamdan__Medjool Date (3).jpg
/Users/ayush/Downloads/date-fruit-quality-ml/data/kaggle/alhamdan/Medjool/Medjool Date (30).JPG,Al-majdool,alhamdan,train,Medjool Date (30),/Users/ayush/Downloads/date-fruit-quality-ml/data/processed/train/Al-majdool/alhamdan__Medjool Date (30).jpg
/Users/ayush/Downloads/date-fruit-quality-ml/data/kaggle/alhamdan/Medjool/Medjool Date (31).JPG,Al-majdool,alhamdan,train,Medjool Date (31),/Users/ayush/Downloads/date-fruit-quality-ml/data/processed/train/Al-majdool/alhamdan__Medjool Date (31).jpg
/Users/ayush/Downloads/date-fruit-quality-ml/data/kaggle/alhamdan/Medjool/Medjool Date (32).JPG,Al-majdool,alhamdan,val,Medjool Date (32),/Users/ayush/Downloads/date-fruit-quality-ml/data/processed/val/Al-majdool/alhamdan__Medjool Date (32).jpg
/Users/ayush/Downloads/date-fruit-quality-ml/data/kaggle/alhamdan/Medjool/Medjool Date (33).JPG,Al-majdool,alhamdan,train,Medjool Date (33),/Users/ayush/Downloads/date-fruit-quality-ml/data/processed/train/Al-majdool/alhamdan__Medjool Date (33).jpg
/Users/ayush/Downloads/date-fruit-quality-ml/data/kaggle/alhamdan/Medjool/Medjool Date (34).JPG,Al-majdool,alhamdan,train,Medjool Date (34),/Users/ayush/Downloads/date-fruit-quality-ml/data/processed/train/Al-majdool/alhamdan__Medjool Date (34).jpg
/Users/ayush/Downloads/date-fruit-quality-ml/data/kaggle/alhamdan/Medjool/Medjool Date (35).JPG,Al-majdool,alhamdan,train,Medjool Date (35),/Users/ayush/Downloads/date-fruit-quality-ml/data/processed/train/Al-majdool/alhamdan__Medjool Date (35).jpg
/Users/ayush/Downloads/date-fruit-quality-ml/data/kaggle/alhamdan/Medjool/Medjool Date (36).JPG,Al-majdool,alhamdan,train,Medjool Date (36),/Users/ayush/Downloads/date-fruit-quality-ml/data/processed/train/Al-majdool/alhamdan__Medjool Date (36).jpg
/Users/ayush/Downloads/date-fruit-quality-ml/data/kaggle/alhamdan/Medjool/Medjool Date (37).JPG,Al-majdool,alhamdan,train,Medjool Date (37),/Users/ayush/Downloads/date-fruit-quality-ml/data/processed/train/Al-majdool/alhamdan__Medjool Date (37).jpg
/Users/ayush/Downloads/date-fruit-quality-ml/data/kaggle/alhamdan/Medjool/Medjool Date (38).JPG,Al-majdool,alhamdan,train,Medjool Date (38),/Users/ayush/Downloads/date-fruit-quality-ml/data/processed/train/Al-majdool/alhamdan__Medjool Date (38).jpg
/Users/ayush/Downloads/date-fruit-quality-ml/data/kaggle/alhamdan/Medjool/Medjool Date (39).JPG,Al-majdool,alhamdan,train,Medjool Date (39),/Users/ayush/Downloads/date-fruit-quality-ml/data/processed/train/Al-majdool/alhamdan__Medjool Date (39).jpg
/Users/ayush/Downloads/date-fruit-quality-ml/data/kaggle/alhamdan/Medjool/Medjool Date (4).JPG,Al-majdool,alhamdan,train,Medjool Date (4),/Users/ayush/Downloads/date-fruit-quality-ml/data/processed/train/Al-majdool/alhamdan__Medjool Date (4).jpg
/Users/ayush/Downloads/date-fruit-quality-ml/data/kaggle/alhamdan/Medjool/Medjool Date (40).JPG,Al-majdool,alhamdan,train,Medjool Date (40),/Users/ayush/Downloads/date-fruit-quality-ml/data/processed/train/Al-majdool/alhamdan__Medjool Date (40).jpg
/Users/ayush/Downloads/date-fruit-quality-ml/data/kaggle/alhamdan/Medjool/Medjool Date (41).JPG,Al-majdool,alhamdan,train,Medjool Date (41),/Users/ayush/Downloads/date-fruit-quality-ml/data/processed/train/Al-majdool/alhamdan__Medjool Date (41).jpg
/Users/ayush/Downloads/date-fruit-quality-ml/data/kaggle/alhamdan/Medjool/Medjool Date (42).JPG,Al-majdool,alhamdan,train,Medjool Date (42),/Users/ayush/Downloads/date-fruit-quality-ml/data/processed/train/Al-majdool/alhamdan__Medjool Date (42).jpg
/Users/ayush/Downloads/date-fruit-quality-ml/data/kaggle/alhamdan/Medjool/Medjool Date (43).JPG,Al-majdool,alhamdan,train,Medjool Date (43),/Users/ayush/Downloads/date-fruit-quality-ml/data/processed/train/Al-majdool/alhamdan__Medjool Date (43).jpg
/Users/ayush/Downloads/date-fruit-quality-ml/data/kaggle/alhamdan/Medjool/Medjool Date (44).JPG,Al-majdool,alhamdan,train,Medjool Date (44),/Users/ayush/Downloads/date-fruit-quality-ml/data/processed/train/Al-majdool/alhamdan__Medjool Date (44).jpg
/Users/ayush/Downloads/date-fruit-quality-ml/data/kaggle/alhamdan/Medjool/Medjool Date (45).JPG,Al-majdool,alhamdan,train,Medjool Date (45),/Users/ayush/Downloads/date-fruit-quality-ml/data/processed/train/Al-majdool/alhamdan__Medjool Date (45).jpg
/Users/ayush/Downloads/date-fruit-quality-ml/data/kaggle/alhamdan/Medjool/Medjool Date (46).JPG,Al-majdool,alhamdan,train,Medjool Date (46),/Users/ayush/Downloads/date-fruit-quality-ml/data/processed/train/Al-majdool/alhamdan__Medjool Date (46).jpg
/Users/ayush/Downloads/date-fruit-quality-ml/data/kaggle/alhamdan/Medjool/Medjool Date (47).JPG,Al-majdool,alhamdan,train,Medjool Date (47),/Users/ayush/Downloads/date-fruit-quality-ml/data/processed/train/Al-majdool/alhamdan__Medjool Date (47).jpg
/Users/ayush/Downloads/date-fruit-quality-ml/data/kaggle/alhamdan/Medjool/Medjool Date (48).JPG,Al-majdool,alhamdan,train,Medjool Date (48),/Users/ayush/Downloads/date-fruit-quality-ml/data/processed/train/Al-majdool/alhamdan__Medjool Date (48).jpg
/Users/ayush/Downloads/date-fruit-quality-ml/data/kaggle/alhamdan/Medjool/Medjool Date (49).JPG,Al-majdool,alhamdan,train,Medjool Date (49),/Users/ayush/Downloads/date-fruit-quality-ml/data/processed/train/Al-majdool/alhamdan__Medjool Date (49).jpg
/Users/ayush/Downloads/date-fruit-quality-ml/data/kaggle/alhamdan/Medjool/Medjool Date (5).JPG,Al-majdool,alhamdan,val,Medjool Date (5),/Users/ayush/Downloads/date-fruit-quality-ml/data/processed/val/Al-majdool/alhamdan__Medjool Date (5).jpg
/Users/ayush/Downloads/date-fruit-quality-ml/data/kaggle/alhamdan/Medjool/Medjool Date (50).JPG,Al-majdool,alhamdan,train,Medjool Date (50),/Users/ayush/Downloads/date-fruit-quality-ml/data/processed/train/Al-majdool/alhamdan__Medjool Date (50).jpg
/Users/ayush/Downloads/date-fruit-quality-ml/data/kaggle/alhamdan/Medjool/Medjool Date (51).JPG,Al-majdool,alhamdan,train,Medjool Date (51),/Users/ayush/Downloads/date-fruit-quality-ml/data/processed/train/Al-majdool/alhamdan__Medjool Date (51).jpg
/Users/ayush/Downloads/date-fruit-quality-ml/data/kaggle/alhamdan/Medjool/Medjool Date (52).JPG,Al-majdool,alhamdan,train,Medjool Date (52),/Users/ayush/Downloads/date-fruit-quality-ml/data/processed/train/Al-majdool/alhamdan__Medjool Date (52).jpg
/Users/ayush/Downloads/date-fruit-quality-ml/data/kaggle/alhamdan/Medjool/Medjool Date (53).JPG,Al-majdool,alhamdan,train,Medjool Date (53),/Users/ayush/Downloads/date-fruit-quality-ml/data/processed/train/Al-majdool/alhamdan__Medjool Date (53).jpg
/Users/ayush/Downloads/date-fruit-quality-ml/data/kaggle/alhamdan/Medjool/Medjool Date (54).JPG,Al-majdool,alhamdan,train,Medjool Date (54),/Users/ayush/Downloads/date-fruit-quality-ml/data/processed/train/Al-majdool/alhamdan__Medjool Date (54).jpg
/Users/ayush/Downloads/date-fruit-quality-ml/data/kaggle/alhamdan/Medjool/Medjool Date (55).JPG,Al-majdool,alhamdan,val,Medjool Date (55),/Users/ayush/Downloads/date-fruit-quality-ml/data/processed/val/Al-majdool/alhamdan__Medjool Date (55).jpg
/Users/ayush/Downloads/date-fruit-quality-ml/data/kaggle/alhamdan/Medjool/Medjool Date (56).JPG,Al-majdool,alhamdan,test,Medjool Date (56),/Users/ayush/Downloads/date-fruit-quality-ml/data/processed/test/Al-majdool/alhamdan__Medjool Date (56).jpg
/Users/ayush/Downloads/date-fruit-quality-ml/data/kaggle/alhamdan/Medjool/Medjool Date (57).JPG,Al-majdool,alhamdan,train,Medjool Date (57),/Users/ayush/Downloads/date-fruit-quality-ml/data/processed/train/Al-majdool/alhamdan__Medjool Date (57).jpg
/Users/ayush/Downloads/date-fruit-quality-ml/data/kaggle/alhamdan/Medjool/Medjool Date (58).JPG,Al-majdool,alhamdan,val,Medjool Date (58),/Users/ayush/Downloads/date-fruit-quality-ml/data/processed/val/Al-majdool/alhamdan__Medjool Date (58).jpg
/Users/ayush/Downloads/date-fruit-quality-ml/data/kaggle/alhamdan/Medjool/Medjool Date (59).JPG,Al-majdool,alhamdan,train,Medjool Date (59),/Users/ayush/Downloads/date-fruit-quality-ml/data/processed/train/Al-majdool/alhamdan__Medjool Date (59).jpg
/Users/ayush/Downloads/date-fruit-quality-ml/data/kaggle/alhamdan/Medjool/Medjool Date (6).JPG,Al-majdool,alhamdan,test,Medjool Date (6),/Users/ayush/Downloads/date-fruit-quality-ml/data/processed/test/Al-majdool/alhamdan__Medjool Date (6).jpg
/Users/ayush/Downloads/date-fruit-quality-ml/data/kaggle/alhamdan/Medjool/Medjool Date (60).JPG,Al-majdool,alhamdan,train,Medjool Date (60),/Users/ayush/Downloads/date-fruit-quality-ml/data/processed/train/Al-majdool/alhamdan__Medjool Date (60).jpg
/Users/ayush/Downloads/date-fruit-quality-ml/data/kaggle/alhamdan/Medjool/Medjool Date (61).JPG,Al-majdool,alhamdan,train,Medjool Date (61),/Users/ayush/Downloads/date-fruit-quality-ml/data/processed/train/Al-majdool/alhamdan__Medjool Date (61).jpg
/Users/ayush/Downloads/date-fruit-quality-ml/data/kaggle/alhamdan/Medjool/Medjool Date (62).JPG,Al-majdool,alhamdan,train,Medjool Date (62),/Users/ayush/Downloads/date-fruit-quality-ml/data/processed/train/Al-majdool/alhamdan__Medjool Date (62).jpg
/Users/ayush/Downloads/date-fruit-quality-ml/data/kaggle/alhamdan/Medjool/Medjool Date (63).JPG,Al-majdool,alhamdan,test,Medjool Date (63),/Users/ayush/Downloads/date-fruit-quality-ml/data/processed/test/Al-majdool/alhamdan__Medjool Date (63).jpg
/Users/ayush/Downloads/date-fruit-quality-ml/data/kaggle/alhamdan/Medjool/Medjool Date (64).JPG,Al-majdool,alhamdan,val,Medjool Date (64),/Users/ayush/Downloads/date-fruit-quality-ml/data/processed/val/Al-majdool/alhamdan__Medjool Date (64).jpg
/Users/ayush/Downloads/date-fruit-quality-ml/data/kaggle/alhamdan/Medjool/Medjool Date (65).JPG,Al-majdool,alhamdan,train,Medjool Date (65),/Users/ayush/Downloads/date-fruit-quality-ml/data/processed/train/Al-majdool/alhamdan__Medjool Date (65).jpg
/Users/ayush/Downloads/date-fruit-quality-ml/data/kaggle/alhamdan/Medjool/Medjool Date (66).JPG,Al-majdool,alhamdan,train,Medjool Date (66),/Users/ayush/Downloads/date-fruit-quality-ml/data/processed/train/Al-majdool/alhamdan__Medjool Date (66).jpg
/Users/ayush/Downloads/date-fruit-quality-ml/data/kaggle/alhamdan/Medjool/Medjool Date (67).JPG,Al-majdool,alhamdan,train,Medjool Date (67),/Users/ayush/Downloads/date-fruit-quality-ml/data/processed/train/Al-majdool/alhamdan__Medjool Date (67).jpg
/Users/ayush/Downloads/date-fruit-quality-ml/data/kaggle/alhamdan/Medjool/Medjool Date (68).JPG,Al-majdool,alhamdan,test,Medjool Date (68),/Users/ayush/Downloads/date-fruit-quality-ml/data/processed/test/Al-majdool/alhamdan__Medjool Date (68).jpg
/Users/ayush/Downloads/date-fruit-quality-ml/data/kaggle/alhamdan/Medjool/Medjool Date (69).JPG,Al-majdool,alhamdan,train,Medjool Date (69),/Users/ayush/Downloads/date-fruit-quality-ml/data/processed/train/Al-majdool/alhamdan__Medjool Date (69).jpg
/Users/ayush/Downloads/date-fruit-quality-ml/data/kaggle/alhamdan/Medjool/Medjool Date (7).JPG,Al-majdool,alhamdan,val,Medjool Date (7),/Users/ayush/Downloads/date-fruit-quality-ml/data/processed/val/Al-majdool/alhamdan__Medjool Date (7).jpg
/Users/ayush/Downloads/date-fruit-quality-ml/data/kaggle/alhamdan/Medjool/Medjool Date (70).JPG,Al-majdool,alhamdan,train,Medjool Date (70),/Users/ayush/Downloads/date-fruit-quality-ml/data/processed/train/Al-majdool/alhamdan__Medjool Date (70).jpg
/Users/ayush/Downloads/date-fruit-quality-ml/data/kaggle/alhamdan/Medjool/Medjool Date (71).JPG,Al-majdool,alhamdan,test,Medjool Date (71),/Users/ayush/Downloads/date-fruit-quality-ml/data/processed/test/Al-majdool/alhamdan__Medjool Date (71).jpg
/Users/ayush/Downloads/date-fruit-quality-ml/data/kaggle/alhamdan/Medjool/Medjool Date (72).JPG,Al-majdool,alhamdan,train,Medjool Date (72),/Users/ayush/Downloads/date-fruit-quality-ml/data/processed/train/Al-majdool/alhamdan__Medjool Date (72).jpg
/Users/ayush/Downloads/date-fruit-quality-ml/data/kaggle/alhamdan/Medjool/Medjool Date (73).JPG,Al-majdool,alhamdan,val,Medjool Date (73),/Users/ayush/Downloads/date-fruit-quality-ml/data/processed/val/Al-majdool/alhamdan__Medjool Date (73).jpg
/Users/ayush/Downloads/date-fruit-quality-ml/data/kaggle/alhamdan/Medjool/Medjool Date (74).JPG,Al-majdool,alhamdan,test,Medjool Date (74),/Users/ayush/Downloads/date-fruit-quality-ml/data/processed/test/Al-majdool/alhamdan__Medjool Date (74).jpg
/Users/ayush/Downloads/date-fruit-quality-ml/data/kaggle/alhamdan/Medjool/Medjool Date (75).JPG,Al-majdool,alhamdan,train,Medjool Date (75),/Users/ayush/Downloads/date-fruit-quality-ml/data/processed/train/Al-majdool/alhamdan__Medjool Date (75).jpg
/Users/ayush/Downloads/date-fruit-quality-ml/data/kaggle/alhamdan/Medjool/Medjool Date (76).JPG,Al-majdool,alhamdan,train,Medjool Date (76),/Users/ayush/Downloads/date-fruit-quality-ml/data/processed/train/Al-majdool/alhamdan__Medjool Date (76).jpg
/Users/ayush/Downloads/date-fruit-quality-ml/data/kaggle/alhamdan/Medjool/Medjool Date (77).JPG,Al-majdool,alhamdan,train,Medjool Date (77),/Users/ayush/Downloads/date-fruit-quality-ml/data/processed/train/Al-majdool/alhamdan__Medjool Date (77).jpg
/Users/ayush/Downloads/date-fruit-quality-ml/data/kaggle/alhamdan/Medjool/Medjool Date (78).JPG,Al-majdool,alhamdan,val,Medjool Date (78),/Users/ayush/Downloads/date-fruit-quality-ml/data/processed/val/Al-majdool/alhamdan__Medjool Date (78).jpg
/Users/ayush/Downloads/date-fruit-quality-ml/data/kaggle/alhamdan/Medjool/Medjool Date (79).JPG,Al-majdool,alhamdan,val,Medjool Date (79),/Users/ayush/Downloads/date-fruit-quality-ml/data/processed/val/Al-majdool/alhamdan__Medjool Date (79).jpg
/Users/ayush/Downloads/date-fruit-quality-ml/data/kaggle/alhamdan/Medjool/Medjool Date (8).JPG,Al-majdool,alhamdan,train,Medjool Date (8),/Users/ayush/Downloads/date-fruit-quality-ml/data/processed/train/Al-majdool/alhamdan__Medjool Date (8).jpg
/Users/ayush/Downloads/date-fruit-quality-ml/data/kaggle/alhamdan/Medjool/Medjool Date (80).JPG,Al-majdool,alhamdan,val,Medjool Date (80),/Users/ayush/Downloads/date-fruit-quality-ml/data/processed/val/Al-majdool/alhamdan__Medjool Date (80).jpg
/Users/ayush/Downloads/date-fruit-quality-ml/data/kaggle/alhamdan/Medjool/Medjool Date (81).JPG,Al-majdool,alhamdan,test,Medjool Date (81),/Users/ayush/Downloads/date-fruit-quality-ml/data/processed/test/Al-majdool/alhamdan__Medjool Date (81).jpg
/Users/ayush/Downloads/date-fruit-quality-ml/data/kaggle/alhamdan/Medjool/Medjool Date (82).JPG,Al-majdool,alhamdan,train,Medjool Date (82),/Users/ayush/Downloads/date-fruit-quality-ml/data/processed/train/Al-majdool/alhamdan__Medjool Date (82).jpg
/Users/ayush/Downloads/date-fruit-quality-ml/data/kaggle/alhamdan/Medjool/Medjool Date (83).JPG,Al-majdool,alhamdan,test,Medjool Date (83),/Users/ayush/Downloads/date-fruit-quality-ml/data/processed/test/Al-majdool/alhamdan__Medjool Date (83).jpg
/Users/ayush/Downloads/date-fruit-quality-ml/data/kaggle/alhamdan/Medjool/Medjool Date (84).JPG,Al-majdool,alhamdan,train,Medjool Date (84),/Users/ayush/Downloads/date-fruit-quality-ml/data/processed/train/Al-majdool/alhamdan__Medjool Date (84).jpg
/Users/ayush/Downloads/date-fruit-quality-ml/data/kaggle/alhamdan/Medjool/Medjool Date (85).JPG,Al-majdool,alhamdan,test,Medjool Date (85),/Users/ayush/Downloads/date-fruit-quality-ml/data/processed/test/Al-majdool/alhamdan__Medjool Date (85).jpg
/Users/ayush/Downloads/date-fruit-quality-ml/data/kaggle/alhamdan/Medjool/Medjool Date (86).JPG,Al-majdool,alhamdan,val,Medjool Date (86),/Users/ayush/Downloads/date-fruit-quality-ml/data/processed/val/Al-majdool/alhamdan__Medjool Date (86).jpg
/Users/ayush/Downloads/date-fruit-quality-ml/data/kaggle/alhamdan/Medjool/Medjool Date (87).JPG,Al-majdool,alhamdan,val,Medjool Date (87),/Users/ayush/Downloads/date-fruit-quality-ml/data/processed/val/Al-majdool/alhamdan__Medjool Date (87).jpg
/Users/ayush/Downloads/date-fruit-quality-ml/data/kaggle/alhamdan/Medjool/Medjool Date (88).JPG,Al-majdool,alhamdan,val,Medjool Date (88),/Users/ayush/Downloads/date-fruit-quality-ml/data/processed/val/Al-majdool/alhamdan__Medjool Date (88).jpg
/Users/ayush/Downloads/date-fruit-quality-ml/data/kaggle/alhamdan/Medjool/Medjool Date (89).JPG,Al-majdool,alhamdan,train,Medjool Date (89),/Users/ayush/Downloads/date-fruit-quality-ml/data/processed/train/Al-majdool/alhamdan__Medjool Date (89).jpg
/Users/ayush/Downloads/date-fruit-quality-ml/data/kaggle/alhamdan/Medjool/Medjool Date (9).JPG,Al-majdool,alhamdan,train,Medjool Date (9),/Users/ayush/Downloads/date-fruit-quality-ml/data/processed/train/Al-majdool/alhamdan__Medjool Date (9).jpg
/Users/ayush/Downloads/date-fruit-quality-ml/data/kaggle/alhamdan/Medjool/Medjool Date (90).JPG,Al-majdool,alhamdan,test,Medjool Date (90),/Users/ayush/Downloads/date-fruit-quality-ml/data/processed/test/Al-majdool/alhamdan__Medjool Date (90).jpg
/Users/ayush/Downloads/date-fruit-quality-ml/data/kaggle/alhamdan/Medjool/Medjool Date (91).JPG,Al-majdool,alhamdan,train,Medjool Date (91),/Users/ayush/Downloads/date-fruit-quality-ml/data/processed/train/Al-majdool/alhamdan__Medjool Date (91).jpg
/Users/ayush/Downloads/date-fruit-quality-ml/data/kaggle/alhamdan/Medjool/Medjool Date (92).JPG,Al-majdool,alhamdan,train,Medjool Date (92),/Users/ayush/Downloads/date-fruit-quality-ml/data/processed/train/Al-majdool/alhamdan__Medjool Date (92).jpg
/Users/ayush/Downloads/date-fruit-quality-ml/data/kaggle/alhamdan/Medjool/Medjool Date (93).JPG,Al-majdool,alhamdan,test,Medjool Date (93),/Users/ayush/Downloads/date-fruit-quality-ml/data/processed/test/Al-majdool/alhamdan__Medjool Date (93).jpg
/Users/ayush/Downloads/date-fruit-quality-ml/data/kaggle/alhamdan/Medjool/Medjool Date (94).JPG,Al-majdool,alhamdan,train,Medjool Date (94),/Users/ayush/Downloads/date-fruit-quality-ml/data/processed/train/Al-majdool/alhamdan__Medjool Date (94).jpg
/Users/ayush/Downloads/date-fruit-quality-ml/data/kaggle/alhamdan/Medjool/Medjool Date (95).JPG,Al-majdool,alhamdan,test,Medjool Date (95),/Users/ayush/Downloads/date-fruit-quality-ml/data/processed/test/Al-majdool/alhamdan__Medjool Date (95).jpg
/Users/ayush/Downloads/date-fruit-quality-ml/data/kaggle/alhamdan/Medjool/Medjool Date (96).JPG,Al-majdool,alhamdan,train,Medjool Date (96),/Users/ayush/Downloads/date-fruit-quality-ml/data/processed/train/Al-majdool/alhamdan__Medjool Date (96).jpg
/Users/ayush/Downloads/date-fruit-quality-ml/data/kaggle/alhamdan/Medjool/Medjool Date (97).JPG,Al-majdool,alhamdan,val,Medjool Date (97),/Users/ayush/Downloads/date-fruit-quality-ml/data/processed/val/Al-majdool/alhamdan__Medjool Date (97).jpg
/Users/ayush/Downloads/date-fruit-quality-ml/data/kaggle/alhamdan/Medjool/Medjool Date (98).JPG,Al-majdool,alhamdan,train,Medjool Date (98),/Users/ayush/Downloads/date-fruit-quality-ml/data/processed/train/Al-majdool/alhamdan__Medjool Date (98).jpg
/Users/ayush/Downloads/date-fruit-quality-ml/data/kaggle/alhamdan/Medjool/Medjool Date (99).JPG,Al-majdool,alhamdan,train,Medjool Date (99),/Users/ayush/Downloads/date-fruit-quality-ml/data/processed/train/Al-majdool/alhamdan__Medjool Date (99).jpg
/Users/ayush/Downloads/date-fruit-quality-ml/data/kaggle/alhamdan/Sokari/Sokari Date (1).JPG,Al-skari,alhamdan,val,Sokari Date (1),/Users/ayush/Downloads/date-fruit-quality-ml/data/processed/val/Al-skari/alhamdan__Sokari Date (1).jpg
/Users/ayush/Downloads/date-fruit-quality-ml/data/kaggle/alhamdan/Sokari/Sokari Date (10).JPG,Al-skari,alhamdan,train,Sokari Date (10),/Users/ayush/Downloads/date-fruit-quality-ml/data/processed/train/Al-skari/alhamdan__Sokari Date (10).jpg
/Users/ayush/Downloads/date-fruit-quality-ml/data/kaggle/alhamdan/Sokari/Sokari Date (100).JPG,Al-skari,alhamdan,train,Sokari Date (100),/Users/ayush/Downloads/date-fruit-quality-ml/data/processed/train/Al-skari/alhamdan__Sokari Date (100).jpg
/Users/ayush/Downloads/date-fruit-quality-ml/data/kaggle/alhamdan/Sokari/Sokari Date (101).JPG,Al-skari,alhamdan,train,Sokari Date (101),/Users/ayush/Downloads/date-fruit-quality-ml/data/processed/train/Al-skari/alhamdan__Sokari Date (101).jpg
/Users/ayush/Downloads/date-fruit-quality-ml/data/kaggle/alhamdan/Sokari/Sokari Date (102).JPG,Al-skari,alhamdan,test,Sokari Date (102),/Users/ayush/Downloads/date-fruit-quality-ml/data/processed/test/Al-skari/alhamdan__Sokari Date (102).jpg
/Users/ayush/Downloads/date-fruit-quality-ml/data/kaggle/alhamdan/Sokari/Sokari Date (103).JPG,Al-skari,alhamdan,train,Sokari Date (103),/Users/ayush/Downloads/date-fruit-quality-ml/data/processed/train/Al-skari/alhamdan__Sokari Date (103).jpg
/Users/ayush/Downloads/date-fruit-quality-ml/data/kaggle/alhamdan/Sokari/Sokari Date (104).JPG,Al-skari,alhamdan,train,Sokari Date (104),/Users/ayush/Downloads/date-fruit-quality-ml/data/processed/train/Al-skari/alhamdan__Sokari Date (104).jpg
/Users/ayush/Downloads/date-fruit-quality-ml/data/kaggle/alhamdan/Sokari/Sokari Date (105).JPG,Al-skari,alhamdan,train,Sokari Date (105),/Users/ayush/Downloads/date-fruit-quality-ml/data/processed/train/Al-skari/alhamdan__Sokari Date (105).jpg
/Users/ayush/Downloads/date-fruit-quality-ml/data/kaggle/alhamdan/Sokari/Sokari Date (106).JPG,Al-skari,alhamdan,test,Sokari Date (106),/Users/ayush/Downloads/date-fruit-quality-ml/data/processed/test/Al-skari/alhamdan__Sokari Date (106).jpg
/Users/ayush/Downloads/date-fruit-quality-ml/data/kaggle/alhamdan/Sokari/Sokari Date (107).JPG,Al-skari,alhamdan,val,Sokari Date (107),/Users/ayush/Downloads/date-fruit-quality-ml/data/processed/val/Al-skari/alhamdan__Sokari Date (107).jpg
/Users/ayush/Downloads/date-fruit-quality-ml/data/kaggle/alhamdan/Sokari/Sokari Date (108).JPG,Al-skari,alhamdan,val,Sokari Date (108),/Users/ayush/Downloads/date-fruit-quality-ml/data/processed/val/Al-skari/alhamdan__Sokari Date (108).jpg
/Users/ayush/Downloads/date-fruit-quality-ml/data/kaggle/alhamdan/Sokari/Sokari Date (109).JPG,Al-skari,alhamdan,train,Sokari Date (109),/Users/ayush/Downloads/date-fruit-quality-ml/data/processed/train/Al-skari/alhamdan__Sokari Date (109).jpg
/Users/ayush/Downloads/date-fruit-quality-ml/data/kaggle/alhamdan/Sokari/Sokari Date (11).JPG,Al-skari,alhamdan,test,Sokari Date (11),/Users/ayush/Downloads/date-fruit-quality-ml/data/processed/test/Al-skari/alhamdan__Sokari Date (11).jpg
/Users/ayush/Downloads/date-fruit-quality-ml/data/kaggle/alhamdan/Sokari/Sokari Date (110).JPG,Al-skari,alhamdan,val,Sokari Date (110),/Users/ayush/Downloads/date-fruit-quality-ml/data/processed/val/Al-skari/alhamdan__Sokari Date (110).jpg
/Users/ayush/Downloads/date-fruit-quality-ml/data/kaggle/alhamdan/Sokari/Sokari Date (111).JPG,Al-skari,alhamdan,train,Sokari Date (111),/Users/ayush/Downloads/date-fruit-quality-ml/data/processed/train/Al-skari/alhamdan__Sokari Date (111).jpg
/Users/ayush/Downloads/date-fruit-quality-ml/data/kaggle/alhamdan/Sokari/Sokari Date (112).JPG,Al-skari,alhamdan,train,Sokari Date (112),/Users/ayush/Downloads/date-fruit-quality-ml/data/processed/train/Al-skari/alhamdan__Sokari Date (112).jpg
/Users/ayush/Downloads/date-fruit-quality-ml/data/kaggle/alhamdan/Sokari/Sokari Date (113).JPG,Al-skari,alhamdan,test,Sokari Date (113),/Users/ayush/Downloads/date-fruit-quality-ml/data/processed/test/Al-skari/alhamdan__Sokari Date (113).jpg
/Users/ayush/Downloads/date-fruit-quality-ml/data/kaggle/alhamdan/Sokari/Sokari Date (114).JPG,Al-skari,alhamdan,train,Sokari Date (114),/Users/ayush/Downloads/date-fruit-quality-ml/data/processed/train/Al-skari/alhamdan__Sokari Date (114).jpg
/Users/ayush/Downloads/date-fruit-quality-ml/data/kaggle/alhamdan/Sokari/Sokari Date (115).JPG,Al-skari,alhamdan,train,Sokari Date (115),/Users/ayush/Downloads/date-fruit-quality-ml/data/processed/train/Al-skari/alhamdan__Sokari Date (115).jpg
/Users/ayush/Downloads/date-fruit-quality-ml/data/kaggle/alhamdan/Sokari/Sokari Date (116).JPG,Al-skari,alhamdan,train,Sokari Date (116),/Users/ayush/Downloads/date-fruit-quality-ml/data/processed/train/Al-skari/alhamdan__Sokari Date (116).jpg
/Users/ayush/Downloads/date-fruit-quality-ml/data/kaggle/alhamdan/Sokari/Sokari Date (117).JPG,Al-skari,alhamdan,train,Sokari Date (117),/Users/ayush/Downloads/date-fruit-quality-ml/data/processed/train/Al-skari/alhamdan__Sokari Date (117).jpg
/Users/ayush/Downloads/date-fruit-quality-ml/data/kaggle/alhamdan/Sokari/Sokari Date (118).JPG,Al-skari,alhamdan,train,Sokari Date (118),/Users/ayush/Downloads/date-fruit-quality-ml/data/processed/train/Al-skari/alhamdan__Sokari Date (118).jpg
/Users/ayush/Downloads/date-fruit-quality-ml/data/kaggle/alhamdan/Sokari/Sokari Date (119).JPG,Al-skari,alhamdan,val,Sokari Date (119),/Users/ayush/Downloads/date-fruit-quality-ml/data/processed/val/Al-skari/alhamdan__Sokari Date (119).jpg
/Users/ayush/Downloads/date-fruit-quality-ml/data/kaggle/alhamdan/Sokari/Sokari Date (12).JPG,Al-skari,alhamdan,train,Sokari Date (12),/Users/ayush/Downloads/date-fruit-quality-ml/data/processed/train/Al-skari/alhamdan__Sokari Date (12).jpg
/Users/ayush/Downloads/date-fruit-quality-ml/data/kaggle/alhamdan/Sokari/Sokari Date (120).JPG,Al-skari,alhamdan,train,Sokari Date (120),/Users/ayush/Downloads/date-fruit-quality-ml/data/processed/train/Al-skari/alhamdan__Sokari Date (120).jpg
/Users/ayush/Downloads/date-fruit-quality-ml/data/kaggle/alhamdan/Sokari/Sokari Date (121).JPG,Al-skari,alhamdan,train,Sokari Date (121),/Users/ayush/Downloads/date-fruit-quality-ml/data/processed/train/Al-skari/alhamdan__Sokari Date (121).jpg
/Users/ayush/Downloads/date-fruit-quality-ml/data/kaggle/alhamdan/Sokari/Sokari Date (122).JPG,Al-skari,alhamdan,train,Sokari Date (122),/Users/ayush/Downloads/date-fruit-quality-ml/data/processed/train/Al-skari/alhamdan__Sokari Date (122).jpg
/Users/ayush/Downloads/date-fruit-quality-ml/data/kaggle/alhamdan/Sokari/Sokari Date (123).JPG,Al-skari,alhamdan,train,Sokari Date (123),/Users/ayush/Downloads/date-fruit-quality-ml/data/processed/train/Al-skari/alhamdan__Sokari Date (123).jpg
/Users/ayush/Downloads/date-fruit-quality-ml/data/kaggle/alhamdan/Sokari/Sokari Date (124).JPG,Al-skari,alhamdan,train,Sokari Date (124),/Users/ayush/Downloads/date-fruit-quality-ml/data/processed/train/Al-skari/alhamdan__Sokari Date (124).jpg
/Users/ayush/Downloads/date-fruit-quality-ml/data/kaggle/alhamdan/Sokari/Sokari Date (125).JPG,Al-skari,alhamdan,test,Sokari Date (125),/Users/ayush/Downloads/date-fruit-quality-ml/data/processed/test/Al-skari/alhamdan__Sokari Date (125).jpg
/Users/ayush/Downloads/date-fruit-quality-ml/data/kaggle/alhamdan/Sokari/Sokari Date (126).JPG,Al-skari,alhamdan,train,Sokari Date (126),/Users/ayush/Downloads/date-fruit-quality-ml/data/processed/train/Al-skari/alhamdan__Sokari Date (126).jpg
/Users/ayush/Downloads/date-fruit-quality-ml/data/kaggle/alhamdan/Sokari/Sokari Date (127).JPG,Al-skari,alhamdan,val,Sokari Date (127),/Users/ayush/Downloads/date-fruit-quality-ml/data/processed/val/Al-skari/alhamdan__Sokari Date (127).jpg
/Users/ayush/Downloads/date-fruit-quality-ml/data/kaggle/alhamdan/Sokari/Sokari Date (128).JPG,Al-skari,alhamdan,train,Sokari Date (128),/Users/ayush/Downloads/date-fruit-quality-ml/data/processed/train/Al-skari/alhamdan__Sokari Date (128).jpg
/Users/ayush/Downloads/date-fruit-quality-ml/data/kaggle/alhamdan/Sokari/Sokari Date (129).JPG,Al-skari,alhamdan,train,Sokari Date (129),/Users/ayush/Downloads/date-fruit-quality-ml/data/processed/train/Al-skari/alhamdan__Sokari Date (129).jpg
/Users/ayush/Downloads/date-fruit-quality-ml/data/kaggle/alhamdan/Sokari/Sokari Date (13).JPG,Al-skari,alhamdan,val,Sokari Date (13),/Users/ayush/Downloads/date-fruit-quality-ml/data/processed/val/Al-skari/alhamdan__Sokari Date (13).jpg
/Users/ayush/Downloads/date-fruit-quality-ml/data/kaggle/alhamdan/Sokari/Sokari Date (130).JPG,Al-skari,alhamdan,train,Sokari Date (130),/Users/ayush/Downloads/date-fruit-quality-ml/data/processed/train/Al-skari/alhamdan__Sokari Date (130).jpg
/Users/ayush/Downloads/date-fruit-quality-ml/data/kaggle/alhamdan/Sokari/Sokari Date (131).JPG,Al-skari,alhamdan,train,Sokari Date (131),/Users/ayush/Downloads/date-fruit-quality-ml/data/processed/train/Al-skari/alhamdan__Sokari Date (131).jpg
/Users/ayush/Downloads/date-fruit-quality-ml/data/kaggle/alhamdan/Sokari/Sokari Date (132).JPG,Al-skari,alhamdan,val,Sokari Date (132),/Users/ayush/Downloads/date-fruit-quality-ml/data/processed/val/Al-skari/alhamdan__Sokari Date (132).jpg
/Users/ayush/Downloads/date-fruit-quality-ml/data/kaggle/alhamdan/Sokari/Sokari Date (133).JPG,Al-skari,alhamdan,test,Sokari Date (133),/Users/ayush/Downloads/date-fruit-quality-ml/data/processed/test/Al-skari/alhamdan__Sokari Date (133).jpg
/Users/ayush/Downloads/date-fruit-quality-ml/data/kaggle/alhamdan/Sokari/Sokari Date (134).JPG,Al-skari,alhamdan,val,Sokari Date (134),/Users/ayush/Downloads/date-fruit-quality-ml/data/processed/val/Al-skari/alhamdan__Sokari Date (134).jpg
/Users/ayush/Downloads/date-fruit-quality-ml/data/kaggle/alhamdan/Sokari/Sokari Date (135).JPG,Al-skari,alhamdan,train,Sokari Date (135),/Users/ayush/Downloads/date-fruit-quality-ml/data/processed/train/Al-skari/alhamdan__Sokari Date (135).jpg
/Users/ayush/Downloads/date-fruit-quality-ml/data/kaggle/alhamdan/Sokari/Sokari Date (136).JPG,Al-skari,alhamdan,test,Sokari Date (136),/Users/ayush/Downloads/date-fruit-quality-ml/data/processed/test/Al-skari/alhamdan__Sokari Date (136).jpg
/Users/ayush/Downloads/date-fruit-quality-ml/data/kaggle/alhamdan/Sokari/Sokari Date (137).JPG,Al-skari,alhamdan,train,Sokari Date (137),/Users/ayush/Downloads/date-fruit-quality-ml/data/processed/train/Al-skari/alhamdan__Sokari Date (137).jpg
/Users/ayush/Downloads/date-fruit-quality-ml/data/kaggle/alhamdan/Sokari/Sokari Date (138).JPG,Al-skari,alhamdan,train,Sokari Date (138),/Users/ayush/Downloads/date-fruit-quality-ml/data/processed/train/Al-skari/alhamdan__Sokari Date (138).jpg
/Users/ayush/Downloads/date-fruit-quality-ml/data/kaggle/alhamdan/Sokari/Sokari Date (139).JPG,Al-skari,alhamdan,train,Sokari Date (139),/Users/ayush/Downloads/date-fruit-quality-ml/data/processed/train/Al-skari/alhamdan__Sokari Date (139).jpg
/Users/ayush/Downloads/date-fruit-quality-ml/data/kaggle/alhamdan/Sokari/Sokari Date (14).JPG,Al-skari,alhamdan,train,Sokari Date (14),/Users/ayush/Downloads/date-fruit-quality-ml/data/processed/train/Al-skari/alhamdan__Sokari Date (14).jpg
/Users/ayush/Downloads/date-fruit-quality-ml/data/kaggle/alhamdan/Sokari/Sokari Date (140).JPG,Al-skari,alhamdan,train,Sokari Date (140),/Users/ayush/Downloads/date-fruit-quality-ml/data/processed/train/Al-skari/alhamdan__Sokari Date (140).jpg
/Users/ayush/Downloads/date-fruit-quality-ml/data/kaggle/alhamdan/Sokari/Sokari Date (141).JPG,Al-skari,alhamdan,train,Sokari Date (141),/Users/ayush/Downloads/date-fruit-quality-ml/data/processed/train/Al-skari/alhamdan__Sokari Date (141).jpg
/Users/ayush/Downloads/date-fruit-quality-ml/data/kaggle/alhamdan/Sokari/Sokari Date (142).JPG,Al-skari,alhamdan,val,Sokari Date (142),/Users/ayush/Downloads/date-fruit-quality-ml/data/processed/val/Al-skari/alhamdan__Sokari Date (142).jpg
/Users/ayush/Downloads/date-fruit-quality-ml/data/kaggle/alhamdan/Sokari/Sokari Date (143).JPG,Al-skari,alhamdan,train,Sokari Date (143),/Users/ayush/Downloads/date-fruit-quality-ml/data/processed/train/Al-skari/alhamdan__Sokari Date (143).jpg
/Users/ayush/Downloads/date-fruit-quality-ml/data/kaggle/alhamdan/Sokari/Sokari Date (144).JPG,Al-skari,alhamdan,train,Sokari Date (144),/Users/ayush/Downloads/date-fruit-quality-ml/data/processed/train/Al-skari/alhamdan__Sokari Date (144).jpg
/Users/ayush/Downloads/date-fruit-quality-ml/data/kaggle/alhamdan/Sokari/Sokari Date (145).JPG,Al-skari,alhamdan,train,Sokari Date (145),/Users/ayush/Downloads/date-fruit-quality-ml/data/processed/train/Al-skari/alhamdan__Sokari Date (145).jpg
/Users/ayush/Downloads/date-fruit-quality-ml/data/kaggle/alhamdan/Sokari/Sokari Date (146).JPG,Al-skari,alhamdan,train,Sokari Date (146),/Users/ayush/Downloads/date-fruit-quality-ml/data/processed/train/Al-skari/alhamdan__Sokari Date (146).jpg
/Users/ayush/Downloads/date-fruit-quality-ml/data/kaggle/alhamdan/Sokari/Sokari Date (147).JPG,Al-skari,alhamdan,train,Sokari Date (147),/Users/ayush/Downloads/date-fruit-quality-ml/data/processed/train/Al-skari/alhamdan__Sokari Date (147).jpg
/Users/ayush/Downloads/date-fruit-quality-ml/data/kaggle/alhamdan/Sokari/Sokari Date (148).JPG,Al-skari,alhamdan,train,Sokari Date (148),/Users/ayush/Downloads/date-fruit-quality-ml/data/processed/train/Al-skari/alhamdan__Sokari Date (148).jpg
/Users/ayush/Downloads/date-fruit-quality-ml/data/kaggle/alhamdan/Sokari/Sokari Date (149).JPG,Al-skari,alhamdan,train,Sokari Date (149),/Users/ayush/Downloads/date-fruit-quality-ml/data/processed/train/Al-skari/alhamdan__Sokari Date (149).jpg
/Users/ayush/Downloads/date-fruit-quality-ml/data/kaggle/alhamdan/Sokari/Sokari Date (15).JPG,Al-skari,alhamdan,train,Sokari Date (15),/Users/ayush/Downloads/date-fruit-quality-ml/data/processed/train/Al-skari/alhamdan__Sokari Date (15).jpg
/Users/ayush/Downloads/date-fruit-quality-ml/data/kaggle/alhamdan/Sokari/Sokari Date (150).JPG,Al-skari,alhamdan,train,Sokari Date (150),/Users/ayush/Downloads/date-fruit-quality-ml/data/processed/train/Al-skari/alhamdan__Sokari Date (150).jpg
/Users/ayush/Downloads/date-fruit-quality-ml/data/kaggle/alhamdan/Sokari/Sokari Date (151).JPG,Al-skari,alhamdan,train,Sokari Date (151),/Users/ayush/Downloads/date-fruit-quality-ml/data/processed/train/Al-skari/alhamdan__Sokari Date (151).jpg
/Users/ayush/Downloads/date-fruit-quality-ml/data/kaggle/alhamdan/Sokari/Sokari Date (152).JPG,Al-skari,alhamdan,test,Sokari Date (152),/Users/ayush/Downloads/date-fruit-quality-ml/data/processed/test/Al-skari/alhamdan__Sokari Date (152).jpg
/Users/ayush/Downloads/date-fruit-quality-ml/data/kaggle/alhamdan/Sokari/Sokari Date (153).JPG,Al-skari,alhamdan,train,Sokari Date (153),/Users/ayush/Downloads/date-fruit-quality-ml/data/processed/train/Al-skari/alhamdan__Sokari Date (153).jpg
/Users/ayush/Downloads/date-fruit-quality-ml/data/kaggle/alhamdan/Sokari/Sokari Date (154).JPG,Al-skari,alhamdan,test,Sokari Date (154),/Users/ayush/Downloads/date-fruit-quality-ml/data/processed/test/Al-skari/alhamdan__Sokari Date (154).jpg
/Users/ayush/Downloads/date-fruit-quality-ml/data/kaggle/alhamdan/Sokari/Sokari Date (155).JPG,Al-skari,alhamdan,test,Sokari Date (155),/Users/ayush/Downloads/date-fruit-quality-ml/data/processed/test/Al-skari/alhamdan__Sokari Date (155).jpg
/Users/ayush/Downloads/date-fruit-quality-ml/data/kaggle/alhamdan/Sokari/Sokari Date (156).JPG,Al-skari,alhamdan,test,Sokari Date (156),/Users/ayush/Downloads/date-fruit-quality-ml/data/processed/test/Al-skari/alhamdan__Sokari Date (156).jpg
/Users/ayush/Downloads/date-fruit-quality-ml/data/kaggle/alhamdan/Sokari/Sokari Date (157).JPG,Al-skari,alhamdan,val,Sokari Date (157),/Users/ayush/Downloads/date-fruit-quality-ml/data/processed/val/Al-skari/alhamdan__Sokari Date (157).jpg
/Users/ayush/Downloads/date-fruit-quality-ml/data/kaggle/alhamdan/Sokari/Sokari Date (158).JPG,Al-skari,alhamdan,train,Sokari Date (158),/Users/ayush/Downloads/date-fruit-quality-ml/data/processed/train/Al-skari/alhamdan__Sokari Date (158).jpg
/Users/ayush/Downloads/date-fruit-quality-ml/data/kaggle/alhamdan/Sokari/Sokari Date (159).JPG,Al-skari,alhamdan,train,Sokari Date (159),/Users/ayush/Downloads/date-fruit-quality-ml/data/processed/train/Al-skari/alhamdan__Sokari Date (159).jpg
/Users/ayush/Downloads/date-fruit-quality-ml/data/kaggle/alhamdan/Sokari/Sokari Date (16).JPG,Al-skari,alhamdan,train,Sokari Date (16),/Users/ayush/Downloads/date-fruit-quality-ml/data/processed/train/Al-skari/alhamdan__Sokari Date (16).jpg
/Users/ayush/Downloads/date-fruit-quality-ml/data/kaggle/alhamdan/Sokari/Sokari Date (160).JPG,Al-skari,alhamdan,test,Sokari Date (160),/Users/ayush/Downloads/date-fruit-quality-ml/data/processed/test/Al-skari/alhamdan__Sokari Date (160).jpg
/Users/ayush/Downloads/date-fruit-quality-ml/data/kaggle/alhamdan/Sokari/Sokari Date (161).JPG,Al-skari,alhamdan,train,Sokari Date (161),/Users/ayush/Downloads/date-fruit-quality-ml/data/processed/train/Al-skari/alhamdan__Sokari Date (161).jpg
/Users/ayush/Downloads/date-fruit-quality-ml/data/kaggle/alhamdan/Sokari/Sokari Date (162).JPG,Al-skari,alhamdan,train,Sokari Date (162),/Users/ayush/Downloads/date-fruit-quality-ml/data/processed/train/Al-skari/alhamdan__Sokari Date (162).jpg
/Users/ayush/Downloads/date-fruit-quality-ml/data/kaggle/alhamdan/Sokari/Sokari Date (163).JPG,Al-skari,alhamdan,test,Sokari Date (163),/Users/ayush/Downloads/date-fruit-quality-ml/data/processed/test/Al-skari/alhamdan__Sokari Date (163).jpg
/Users/ayush/Downloads/date-fruit-quality-ml/data/kaggle/alhamdan/Sokari/Sokari Date (164).JPG,Al-skari,alhamdan,test,Sokari Date (164),/Users/ayush/Downloads/date-fruit-quality-ml/data/processed/test/Al-skari/alhamdan__Sokari Date (164).jpg
/Users/ayush/Downloads/date-fruit-quality-ml/data/kaggle/alhamdan/Sokari/Sokari Date (165).JPG,Al-skari,alhamdan,train,Sokari Date (165),/Users/ayush/Downloads/date-fruit-quality-ml/data/processed/train/Al-skari/alhamdan__Sokari Date (165).jpg
/Users/ayush/Downloads/date-fruit-quality-ml/data/kaggle/alhamdan/Sokari/Sokari Date (166).JPG,Al-skari,alhamdan,train,Sokari Date (166),/Users/ayush/Downloads/date-fruit-quality-ml/data/processed/train/Al-skari/alhamdan__Sokari Date (166).jpg
/Users/ayush/Downloads/date-fruit-quality-ml/data/kaggle/alhamdan/Sokari/Sokari Date (167).JPG,Al-skari,alhamdan,val,Sokari Date (167),/Users/ayush/Downloads/date-fruit-quality-ml/data/processed/val/Al-skari/alhamdan__Sokari Date (167).jpg
/Users/ayush/Downloads/date-fruit-quality-ml/data/kaggle/alhamdan/Sokari/Sokari Date (168).JPG,Al-skari,alhamdan,train,Sokari Date (168),/Users/ayush/Downloads/date-fruit-quality-ml/data/processed/train/Al-skari/alhamdan__Sokari Date (168).jpg
/Users/ayush/Downloads/date-fruit-quality-ml/data/kaggle/alhamdan/Sokari/Sokari Date (169).JPG,Al-skari,alhamdan,val,Sokari Date (169),/Users/ayush/Downloads/date-fruit-quality-ml/data/processed/val/Al-skari/alhamdan__Sokari Date (169).jpg
/Users/ayush/Downloads/date-fruit-quality-ml/data/kaggle/alhamdan/Sokari/Sokari Date (17).JPG,Al-skari,alhamdan,train,Sokari Date (17),/Users/ayush/Downloads/date-fruit-quality-ml/data/processed/train/Al-skari/alhamdan__Sokari Date (17).jpg
/Users/ayush/Downloads/date-fruit-quality-ml/data/kaggle/alhamdan/Sokari/Sokari Date (170).JPG,Al-skari,alhamdan,train,Sokari Date (170),/Users/ayush/Downloads/date-fruit-quality-ml/data/processed/train/Al-skari/alhamdan__Sokari Date (170).jpg
/Users/ayush/Downloads/date-fruit-quality-ml/data/kaggle/alhamdan/Sokari/Sokari Date (171).JPG,Al-skari,alhamdan,train,Sokari Date (171),/Users/ayush/Downloads/date-fruit-quality-ml/data/processed/train/Al-skari/alhamdan__Sokari Date (171).jpg
/Users/ayush/Downloads/date-fruit-quality-ml/data/kaggle/alhamdan/Sokari/Sokari Date (172).JPG,Al-skari,alhamdan,train,Sokari Date (172),/Users/ayush/Downloads/date-fruit-quality-ml/data/processed/train/Al-skari/alhamdan__Sokari Date (172).jpg
/Users/ayush/Downloads/date-fruit-quality-ml/data/kaggle/alhamdan/Sokari/Sokari Date (173).JPG,Al-skari,alhamdan,test,Sokari Date (173),/Users/ayush/Downloads/date-fruit-quality-ml/data/processed/test/Al-skari/alhamdan__Sokari Date (173).jpg
/Users/ayush/Downloads/date-fruit-quality-ml/data/kaggle/alhamdan/Sokari/Sokari Date (174).JPG,Al-skari,alhamdan,test,Sokari Date (174),/Users/ayush/Downloads/date-fruit-quality-ml/data/processed/test/Al-skari/alhamdan__Sokari Date (174).jpg
/Users/ayush/Downloads/date-fruit-quality-ml/data/kaggle/alhamdan/Sokari/Sokari Date (175).JPG,Al-skari,alhamdan,train,Sokari Date (175),/Users/ayush/Downloads/date-fruit-quality-ml/data/processed/train/Al-skari/alhamdan__Sokari Date (175).jpg
/Users/ayush/Downloads/date-fruit-quality-ml/data/kaggle/alhamdan/Sokari/Sokari Date (176).JPG,Al-skari,alhamdan,train,Sokari Date (176),/Users/ayush/Downloads/date-fruit-quality-ml/data/processed/train/Al-skari/alhamdan__Sokari Date (176).jpg
/Users/ayush/Downloads/date-fruit-quality-ml/data/kaggle/alhamdan/Sokari/Sokari Date (177).JPG,Al-skari,alhamdan,train,Sokari Date (177),/Users/ayush/Downloads/date-fruit-quality-ml/data/processed/train/Al-skari/alhamdan__Sokari Date (177).jpg
/Users/ayush/Downloads/date-fruit-quality-ml/data/kaggle/alhamdan/Sokari/Sokari Date (178).JPG,Al-skari,alhamdan,train,Sokari Date (178),/Users/ayush/Downloads/date-fruit-quality-ml/data/processed/train/Al-skari/alhamdan__Sokari Date (178).jpg
/Users/ayush/Downloads/date-fruit-quality-ml/data/kaggle/alhamdan/Sokari/Sokari Date (179).JPG,Al-skari,alhamdan,test,Sokari Date (179),/Users/ayush/Downloads/date-fruit-quality-ml/data/processed/test/Al-skari/alhamdan__Sokari Date (179).jpg
/Users/ayush/Downloads/date-fruit-quality-ml/data/kaggle/alhamdan/Sokari/Sokari Date (18).JPG,Al-skari,alhamdan,train,Sokari Date (18),/Users/ayush/Downloads/date-fruit-quality-ml/data/processed/train/Al-skari/alhamdan__Sokari Date (18).jpg
/Users/ayush/Downloads/date-fruit-quality-ml/data/kaggle/alhamdan/Sokari/Sokari Date (180).JPG,Al-skari,alhamdan,train,Sokari Date (180),/Users/ayush/Downloads/date-fruit-quality-ml/data/processed/train/Al-skari/alhamdan__Sokari Date (180).jpg
/Users/ayush/Downloads/date-fruit-quality-ml/data/kaggle/alhamdan/Sokari/Sokari Date (181).JPG,Al-skari,alhamdan,train,Sokari Date (181),/Users/ayush/Downloads/date-fruit-quality-ml/data/processed/train/Al-skari/alhamdan__Sokari Date (181).jpg
/Users/ayush/Downloads/date-fruit-quality-ml/data/kaggle/alhamdan/Sokari/Sokari Date (182).JPG,Al-skari,alhamdan,val,Sokari Date (182),/Users/ayush/Downloads/date-fruit-quality-ml/data/processed/val/Al-skari/alhamdan__Sokari Date (182).jpg
/Users/ayush/Downloads/date-fruit-quality-ml/data/kaggle/alhamdan/Sokari/Sokari Date (183).JPG,Al-skari,alhamdan,val,Sokari Date (183),/Users/ayush/Downloads/date-fruit-quality-ml/data/processed/val/Al-skari/alhamdan__Sokari Date (183).jpg
/Users/ayush/Downloads/date-fruit-quality-ml/data/kaggle/alhamdan/Sokari/Sokari Date (184).JPG,Al-skari,alhamdan,val,Sokari Date (184),/Users/ayush/Downloads/date-fruit-quality-ml/data/processed/val/Al-skari/alhamdan__Sokari Date (184).jpg
/Users/ayush/Downloads/date-fruit-quality-ml/data/kaggle/alhamdan/Sokari/Sokari Date (185).JPG,Al-skari,alhamdan,train,Sokari Date (185),/Users/ayush/Downloads/date-fruit-quality-ml/data/processed/train/Al-skari/alhamdan__Sokari Date (185).jpg
/Users/ayush/Downloads/date-fruit-quality-ml/data/kaggle/alhamdan/Sokari/Sokari Date (186).JPG,Al-skari,alhamdan,test,Sokari Date (186),/Users/ayush/Downloads/date-fruit-quality-ml/data/processed/test/Al-skari/alhamdan__Sokari Date (186).jpg
/Users/ayush/Downloads/date-fruit-quality-ml/data/kaggle/alhamdan/Sokari/Sokari Date (187).JPG,Al-skari,alhamdan,train,Sokari Date (187),/Users/ayush/Downloads/date-fruit-quality-ml/data/processed/train/Al-skari/alhamdan__Sokari Date (187).jpg
/Users/ayush/Downloads/date-fruit-quality-ml/data/kaggle/alhamdan/Sokari/Sokari Date (188).JPG,Al-skari,alhamdan,train,Sokari Date (188),/Users/ayush/Downloads/date-fruit-quality-ml/data/processed/train/Al-skari/alhamdan__Sokari Date (188).jpg
/Users/ayush/Downloads/date-fruit-quality-ml/data/kaggle/alhamdan/Sokari/Sokari Date (189).JPG,Al-skari,alhamdan,train,Sokari Date (189),/Users/ayush/Downloads/date-fruit-quality-ml/data/processed/train/Al-skari/alhamdan__Sokari Date (189).jpg
/Users/ayush/Downloads/date-fruit-quality-ml/data/kaggle/alhamdan/Sokari/Sokari Date (19).JPG,Al-skari,alhamdan,test,Sokari Date (19),/Users/ayush/Downloads/date-fruit-quality-ml/data/processed/test/Al-skari/alhamdan__Sokari Date (19).jpg
/Users/ayush/Downloads/date-fruit-quality-ml/data/kaggle/alhamdan/Sokari/Sokari Date (190).JPG,Al-skari,alhamdan,train,Sokari Date (190),/Users/ayush/Downloads/date-fruit-quality-ml/data/processed/train/Al-skari/alhamdan__Sokari Date (190).jpg
/Users/ayush/Downloads/date-fruit-quality-ml/data/kaggle/alhamdan/Sokari/Sokari Date (191).JPG,Al-skari,alhamdan,train,Sokari Date (191),/Users/ayush/Downloads/date-fruit-quality-ml/data/processed/train/Al-skari/alhamdan__Sokari Date (191).jpg
/Users/ayush/Downloads/date-fruit-quality-ml/data/kaggle/alhamdan/Sokari/Sokari Date (192).JPG,Al-skari,alhamdan,test,Sokari Date (192),/Users/ayush/Downloads/date-fruit-quality-ml/data/processed/test/Al-skari/alhamdan__Sokari Date (192).jpg
/Users/ayush/Downloads/date-fruit-quality-ml/data/kaggle/alhamdan/Sokari/Sokari Date (193).JPG,Al-skari,alhamdan,val,Sokari Date (193),/Users/ayush/Downloads/date-fruit-quality-ml/data/processed/val/Al-skari/alhamdan__Sokari Date (193).jpg
/Users/ayush/Downloads/date-fruit-quality-ml/data/kaggle/alhamdan/Sokari/Sokari Date (194).JPG,Al-skari,alhamdan,train,Sokari Date (194),/Users/ayush/Downloads/date-fruit-quality-ml/data/processed/train/Al-skari/alhamdan__Sokari Date (194).jpg
/Users/ayush/Downloads/date-fruit-quality-ml/data/kaggle/alhamdan/Sokari/Sokari Date (195).JPG,Al-skari,alhamdan,train,Sokari Date (195),/Users/ayush/Downloads/date-fruit-quality-ml/data/processed/train/Al-skari/alhamdan__Sokari Date (195).jpg
/Users/ayush/Downloads/date-fruit-quality-ml/data/kaggle/alhamdan/Sokari/Sokari Date (196).JPG,Al-skari,alhamdan,train,Sokari Date (196),/Users/ayush/Downloads/date-fruit-quality-ml/data/processed/train/Al-skari/alhamdan__Sokari Date (196).jpg
/Users/ayush/Downloads/date-fruit-quality-ml/data/kaggle/alhamdan/Sokari/Sokari Date (197).JPG,Al-skari,alhamdan,train,Sokari Date (197),/Users/ayush/Downloads/date-fruit-quality-ml/data/processed/train/Al-skari/alhamdan__Sokari Date (197).jpg
/Users/ayush/Downloads/date-fruit-quality-ml/data/kaggle/alhamdan/Sokari/Sokari Date (198).JPG,Al-skari,alhamdan,train,Sokari Date (198),/Users/ayush/Downloads/date-fruit-quality-ml/data/processed/train/Al-skari/alhamdan__Sokari Date (198).jpg
/Users/ayush/Downloads/date-fruit-quality-ml/data/kaggle/alhamdan/Sokari/Sokari Date (199).JPG,Al-skari,alhamdan,train,Sokari Date (199),/Users/ayush/Downloads/date-fruit-quality-ml/data/processed/train/Al-skari/alhamdan__Sokari Date (199).jpg
/Users/ayush/Downloads/date-fruit-quality-ml/data/kaggle/alhamdan/Sokari/Sokari Date (2).JPG,Al-skari,alhamdan,train,Sokari Date (2),/Users/ayush/Downloads/date-fruit-quality-ml/data/processed/train/Al-skari/alhamdan__Sokari Date (2).jpg
/Users/ayush/Downloads/date-fruit-quality-ml/data/kaggle/alhamdan/Sokari/Sokari Date (20).JPG,Al-skari,alhamdan,train,Sokari Date (20),/Users/ayush/Downloads/date-fruit-quality-ml/data/processed/train/Al-skari/alhamdan__Sokari Date (20).jpg
/Users/ayush/Downloads/date-fruit-quality-ml/data/kaggle/alhamdan/Sokari/Sokari Date (200).JPG,Al-skari,alhamdan,train,Sokari Date (200),/Users/ayush/Downloads/date-fruit-quality-ml/data/processed/train/Al-skari/alhamdan__Sokari Date (200).jpg
/Users/ayush/Downloads/date-fruit-quality-ml/data/kaggle/alhamdan/Sokari/Sokari Date (201).JPG,Al-skari,alhamdan,train,Sokari Date (201),/Users/ayush/Downloads/date-fruit-quality-ml/data/processed/train/Al-skari/alhamdan__Sokari Date (201).jpg
/Users/ayush/Downloads/date-fruit-quality-ml/data/kaggle/alhamdan/Sokari/Sokari Date (202).JPG,Al-skari,alhamdan,train,Sokari Date (202),/Users/ayush/Downloads/date-fruit-quality-ml/data/processed/train/Al-skari/alhamdan__Sokari Date (202).jpg
/Users/ayush/Downloads/date-fruit-quality-ml/data/kaggle/alhamdan/Sokari/Sokari Date (203).JPG,Al-skari,alhamdan,test,Sokari Date (203),/Users/ayush/Downloads/date-fruit-quality-ml/data/processed/test/Al-skari/alhamdan__Sokari Date (203).jpg
/Users/ayush/Downloads/date-fruit-quality-ml/data/kaggle/alhamdan/Sokari/Sokari Date (204).JPG,Al-skari,alhamdan,train,Sokari Date (204),/Users/ayush/Downloads/date-fruit-quality-ml/data/processed/train/Al-skari/alhamdan__Sokari Date (204).jpg
/Users/ayush/Downloads/date-fruit-quality-ml/data/kaggle/alhamdan/Sokari/Sokari Date (205).JPG,Al-skari,alhamdan,train,Sokari Date (205),/Users/ayush/Downloads/date-fruit-quality-ml/data/processed/train/Al-skari/alhamdan__Sokari Date (205).jpg
/Users/ayush/Downloads/date-fruit-quality-ml/data/kaggle/alhamdan/Sokari/Sokari Date (206).JPG,Al-skari,alhamdan,val,Sokari Date (206),/Users/ayush/Downloads/date-fruit-quality-ml/data/processed/val/Al-skari/alhamdan__Sokari Date (206).jpg
/Users/ayush/Downloads/date-fruit-quality-ml/data/kaggle/alhamdan/Sokari/Sokari Date (207).JPG,Al-skari,alhamdan,train,Sokari Date (207),/Users/ayush/Downloads/date-fruit-quality-ml/data/processed/train/Al-skari/alhamdan__Sokari Date (207).jpg
/Users/ayush/Downloads/date-fruit-quality-ml/data/kaggle/alhamdan/Sokari/Sokari Date (208).JPG,Al-skari,alhamdan,train,Sokari Date (208),/Users/ayush/Downloads/date-fruit-quality-ml/data/processed/train/Al-skari/alhamdan__Sokari Date (208).jpg
/Users/ayush/Downloads/date-fruit-quality-ml/data/kaggle/alhamdan/Sokari/Sokari Date (209).JPG,Al-skari,alhamdan,val,Sokari Date (209),/Users/ayush/Downloads/date-fruit-quality-ml/data/processed/val/Al-skari/alhamdan__Sokari Date (209).jpg
/Users/ayush/Downloads/date-fruit-quality-ml/data/kaggle/alhamdan/Sokari/Sokari Date (21).JPG,Al-skari,alhamdan,train,Sokari Date (21),/Users/ayush/Downloads/date-fruit-quality-ml/data/processed/train/Al-skari/alhamdan__Sokari Date (21).jpg
/Users/ayush/Downloads/date-fruit-quality-ml/data/kaggle/alhamdan/Sokari/Sokari Date (210).JPG,Al-skari,alhamdan,test,Sokari Date (210),/Users/ayush/Downloads/date-fruit-quality-ml/data/processed/test/Al-skari/alhamdan__Sokari Date (210).jpg
/Users/ayush/Downloads/date-fruit-quality-ml/data/kaggle/alhamdan/Sokari/Sokari Date (211).JPG,Al-skari,alhamdan,train,Sokari Date (211),/Users/ayush/Downloads/date-fruit-quality-ml/data/processed/train/Al-skari/alhamdan__Sokari Date (211).jpg
/Users/ayush/Downloads/date-fruit-quality-ml/data/kaggle/alhamdan/Sokari/Sokari Date (212).JPG,Al-skari,alhamdan,train,Sokari Date (212),/Users/ayush/Downloads/date-fruit-quality-ml/data/processed/train/Al-skari/alhamdan__Sokari Date (212).jpg
/Users/ayush/Downloads/date-fruit-quality-ml/data/kaggle/alhamdan/Sokari/Sokari Date (213).JPG,Al-skari,alhamdan,train,Sokari Date (213),/Users/ayush/Downloads/date-fruit-quality-ml/data/processed/train/Al-skari/alhamdan__Sokari Date (213).jpg
/Users/ayush/Downloads/date-fruit-quality-ml/data/kaggle/alhamdan/Sokari/Sokari Date (214).JPG,Al-skari,alhamdan,train,Sokari Date (214),/Users/ayush/Downloads/date-fruit-quality-ml/data/processed/train/Al-skari/alhamdan__Sokari Date (214).jpg
/Users/ayush/Downloads/date-fruit-quality-ml/data/kaggle/alhamdan/Sokari/Sokari Date (215).JPG,Al-skari,alhamdan,val,Sokari Date (215),/Users/ayush/Downloads/date-fruit-quality-ml/data/processed/val/Al-skari/alhamdan__Sokari Date (215).jpg
/Users/ayush/Downloads/date-fruit-quality-ml/data/kaggle/alhamdan/Sokari/Sokari Date (216).JPG,Al-skari,alhamdan,train,Sokari Date (216),/Users/ayush/Downloads/date-fruit-quality-ml/data/processed/train/Al-skari/alhamdan__Sokari Date (216).jpg
/Users/ayush/Downloads/date-fruit-quality-ml/data/kaggle/alhamdan/Sokari/Sokari Date (217).JPG,Al-skari,alhamdan,test,Sokari Date (217),/Users/ayush/Downloads/date-fruit-quality-ml/data/processed/test/Al-skari/alhamdan__Sokari Date (217).jpg
/Users/ayush/Downloads/date-fruit-quality-ml/data/kaggle/alhamdan/Sokari/Sokari Date (218).JPG,Al-skari,alhamdan,train,Sokari Date (218),/Users/ayush/Downloads/date-fruit-quality-ml/data/processed/train/Al-skari/alhamdan__Sokari Date (218).jpg
/Users/ayush/Downloads/date-fruit-quality-ml/data/kaggle/alhamdan/Sokari/Sokari Date (219).JPG,Al-skari,alhamdan,train,Sokari Date (219),/Users/ayush/Downloads/date-fruit-quality-ml/data/processed/train/Al-skari/alhamdan__Sokari Date (219).jpg
/Users/ayush/Downloads/date-fruit-quality-ml/data/kaggle/alhamdan/Sokari/Sokari Date (22).JPG,Al-skari,alhamdan,train,Sokari Date (22),/Users/ayush/Downloads/date-fruit-quality-ml/data/processed/train/Al-skari/alhamdan__Sokari Date (22).jpg
/Users/ayush/Downloads/date-fruit-quality-ml/data/kaggle/alhamdan/Sokari/Sokari Date (220).JPG,Al-skari,alhamdan,train,Sokari Date (220),/Users/ayush/Downloads/date-fruit-quality-ml/data/processed/train/Al-skari/alhamdan__Sokari Date (220).jpg
/Users/ayush/Downloads/date-fruit-quality-ml/data/kaggle/alhamdan/Sokari/Sokari Date (221).JPG,Al-skari,alhamdan,test,Sokari Date (221),/Users/ayush/Downloads/date-fruit-quality-ml/data/processed/test/Al-skari/alhamdan__Sokari Date (221).jpg
/Users/ayush/Downloads/date-fruit-quality-ml/data/kaggle/alhamdan/Sokari/Sokari Date (222).JPG,Al-skari,alhamdan,test,Sokari Date (222),/Users/ayush/Downloads/date-fruit-quality-ml/data/processed/test/Al-skari/alhamdan__Sokari Date (222).jpg
/Users/ayush/Downloads/date-fruit-quality-ml/data/kaggle/alhamdan/Sokari/Sokari Date (223).JPG,Al-skari,alhamdan,val,Sokari Date (223),/Users/ayush/Downloads/date-fruit-quality-ml/data/processed/val/Al-skari/alhamdan__Sokari Date (223).jpg
/Users/ayush/Downloads/date-fruit-quality-ml/data/kaggle/alhamdan/Sokari/Sokari Date (224).JPG,Al-skari,alhamdan,train,Sokari Date (224),/Users/ayush/Downloads/date-fruit-quality-ml/data/processed/train/Al-skari/alhamdan__Sokari Date (224).jpg
/Users/ayush/Downloads/date-fruit-quality-ml/data/kaggle/alhamdan/Sokari/Sokari Date (225).JPG,Al-skari,alhamdan,train,Sokari Date (225),/Users/ayush/Downloads/date-fruit-quality-ml/data/processed/train/Al-skari/alhamdan__Sokari Date (225).jpg
/Users/ayush/Downloads/date-fruit-quality-ml/data/kaggle/alhamdan/Sokari/Sokari Date (226).JPG,Al-skari,alhamdan,train,Sokari Date (226),/Users/ayush/Downloads/date-fruit-quality-ml/data/processed/train/Al-skari/alhamdan__Sokari Date (226).jpg
/Users/ayush/Downloads/date-fruit-quality-ml/data/kaggle/alhamdan/Sokari/Sokari Date (227).JPG,Al-skari,alhamdan,val,Sokari Date (227),/Users/ayush/Downloads/date-fruit-quality-ml/data/processed/val/Al-skari/alhamdan__Sokari Date (227).jpg
/Users/ayush/Downloads/date-fruit-quality-ml/data/kaggle/alhamdan/Sokari/Sokari Date (228).JPG,Al-skari,alhamdan,train,Sokari Date (228),/Users/ayush/Downloads/date-fruit-quality-ml/data/processed/train/Al-skari/alhamdan__Sokari Date (228).jpg
/Users/ayush/Downloads/date-fruit-quality-ml/data/kaggle/alhamdan/Sokari/Sokari Date (229).JPG,Al-skari,alhamdan,train,Sokari Date (229),/Users/ayush/Downloads/date-fruit-quality-ml/data/processed/train/Al-skari/alhamdan__Sokari Date (229).jpg
/Users/ayush/Downloads/date-fruit-quality-ml/data/kaggle/alhamdan/Sokari/Sokari Date (23).JPG,Al-skari,alhamdan,test,Sokari Date (23),/Users/ayush/Downloads/date-fruit-quality-ml/data/processed/test/Al-skari/alhamdan__Sokari Date (23).jpg
/Users/ayush/Downloads/date-fruit-quality-ml/data/kaggle/alhamdan/Sokari/Sokari Date (230).JPG,Al-skari,alhamdan,train,Sokari Date (230),/Users/ayush/Downloads/date-fruit-quality-ml/data/processed/train/Al-skari/alhamdan__Sokari Date (230).jpg
/Users/ayush/Downloads/date-fruit-quality-ml/data/kaggle/alhamdan/Sokari/Sokari Date (231).JPG,Al-skari,alhamdan,train,Sokari Date (231),/Users/ayush/Downloads/date-fruit-quality-ml/data/processed/train/Al-skari/alhamdan__Sokari Date (231).jpg
/Users/ayush/Downloads/date-fruit-quality-ml/data/kaggle/alhamdan/Sokari/Sokari Date (232).JPG,Al-skari,alhamdan,train,Sokari Date (232),/Users/ayush/Downloads/date-fruit-quality-ml/data/processed/train/Al-skari/alhamdan__Sokari Date (232).jpg
/Users/ayush/Downloads/date-fruit-quality-ml/data/kaggle/alhamdan/Sokari/Sokari Date (233).JPG,Al-skari,alhamdan,test,Sokari Date (233),/Users/ayush/Downloads/date-fruit-quality-ml/data/processed/test/Al-skari/alhamdan__Sokari Date (233).jpg
/Users/ayush/Downloads/date-fruit-quality-ml/data/kaggle/alhamdan/Sokari/Sokari Date (234).JPG,Al-skari,alhamdan,train,Sokari Date (234),/Users/ayush/Downloads/date-fruit-quality-ml/data/processed/train/Al-skari/alhamdan__Sokari Date (234).jpg
/Users/ayush/Downloads/date-fruit-quality-ml/data/kaggle/alhamdan/Sokari/Sokari Date (235).JPG,Al-skari,alhamdan,val,Sokari Date (235),/Users/ayush/Downloads/date-fruit-quality-ml/data/processed/val/Al-skari/alhamdan__Sokari Date (235).jpg
/Users/ayush/Downloads/date-fruit-quality-ml/data/kaggle/alhamdan/Sokari/Sokari Date (236).JPG,Al-skari,alhamdan,test,Sokari Date (236),/Users/ayush/Downloads/date-fruit-quality-ml/data/processed/test/Al-skari/alhamdan__Sokari Date (236).jpg
/Users/ayush/Downloads/date-fruit-quality-ml/data/kaggle/alhamdan/Sokari/Sokari Date (237).JPG,Al-skari,alhamdan,val,Sokari Date (237),/Users/ayush/Downloads/date-fruit-quality-ml/data/processed/val/Al-skari/alhamdan__Sokari Date (237).jpg
/Users/ayush/Downloads/date-fruit-quality-ml/data/kaggle/alhamdan/Sokari/Sokari Date (238).JPG,Al-skari,alhamdan,train,Sokari Date (238),/Users/ayush/Downloads/date-fruit-quality-ml/data/processed/train/Al-skari/alhamdan__Sokari Date (238).jpg
/Users/ayush/Downloads/date-fruit-quality-ml/data/kaggle/alhamdan/Sokari/Sokari Date (239).JPG,Al-skari,alhamdan,train,Sokari Date (239),/Users/ayush/Downloads/date-fruit-quality-ml/data/processed/train/Al-skari/alhamdan__Sokari Date (239).jpg
/Users/ayush/Downloads/date-fruit-quality-ml/data/kaggle/alhamdan/Sokari/Sokari Date (24).JPG,Al-skari,alhamdan,train,Sokari Date (24),/Users/ayush/Downloads/date-fruit-quality-ml/data/processed/train/Al-skari/alhamdan__Sokari Date (24).jpg
/Users/ayush/Downloads/date-fruit-quality-ml/data/kaggle/alhamdan/Sokari/Sokari Date (240).JPG,Al-skari,alhamdan,train,Sokari Date (240),/Users/ayush/Downloads/date-fruit-quality-ml/data/processed/train/Al-skari/alhamdan__Sokari Date (240).jpg
/Users/ayush/Downloads/date-fruit-quality-ml/data/kaggle/alhamdan/Sokari/Sokari Date (241).JPG,Al-skari,alhamdan,train,Sokari Date (241),/Users/ayush/Downloads/date-fruit-quality-ml/data/processed/train/Al-skari/alhamdan__Sokari Date (241).jpg
/Users/ayush/Downloads/date-fruit-quality-ml/data/kaggle/alhamdan/Sokari/Sokari Date (242).JPG,Al-skari,alhamdan,train,Sokari Date (242),/Users/ayush/Downloads/date-fruit-quality-ml/data/processed/train/Al-skari/alhamdan__Sokari Date (242).jpg
/Users/ayush/Downloads/date-fruit-quality-ml/data/kaggle/alhamdan/Sokari/Sokari Date (243).JPG,Al-skari,alhamdan,val,Sokari Date (243),/Users/ayush/Downloads/date-fruit-quality-ml/data/processed/val/Al-skari/alhamdan__Sokari Date (243).jpg
/Users/ayush/Downloads/date-fruit-quality-ml/data/kaggle/alhamdan/Sokari/Sokari Date (244).JPG,Al-skari,alhamdan,val,Sokari Date (244),/Users/ayush/Downloads/date-fruit-quality-ml/data/processed/val/Al-skari/alhamdan__Sokari Date (244).jpg
/Users/ayush/Downloads/date-fruit-quality-ml/data/kaggle/alhamdan/Sokari/Sokari Date (245).JPG,Al-skari,alhamdan,val,Sokari Date (245),/Users/ayush/Downloads/date-fruit-quality-ml/data/processed/val/Al-skari/alhamdan__Sokari Date (245).jpg
/Users/ayush/Downloads/date-fruit-quality-ml/data/kaggle/alhamdan/Sokari/Sokari Date (246).JPG,Al-skari,alhamdan,train,Sokari Date (246),/Users/ayush/Downloads/date-fruit-quality-ml/data/processed/train/Al-skari/alhamdan__Sokari Date (246).jpg
/Users/ayush/Downloads/date-fruit-quality-ml/data/kaggle/alhamdan/Sokari/Sokari Date (247).JPG,Al-skari,alhamdan,val,Sokari Date (247),/Users/ayush/Downloads/date-fruit-quality-ml/data/processed/val/Al-skari/alhamdan__Sokari Date (247).jpg
/Users/ayush/Downloads/date-fruit-quality-ml/data/kaggle/alhamdan/Sokari/Sokari Date (248).JPG,Al-skari,alhamdan,test,Sokari Date (248),/Users/ayush/Downloads/date-fruit-quality-ml/data/processed/test/Al-skari/alhamdan__Sokari Date (248).jpg
/Users/ayush/Downloads/date-fruit-quality-ml/data/kaggle/alhamdan/Sokari/Sokari Date (249).JPG,Al-skari,alhamdan,train,Sokari Date (249),/Users/ayush/Downloads/date-fruit-quality-ml/data/processed/train/Al-skari/alhamdan__Sokari Date (249).jpg
/Users/ayush/Downloads/date-fruit-quality-ml/data/kaggle/alhamdan/Sokari/Sokari Date (25).JPG,Al-skari,alhamdan,test,Sokari Date (25),/Users/ayush/Downloads/date-fruit-quality-ml/data/processed/test/Al-skari/alhamdan__Sokari Date (25).jpg
/Users/ayush/Downloads/date-fruit-quality-ml/data/kaggle/alhamdan/Sokari/Sokari Date (250).JPG,Al-skari,alhamdan,train,Sokari Date (250),/Users/ayush/Downloads/date-fruit-quality-ml/data/processed/train/Al-skari/alhamdan__Sokari Date (250).jpg
/Users/ayush/Downloads/date-fruit-quality-ml/data/kaggle/alhamdan/Sokari/Sokari Date (251).JPG,Al-skari,alhamdan,train,Sokari Date (251),/Users/ayush/Downloads/date-fruit-quality-ml/data/processed/train/Al-skari/alhamdan__Sokari Date (251).jpg
/Users/ayush/Downloads/date-fruit-quality-ml/data/kaggle/alhamdan/Sokari/Sokari Date (252).JPG,Al-skari,alhamdan,train,Sokari Date (252),/Users/ayush/Downloads/date-fruit-quality-ml/data/processed/train/Al-skari/alhamdan__Sokari Date (252).jpg
/Users/ayush/Downloads/date-fruit-quality-ml/data/kaggle/alhamdan/Sokari/Sokari Date (253).JPG,Al-skari,alhamdan,val,Sokari Date (253),/Users/ayush/Downloads/date-fruit-quality-ml/data/processed/val/Al-skari/alhamdan__Sokari Date (253).jpg
/Users/ayush/Downloads/date-fruit-quality-ml/data/kaggle/alhamdan/Sokari/Sokari Date (254).JPG,Al-skari,alhamdan,train,Sokari Date (254),/Users/ayush/Downloads/date-fruit-quality-ml/data/processed/train/Al-skari/alhamdan__Sokari Date (254).jpg
/Users/ayush/Downloads/date-fruit-quality-ml/data/kaggle/alhamdan/Sokari/Sokari Date (255).JPG,Al-skari,alhamdan,train,Sokari Date (255),/Users/ayush/Downloads/date-fruit-quality-ml/data/processed/train/Al-skari/alhamdan__Sokari Date (255).jpg
/Users/ayush/Downloads/date-fruit-quality-ml/data/kaggle/alhamdan/Sokari/Sokari Date (256).JPG,Al-skari,alhamdan,train,Sokari Date (256),/Users/ayush/Downloads/date-fruit-quality-ml/data/processed/train/Al-skari/alhamdan__Sokari Date (256).jpg
/Users/ayush/Downloads/date-fruit-quality-ml/data/kaggle/alhamdan/Sokari/Sokari Date (257).JPG,Al-skari,alhamdan,train,Sokari Date (257),/Users/ayush/Downloads/date-fruit-quality-ml/data/processed/train/Al-skari/alhamdan__Sokari Date (257).jpg
/Users/ayush/Downloads/date-fruit-quality-ml/data/kaggle/alhamdan/Sokari/Sokari Date (258).JPG,Al-skari,alhamdan,train,Sokari Date (258),/Users/ayush/Downloads/date-fruit-quality-ml/data/processed/train/Al-skari/alhamdan__Sokari Date (258).jpg
/Users/ayush/Downloads/date-fruit-quality-ml/data/kaggle/alhamdan/Sokari/Sokari Date (259).JPG,Al-skari,alhamdan,test,Sokari Date (259),/Users/ayush/Downloads/date-fruit-quality-ml/data/processed/test/Al-skari/alhamdan__Sokari Date (259).jpg
/Users/ayush/Downloads/date-fruit-quality-ml/data/kaggle/alhamdan/Sokari/Sokari Date (26).JPG,Al-skari,alhamdan,test,Sokari Date (26),/Users/ayush/Downloads/date-fruit-quality-ml/data/processed/test/Al-skari/alhamdan__Sokari Date (26).jpg
/Users/ayush/Downloads/date-fruit-quality-ml/data/kaggle/alhamdan/Sokari/Sokari Date (260).JPG,Al-skari,alhamdan,train,Sokari Date (260),/Users/ayush/Downloads/date-fruit-quality-ml/data/processed/train/Al-skari/alhamdan__Sokari Date (260).jpg
/Users/ayush/Downloads/date-fruit-quality-ml/data/kaggle/alhamdan/Sokari/Sokari Date (261).JPG,Al-skari,alhamdan,train,Sokari Date (261),/Users/ayush/Downloads/date-fruit-quality-ml/data/processed/train/Al-skari/alhamdan__Sokari Date (261).jpg
/Users/ayush/Downloads/date-fruit-quality-ml/data/kaggle/alhamdan/Sokari/Sokari Date (262).JPG,Al-skari,alhamdan,train,Sokari Date (262),/Users/ayush/Downloads/date-fruit-quality-ml/data/processed/train/Al-skari/alhamdan__Sokari Date (262).jpg
/Users/ayush/Downloads/date-fruit-quality-ml/data/kaggle/alhamdan/Sokari/Sokari Date (263).JPG,Al-skari,alhamdan,train,Sokari Date (263),/Users/ayush/Downloads/date-fruit-quality-ml/data/processed/train/Al-skari/alhamdan__Sokari Date (263).jpg
/Users/ayush/Downloads/date-fruit-quality-ml/data/kaggle/alhamdan/Sokari/Sokari Date (264).JPG,Al-skari,alhamdan,train,Sokari Date (264),/Users/ayush/Downloads/date-fruit-quality-ml/data/processed/train/Al-skari/alhamdan__Sokari Date (264).jpg
/Users/ayush/Downloads/date-fruit-quality-ml/data/kaggle/alhamdan/Sokari/Sokari Date (27).JPG,Al-skari,alhamdan,train,Sokari Date (27),/Users/ayush/Downloads/date-fruit-quality-ml/data/processed/train/Al-skari/alhamdan__Sokari Date (27).jpg
/Users/ayush/Downloads/date-fruit-quality-ml/data/kaggle/alhamdan/Sokari/Sokari Date (28).JPG,Al-skari,alhamdan,train,Sokari Date (28),/Users/ayush/Downloads/date-fruit-quality-ml/data/processed/train/Al-skari/alhamdan__Sokari Date (28).jpg
/Users/ayush/Downloads/date-fruit-quality-ml/data/kaggle/alhamdan/Sokari/Sokari Date (29).JPG,Al-skari,alhamdan,train,Sokari Date (29),/Users/ayush/Downloads/date-fruit-quality-ml/data/processed/train/Al-skari/alhamdan__Sokari Date (29).jpg
/Users/ayush/Downloads/date-fruit-quality-ml/data/kaggle/alhamdan/Sokari/Sokari Date (3).JPG,Al-skari,alhamdan,val,Sokari Date (3),/Users/ayush/Downloads/date-fruit-quality-ml/data/processed/val/Al-skari/alhamdan__Sokari Date (3).jpg
/Users/ayush/Downloads/date-fruit-quality-ml/data/kaggle/alhamdan/Sokari/Sokari Date (30).JPG,Al-skari,alhamdan,train,Sokari Date (30),/Users/ayush/Downloads/date-fruit-quality-ml/data/processed/train/Al-skari/alhamdan__Sokari Date (30).jpg
/Users/ayush/Downloads/date-fruit-quality-ml/data/kaggle/alhamdan/Sokari/Sokari Date (31).JPG,Al-skari,alhamdan,train,Sokari Date (31),/Users/ayush/Downloads/date-fruit-quality-ml/data/processed/train/Al-skari/alhamdan__Sokari Date (31).jpg
/Users/ayush/Downloads/date-fruit-quality-ml/data/kaggle/alhamdan/Sokari/Sokari Date (32).JPG,Al-skari,alhamdan,train,Sokari Date (32),/Users/ayush/Downloads/date-fruit-quality-ml/data/processed/train/Al-skari/alhamdan__Sokari Date (32).jpg
/Users/ayush/Downloads/date-fruit-quality-ml/data/kaggle/alhamdan/Sokari/Sokari Date (33).JPG,Al-skari,alhamdan,train,Sokari Date (33),/Users/ayush/Downloads/date-fruit-quality-ml/data/processed/train/Al-skari/alhamdan__Sokari Date (33).jpg
/Users/ayush/Downloads/date-fruit-quality-ml/data/kaggle/alhamdan/Sokari/Sokari Date (34).JPG,Al-skari,alhamdan,train,Sokari Date (34),/Users/ayush/Downloads/date-fruit-quality-ml/data/processed/train/Al-skari/alhamdan__Sokari Date (34).jpg
/Users/ayush/Downloads/date-fruit-quality-ml/data/kaggle/alhamdan/Sokari/Sokari Date (35).JPG,Al-skari,alhamdan,train,Sokari Date (35),/Users/ayush/Downloads/date-fruit-quality-ml/data/processed/train/Al-skari/alhamdan__Sokari Date (35).jpg
/Users/ayush/Downloads/date-fruit-quality-ml/data/kaggle/alhamdan/Sokari/Sokari Date (36).JPG,Al-skari,alhamdan,train,Sokari Date (36),/Users/ayush/Downloads/date-fruit-quality-ml/data/processed/train/Al-skari/alhamdan__Sokari Date (36).jpg
/Users/ayush/Downloads/date-fruit-quality-ml/data/kaggle/alhamdan/Sokari/Sokari Date (37).JPG,Al-skari,alhamdan,train,Sokari Date (37),/Users/ayush/Downloads/date-fruit-quality-ml/data/processed/train/Al-skari/alhamdan__Sokari Date (37).jpg
/Users/ayush/Downloads/date-fruit-quality-ml/data/kaggle/alhamdan/Sokari/Sokari Date (38).JPG,Al-skari,alhamdan,train,Sokari Date (38),/Users/ayush/Downloads/date-fruit-quality-ml/data/processed/train/Al-skari/alhamdan__Sokari Date (38).jpg
/Users/ayush/Downloads/date-fruit-quality-ml/data/kaggle/alhamdan/Sokari/Sokari Date (39).JPG,Al-skari,alhamdan,train,Sokari Date (39),/Users/ayush/Downloads/date-fruit-quality-ml/data/processed/train/Al-skari/alhamdan__Sokari Date (39).jpg
/Users/ayush/Downloads/date-fruit-quality-ml/data/kaggle/alhamdan/Sokari/Sokari Date (4).JPG,Al-skari,alhamdan,train,Sokari Date (4),/Users/ayush/Downloads/date-fruit-quality-ml/data/processed/train/Al-skari/alhamdan__Sokari Date (4).jpg
/Users/ayush/Downloads/date-fruit-quality-ml/data/kaggle/alhamdan/Sokari/Sokari Date (40).JPG,Al-skari,alhamdan,train,Sokari Date (40),/Users/ayush/Downloads/date-fruit-quality-ml/data/processed/train/Al-skari/alhamdan__Sokari Date (40).jpg
/Users/ayush/Downloads/date-fruit-quality-ml/data/kaggle/alhamdan/Sokari/Sokari Date (41).JPG,Al-skari,alhamdan,train,Sokari Date (41),/Users/ayush/Downloads/date-fruit-quality-ml/data/processed/train/Al-skari/alhamdan__Sokari Date (41).jpg
/Users/ayush/Downloads/date-fruit-quality-ml/data/kaggle/alhamdan/Sokari/Sokari Date (42).JPG,Al-skari,alhamdan,train,Sokari Date (42),/Users/ayush/Downloads/date-fruit-quality-ml/data/processed/train/Al-skari/alhamdan__Sokari Date (42).jpg
/Users/ayush/Downloads/date-fruit-quality-ml/data/kaggle/alhamdan/Sokari/Sokari Date (43).JPG,Al-skari,alhamdan,val,Sokari Date (43),/Users/ayush/Downloads/date-fruit-quality-ml/data/processed/val/Al-skari/alhamdan__Sokari Date (43).jpg
/Users/ayush/Downloads/date-fruit-quality-ml/data/kaggle/alhamdan/Sokari/Sokari Date (44).JPG,Al-skari,alhamdan,train,Sokari Date (44),/Users/ayush/Downloads/date-fruit-quality-ml/data/processed/train/Al-skari/alhamdan__Sokari Date (44).jpg
/Users/ayush/Downloads/date-fruit-quality-ml/data/kaggle/alhamdan/Sokari/Sokari Date (45).JPG,Al-skari,alhamdan,train,Sokari Date (45),/Users/ayush/Downloads/date-fruit-quality-ml/data/processed/train/Al-skari/alhamdan__Sokari Date (45).jpg
/Users/ayush/Downloads/date-fruit-quality-ml/data/kaggle/alhamdan/Sokari/Sokari Date (46).JPG,Al-skari,alhamdan,train,Sokari Date (46),/Users/ayush/Downloads/date-fruit-quality-ml/data/processed/train/Al-skari/alhamdan__Sokari Date (46).jpg
/Users/ayush/Downloads/date-fruit-quality-ml/data/kaggle/alhamdan/Sokari/Sokari Date (47).JPG,Al-skari,alhamdan,train,Sokari Date (47),/Users/ayush/Downloads/date-fruit-quality-ml/data/processed/train/Al-skari/alhamdan__Sokari Date (47).jpg
/Users/ayush/Downloads/date-fruit-quality-ml/data/kaggle/alhamdan/Sokari/Sokari Date (48).JPG,Al-skari,alhamdan,train,Sokari Date (48),/Users/ayush/Downloads/date-fruit-quality-ml/data/processed/train/Al-skari/alhamdan__Sokari Date (48).jpg
/Users/ayush/Downloads/date-fruit-quality-ml/data/kaggle/alhamdan/Sokari/Sokari Date (49).JPG,Al-skari,alhamdan,train,Sokari Date (49),/Users/ayush/Downloads/date-fruit-quality-ml/data/processed/train/Al-skari/alhamdan__Sokari Date (49).jpg
/Users/ayush/Downloads/date-fruit-quality-ml/data/kaggle/alhamdan/Sokari/Sokari Date (5).JPG,Al-skari,alhamdan,train,Sokari Date (5),/Users/ayush/Downloads/date-fruit-quality-ml/data/processed/train/Al-skari/alhamdan__Sokari Date (5).jpg
/Users/ayush/Downloads/date-fruit-quality-ml/data/kaggle/alhamdan/Sokari/Sokari Date (50).JPG,Al-skari,alhamdan,train,Sokari Date (50),/Users/ayush/Downloads/date-fruit-quality-ml/data/processed/train/Al-skari/alhamdan__Sokari Date (50).jpg
/Users/ayush/Downloads/date-fruit-quality-ml/data/kaggle/alhamdan/Sokari/Sokari Date (51).JPG,Al-skari,alhamdan,train,Sokari Date (51),/Users/ayush/Downloads/date-fruit-quality-ml/data/processed/train/Al-skari/alhamdan__Sokari Date (51).jpg
/Users/ayush/Downloads/date-fruit-quality-ml/data/kaggle/alhamdan/Sokari/Sokari Date (52).JPG,Al-skari,alhamdan,train,Sokari Date (52),/Users/ayush/Downloads/date-fruit-quality-ml/data/processed/train/Al-skari/alhamdan__Sokari Date (52).jpg
/Users/ayush/Downloads/date-fruit-quality-ml/data/kaggle/alhamdan/Sokari/Sokari Date (53).JPG,Al-skari,alhamdan,train,Sokari Date (53),/Users/ayush/Downloads/date-fruit-quality-ml/data/processed/train/Al-skari/alhamdan__Sokari Date (53).jpg
/Users/ayush/Downloads/date-fruit-quality-ml/data/kaggle/alhamdan/Sokari/Sokari Date (54).JPG,Al-skari,alhamdan,val,Sokari Date (54),/Users/ayush/Downloads/date-fruit-quality-ml/data/processed/val/Al-skari/alhamdan__Sokari Date (54).jpg
/Users/ayush/Downloads/date-fruit-quality-ml/data/kaggle/alhamdan/Sokari/Sokari Date (55).JPG,Al-skari,alhamdan,train,Sokari Date (55),/Users/ayush/Downloads/date-fruit-quality-ml/data/processed/train/Al-skari/alhamdan__Sokari Date (55).jpg
/Users/ayush/Downloads/date-fruit-quality-ml/data/kaggle/alhamdan/Sokari/Sokari Date (56).JPG,Al-skari,alhamdan,train,Sokari Date (56),/Users/ayush/Downloads/date-fruit-quality-ml/data/processed/train/Al-skari/alhamdan__Sokari Date (56).jpg
/Users/ayush/Downloads/date-fruit-quality-ml/data/kaggle/alhamdan/Sokari/Sokari Date (57).JPG,Al-skari,alhamdan,val,Sokari Date (57),/Users/ayush/Downloads/date-fruit-quality-ml/data/processed/val/Al-skari/alhamdan__Sokari Date (57).jpg
/Users/ayush/Downloads/date-fruit-quality-ml/data/kaggle/alhamdan/Sokari/Sokari Date (58).JPG,Al-skari,alhamdan,train,Sokari Date (58),/Users/ayush/Downloads/date-fruit-quality-ml/data/processed/train/Al-skari/alhamdan__Sokari Date (58).jpg
/Users/ayush/Downloads/date-fruit-quality-ml/data/kaggle/alhamdan/Sokari/Sokari Date (59).JPG,Al-skari,alhamdan,train,Sokari Date (59),/Users/ayush/Downloads/date-fruit-quality-ml/data/processed/train/Al-skari/alhamdan__Sokari Date (59).jpg
/Users/ayush/Downloads/date-fruit-quality-ml/data/kaggle/alhamdan/Sokari/Sokari Date (6).JPG,Al-skari,alhamdan,val,Sokari Date (6),/Users/ayush/Downloads/date-fruit-quality-ml/data/processed/val/Al-skari/alhamdan__Sokari Date (6).jpg
/Users/ayush/Downloads/date-fruit-quality-ml/data/kaggle/alhamdan/Sokari/Sokari Date (60).JPG,Al-skari,alhamdan,train,Sokari Date (60),/Users/ayush/Downloads/date-fruit-quality-ml/data/processed/train/Al-skari/alhamdan__Sokari Date (60).jpg
/Users/ayush/Downloads/date-fruit-quality-ml/data/kaggle/alhamdan/Sokari/Sokari Date (61).JPG,Al-skari,alhamdan,val,Sokari Date (61),/Users/ayush/Downloads/date-fruit-quality-ml/data/processed/val/Al-skari/alhamdan__Sokari Date (61).jpg
/Users/ayush/Downloads/date-fruit-quality-ml/data/kaggle/alhamdan/Sokari/Sokari Date (62).JPG,Al-skari,alhamdan,test,Sokari Date (62),/Users/ayush/Downloads/date-fruit-quality-ml/data/processed/test/Al-skari/alhamdan__Sokari Date (62).jpg
/Users/ayush/Downloads/date-fruit-quality-ml/data/kaggle/alhamdan/Sokari/Sokari Date (63).JPG,Al-skari,alhamdan,train,Sokari Date (63),/Users/ayush/Downloads/date-fruit-quality-ml/data/processed/train/Al-skari/alhamdan__Sokari Date (63).jpg
/Users/ayush/Downloads/date-fruit-quality-ml/data/kaggle/alhamdan/Sokari/Sokari Date (64).JPG,Al-skari,alhamdan,val,Sokari Date (64),/Users/ayush/Downloads/date-fruit-quality-ml/data/processed/val/Al-skari/alhamdan__Sokari Date (64).jpg
/Users/ayush/Downloads/date-fruit-quality-ml/data/kaggle/alhamdan/Sokari/Sokari Date (65).JPG,Al-skari,alhamdan,val,Sokari Date (65),/Users/ayush/Downloads/date-fruit-quality-ml/data/processed/val/Al-skari/alhamdan__Sokari Date (65).jpg
/Users/ayush/Downloads/date-fruit-quality-ml/data/kaggle/alhamdan/Sokari/Sokari Date (66).JPG,Al-skari,alhamdan,train,Sokari Date (66),/Users/ayush/Downloads/date-fruit-quality-ml/data/processed/train/Al-skari/alhamdan__Sokari Date (66).jpg
/Users/ayush/Downloads/date-fruit-quality-ml/data/kaggle/alhamdan/Sokari/Sokari Date (67).JPG,Al-skari,alhamdan,train,Sokari Date (67),/Users/ayush/Downloads/date-fruit-quality-ml/data/processed/train/Al-skari/alhamdan__Sokari Date (67).jpg
/Users/ayush/Downloads/date-fruit-quality-ml/data/kaggle/alhamdan/Sokari/Sokari Date (68).JPG,Al-skari,alhamdan,train,Sokari Date (68),/Users/ayush/Downloads/date-fruit-quality-ml/data/processed/train/Al-skari/alhamdan__Sokari Date (68).jpg
/Users/ayush/Downloads/date-fruit-quality-ml/data/kaggle/alhamdan/Sokari/Sokari Date (69).JPG,Al-skari,alhamdan,test,Sokari Date (69),/Users/ayush/Downloads/date-fruit-quality-ml/data/processed/test/Al-skari/alhamdan__Sokari Date (69).jpg
/Users/ayush/Downloads/date-fruit-quality-ml/data/kaggle/alhamdan/Sokari/Sokari Date (7).JPG,Al-skari,alhamdan,train,Sokari Date (7),/Users/ayush/Downloads/date-fruit-quality-ml/data/processed/train/Al-skari/alhamdan__Sokari Date (7).jpg
/Users/ayush/Downloads/date-fruit-quality-ml/data/kaggle/alhamdan/Sokari/Sokari Date (70).JPG,Al-skari,alhamdan,train,Sokari Date (70),/Users/ayush/Downloads/date-fruit-quality-ml/data/processed/train/Al-skari/alhamdan__Sokari Date (70).jpg
/Users/ayush/Downloads/date-fruit-quality-ml/data/kaggle/alhamdan/Sokari/Sokari Date (71).JPG,Al-skari,alhamdan,test,Sokari Date (71),/Users/ayush/Downloads/date-fruit-quality-ml/data/processed/test/Al-skari/alhamdan__Sokari Date (71).jpg
/Users/ayush/Downloads/date-fruit-quality-ml/data/kaggle/alhamdan/Sokari/Sokari Date (72).JPG,Al-skari,alhamdan,train,Sokari Date (72),/Users/ayush/Downloads/date-fruit-quality-ml/data/processed/train/Al-skari/alhamdan__Sokari Date (72).jpg
/Users/ayush/Downloads/date-fruit-quality-ml/data/kaggle/alhamdan/Sokari/Sokari Date (73).JPG,Al-skari,alhamdan,test,Sokari Date (73),/Users/ayush/Downloads/date-fruit-quality-ml/data/processed/test/Al-skari/alhamdan__Sokari Date (73).jpg
/Users/ayush/Downloads/date-fruit-quality-ml/data/kaggle/alhamdan/Sokari/Sokari Date (74).JPG,Al-skari,alhamdan,train,Sokari Date (74),/Users/ayush/Downloads/date-fruit-quality-ml/data/processed/train/Al-skari/alhamdan__Sokari Date (74).jpg
/Users/ayush/Downloads/date-fruit-quality-ml/data/kaggle/alhamdan/Sokari/Sokari Date (75).JPG,Al-skari,alhamdan,test,Sokari Date (75),/Users/ayush/Downloads/date-fruit-quality-ml/data/processed/test/Al-skari/alhamdan__Sokari Date (75).jpg
/Users/ayush/Downloads/date-fruit-quality-ml/data/kaggle/alhamdan/Sokari/Sokari Date (76).JPG,Al-skari,alhamdan,train,Sokari Date (76),/Users/ayush/Downloads/date-fruit-quality-ml/data/processed/train/Al-skari/alhamdan__Sokari Date (76).jpg
/Users/ayush/Downloads/date-fruit-quality-ml/data/kaggle/alhamdan/Sokari/Sokari Date (77).JPG,Al-skari,alhamdan,train,Sokari Date (77),/Users/ayush/Downloads/date-fruit-quality-ml/data/processed/train/Al-skari/alhamdan__Sokari Date (77).jpg
/Users/ayush/Downloads/date-fruit-quality-ml/data/kaggle/alhamdan/Sokari/Sokari Date (78).JPG,Al-skari,alhamdan,train,Sokari Date (78),/Users/ayush/Downloads/date-fruit-quality-ml/data/processed/train/Al-skari/alhamdan__Sokari Date (78).jpg
/Users/ayush/Downloads/date-fruit-quality-ml/data/kaggle/alhamdan/Sokari/Sokari Date (79).JPG,Al-skari,alhamdan,train,Sokari Date (79),/Users/ayush/Downloads/date-fruit-quality-ml/data/processed/train/Al-skari/alhamdan__Sokari Date (79).jpg
/Users/ayush/Downloads/date-fruit-quality-ml/data/kaggle/alhamdan/Sokari/Sokari Date (8).JPG,Al-skari,alhamdan,train,Sokari Date (8),/Users/ayush/Downloads/date-fruit-quality-ml/data/processed/train/Al-skari/alhamdan__Sokari Date (8).jpg
/Users/ayush/Downloads/date-fruit-quality-ml/data/kaggle/alhamdan/Sokari/Sokari Date (80).JPG,Al-skari,alhamdan,train,Sokari Date (80),/Users/ayush/Downloads/date-fruit-quality-ml/data/processed/train/Al-skari/alhamdan__Sokari Date (80).jpg
/Users/ayush/Downloads/date-fruit-quality-ml/data/kaggle/alhamdan/Sokari/Sokari Date (81).JPG,Al-skari,alhamdan,train,Sokari Date (81),/Users/ayush/Downloads/date-fruit-quality-ml/data/processed/train/Al-skari/alhamdan__Sokari Date (81).jpg
/Users/ayush/Downloads/date-fruit-quality-ml/data/kaggle/alhamdan/Sokari/Sokari Date (82).JPG,Al-skari,alhamdan,test,Sokari Date (82),/Users/ayush/Downloads/date-fruit-quality-ml/data/processed/test/Al-skari/alhamdan__Sokari Date (82).jpg
/Users/ayush/Downloads/date-fruit-quality-ml/data/kaggle/alhamdan/Sokari/Sokari Date (83).JPG,Al-skari,alhamdan,val,Sokari Date (83),/Users/ayush/Downloads/date-fruit-quality-ml/data/processed/val/Al-skari/alhamdan__Sokari Date (83).jpg
/Users/ayush/Downloads/date-fruit-quality-ml/data/kaggle/alhamdan/Sokari/Sokari Date (84).JPG,Al-skari,alhamdan,train,Sokari Date (84),/Users/ayush/Downloads/date-fruit-quality-ml/data/processed/train/Al-skari/alhamdan__Sokari Date (84).jpg
/Users/ayush/Downloads/date-fruit-quality-ml/data/kaggle/alhamdan/Sokari/Sokari Date (85).JPG,Al-skari,alhamdan,train,Sokari Date (85),/Users/ayush/Downloads/date-fruit-quality-ml/data/processed/train/Al-skari/alhamdan__Sokari Date (85).jpg
/Users/ayush/Downloads/date-fruit-quality-ml/data/kaggle/alhamdan/Sokari/Sokari Date (86).JPG,Al-skari,alhamdan,train,Sokari Date (86),/Users/ayush/Downloads/date-fruit-quality-ml/data/processed/train/Al-skari/alhamdan__Sokari Date (86).jpg
/Users/ayush/Downloads/date-fruit-quality-ml/data/kaggle/alhamdan/Sokari/Sokari Date (87).JPG,Al-skari,alhamdan,train,Sokari Date (87),/Users/ayush/Downloads/date-fruit-quality-ml/data/processed/train/Al-skari/alhamdan__Sokari Date (87).jpg
/Users/ayush/Downloads/date-fruit-quality-ml/data/kaggle/alhamdan/Sokari/Sokari Date (88).JPG,Al-skari,alhamdan,test,Sokari Date (88),/Users/ayush/Downloads/date-fruit-quality-ml/data/processed/test/Al-skari/alhamdan__Sokari Date (88).jpg
/Users/ayush/Downloads/date-fruit-quality-ml/data/kaggle/alhamdan/Sokari/Sokari Date (89).JPG,Al-skari,alhamdan,train,Sokari Date (89),/Users/ayush/Downloads/date-fruit-quality-ml/data/processed/train/Al-skari/alhamdan__Sokari Date (89).jpg
/Users/ayush/Downloads/date-fruit-quality-ml/data/kaggle/alhamdan/Sokari/Sokari Date (9).JPG,Al-skari,alhamdan,train,Sokari Date (9),/Users/ayush/Downloads/date-fruit-quality-ml/data/processed/train/Al-skari/alhamdan__Sokari Date (9).jpg
/Users/ayush/Downloads/date-fruit-quality-ml/data/kaggle/alhamdan/Sokari/Sokari Date (90).JPG,Al-skari,alhamdan,train,Sokari Date (90),/Users/ayush/Downloads/date-fruit-quality-ml/data/processed/train/Al-skari/alhamdan__Sokari Date (90).jpg
/Users/ayush/Downloads/date-fruit-quality-ml/data/kaggle/alhamdan/Sokari/Sokari Date (91).JPG,Al-skari,alhamdan,train,Sokari Date (91),/Users/ayush/Downloads/date-fruit-quality-ml/data/processed/train/Al-skari/alhamdan__Sokari Date (91).jpg
/Users/ayush/Downloads/date-fruit-quality-ml/data/kaggle/alhamdan/Sokari/Sokari Date (92).JPG,Al-skari,alhamdan,train,Sokari Date (92),/Users/ayush/Downloads/date-fruit-quality-ml/data/processed/train/Al-skari/alhamdan__Sokari Date (92).jpg
/Users/ayush/Downloads/date-fruit-quality-ml/data/kaggle/alhamdan/Sokari/Sokari Date (93).JPG,Al-skari,alhamdan,train,Sokari Date (93),/Users/ayush/Downloads/date-fruit-quality-ml/data/processed/train/Al-skari/alhamdan__Sokari Date (93).jpg
/Users/ayush/Downloads/date-fruit-quality-ml/data/kaggle/alhamdan/Sokari/Sokari Date (94).JPG,Al-skari,alhamdan,val,Sokari Date (94),/Users/ayush/Downloads/date-fruit-quality-ml/data/processed/val/Al-skari/alhamdan__Sokari Date (94).jpg
/Users/ayush/Downloads/date-fruit-quality-ml/data/kaggle/alhamdan/Sokari/Sokari Date (95).JPG,Al-skari,alhamdan,train,Sokari Date (95),/Users/ayush/Downloads/date-fruit-quality-ml/data/processed/train/Al-skari/alhamdan__Sokari Date (95).jpg
/Users/ayush/Downloads/date-fruit-quality-ml/data/kaggle/alhamdan/Sokari/Sokari Date (96).JPG,Al-skari,alhamdan,test,Sokari Date (96),/Users/ayush/Downloads/date-fruit-quality-ml/data/processed/test/Al-skari/alhamdan__Sokari Date (96).jpg
/Users/ayush/Downloads/date-fruit-quality-ml/data/kaggle/alhamdan/Sokari/Sokari Date (97).JPG,Al-skari,alhamdan,train,Sokari Date (97),/Users/ayush/Downloads/date-fruit-quality-ml/data/processed/train/Al-skari/alhamdan__Sokari Date (97).jpg
/Users/ayush/Downloads/date-fruit-quality-ml/data/kaggle/alhamdan/Sokari/Sokari Date (98).JPG,Al-skari,alhamdan,train,Sokari Date (98),/Users/ayush/Downloads/date-fruit-quality-ml/data/processed/train/Al-skari/alhamdan__Sokari Date (98).jpg
/Users/ayush/Downloads/date-fruit-quality-ml/data/kaggle/alhamdan/Sokari/Sokari Date (99).JPG,Al-skari,alhamdan,train,Sokari Date (99),/Users/ayush/Downloads/date-fruit-quality-ml/data/processed/train/Al-skari/alhamdan__Sokari Date (99).jpg
/Users/ayush/Downloads/date-fruit-quality-ml/data/kaggle/alhamdan/Sugaey/Sugaey Date (1).JPG,Al-sagai,alhamdan,test,Sugaey Date (1),/Users/ayush/Downloads/date-fruit-quality-ml/data/processed/test/Al-sagai/alhamdan__Sugaey Date (1).jpg
/Users/ayush/Downloads/date-fruit-quality-ml/data/kaggle/alhamdan/Sugaey/Sugaey Date (10).JPG,Al-sagai,alhamdan,train,Sugaey Date (10),/Users/ayush/Downloads/date-fruit-quality-ml/data/processed/train/Al-sagai/alhamdan__Sugaey Date (10).jpg
/Users/ayush/Downloads/date-fruit-quality-ml/data/kaggle/alhamdan/Sugaey/Sugaey Date (100).JPG,Al-sagai,alhamdan,test,Sugaey Date (100),/Users/ayush/Downloads/date-fruit-quality-ml/data/processed/test/Al-sagai/alhamdan__Sugaey Date (100).jpg
/Users/ayush/Downloads/date-fruit-quality-ml/data/kaggle/alhamdan/Sugaey/Sugaey Date (101).JPG,Al-sagai,alhamdan,train,Sugaey Date (101),/Users/ayush/Downloads/date-fruit-quality-ml/data/processed/train/Al-sagai/alhamdan__Sugaey Date (101).jpg
/Users/ayush/Downloads/date-fruit-quality-ml/data/kaggle/alhamdan/Sugaey/Sugaey Date (102).JPG,Al-sagai,alhamdan,val,Sugaey Date (102),/Users/ayush/Downloads/date-fruit-quality-ml/data/processed/val/Al-sagai/alhamdan__Sugaey Date (102).jpg
/Users/ayush/Downloads/date-fruit-quality-ml/data/kaggle/alhamdan/Sugaey/Sugaey Date (103).JPG,Al-sagai,alhamdan,train,Sugaey Date (103),/Users/ayush/Downloads/date-fruit-quality-ml/data/processed/train/Al-sagai/alhamdan__Sugaey Date (103).jpg
/Users/ayush/Downloads/date-fruit-quality-ml/data/kaggle/alhamdan/Sugaey/Sugaey Date (104).JPG,Al-sagai,alhamdan,test,Sugaey Date (104),/Users/ayush/Downloads/date-fruit-quality-ml/data/processed/test/Al-sagai/alhamdan__Sugaey Date (104).jpg
/Users/ayush/Downloads/date-fruit-quality-ml/data/kaggle/alhamdan/Sugaey/Sugaey Date (105).JPG,Al-sagai,alhamdan,train,Sugaey Date (105),/Users/ayush/Downloads/date-fruit-quality-ml/data/processed/train/Al-sagai/alhamdan__Sugaey Date (105).jpg
/Users/ayush/Downloads/date-fruit-quality-ml/data/kaggle/alhamdan/Sugaey/Sugaey Date (106).JPG,Al-sagai,alhamdan,test,Sugaey Date (106),/Users/ayush/Downloads/date-fruit-quality-ml/data/processed/test/Al-sagai/alhamdan__Sugaey Date (106).jpg
/Users/ayush/Downloads/date-fruit-quality-ml/data/kaggle/alhamdan/Sugaey/Sugaey Date (107).JPG,Al-sagai,alhamdan,train,Sugaey Date (107),/Users/ayush/Downloads/date-fruit-quality-ml/data/processed/train/Al-sagai/alhamdan__Sugaey Date (107).jpg
/Users/ayush/Downloads/date-fruit-quality-ml/data/kaggle/alhamdan/Sugaey/Sugaey Date (108).JPG,Al-sagai,alhamdan,train,Sugaey Date (108),/Users/ayush/Downloads/date-fruit-quality-ml/data/processed/train/Al-sagai/alhamdan__Sugaey Date (108).jpg
/Users/ayush/Downloads/date-fruit-quality-ml/data/kaggle/alhamdan/Sugaey/Sugaey Date (109).JPG,Al-sagai,alhamdan,train,Sugaey Date (109),/Users/ayush/Downloads/date-fruit-quality-ml/data/processed/train/Al-sagai/alhamdan__Sugaey Date (109).jpg
/Users/ayush/Downloads/date-fruit-quality-ml/data/kaggle/alhamdan/Sugaey/Sugaey Date (11).JPG,Al-sagai,alhamdan,train,Sugaey Date (11),/Users/ayush/Downloads/date-fruit-quality-ml/data/processed/train/Al-sagai/alhamdan__Sugaey Date (11).jpg
/Users/ayush/Downloads/date-fruit-quality-ml/data/kaggle/alhamdan/Sugaey/Sugaey Date (110).JPG,Al-sagai,alhamdan,train,Sugaey Date (110),/Users/ayush/Downloads/date-fruit-quality-ml/data/processed/train/Al-sagai/alhamdan__Sugaey Date (110).jpg
/Users/ayush/Downloads/date-fruit-quality-ml/data/kaggle/alhamdan/Sugaey/Sugaey Date (111).JPG,Al-sagai,alhamdan,train,Sugaey Date (111),/Users/ayush/Downloads/date-fruit-quality-ml/data/processed/train/Al-sagai/alhamdan__Sugaey Date (111).jpg
/Users/ayush/Downloads/date-fruit-quality-ml/data/kaggle/alhamdan/Sugaey/Sugaey Date (112).JPG,Al-sagai,alhamdan,train,Sugaey Date (112),/Users/ayush/Downloads/date-fruit-quality-ml/data/processed/train/Al-sagai/alhamdan__Sugaey Date (112).jpg
/Users/ayush/Downloads/date-fruit-quality-ml/data/kaggle/alhamdan/Sugaey/Sugaey Date (113).JPG,Al-sagai,alhamdan,train,Sugaey Date (113),/Users/ayush/Downloads/date-fruit-quality-ml/data/processed/train/Al-sagai/alhamdan__Sugaey Date (113).jpg
/Users/ayush/Downloads/date-fruit-quality-ml/data/kaggle/alhamdan/Sugaey/Sugaey Date (114).JPG,Al-sagai,alhamdan,train,Sugaey Date (114),/Users/ayush/Downloads/date-fruit-quality-ml/data/processed/train/Al-sagai/alhamdan__Sugaey Date (114).jpg
/Users/ayush/Downloads/date-fruit-quality-ml/data/kaggle/alhamdan/Sugaey/Sugaey Date (115).JPG,Al-sagai,alhamdan,val,Sugaey Date (115),/Users/ayush/Downloads/date-fruit-quality-ml/data/processed/val/Al-sagai/alhamdan__Sugaey Date (115).jpg
/Users/ayush/Downloads/date-fruit-quality-ml/data/kaggle/alhamdan/Sugaey/Sugaey Date (116).JPG,Al-sagai,alhamdan,val,Sugaey Date (116),/Users/ayush/Downloads/date-fruit-quality-ml/data/processed/val/Al-sagai/alhamdan__Sugaey Date (116).jpg
/Users/ayush/Downloads/date-fruit-quality-ml/data/kaggle/alhamdan/Sugaey/Sugaey Date (117).JPG,Al-sagai,alhamdan,train,Sugaey Date (117),/Users/ayush/Downloads/date-fruit-quality-ml/data/processed/train/Al-sagai/alhamdan__Sugaey Date (117).jpg
/Users/ayush/Downloads/date-fruit-quality-ml/data/kaggle/alhamdan/Sugaey/Sugaey Date (118).JPG,Al-sagai,alhamdan,train,Sugaey Date (118),/Users/ayush/Downloads/date-fruit-quality-ml/data/processed/train/Al-sagai/alhamdan__Sugaey Date (118).jpg
/Users/ayush/Downloads/date-fruit-quality-ml/data/kaggle/alhamdan/Sugaey/Sugaey Date (119).JPG,Al-sagai,alhamdan,train,Sugaey Date (119),/Users/ayush/Downloads/date-fruit-quality-ml/data/processed/train/Al-sagai/alhamdan__Sugaey Date (119).jpg
/Users/ayush/Downloads/date-fruit-quality-ml/data/kaggle/alhamdan/Sugaey/Sugaey Date (12).JPG,Al-sagai,alhamdan,train,Sugaey Date (12),/Users/ayush/Downloads/date-fruit-quality-ml/data/processed/train/Al-sagai/alhamdan__Sugaey Date (12).jpg
/Users/ayush/Downloads/date-fruit-quality-ml/data/kaggle/alhamdan/Sugaey/Sugaey Date (120).JPG,Al-sagai,alhamdan,train,Sugaey Date (120),/Users/ayush/Downloads/date-fruit-quality-ml/data/processed/train/Al-sagai/alhamdan__Sugaey Date (120).jpg
/Users/ayush/Downloads/date-fruit-quality-ml/data/kaggle/alhamdan/Sugaey/Sugaey Date (121).JPG,Al-sagai,alhamdan,train,Sugaey Date (121),/Users/ayush/Downloads/date-fruit-quality-ml/data/processed/train/Al-sagai/alhamdan__Sugaey Date (121).jpg
/Users/ayush/Downloads/date-fruit-quality-ml/data/kaggle/alhamdan/Sugaey/Sugaey Date (122).JPG,Al-sagai,alhamdan,test,Sugaey Date (122),/Users/ayush/Downloads/date-fruit-quality-ml/data/processed/test/Al-sagai/alhamdan__Sugaey Date (122).jpg
/Users/ayush/Downloads/date-fruit-quality-ml/data/kaggle/alhamdan/Sugaey/Sugaey Date (123).JPG,Al-sagai,alhamdan,train,Sugaey Date (123),/Users/ayush/Downloads/date-fruit-quality-ml/data/processed/train/Al-sagai/alhamdan__Sugaey Date (123).jpg
/Users/ayush/Downloads/date-fruit-quality-ml/data/kaggle/alhamdan/Sugaey/Sugaey Date (124).JPG,Al-sagai,alhamdan,val,Sugaey Date (124),/Users/ayush/Downloads/date-fruit-quality-ml/data/processed/val/Al-sagai/alhamdan__Sugaey Date (124).jpg
/Users/ayush/Downloads/date-fruit-quality-ml/data/kaggle/alhamdan/Sugaey/Sugaey Date (125).JPG,Al-sagai,alhamdan,train,Sugaey Date (125),/Users/ayush/Downloads/date-fruit-quality-ml/data/processed/train/Al-sagai/alhamdan__Sugaey Date (125).jpg
/Users/ayush/Downloads/date-fruit-quality-ml/data/kaggle/alhamdan/Sugaey/Sugaey Date (126).JPG,Al-sagai,alhamdan,train,Sugaey Date (126),/Users/ayush/Downloads/date-fruit-quality-ml/data/processed/train/Al-sagai/alhamdan__Sugaey Date (126).jpg
/Users/ayush/Downloads/date-fruit-quality-ml/data/kaggle/alhamdan/Sugaey/Sugaey Date (127).JPG,Al-sagai,alhamdan,train,Sugaey Date (127),/Users/ayush/Downloads/date-fruit-quality-ml/data/processed/train/Al-sagai/alhamdan__Sugaey Date (127).jpg
/Users/ayush/Downloads/date-fruit-quality-ml/data/kaggle/alhamdan/Sugaey/Sugaey Date (128).JPG,Al-sagai,alhamdan,train,Sugaey Date (128),/Users/ayush/Downloads/date-fruit-quality-ml/data/processed/train/Al-sagai/alhamdan__Sugaey Date (128).jpg
/Users/ayush/Downloads/date-fruit-quality-ml/data/kaggle/alhamdan/Sugaey/Sugaey Date (129).JPG,Al-sagai,alhamdan,train,Sugaey Date (129),/Users/ayush/Downloads/date-fruit-quality-ml/data/processed/train/Al-sagai/alhamdan__Sugaey Date (129).jpg
/Users/ayush/Downloads/date-fruit-quality-ml/data/kaggle/alhamdan/Sugaey/Sugaey Date (13).JPG,Al-sagai,alhamdan,train,Sugaey Date (13),/Users/ayush/Downloads/date-fruit-quality-ml/data/processed/train/Al-sagai/alhamdan__Sugaey Date (13).jpg
/Users/ayush/Downloads/date-fruit-quality-ml/data/kaggle/alhamdan/Sugaey/Sugaey Date (130).JPG,Al-sagai,alhamdan,val,Sugaey Date (130),/Users/ayush/Downloads/date-fruit-quality-ml/data/processed/val/Al-sagai/alhamdan__Sugaey Date (130).jpg
/Users/ayush/Downloads/date-fruit-quality-ml/data/kaggle/alhamdan/Sugaey/Sugaey Date (131).JPG,Al-sagai,alhamdan,train,Sugaey Date (131),/Users/ayush/Downloads/date-fruit-quality-ml/data/processed/train/Al-sagai/alhamdan__Sugaey Date (131).jpg
/Users/ayush/Downloads/date-fruit-quality-ml/data/kaggle/alhamdan/Sugaey/Sugaey Date (132).JPG,Al-sagai,alhamdan,train,Sugaey Date (132),/Users/ayush/Downloads/date-fruit-quality-ml/data/processed/train/Al-sagai/alhamdan__Sugaey Date (132).jpg
/Users/ayush/Downloads/date-fruit-quality-ml/data/kaggle/alhamdan/Sugaey/Sugaey Date (133).JPG,Al-sagai,alhamdan,test,Sugaey Date (133),/Users/ayush/Downloads/date-fruit-quality-ml/data/processed/test/Al-sagai/alhamdan__Sugaey Date (133).jpg
/Users/ayush/Downloads/date-fruit-quality-ml/data/kaggle/alhamdan/Sugaey/Sugaey Date (134).JPG,Al-sagai,alhamdan,train,Sugaey Date (134),/Users/ayush/Downloads/date-fruit-quality-ml/data/processed/train/Al-sagai/alhamdan__Sugaey Date (134).jpg
/Users/ayush/Downloads/date-fruit-quality-ml/data/kaggle/alhamdan/Sugaey/Sugaey Date (135).JPG,Al-sagai,alhamdan,train,Sugaey Date (135),/Users/ayush/Downloads/date-fruit-quality-ml/data/processed/train/Al-sagai/alhamdan__Sugaey Date (135).jpg
/Users/ayush/Downloads/date-fruit-quality-ml/data/kaggle/alhamdan/Sugaey/Sugaey Date (136).JPG,Al-sagai,alhamdan,test,Sugaey Date (136),/Users/ayush/Downloads/date-fruit-quality-ml/data/processed/test/Al-sagai/alhamdan__Sugaey Date (136).jpg
/Users/ayush/Downloads/date-fruit-quality-ml/data/kaggle/alhamdan/Sugaey/Sugaey Date (137).JPG,Al-sagai,alhamdan,train,Sugaey Date (137),/Users/ayush/Downloads/date-fruit-quality-ml/data/processed/train/Al-sagai/alhamdan__Sugaey Date (137).jpg
/Users/ayush/Downloads/date-fruit-quality-ml/data/kaggle/alhamdan/Sugaey/Sugaey Date (138).JPG,Al-sagai,alhamdan,train,Sugaey Date (138),/Users/ayush/Downloads/date-fruit-quality-ml/data/processed/train/Al-sagai/alhamdan__Sugaey Date (138).jpg
/Users/ayush/Downloads/date-fruit-quality-ml/data/kaggle/alhamdan/Sugaey/Sugaey Date (139).JPG,Al-sagai,alhamdan,test,Sugaey Date (139),/Users/ayush/Downloads/date-fruit-quality-ml/data/processed/test/Al-sagai/alhamdan__Sugaey Date (139).jpg
/Users/ayush/Downloads/date-fruit-quality-ml/data/kaggle/alhamdan/Sugaey/Sugaey Date (14).JPG,Al-sagai,alhamdan,train,Sugaey Date (14),/Users/ayush/Downloads/date-fruit-quality-ml/data/processed/train/Al-sagai/alhamdan__Sugaey Date (14).jpg
/Users/ayush/Downloads/date-fruit-quality-ml/data/kaggle/alhamdan/Sugaey/Sugaey Date (140).JPG,Al-sagai,alhamdan,train,Sugaey Date (140),/Users/ayush/Downloads/date-fruit-quality-ml/data/processed/train/Al-sagai/alhamdan__Sugaey Date (140).jpg
/Users/ayush/Downloads/date-fruit-quality-ml/data/kaggle/alhamdan/Sugaey/Sugaey Date (141).JPG,Al-sagai,alhamdan,train,Sugaey Date (141),/Users/ayush/Downloads/date-fruit-quality-ml/data/processed/train/Al-sagai/alhamdan__Sugaey Date (141).jpg
/Users/ayush/Downloads/date-fruit-quality-ml/data/kaggle/alhamdan/Sugaey/Sugaey Date (142).JPG,Al-sagai,alhamdan,train,Sugaey Date (142),/Users/ayush/Downloads/date-fruit-quality-ml/data/processed/train/Al-sagai/alhamdan__Sugaey Date (142).jpg
/Users/ayush/Downloads/date-fruit-quality-ml/data/kaggle/alhamdan/Sugaey/Sugaey Date (143).JPG,Al-sagai,alhamdan,train,Sugaey Date (143),/Users/ayush/Downloads/date-fruit-quality-ml/data/processed/train/Al-sagai/alhamdan__Sugaey Date (143).jpg
/Users/ayush/Downloads/date-fruit-quality-ml/data/kaggle/alhamdan/Sugaey/Sugaey Date (144).JPG,Al-sagai,alhamdan,train,Sugaey Date (144),/Users/ayush/Downloads/date-fruit-quality-ml/data/processed/train/Al-sagai/alhamdan__Sugaey Date (144).jpg
/Users/ayush/Downloads/date-fruit-quality-ml/data/kaggle/alhamdan/Sugaey/Sugaey Date (145).JPG,Al-sagai,alhamdan,train,Sugaey Date (145),/Users/ayush/Downloads/date-fruit-quality-ml/data/processed/train/Al-sagai/alhamdan__Sugaey Date (145).jpg
/Users/ayush/Downloads/date-fruit-quality-ml/data/kaggle/alhamdan/Sugaey/Sugaey Date (146).JPG,Al-sagai,alhamdan,train,Sugaey Date (146),/Users/ayush/Downloads/date-fruit-quality-ml/data/processed/train/Al-sagai/alhamdan__Sugaey Date (146).jpg
/Users/ayush/Downloads/date-fruit-quality-ml/data/kaggle/alhamdan/Sugaey/Sugaey Date (147).JPG,Al-sagai,alhamdan,train,Sugaey Date (147),/Users/ayush/Downloads/date-fruit-quality-ml/data/processed/train/Al-sagai/alhamdan__Sugaey Date (147).jpg
/Users/ayush/Downloads/date-fruit-quality-ml/data/kaggle/alhamdan/Sugaey/Sugaey Date (148).JPG,Al-sagai,alhamdan,train,Sugaey Date (148),/Users/ayush/Downloads/date-fruit-quality-ml/data/processed/train/Al-sagai/alhamdan__Sugaey Date (148).jpg
/Users/ayush/Downloads/date-fruit-quality-ml/data/kaggle/alhamdan/Sugaey/Sugaey Date (149).JPG,Al-sagai,alhamdan,train,Sugaey Date (149),/Users/ayush/Downloads/date-fruit-quality-ml/data/processed/train/Al-sagai/alhamdan__Sugaey Date (149).jpg
/Users/ayush/Downloads/date-fruit-quality-ml/data/kaggle/alhamdan/Sugaey/Sugaey Date (15).JPG,Al-sagai,alhamdan,val,Sugaey Date (15),/Users/ayush/Downloads/date-fruit-quality-ml/data/processed/val/Al-sagai/alhamdan__Sugaey Date (15).jpg
/Users/ayush/Downloads/date-fruit-quality-ml/data/kaggle/alhamdan/Sugaey/Sugaey Date (150).JPG,Al-sagai,alhamdan,test,Sugaey Date (150),/Users/ayush/Downloads/date-fruit-quality-ml/data/processed/test/Al-sagai/alhamdan__Sugaey Date (150).jpg
/Users/ayush/Downloads/date-fruit-quality-ml/data/kaggle/alhamdan/Sugaey/Sugaey Date (151).JPG,Al-sagai,alhamdan,train,Sugaey Date (151),/Users/ayush/Downloads/date-fruit-quality-ml/data/processed/train/Al-sagai/alhamdan__Sugaey Date (151).jpg
/Users/ayush/Downloads/date-fruit-quality-ml/data/kaggle/alhamdan/Sugaey/Sugaey Date (152).JPG,Al-sagai,alhamdan,train,Sugaey Date (152),/Users/ayush/Downloads/date-fruit-quality-ml/data/processed/train/Al-sagai/alhamdan__Sugaey Date (152).jpg
/Users/ayush/Downloads/date-fruit-quality-ml/data/kaggle/alhamdan/Sugaey/Sugaey Date (153).JPG,Al-sagai,alhamdan,val,Sugaey Date (153),/Users/ayush/Downloads/date-fruit-quality-ml/data/processed/val/Al-sagai/alhamdan__Sugaey Date (153).jpg
/Users/ayush/Downloads/date-fruit-quality-ml/data/kaggle/alhamdan/Sugaey/Sugaey Date (154).JPG,Al-sagai,alhamdan,train,Sugaey Date (154),/Users/ayush/Downloads/date-fruit-quality-ml/data/processed/train/Al-sagai/alhamdan__Sugaey Date (154).jpg
/Users/ayush/Downloads/date-fruit-quality-ml/data/kaggle/alhamdan/Sugaey/Sugaey Date (155).JPG,Al-sagai,alhamdan,train,Sugaey Date (155),/Users/ayush/Downloads/date-fruit-quality-ml/data/processed/train/Al-sagai/alhamdan__Sugaey Date (155).jpg
/Users/ayush/Downloads/date-fruit-quality-ml/data/kaggle/alhamdan/Sugaey/Sugaey Date (156).JPG,Al-sagai,alhamdan,train,Sugaey Date (156),/Users/ayush/Downloads/date-fruit-quality-ml/data/processed/train/Al-sagai/alhamdan__Sugaey Date (156).jpg
/Users/ayush/Downloads/date-fruit-quality-ml/data/kaggle/alhamdan/Sugaey/Sugaey Date (157).JPG,Al-sagai,alhamdan,test,Sugaey Date (157),/Users/ayush/Downloads/date-fruit-quality-ml/data/processed/test/Al-sagai/alhamdan__Sugaey Date (157).jpg
/Users/ayush/Downloads/date-fruit-quality-ml/data/kaggle/alhamdan/Sugaey/Sugaey Date (158).JPG,Al-sagai,alhamdan,train,Sugaey Date (158),/Users/ayush/Downloads/date-fruit-quality-ml/data/processed/train/Al-sagai/alhamdan__Sugaey Date (158).jpg
/Users/ayush/Downloads/date-fruit-quality-ml/data/kaggle/alhamdan/Sugaey/Sugaey Date (159).JPG,Al-sagai,alhamdan,train,Sugaey Date (159),/Users/ayush/Downloads/date-fruit-quality-ml/data/processed/train/Al-sagai/alhamdan__Sugaey Date (159).jpg
/Users/ayush/Downloads/date-fruit-quality-ml/data/kaggle/alhamdan/Sugaey/Sugaey Date (16).JPG,Al-sagai,alhamdan,train,Sugaey Date (16),/Users/ayush/Downloads/date-fruit-quality-ml/data/processed/train/Al-sagai/alhamdan__Sugaey Date (16).jpg
/Users/ayush/Downloads/date-fruit-quality-ml/data/kaggle/alhamdan/Sugaey/Sugaey Date (160).JPG,Al-sagai,alhamdan,train,Sugaey Date (160),/Users/ayush/Downloads/date-fruit-quality-ml/data/processed/train/Al-sagai/alhamdan__Sugaey Date (160).jpg
/Users/ayush/Downloads/date-fruit-quality-ml/data/kaggle/alhamdan/Sugaey/Sugaey Date (161).JPG,Al-sagai,alhamdan,test,Sugaey Date (161),/Users/ayush/Downloads/date-fruit-quality-ml/data/processed/test/Al-sagai/alhamdan__Sugaey Date (161).jpg
/Users/ayush/Downloads/date-fruit-quality-ml/data/kaggle/alhamdan/Sugaey/Sugaey Date (162).JPG,Al-sagai,alhamdan,val,Sugaey Date (162),/Users/ayush/Downloads/date-fruit-quality-ml/data/processed/val/Al-sagai/alhamdan__Sugaey Date (162).jpg
/Users/ayush/Downloads/date-fruit-quality-ml/data/kaggle/alhamdan/Sugaey/Sugaey Date (163).JPG,Al-sagai,alhamdan,test,Sugaey Date (163),/Users/ayush/Downloads/date-fruit-quality-ml/data/processed/test/Al-sagai/alhamdan__Sugaey Date (163).jpg
/Users/ayush/Downloads/date-fruit-quality-ml/data/kaggle/alhamdan/Sugaey/Sugaey Date (164).JPG,Al-sagai,alhamdan,train,Sugaey Date (164),/Users/ayush/Downloads/date-fruit-quality-ml/data/processed/train/Al-sagai/alhamdan__Sugaey Date (164).jpg
/Users/ayush/Downloads/date-fruit-quality-ml/data/kaggle/alhamdan/Sugaey/Sugaey Date (165).JPG,Al-sagai,alhamdan,test,Sugaey Date (165),/Users/ayush/Downloads/date-fruit-quality-ml/data/processed/test/Al-sagai/alhamdan__Sugaey Date (165).jpg
/Users/ayush/Downloads/date-fruit-quality-ml/data/kaggle/alhamdan/Sugaey/Sugaey Date (166).JPG,Al-sagai,alhamdan,test,Sugaey Date (166),/Users/ayush/Downloads/date-fruit-quality-ml/data/processed/test/Al-sagai/alhamdan__Sugaey Date (166).jpg
/Users/ayush/Downloads/date-fruit-quality-ml/data/kaggle/alhamdan/Sugaey/Sugaey Date (167).JPG,Al-sagai,alhamdan,val,Sugaey Date (167),/Users/ayush/Downloads/date-fruit-quality-ml/data/processed/val/Al-sagai/alhamdan__Sugaey Date (167).jpg
/Users/ayush/Downloads/date-fruit-quality-ml/data/kaggle/alhamdan/Sugaey/Sugaey Date (168).JPG,Al-sagai,alhamdan,val,Sugaey Date (168),/Users/ayush/Downloads/date-fruit-quality-ml/data/processed/val/Al-sagai/alhamdan__Sugaey Date (168).jpg
/Users/ayush/Downloads/date-fruit-quality-ml/data/kaggle/alhamdan/Sugaey/Sugaey Date (17).JPG,Al-sagai,alhamdan,train,Sugaey Date (17),/Users/ayush/Downloads/date-fruit-quality-ml/data/processed/train/Al-sagai/alhamdan__Sugaey Date (17).jpg
/Users/ayush/Downloads/date-fruit-quality-ml/data/kaggle/alhamdan/Sugaey/Sugaey Date (18).JPG,Al-sagai,alhamdan,train,Sugaey Date (18),/Users/ayush/Downloads/date-fruit-quality-ml/data/processed/train/Al-sagai/alhamdan__Sugaey Date (18).jpg
/Users/ayush/Downloads/date-fruit-quality-ml/data/kaggle/alhamdan/Sugaey/Sugaey Date (19).JPG,Al-sagai,alhamdan,train,Sugaey Date (19),/Users/ayush/Downloads/date-fruit-quality-ml/data/processed/train/Al-sagai/alhamdan__Sugaey Date (19).jpg
/Users/ayush/Downloads/date-fruit-quality-ml/data/kaggle/alhamdan/Sugaey/Sugaey Date (2).JPG,Al-sagai,alhamdan,train,Sugaey Date (2),/Users/ayush/Downloads/date-fruit-quality-ml/data/processed/train/Al-sagai/alhamdan__Sugaey Date (2).jpg
/Users/ayush/Downloads/date-fruit-quality-ml/data/kaggle/alhamdan/Sugaey/Sugaey Date (20).JPG,Al-sagai,alhamdan,train,Sugaey Date (20),/Users/ayush/Downloads/date-fruit-quality-ml/data/processed/train/Al-sagai/alhamdan__Sugaey Date (20).jpg
/Users/ayush/Downloads/date-fruit-quality-ml/data/kaggle/alhamdan/Sugaey/Sugaey Date (21).JPG,Al-sagai,alhamdan,val,Sugaey Date (21),/Users/ayush/Downloads/date-fruit-quality-ml/data/processed/val/Al-sagai/alhamdan__Sugaey Date (21).jpg
/Users/ayush/Downloads/date-fruit-quality-ml/data/kaggle/alhamdan/Sugaey/Sugaey Date (22).JPG,Al-sagai,alhamdan,train,Sugaey Date (22),/Users/ayush/Downloads/date-fruit-quality-ml/data/processed/train/Al-sagai/alhamdan__Sugaey Date (22).jpg
/Users/ayush/Downloads/date-fruit-quality-ml/data/kaggle/alhamdan/Sugaey/Sugaey Date (23).JPG,Al-sagai,alhamdan,train,Sugaey Date (23),/Users/ayush/Downloads/date-fruit-quality-ml/data/processed/train/Al-sagai/alhamdan__Sugaey Date (23).jpg
/Users/ayush/Downloads/date-fruit-quality-ml/data/kaggle/alhamdan/Sugaey/Sugaey Date (24).JPG,Al-sagai,alhamdan,test,Sugaey Date (24),/Users/ayush/Downloads/date-fruit-quality-ml/data/processed/test/Al-sagai/alhamdan__Sugaey Date (24).jpg
/Users/ayush/Downloads/date-fruit-quality-ml/data/kaggle/alhamdan/Sugaey/Sugaey Date (25).JPG,Al-sagai,alhamdan,train,Sugaey Date (25),/Users/ayush/Downloads/date-fruit-quality-ml/data/processed/train/Al-sagai/alhamdan__Sugaey Date (25).jpg
/Users/ayush/Downloads/date-fruit-quality-ml/data/kaggle/alhamdan/Sugaey/Sugaey Date (26).JPG,Al-sagai,alhamdan,train,Sugaey Date (26),/Users/ayush/Downloads/date-fruit-quality-ml/data/processed/train/Al-sagai/alhamdan__Sugaey Date (26).jpg
/Users/ayush/Downloads/date-fruit-quality-ml/data/kaggle/alhamdan/Sugaey/Sugaey Date (27).JPG,Al-sagai,alhamdan,train,Sugaey Date (27),/Users/ayush/Downloads/date-fruit-quality-ml/data/processed/train/Al-sagai/alhamdan__Sugaey Date (27).jpg
/Users/ayush/Downloads/date-fruit-quality-ml/data/kaggle/alhamdan/Sugaey/Sugaey Date (28).JPG,Al-sagai,alhamdan,test,Sugaey Date (28),/Users/ayush/Downloads/date-fruit-quality-ml/data/processed/test/Al-sagai/alhamdan__Sugaey Date (28).jpg
/Users/ayush/Downloads/date-fruit-quality-ml/data/kaggle/alhamdan/Sugaey/Sugaey Date (29).JPG,Al-sagai,alhamdan,test,Sugaey Date (29),/Users/ayush/Downloads/date-fruit-quality-ml/data/processed/test/Al-sagai/alhamdan__Sugaey Date (29).jpg
/Users/ayush/Downloads/date-fruit-quality-ml/data/kaggle/alhamdan/Sugaey/Sugaey Date (3).JPG,Al-sagai,alhamdan,val,Sugaey Date (3),/Users/ayush/Downloads/date-fruit-quality-ml/data/processed/val/Al-sagai/alhamdan__Sugaey Date (3).jpg
/Users/ayush/Downloads/date-fruit-quality-ml/data/kaggle/alhamdan/Sugaey/Sugaey Date (30).JPG,Al-sagai,alhamdan,train,Sugaey Date (30),/Users/ayush/Downloads/date-fruit-quality-ml/data/processed/train/Al-sagai/alhamdan__Sugaey Date (30).jpg
/Users/ayush/Downloads/date-fruit-quality-ml/data/kaggle/alhamdan/Sugaey/Sugaey Date (31).JPG,Al-sagai,alhamdan,train,Sugaey Date (31),/Users/ayush/Downloads/date-fruit-quality-ml/data/processed/train/Al-sagai/alhamdan__Sugaey Date (31).jpg
/Users/ayush/Downloads/date-fruit-quality-ml/data/kaggle/alhamdan/Sugaey/Sugaey Date (32).JPG,Al-sagai,alhamdan,train,Sugaey Date (32),/Users/ayush/Downloads/date-fruit-quality-ml/data/processed/train/Al-sagai/alhamdan__Sugaey Date (32).jpg
/Users/ayush/Downloads/date-fruit-quality-ml/data/kaggle/alhamdan/Sugaey/Sugaey Date (33).JPG,Al-sagai,alhamdan,train,Sugaey Date (33),/Users/ayush/Downloads/date-fruit-quality-ml/data/processed/train/Al-sagai/alhamdan__Sugaey Date (33).jpg
/Users/ayush/Downloads/date-fruit-quality-ml/data/kaggle/alhamdan/Sugaey/Sugaey Date (34).JPG,Al-sagai,alhamdan,train,Sugaey Date (34),/Users/ayush/Downloads/date-fruit-quality-ml/data/processed/train/Al-sagai/alhamdan__Sugaey Date (34).jpg
/Users/ayush/Downloads/date-fruit-quality-ml/data/kaggle/alhamdan/Sugaey/Sugaey Date (35).JPG,Al-sagai,alhamdan,train,Sugaey Date (35),/Users/ayush/Downloads/date-fruit-quality-ml/data/processed/train/Al-sagai/alhamdan__Sugaey Date (35).jpg
/Users/ayush/Downloads/date-fruit-quality-ml/data/kaggle/alhamdan/Sugaey/Sugaey Date (36).JPG,Al-sagai,alhamdan,train,Sugaey Date (36),/Users/ayush/Downloads/date-fruit-quality-ml/data/processed/train/Al-sagai/alhamdan__Sugaey Date (36).jpg
/Users/ayush/Downloads/date-fruit-quality-ml/data/kaggle/alhamdan/Sugaey/Sugaey Date (37).JPG,Al-sagai,alhamdan,train,Sugaey Date (37),/Users/ayush/Downloads/date-fruit-quality-ml/data/processed/train/Al-sagai/alhamdan__Sugaey Date (37).jpg
/Users/ayush/Downloads/date-fruit-quality-ml/data/kaggle/alhamdan/Sugaey/Sugaey Date (38).JPG,Al-sagai,alhamdan,train,Sugaey Date (38),/Users/ayush/Downloads/date-fruit-quality-ml/data/processed/train/Al-sagai/alhamdan__Sugaey Date (38).jpg
/Users/ayush/Downloads/date-fruit-quality-ml/data/kaggle/alhamdan/Sugaey/Sugaey Date (39).JPG,Al-sagai,alhamdan,train,Sugaey Date (39),/Users/ayush/Downloads/date-fruit-quality-ml/data/processed/train/Al-sagai/alhamdan__Sugaey Date (39).jpg
/Users/ayush/Downloads/date-fruit-quality-ml/data/kaggle/alhamdan/Sugaey/Sugaey Date (4).JPG,Al-sagai,alhamdan,train,Sugaey Date (4),/Users/ayush/Downloads/date-fruit-quality-ml/data/processed/train/Al-sagai/alhamdan__Sugaey Date (4).jpg
/Users/ayush/Downloads/date-fruit-quality-ml/data/kaggle/alhamdan/Sugaey/Sugaey Date (40).JPG,Al-sagai,alhamdan,train,Sugaey Date (40),/Users/ayush/Downloads/date-fruit-quality-ml/data/processed/train/Al-sagai/alhamdan__Sugaey Date (40).jpg
/Users/ayush/Downloads/date-fruit-quality-ml/data/kaggle/alhamdan/Sugaey/Sugaey Date (41).JPG,Al-sagai,alhamdan,val,Sugaey Date (41),/Users/ayush/Downloads/date-fruit-quality-ml/data/processed/val/Al-sagai/alhamdan__Sugaey Date (41).jpg
/Users/ayush/Downloads/date-fruit-quality-ml/data/kaggle/alhamdan/Sugaey/Sugaey Date (42).JPG,Al-sagai,alhamdan,train,Sugaey Date (42),/Users/ayush/Downloads/date-fruit-quality-ml/data/processed/train/Al-sagai/alhamdan__Sugaey Date (42).jpg
/Users/ayush/Downloads/date-fruit-quality-ml/data/kaggle/alhamdan/Sugaey/Sugaey Date (43).JPG,Al-sagai,alhamdan,train,Sugaey Date (43),/Users/ayush/Downloads/date-fruit-quality-ml/data/processed/train/Al-sagai/alhamdan__Sugaey Date (43).jpg
/Users/ayush/Downloads/date-fruit-quality-ml/data/kaggle/alhamdan/Sugaey/Sugaey Date (44).JPG,Al-sagai,alhamdan,test,Sugaey Date (44),/Users/ayush/Downloads/date-fruit-quality-ml/data/processed/test/Al-sagai/alhamdan__Sugaey Date (44).jpg
/Users/ayush/Downloads/date-fruit-quality-ml/data/kaggle/alhamdan/Sugaey/Sugaey Date (45).JPG,Al-sagai,alhamdan,val,Sugaey Date (45),/Users/ayush/Downloads/date-fruit-quality-ml/data/processed/val/Al-sagai/alhamdan__Sugaey Date (45).jpg
/Users/ayush/Downloads/date-fruit-quality-ml/data/kaggle/alhamdan/Sugaey/Sugaey Date (46).JPG,Al-sagai,alhamdan,train,Sugaey Date (46),/Users/ayush/Downloads/date-fruit-quality-ml/data/processed/train/Al-sagai/alhamdan__Sugaey Date (46).jpg
/Users/ayush/Downloads/date-fruit-quality-ml/data/kaggle/alhamdan/Sugaey/Sugaey Date (47).JPG,Al-sagai,alhamdan,train,Sugaey Date (47),/Users/ayush/Downloads/date-fruit-quality-ml/data/processed/train/Al-sagai/alhamdan__Sugaey Date (47).jpg
/Users/ayush/Downloads/date-fruit-quality-ml/data/kaggle/alhamdan/Sugaey/Sugaey Date (48).JPG,Al-sagai,alhamdan,train,Sugaey Date (48),/Users/ayush/Downloads/date-fruit-quality-ml/data/processed/train/Al-sagai/alhamdan__Sugaey Date (48).jpg
/Users/ayush/Downloads/date-fruit-quality-ml/data/kaggle/alhamdan/Sugaey/Sugaey Date (49).JPG,Al-sagai,alhamdan,train,Sugaey Date (49),/Users/ayush/Downloads/date-fruit-quality-ml/data/processed/train/Al-sagai/alhamdan__Sugaey Date (49).jpg
/Users/ayush/Downloads/date-fruit-quality-ml/data/kaggle/alhamdan/Sugaey/Sugaey Date (5).JPG,Al-sagai,alhamdan,train,Sugaey Date (5),/Users/ayush/Downloads/date-fruit-quality-ml/data/processed/train/Al-sagai/alhamdan__Sugaey Date (5).jpg
/Users/ayush/Downloads/date-fruit-quality-ml/data/kaggle/alhamdan/Sugaey/Sugaey Date (50).JPG,Al-sagai,alhamdan,train,Sugaey Date (50),/Users/ayush/Downloads/date-fruit-quality-ml/data/processed/train/Al-sagai/alhamdan__Sugaey Date (50).jpg
/Users/ayush/Downloads/date-fruit-quality-ml/data/kaggle/alhamdan/Sugaey/Sugaey Date (51).JPG,Al-sagai,alhamdan,train,Sugaey Date (51),/Users/ayush/Downloads/date-fruit-quality-ml/data/processed/train/Al-sagai/alhamdan__Sugaey Date (51).jpg
/Users/ayush/Downloads/date-fruit-quality-ml/data/kaggle/alhamdan/Sugaey/Sugaey Date (52).JPG,Al-sagai,alhamdan,train,Sugaey Date (52),/Users/ayush/Downloads/date-fruit-quality-ml/data/processed/train/Al-sagai/alhamdan__Sugaey Date (52).jpg
/Users/ayush/Downloads/date-fruit-quality-ml/data/kaggle/alhamdan/Sugaey/Sugaey Date (53).JPG,Al-sagai,alhamdan,train,Sugaey Date (53),/Users/ayush/Downloads/date-fruit-quality-ml/data/processed/train/Al-sagai/alhamdan__Sugaey Date (53).jpg
/Users/ayush/Downloads/date-fruit-quality-ml/data/kaggle/alhamdan/Sugaey/Sugaey Date (54).JPG,Al-sagai,alhamdan,train,Sugaey Date (54),/Users/ayush/Downloads/date-fruit-quality-ml/data/processed/train/Al-sagai/alhamdan__Sugaey Date (54).jpg
/Users/ayush/Downloads/date-fruit-quality-ml/data/kaggle/alhamdan/Sugaey/Sugaey Date (55).JPG,Al-sagai,alhamdan,train,Sugaey Date (55),/Users/ayush/Downloads/date-fruit-quality-ml/data/processed/train/Al-sagai/alhamdan__Sugaey Date (55).jpg
/Users/ayush/Downloads/date-fruit-quality-ml/data/kaggle/alhamdan/Sugaey/Sugaey Date (56).JPG,Al-sagai,alhamdan,train,Sugaey Date (56),/Users/ayush/Downloads/date-fruit-quality-ml/data/processed/train/Al-sagai/alhamdan__Sugaey Date (56).jpg
/Users/ayush/Downloads/date-fruit-quality-ml/data/kaggle/alhamdan/Sugaey/Sugaey Date (57).JPG,Al-sagai,alhamdan,val,Sugaey Date (57),/Users/ayush/Downloads/date-fruit-quality-ml/data/processed/val/Al-sagai/alhamdan__Sugaey Date (57).jpg
/Users/ayush/Downloads/date-fruit-quality-ml/data/kaggle/alhamdan/Sugaey/Sugaey Date (58).JPG,Al-sagai,alhamdan,train,Sugaey Date (58),/Users/ayush/Downloads/date-fruit-quality-ml/data/processed/train/Al-sagai/alhamdan__Sugaey Date (58).jpg
/Users/ayush/Downloads/date-fruit-quality-ml/data/kaggle/alhamdan/Sugaey/Sugaey Date (59).JPG,Al-sagai,alhamdan,train,Sugaey Date (59),/Users/ayush/Downloads/date-fruit-quality-ml/data/processed/train/Al-sagai/alhamdan__Sugaey Date (59).jpg
/Users/ayush/Downloads/date-fruit-quality-ml/data/kaggle/alhamdan/Sugaey/Sugaey Date (6).JPG,Al-sagai,alhamdan,train,Sugaey Date (6),/Users/ayush/Downloads/date-fruit-quality-ml/data/processed/train/Al-sagai/alhamdan__Sugaey Date (6).jpg
/Users/ayush/Downloads/date-fruit-quality-ml/data/kaggle/alhamdan/Sugaey/Sugaey Date (60).JPG,Al-sagai,alhamdan,test,Sugaey Date (60),/Users/ayush/Downloads/date-fruit-quality-ml/data/processed/test/Al-sagai/alhamdan__Sugaey Date (60).jpg
/Users/ayush/Downloads/date-fruit-quality-ml/data/kaggle/alhamdan/Sugaey/Sugaey Date (61).JPG,Al-sagai,alhamdan,val,Sugaey Date (61),/Users/ayush/Downloads/date-fruit-quality-ml/data/processed/val/Al-sagai/alhamdan__Sugaey Date (61).jpg
/Users/ayush/Downloads/date-fruit-quality-ml/data/kaggle/alhamdan/Sugaey/Sugaey Date (62).JPG,Al-sagai,alhamdan,train,Sugaey Date (62),/Users/ayush/Downloads/date-fruit-quality-ml/data/processed/train/Al-sagai/alhamdan__Sugaey Date (62).jpg
/Users/ayush/Downloads/date-fruit-quality-ml/data/kaggle/alhamdan/Sugaey/Sugaey Date (63).JPG,Al-sagai,alhamdan,train,Sugaey Date (63),/Users/ayush/Downloads/date-fruit-quality-ml/data/processed/train/Al-sagai/alhamdan__Sugaey Date (63).jpg
/Users/ayush/Downloads/date-fruit-quality-ml/data/kaggle/alhamdan/Sugaey/Sugaey Date (64).JPG,Al-sagai,alhamdan,train,Sugaey Date (64),/Users/ayush/Downloads/date-fruit-quality-ml/data/processed/train/Al-sagai/alhamdan__Sugaey Date (64).jpg
/Users/ayush/Downloads/date-fruit-quality-ml/data/kaggle/alhamdan/Sugaey/Sugaey Date (65).JPG,Al-sagai,alhamdan,test,Sugaey Date (65),/Users/ayush/Downloads/date-fruit-quality-ml/data/processed/test/Al-sagai/alhamdan__Sugaey Date (65).jpg
/Users/ayush/Downloads/date-fruit-quality-ml/data/kaggle/alhamdan/Sugaey/Sugaey Date (66).JPG,Al-sagai,alhamdan,test,Sugaey Date (66),/Users/ayush/Downloads/date-fruit-quality-ml/data/processed/test/Al-sagai/alhamdan__Sugaey Date (66).jpg
/Users/ayush/Downloads/date-fruit-quality-ml/data/kaggle/alhamdan/Sugaey/Sugaey Date (67).JPG,Al-sagai,alhamdan,val,Sugaey Date (67),/Users/ayush/Downloads/date-fruit-quality-ml/data/processed/val/Al-sagai/alhamdan__Sugaey Date (67).jpg
/Users/ayush/Downloads/date-fruit-quality-ml/data/kaggle/alhamdan/Sugaey/Sugaey Date (68).JPG,Al-sagai,alhamdan,train,Sugaey Date (68),/Users/ayush/Downloads/date-fruit-quality-ml/data/processed/train/Al-sagai/alhamdan__Sugaey Date (68).jpg
/Users/ayush/Downloads/date-fruit-quality-ml/data/kaggle/alhamdan/Sugaey/Sugaey Date (69).JPG,Al-sagai,alhamdan,train,Sugaey Date (69),/Users/ayush/Downloads/date-fruit-quality-ml/data/processed/train/Al-sagai/alhamdan__Sugaey Date (69).jpg
/Users/ayush/Downloads/date-fruit-quality-ml/data/kaggle/alhamdan/Sugaey/Sugaey Date (7).JPG,Al-sagai,alhamdan,test,Sugaey Date (7),/Users/ayush/Downloads/date-fruit-quality-ml/data/processed/test/Al-sagai/alhamdan__Sugaey Date (7).jpg
/Users/ayush/Downloads/date-fruit-quality-ml/data/kaggle/alhamdan/Sugaey/Sugaey Date (70).JPG,Al-sagai,alhamdan,test,Sugaey Date (70),/Users/ayush/Downloads/date-fruit-quality-ml/data/processed/test/Al-sagai/alhamdan__Sugaey Date (70).jpg
/Users/ayush/Downloads/date-fruit-quality-ml/data/kaggle/alhamdan/Sugaey/Sugaey Date (71).JPG,Al-sagai,alhamdan,train,Sugaey Date (71),/Users/ayush/Downloads/date-fruit-quality-ml/data/processed/train/Al-sagai/alhamdan__Sugaey Date (71).jpg
/Users/ayush/Downloads/date-fruit-quality-ml/data/kaggle/alhamdan/Sugaey/Sugaey Date (72).JPG,Al-sagai,alhamdan,train,Sugaey Date (72),/Users/ayush/Downloads/date-fruit-quality-ml/data/processed/train/Al-sagai/alhamdan__Sugaey Date (72).jpg
/Users/ayush/Downloads/date-fruit-quality-ml/data/kaggle/alhamdan/Sugaey/Sugaey Date (73).JPG,Al-sagai,alhamdan,test,Sugaey Date (73),/Users/ayush/Downloads/date-fruit-quality-ml/data/processed/test/Al-sagai/alhamdan__Sugaey Date (73).jpg
/Users/ayush/Downloads/date-fruit-quality-ml/data/kaggle/alhamdan/Sugaey/Sugaey Date (74).JPG,Al-sagai,alhamdan,val,Sugaey Date (74),/Users/ayush/Downloads/date-fruit-quality-ml/data/processed/val/Al-sagai/alhamdan__Sugaey Date (74).jpg
/Users/ayush/Downloads/date-fruit-quality-ml/data/kaggle/alhamdan/Sugaey/Sugaey Date (75).JPG,Al-sagai,alhamdan,val,Sugaey Date (75),/Users/ayush/Downloads/date-fruit-quality-ml/data/processed/val/Al-sagai/alhamdan__Sugaey Date (75).jpg
/Users/ayush/Downloads/date-fruit-quality-ml/data/kaggle/alhamdan/Sugaey/Sugaey Date (76).JPG,Al-sagai,alhamdan,train,Sugaey Date (76),/Users/ayush/Downloads/date-fruit-quality-ml/data/processed/train/Al-sagai/alhamdan__Sugaey Date (76).jpg
/Users/ayush/Downloads/date-fruit-quality-ml/data/kaggle/alhamdan/Sugaey/Sugaey Date (77).JPG,Al-sagai,alhamdan,test,Sugaey Date (77),/Users/ayush/Downloads/date-fruit-quality-ml/data/processed/test/Al-sagai/alhamdan__Sugaey Date (77).jpg
/Users/ayush/Downloads/date-fruit-quality-ml/data/kaggle/alhamdan/Sugaey/Sugaey Date (78).JPG,Al-sagai,alhamdan,val,Sugaey Date (78),/Users/ayush/Downloads/date-fruit-quality-ml/data/processed/val/Al-sagai/alhamdan__Sugaey Date (78).jpg
/Users/ayush/Downloads/date-fruit-quality-ml/data/kaggle/alhamdan/Sugaey/Sugaey Date (79).JPG,Al-sagai,alhamdan,val,Sugaey Date (79),/Users/ayush/Downloads/date-fruit-quality-ml/data/processed/val/Al-sagai/alhamdan__Sugaey Date (79).jpg
/Users/ayush/Downloads/date-fruit-quality-ml/data/kaggle/alhamdan/Sugaey/Sugaey Date (8).JPG,Al-sagai,alhamdan,train,Sugaey Date (8),/Users/ayush/Downloads/date-fruit-quality-ml/data/processed/train/Al-sagai/alhamdan__Sugaey Date (8).jpg
/Users/ayush/Downloads/date-fruit-quality-ml/data/kaggle/alhamdan/Sugaey/Sugaey Date (80).JPG,Al-sagai,alhamdan,train,Sugaey Date (80),/Users/ayush/Downloads/date-fruit-quality-ml/data/processed/train/Al-sagai/alhamdan__Sugaey Date (80).jpg
/Users/ayush/Downloads/date-fruit-quality-ml/data/kaggle/alhamdan/Sugaey/Sugaey Date (81).JPG,Al-sagai,alhamdan,train,Sugaey Date (81),/Users/ayush/Downloads/date-fruit-quality-ml/data/processed/train/Al-sagai/alhamdan__Sugaey Date (81).jpg
/Users/ayush/Downloads/date-fruit-quality-ml/data/kaggle/alhamdan/Sugaey/Sugaey Date (82).JPG,Al-sagai,alhamdan,train,Sugaey Date (82),/Users/ayush/Downloads/date-fruit-quality-ml/data/processed/train/Al-sagai/alhamdan__Sugaey Date (82).jpg
/Users/ayush/Downloads/date-fruit-quality-ml/data/kaggle/alhamdan/Sugaey/Sugaey Date (83).JPG,Al-sagai,alhamdan,train,Sugaey Date (83),/Users/ayush/Downloads/date-fruit-quality-ml/data/processed/train/Al-sagai/alhamdan__Sugaey Date (83).jpg
/Users/ayush/Downloads/date-fruit-quality-ml/data/kaggle/alhamdan/Sugaey/Sugaey Date (84).JPG,Al-sagai,alhamdan,val,Sugaey Date (84),/Users/ayush/Downloads/date-fruit-quality-ml/data/processed/val/Al-sagai/alhamdan__Sugaey Date (84).jpg
/Users/ayush/Downloads/date-fruit-quality-ml/data/kaggle/alhamdan/Sugaey/Sugaey Date (85).JPG,Al-sagai,alhamdan,train,Sugaey Date (85),/Users/ayush/Downloads/date-fruit-quality-ml/data/processed/train/Al-sagai/alhamdan__Sugaey Date (85).jpg
/Users/ayush/Downloads/date-fruit-quality-ml/data/kaggle/alhamdan/Sugaey/Sugaey Date (86).JPG,Al-sagai,alhamdan,train,Sugaey Date (86),/Users/ayush/Downloads/date-fruit-quality-ml/data/processed/train/Al-sagai/alhamdan__Sugaey Date (86).jpg
/Users/ayush/Downloads/date-fruit-quality-ml/data/kaggle/alhamdan/Sugaey/Sugaey Date (87).JPG,Al-sagai,alhamdan,train,Sugaey Date (87),/Users/ayush/Downloads/date-fruit-quality-ml/data/processed/train/Al-sagai/alhamdan__Sugaey Date (87).jpg
/Users/ayush/Downloads/date-fruit-quality-ml/data/kaggle/alhamdan/Sugaey/Sugaey Date (88).JPG,Al-sagai,alhamdan,train,Sugaey Date (88),/Users/ayush/Downloads/date-fruit-quality-ml/data/processed/train/Al-sagai/alhamdan__Sugaey Date (88).jpg
/Users/ayush/Downloads/date-fruit-quality-ml/data/kaggle/alhamdan/Sugaey/Sugaey Date (89).JPG,Al-sagai,alhamdan,train,Sugaey Date (89),/Users/ayush/Downloads/date-fruit-quality-ml/data/processed/train/Al-sagai/alhamdan__Sugaey Date (89).jpg
/Users/ayush/Downloads/date-fruit-quality-ml/data/kaggle/alhamdan/Sugaey/Sugaey Date (9).JPG,Al-sagai,alhamdan,train,Sugaey Date (9),/Users/ayush/Downloads/date-fruit-quality-ml/data/processed/train/Al-sagai/alhamdan__Sugaey Date (9).jpg
/Users/ayush/Downloads/date-fruit-quality-ml/data/kaggle/alhamdan/Sugaey/Sugaey Date (90).JPG,Al-sagai,alhamdan,train,Sugaey Date (90),/Users/ayush/Downloads/date-fruit-quality-ml/data/processed/train/Al-sagai/alhamdan__Sugaey Date (90).jpg
/Users/ayush/Downloads/date-fruit-quality-ml/data/kaggle/alhamdan/Sugaey/Sugaey Date (91).JPG,Al-sagai,alhamdan,train,Sugaey Date (91),/Users/ayush/Downloads/date-fruit-quality-ml/data/processed/train/Al-sagai/alhamdan__Sugaey Date (91).jpg
/Users/ayush/Downloads/date-fruit-quality-ml/data/kaggle/alhamdan/Sugaey/Sugaey Date (92).JPG,Al-sagai,alhamdan,train,Sugaey Date (92),/Users/ayush/Downloads/date-fruit-quality-ml/data/processed/train/Al-sagai/alhamdan__Sugaey Date (92).jpg
/Users/ayush/Downloads/date-fruit-quality-ml/data/kaggle/alhamdan/Sugaey/Sugaey Date (93).JPG,Al-sagai,alhamdan,val,Sugaey Date (93),/Users/ayush/Downloads/date-fruit-quality-ml/data/processed/val/Al-sagai/alhamdan__Sugaey Date (93).jpg
/Users/ayush/Downloads/date-fruit-quality-ml/data/kaggle/alhamdan/Sugaey/Sugaey Date (94).JPG,Al-sagai,alhamdan,train,Sugaey Date (94),/Users/ayush/Downloads/date-fruit-quality-ml/data/processed/train/Al-sagai/alhamdan__Sugaey Date (94).jpg
/Users/ayush/Downloads/date-fruit-quality-ml/data/kaggle/alhamdan/Sugaey/Sugaey Date (95).JPG,Al-sagai,alhamdan,train,Sugaey Date (95),/Users/ayush/Downloads/date-fruit-quality-ml/data/processed/train/Al-sagai/alhamdan__Sugaey Date (95).jpg
/Users/ayush/Downloads/date-fruit-quality-ml/data/kaggle/alhamdan/Sugaey/Sugaey Date (96).JPG,Al-sagai,alhamdan,val,Sugaey Date (96),/Users/ayush/Downloads/date-fruit-quality-ml/data/processed/val/Al-sagai/alhamdan__Sugaey Date (96).jpg
/Users/ayush/Downloads/date-fruit-quality-ml/data/kaggle/alhamdan/Sugaey/Sugaey Date (97).JPG,Al-sagai,alhamdan,val,Sugaey Date (97),/Users/ayush/Downloads/date-fruit-quality-ml/data/processed/val/Al-sagai/alhamdan__Sugaey Date (97).jpg
/Users/ayush/Downloads/date-fruit-quality-ml/data/kaggle/alhamdan/Sugaey/Sugaey Date (98).JPG,Al-sagai,alhamdan,train,Sugaey Date (98),/Users/ayush/Downloads/date-fruit-quality-ml/data/processed/train/Al-sagai/alhamdan__Sugaey Date (98).jpg
/Users/ayush/Downloads/date-fruit-quality-ml/data/kaggle/alhamdan/Sugaey/Sugaey Date (99).JPG,Al-sagai,alhamdan,train,Sugaey Date (99),/Users/ayush/Downloads/date-fruit-quality-ml/data/processed/train/Al-sagai/alhamdan__Sugaey Date (99).jpg
/Users/ayush/Downloads/date-fruit-quality-ml/data/kaggle/alhamdan/Nabtat Ali/Nabtat Ali Date (1).JPG,NbotAli,alhamdan,train,Nabtat Ali Date (1),/Users/ayush/Downloads/date-fruit-quality-ml/data/processed/train/NbotAli/alhamdan__Nabtat Ali Date (1).jpg
/Users/ayush/Downloads/date-fruit-quality-ml/data/kaggle/alhamdan/Nabtat Ali/Nabtat Ali Date (10).JPG,NbotAli,alhamdan,train,Nabtat Ali Date (10),/Users/ayush/Downloads/date-fruit-quality-ml/data/processed/train/NbotAli/alhamdan__Nabtat Ali Date (10).jpg
/Users/ayush/Downloads/date-fruit-quality-ml/data/kaggle/alhamdan/Nabtat Ali/Nabtat Ali Date (100).JPG,NbotAli,alhamdan,test,Nabtat Ali Date (100),/Users/ayush/Downloads/date-fruit-quality-ml/data/processed/test/NbotAli/alhamdan__Nabtat Ali Date (100).jpg
/Users/ayush/Downloads/date-fruit-quality-ml/data/kaggle/alhamdan/Nabtat Ali/Nabtat Ali Date (101).JPG,NbotAli,alhamdan,train,Nabtat Ali Date (101),/Users/ayush/Downloads/date-fruit-quality-ml/data/processed/train/NbotAli/alhamdan__Nabtat Ali Date (101).jpg
/Users/ayush/Downloads/date-fruit-quality-ml/data/kaggle/alhamdan/Nabtat Ali/Nabtat Ali Date (102).JPG,NbotAli,alhamdan,test,Nabtat Ali Date (102),/Users/ayush/Downloads/date-fruit-quality-ml/data/processed/test/NbotAli/alhamdan__Nabtat Ali Date (102).jpg
/Users/ayush/Downloads/date-fruit-quality-ml/data/kaggle/alhamdan/Nabtat Ali/Nabtat Ali Date (103).JPG,NbotAli,alhamdan,train,Nabtat Ali Date (103),/Users/ayush/Downloads/date-fruit-quality-ml/data/processed/train/NbotAli/alhamdan__Nabtat Ali Date (103).jpg
/Users/ayush/Downloads/date-fruit-quality-ml/data/kaggle/alhamdan/Nabtat Ali/Nabtat Ali Date (104).JPG,NbotAli,alhamdan,train,Nabtat Ali Date (104),/Users/ayush/Downloads/date-fruit-quality-ml/data/processed/train/NbotAli/alhamdan__Nabtat Ali Date (104).jpg
/Users/ayush/Downloads/date-fruit-quality-ml/data/kaggle/alhamdan/Nabtat Ali/Nabtat Ali Date (105).JPG,NbotAli,alhamdan,train,Nabtat Ali Date (105),/Users/ayush/Downloads/date-fruit-quality-ml/data/processed/train/NbotAli/alhamdan__Nabtat Ali Date (105).jpg
/Users/ayush/Downloads/date-fruit-quality-ml/data/kaggle/alhamdan/Nabtat Ali/Nabtat Ali Date (106).JPG,NbotAli,alhamdan,test,Nabtat Ali Date (106),/Users/ayush/Downloads/date-fruit-quality-ml/data/processed/test/NbotAli/alhamdan__Nabtat Ali Date (106).jpg
/Users/ayush/Downloads/date-fruit-quality-ml/data/kaggle/alhamdan/Nabtat Ali/Nabtat Ali Date (107).JPG,NbotAli,alhamdan,train,Nabtat Ali Date (107),/Users/ayush/Downloads/date-fruit-quality-ml/data/processed/train/NbotAli/alhamdan__Nabtat Ali Date (107).jpg
/Users/ayush/Downloads/date-fruit-quality-ml/data/kaggle/alhamdan/Nabtat Ali/Nabtat Ali Date (108).JPG,NbotAli,alhamdan,test,Nabtat Ali Date (108),/Users/ayush/Downloads/date-fruit-quality-ml/data/processed/test/NbotAli/alhamdan__Nabtat Ali Date (108).jpg
/Users/ayush/Downloads/date-fruit-quality-ml/data/kaggle/alhamdan/Nabtat Ali/Nabtat Ali Date (109).JPG,NbotAli,alhamdan,train,Nabtat Ali Date (109),/Users/ayush/Downloads/date-fruit-quality-ml/data/processed/train/NbotAli/alhamdan__Nabtat Ali Date (109).jpg
/Users/ayush/Downloads/date-fruit-quality-ml/data/kaggle/alhamdan/Nabtat Ali/Nabtat Ali Date (11).JPG,NbotAli,alhamdan,test,Nabtat Ali Date (11),/Users/ayush/Downloads/date-fruit-quality-ml/data/processed/test/NbotAli/alhamdan__Nabtat Ali Date (11).jpg
/Users/ayush/Downloads/date-fruit-quality-ml/data/kaggle/alhamdan/Nabtat Ali/Nabtat Ali Date (110).JPG,NbotAli,alhamdan,train,Nabtat Ali Date (110),/Users/ayush/Downloads/date-fruit-quality-ml/data/processed/train/NbotAli/alhamdan__Nabtat Ali Date (110).jpg
/Users/ayush/Downloads/date-fruit-quality-ml/data/kaggle/alhamdan/Nabtat Ali/Nabtat Ali Date (111).JPG,NbotAli,alhamdan,train,Nabtat Ali Date (111),/Users/ayush/Downloads/date-fruit-quality-ml/data/processed/train/NbotAli/alhamdan__Nabtat Ali Date (111).jpg
/Users/ayush/Downloads/date-fruit-quality-ml/data/kaggle/alhamdan/Nabtat Ali/Nabtat Ali Date (112).JPG,NbotAli,alhamdan,train,Nabtat Ali Date (112),/Users/ayush/Downloads/date-fruit-quality-ml/data/processed/train/NbotAli/alhamdan__Nabtat Ali Date (112).jpg
/Users/ayush/Downloads/date-fruit-quality-ml/data/kaggle/alhamdan/Nabtat Ali/Nabtat Ali Date (113).JPG,NbotAli,alhamdan,train,Nabtat Ali Date (113),/Users/ayush/Downloads/date-fruit-quality-ml/data/processed/train/NbotAli/alhamdan__Nabtat Ali Date (113).jpg
/Users/ayush/Downloads/date-fruit-quality-ml/data/kaggle/alhamdan/Nabtat Ali/Nabtat Ali Date (114).JPG,NbotAli,alhamdan,train,Nabtat Ali Date (114),/Users/ayush/Downloads/date-fruit-quality-ml/data/processed/train/NbotAli/alhamdan__Nabtat Ali Date (114).jpg
/Users/ayush/Downloads/date-fruit-quality-ml/data/kaggle/alhamdan/Nabtat Ali/Nabtat Ali Date (115).JPG,NbotAli,alhamdan,train,Nabtat Ali Date (115),/Users/ayush/Downloads/date-fruit-quality-ml/data/processed/train/NbotAli/alhamdan__Nabtat Ali Date (115).jpg
/Users/ayush/Downloads/date-fruit-quality-ml/data/kaggle/alhamdan/Nabtat Ali/Nabtat Ali Date (116).JPG,NbotAli,alhamdan,test,Nabtat Ali Date (116),/Users/ayush/Downloads/date-fruit-quality-ml/data/processed/test/NbotAli/alhamdan__Nabtat Ali Date (116).jpg
/Users/ayush/Downloads/date-fruit-quality-ml/data/kaggle/alhamdan/Nabtat Ali/Nabtat Ali Date (117).JPG,NbotAli,alhamdan,train,Nabtat Ali Date (117),/Users/ayush/Downloads/date-fruit-quality-ml/data/processed/train/NbotAli/alhamdan__Nabtat Ali Date (117).jpg
/Users/ayush/Downloads/date-fruit-quality-ml/data/kaggle/alhamdan/Nabtat Ali/Nabtat Ali Date (118).JPG,NbotAli,alhamdan,train,Nabtat Ali Date (118),/Users/ayush/Downloads/date-fruit-quality-ml/data/processed/train/NbotAli/alhamdan__Nabtat Ali Date (118).jpg
/Users/ayush/Downloads/date-fruit-quality-ml/data/kaggle/alhamdan/Nabtat Ali/Nabtat Ali Date (119).JPG,NbotAli,alhamdan,train,Nabtat Ali Date (119),/Users/ayush/Downloads/date-fruit-quality-ml/data/processed/train/NbotAli/alhamdan__Nabtat Ali Date (119).jpg
/Users/ayush/Downloads/date-fruit-quality-ml/data/kaggle/alhamdan/Nabtat Ali/Nabtat Ali Date (12).JPG,NbotAli,alhamdan,train,Nabtat Ali Date (12),/Users/ayush/Downloads/date-fruit-quality-ml/data/processed/train/NbotAli/alhamdan__Nabtat Ali Date (12).jpg
/Users/ayush/Downloads/date-fruit-quality-ml/data/kaggle/alhamdan/Nabtat Ali/Nabtat Ali Date (120).JPG,NbotAli,alhamdan,val,Nabtat Ali Date (120),/Users/ayush/Downloads/date-fruit-quality-ml/data/processed/val/NbotAli/alhamdan__Nabtat Ali Date (120).jpg
/Users/ayush/Downloads/date-fruit-quality-ml/data/kaggle/alhamdan/Nabtat Ali/Nabtat Ali Date (121).JPG,NbotAli,alhamdan,train,Nabtat Ali Date (121),/Users/ayush/Downloads/date-fruit-quality-ml/data/processed/train/NbotAli/alhamdan__Nabtat Ali Date (121).jpg
/Users/ayush/Downloads/date-fruit-quality-ml/data/kaggle/alhamdan/Nabtat Ali/Nabtat Ali Date (122).JPG,NbotAli,alhamdan,train,Nabtat Ali Date (122),/Users/ayush/Downloads/date-fruit-quality-ml/data/processed/train/NbotAli/alhamdan__Nabtat Ali Date (122).jpg
/Users/ayush/Downloads/date-fruit-quality-ml/data/kaggle/alhamdan/Nabtat Ali/Nabtat Ali Date (123).JPG,NbotAli,alhamdan,test,Nabtat Ali Date (123),/Users/ayush/Downloads/date-fruit-quality-ml/data/processed/test/NbotAli/alhamdan__Nabtat Ali Date (123).jpg
/Users/ayush/Downloads/date-fruit-quality-ml/data/kaggle/alhamdan/Nabtat Ali/Nabtat Ali Date (124).JPG,NbotAli,alhamdan,val,Nabtat Ali Date (124),/Users/ayush/Downloads/date-fruit-quality-ml/data/processed/val/NbotAli/alhamdan__Nabtat Ali Date (124).jpg
/Users/ayush/Downloads/date-fruit-quality-ml/data/kaggle/alhamdan/Nabtat Ali/Nabtat Ali Date (125).JPG,NbotAli,alhamdan,train,Nabtat Ali Date (125),/Users/ayush/Downloads/date-fruit-quality-ml/data/processed/train/NbotAli/alhamdan__Nabtat Ali Date (125).jpg
/Users/ayush/Downloads/date-fruit-quality-ml/data/kaggle/alhamdan/Nabtat Ali/Nabtat Ali Date (126).JPG,NbotAli,alhamdan,train,Nabtat Ali Date (126),/Users/ayush/Downloads/date-fruit-quality-ml/data/processed/train/NbotAli/alhamdan__Nabtat Ali Date (126).jpg
/Users/ayush/Downloads/date-fruit-quality-ml/data/kaggle/alhamdan/Nabtat Ali/Nabtat Ali Date (127).JPG,NbotAli,alhamdan,train,Nabtat Ali Date (127),/Users/ayush/Downloads/date-fruit-quality-ml/data/processed/train/NbotAli/alhamdan__Nabtat Ali Date (127).jpg
/Users/ayush/Downloads/date-fruit-quality-ml/data/kaggle/alhamdan/Nabtat Ali/Nabtat Ali Date (128).JPG,NbotAli,alhamdan,train,Nabtat Ali Date (128),/Users/ayush/Downloads/date-fruit-quality-ml/data/processed/train/NbotAli/alhamdan__Nabtat Ali Date (128).jpg
/Users/ayush/Downloads/date-fruit-quality-ml/data/kaggle/alhamdan/Nabtat Ali/Nabtat Ali Date (129).JPG,NbotAli,alhamdan,train,Nabtat Ali Date (129),/Users/ayush/Downloads/date-fruit-quality-ml/data/processed/train/NbotAli/alhamdan__Nabtat Ali Date (129).jpg
/Users/ayush/Downloads/date-fruit-quality-ml/data/kaggle/alhamdan/Nabtat Ali/Nabtat Ali Date (13).JPG,NbotAli,alhamdan,train,Nabtat Ali Date (13),/Users/ayush/Downloads/date-fruit-quality-ml/data/processed/train/NbotAli/alhamdan__Nabtat Ali Date (13).jpg
/Users/ayush/Downloads/date-fruit-quality-ml/data/kaggle/alhamdan/Nabtat Ali/Nabtat Ali Date (130).JPG,NbotAli,alhamdan,train,Nabtat Ali Date (130),/Users/ayush/Downloads/date-fruit-quality-ml/data/processed/train/NbotAli/alhamdan__Nabtat Ali Date (130).jpg
/Users/ayush/Downloads/date-fruit-quality-ml/data/kaggle/alhamdan/Nabtat Ali/Nabtat Ali Date (131).JPG,NbotAli,alhamdan,val,Nabtat Ali Date (131),/Users/ayush/Downloads/date-fruit-quality-ml/data/processed/val/NbotAli/alhamdan__Nabtat Ali Date (131).jpg
/Users/ayush/Downloads/date-fruit-quality-ml/data/kaggle/alhamdan/Nabtat Ali/Nabtat Ali Date (132).JPG,NbotAli,alhamdan,val,Nabtat Ali Date (132),/Users/ayush/Downloads/date-fruit-quality-ml/data/processed/val/NbotAli/alhamdan__Nabtat Ali Date (132).jpg
/Users/ayush/Downloads/date-fruit-quality-ml/data/kaggle/alhamdan/Nabtat Ali/Nabtat Ali Date (133).JPG,NbotAli,alhamdan,train,Nabtat Ali Date (133),/Users/ayush/Downloads/date-fruit-quality-ml/data/processed/train/NbotAli/alhamdan__Nabtat Ali Date (133).jpg
/Users/ayush/Downloads/date-fruit-quality-ml/data/kaggle/alhamdan/Nabtat Ali/Nabtat Ali Date (134).JPG,NbotAli,alhamdan,test,Nabtat Ali Date (134),/Users/ayush/Downloads/date-fruit-quality-ml/data/processed/test/NbotAli/alhamdan__Nabtat Ali Date (134).jpg
/Users/ayush/Downloads/date-fruit-quality-ml/data/kaggle/alhamdan/Nabtat Ali/Nabtat Ali Date (135).JPG,NbotAli,alhamdan,train,Nabtat Ali Date (135),/Users/ayush/Downloads/date-fruit-quality-ml/data/processed/train/NbotAli/alhamdan__Nabtat Ali Date (135).jpg
/Users/ayush/Downloads/date-fruit-quality-ml/data/kaggle/alhamdan/Nabtat Ali/Nabtat Ali Date (136).JPG,NbotAli,alhamdan,train,Nabtat Ali Date (136),/Users/ayush/Downloads/date-fruit-quality-ml/data/processed/train/NbotAli/alhamdan__Nabtat Ali Date (136).jpg
/Users/ayush/Downloads/date-fruit-quality-ml/data/kaggle/alhamdan/Nabtat Ali/Nabtat Ali Date (137).JPG,NbotAli,alhamdan,train,Nabtat Ali Date (137),/Users/ayush/Downloads/date-fruit-quality-ml/data/processed/train/NbotAli/alhamdan__Nabtat Ali Date (137).jpg
/Users/ayush/Downloads/date-fruit-quality-ml/data/kaggle/alhamdan/Nabtat Ali/Nabtat Ali Date (138).JPG,NbotAli,alhamdan,train,Nabtat Ali Date (138),/Users/ayush/Downloads/date-fruit-quality-ml/data/processed/train/NbotAli/alhamdan__Nabtat Ali Date (138).jpg
/Users/ayush/Downloads/date-fruit-quality-ml/data/kaggle/alhamdan/Nabtat Ali/Nabtat Ali Date (139).JPG,NbotAli,alhamdan,val,Nabtat Ali Date (139),/Users/ayush/Downloads/date-fruit-quality-ml/data/processed/val/NbotAli/alhamdan__Nabtat Ali Date (139).jpg
/Users/ayush/Downloads/date-fruit-quality-ml/data/kaggle/alhamdan/Nabtat Ali/Nabtat Ali Date (14).JPG,NbotAli,alhamdan,train,Nabtat Ali Date (14),/Users/ayush/Downloads/date-fruit-quality-ml/data/processed/train/NbotAli/alhamdan__Nabtat Ali Date (14).jpg
/Users/ayush/Downloads/date-fruit-quality-ml/data/kaggle/alhamdan/Nabtat Ali/Nabtat Ali Date (140).JPG,NbotAli,alhamdan,val,Nabtat Ali Date (140),/Users/ayush/Downloads/date-fruit-quality-ml/data/processed/val/NbotAli/alhamdan__Nabtat Ali Date (140).jpg
/Users/ayush/Downloads/date-fruit-quality-ml/data/kaggle/alhamdan/Nabtat Ali/Nabtat Ali Date (141).JPG,NbotAli,alhamdan,train,Nabtat Ali Date (141),/Users/ayush/Downloads/date-fruit-quality-ml/data/processed/train/NbotAli/alhamdan__Nabtat Ali Date (141).jpg
/Users/ayush/Downloads/date-fruit-quality-ml/data/kaggle/alhamdan/Nabtat Ali/Nabtat Ali Date (142).JPG,NbotAli,alhamdan,train,Nabtat Ali Date (142),/Users/ayush/Downloads/date-fruit-quality-ml/data/processed/train/NbotAli/alhamdan__Nabtat Ali Date (142).jpg
/Users/ayush/Downloads/date-fruit-quality-ml/data/kaggle/alhamdan/Nabtat Ali/Nabtat Ali Date (143).JPG,NbotAli,alhamdan,train,Nabtat Ali Date (143),/Users/ayush/Downloads/date-fruit-quality-ml/data/processed/train/NbotAli/alhamdan__Nabtat Ali Date (143).jpg
/Users/ayush/Downloads/date-fruit-quality-ml/data/kaggle/alhamdan/Nabtat Ali/Nabtat Ali Date (144).JPG,NbotAli,alhamdan,train,Nabtat Ali Date (144),/Users/ayush/Downloads/date-fruit-quality-ml/data/processed/train/NbotAli/alhamdan__Nabtat Ali Date (144).jpg
/Users/ayush/Downloads/date-fruit-quality-ml/data/kaggle/alhamdan/Nabtat Ali/Nabtat Ali Date (145).JPG,NbotAli,alhamdan,train,Nabtat Ali Date (145),/Users/ayush/Downloads/date-fruit-quality-ml/data/processed/train/NbotAli/alhamdan__Nabtat Ali Date (145).jpg
/Users/ayush/Downloads/date-fruit-quality-ml/data/kaggle/alhamdan/Nabtat Ali/Nabtat Ali Date (146).JPG,NbotAli,alhamdan,train,Nabtat Ali Date (146),/Users/ayush/Downloads/date-fruit-quality-ml/data/processed/train/NbotAli/alhamdan__Nabtat Ali Date (146).jpg
/Users/ayush/Downloads/date-fruit-quality-ml/data/kaggle/alhamdan/Nabtat Ali/Nabtat Ali Date (147).JPG,NbotAli,alhamdan,test,Nabtat Ali Date (147),/Users/ayush/Downloads/date-fruit-quality-ml/data/processed/test/NbotAli/alhamdan__Nabtat Ali Date (147).jpg
/Users/ayush/Downloads/date-fruit-quality-ml/data/kaggle/alhamdan/Nabtat Ali/Nabtat Ali Date (148).JPG,NbotAli,alhamdan,train,Nabtat Ali Date (148),/Users/ayush/Downloads/date-fruit-quality-ml/data/processed/train/NbotAli/alhamdan__Nabtat Ali Date (148).jpg
/Users/ayush/Downloads/date-fruit-quality-ml/data/kaggle/alhamdan/Nabtat Ali/Nabtat Ali Date (149).JPG,NbotAli,alhamdan,train,Nabtat Ali Date (149),/Users/ayush/Downloads/date-fruit-quality-ml/data/processed/train/NbotAli/alhamdan__Nabtat Ali Date (149).jpg
/Users/ayush/Downloads/date-fruit-quality-ml/data/kaggle/alhamdan/Nabtat Ali/Nabtat Ali Date (15).JPG,NbotAli,alhamdan,train,Nabtat Ali Date (15),/Users/ayush/Downloads/date-fruit-quality-ml/data/processed/train/NbotAli/alhamdan__Nabtat Ali Date (15).jpg
/Users/ayush/Downloads/date-fruit-quality-ml/data/kaggle/alhamdan/Nabtat Ali/Nabtat Ali Date (150).JPG,NbotAli,alhamdan,val,Nabtat Ali Date (150),/Users/ayush/Downloads/date-fruit-quality-ml/data/processed/val/NbotAli/alhamdan__Nabtat Ali Date (150).jpg
/Users/ayush/Downloads/date-fruit-quality-ml/data/kaggle/alhamdan/Nabtat Ali/Nabtat Ali Date (151).JPG,NbotAli,alhamdan,train,Nabtat Ali Date (151),/Users/ayush/Downloads/date-fruit-quality-ml/data/processed/train/NbotAli/alhamdan__Nabtat Ali Date (151).jpg
/Users/ayush/Downloads/date-fruit-quality-ml/data/kaggle/alhamdan/Nabtat Ali/Nabtat Ali Date (152).JPG,NbotAli,alhamdan,val,Nabtat Ali Date (152),/Users/ayush/Downloads/date-fruit-quality-ml/data/processed/val/NbotAli/alhamdan__Nabtat Ali Date (152).jpg
/Users/ayush/Downloads/date-fruit-quality-ml/data/kaggle/alhamdan/Nabtat Ali/Nabtat Ali Date (153).JPG,NbotAli,alhamdan,test,Nabtat Ali Date (153),/Users/ayush/Downloads/date-fruit-quality-ml/data/processed/test/NbotAli/alhamdan__Nabtat Ali Date (153).jpg
/Users/ayush/Downloads/date-fruit-quality-ml/data/kaggle/alhamdan/Nabtat Ali/Nabtat Ali Date (154).JPG,NbotAli,alhamdan,val,Nabtat Ali Date (154),/Users/ayush/Downloads/date-fruit-quality-ml/data/processed/val/NbotAli/alhamdan__Nabtat Ali Date (154).jpg
/Users/ayush/Downloads/date-fruit-quality-ml/data/kaggle/alhamdan/Nabtat Ali/Nabtat Ali Date (155).JPG,NbotAli,alhamdan,train,Nabtat Ali Date (155),/Users/ayush/Downloads/date-fruit-quality-ml/data/processed/train/NbotAli/alhamdan__Nabtat Ali Date (155).jpg
/Users/ayush/Downloads/date-fruit-quality-ml/data/kaggle/alhamdan/Nabtat Ali/Nabtat Ali Date (156).JPG,NbotAli,alhamdan,train,Nabtat Ali Date (156),/Users/ayush/Downloads/date-fruit-quality-ml/data/processed/train/NbotAli/alhamdan__Nabtat Ali Date (156).jpg
/Users/ayush/Downloads/date-fruit-quality-ml/data/kaggle/alhamdan/Nabtat Ali/Nabtat Ali Date (157).JPG,NbotAli,alhamdan,train,Nabtat Ali Date (157),/Users/ayush/Downloads/date-fruit-quality-ml/data/processed/train/NbotAli/alhamdan__Nabtat Ali Date (157).jpg
/Users/ayush/Downloads/date-fruit-quality-ml/data/kaggle/alhamdan/Nabtat Ali/Nabtat Ali Date (158).JPG,NbotAli,alhamdan,train,Nabtat Ali Date (158),/Users/ayush/Downloads/date-fruit-quality-ml/data/processed/train/NbotAli/alhamdan__Nabtat Ali Date (158).jpg
/Users/ayush/Downloads/date-fruit-quality-ml/data/kaggle/alhamdan/Nabtat Ali/Nabtat Ali Date (159).JPG,NbotAli,alhamdan,test,Nabtat Ali Date (159),/Users/ayush/Downloads/date-fruit-quality-ml/data/processed/test/NbotAli/alhamdan__Nabtat Ali Date (159).jpg
/Users/ayush/Downloads/date-fruit-quality-ml/data/kaggle/alhamdan/Nabtat Ali/Nabtat Ali Date (16).JPG,NbotAli,alhamdan,val,Nabtat Ali Date (16),/Users/ayush/Downloads/date-fruit-quality-ml/data/processed/val/NbotAli/alhamdan__Nabtat Ali Date (16).jpg
/Users/ayush/Downloads/date-fruit-quality-ml/data/kaggle/alhamdan/Nabtat Ali/Nabtat Ali Date (160).JPG,NbotAli,alhamdan,train,Nabtat Ali Date (160),/Users/ayush/Downloads/date-fruit-quality-ml/data/processed/train/NbotAli/alhamdan__Nabtat Ali Date (160).jpg
/Users/ayush/Downloads/date-fruit-quality-ml/data/kaggle/alhamdan/Nabtat Ali/Nabtat Ali Date (161).JPG,NbotAli,alhamdan,train,Nabtat Ali Date (161),/Users/ayush/Downloads/date-fruit-quality-ml/data/processed/train/NbotAli/alhamdan__Nabtat Ali Date (161).jpg
/Users/ayush/Downloads/date-fruit-quality-ml/data/kaggle/alhamdan/Nabtat Ali/Nabtat Ali Date (162).JPG,NbotAli,alhamdan,train,Nabtat Ali Date (162),/Users/ayush/Downloads/date-fruit-quality-ml/data/processed/train/NbotAli/alhamdan__Nabtat Ali Date (162).jpg
/Users/ayush/Downloads/date-fruit-quality-ml/data/kaggle/alhamdan/Nabtat Ali/Nabtat Ali Date (163).JPG,NbotAli,alhamdan,val,Nabtat Ali Date (163),/Users/ayush/Downloads/date-fruit-quality-ml/data/processed/val/NbotAli/alhamdan__Nabtat Ali Date (163).jpg
/Users/ayush/Downloads/date-fruit-quality-ml/data/kaggle/alhamdan/Nabtat Ali/Nabtat Ali Date (164).JPG,NbotAli,alhamdan,val,Nabtat Ali Date (164),/Users/ayush/Downloads/date-fruit-quality-ml/data/processed/val/NbotAli/alhamdan__Nabtat Ali Date (164).jpg
/Users/ayush/Downloads/date-fruit-quality-ml/data/kaggle/alhamdan/Nabtat Ali/Nabtat Ali Date (165).JPG,NbotAli,alhamdan,train,Nabtat Ali Date (165),/Users/ayush/Downloads/date-fruit-quality-ml/data/processed/train/NbotAli/alhamdan__Nabtat Ali Date (165).jpg
/Users/ayush/Downloads/date-fruit-quality-ml/data/kaggle/alhamdan/Nabtat Ali/Nabtat Ali Date (166).JPG,NbotAli,alhamdan,train,Nabtat Ali Date (166),/Users/ayush/Downloads/date-fruit-quality-ml/data/processed/train/NbotAli/alhamdan__Nabtat Ali Date (166).jpg
/Users/ayush/Downloads/date-fruit-quality-ml/data/kaggle/alhamdan/Nabtat Ali/Nabtat Ali Date (167).JPG,NbotAli,alhamdan,val,Nabtat Ali Date (167),/Users/ayush/Downloads/date-fruit-quality-ml/data/processed/val/NbotAli/alhamdan__Nabtat Ali Date (167).jpg
/Users/ayush/Downloads/date-fruit-quality-ml/data/kaggle/alhamdan/Nabtat Ali/Nabtat Ali Date (168).JPG,NbotAli,alhamdan,train,Nabtat Ali Date (168),/Users/ayush/Downloads/date-fruit-quality-ml/data/processed/train/NbotAli/alhamdan__Nabtat Ali Date (168).jpg
/Users/ayush/Downloads/date-fruit-quality-ml/data/kaggle/alhamdan/Nabtat Ali/Nabtat Ali Date (169).JPG,NbotAli,alhamdan,train,Nabtat Ali Date (169),/Users/ayush/Downloads/date-fruit-quality-ml/data/processed/train/NbotAli/alhamdan__Nabtat Ali Date (169).jpg
/Users/ayush/Downloads/date-fruit-quality-ml/data/kaggle/alhamdan/Nabtat Ali/Nabtat Ali Date (17).JPG,NbotAli,alhamdan,train,Nabtat Ali Date (17),/Users/ayush/Downloads/date-fruit-quality-ml/data/processed/train/NbotAli/alhamdan__Nabtat Ali Date (17).jpg
/Users/ayush/Downloads/date-fruit-quality-ml/data/kaggle/alhamdan/Nabtat Ali/Nabtat Ali Date (170).JPG,NbotAli,alhamdan,train,Nabtat Ali Date (170),/Users/ayush/Downloads/date-fruit-quality-ml/data/processed/train/NbotAli/alhamdan__Nabtat Ali Date (170).jpg
/Users/ayush/Downloads/date-fruit-quality-ml/data/kaggle/alhamdan/Nabtat Ali/Nabtat Ali Date (171).JPG,NbotAli,alhamdan,test,Nabtat Ali Date (171),/Users/ayush/Downloads/date-fruit-quality-ml/data/processed/test/NbotAli/alhamdan__Nabtat Ali Date (171).jpg
/Users/ayush/Downloads/date-fruit-quality-ml/data/kaggle/alhamdan/Nabtat Ali/Nabtat Ali Date (172).JPG,NbotAli,alhamdan,val,Nabtat Ali Date (172),/Users/ayush/Downloads/date-fruit-quality-ml/data/processed/val/NbotAli/alhamdan__Nabtat Ali Date (172).jpg
/Users/ayush/Downloads/date-fruit-quality-ml/data/kaggle/alhamdan/Nabtat Ali/Nabtat Ali Date (173).JPG,NbotAli,alhamdan,train,Nabtat Ali Date (173),/Users/ayush/Downloads/date-fruit-quality-ml/data/processed/train/NbotAli/alhamdan__Nabtat Ali Date (173).jpg
/Users/ayush/Downloads/date-fruit-quality-ml/data/kaggle/alhamdan/Nabtat Ali/Nabtat Ali Date (174).JPG,NbotAli,alhamdan,train,Nabtat Ali Date (174),/Users/ayush/Downloads/date-fruit-quality-ml/data/processed/train/NbotAli/alhamdan__Nabtat Ali Date (174).jpg
/Users/ayush/Downloads/date-fruit-quality-ml/data/kaggle/alhamdan/Nabtat Ali/Nabtat Ali Date (175).JPG,NbotAli,alhamdan,train,Nabtat Ali Date (175),/Users/ayush/Downloads/date-fruit-quality-ml/data/processed/train/NbotAli/alhamdan__Nabtat Ali Date (175).jpg
/Users/ayush/Downloads/date-fruit-quality-ml/data/kaggle/alhamdan/Nabtat Ali/Nabtat Ali Date (176).JPG,NbotAli,alhamdan,train,Nabtat Ali Date (176),/Users/ayush/Downloads/date-fruit-quality-ml/data/processed/train/NbotAli/alhamdan__Nabtat Ali Date (176).jpg
/Users/ayush/Downloads/date-fruit-quality-ml/data/kaggle/alhamdan/Nabtat Ali/Nabtat Ali Date (177).JPG,NbotAli,alhamdan,train,Nabtat Ali Date (177),/Users/ayush/Downloads/date-fruit-quality-ml/data/processed/train/NbotAli/alhamdan__Nabtat Ali Date (177).jpg
/Users/ayush/Downloads/date-fruit-quality-ml/data/kaggle/alhamdan/Nabtat Ali/Nabtat Ali Date (18).JPG,NbotAli,alhamdan,train,Nabtat Ali Date (18),/Users/ayush/Downloads/date-fruit-quality-ml/data/processed/train/NbotAli/alhamdan__Nabtat Ali Date (18).jpg
/Users/ayush/Downloads/date-fruit-quality-ml/data/kaggle/alhamdan/Nabtat Ali/Nabtat Ali Date (19).JPG,NbotAli,alhamdan,val,Nabtat Ali Date (19),/Users/ayush/Downloads/date-fruit-quality-ml/data/processed/val/NbotAli/alhamdan__Nabtat Ali Date (19).jpg
/Users/ayush/Downloads/date-fruit-quality-ml/data/kaggle/alhamdan/Nabtat Ali/Nabtat Ali Date (2).JPG,NbotAli,alhamdan,test,Nabtat Ali Date (2),/Users/ayush/Downloads/date-fruit-quality-ml/data/processed/test/NbotAli/alhamdan__Nabtat Ali Date (2).jpg
/Users/ayush/Downloads/date-fruit-quality-ml/data/kaggle/alhamdan/Nabtat Ali/Nabtat Ali Date (20).JPG,NbotAli,alhamdan,train,Nabtat Ali Date (20),/Users/ayush/Downloads/date-fruit-quality-ml/data/processed/train/NbotAli/alhamdan__Nabtat Ali Date (20).jpg
/Users/ayush/Downloads/date-fruit-quality-ml/data/kaggle/alhamdan/Nabtat Ali/Nabtat Ali Date (21).JPG,NbotAli,alhamdan,train,Nabtat Ali Date (21),/Users/ayush/Downloads/date-fruit-quality-ml/data/processed/train/NbotAli/alhamdan__Nabtat Ali Date (21).jpg
/Users/ayush/Downloads/date-fruit-quality-ml/data/kaggle/alhamdan/Nabtat Ali/Nabtat Ali Date (22).JPG,NbotAli,alhamdan,test,Nabtat Ali Date (22),/Users/ayush/Downloads/date-fruit-quality-ml/data/processed/test/NbotAli/alhamdan__Nabtat Ali Date (22).jpg
/Users/ayush/Downloads/date-fruit-quality-ml/data/kaggle/alhamdan/Nabtat Ali/Nabtat Ali Date (23).JPG,NbotAli,alhamdan,train,Nabtat Ali Date (23),/Users/ayush/Downloads/date-fruit-quality-ml/data/processed/train/NbotAli/alhamdan__Nabtat Ali Date (23).jpg
/Users/ayush/Downloads/date-fruit-quality-ml/data/kaggle/alhamdan/Nabtat Ali/Nabtat Ali Date (24).JPG,NbotAli,alhamdan,train,Nabtat Ali Date (24),/Users/ayush/Downloads/date-fruit-quality-ml/data/processed/train/NbotAli/alhamdan__Nabtat Ali Date (24).jpg
/Users/ayush/Downloads/date-fruit-quality-ml/data/kaggle/alhamdan/Nabtat Ali/Nabtat Ali Date (25).JPG,NbotAli,alhamdan,train,Nabtat Ali Date (25),/Users/ayush/Downloads/date-fruit-quality-ml/data/processed/train/NbotAli/alhamdan__Nabtat Ali Date (25).jpg
/Users/ayush/Downloads/date-fruit-quality-ml/data/kaggle/alhamdan/Nabtat Ali/Nabtat Ali Date (26).JPG,NbotAli,alhamdan,train,Nabtat Ali Date (26),/Users/ayush/Downloads/date-fruit-quality-ml/data/processed/train/NbotAli/alhamdan__Nabtat Ali Date (26).jpg
/Users/ayush/Downloads/date-fruit-quality-ml/data/kaggle/alhamdan/Nabtat Ali/Nabtat Ali Date (27).JPG,NbotAli,alhamdan,test,Nabtat Ali Date (27),/Users/ayush/Downloads/date-fruit-quality-ml/data/processed/test/NbotAli/alhamdan__Nabtat Ali Date (27).jpg
/Users/ayush/Downloads/date-fruit-quality-ml/data/kaggle/alhamdan/Nabtat Ali/Nabtat Ali Date (28).JPG,NbotAli,alhamdan,test,Nabtat Ali Date (28),/Users/ayush/Downloads/date-fruit-quality-ml/data/processed/test/NbotAli/alhamdan__Nabtat Ali Date (28).jpg
/Users/ayush/Downloads/date-fruit-quality-ml/data/kaggle/alhamdan/Nabtat Ali/Nabtat Ali Date (29).JPG,NbotAli,alhamdan,train,Nabtat Ali Date (29),/Users/ayush/Downloads/date-fruit-quality-ml/data/processed/train/NbotAli/alhamdan__Nabtat Ali Date (29).jpg
/Users/ayush/Downloads/date-fruit-quality-ml/data/kaggle/alhamdan/Nabtat Ali/Nabtat Ali Date (3).JPG,NbotAli,alhamdan,test,Nabtat Ali Date (3),/Users/ayush/Downloads/date-fruit-quality-ml/data/processed/test/NbotAli/alhamdan__Nabtat Ali Date (3).jpg
/Users/ayush/Downloads/date-fruit-quality-ml/data/kaggle/alhamdan/Nabtat Ali/Nabtat Ali Date (30).JPG,NbotAli,alhamdan,train,Nabtat Ali Date (30),/Users/ayush/Downloads/date-fruit-quality-ml/data/processed/train/NbotAli/alhamdan__Nabtat Ali Date (30).jpg
/Users/ayush/Downloads/date-fruit-quality-ml/data/kaggle/alhamdan/Nabtat Ali/Nabtat Ali Date (31).JPG,NbotAli,alhamdan,train,Nabtat Ali Date (31),/Users/ayush/Downloads/date-fruit-quality-ml/data/processed/train/NbotAli/alhamdan__Nabtat Ali Date (31).jpg
/Users/ayush/Downloads/date-fruit-quality-ml/data/kaggle/alhamdan/Nabtat Ali/Nabtat Ali Date (32).JPG,NbotAli,alhamdan,train,Nabtat Ali Date (32),/Users/ayush/Downloads/date-fruit-quality-ml/data/processed/train/NbotAli/alhamdan__Nabtat Ali Date (32).jpg
/Users/ayush/Downloads/date-fruit-quality-ml/data/kaggle/alhamdan/Nabtat Ali/Nabtat Ali Date (33).JPG,NbotAli,alhamdan,val,Nabtat Ali Date (33),/Users/ayush/Downloads/date-fruit-quality-ml/data/processed/val/NbotAli/alhamdan__Nabtat Ali Date (33).jpg
/Users/ayush/Downloads/date-fruit-quality-ml/data/kaggle/alhamdan/Nabtat Ali/Nabtat Ali Date (34).JPG,NbotAli,alhamdan,train,Nabtat Ali Date (34),/Users/ayush/Downloads/date-fruit-quality-ml/data/processed/train/NbotAli/alhamdan__Nabtat Ali Date (34).jpg
/Users/ayush/Downloads/date-fruit-quality-ml/data/kaggle/alhamdan/Nabtat Ali/Nabtat Ali Date (35).JPG,NbotAli,alhamdan,train,Nabtat Ali Date (35),/Users/ayush/Downloads/date-fruit-quality-ml/data/processed/train/NbotAli/alhamdan__Nabtat Ali Date (35).jpg
/Users/ayush/Downloads/date-fruit-quality-ml/data/kaggle/alhamdan/Nabtat Ali/Nabtat Ali Date (36).JPG,NbotAli,alhamdan,train,Nabtat Ali Date (36),/Users/ayush/Downloads/date-fruit-quality-ml/data/processed/train/NbotAli/alhamdan__Nabtat Ali Date (36).jpg
/Users/ayush/Downloads/date-fruit-quality-ml/data/kaggle/alhamdan/Nabtat Ali/Nabtat Ali Date (37).JPG,NbotAli,alhamdan,train,Nabtat Ali Date (37),/Users/ayush/Downloads/date-fruit-quality-ml/data/processed/train/NbotAli/alhamdan__Nabtat Ali Date (37).jpg
/Users/ayush/Downloads/date-fruit-quality-ml/data/kaggle/alhamdan/Nabtat Ali/Nabtat Ali Date (38).JPG,NbotAli,alhamdan,train,Nabtat Ali Date (38),/Users/ayush/Downloads/date-fruit-quality-ml/data/processed/train/NbotAli/alhamdan__Nabtat Ali Date (38).jpg
/Users/ayush/Downloads/date-fruit-quality-ml/data/kaggle/alhamdan/Nabtat Ali/Nabtat Ali Date (39).JPG,NbotAli,alhamdan,train,Nabtat Ali Date (39),/Users/ayush/Downloads/date-fruit-quality-ml/data/processed/train/NbotAli/alhamdan__Nabtat Ali Date (39).jpg
/Users/ayush/Downloads/date-fruit-quality-ml/data/kaggle/alhamdan/Nabtat Ali/Nabtat Ali Date (4).JPG,NbotAli,alhamdan,train,Nabtat Ali Date (4),/Users/ayush/Downloads/date-fruit-quality-ml/data/processed/train/NbotAli/alhamdan__Nabtat Ali Date (4).jpg
/Users/ayush/Downloads/date-fruit-quality-ml/data/kaggle/alhamdan/Nabtat Ali/Nabtat Ali Date (40).JPG,NbotAli,alhamdan,train,Nabtat Ali Date (40),/Users/ayush/Downloads/date-fruit-quality-ml/data/processed/train/NbotAli/alhamdan__Nabtat Ali Date (40).jpg
/Users/ayush/Downloads/date-fruit-quality-ml/data/kaggle/alhamdan/Nabtat Ali/Nabtat Ali Date (41).JPG,NbotAli,alhamdan,val,Nabtat Ali Date (41),/Users/ayush/Downloads/date-fruit-quality-ml/data/processed/val/NbotAli/alhamdan__Nabtat Ali Date (41).jpg
/Users/ayush/Downloads/date-fruit-quality-ml/data/kaggle/alhamdan/Nabtat Ali/Nabtat Ali Date (42).JPG,NbotAli,alhamdan,val,Nabtat Ali Date (42),/Users/ayush/Downloads/date-fruit-quality-ml/data/processed/val/NbotAli/alhamdan__Nabtat Ali Date (42).jpg
/Users/ayush/Downloads/date-fruit-quality-ml/data/kaggle/alhamdan/Nabtat Ali/Nabtat Ali Date (43).JPG,NbotAli,alhamdan,train,Nabtat Ali Date (43),/Users/ayush/Downloads/date-fruit-quality-ml/data/processed/train/NbotAli/alhamdan__Nabtat Ali Date (43).jpg
/Users/ayush/Downloads/date-fruit-quality-ml/data/kaggle/alhamdan/Nabtat Ali/Nabtat Ali Date (44).JPG,NbotAli,alhamdan,train,Nabtat Ali Date (44),/Users/ayush/Downloads/date-fruit-quality-ml/data/processed/train/NbotAli/alhamdan__Nabtat Ali Date (44).jpg
/Users/ayush/Downloads/date-fruit-quality-ml/data/kaggle/alhamdan/Nabtat Ali/Nabtat Ali Date (45).JPG,NbotAli,alhamdan,train,Nabtat Ali Date (45),/Users/ayush/Downloads/date-fruit-quality-ml/data/processed/train/NbotAli/alhamdan__Nabtat Ali Date (45).jpg
/Users/ayush/Downloads/date-fruit-quality-ml/data/kaggle/alhamdan/Nabtat Ali/Nabtat Ali Date (46).JPG,NbotAli,alhamdan,train,Nabtat Ali Date (46),/Users/ayush/Downloads/date-fruit-quality-ml/data/processed/train/NbotAli/alhamdan__Nabtat Ali Date (46).jpg
/Users/ayush/Downloads/date-fruit-quality-ml/data/kaggle/alhamdan/Nabtat Ali/Nabtat Ali Date (47).JPG,NbotAli,alhamdan,val,Nabtat Ali Date (47),/Users/ayush/Downloads/date-fruit-quality-ml/data/processed/val/NbotAli/alhamdan__Nabtat Ali Date (47).jpg
/Users/ayush/Downloads/date-fruit-quality-ml/data/kaggle/alhamdan/Nabtat Ali/Nabtat Ali Date (48).JPG,NbotAli,alhamdan,train,Nabtat Ali Date (48),/Users/ayush/Downloads/date-fruit-quality-ml/data/processed/train/NbotAli/alhamdan__Nabtat Ali Date (48).jpg
/Users/ayush/Downloads/date-fruit-quality-ml/data/kaggle/alhamdan/Nabtat Ali/Nabtat Ali Date (49).JPG,NbotAli,alhamdan,test,Nabtat Ali Date (49),/Users/ayush/Downloads/date-fruit-quality-ml/data/processed/test/NbotAli/alhamdan__Nabtat Ali Date (49).jpg
/Users/ayush/Downloads/date-fruit-quality-ml/data/kaggle/alhamdan/Nabtat Ali/Nabtat Ali Date (5).JPG,NbotAli,alhamdan,test,Nabtat Ali Date (5),/Users/ayush/Downloads/date-fruit-quality-ml/data/processed/test/NbotAli/alhamdan__Nabtat Ali Date (5).jpg
/Users/ayush/Downloads/date-fruit-quality-ml/data/kaggle/alhamdan/Nabtat Ali/Nabtat Ali Date (50).JPG,NbotAli,alhamdan,val,Nabtat Ali Date (50),/Users/ayush/Downloads/date-fruit-quality-ml/data/processed/val/NbotAli/alhamdan__Nabtat Ali Date (50).jpg
/Users/ayush/Downloads/date-fruit-quality-ml/data/kaggle/alhamdan/Nabtat Ali/Nabtat Ali Date (51).JPG,NbotAli,alhamdan,test,Nabtat Ali Date (51),/Users/ayush/Downloads/date-fruit-quality-ml/data/processed/test/NbotAli/alhamdan__Nabtat Ali Date (51).jpg
/Users/ayush/Downloads/date-fruit-quality-ml/data/kaggle/alhamdan/Nabtat Ali/Nabtat Ali Date (52).JPG,NbotAli,alhamdan,train,Nabtat Ali Date (52),/Users/ayush/Downloads/date-fruit-quality-ml/data/processed/train/NbotAli/alhamdan__Nabtat Ali Date (52).jpg
/Users/ayush/Downloads/date-fruit-quality-ml/data/kaggle/alhamdan/Nabtat Ali/Nabtat Ali Date (53).JPG,NbotAli,alhamdan,train,Nabtat Ali Date (53),/Users/ayush/Downloads/date-fruit-quality-ml/data/processed/train/NbotAli/alhamdan__Nabtat Ali Date (53).jpg
/Users/ayush/Downloads/date-fruit-quality-ml/data/kaggle/alhamdan/Nabtat Ali/Nabtat Ali Date (54).JPG,NbotAli,alhamdan,train,Nabtat Ali Date (54),/Users/ayush/Downloads/date-fruit-quality-ml/data/processed/train/NbotAli/alhamdan__Nabtat Ali Date (54).jpg
/Users/ayush/Downloads/date-fruit-quality-ml/data/kaggle/alhamdan/Nabtat Ali/Nabtat Ali Date (55).JPG,NbotAli,alhamdan,train,Nabtat Ali Date (55),/Users/ayush/Downloads/date-fruit-quality-ml/data/processed/train/NbotAli/alhamdan__Nabtat Ali Date (55).jpg
/Users/ayush/Downloads/date-fruit-quality-ml/data/kaggle/alhamdan/Nabtat Ali/Nabtat Ali Date (56).JPG,NbotAli,alhamdan,train,Nabtat Ali Date (56),/Users/ayush/Downloads/date-fruit-quality-ml/data/processed/train/NbotAli/alhamdan__Nabtat Ali Date (56).jpg
/Users/ayush/Downloads/date-fruit-quality-ml/data/kaggle/alhamdan/Nabtat Ali/Nabtat Ali Date (57).JPG,NbotAli,alhamdan,train,Nabtat Ali Date (57),/Users/ayush/Downloads/date-fruit-quality-ml/data/processed/train/NbotAli/alhamdan__Nabtat Ali Date (57).jpg
/Users/ayush/Downloads/date-fruit-quality-ml/data/kaggle/alhamdan/Nabtat Ali/Nabtat Ali Date (58).JPG,NbotAli,alhamdan,train,Nabtat Ali Date (58),/Users/ayush/Downloads/date-fruit-quality-ml/data/processed/train/NbotAli/alhamdan__Nabtat Ali Date (58).jpg
/Users/ayush/Downloads/date-fruit-quality-ml/data/kaggle/alhamdan/Nabtat Ali/Nabtat Ali Date (59).JPG,NbotAli,alhamdan,val,Nabtat Ali Date (59),/Users/ayush/Downloads/date-fruit-quality-ml/data/processed/val/NbotAli/alhamdan__Nabtat Ali Date (59).jpg
/Users/ayush/Downloads/date-fruit-quality-ml/data/kaggle/alhamdan/Nabtat Ali/Nabtat Ali Date (6).JPG,NbotAli,alhamdan,train,Nabtat Ali Date (6),/Users/ayush/Downloads/date-fruit-quality-ml/data/processed/train/NbotAli/alhamdan__Nabtat Ali Date (6).jpg
/Users/ayush/Downloads/date-fruit-quality-ml/data/kaggle/alhamdan/Nabtat Ali/Nabtat Ali Date (60).JPG,NbotAli,alhamdan,train,Nabtat Ali Date (60),/Users/ayush/Downloads/date-fruit-quality-ml/data/processed/train/NbotAli/alhamdan__Nabtat Ali Date (60).jpg
/Users/ayush/Downloads/date-fruit-quality-ml/data/kaggle/alhamdan/Nabtat Ali/Nabtat Ali Date (61).JPG,NbotAli,alhamdan,train,Nabtat Ali Date (61),/Users/ayush/Downloads/date-fruit-quality-ml/data/processed/train/NbotAli/alhamdan__Nabtat Ali Date (61).jpg
/Users/ayush/Downloads/date-fruit-quality-ml/data/kaggle/alhamdan/Nabtat Ali/Nabtat Ali Date (62).JPG,NbotAli,alhamdan,val,Nabtat Ali Date (62),/Users/ayush/Downloads/date-fruit-quality-ml/data/processed/val/NbotAli/alhamdan__Nabtat Ali Date (62).jpg
/Users/ayush/Downloads/date-fruit-quality-ml/data/kaggle/alhamdan/Nabtat Ali/Nabtat Ali Date (63).JPG,NbotAli,alhamdan,train,Nabtat Ali Date (63),/Users/ayush/Downloads/date-fruit-quality-ml/data/processed/train/NbotAli/alhamdan__Nabtat Ali Date (63).jpg
/Users/ayush/Downloads/date-fruit-quality-ml/data/kaggle/alhamdan/Nabtat Ali/Nabtat Ali Date (64).JPG,NbotAli,alhamdan,test,Nabtat Ali Date (64),/Users/ayush/Downloads/date-fruit-quality-ml/data/processed/test/NbotAli/alhamdan__Nabtat Ali Date (64).jpg
/Users/ayush/Downloads/date-fruit-quality-ml/data/kaggle/alhamdan/Nabtat Ali/Nabtat Ali Date (65).JPG,NbotAli,alhamdan,train,Nabtat Ali Date (65),/Users/ayush/Downloads/date-fruit-quality-ml/data/processed/train/NbotAli/alhamdan__Nabtat Ali Date (65).jpg
/Users/ayush/Downloads/date-fruit-quality-ml/data/kaggle/alhamdan/Nabtat Ali/Nabtat Ali Date (66).JPG,NbotAli,alhamdan,train,Nabtat Ali Date (66),/Users/ayush/Downloads/date-fruit-quality-ml/data/processed/train/NbotAli/alhamdan__Nabtat Ali Date (66).jpg
/Users/ayush/Downloads/date-fruit-quality-ml/data/kaggle/alhamdan/Nabtat Ali/Nabtat Ali Date (67).JPG,NbotAli,alhamdan,val,Nabtat Ali Date (67),/Users/ayush/Downloads/date-fruit-quality-ml/data/processed/val/NbotAli/alhamdan__Nabtat Ali Date (67).jpg
/Users/ayush/Downloads/date-fruit-quality-ml/data/kaggle/alhamdan/Nabtat Ali/Nabtat Ali Date (68).JPG,NbotAli,alhamdan,train,Nabtat Ali Date (68),/Users/ayush/Downloads/date-fruit-quality-ml/data/processed/train/NbotAli/alhamdan__Nabtat Ali Date (68).jpg
/Users/ayush/Downloads/date-fruit-quality-ml/data/kaggle/alhamdan/Nabtat Ali/Nabtat Ali Date (69).JPG,NbotAli,alhamdan,train,Nabtat Ali Date (69),/Users/ayush/Downloads/date-fruit-quality-ml/data/processed/train/NbotAli/alhamdan__Nabtat Ali Date (69).jpg
/Users/ayush/Downloads/date-fruit-quality-ml/data/kaggle/alhamdan/Nabtat Ali/Nabtat Ali Date (7).JPG,NbotAli,alhamdan,val,Nabtat Ali Date (7),/Users/ayush/Downloads/date-fruit-quality-ml/data/processed/val/NbotAli/alhamdan__Nabtat Ali Date (7).jpg
/Users/ayush/Downloads/date-fruit-quality-ml/data/kaggle/alhamdan/Nabtat Ali/Nabtat Ali Date (70).JPG,NbotAli,alhamdan,train,Nabtat Ali Date (70),/Users/ayush/Downloads/date-fruit-quality-ml/data/processed/train/NbotAli/alhamdan__Nabtat Ali Date (70).jpg
/Users/ayush/Downloads/date-fruit-quality-ml/data/kaggle/alhamdan/Nabtat Ali/Nabtat Ali Date (71).JPG,NbotAli,alhamdan,train,Nabtat Ali Date (71),/Users/ayush/Downloads/date-fruit-quality-ml/data/processed/train/NbotAli/alhamdan__Nabtat Ali Date (71).jpg
/Users/ayush/Downloads/date-fruit-quality-ml/data/kaggle/alhamdan/Nabtat Ali/Nabtat Ali Date (72).JPG,NbotAli,alhamdan,train,Nabtat Ali Date (72),/Users/ayush/Downloads/date-fruit-quality-ml/data/processed/train/NbotAli/alhamdan__Nabtat Ali Date (72).jpg
/Users/ayush/Downloads/date-fruit-quality-ml/data/kaggle/alhamdan/Nabtat Ali/Nabtat Ali Date (73).JPG,NbotAli,alhamdan,train,Nabtat Ali Date (73),/Users/ayush/Downloads/date-fruit-quality-ml/data/processed/train/NbotAli/alhamdan__Nabtat Ali Date (73).jpg
/Users/ayush/Downloads/date-fruit-quality-ml/data/kaggle/alhamdan/Nabtat Ali/Nabtat Ali Date (74).JPG,NbotAli,alhamdan,train,Nabtat Ali Date (74),/Users/ayush/Downloads/date-fruit-quality-ml/data/processed/train/NbotAli/alhamdan__Nabtat Ali Date (74).jpg
/Users/ayush/Downloads/date-fruit-quality-ml/data/kaggle/alhamdan/Nabtat Ali/Nabtat Ali Date (75).JPG,NbotAli,alhamdan,test,Nabtat Ali Date (75),/Users/ayush/Downloads/date-fruit-quality-ml/data/processed/test/NbotAli/alhamdan__Nabtat Ali Date (75).jpg
/Users/ayush/Downloads/date-fruit-quality-ml/data/kaggle/alhamdan/Nabtat Ali/Nabtat Ali Date (76).JPG,NbotAli,alhamdan,train,Nabtat Ali Date (76),/Users/ayush/Downloads/date-fruit-quality-ml/data/processed/train/NbotAli/alhamdan__Nabtat Ali Date (76).jpg
/Users/ayush/Downloads/date-fruit-quality-ml/data/kaggle/alhamdan/Nabtat Ali/Nabtat Ali Date (77).JPG,NbotAli,alhamdan,train,Nabtat Ali Date (77),/Users/ayush/Downloads/date-fruit-quality-ml/data/processed/train/NbotAli/alhamdan__Nabtat Ali Date (77).jpg
/Users/ayush/Downloads/date-fruit-quality-ml/data/kaggle/alhamdan/Nabtat Ali/Nabtat Ali Date (78).JPG,NbotAli,alhamdan,train,Nabtat Ali Date (78),/Users/ayush/Downloads/date-fruit-quality-ml/data/processed/train/NbotAli/alhamdan__Nabtat Ali Date (78).jpg
/Users/ayush/Downloads/date-fruit-quality-ml/data/kaggle/alhamdan/Nabtat Ali/Nabtat Ali Date (79).JPG,NbotAli,alhamdan,train,Nabtat Ali Date (79),/Users/ayush/Downloads/date-fruit-quality-ml/data/processed/train/NbotAli/alhamdan__Nabtat Ali Date (79).jpg
/Users/ayush/Downloads/date-fruit-quality-ml/data/kaggle/alhamdan/Nabtat Ali/Nabtat Ali Date (8).JPG,NbotAli,alhamdan,train,Nabtat Ali Date (8),/Users/ayush/Downloads/date-fruit-quality-ml/data/processed/train/NbotAli/alhamdan__Nabtat Ali Date (8).jpg
/Users/ayush/Downloads/date-fruit-quality-ml/data/kaggle/alhamdan/Nabtat Ali/Nabtat Ali Date (80).JPG,NbotAli,alhamdan,train,Nabtat Ali Date (80),/Users/ayush/Downloads/date-fruit-quality-ml/data/processed/train/NbotAli/alhamdan__Nabtat Ali Date (80).jpg
/Users/ayush/Downloads/date-fruit-quality-ml/data/kaggle/alhamdan/Nabtat Ali/Nabtat Ali Date (81).JPG,NbotAli,alhamdan,train,Nabtat Ali Date (81),/Users/ayush/Downloads/date-fruit-quality-ml/data/processed/train/NbotAli/alhamdan__Nabtat Ali Date (81).jpg
/Users/ayush/Downloads/date-fruit-quality-ml/data/kaggle/alhamdan/Nabtat Ali/Nabtat Ali Date (82).JPG,NbotAli,alhamdan,train,Nabtat Ali Date (82),/Users/ayush/Downloads/date-fruit-quality-ml/data/processed/train/NbotAli/alhamdan__Nabtat Ali Date (82).jpg
/Users/ayush/Downloads/date-fruit-quality-ml/data/kaggle/alhamdan/Nabtat Ali/Nabtat Ali Date (83).JPG,NbotAli,alhamdan,test,Nabtat Ali Date (83),/Users/ayush/Downloads/date-fruit-quality-ml/data/processed/test/NbotAli/alhamdan__Nabtat Ali Date (83).jpg
/Users/ayush/Downloads/date-fruit-quality-ml/data/kaggle/alhamdan/Nabtat Ali/Nabtat Ali Date (84).JPG,NbotAli,alhamdan,train,Nabtat Ali Date (84),/Users/ayush/Downloads/date-fruit-quality-ml/data/processed/train/NbotAli/alhamdan__Nabtat Ali Date (84).jpg
/Users/ayush/Downloads/date-fruit-quality-ml/data/kaggle/alhamdan/Nabtat Ali/Nabtat Ali Date (85).JPG,NbotAli,alhamdan,train,Nabtat Ali Date (85),/Users/ayush/Downloads/date-fruit-quality-ml/data/processed/train/NbotAli/alhamdan__Nabtat Ali Date (85).jpg
/Users/ayush/Downloads/date-fruit-quality-ml/data/kaggle/alhamdan/Nabtat Ali/Nabtat Ali Date (86).JPG,NbotAli,alhamdan,val,Nabtat Ali Date (86),/Users/ayush/Downloads/date-fruit-quality-ml/data/processed/val/NbotAli/alhamdan__Nabtat Ali Date (86).jpg
/Users/ayush/Downloads/date-fruit-quality-ml/data/kaggle/alhamdan/Nabtat Ali/Nabtat Ali Date (87).JPG,NbotAli,alhamdan,train,Nabtat Ali Date (87),/Users/ayush/Downloads/date-fruit-quality-ml/data/processed/train/NbotAli/alhamdan__Nabtat Ali Date (87).jpg
/Users/ayush/Downloads/date-fruit-quality-ml/data/kaggle/alhamdan/Nabtat Ali/Nabtat Ali Date (88).JPG,NbotAli,alhamdan,test,Nabtat Ali Date (88),/Users/ayush/Downloads/date-fruit-quality-ml/data/processed/test/NbotAli/alhamdan__Nabtat Ali Date (88).jpg
/Users/ayush/Downloads/date-fruit-quality-ml/data/kaggle/alhamdan/Nabtat Ali/Nabtat Ali Date (89).JPG,NbotAli,alhamdan,test,Nabtat Ali Date (89),/Users/ayush/Downloads/date-fruit-quality-ml/data/processed/test/NbotAli/alhamdan__Nabtat Ali Date (89).jpg
/Users/ayush/Downloads/date-fruit-quality-ml/data/kaggle/alhamdan/Nabtat Ali/Nabtat Ali Date (9).JPG,NbotAli,alhamdan,train,Nabtat Ali Date (9),/Users/ayush/Downloads/date-fruit-quality-ml/data/processed/train/NbotAli/alhamdan__Nabtat Ali Date (9).jpg
/Users/ayush/Downloads/date-fruit-quality-ml/data/kaggle/alhamdan/Nabtat Ali/Nabtat Ali Date (90).JPG,NbotAli,alhamdan,train,Nabtat Ali Date (90),/Users/ayush/Downloads/date-fruit-quality-ml/data/processed/train/NbotAli/alhamdan__Nabtat Ali Date (90).jpg
/Users/ayush/Downloads/date-fruit-quality-ml/data/kaggle/alhamdan/Nabtat Ali/Nabtat Ali Date (91).JPG,NbotAli,alhamdan,val,Nabtat Ali Date (91),/Users/ayush/Downloads/date-fruit-quality-ml/data/processed/val/NbotAli/alhamdan__Nabtat Ali Date (91).jpg
/Users/ayush/Downloads/date-fruit-quality-ml/data/kaggle/alhamdan/Nabtat Ali/Nabtat Ali Date (92).JPG,NbotAli,alhamdan,train,Nabtat Ali Date (92),/Users/ayush/Downloads/date-fruit-quality-ml/data/processed/train/NbotAli/alhamdan__Nabtat Ali Date (92).jpg
/Users/ayush/Downloads/date-fruit-quality-ml/data/kaggle/alhamdan/Nabtat Ali/Nabtat Ali Date (93).JPG,NbotAli,alhamdan,train,Nabtat Ali Date (93),/Users/ayush/Downloads/date-fruit-quality-ml/data/processed/train/NbotAli/alhamdan__Nabtat Ali Date (93).jpg
/Users/ayush/Downloads/date-fruit-quality-ml/data/kaggle/alhamdan/Nabtat Ali/Nabtat Ali Date (94).JPG,NbotAli,alhamdan,train,Nabtat Ali Date (94),/Users/ayush/Downloads/date-fruit-quality-ml/data/processed/train/NbotAli/alhamdan__Nabtat Ali Date (94).jpg
/Users/ayush/Downloads/date-fruit-quality-ml/data/kaggle/alhamdan/Nabtat Ali/Nabtat Ali Date (95).JPG,NbotAli,alhamdan,train,Nabtat Ali Date (95),/Users/ayush/Downloads/date-fruit-quality-ml/data/processed/train/NbotAli/alhamdan__Nabtat Ali Date (95).jpg
/Users/ayush/Downloads/date-fruit-quality-ml/data/kaggle/alhamdan/Nabtat Ali/Nabtat Ali Date (96).JPG,NbotAli,alhamdan,test,Nabtat Ali Date (96),/Users/ayush/Downloads/date-fruit-quality-ml/data/processed/test/NbotAli/alhamdan__Nabtat Ali Date (96).jpg
/Users/ayush/Downloads/date-fruit-quality-ml/data/kaggle/alhamdan/Nabtat Ali/Nabtat Ali Date (97).JPG,NbotAli,alhamdan,train,Nabtat Ali Date (97),/Users/ayush/Downloads/date-fruit-quality-ml/data/processed/train/NbotAli/alhamdan__Nabtat Ali Date (97).jpg
/Users/ayush/Downloads/date-fruit-quality-ml/data/kaggle/alhamdan/Nabtat Ali/Nabtat Ali Date (98).JPG,NbotAli,alhamdan,train,Nabtat Ali Date (98),/Users/ayush/Downloads/date-fruit-quality-ml/data/processed/train/NbotAli/alhamdan__Nabtat Ali Date (98).jpg
/Users/ayush/Downloads/date-fruit-quality-ml/data/kaggle/alhamdan/Nabtat Ali/Nabtat Ali Date (99).JPG,NbotAli,alhamdan,val,Nabtat Ali Date (99),/Users/ayush/Downloads/date-fruit-quality-ml/data/processed/val/NbotAli/alhamdan__Nabtat Ali Date (99).jpg
/Users/ayush/Downloads/date-fruit-quality-ml/data/kaggle/alhamdan/Meneifi/Meneifi Date (1).JPG,Al-meneifi,alhamdan,train,Meneifi Date (1),/Users/ayush/Downloads/date-fruit-quality-ml/data/processed/train/Al-meneifi/alhamdan__Meneifi Date (1).jpg
/Users/ayush/Downloads/date-fruit-quality-ml/data/kaggle/alhamdan/Meneifi/Meneifi Date (10).JPG,Al-meneifi,alhamdan,train,Meneifi Date (10),/Users/ayush/Downloads/date-fruit-quality-ml/data/processed/train/Al-meneifi/alhamdan__Meneifi Date (10).jpg
/Users/ayush/Downloads/date-fruit-quality-ml/data/kaggle/alhamdan/Meneifi/Meneifi Date (100).JPG,Al-meneifi,alhamdan,train,Meneifi Date (100),/Users/ayush/Downloads/date-fruit-quality-ml/data/processed/train/Al-meneifi/alhamdan__Meneifi Date (100).jpg
/Users/ayush/Downloads/date-fruit-quality-ml/data/kaggle/alhamdan/Meneifi/Meneifi Date (101).JPG,Al-meneifi,alhamdan,val,Meneifi Date (101),/Users/ayush/Downloads/date-fruit-quality-ml/data/processed/val/Al-meneifi/alhamdan__Meneifi Date (101).jpg
/Users/ayush/Downloads/date-fruit-quality-ml/data/kaggle/alhamdan/Meneifi/Meneifi Date (102).JPG,Al-meneifi,alhamdan,train,Meneifi Date (102),/Users/ayush/Downloads/date-fruit-quality-ml/data/processed/train/Al-meneifi/alhamdan__Meneifi Date (102).jpg
/Users/ayush/Downloads/date-fruit-quality-ml/data/kaggle/alhamdan/Meneifi/Meneifi Date (103).JPG,Al-meneifi,alhamdan,test,Meneifi Date (103),/Users/ayush/Downloads/date-fruit-quality-ml/data/processed/test/Al-meneifi/alhamdan__Meneifi Date (103).jpg
/Users/ayush/Downloads/date-fruit-quality-ml/data/kaggle/alhamdan/Meneifi/Meneifi Date (104).JPG,Al-meneifi,alhamdan,train,Meneifi Date (104),/Users/ayush/Downloads/date-fruit-quality-ml/data/processed/train/Al-meneifi/alhamdan__Meneifi Date (104).jpg
/Users/ayush/Downloads/date-fruit-quality-ml/data/kaggle/alhamdan/Meneifi/Meneifi Date (105).JPG,Al-meneifi,alhamdan,test,Meneifi Date (105),/Users/ayush/Downloads/date-fruit-quality-ml/data/processed/test/Al-meneifi/alhamdan__Meneifi Date (105).jpg
/Users/ayush/Downloads/date-fruit-quality-ml/data/kaggle/alhamdan/Meneifi/Meneifi Date (106).JPG,Al-meneifi,alhamdan,train,Meneifi Date (106),/Users/ayush/Downloads/date-fruit-quality-ml/data/processed/train/Al-meneifi/alhamdan__Meneifi Date (106).jpg
/Users/ayush/Downloads/date-fruit-quality-ml/data/kaggle/alhamdan/Meneifi/Meneifi Date (107).JPG,Al-meneifi,alhamdan,train,Meneifi Date (107),/Users/ayush/Downloads/date-fruit-quality-ml/data/processed/train/Al-meneifi/alhamdan__Meneifi Date (107).jpg
/Users/ayush/Downloads/date-fruit-quality-ml/data/kaggle/alhamdan/Meneifi/Meneifi Date (108).JPG,Al-meneifi,alhamdan,train,Meneifi Date (108),/Users/ayush/Downloads/date-fruit-quality-ml/data/processed/train/Al-meneifi/alhamdan__Meneifi Date (108).jpg
/Users/ayush/Downloads/date-fruit-quality-ml/data/kaggle/alhamdan/Meneifi/Meneifi Date (109).JPG,Al-meneifi,alhamdan,train,Meneifi Date (109),/Users/ayush/Downloads/date-fruit-quality-ml/data/processed/train/Al-meneifi/alhamdan__Meneifi Date (109).jpg
/Users/ayush/Downloads/date-fruit-quality-ml/data/kaggle/alhamdan/Meneifi/Meneifi Date (11).JPG,Al-meneifi,alhamdan,train,Meneifi Date (11),/Users/ayush/Downloads/date-fruit-quality-ml/data/processed/train/Al-meneifi/alhamdan__Meneifi Date (11).jpg
/Users/ayush/Downloads/date-fruit-quality-ml/data/kaggle/alhamdan/Meneifi/Meneifi Date (110).JPG,Al-meneifi,alhamdan,train,Meneifi Date (110),/Users/ayush/Downloads/date-fruit-quality-ml/data/processed/train/Al-meneifi/alhamdan__Meneifi Date (110).jpg
/Users/ayush/Downloads/date-fruit-quality-ml/data/kaggle/alhamdan/Meneifi/Meneifi Date (111).JPG,Al-meneifi,alhamdan,train,Meneifi Date (111),/Users/ayush/Downloads/date-fruit-quality-ml/data/processed/train/Al-meneifi/alhamdan__Meneifi Date (111).jpg
/Users/ayush/Downloads/date-fruit-quality-ml/data/kaggle/alhamdan/Meneifi/Meneifi Date (112).JPG,Al-meneifi,alhamdan,train,Meneifi Date (112),/Users/ayush/Downloads/date-fruit-quality-ml/data/processed/train/Al-meneifi/alhamdan__Meneifi Date (112).jpg
/Users/ayush/Downloads/date-fruit-quality-ml/data/kaggle/alhamdan/Meneifi/Meneifi Date (113).JPG,Al-meneifi,alhamdan,val,Meneifi Date (113),/Users/ayush/Downloads/date-fruit-quality-ml/data/processed/val/Al-meneifi/alhamdan__Meneifi Date (113).jpg
/Users/ayush/Downloads/date-fruit-quality-ml/data/kaggle/alhamdan/Meneifi/Meneifi Date (114).JPG,Al-meneifi,alhamdan,val,Meneifi Date (114),/Users/ayush/Downloads/date-fruit-quality-ml/data/processed/val/Al-meneifi/alhamdan__Meneifi Date (114).jpg
/Users/ayush/Downloads/date-fruit-quality-ml/data/kaggle/alhamdan/Meneifi/Meneifi Date (115).JPG,Al-meneifi,alhamdan,train,Meneifi Date (115),/Users/ayush/Downloads/date-fruit-quality-ml/data/processed/train/Al-meneifi/alhamdan__Meneifi Date (115).jpg
/Users/ayush/Downloads/date-fruit-quality-ml/data/kaggle/alhamdan/Meneifi/Meneifi Date (116).JPG,Al-meneifi,alhamdan,train,Meneifi Date (116),/Users/ayush/Downloads/date-fruit-quality-ml/data/processed/train/Al-meneifi/alhamdan__Meneifi Date (116).jpg
/Users/ayush/Downloads/date-fruit-quality-ml/data/kaggle/alhamdan/Meneifi/Meneifi Date (117).JPG,Al-meneifi,alhamdan,test,Meneifi Date (117),/Users/ayush/Downloads/date-fruit-quality-ml/data/processed/test/Al-meneifi/alhamdan__Meneifi Date (117).jpg
/Users/ayush/Downloads/date-fruit-quality-ml/data/kaggle/alhamdan/Meneifi/Meneifi Date (118).JPG,Al-meneifi,alhamdan,test,Meneifi Date (118),/Users/ayush/Downloads/date-fruit-quality-ml/data/processed/test/Al-meneifi/alhamdan__Meneifi Date (118).jpg
/Users/ayush/Downloads/date-fruit-quality-ml/data/kaggle/alhamdan/Meneifi/Meneifi Date (119).JPG,Al-meneifi,alhamdan,train,Meneifi Date (119),/Users/ayush/Downloads/date-fruit-quality-ml/data/processed/train/Al-meneifi/alhamdan__Meneifi Date (119).jpg
/Users/ayush/Downloads/date-fruit-quality-ml/data/kaggle/alhamdan/Meneifi/Meneifi Date (12).JPG,Al-meneifi,alhamdan,test,Meneifi Date (12),/Users/ayush/Downloads/date-fruit-quality-ml/data/processed/test/Al-meneifi/alhamdan__Meneifi Date (12).jpg
/Users/ayush/Downloads/date-fruit-quality-ml/data/kaggle/alhamdan/Meneifi/Meneifi Date (120).JPG,Al-meneifi,alhamdan,test,Meneifi Date (120),/Users/ayush/Downloads/date-fruit-quality-ml/data/processed/test/Al-meneifi/alhamdan__Meneifi Date (120).jpg
/Users/ayush/Downloads/date-fruit-quality-ml/data/kaggle/alhamdan/Meneifi/Meneifi Date (121).JPG,Al-meneifi,alhamdan,val,Meneifi Date (121),/Users/ayush/Downloads/date-fruit-quality-ml/data/processed/val/Al-meneifi/alhamdan__Meneifi Date (121).jpg
/Users/ayush/Downloads/date-fruit-quality-ml/data/kaggle/alhamdan/Meneifi/Meneifi Date (122).JPG,Al-meneifi,alhamdan,val,Meneifi Date (122),/Users/ayush/Downloads/date-fruit-quality-ml/data/processed/val/Al-meneifi/alhamdan__Meneifi Date (122).jpg
/Users/ayush/Downloads/date-fruit-quality-ml/data/kaggle/alhamdan/Meneifi/Meneifi Date (123).JPG,Al-meneifi,alhamdan,val,Meneifi Date (123),/Users/ayush/Downloads/date-fruit-quality-ml/data/processed/val/Al-meneifi/alhamdan__Meneifi Date (123).jpg
/Users/ayush/Downloads/date-fruit-quality-ml/data/kaggle/alhamdan/Meneifi/Meneifi Date (124).JPG,Al-meneifi,alhamdan,train,Meneifi Date (124),/Users/ayush/Downloads/date-fruit-quality-ml/data/processed/train/Al-meneifi/alhamdan__Meneifi Date (124).jpg
/Users/ayush/Downloads/date-fruit-quality-ml/data/kaggle/alhamdan/Meneifi/Meneifi Date (125).JPG,Al-meneifi,alhamdan,test,Meneifi Date (125),/Users/ayush/Downloads/date-fruit-quality-ml/data/processed/test/Al-meneifi/alhamdan__Meneifi Date (125).jpg
/Users/ayush/Downloads/date-fruit-quality-ml/data/kaggle/alhamdan/Meneifi/Meneifi Date (126).JPG,Al-meneifi,alhamdan,train,Meneifi Date (126),/Users/ayush/Downloads/date-fruit-quality-ml/data/processed/train/Al-meneifi/alhamdan__Meneifi Date (126).jpg
/Users/ayush/Downloads/date-fruit-quality-ml/data/kaggle/alhamdan/Meneifi/Meneifi Date (127).JPG,Al-meneifi,alhamdan,val,Meneifi Date (127),/Users/ayush/Downloads/date-fruit-quality-ml/data/processed/val/Al-meneifi/alhamdan__Meneifi Date (127).jpg
/Users/ayush/Downloads/date-fruit-quality-ml/data/kaggle/alhamdan/Meneifi/Meneifi Date (128).JPG,Al-meneifi,alhamdan,train,Meneifi Date (128),/Users/ayush/Downloads/date-fruit-quality-ml/data/processed/train/Al-meneifi/alhamdan__Meneifi Date (128).jpg
/Users/ayush/Downloads/date-fruit-quality-ml/data/kaggle/alhamdan/Meneifi/Meneifi Date (129).JPG,Al-meneifi,alhamdan,train,Meneifi Date (129),/Users/ayush/Downloads/date-fruit-quality-ml/data/processed/train/Al-meneifi/alhamdan__Meneifi Date (129).jpg
/Users/ayush/Downloads/date-fruit-quality-ml/data/kaggle/alhamdan/Meneifi/Meneifi Date (13).JPG,Al-meneifi,alhamdan,val,Meneifi Date (13),/Users/ayush/Downloads/date-fruit-quality-ml/data/processed/val/Al-meneifi/alhamdan__Meneifi Date (13).jpg
/Users/ayush/Downloads/date-fruit-quality-ml/data/kaggle/alhamdan/Meneifi/Meneifi Date (130).JPG,Al-meneifi,alhamdan,train,Meneifi Date (130),/Users/ayush/Downloads/date-fruit-quality-ml/data/processed/train/Al-meneifi/alhamdan__Meneifi Date (130).jpg
/Users/ayush/Downloads/date-fruit-quality-ml/data/kaggle/alhamdan/Meneifi/Meneifi Date (131).JPG,Al-meneifi,alhamdan,test,Meneifi Date (131),/Users/ayush/Downloads/date-fruit-quality-ml/data/processed/test/Al-meneifi/alhamdan__Meneifi Date (131).jpg
/Users/ayush/Downloads/date-fruit-quality-ml/data/kaggle/alhamdan/Meneifi/Meneifi Date (132).JPG,Al-meneifi,alhamdan,test,Meneifi Date (132),/Users/ayush/Downloads/date-fruit-quality-ml/data/processed/test/Al-meneifi/alhamdan__Meneifi Date (132).jpg
/Users/ayush/Downloads/date-fruit-quality-ml/data/kaggle/alhamdan/Meneifi/Meneifi Date (133).JPG,Al-meneifi,alhamdan,test,Meneifi Date (133),/Users/ayush/Downloads/date-fruit-quality-ml/data/processed/test/Al-meneifi/alhamdan__Meneifi Date (133).jpg
/Users/ayush/Downloads/date-fruit-quality-ml/data/kaggle/alhamdan/Meneifi/Meneifi Date (134).JPG,Al-meneifi,alhamdan,train,Meneifi Date (134),/Users/ayush/Downloads/date-fruit-quality-ml/data/processed/train/Al-meneifi/alhamdan__Meneifi Date (134).jpg
/Users/ayush/Downloads/date-fruit-quality-ml/data/kaggle/alhamdan/Meneifi/Meneifi Date (135).JPG,Al-meneifi,alhamdan,train,Meneifi Date (135),/Users/ayush/Downloads/date-fruit-quality-ml/data/processed/train/Al-meneifi/alhamdan__Meneifi Date (135).jpg
/Users/ayush/Downloads/date-fruit-quality-ml/data/kaggle/alhamdan/Meneifi/Meneifi Date (136).JPG,Al-meneifi,alhamdan,train,Meneifi Date (136),/Users/ayush/Downloads/date-fruit-quality-ml/data/processed/train/Al-meneifi/alhamdan__Meneifi Date (136).jpg
/Users/ayush/Downloads/date-fruit-quality-ml/data/kaggle/alhamdan/Meneifi/Meneifi Date (137).JPG,Al-meneifi,alhamdan,val,Meneifi Date (137),/Users/ayush/Downloads/date-fruit-quality-ml/data/processed/val/Al-meneifi/alhamdan__Meneifi Date (137).jpg
/Users/ayush/Downloads/date-fruit-quality-ml/data/kaggle/alhamdan/Meneifi/Meneifi Date (138).JPG,Al-meneifi,alhamdan,train,Meneifi Date (138),/Users/ayush/Downloads/date-fruit-quality-ml/data/processed/train/Al-meneifi/alhamdan__Meneifi Date (138).jpg
/Users/ayush/Downloads/date-fruit-quality-ml/data/kaggle/alhamdan/Meneifi/Meneifi Date (139).JPG,Al-meneifi,alhamdan,train,Meneifi Date (139),/Users/ayush/Downloads/date-fruit-quality-ml/data/processed/train/Al-meneifi/alhamdan__Meneifi Date (139).jpg
/Users/ayush/Downloads/date-fruit-quality-ml/data/kaggle/alhamdan/Meneifi/Meneifi Date (14).JPG,Al-meneifi,alhamdan,test,Meneifi Date (14),/Users/ayush/Downloads/date-fruit-quality-ml/data/processed/test/Al-meneifi/alhamdan__Meneifi Date (14).jpg
/Users/ayush/Downloads/date-fruit-quality-ml/data/kaggle/alhamdan/Meneifi/Meneifi Date (140).JPG,Al-meneifi,alhamdan,train,Meneifi Date (140),/Users/ayush/Downloads/date-fruit-quality-ml/data/processed/train/Al-meneifi/alhamdan__Meneifi Date (140).jpg
/Users/ayush/Downloads/date-fruit-quality-ml/data/kaggle/alhamdan/Meneifi/Meneifi Date (141).JPG,Al-meneifi,alhamdan,val,Meneifi Date (141),/Users/ayush/Downloads/date-fruit-quality-ml/data/processed/val/Al-meneifi/alhamdan__Meneifi Date (141).jpg
/Users/ayush/Downloads/date-fruit-quality-ml/data/kaggle/alhamdan/Meneifi/Meneifi Date (142).JPG,Al-meneifi,alhamdan,test,Meneifi Date (142),/Users/ayush/Downloads/date-fruit-quality-ml/data/processed/test/Al-meneifi/alhamdan__Meneifi Date (142).jpg
/Users/ayush/Downloads/date-fruit-quality-ml/data/kaggle/alhamdan/Meneifi/Meneifi Date (143).JPG,Al-meneifi,alhamdan,train,Meneifi Date (143),/Users/ayush/Downloads/date-fruit-quality-ml/data/processed/train/Al-meneifi/alhamdan__Meneifi Date (143).jpg
/Users/ayush/Downloads/date-fruit-quality-ml/data/kaggle/alhamdan/Meneifi/Meneifi Date (144).JPG,Al-meneifi,alhamdan,val,Meneifi Date (144),/Users/ayush/Downloads/date-fruit-quality-ml/data/processed/val/Al-meneifi/alhamdan__Meneifi Date (144).jpg
/Users/ayush/Downloads/date-fruit-quality-ml/data/kaggle/alhamdan/Meneifi/Meneifi Date (145).JPG,Al-meneifi,alhamdan,train,Meneifi Date (145),/Users/ayush/Downloads/date-fruit-quality-ml/data/processed/train/Al-meneifi/alhamdan__Meneifi Date (145).jpg
/Users/ayush/Downloads/date-fruit-quality-ml/data/kaggle/alhamdan/Meneifi/Meneifi Date (146).JPG,Al-meneifi,alhamdan,train,Meneifi Date (146),/Users/ayush/Downloads/date-fruit-quality-ml/data/processed/train/Al-meneifi/alhamdan__Meneifi Date (146).jpg
/Users/ayush/Downloads/date-fruit-quality-ml/data/kaggle/alhamdan/Meneifi/Meneifi Date (147).JPG,Al-meneifi,alhamdan,test,Meneifi Date (147),/Users/ayush/Downloads/date-fruit-quality-ml/data/processed/test/Al-meneifi/alhamdan__Meneifi Date (147).jpg
/Users/ayush/Downloads/date-fruit-quality-ml/data/kaggle/alhamdan/Meneifi/Meneifi Date (148).JPG,Al-meneifi,alhamdan,train,Meneifi Date (148),/Users/ayush/Downloads/date-fruit-quality-ml/data/processed/train/Al-meneifi/alhamdan__Meneifi Date (148).jpg
/Users/ayush/Downloads/date-fruit-quality-ml/data/kaggle/alhamdan/Meneifi/Meneifi Date (149).JPG,Al-meneifi,alhamdan,train,Meneifi Date (149),/Users/ayush/Downloads/date-fruit-quality-ml/data/processed/train/Al-meneifi/alhamdan__Meneifi Date (149).jpg
/Users/ayush/Downloads/date-fruit-quality-ml/data/kaggle/alhamdan/Meneifi/Meneifi Date (15).JPG,Al-meneifi,alhamdan,train,Meneifi Date (15),/Users/ayush/Downloads/date-fruit-quality-ml/data/processed/train/Al-meneifi/alhamdan__Meneifi Date (15).jpg
/Users/ayush/Downloads/date-fruit-quality-ml/data/kaggle/alhamdan/Meneifi/Meneifi Date (150).JPG,Al-meneifi,alhamdan,val,Meneifi Date (150),/Users/ayush/Downloads/date-fruit-quality-ml/data/processed/val/Al-meneifi/alhamdan__Meneifi Date (150).jpg
/Users/ayush/Downloads/date-fruit-quality-ml/data/kaggle/alhamdan/Meneifi/Meneifi Date (151).JPG,Al-meneifi,alhamdan,train,Meneifi Date (151),/Users/ayush/Downloads/date-fruit-quality-ml/data/processed/train/Al-meneifi/alhamdan__Meneifi Date (151).jpg
/Users/ayush/Downloads/date-fruit-quality-ml/data/kaggle/alhamdan/Meneifi/Meneifi Date (152).JPG,Al-meneifi,alhamdan,train,Meneifi Date (152),/Users/ayush/Downloads/date-fruit-quality-ml/data/processed/train/Al-meneifi/alhamdan__Meneifi Date (152).jpg
/Users/ayush/Downloads/date-fruit-quality-ml/data/kaggle/alhamdan/Meneifi/Meneifi Date (153).JPG,Al-meneifi,alhamdan,val,Meneifi Date (153),/Users/ayush/Downloads/date-fruit-quality-ml/data/processed/val/Al-meneifi/alhamdan__Meneifi Date (153).jpg
/Users/ayush/Downloads/date-fruit-quality-ml/data/kaggle/alhamdan/Meneifi/Meneifi Date (154).JPG,Al-meneifi,alhamdan,train,Meneifi Date (154),/Users/ayush/Downloads/date-fruit-quality-ml/data/processed/train/Al-meneifi/alhamdan__Meneifi Date (154).jpg
/Users/ayush/Downloads/date-fruit-quality-ml/data/kaggle/alhamdan/Meneifi/Meneifi Date (155).JPG,Al-meneifi,alhamdan,train,Meneifi Date (155),/Users/ayush/Downloads/date-fruit-quality-ml/data/processed/train/Al-meneifi/alhamdan__Meneifi Date (155).jpg
/Users/ayush/Downloads/date-fruit-quality-ml/data/kaggle/alhamdan/Meneifi/Meneifi Date (156).JPG,Al-meneifi,alhamdan,train,Meneifi Date (156),/Users/ayush/Downloads/date-fruit-quality-ml/data/processed/train/Al-meneifi/alhamdan__Meneifi Date (156).jpg
/Users/ayush/Downloads/date-fruit-quality-ml/data/kaggle/alhamdan/Meneifi/Meneifi Date (157).JPG,Al-meneifi,alhamdan,train,Meneifi Date (157),/Users/ayush/Downloads/date-fruit-quality-ml/data/processed/train/Al-meneifi/alhamdan__Meneifi Date (157).jpg
/Users/ayush/Downloads/date-fruit-quality-ml/data/kaggle/alhamdan/Meneifi/Meneifi Date (158).JPG,Al-meneifi,alhamdan,train,Meneifi Date (158),/Users/ayush/Downloads/date-fruit-quality-ml/data/processed/train/Al-meneifi/alhamdan__Meneifi Date (158).jpg
/Users/ayush/Downloads/date-fruit-quality-ml/data/kaggle/alhamdan/Meneifi/Meneifi Date (159).JPG,Al-meneifi,alhamdan,test,Meneifi Date (159),/Users/ayush/Downloads/date-fruit-quality-ml/data/processed/test/Al-meneifi/alhamdan__Meneifi Date (159).jpg
/Users/ayush/Downloads/date-fruit-quality-ml/data/kaggle/alhamdan/Meneifi/Meneifi Date (16).JPG,Al-meneifi,alhamdan,train,Meneifi Date (16),/Users/ayush/Downloads/date-fruit-quality-ml/data/processed/train/Al-meneifi/alhamdan__Meneifi Date (16).jpg
/Users/ayush/Downloads/date-fruit-quality-ml/data/kaggle/alhamdan/Meneifi/Meneifi Date (160).JPG,Al-meneifi,alhamdan,train,Meneifi Date (160),/Users/ayush/Downloads/date-fruit-quality-ml/data/processed/train/Al-meneifi/alhamdan__Meneifi Date (160).jpg
/Users/ayush/Downloads/date-fruit-quality-ml/data/kaggle/alhamdan/Meneifi/Meneifi Date (161).JPG,Al-meneifi,alhamdan,train,Meneifi Date (161),/Users/ayush/Downloads/date-fruit-quality-ml/data/processed/train/Al-meneifi/alhamdan__Meneifi Date (161).jpg
/Users/ayush/Downloads/date-fruit-quality-ml/data/kaggle/alhamdan/Meneifi/Meneifi Date (162).JPG,Al-meneifi,alhamdan,train,Meneifi Date (162),/Users/ayush/Downloads/date-fruit-quality-ml/data/processed/train/Al-meneifi/alhamdan__Meneifi Date (162).jpg
/Users/ayush/Downloads/date-fruit-quality-ml/data/kaggle/alhamdan/Meneifi/Meneifi Date (163).JPG,Al-meneifi,alhamdan,train,Meneifi Date (163),/Users/ayush/Downloads/date-fruit-quality-ml/data/processed/train/Al-meneifi/alhamdan__Meneifi Date (163).jpg
/Users/ayush/Downloads/date-fruit-quality-ml/data/kaggle/alhamdan/Meneifi/Meneifi Date (164).JPG,Al-meneifi,alhamdan,train,Meneifi Date (164),/Users/ayush/Downloads/date-fruit-quality-ml/data/processed/train/Al-meneifi/alhamdan__Meneifi Date (164).jpg
/Users/ayush/Downloads/date-fruit-quality-ml/data/kaggle/alhamdan/Meneifi/Meneifi Date (165).JPG,Al-meneifi,alhamdan,train,Meneifi Date (165),/Users/ayush/Downloads/date-fruit-quality-ml/data/processed/train/Al-meneifi/alhamdan__Meneifi Date (165).jpg
/Users/ayush/Downloads/date-fruit-quality-ml/data/kaggle/alhamdan/Meneifi/Meneifi Date (166).JPG,Al-meneifi,alhamdan,train,Meneifi Date (166),/Users/ayush/Downloads/date-fruit-quality-ml/data/processed/train/Al-meneifi/alhamdan__Meneifi Date (166).jpg
/Users/ayush/Downloads/date-fruit-quality-ml/data/kaggle/alhamdan/Meneifi/Meneifi Date (167).JPG,Al-meneifi,alhamdan,train,Meneifi Date (167),/Users/ayush/Downloads/date-fruit-quality-ml/data/processed/train/Al-meneifi/alhamdan__Meneifi Date (167).jpg
/Users/ayush/Downloads/date-fruit-quality-ml/data/kaggle/alhamdan/Meneifi/Meneifi Date (168).JPG,Al-meneifi,alhamdan,train,Meneifi Date (168),/Users/ayush/Downloads/date-fruit-quality-ml/data/processed/train/Al-meneifi/alhamdan__Meneifi Date (168).jpg
/Users/ayush/Downloads/date-fruit-quality-ml/data/kaggle/alhamdan/Meneifi/Meneifi Date (169).JPG,Al-meneifi,alhamdan,train,Meneifi Date (169),/Users/ayush/Downloads/date-fruit-quality-ml/data/processed/train/Al-meneifi/alhamdan__Meneifi Date (169).jpg
/Users/ayush/Downloads/date-fruit-quality-ml/data/kaggle/alhamdan/Meneifi/Meneifi Date (17).JPG,Al-meneifi,alhamdan,train,Meneifi Date (17),/Users/ayush/Downloads/date-fruit-quality-ml/data/processed/train/Al-meneifi/alhamdan__Meneifi Date (17).jpg
/Users/ayush/Downloads/date-fruit-quality-ml/data/kaggle/alhamdan/Meneifi/Meneifi Date (170).JPG,Al-meneifi,alhamdan,train,Meneifi Date (170),/Users/ayush/Downloads/date-fruit-quality-ml/data/processed/train/Al-meneifi/alhamdan__Meneifi Date (170).jpg
/Users/ayush/Downloads/date-fruit-quality-ml/data/kaggle/alhamdan/Meneifi/Meneifi Date (171).JPG,Al-meneifi,alhamdan,train,Meneifi Date (171),/Users/ayush/Downloads/date-fruit-quality-ml/data/processed/train/Al-meneifi/alhamdan__Meneifi Date (171).jpg
/Users/ayush/Downloads/date-fruit-quality-ml/data/kaggle/alhamdan/Meneifi/Meneifi Date (172).JPG,Al-meneifi,alhamdan,train,Meneifi Date (172),/Users/ayush/Downloads/date-fruit-quality-ml/data/processed/train/Al-meneifi/alhamdan__Meneifi Date (172).jpg
/Users/ayush/Downloads/date-fruit-quality-ml/data/kaggle/alhamdan/Meneifi/Meneifi Date (173).JPG,Al-meneifi,alhamdan,train,Meneifi Date (173),/Users/ayush/Downloads/date-fruit-quality-ml/data/processed/train/Al-meneifi/alhamdan__Meneifi Date (173).jpg
/Users/ayush/Downloads/date-fruit-quality-ml/data/kaggle/alhamdan/Meneifi/Meneifi Date (174).JPG,Al-meneifi,alhamdan,train,Meneifi Date (174),/Users/ayush/Downloads/date-fruit-quality-ml/data/processed/train/Al-meneifi/alhamdan__Meneifi Date (174).jpg
/Users/ayush/Downloads/date-fruit-quality-ml/data/kaggle/alhamdan/Meneifi/Meneifi Date (175).JPG,Al-meneifi,alhamdan,train,Meneifi Date (175),/Users/ayush/Downloads/date-fruit-quality-ml/data/processed/train/Al-meneifi/alhamdan__Meneifi Date (175).jpg
/Users/ayush/Downloads/date-fruit-quality-ml/data/kaggle/alhamdan/Meneifi/Meneifi Date (176).JPG,Al-meneifi,alhamdan,val,Meneifi Date (176),/Users/ayush/Downloads/date-fruit-quality-ml/data/processed/val/Al-meneifi/alhamdan__Meneifi Date (176).jpg
/Users/ayush/Downloads/date-fruit-quality-ml/data/kaggle/alhamdan/Meneifi/Meneifi Date (177).JPG,Al-meneifi,alhamdan,train,Meneifi Date (177),/Users/ayush/Downloads/date-fruit-quality-ml/data/processed/train/Al-meneifi/alhamdan__Meneifi Date (177).jpg
/Users/ayush/Downloads/date-fruit-quality-ml/data/kaggle/alhamdan/Meneifi/Meneifi Date (178).JPG,Al-meneifi,alhamdan,train,Meneifi Date (178),/Users/ayush/Downloads/date-fruit-quality-ml/data/processed/train/Al-meneifi/alhamdan__Meneifi Date (178).jpg
/Users/ayush/Downloads/date-fruit-quality-ml/data/kaggle/alhamdan/Meneifi/Meneifi Date (179).JPG,Al-meneifi,alhamdan,train,Meneifi Date (179),/Users/ayush/Downloads/date-fruit-quality-ml/data/processed/train/Al-meneifi/alhamdan__Meneifi Date (179).jpg
/Users/ayush/Downloads/date-fruit-quality-ml/data/kaggle/alhamdan/Meneifi/Meneifi Date (18).JPG,Al-meneifi,alhamdan,train,Meneifi Date (18),/Users/ayush/Downloads/date-fruit-quality-ml/data/processed/train/Al-meneifi/alhamdan__Meneifi Date (18).jpg
/Users/ayush/Downloads/date-fruit-quality-ml/data/kaggle/alhamdan/Meneifi/Meneifi Date (180).JPG,Al-meneifi,alhamdan,train,Meneifi Date (180),/Users/ayush/Downloads/date-fruit-quality-ml/data/processed/train/Al-meneifi/alhamdan__Meneifi Date (180).jpg
/Users/ayush/Downloads/date-fruit-quality-ml/data/kaggle/alhamdan/Meneifi/Meneifi Date (181).JPG,Al-meneifi,alhamdan,train,Meneifi Date (181),/Users/ayush/Downloads/date-fruit-quality-ml/data/processed/train/Al-meneifi/alhamdan__Meneifi Date (181).jpg
/Users/ayush/Downloads/date-fruit-quality-ml/data/kaggle/alhamdan/Meneifi/Meneifi Date (182).JPG,Al-meneifi,alhamdan,val,Meneifi Date (182),/Users/ayush/Downloads/date-fruit-quality-ml/data/processed/val/Al-meneifi/alhamdan__Meneifi Date (182).jpg
/Users/ayush/Downloads/date-fruit-quality-ml/data/kaggle/alhamdan/Meneifi/Meneifi Date (183).JPG,Al-meneifi,alhamdan,train,Meneifi Date (183),/Users/ayush/Downloads/date-fruit-quality-ml/data/processed/train/Al-meneifi/alhamdan__Meneifi Date (183).jpg
/Users/ayush/Downloads/date-fruit-quality-ml/data/kaggle/alhamdan/Meneifi/Meneifi Date (184).JPG,Al-meneifi,alhamdan,test,Meneifi Date (184),/Users/ayush/Downloads/date-fruit-quality-ml/data/processed/test/Al-meneifi/alhamdan__Meneifi Date (184).jpg
/Users/ayush/Downloads/date-fruit-quality-ml/data/kaggle/alhamdan/Meneifi/Meneifi Date (185).JPG,Al-meneifi,alhamdan,train,Meneifi Date (185),/Users/ayush/Downloads/date-fruit-quality-ml/data/processed/train/Al-meneifi/alhamdan__Meneifi Date (185).jpg
/Users/ayush/Downloads/date-fruit-quality-ml/data/kaggle/alhamdan/Meneifi/Meneifi Date (186).JPG,Al-meneifi,alhamdan,val,Meneifi Date (186),/Users/ayush/Downloads/date-fruit-quality-ml/data/processed/val/Al-meneifi/alhamdan__Meneifi Date (186).jpg
/Users/ayush/Downloads/date-fruit-quality-ml/data/kaggle/alhamdan/Meneifi/Meneifi Date (187).JPG,Al-meneifi,alhamdan,train,Meneifi Date (187),/Users/ayush/Downloads/date-fruit-quality-ml/data/processed/train/Al-meneifi/alhamdan__Meneifi Date (187).jpg
/Users/ayush/Downloads/date-fruit-quality-ml/data/kaggle/alhamdan/Meneifi/Meneifi Date (188).JPG,Al-meneifi,alhamdan,test,Meneifi Date (188),/Users/ayush/Downloads/date-fruit-quality-ml/data/processed/test/Al-meneifi/alhamdan__Meneifi Date (188).jpg
/Users/ayush/Downloads/date-fruit-quality-ml/data/kaggle/alhamdan/Meneifi/Meneifi Date (189).JPG,Al-meneifi,alhamdan,train,Meneifi Date (189),/Users/ayush/Downloads/date-fruit-quality-ml/data/processed/train/Al-meneifi/alhamdan__Meneifi Date (189).jpg
/Users/ayush/Downloads/date-fruit-quality-ml/data/kaggle/alhamdan/Meneifi/Meneifi Date (19).JPG,Al-meneifi,alhamdan,train,Meneifi Date (19),/Users/ayush/Downloads/date-fruit-quality-ml/data/processed/train/Al-meneifi/alhamdan__Meneifi Date (19).jpg
/Users/ayush/Downloads/date-fruit-quality-ml/data/kaggle/alhamdan/Meneifi/Meneifi Date (190).JPG,Al-meneifi,alhamdan,train,Meneifi Date (190),/Users/ayush/Downloads/date-fruit-quality-ml/data/processed/train/Al-meneifi/alhamdan__Meneifi Date (190).jpg
/Users/ayush/Downloads/date-fruit-quality-ml/data/kaggle/alhamdan/Meneifi/Meneifi Date (191).JPG,Al-meneifi,alhamdan,train,Meneifi Date (191),/Users/ayush/Downloads/date-fruit-quality-ml/data/processed/train/Al-meneifi/alhamdan__Meneifi Date (191).jpg
/Users/ayush/Downloads/date-fruit-quality-ml/data/kaggle/alhamdan/Meneifi/Meneifi Date (192).JPG,Al-meneifi,alhamdan,val,Meneifi Date (192),/Users/ayush/Downloads/date-fruit-quality-ml/data/processed/val/Al-meneifi/alhamdan__Meneifi Date (192).jpg
/Users/ayush/Downloads/date-fruit-quality-ml/data/kaggle/alhamdan/Meneifi/Meneifi Date (193).JPG,Al-meneifi,alhamdan,train,Meneifi Date (193),/Users/ayush/Downloads/date-fruit-quality-ml/data/processed/train/Al-meneifi/alhamdan__Meneifi Date (193).jpg
/Users/ayush/Downloads/date-fruit-quality-ml/data/kaggle/alhamdan/Meneifi/Meneifi Date (194).JPG,Al-meneifi,alhamdan,train,Meneifi Date (194),/Users/ayush/Downloads/date-fruit-quality-ml/data/processed/train/Al-meneifi/alhamdan__Meneifi Date (194).jpg
/Users/ayush/Downloads/date-fruit-quality-ml/data/kaggle/alhamdan/Meneifi/Meneifi Date (195).JPG,Al-meneifi,alhamdan,train,Meneifi Date (195),/Users/ayush/Downloads/date-fruit-quality-ml/data/processed/train/Al-meneifi/alhamdan__Meneifi Date (195).jpg
/Users/ayush/Downloads/date-fruit-quality-ml/data/kaggle/alhamdan/Meneifi/Meneifi Date (196).JPG,Al-meneifi,alhamdan,train,Meneifi Date (196),/Users/ayush/Downloads/date-fruit-quality-ml/data/processed/train/Al-meneifi/alhamdan__Meneifi Date (196).jpg
/Users/ayush/Downloads/date-fruit-quality-ml/data/kaggle/alhamdan/Meneifi/Meneifi Date (197).JPG,Al-meneifi,alhamdan,val,Meneifi Date (197),/Users/ayush/Downloads/date-fruit-quality-ml/data/processed/val/Al-meneifi/alhamdan__Meneifi Date (197).jpg
/Users/ayush/Downloads/date-fruit-quality-ml/data/kaggle/alhamdan/Meneifi/Meneifi Date (198).JPG,Al-meneifi,alhamdan,train,Meneifi Date (198),/Users/ayush/Downloads/date-fruit-quality-ml/data/processed/train/Al-meneifi/alhamdan__Meneifi Date (198).jpg
/Users/ayush/Downloads/date-fruit-quality-ml/data/kaggle/alhamdan/Meneifi/Meneifi Date (199).JPG,Al-meneifi,alhamdan,test,Meneifi Date (199),/Users/ayush/Downloads/date-fruit-quality-ml/data/processed/test/Al-meneifi/alhamdan__Meneifi Date (199).jpg
/Users/ayush/Downloads/date-fruit-quality-ml/data/kaggle/alhamdan/Meneifi/Meneifi Date (2).JPG,Al-meneifi,alhamdan,train,Meneifi Date (2),/Users/ayush/Downloads/date-fruit-quality-ml/data/processed/train/Al-meneifi/alhamdan__Meneifi Date (2).jpg
/Users/ayush/Downloads/date-fruit-quality-ml/data/kaggle/alhamdan/Meneifi/Meneifi Date (20).JPG,Al-meneifi,alhamdan,train,Meneifi Date (20),/Users/ayush/Downloads/date-fruit-quality-ml/data/processed/train/Al-meneifi/alhamdan__Meneifi Date (20).jpg
/Users/ayush/Downloads/date-fruit-quality-ml/data/kaggle/alhamdan/Meneifi/Meneifi Date (200).JPG,Al-meneifi,alhamdan,test,Meneifi Date (200),/Users/ayush/Downloads/date-fruit-quality-ml/data/processed/test/Al-meneifi/alhamdan__Meneifi Date (200).jpg
/Users/ayush/Downloads/date-fruit-quality-ml/data/kaggle/alhamdan/Meneifi/Meneifi Date (201).JPG,Al-meneifi,alhamdan,train,Meneifi Date (201),/Users/ayush/Downloads/date-fruit-quality-ml/data/processed/train/Al-meneifi/alhamdan__Meneifi Date (201).jpg
/Users/ayush/Downloads/date-fruit-quality-ml/data/kaggle/alhamdan/Meneifi/Meneifi Date (202).JPG,Al-meneifi,alhamdan,test,Meneifi Date (202),/Users/ayush/Downloads/date-fruit-quality-ml/data/processed/test/Al-meneifi/alhamdan__Meneifi Date (202).jpg
/Users/ayush/Downloads/date-fruit-quality-ml/data/kaggle/alhamdan/Meneifi/Meneifi Date (203).JPG,Al-meneifi,alhamdan,val,Meneifi Date (203),/Users/ayush/Downloads/date-fruit-quality-ml/data/processed/val/Al-meneifi/alhamdan__Meneifi Date (203).jpg
/Users/ayush/Downloads/date-fruit-quality-ml/data/kaggle/alhamdan/Meneifi/Meneifi Date (204).JPG,Al-meneifi,alhamdan,train,Meneifi Date (204),/Users/ayush/Downloads/date-fruit-quality-ml/data/processed/train/Al-meneifi/alhamdan__Meneifi Date (204).jpg
/Users/ayush/Downloads/date-fruit-quality-ml/data/kaggle/alhamdan/Meneifi/Meneifi Date (205).JPG,Al-meneifi,alhamdan,test,Meneifi Date (205),/Users/ayush/Downloads/date-fruit-quality-ml/data/processed/test/Al-meneifi/alhamdan__Meneifi Date (205).jpg
/Users/ayush/Downloads/date-fruit-quality-ml/data/kaggle/alhamdan/Meneifi/Meneifi Date (206).JPG,Al-meneifi,alhamdan,train,Meneifi Date (206),/Users/ayush/Downloads/date-fruit-quality-ml/data/processed/train/Al-meneifi/alhamdan__Meneifi Date (206).jpg
/Users/ayush/Downloads/date-fruit-quality-ml/data/kaggle/alhamdan/Meneifi/Meneifi Date (207).JPG,Al-meneifi,alhamdan,train,Meneifi Date (207),/Users/ayush/Downloads/date-fruit-quality-ml/data/processed/train/Al-meneifi/alhamdan__Meneifi Date (207).jpg
/Users/ayush/Downloads/date-fruit-quality-ml/data/kaggle/alhamdan/Meneifi/Meneifi Date (208).JPG,Al-meneifi,alhamdan,train,Meneifi Date (208),/Users/ayush/Downloads/date-fruit-quality-ml/data/processed/train/Al-meneifi/alhamdan__Meneifi Date (208).jpg
/Users/ayush/Downloads/date-fruit-quality-ml/data/kaggle/alhamdan/Meneifi/Meneifi Date (209).JPG,Al-meneifi,alhamdan,train,Meneifi Date (209),/Users/ayush/Downloads/date-fruit-quality-ml/data/processed/train/Al-meneifi/alhamdan__Meneifi Date (209).jpg
/Users/ayush/Downloads/date-fruit-quality-ml/data/kaggle/alhamdan/Meneifi/Meneifi Date (21).JPG,Al-meneifi,alhamdan,test,Meneifi Date (21),/Users/ayush/Downloads/date-fruit-quality-ml/data/processed/test/Al-meneifi/alhamdan__Meneifi Date (21).jpg
/Users/ayush/Downloads/date-fruit-quality-ml/data/kaggle/alhamdan/Meneifi/Meneifi Date (210).JPG,Al-meneifi,alhamdan,train,Meneifi Date (210),/Users/ayush/Downloads/date-fruit-quality-ml/data/processed/train/Al-meneifi/alhamdan__Meneifi Date (210).jpg
/Users/ayush/Downloads/date-fruit-quality-ml/data/kaggle/alhamdan/Meneifi/Meneifi Date (211).JPG,Al-meneifi,alhamdan,train,Meneifi Date (211),/Users/ayush/Downloads/date-fruit-quality-ml/data/processed/train/Al-meneifi/alhamdan__Meneifi Date (211).jpg
/Users/ayush/Downloads/date-fruit-quality-ml/data/kaggle/alhamdan/Meneifi/Meneifi Date (212).JPG,Al-meneifi,alhamdan,val,Meneifi Date (212),/Users/ayush/Downloads/date-fruit-quality-ml/data/processed/val/Al-meneifi/alhamdan__Meneifi Date (212).jpg
/Users/ayush/Downloads/date-fruit-quality-ml/data/kaggle/alhamdan/Meneifi/Meneifi Date (213).JPG,Al-meneifi,alhamdan,val,Meneifi Date (213),/Users/ayush/Downloads/date-fruit-quality-ml/data/processed/val/Al-meneifi/alhamdan__Meneifi Date (213).jpg
/Users/ayush/Downloads/date-fruit-quality-ml/data/kaggle/alhamdan/Meneifi/Meneifi Date (214).JPG,Al-meneifi,alhamdan,train,Meneifi Date (214),/Users/ayush/Downloads/date-fruit-quality-ml/data/processed/train/Al-meneifi/alhamdan__Meneifi Date (214).jpg
/Users/ayush/Downloads/date-fruit-quality-ml/data/kaggle/alhamdan/Meneifi/Meneifi Date (215).JPG,Al-meneifi,alhamdan,val,Meneifi Date (215),/Users/ayush/Downloads/date-fruit-quality-ml/data/processed/val/Al-meneifi/alhamdan__Meneifi Date (215).jpg
/Users/ayush/Downloads/date-fruit-quality-ml/data/kaggle/alhamdan/Meneifi/Meneifi Date (216).JPG,Al-meneifi,alhamdan,train,Meneifi Date (216),/Users/ayush/Downloads/date-fruit-quality-ml/data/processed/train/Al-meneifi/alhamdan__Meneifi Date (216).jpg
/Users/ayush/Downloads/date-fruit-quality-ml/data/kaggle/alhamdan/Meneifi/Meneifi Date (217).JPG,Al-meneifi,alhamdan,train,Meneifi Date (217),/Users/ayush/Downloads/date-fruit-quality-ml/data/processed/train/Al-meneifi/alhamdan__Meneifi Date (217).jpg
/Users/ayush/Downloads/date-fruit-quality-ml/data/kaggle/alhamdan/Meneifi/Meneifi Date (218).JPG,Al-meneifi,alhamdan,train,Meneifi Date (218),/Users/ayush/Downloads/date-fruit-quality-ml/data/processed/train/Al-meneifi/alhamdan__Meneifi Date (218).jpg
/Users/ayush/Downloads/date-fruit-quality-ml/data/kaggle/alhamdan/Meneifi/Meneifi Date (219).JPG,Al-meneifi,alhamdan,train,Meneifi Date (219),/Users/ayush/Downloads/date-fruit-quality-ml/data/processed/train/Al-meneifi/alhamdan__Meneifi Date (219).jpg
/Users/ayush/Downloads/date-fruit-quality-ml/data/kaggle/alhamdan/Meneifi/Meneifi Date (22).JPG,Al-meneifi,alhamdan,train,Meneifi Date (22),/Users/ayush/Downloads/date-fruit-quality-ml/data/processed/train/Al-meneifi/alhamdan__Meneifi Date (22).jpg
/Users/ayush/Downloads/date-fruit-quality-ml/data/kaggle/alhamdan/Meneifi/Meneifi Date (220).JPG,Al-meneifi,alhamdan,train,Meneifi Date (220),/Users/ayush/Downloads/date-fruit-quality-ml/data/processed/train/Al-meneifi/alhamdan__Meneifi Date (220).jpg
/Users/ayush/Downloads/date-fruit-quality-ml/data/kaggle/alhamdan/Meneifi/Meneifi Date (221).JPG,Al-meneifi,alhamdan,test,Meneifi Date (221),/Users/ayush/Downloads/date-fruit-quality-ml/data/processed/test/Al-meneifi/alhamdan__Meneifi Date (221).jpg
/Users/ayush/Downloads/date-fruit-quality-ml/data/kaggle/alhamdan/Meneifi/Meneifi Date (222).JPG,Al-meneifi,alhamdan,train,Meneifi Date (222),/Users/ayush/Downloads/date-fruit-quality-ml/data/processed/train/Al-meneifi/alhamdan__Meneifi Date (222).jpg
/Users/ayush/Downloads/date-fruit-quality-ml/data/kaggle/alhamdan/Meneifi/Meneifi Date (223).JPG,Al-meneifi,alhamdan,train,Meneifi Date (223),/Users/ayush/Downloads/date-fruit-quality-ml/data/processed/train/Al-meneifi/alhamdan__Meneifi Date (223).jpg
/Users/ayush/Downloads/date-fruit-quality-ml/data/kaggle/alhamdan/Meneifi/Meneifi Date (224).JPG,Al-meneifi,alhamdan,train,Meneifi Date (224),/Users/ayush/Downloads/date-fruit-quality-ml/data/processed/train/Al-meneifi/alhamdan__Meneifi Date (224).jpg
/Users/ayush/Downloads/date-fruit-quality-ml/data/kaggle/alhamdan/Meneifi/Meneifi Date (225).JPG,Al-meneifi,alhamdan,train,Meneifi Date (225),/Users/ayush/Downloads/date-fruit-quality-ml/data/processed/train/Al-meneifi/alhamdan__Meneifi Date (225).jpg
/Users/ayush/Downloads/date-fruit-quality-ml/data/kaggle/alhamdan/Meneifi/Meneifi Date (226).JPG,Al-meneifi,alhamdan,train,Meneifi Date (226),/Users/ayush/Downloads/date-fruit-quality-ml/data/processed/train/Al-meneifi/alhamdan__Meneifi Date (226).jpg
/Users/ayush/Downloads/date-fruit-quality-ml/data/kaggle/alhamdan/Meneifi/Meneifi Date (227).JPG,Al-meneifi,alhamdan,train,Meneifi Date (227),/Users/ayush/Downloads/date-fruit-quality-ml/data/processed/train/Al-meneifi/alhamdan__Meneifi Date (227).jpg
/Users/ayush/Downloads/date-fruit-quality-ml/data/kaggle/alhamdan/Meneifi/Meneifi Date (228).JPG,Al-meneifi,alhamdan,train,Meneifi Date (228),/Users/ayush/Downloads/date-fruit-quality-ml/data/processed/train/Al-meneifi/alhamdan__Meneifi Date (228).jpg
/Users/ayush/Downloads/date-fruit-quality-ml/data/kaggle/alhamdan/Meneifi/Meneifi Date (229).JPG,Al-meneifi,alhamdan,train,Meneifi Date (229),/Users/ayush/Downloads/date-fruit-quality-ml/data/processed/train/Al-meneifi/alhamdan__Meneifi Date (229).jpg
/Users/ayush/Downloads/date-fruit-quality-ml/data/kaggle/alhamdan/Meneifi/Meneifi Date (23).JPG,Al-meneifi,alhamdan,train,Meneifi Date (23),/Users/ayush/Downloads/date-fruit-quality-ml/data/processed/train/Al-meneifi/alhamdan__Meneifi Date (23).jpg
/Users/ayush/Downloads/date-fruit-quality-ml/data/kaggle/alhamdan/Meneifi/Meneifi Date (230).JPG,Al-meneifi,alhamdan,val,Meneifi Date (230),/Users/ayush/Downloads/date-fruit-quality-ml/data/processed/val/Al-meneifi/alhamdan__Meneifi Date (230).jpg
/Users/ayush/Downloads/date-fruit-quality-ml/data/kaggle/alhamdan/Meneifi/Meneifi Date (231).JPG,Al-meneifi,alhamdan,train,Meneifi Date (231),/Users/ayush/Downloads/date-fruit-quality-ml/data/processed/train/Al-meneifi/alhamdan__Meneifi Date (231).jpg
/Users/ayush/Downloads/date-fruit-quality-ml/data/kaggle/alhamdan/Meneifi/Meneifi Date (232).JPG,Al-meneifi,alhamdan,train,Meneifi Date (232),/Users/ayush/Downloads/date-fruit-quality-ml/data/processed/train/Al-meneifi/alhamdan__Meneifi Date (232).jpg
/Users/ayush/Downloads/date-fruit-quality-ml/data/kaggle/alhamdan/Meneifi/Meneifi Date (24).JPG,Al-meneifi,alhamdan,train,Meneifi Date (24),/Users/ayush/Downloads/date-fruit-quality-ml/data/processed/train/Al-meneifi/alhamdan__Meneifi Date (24).jpg
/Users/ayush/Downloads/date-fruit-quality-ml/data/kaggle/alhamdan/Meneifi/Meneifi Date (25).JPG,Al-meneifi,alhamdan,test,Meneifi Date (25),/Users/ayush/Downloads/date-fruit-quality-ml/data/processed/test/Al-meneifi/alhamdan__Meneifi Date (25).jpg
/Users/ayush/Downloads/date-fruit-quality-ml/data/kaggle/alhamdan/Meneifi/Meneifi Date (26).JPG,Al-meneifi,alhamdan,train,Meneifi Date (26),/Users/ayush/Downloads/date-fruit-quality-ml/data/processed/train/Al-meneifi/alhamdan__Meneifi Date (26).jpg
/Users/ayush/Downloads/date-fruit-quality-ml/data/kaggle/alhamdan/Meneifi/Meneifi Date (27).JPG,Al-meneifi,alhamdan,train,Meneifi Date (27),/Users/ayush/Downloads/date-fruit-quality-ml/data/processed/train/Al-meneifi/alhamdan__Meneifi Date (27).jpg
/Users/ayush/Downloads/date-fruit-quality-ml/data/kaggle/alhamdan/Meneifi/Meneifi Date (28).JPG,Al-meneifi,alhamdan,train,Meneifi Date (28),/Users/ayush/Downloads/date-fruit-quality-ml/data/processed/train/Al-meneifi/alhamdan__Meneifi Date (28).jpg
/Users/ayush/Downloads/date-fruit-quality-ml/data/kaggle/alhamdan/Meneifi/Meneifi Date (29).JPG,Al-meneifi,alhamdan,test,Meneifi Date (29),/Users/ayush/Downloads/date-fruit-quality-ml/data/processed/test/Al-meneifi/alhamdan__Meneifi Date (29).jpg
/Users/ayush/Downloads/date-fruit-quality-ml/data/kaggle/alhamdan/Meneifi/Meneifi Date (3).JPG,Al-meneifi,alhamdan,train,Meneifi Date (3),/Users/ayush/Downloads/date-fruit-quality-ml/data/processed/train/Al-meneifi/alhamdan__Meneifi Date (3).jpg
/Users/ayush/Downloads/date-fruit-quality-ml/data/kaggle/alhamdan/Meneifi/Meneifi Date (30).JPG,Al-meneifi,alhamdan,train,Meneifi Date (30),/Users/ayush/Downloads/date-fruit-quality-ml/data/processed/train/Al-meneifi/alhamdan__Meneifi Date (30).jpg
/Users/ayush/Downloads/date-fruit-quality-ml/data/kaggle/alhamdan/Meneifi/Meneifi Date (31).JPG,Al-meneifi,alhamdan,val,Meneifi Date (31),/Users/ayush/Downloads/date-fruit-quality-ml/data/processed/val/Al-meneifi/alhamdan__Meneifi Date (31).jpg
/Users/ayush/Downloads/date-fruit-quality-ml/data/kaggle/alhamdan/Meneifi/Meneifi Date (32).JPG,Al-meneifi,alhamdan,train,Meneifi Date (32),/Users/ayush/Downloads/date-fruit-quality-ml/data/processed/train/Al-meneifi/alhamdan__Meneifi Date (32).jpg
/Users/ayush/Downloads/date-fruit-quality-ml/data/kaggle/alhamdan/Meneifi/Meneifi Date (33).JPG,Al-meneifi,alhamdan,test,Meneifi Date (33),/Users/ayush/Downloads/date-fruit-quality-ml/data/processed/test/Al-meneifi/alhamdan__Meneifi Date (33).jpg
/Users/ayush/Downloads/date-fruit-quality-ml/data/kaggle/alhamdan/Meneifi/Meneifi Date (34).JPG,Al-meneifi,alhamdan,test,Meneifi Date (34),/Users/ayush/Downloads/date-fruit-quality-ml/data/processed/test/Al-meneifi/alhamdan__Meneifi Date (34).jpg
/Users/ayush/Downloads/date-fruit-quality-ml/data/kaggle/alhamdan/Meneifi/Meneifi Date (35).JPG,Al-meneifi,alhamdan,train,Meneifi Date (35),/Users/ayush/Downloads/date-fruit-quality-ml/data/processed/train/Al-meneifi/alhamdan__Meneifi Date (35).jpg
/Users/ayush/Downloads/date-fruit-quality-ml/data/kaggle/alhamdan/Meneifi/Meneifi Date (36).JPG,Al-meneifi,alhamdan,train,Meneifi Date (36),/Users/ayush/Downloads/date-fruit-quality-ml/data/processed/train/Al-meneifi/alhamdan__Meneifi Date (36).jpg
/Users/ayush/Downloads/date-fruit-quality-ml/data/kaggle/alhamdan/Meneifi/Meneifi Date (37).JPG,Al-meneifi,alhamdan,train,Meneifi Date (37),/Users/ayush/Downloads/date-fruit-quality-ml/data/processed/train/Al-meneifi/alhamdan__Meneifi Date (37).jpg
/Users/ayush/Downloads/date-fruit-quality-ml/data/kaggle/alhamdan/Meneifi/Meneifi Date (38).JPG,Al-meneifi,alhamdan,train,Meneifi Date (38),/Users/ayush/Downloads/date-fruit-quality-ml/data/processed/train/Al-meneifi/alhamdan__Meneifi Date (38).jpg
/Users/ayush/Downloads/date-fruit-quality-ml/data/kaggle/alhamdan/Meneifi/Meneifi Date (39).JPG,Al-meneifi,alhamdan,train,Meneifi Date (39),/Users/ayush/Downloads/date-fruit-quality-ml/data/processed/train/Al-meneifi/alhamdan__Meneifi Date (39).jpg
/Users/ayush/Downloads/date-fruit-quality-ml/data/kaggle/alhamdan/Meneifi/Meneifi Date (4).JPG,Al-meneifi,alhamdan,train,Meneifi Date (4),/Users/ayush/Downloads/date-fruit-quality-ml/data/processed/train/Al-meneifi/alhamdan__Meneifi Date (4).jpg
/Users/ayush/Downloads/date-fruit-quality-ml/data/kaggle/alhamdan/Meneifi/Meneifi Date (40).JPG,Al-meneifi,alhamdan,train,Meneifi Date (40),/Users/ayush/Downloads/date-fruit-quality-ml/data/processed/train/Al-meneifi/alhamdan__Meneifi Date (40).jpg
/Users/ayush/Downloads/date-fruit-quality-ml/data/kaggle/alhamdan/Meneifi/Meneifi Date (41).JPG,Al-meneifi,alhamdan,train,Meneifi Date (41),/Users/ayush/Downloads/date-fruit-quality-ml/data/processed/train/Al-meneifi/alhamdan__Meneifi Date (41).jpg
/Users/ayush/Downloads/date-fruit-quality-ml/data/kaggle/alhamdan/Meneifi/Meneifi Date (42).JPG,Al-meneifi,alhamdan,train,Meneifi Date (42),/Users/ayush/Downloads/date-fruit-quality-ml/data/processed/train/Al-meneifi/alhamdan__Meneifi Date (42).jpg
/Users/ayush/Downloads/date-fruit-quality-ml/data/kaggle/alhamdan/Meneifi/Meneifi Date (43).JPG,Al-meneifi,alhamdan,train,Meneifi Date (43),/Users/ayush/Downloads/date-fruit-quality-ml/data/processed/train/Al-meneifi/alhamdan__Meneifi Date (43).jpg
/Users/ayush/Downloads/date-fruit-quality-ml/data/kaggle/alhamdan/Meneifi/Meneifi Date (44).JPG,Al-meneifi,alhamdan,test,Meneifi Date (44),/Users/ayush/Downloads/date-fruit-quality-ml/data/processed/test/Al-meneifi/alhamdan__Meneifi Date (44).jpg
/Users/ayush/Downloads/date-fruit-quality-ml/data/kaggle/alhamdan/Meneifi/Meneifi Date (45).JPG,Al-meneifi,alhamdan,train,Meneifi Date (45),/Users/ayush/Downloads/date-fruit-quality-ml/data/processed/train/Al-meneifi/alhamdan__Meneifi Date (45).jpg
/Users/ayush/Downloads/date-fruit-quality-ml/data/kaggle/alhamdan/Meneifi/Meneifi Date (46).JPG,Al-meneifi,alhamdan,val,Meneifi Date (46),/Users/ayush/Downloads/date-fruit-quality-ml/data/processed/val/Al-meneifi/alhamdan__Meneifi Date (46).jpg
/Users/ayush/Downloads/date-fruit-quality-ml/data/kaggle/alhamdan/Meneifi/Meneifi Date (47).JPG,Al-meneifi,alhamdan,test,Meneifi Date (47),/Users/ayush/Downloads/date-fruit-quality-ml/data/processed/test/Al-meneifi/alhamdan__Meneifi Date (47).jpg
/Users/ayush/Downloads/date-fruit-quality-ml/data/kaggle/alhamdan/Meneifi/Meneifi Date (48).JPG,Al-meneifi,alhamdan,train,Meneifi Date (48),/Users/ayush/Downloads/date-fruit-quality-ml/data/processed/train/Al-meneifi/alhamdan__Meneifi Date (48).jpg
/Users/ayush/Downloads/date-fruit-quality-ml/data/kaggle/alhamdan/Meneifi/Meneifi Date (49).JPG,Al-meneifi,alhamdan,train,Meneifi Date (49),/Users/ayush/Downloads/date-fruit-quality-ml/data/processed/train/Al-meneifi/alhamdan__Meneifi Date (49).jpg
/Users/ayush/Downloads/date-fruit-quality-ml/data/kaggle/alhamdan/Meneifi/Meneifi Date (5).JPG,Al-meneifi,alhamdan,train,Meneifi Date (5),/Users/ayush/Downloads/date-fruit-quality-ml/data/processed/train/Al-meneifi/alhamdan__Meneifi Date (5).jpg
/Users/ayush/Downloads/date-fruit-quality-ml/data/kaggle/alhamdan/Meneifi/Meneifi Date (50).JPG,Al-meneifi,alhamdan,train,Meneifi Date (50),/Users/ayush/Downloads/date-fruit-quality-ml/data/processed/train/Al-meneifi/alhamdan__Meneifi Date (50).jpg
/Users/ayush/Downloads/date-fruit-quality-ml/data/kaggle/alhamdan/Meneifi/Meneifi Date (51).JPG,Al-meneifi,alhamdan,train,Meneifi Date (51),/Users/ayush/Downloads/date-fruit-quality-ml/data/processed/train/Al-meneifi/alhamdan__Meneifi Date (51).jpg
/Users/ayush/Downloads/date-fruit-quality-ml/data/kaggle/alhamdan/Meneifi/Meneifi Date (52).JPG,Al-meneifi,alhamdan,test,Meneifi Date (52),/Users/ayush/Downloads/date-fruit-quality-ml/data/processed/test/Al-meneifi/alhamdan__Meneifi Date (52).jpg
/Users/ayush/Downloads/date-fruit-quality-ml/data/kaggle/alhamdan/Meneifi/Meneifi Date (53).JPG,Al-meneifi,alhamdan,val,Meneifi Date (53),/Users/ayush/Downloads/date-fruit-quality-ml/data/processed/val/Al-meneifi/alhamdan__Meneifi Date (53).jpg
/Users/ayush/Downloads/date-fruit-quality-ml/data/kaggle/alhamdan/Meneifi/Meneifi Date (54).JPG,Al-meneifi,alhamdan,train,Meneifi Date (54),/Users/ayush/Downloads/date-fruit-quality-ml/data/processed/train/Al-meneifi/alhamdan__Meneifi Date (54).jpg
/Users/ayush/Downloads/date-fruit-quality-ml/data/kaggle/alhamdan/Meneifi/Meneifi Date (55).JPG,Al-meneifi,alhamdan,train,Meneifi Date (55),/Users/ayush/Downloads/date-fruit-quality-ml/data/processed/train/Al-meneifi/alhamdan__Meneifi Date (55).jpg
/Users/ayush/Downloads/date-fruit-quality-ml/data/kaggle/alhamdan/Meneifi/Meneifi Date (56).JPG,Al-meneifi,alhamdan,train,Meneifi Date (56),/Users/ayush/Downloads/date-fruit-quality-ml/data/processed/train/Al-meneifi/alhamdan__Meneifi Date (56).jpg
/Users/ayush/Downloads/date-fruit-quality-ml/data/kaggle/alhamdan/Meneifi/Meneifi Date (57).JPG,Al-meneifi,alhamdan,train,Meneifi Date (57),/Users/ayush/Downloads/date-fruit-quality-ml/data/processed/train/Al-meneifi/alhamdan__Meneifi Date (57).jpg
/Users/ayush/Downloads/date-fruit-quality-ml/data/kaggle/alhamdan/Meneifi/Meneifi Date (58).JPG,Al-meneifi,alhamdan,train,Meneifi Date (58),/Users/ayush/Downloads/date-fruit-quality-ml/data/processed/train/Al-meneifi/alhamdan__Meneifi Date (58).jpg
/Users/ayush/Downloads/date-fruit-quality-ml/data/kaggle/alhamdan/Meneifi/Meneifi Date (59).JPG,Al-meneifi,alhamdan,val,Meneifi Date (59),/Users/ayush/Downloads/date-fruit-quality-ml/data/processed/val/Al-meneifi/alhamdan__Meneifi Date (59).jpg
/Users/ayush/Downloads/date-fruit-quality-ml/data/kaggle/alhamdan/Meneifi/Meneifi Date (6).JPG,Al-meneifi,alhamdan,test,Meneifi Date (6),/Users/ayush/Downloads/date-fruit-quality-ml/data/processed/test/Al-meneifi/alhamdan__Meneifi Date (6).jpg
/Users/ayush/Downloads/date-fruit-quality-ml/data/kaggle/alhamdan/Meneifi/Meneifi Date (60).JPG,Al-meneifi,alhamdan,train,Meneifi Date (60),/Users/ayush/Downloads/date-fruit-quality-ml/data/processed/train/Al-meneifi/alhamdan__Meneifi Date (60).jpg
/Users/ayush/Downloads/date-fruit-quality-ml/data/kaggle/alhamdan/Meneifi/Meneifi Date (61).JPG,Al-meneifi,alhamdan,train,Meneifi Date (61),/Users/ayush/Downloads/date-fruit-quality-ml/data/processed/train/Al-meneifi/alhamdan__Meneifi Date (61).jpg
/Users/ayush/Downloads/date-fruit-quality-ml/data/kaggle/alhamdan/Meneifi/Meneifi Date (62).JPG,Al-meneifi,alhamdan,test,Meneifi Date (62),/Users/ayush/Downloads/date-fruit-quality-ml/data/processed/test/Al-meneifi/alhamdan__Meneifi Date (62).jpg
/Users/ayush/Downloads/date-fruit-quality-ml/data/kaggle/alhamdan/Meneifi/Meneifi Date (63).JPG,Al-meneifi,alhamdan,val,Meneifi Date (63),/Users/ayush/Downloads/date-fruit-quality-ml/data/processed/val/Al-meneifi/alhamdan__Meneifi Date (63).jpg
/Users/ayush/Downloads/date-fruit-quality-ml/data/kaggle/alhamdan/Meneifi/Meneifi Date (64).JPG,Al-meneifi,alhamdan,train,Meneifi Date (64),/Users/ayush/Downloads/date-fruit-quality-ml/data/processed/train/Al-meneifi/alhamdan__Meneifi Date (64).jpg
/Users/ayush/Downloads/date-fruit-quality-ml/data/kaggle/alhamdan/Meneifi/Meneifi Date (65).JPG,Al-meneifi,alhamdan,val,Meneifi Date (65),/Users/ayush/Downloads/date-fruit-quality-ml/data/processed/val/Al-meneifi/alhamdan__Meneifi Date (65).jpg
/Users/ayush/Downloads/date-fruit-quality-ml/data/kaggle/alhamdan/Meneifi/Meneifi Date (66).JPG,Al-meneifi,alhamdan,train,Meneifi Date (66),/Users/ayush/Downloads/date-fruit-quality-ml/data/processed/train/Al-meneifi/alhamdan__Meneifi Date (66).jpg
/Users/ayush/Downloads/date-fruit-quality-ml/data/kaggle/alhamdan/Meneifi/Meneifi Date (67).JPG,Al-meneifi,alhamdan,test,Meneifi Date (67),/Users/ayush/Downloads/date-fruit-quality-ml/data/processed/test/Al-meneifi/alhamdan__Meneifi Date (67).jpg
/Users/ayush/Downloads/date-fruit-quality-ml/data/kaggle/alhamdan/Meneifi/Meneifi Date (68).JPG,Al-meneifi,alhamdan,val,Meneifi Date (68),/Users/ayush/Downloads/date-fruit-quality-ml/data/processed/val/Al-meneifi/alhamdan__Meneifi Date (68).jpg
/Users/ayush/Downloads/date-fruit-quality-ml/data/kaggle/alhamdan/Meneifi/Meneifi Date (69).JPG,Al-meneifi,alhamdan,train,Meneifi Date (69),/Users/ayush/Downloads/date-fruit-quality-ml/data/processed/train/Al-meneifi/alhamdan__Meneifi Date (69).jpg
/Users/ayush/Downloads/date-fruit-quality-ml/data/kaggle/alhamdan/Meneifi/Meneifi Date (7).JPG,Al-meneifi,alhamdan,train,Meneifi Date (7),/Users/ayush/Downloads/date-fruit-quality-ml/data/processed/train/Al-meneifi/alhamdan__Meneifi Date (7).jpg
/Users/ayush/Downloads/date-fruit-quality-ml/data/kaggle/alhamdan/Meneifi/Meneifi Date (70).JPG,Al-meneifi,alhamdan,test,Meneifi Date (70),/Users/ayush/Downloads/date-fruit-quality-ml/data/processed/test/Al-meneifi/alhamdan__Meneifi Date (70).jpg
/Users/ayush/Downloads/date-fruit-quality-ml/data/kaggle/alhamdan/Meneifi/Meneifi Date (71).JPG,Al-meneifi,alhamdan,train,Meneifi Date (71),/Users/ayush/Downloads/date-fruit-quality-ml/data/processed/train/Al-meneifi/alhamdan__Meneifi Date (71).jpg
/Users/ayush/Downloads/date-fruit-quality-ml/data/kaggle/alhamdan/Meneifi/Meneifi Date (72).JPG,Al-meneifi,alhamdan,train,Meneifi Date (72),/Users/ayush/Downloads/date-fruit-quality-ml/data/processed/train/Al-meneifi/alhamdan__Meneifi Date (72).jpg
/Users/ayush/Downloads/date-fruit-quality-ml/data/kaggle/alhamdan/Meneifi/Meneifi Date (73).JPG,Al-meneifi,alhamdan,test,Meneifi Date (73),/Users/ayush/Downloads/date-fruit-quality-ml/data/processed/test/Al-meneifi/alhamdan__Meneifi Date (73).jpg
/Users/ayush/Downloads/date-fruit-quality-ml/data/kaggle/alhamdan/Meneifi/Meneifi Date (74).JPG,Al-meneifi,alhamdan,train,Meneifi Date (74),/Users/ayush/Downloads/date-fruit-quality-ml/data/processed/train/Al-meneifi/alhamdan__Meneifi Date (74).jpg
/Users/ayush/Downloads/date-fruit-quality-ml/data/kaggle/alhamdan/Meneifi/Meneifi Date (75).JPG,Al-meneifi,alhamdan,train,Meneifi Date (75),/Users/ayush/Downloads/date-fruit-quality-ml/data/processed/train/Al-meneifi/alhamdan__Meneifi Date (75).jpg
/Users/ayush/Downloads/date-fruit-quality-ml/data/kaggle/alhamdan/Meneifi/Meneifi Date (76).JPG,Al-meneifi,alhamdan,val,Meneifi Date (76),/Users/ayush/Downloads/date-fruit-quality-ml/data/processed/val/Al-meneifi/alhamdan__Meneifi Date (76).jpg
/Users/ayush/Downloads/date-fruit-quality-ml/data/kaggle/alhamdan/Meneifi/Meneifi Date (77).JPG,Al-meneifi,alhamdan,train,Meneifi Date (77),/Users/ayush/Downloads/date-fruit-quality-ml/data/processed/train/Al-meneifi/alhamdan__Meneifi Date (77).jpg
/Users/ayush/Downloads/date-fruit-quality-ml/data/kaggle/alhamdan/Meneifi/Meneifi Date (78).JPG,Al-meneifi,alhamdan,val,Meneifi Date (78),/Users/ayush/Downloads/date-fruit-quality-ml/data/processed/val/Al-meneifi/alhamdan__Meneifi Date (78).jpg
/Users/ayush/Downloads/date-fruit-quality-ml/data/kaggle/alhamdan/Meneifi/Meneifi Date (79).JPG,Al-meneifi,alhamdan,train,Meneifi Date (79),/Users/ayush/Downloads/date-fruit-quality-ml/data/processed/train/Al-meneifi/alhamdan__Meneifi Date (79).jpg
/Users/ayush/Downloads/date-fruit-quality-ml/data/kaggle/alhamdan/Meneifi/Meneifi Date (8).JPG,Al-meneifi,alhamdan,train,Meneifi Date (8),/Users/ayush/Downloads/date-fruit-quality-ml/data/processed/train/Al-meneifi/alhamdan__Meneifi Date (8).jpg
/Users/ayush/Downloads/date-fruit-quality-ml/data/kaggle/alhamdan/Meneifi/Meneifi Date (80).JPG,Al-meneifi,alhamdan,train,Meneifi Date (80),/Users/ayush/Downloads/date-fruit-quality-ml/data/processed/train/Al-meneifi/alhamdan__Meneifi Date (80).jpg
/Users/ayush/Downloads/date-fruit-quality-ml/data/kaggle/alhamdan/Meneifi/Meneifi Date (81).JPG,Al-meneifi,alhamdan,train,Meneifi Date (81),/Users/ayush/Downloads/date-fruit-quality-ml/data/processed/train/Al-meneifi/alhamdan__Meneifi Date (81).jpg
/Users/ayush/Downloads/date-fruit-quality-ml/data/kaggle/alhamdan/Meneifi/Meneifi Date (82).JPG,Al-meneifi,alhamdan,test,Meneifi Date (82),/Users/ayush/Downloads/date-fruit-quality-ml/data/processed/test/Al-meneifi/alhamdan__Meneifi Date (82).jpg
/Users/ayush/Downloads/date-fruit-quality-ml/data/kaggle/alhamdan/Meneifi/Meneifi Date (83).JPG,Al-meneifi,alhamdan,train,Meneifi Date (83),/Users/ayush/Downloads/date-fruit-quality-ml/data/processed/train/Al-meneifi/alhamdan__Meneifi Date (83).jpg
/Users/ayush/Downloads/date-fruit-quality-ml/data/kaggle/alhamdan/Meneifi/Meneifi Date (84).JPG,Al-meneifi,alhamdan,val,Meneifi Date (84),/Users/ayush/Downloads/date-fruit-quality-ml/data/processed/val/Al-meneifi/alhamdan__Meneifi Date (84).jpg
/Users/ayush/Downloads/date-fruit-quality-ml/data/kaggle/alhamdan/Meneifi/Meneifi Date (85).JPG,Al-meneifi,alhamdan,train,Meneifi Date (85),/Users/ayush/Downloads/date-fruit-quality-ml/data/processed/train/Al-meneifi/alhamdan__Meneifi Date (85).jpg
/Users/ayush/Downloads/date-fruit-quality-ml/data/kaggle/alhamdan/Meneifi/Meneifi Date (86).JPG,Al-meneifi,alhamdan,train,Meneifi Date (86),/Users/ayush/Downloads/date-fruit-quality-ml/data/processed/train/Al-meneifi/alhamdan__Meneifi Date (86).jpg
/Users/ayush/Downloads/date-fruit-quality-ml/data/kaggle/alhamdan/Meneifi/Meneifi Date (87).JPG,Al-meneifi,alhamdan,train,Meneifi Date (87),/Users/ayush/Downloads/date-fruit-quality-ml/data/processed/train/Al-meneifi/alhamdan__Meneifi Date (87).jpg
/Users/ayush/Downloads/date-fruit-quality-ml/data/kaggle/alhamdan/Meneifi/Meneifi Date (88).JPG,Al-meneifi,alhamdan,train,Meneifi Date (88),/Users/ayush/Downloads/date-fruit-quality-ml/data/processed/train/Al-meneifi/alhamdan__Meneifi Date (88).jpg
/Users/ayush/Downloads/date-fruit-quality-ml/data/kaggle/alhamdan/Meneifi/Meneifi Date (89).JPG,Al-meneifi,alhamdan,train,Meneifi Date (89),/Users/ayush/Downloads/date-fruit-quality-ml/data/processed/train/Al-meneifi/alhamdan__Meneifi Date (89).jpg
/Users/ayush/Downloads/date-fruit-quality-ml/data/kaggle/alhamdan/Meneifi/Meneifi Date (9).JPG,Al-meneifi,alhamdan,train,Meneifi Date (9),/Users/ayush/Downloads/date-fruit-quality-ml/data/processed/train/Al-meneifi/alhamdan__Meneifi Date (9).jpg
/Users/ayush/Downloads/date-fruit-quality-ml/data/kaggle/alhamdan/Meneifi/Meneifi Date (90).JPG,Al-meneifi,alhamdan,val,Meneifi Date (90),/Users/ayush/Downloads/date-fruit-quality-ml/data/processed/val/Al-meneifi/alhamdan__Meneifi Date (90).jpg
/Users/ayush/Downloads/date-fruit-quality-ml/data/kaggle/alhamdan/Meneifi/Meneifi Date (91).JPG,Al-meneifi,alhamdan,train,Meneifi Date (91),/Users/ayush/Downloads/date-fruit-quality-ml/data/processed/train/Al-meneifi/alhamdan__Meneifi Date (91).jpg
/Users/ayush/Downloads/date-fruit-quality-ml/data/kaggle/alhamdan/Meneifi/Meneifi Date (92).JPG,Al-meneifi,alhamdan,train,Meneifi Date (92),/Users/ayush/Downloads/date-fruit-quality-ml/data/processed/train/Al-meneifi/alhamdan__Meneifi Date (92).jpg
/Users/ayush/Downloads/date-fruit-quality-ml/data/kaggle/alhamdan/Meneifi/Meneifi Date (93).JPG,Al-meneifi,alhamdan,train,Meneifi Date (93),/Users/ayush/Downloads/date-fruit-quality-ml/data/processed/train/Al-meneifi/alhamdan__Meneifi Date (93).jpg
/Users/ayush/Downloads/date-fruit-quality-ml/data/kaggle/alhamdan/Meneifi/Meneifi Date (94).JPG,Al-meneifi,alhamdan,train,Meneifi Date (94),/Users/ayush/Downloads/date-fruit-quality-ml/data/processed/train/Al-meneifi/alhamdan__Meneifi Date (94).jpg
/Users/ayush/Downloads/date-fruit-quality-ml/data/kaggle/alhamdan/Meneifi/Meneifi Date (95).JPG,Al-meneifi,alhamdan,train,Meneifi Date (95),/Users/ayush/Downloads/date-fruit-quality-ml/data/processed/train/Al-meneifi/alhamdan__Meneifi Date (95).jpg
/Users/ayush/Downloads/date-fruit-quality-ml/data/kaggle/alhamdan/Meneifi/Meneifi Date (96).JPG,Al-meneifi,alhamdan,val,Meneifi Date (96),/Users/ayush/Downloads/date-fruit-quality-ml/data/processed/val/Al-meneifi/alhamdan__Meneifi Date (96).jpg
/Users/ayush/Downloads/date-fruit-quality-ml/data/kaggle/alhamdan/Meneifi/Meneifi Date (97).JPG,Al-meneifi,alhamdan,train,Meneifi Date (97),/Users/ayush/Downloads/date-fruit-quality-ml/data/processed/train/Al-meneifi/alhamdan__Meneifi Date (97).jpg
/Users/ayush/Downloads/date-fruit-quality-ml/data/kaggle/alhamdan/Meneifi/Meneifi Date (98).JPG,Al-meneifi,alhamdan,train,Meneifi Date (98),/Users/ayush/Downloads/date-fruit-quality-ml/data/processed/train/Al-meneifi/alhamdan__Meneifi Date (98).jpg
/Users/ayush/Downloads/date-fruit-quality-ml/data/kaggle/alhamdan/Meneifi/Meneifi Date (99).JPG,Al-meneifi,alhamdan,train,Meneifi Date (99),/Users/ayush/Downloads/date-fruit-quality-ml/data/processed/train/Al-meneifi/alhamdan__Meneifi Date (99).jpg
/Users/ayush/Downloads/date-fruit-quality-ml/data/kaggle/alhamdan/Shaishe/Shaishe Date (1).JPG,Al-shaishe,alhamdan,val,Shaishe Date (1),/Users/ayush/Downloads/date-fruit-quality-ml/data/processed/val/Al-shaishe/alhamdan__Shaishe Date (1).jpg
/Users/ayush/Downloads/date-fruit-quality-ml/data/kaggle/alhamdan/Shaishe/Shaishe Date (10).JPG,Al-shaishe,alhamdan,train,Shaishe Date (10),/Users/ayush/Downloads/date-fruit-quality-ml/data/processed/train/Al-shaishe/alhamdan__Shaishe Date (10).jpg
/Users/ayush/Downloads/date-fruit-quality-ml/data/kaggle/alhamdan/Shaishe/Shaishe Date (100).JPG,Al-shaishe,alhamdan,train,Shaishe Date (100),/Users/ayush/Downloads/date-fruit-quality-ml/data/processed/train/Al-shaishe/alhamdan__Shaishe Date (100).jpg
/Users/ayush/Downloads/date-fruit-quality-ml/data/kaggle/alhamdan/Shaishe/Shaishe Date (101).JPG,Al-shaishe,alhamdan,train,Shaishe Date (101),/Users/ayush/Downloads/date-fruit-quality-ml/data/processed/train/Al-shaishe/alhamdan__Shaishe Date (101).jpg
/Users/ayush/Downloads/date-fruit-quality-ml/data/kaggle/alhamdan/Shaishe/Shaishe Date (102).JPG,Al-shaishe,alhamdan,test,Shaishe Date (102),/Users/ayush/Downloads/date-fruit-quality-ml/data/processed/test/Al-shaishe/alhamdan__Shaishe Date (102).jpg
/Users/ayush/Downloads/date-fruit-quality-ml/data/kaggle/alhamdan/Shaishe/Shaishe Date (103).JPG,Al-shaishe,alhamdan,val,Shaishe Date (103),/Users/ayush/Downloads/date-fruit-quality-ml/data/processed/val/Al-shaishe/alhamdan__Shaishe Date (103).jpg
/Users/ayush/Downloads/date-fruit-quality-ml/data/kaggle/alhamdan/Shaishe/Shaishe Date (104).JPG,Al-shaishe,alhamdan,train,Shaishe Date (104),/Users/ayush/Downloads/date-fruit-quality-ml/data/processed/train/Al-shaishe/alhamdan__Shaishe Date (104).jpg
/Users/ayush/Downloads/date-fruit-quality-ml/data/kaggle/alhamdan/Shaishe/Shaishe Date (105).JPG,Al-shaishe,alhamdan,val,Shaishe Date (105),/Users/ayush/Downloads/date-fruit-quality-ml/data/processed/val/Al-shaishe/alhamdan__Shaishe Date (105).jpg
/Users/ayush/Downloads/date-fruit-quality-ml/data/kaggle/alhamdan/Shaishe/Shaishe Date (106).JPG,Al-shaishe,alhamdan,train,Shaishe Date (106),/Users/ayush/Downloads/date-fruit-quality-ml/data/processed/train/Al-shaishe/alhamdan__Shaishe Date (106).jpg
/Users/ayush/Downloads/date-fruit-quality-ml/data/kaggle/alhamdan/Shaishe/Shaishe Date (107).JPG,Al-shaishe,alhamdan,train,Shaishe Date (107),/Users/ayush/Downloads/date-fruit-quality-ml/data/processed/train/Al-shaishe/alhamdan__Shaishe Date (107).jpg
/Users/ayush/Downloads/date-fruit-quality-ml/data/kaggle/alhamdan/Shaishe/Shaishe Date (108).JPG,Al-shaishe,alhamdan,train,Shaishe Date (108),/Users/ayush/Downloads/date-fruit-quality-ml/data/processed/train/Al-shaishe/alhamdan__Shaishe Date (108).jpg
/Users/ayush/Downloads/date-fruit-quality-ml/data/kaggle/alhamdan/Shaishe/Shaishe Date (109).JPG,Al-shaishe,alhamdan,test,Shaishe Date (109),/Users/ayush/Downloads/date-fruit-quality-ml/data/processed/test/Al-shaishe/alhamdan__Shaishe Date (109).jpg
/Users/ayush/Downloads/date-fruit-quality-ml/data/kaggle/alhamdan/Shaishe/Shaishe Date (11).JPG,Al-shaishe,alhamdan,train,Shaishe Date (11),/Users/ayush/Downloads/date-fruit-quality-ml/data/processed/train/Al-shaishe/alhamdan__Shaishe Date (11).jpg
/Users/ayush/Downloads/date-fruit-quality-ml/data/kaggle/alhamdan/Shaishe/Shaishe Date (110).JPG,Al-shaishe,alhamdan,train,Shaishe Date (110),/Users/ayush/Downloads/date-fruit-quality-ml/data/processed/train/Al-shaishe/alhamdan__Shaishe Date (110).jpg
/Users/ayush/Downloads/date-fruit-quality-ml/data/kaggle/alhamdan/Shaishe/Shaishe Date (111).JPG,Al-shaishe,alhamdan,train,Shaishe Date (111),/Users/ayush/Downloads/date-fruit-quality-ml/data/processed/train/Al-shaishe/alhamdan__Shaishe Date (111).jpg
/Users/ayush/Downloads/date-fruit-quality-ml/data/kaggle/alhamdan/Shaishe/Shaishe Date (112).JPG,Al-shaishe,alhamdan,train,Shaishe Date (112),/Users/ayush/Downloads/date-fruit-quality-ml/data/processed/train/Al-shaishe/alhamdan__Shaishe Date (112).jpg
/Users/ayush/Downloads/date-fruit-quality-ml/data/kaggle/alhamdan/Shaishe/Shaishe Date (113).JPG,Al-shaishe,alhamdan,train,Shaishe Date (113),/Users/ayush/Downloads/date-fruit-quality-ml/data/processed/train/Al-shaishe/alhamdan__Shaishe Date (113).jpg
/Users/ayush/Downloads/date-fruit-quality-ml/data/kaggle/alhamdan/Shaishe/Shaishe Date (114).JPG,Al-shaishe,alhamdan,train,Shaishe Date (114),/Users/ayush/Downloads/date-fruit-quality-ml/data/processed/train/Al-shaishe/alhamdan__Shaishe Date (114).jpg
/Users/ayush/Downloads/date-fruit-quality-ml/data/kaggle/alhamdan/Shaishe/Shaishe Date (115).JPG,Al-shaishe,alhamdan,train,Shaishe Date (115),/Users/ayush/Downloads/date-fruit-quality-ml/data/processed/train/Al-shaishe/alhamdan__Shaishe Date (115).jpg
/Users/ayush/Downloads/date-fruit-quality-ml/data/kaggle/alhamdan/Shaishe/Shaishe Date (116).JPG,Al-shaishe,alhamdan,train,Shaishe Date (116),/Users/ayush/Downloads/date-fruit-quality-ml/data/processed/train/Al-shaishe/alhamdan__Shaishe Date (116).jpg
/Users/ayush/Downloads/date-fruit-quality-ml/data/kaggle/alhamdan/Shaishe/Shaishe Date (117).JPG,Al-shaishe,alhamdan,val,Shaishe Date (117),/Users/ayush/Downloads/date-fruit-quality-ml/data/processed/val/Al-shaishe/alhamdan__Shaishe Date (117).jpg
/Users/ayush/Downloads/date-fruit-quality-ml/data/kaggle/alhamdan/Shaishe/Shaishe Date (118).JPG,Al-shaishe,alhamdan,test,Shaishe Date (118),/Users/ayush/Downloads/date-fruit-quality-ml/data/processed/test/Al-shaishe/alhamdan__Shaishe Date (118).jpg
/Users/ayush/Downloads/date-fruit-quality-ml/data/kaggle/alhamdan/Shaishe/Shaishe Date (119).JPG,Al-shaishe,alhamdan,train,Shaishe Date (119),/Users/ayush/Downloads/date-fruit-quality-ml/data/processed/train/Al-shaishe/alhamdan__Shaishe Date (119).jpg
/Users/ayush/Downloads/date-fruit-quality-ml/data/kaggle/alhamdan/Shaishe/Shaishe Date (12).JPG,Al-shaishe,alhamdan,train,Shaishe Date (12),/Users/ayush/Downloads/date-fruit-quality-ml/data/processed/train/Al-shaishe/alhamdan__Shaishe Date (12).jpg
/Users/ayush/Downloads/date-fruit-quality-ml/data/kaggle/alhamdan/Shaishe/Shaishe Date (120).JPG,Al-shaishe,alhamdan,val,Shaishe Date (120),/Users/ayush/Downloads/date-fruit-quality-ml/data/processed/val/Al-shaishe/alhamdan__Shaishe Date (120).jpg
/Users/ayush/Downloads/date-fruit-quality-ml/data/kaggle/alhamdan/Shaishe/Shaishe Date (121).JPG,Al-shaishe,alhamdan,val,Shaishe Date (121),/Users/ayush/Downloads/date-fruit-quality-ml/data/processed/val/Al-shaishe/alhamdan__Shaishe Date (121).jpg
/Users/ayush/Downloads/date-fruit-quality-ml/data/kaggle/alhamdan/Shaishe/Shaishe Date (122).JPG,Al-shaishe,alhamdan,train,Shaishe Date (122),/Users/ayush/Downloads/date-fruit-quality-ml/data/processed/train/Al-shaishe/alhamdan__Shaishe Date (122).jpg
/Users/ayush/Downloads/date-fruit-quality-ml/data/kaggle/alhamdan/Shaishe/Shaishe Date (123).JPG,Al-shaishe,alhamdan,train,Shaishe Date (123),/Users/ayush/Downloads/date-fruit-quality-ml/data/processed/train/Al-shaishe/alhamdan__Shaishe Date (123).jpg
/Users/ayush/Downloads/date-fruit-quality-ml/data/kaggle/alhamdan/Shaishe/Shaishe Date (124).JPG,Al-shaishe,alhamdan,train,Shaishe Date (124),/Users/ayush/Downloads/date-fruit-quality-ml/data/processed/train/Al-shaishe/alhamdan__Shaishe Date (124).jpg
/Users/ayush/Downloads/date-fruit-quality-ml/data/kaggle/alhamdan/Shaishe/Shaishe Date (125).JPG,Al-shaishe,alhamdan,train,Shaishe Date (125),/Users/ayush/Downloads/date-fruit-quality-ml/data/processed/train/Al-shaishe/alhamdan__Shaishe Date (125).jpg
/Users/ayush/Downloads/date-fruit-quality-ml/data/kaggle/alhamdan/Shaishe/Shaishe Date (126).JPG,Al-shaishe,alhamdan,train,Shaishe Date (126),/Users/ayush/Downloads/date-fruit-quality-ml/data/processed/train/Al-shaishe/alhamdan__Shaishe Date (126).jpg
/Users/ayush/Downloads/date-fruit-quality-ml/data/kaggle/alhamdan/Shaishe/Shaishe Date (127).JPG,Al-shaishe,alhamdan,train,Shaishe Date (127),/Users/ayush/Downloads/date-fruit-quality-ml/data/processed/train/Al-shaishe/alhamdan__Shaishe Date (127).jpg
/Users/ayush/Downloads/date-fruit-quality-ml/data/kaggle/alhamdan/Shaishe/Shaishe Date (128).JPG,Al-shaishe,alhamdan,train,Shaishe Date (128),/Users/ayush/Downloads/date-fruit-quality-ml/data/processed/train/Al-shaishe/alhamdan__Shaishe Date (128).jpg
/Users/ayush/Downloads/date-fruit-quality-ml/data/kaggle/alhamdan/Shaishe/Shaishe Date (129).JPG,Al-shaishe,alhamdan,test,Shaishe Date (129),/Users/ayush/Downloads/date-fruit-quality-ml/data/processed/test/Al-shaishe/alhamdan__Shaishe Date (129).jpg
/Users/ayush/Downloads/date-fruit-quality-ml/data/kaggle/alhamdan/Shaishe/Shaishe Date (13).JPG,Al-shaishe,alhamdan,train,Shaishe Date (13),/Users/ayush/Downloads/date-fruit-quality-ml/data/processed/train/Al-shaishe/alhamdan__Shaishe Date (13).jpg
/Users/ayush/Downloads/date-fruit-quality-ml/data/kaggle/alhamdan/Shaishe/Shaishe Date (130).JPG,Al-shaishe,alhamdan,train,Shaishe Date (130),/Users/ayush/Downloads/date-fruit-quality-ml/data/processed/train/Al-shaishe/alhamdan__Shaishe Date (130).jpg
/Users/ayush/Downloads/date-fruit-quality-ml/data/kaggle/alhamdan/Shaishe/Shaishe Date (131).JPG,Al-shaishe,alhamdan,train,Shaishe Date (131),/Users/ayush/Downloads/date-fruit-quality-ml/data/processed/train/Al-shaishe/alhamdan__Shaishe Date (131).jpg
/Users/ayush/Downloads/date-fruit-quality-ml/data/kaggle/alhamdan/Shaishe/Shaishe Date (132).JPG,Al-shaishe,alhamdan,train,Shaishe Date (132),/Users/ayush/Downloads/date-fruit-quality-ml/data/processed/train/Al-shaishe/alhamdan__Shaishe Date (132).jpg
/Users/ayush/Downloads/date-fruit-quality-ml/data/kaggle/alhamdan/Shaishe/Shaishe Date (133).JPG,Al-shaishe,alhamdan,train,Shaishe Date (133),/Users/ayush/Downloads/date-fruit-quality-ml/data/processed/train/Al-shaishe/alhamdan__Shaishe Date (133).jpg
/Users/ayush/Downloads/date-fruit-quality-ml/data/kaggle/alhamdan/Shaishe/Shaishe Date (134).JPG,Al-shaishe,alhamdan,train,Shaishe Date (134),/Users/ayush/Downloads/date-fruit-quality-ml/data/processed/train/Al-shaishe/alhamdan__Shaishe Date (134).jpg
/Users/ayush/Downloads/date-fruit-quality-ml/data/kaggle/alhamdan/Shaishe/Shaishe Date (135).JPG,Al-shaishe,alhamdan,train,Shaishe Date (135),/Users/ayush/Downloads/date-fruit-quality-ml/data/processed/train/Al-shaishe/alhamdan__Shaishe Date (135).jpg
/Users/ayush/Downloads/date-fruit-quality-ml/data/kaggle/alhamdan/Shaishe/Shaishe Date (136).JPG,Al-shaishe,alhamdan,train,Shaishe Date (136),/Users/ayush/Downloads/date-fruit-quality-ml/data/processed/train/Al-shaishe/alhamdan__Shaishe Date (136).jpg
/Users/ayush/Downloads/date-fruit-quality-ml/data/kaggle/alhamdan/Shaishe/Shaishe Date (137).JPG,Al-shaishe,alhamdan,test,Shaishe Date (137),/Users/ayush/Downloads/date-fruit-quality-ml/data/processed/test/Al-shaishe/alhamdan__Shaishe Date (137).jpg
/Users/ayush/Downloads/date-fruit-quality-ml/data/kaggle/alhamdan/Shaishe/Shaishe Date (138).JPG,Al-shaishe,alhamdan,train,Shaishe Date (138),/Users/ayush/Downloads/date-fruit-quality-ml/data/processed/train/Al-shaishe/alhamdan__Shaishe Date (138).jpg
/Users/ayush/Downloads/date-fruit-quality-ml/data/kaggle/alhamdan/Shaishe/Shaishe Date (139).JPG,Al-shaishe,alhamdan,val,Shaishe Date (139),/Users/ayush/Downloads/date-fruit-quality-ml/data/processed/val/Al-shaishe/alhamdan__Shaishe Date (139).jpg
/Users/ayush/Downloads/date-fruit-quality-ml/data/kaggle/alhamdan/Shaishe/Shaishe Date (14).JPG,Al-shaishe,alhamdan,val,Shaishe Date (14),/Users/ayush/Downloads/date-fruit-quality-ml/data/processed/val/Al-shaishe/alhamdan__Shaishe Date (14).jpg
/Users/ayush/Downloads/date-fruit-quality-ml/data/kaggle/alhamdan/Shaishe/Shaishe Date (140).JPG,Al-shaishe,alhamdan,val,Shaishe Date (140),/Users/ayush/Downloads/date-fruit-quality-ml/data/processed/val/Al-shaishe/alhamdan__Shaishe Date (140).jpg
/Users/ayush/Downloads/date-fruit-quality-ml/data/kaggle/alhamdan/Shaishe/Shaishe Date (141).JPG,Al-shaishe,alhamdan,test,Shaishe Date (141),/Users/ayush/Downloads/date-fruit-quality-ml/data/processed/test/Al-shaishe/alhamdan__Shaishe Date (141).jpg
/Users/ayush/Downloads/date-fruit-quality-ml/data/kaggle/alhamdan/Shaishe/Shaishe Date (142).JPG,Al-shaishe,alhamdan,train,Shaishe Date (142),/Users/ayush/Downloads/date-fruit-quality-ml/data/processed/train/Al-shaishe/alhamdan__Shaishe Date (142).jpg
/Users/ayush/Downloads/date-fruit-quality-ml/data/kaggle/alhamdan/Shaishe/Shaishe Date (143).JPG,Al-shaishe,alhamdan,train,Shaishe Date (143),/Users/ayush/Downloads/date-fruit-quality-ml/data/processed/train/Al-shaishe/alhamdan__Shaishe Date (143).jpg
/Users/ayush/Downloads/date-fruit-quality-ml/data/kaggle/alhamdan/Shaishe/Shaishe Date (144).JPG,Al-shaishe,alhamdan,val,Shaishe Date (144),/Users/ayush/Downloads/date-fruit-quality-ml/data/processed/val/Al-shaishe/alhamdan__Shaishe Date (144).jpg
/Users/ayush/Downloads/date-fruit-quality-ml/data/kaggle/alhamdan/Shaishe/Shaishe Date (145).JPG,Al-shaishe,alhamdan,train,Shaishe Date (145),/Users/ayush/Downloads/date-fruit-quality-ml/data/processed/train/Al-shaishe/alhamdan__Shaishe Date (145).jpg
/Users/ayush/Downloads/date-fruit-quality-ml/data/kaggle/alhamdan/Shaishe/Shaishe Date (146).JPG,Al-shaishe,alhamdan,val,Shaishe Date (146),/Users/ayush/Downloads/date-fruit-quality-ml/data/processed/val/Al-shaishe/alhamdan__Shaishe Date (146).jpg
/Users/ayush/Downloads/date-fruit-quality-ml/data/kaggle/alhamdan/Shaishe/Shaishe Date (147).JPG,Al-shaishe,alhamdan,train,Shaishe Date (147),/Users/ayush/Downloads/date-fruit-quality-ml/data/processed/train/Al-shaishe/alhamdan__Shaishe Date (147).jpg
/Users/ayush/Downloads/date-fruit-quality-ml/data/kaggle/alhamdan/Shaishe/Shaishe Date (148).JPG,Al-shaishe,alhamdan,train,Shaishe Date (148),/Users/ayush/Downloads/date-fruit-quality-ml/data/processed/train/Al-shaishe/alhamdan__Shaishe Date (148).jpg
/Users/ayush/Downloads/date-fruit-quality-ml/data/kaggle/alhamdan/Shaishe/Shaishe Date (149).JPG,Al-shaishe,alhamdan,val,Shaishe Date (149),/Users/ayush/Downloads/date-fruit-quality-ml/data/processed/val/Al-shaishe/alhamdan__Shaishe Date (149).jpg
/Users/ayush/Downloads/date-fruit-quality-ml/data/kaggle/alhamdan/Shaishe/Shaishe Date (15).JPG,Al-shaishe,alhamdan,train,Shaishe Date (15),/Users/ayush/Downloads/date-fruit-quality-ml/data/processed/train/Al-shaishe/alhamdan__Shaishe Date (15).jpg
/Users/ayush/Downloads/date-fruit-quality-ml/data/kaggle/alhamdan/Shaishe/Shaishe Date (150).JPG,Al-shaishe,alhamdan,train,Shaishe Date (150),/Users/ayush/Downloads/date-fruit-quality-ml/data/processed/train/Al-shaishe/alhamdan__Shaishe Date (150).jpg
/Users/ayush/Downloads/date-fruit-quality-ml/data/kaggle/alhamdan/Shaishe/Shaishe Date (151).JPG,Al-shaishe,alhamdan,train,Shaishe Date (151),/Users/ayush/Downloads/date-fruit-quality-ml/data/processed/train/Al-shaishe/alhamdan__Shaishe Date (151).jpg
/Users/ayush/Downloads/date-fruit-quality-ml/data/kaggle/alhamdan/Shaishe/Shaishe Date (152).JPG,Al-shaishe,alhamdan,train,Shaishe Date (152),/Users/ayush/Downloads/date-fruit-quality-ml/data/processed/train/Al-shaishe/alhamdan__Shaishe Date (152).jpg
/Users/ayush/Downloads/date-fruit-quality-ml/data/kaggle/alhamdan/Shaishe/Shaishe Date (153).JPG,Al-shaishe,alhamdan,val,Shaishe Date (153),/Users/ayush/Downloads/date-fruit-quality-ml/data/processed/val/Al-shaishe/alhamdan__Shaishe Date (153).jpg
/Users/ayush/Downloads/date-fruit-quality-ml/data/kaggle/alhamdan/Shaishe/Shaishe Date (154).JPG,Al-shaishe,alhamdan,train,Shaishe Date (154),/Users/ayush/Downloads/date-fruit-quality-ml/data/processed/train/Al-shaishe/alhamdan__Shaishe Date (154).jpg
/Users/ayush/Downloads/date-fruit-quality-ml/data/kaggle/alhamdan/Shaishe/Shaishe Date (155).JPG,Al-shaishe,alhamdan,val,Shaishe Date (155),/Users/ayush/Downloads/date-fruit-quality-ml/data/processed/val/Al-shaishe/alhamdan__Shaishe Date (155).jpg
/Users/ayush/Downloads/date-fruit-quality-ml/data/kaggle/alhamdan/Shaishe/Shaishe Date (156).JPG,Al-shaishe,alhamdan,train,Shaishe Date (156),/Users/ayush/Downloads/date-fruit-quality-ml/data/processed/train/Al-shaishe/alhamdan__Shaishe Date (156).jpg
/Users/ayush/Downloads/date-fruit-quality-ml/data/kaggle/alhamdan/Shaishe/Shaishe Date (157).JPG,Al-shaishe,alhamdan,train,Shaishe Date (157),/Users/ayush/Downloads/date-fruit-quality-ml/data/processed/train/Al-shaishe/alhamdan__Shaishe Date (157).jpg
/Users/ayush/Downloads/date-fruit-quality-ml/data/kaggle/alhamdan/Shaishe/Shaishe Date (158).JPG,Al-shaishe,alhamdan,train,Shaishe Date (158),/Users/ayush/Downloads/date-fruit-quality-ml/data/processed/train/Al-shaishe/alhamdan__Shaishe Date (158).jpg
/Users/ayush/Downloads/date-fruit-quality-ml/data/kaggle/alhamdan/Shaishe/Shaishe Date (159).JPG,Al-shaishe,alhamdan,train,Shaishe Date (159),/Users/ayush/Downloads/date-fruit-quality-ml/data/processed/train/Al-shaishe/alhamdan__Shaishe Date (159).jpg
/Users/ayush/Downloads/date-fruit-quality-ml/data/kaggle/alhamdan/Shaishe/Shaishe Date (16).JPG,Al-shaishe,alhamdan,train,Shaishe Date (16),/Users/ayush/Downloads/date-fruit-quality-ml/data/processed/train/Al-shaishe/alhamdan__Shaishe Date (16).jpg
/Users/ayush/Downloads/date-fruit-quality-ml/data/kaggle/alhamdan/Shaishe/Shaishe Date (160).JPG,Al-shaishe,alhamdan,test,Shaishe Date (160),/Users/ayush/Downloads/date-fruit-quality-ml/data/processed/test/Al-shaishe/alhamdan__Shaishe Date (160).jpg
/Users/ayush/Downloads/date-fruit-quality-ml/data/kaggle/alhamdan/Shaishe/Shaishe Date (161).JPG,Al-shaishe,alhamdan,test,Shaishe Date (161),/Users/ayush/Downloads/date-fruit-quality-ml/data/processed/test/Al-shaishe/alhamdan__Shaishe Date (161).jpg
/Users/ayush/Downloads/date-fruit-quality-ml/data/kaggle/alhamdan/Shaishe/Shaishe Date (162).JPG,Al-shaishe,alhamdan,train,Shaishe Date (162),/Users/ayush/Downloads/date-fruit-quality-ml/data/processed/train/Al-shaishe/alhamdan__Shaishe Date (162).jpg
/Users/ayush/Downloads/date-fruit-quality-ml/data/kaggle/alhamdan/Shaishe/Shaishe Date (163).JPG,Al-shaishe,alhamdan,train,Shaishe Date (163),/Users/ayush/Downloads/date-fruit-quality-ml/data/processed/train/Al-shaishe/alhamdan__Shaishe Date (163).jpg
/Users/ayush/Downloads/date-fruit-quality-ml/data/kaggle/alhamdan/Shaishe/Shaishe Date (164).JPG,Al-shaishe,alhamdan,val,Shaishe Date (164),/Users/ayush/Downloads/date-fruit-quality-ml/data/processed/val/Al-shaishe/alhamdan__Shaishe Date (164).jpg
/Users/ayush/Downloads/date-fruit-quality-ml/data/kaggle/alhamdan/Shaishe/Shaishe Date (165).JPG,Al-shaishe,alhamdan,train,Shaishe Date (165),/Users/ayush/Downloads/date-fruit-quality-ml/data/processed/train/Al-shaishe/alhamdan__Shaishe Date (165).jpg
/Users/ayush/Downloads/date-fruit-quality-ml/data/kaggle/alhamdan/Shaishe/Shaishe Date (166).JPG,Al-shaishe,alhamdan,train,Shaishe Date (166),/Users/ayush/Downloads/date-fruit-quality-ml/data/processed/train/Al-shaishe/alhamdan__Shaishe Date (166).jpg
/Users/ayush/Downloads/date-fruit-quality-ml/data/kaggle/alhamdan/Shaishe/Shaishe Date (167).JPG,Al-shaishe,alhamdan,train,Shaishe Date (167),/Users/ayush/Downloads/date-fruit-quality-ml/data/processed/train/Al-shaishe/alhamdan__Shaishe Date (167).jpg
/Users/ayush/Downloads/date-fruit-quality-ml/data/kaggle/alhamdan/Shaishe/Shaishe Date (168).JPG,Al-shaishe,alhamdan,train,Shaishe Date (168),/Users/ayush/Downloads/date-fruit-quality-ml/data/processed/train/Al-shaishe/alhamdan__Shaishe Date (168).jpg
/Users/ayush/Downloads/date-fruit-quality-ml/data/kaggle/alhamdan/Shaishe/Shaishe Date (169).JPG,Al-shaishe,alhamdan,test,Shaishe Date (169),/Users/ayush/Downloads/date-fruit-quality-ml/data/processed/test/Al-shaishe/alhamdan__Shaishe Date (169).jpg
/Users/ayush/Downloads/date-fruit-quality-ml/data/kaggle/alhamdan/Shaishe/Shaishe Date (17).JPG,Al-shaishe,alhamdan,train,Shaishe Date (17),/Users/ayush/Downloads/date-fruit-quality-ml/data/processed/train/Al-shaishe/alhamdan__Shaishe Date (17).jpg
/Users/ayush/Downloads/date-fruit-quality-ml/data/kaggle/alhamdan/Shaishe/Shaishe Date (170).JPG,Al-shaishe,alhamdan,test,Shaishe Date (170),/Users/ayush/Downloads/date-fruit-quality-ml/data/processed/test/Al-shaishe/alhamdan__Shaishe Date (170).jpg
/Users/ayush/Downloads/date-fruit-quality-ml/data/kaggle/alhamdan/Shaishe/Shaishe Date (171).JPG,Al-shaishe,alhamdan,train,Shaishe Date (171),/Users/ayush/Downloads/date-fruit-quality-ml/data/processed/train/Al-shaishe/alhamdan__Shaishe Date (171).jpg
/Users/ayush/Downloads/date-fruit-quality-ml/data/kaggle/alhamdan/Shaishe/Shaishe Date (18).JPG,Al-shaishe,alhamdan,train,Shaishe Date (18),/Users/ayush/Downloads/date-fruit-quality-ml/data/processed/train/Al-shaishe/alhamdan__Shaishe Date (18).jpg
/Users/ayush/Downloads/date-fruit-quality-ml/data/kaggle/alhamdan/Shaishe/Shaishe Date (19).JPG,Al-shaishe,alhamdan,train,Shaishe Date (19),/Users/ayush/Downloads/date-fruit-quality-ml/data/processed/train/Al-shaishe/alhamdan__Shaishe Date (19).jpg
/Users/ayush/Downloads/date-fruit-quality-ml/data/kaggle/alhamdan/Shaishe/Shaishe Date (2).JPG,Al-shaishe,alhamdan,test,Shaishe Date (2),/Users/ayush/Downloads/date-fruit-quality-ml/data/processed/test/Al-shaishe/alhamdan__Shaishe Date (2).jpg
/Users/ayush/Downloads/date-fruit-quality-ml/data/kaggle/alhamdan/Shaishe/Shaishe Date (20).JPG,Al-shaishe,alhamdan,train,Shaishe Date (20),/Users/ayush/Downloads/date-fruit-quality-ml/data/processed/train/Al-shaishe/alhamdan__Shaishe Date (20).jpg
/Users/ayush/Downloads/date-fruit-quality-ml/data/kaggle/alhamdan/Shaishe/Shaishe Date (21).JPG,Al-shaishe,alhamdan,test,Shaishe Date (21),/Users/ayush/Downloads/date-fruit-quality-ml/data/processed/test/Al-shaishe/alhamdan__Shaishe Date (21).jpg
/Users/ayush/Downloads/date-fruit-quality-ml/data/kaggle/alhamdan/Shaishe/Shaishe Date (22).JPG,Al-shaishe,alhamdan,train,Shaishe Date (22),/Users/ayush/Downloads/date-fruit-quality-ml/data/processed/train/Al-shaishe/alhamdan__Shaishe Date (22).jpg
/Users/ayush/Downloads/date-fruit-quality-ml/data/kaggle/alhamdan/Shaishe/Shaishe Date (23).JPG,Al-shaishe,alhamdan,train,Shaishe Date (23),/Users/ayush/Downloads/date-fruit-quality-ml/data/processed/train/Al-shaishe/alhamdan__Shaishe Date (23).jpg
/Users/ayush/Downloads/date-fruit-quality-ml/data/kaggle/alhamdan/Shaishe/Shaishe Date (24).JPG,Al-shaishe,alhamdan,train,Shaishe Date (24),/Users/ayush/Downloads/date-fruit-quality-ml/data/processed/train/Al-shaishe/alhamdan__Shaishe Date (24).jpg
/Users/ayush/Downloads/date-fruit-quality-ml/data/kaggle/alhamdan/Shaishe/Shaishe Date (25).JPG,Al-shaishe,alhamdan,test,Shaishe Date (25),/Users/ayush/Downloads/date-fruit-quality-ml/data/processed/test/Al-shaishe/alhamdan__Shaishe Date (25).jpg
/Users/ayush/Downloads/date-fruit-quality-ml/data/kaggle/alhamdan/Shaishe/Shaishe Date (26).JPG,Al-shaishe,alhamdan,train,Shaishe Date (26),/Users/ayush/Downloads/date-fruit-quality-ml/data/processed/train/Al-shaishe/alhamdan__Shaishe Date (26).jpg
/Users/ayush/Downloads/date-fruit-quality-ml/data/kaggle/alhamdan/Shaishe/Shaishe Date (27).JPG,Al-shaishe,alhamdan,test,Shaishe Date (27),/Users/ayush/Downloads/date-fruit-quality-ml/data/processed/test/Al-shaishe/alhamdan__Shaishe Date (27).jpg
/Users/ayush/Downloads/date-fruit-quality-ml/data/kaggle/alhamdan/Shaishe/Shaishe Date (28).JPG,Al-shaishe,alhamdan,val,Shaishe Date (28),/Users/ayush/Downloads/date-fruit-quality-ml/data/processed/val/Al-shaishe/alhamdan__Shaishe Date (28).jpg
/Users/ayush/Downloads/date-fruit-quality-ml/data/kaggle/alhamdan/Shaishe/Shaishe Date (29).JPG,Al-shaishe,alhamdan,test,Shaishe Date (29),/Users/ayush/Downloads/date-fruit-quality-ml/data/processed/test/Al-shaishe/alhamdan__Shaishe Date (29).jpg
/Users/ayush/Downloads/date-fruit-quality-ml/data/kaggle/alhamdan/Shaishe/Shaishe Date (3).JPG,Al-shaishe,alhamdan,val,Shaishe Date (3),/Users/ayush/Downloads/date-fruit-quality-ml/data/processed/val/Al-shaishe/alhamdan__Shaishe Date (3).jpg
/Users/ayush/Downloads/date-fruit-quality-ml/data/kaggle/alhamdan/Shaishe/Shaishe Date (30).JPG,Al-shaishe,alhamdan,test,Shaishe Date (30),/Users/ayush/Downloads/date-fruit-quality-ml/data/processed/test/Al-shaishe/alhamdan__Shaishe Date (30).jpg
/Users/ayush/Downloads/date-fruit-quality-ml/data/kaggle/alhamdan/Shaishe/Shaishe Date (31).JPG,Al-shaishe,alhamdan,train,Shaishe Date (31),/Users/ayush/Downloads/date-fruit-quality-ml/data/processed/train/Al-shaishe/alhamdan__Shaishe Date (31).jpg
/Users/ayush/Downloads/date-fruit-quality-ml/data/kaggle/alhamdan/Shaishe/Shaishe Date (32).JPG,Al-shaishe,alhamdan,train,Shaishe Date (32),/Users/ayush/Downloads/date-fruit-quality-ml/data/processed/train/Al-shaishe/alhamdan__Shaishe Date (32).jpg
/Users/ayush/Downloads/date-fruit-quality-ml/data/kaggle/alhamdan/Shaishe/Shaishe Date (33).JPG,Al-shaishe,alhamdan,train,Shaishe Date (33),/Users/ayush/Downloads/date-fruit-quality-ml/data/processed/train/Al-shaishe/alhamdan__Shaishe Date (33).jpg
/Users/ayush/Downloads/date-fruit-quality-ml/data/kaggle/alhamdan/Shaishe/Shaishe Date (34).JPG,Al-shaishe,alhamdan,train,Shaishe Date (34),/Users/ayush/Downloads/date-fruit-quality-ml/data/processed/train/Al-shaishe/alhamdan__Shaishe Date (34).jpg
/Users/ayush/Downloads/date-fruit-quality-ml/data/kaggle/alhamdan/Shaishe/Shaishe Date (35).JPG,Al-shaishe,alhamdan,train,Shaishe Date (35),/Users/ayush/Downloads/date-fruit-quality-ml/data/processed/train/Al-shaishe/alhamdan__Shaishe Date (35).jpg
/Users/ayush/Downloads/date-fruit-quality-ml/data/kaggle/alhamdan/Shaishe/Shaishe Date (36).JPG,Al-shaishe,alhamdan,train,Shaishe Date (36),/Users/ayush/Downloads/date-fruit-quality-ml/data/processed/train/Al-shaishe/alhamdan__Shaishe Date (36).jpg
/Users/ayush/Downloads/date-fruit-quality-ml/data/kaggle/alhamdan/Shaishe/Shaishe Date (37).JPG,Al-shaishe,alhamdan,train,Shaishe Date (37),/Users/ayush/Downloads/date-fruit-quality-ml/data/processed/train/Al-shaishe/alhamdan__Shaishe Date (37).jpg
/Users/ayush/Downloads/date-fruit-quality-ml/data/kaggle/alhamdan/Shaishe/Shaishe Date (38).JPG,Al-shaishe,alhamdan,test,Shaishe Date (38),/Users/ayush/Downloads/date-fruit-quality-ml/data/processed/test/Al-shaishe/alhamdan__Shaishe Date (38).jpg
/Users/ayush/Downloads/date-fruit-quality-ml/data/kaggle/alhamdan/Shaishe/Shaishe Date (39).JPG,Al-shaishe,alhamdan,train,Shaishe Date (39),/Users/ayush/Downloads/date-fruit-quality-ml/data/processed/train/Al-shaishe/alhamdan__Shaishe Date (39).jpg
/Users/ayush/Downloads/date-fruit-quality-ml/data/kaggle/alhamdan/Shaishe/Shaishe Date (4).JPG,Al-shaishe,alhamdan,train,Shaishe Date (4),/Users/ayush/Downloads/date-fruit-quality-ml/data/processed/train/Al-shaishe/alhamdan__Shaishe Date (4).jpg
/Users/ayush/Downloads/date-fruit-quality-ml/data/kaggle/alhamdan/Shaishe/Shaishe Date (40).JPG,Al-shaishe,alhamdan,test,Shaishe Date (40),/Users/ayush/Downloads/date-fruit-quality-ml/data/processed/test/Al-shaishe/alhamdan__Shaishe Date (40).jpg
/Users/ayush/Downloads/date-fruit-quality-ml/data/kaggle/alhamdan/Shaishe/Shaishe Date (41).JPG,Al-shaishe,alhamdan,train,Shaishe Date (41),/Users/ayush/Downloads/date-fruit-quality-ml/data/processed/train/Al-shaishe/alhamdan__Shaishe Date (41).jpg
/Users/ayush/Downloads/date-fruit-quality-ml/data/kaggle/alhamdan/Shaishe/Shaishe Date (42).JPG,Al-shaishe,alhamdan,train,Shaishe Date (42),/Users/ayush/Downloads/date-fruit-quality-ml/data/processed/train/Al-shaishe/alhamdan__Shaishe Date (42).jpg
/Users/ayush/Downloads/date-fruit-quality-ml/data/kaggle/alhamdan/Shaishe/Shaishe Date (43).JPG,Al-shaishe,alhamdan,train,Shaishe Date (43),/Users/ayush/Downloads/date-fruit-quality-ml/data/processed/train/Al-shaishe/alhamdan__Shaishe Date (43).jpg
/Users/ayush/Downloads/date-fruit-quality-ml/data/kaggle/alhamdan/Shaishe/Shaishe Date (44).JPG,Al-shaishe,alhamdan,val,Shaishe Date (44),/Users/ayush/Downloads/date-fruit-quality-ml/data/processed/val/Al-shaishe/alhamdan__Shaishe Date (44).jpg
/Users/ayush/Downloads/date-fruit-quality-ml/data/kaggle/alhamdan/Shaishe/Shaishe Date (45).JPG,Al-shaishe,alhamdan,train,Shaishe Date (45),/Users/ayush/Downloads/date-fruit-quality-ml/data/processed/train/Al-shaishe/alhamdan__Shaishe Date (45).jpg
/Users/ayush/Downloads/date-fruit-quality-ml/data/kaggle/alhamdan/Shaishe/Shaishe Date (46).JPG,Al-shaishe,alhamdan,train,Shaishe Date (46),/Users/ayush/Downloads/date-fruit-quality-ml/data/processed/train/Al-shaishe/alhamdan__Shaishe Date (46).jpg
/Users/ayush/Downloads/date-fruit-quality-ml/data/kaggle/alhamdan/Shaishe/Shaishe Date (47).JPG,Al-shaishe,alhamdan,train,Shaishe Date (47),/Users/ayush/Downloads/date-fruit-quality-ml/data/processed/train/Al-shaishe/alhamdan__Shaishe Date (47).jpg
/Users/ayush/Downloads/date-fruit-quality-ml/data/kaggle/alhamdan/Shaishe/Shaishe Date (48).JPG,Al-shaishe,alhamdan,test,Shaishe Date (48),/Users/ayush/Downloads/date-fruit-quality-ml/data/processed/test/Al-shaishe/alhamdan__Shaishe Date (48).jpg
/Users/ayush/Downloads/date-fruit-quality-ml/data/kaggle/alhamdan/Shaishe/Shaishe Date (49).JPG,Al-shaishe,alhamdan,train,Shaishe Date (49),/Users/ayush/Downloads/date-fruit-quality-ml/data/processed/train/Al-shaishe/alhamdan__Shaishe Date (49).jpg
/Users/ayush/Downloads/date-fruit-quality-ml/data/kaggle/alhamdan/Shaishe/Shaishe Date (5).JPG,Al-shaishe,alhamdan,train,Shaishe Date (5),/Users/ayush/Downloads/date-fruit-quality-ml/data/processed/train/Al-shaishe/alhamdan__Shaishe Date (5).jpg
/Users/ayush/Downloads/date-fruit-quality-ml/data/kaggle/alhamdan/Shaishe/Shaishe Date (50).JPG,Al-shaishe,alhamdan,val,Shaishe Date (50),/Users/ayush/Downloads/date-fruit-quality-ml/data/processed/val/Al-shaishe/alhamdan__Shaishe Date (50).jpg
/Users/ayush/Downloads/date-fruit-quality-ml/data/kaggle/alhamdan/Shaishe/Shaishe Date (51).JPG,Al-shaishe,alhamdan,train,Shaishe Date (51),/Users/ayush/Downloads/date-fruit-quality-ml/data/processed/train/Al-shaishe/alhamdan__Shaishe Date (51).jpg
/Users/ayush/Downloads/date-fruit-quality-ml/data/kaggle/alhamdan/Shaishe/Shaishe Date (52).JPG,Al-shaishe,alhamdan,train,Shaishe Date (52),/Users/ayush/Downloads/date-fruit-quality-ml/data/processed/train/Al-shaishe/alhamdan__Shaishe Date (52).jpg
/Users/ayush/Downloads/date-fruit-quality-ml/data/kaggle/alhamdan/Shaishe/Shaishe Date (53).JPG,Al-shaishe,alhamdan,val,Shaishe Date (53),/Users/ayush/Downloads/date-fruit-quality-ml/data/processed/val/Al-shaishe/alhamdan__Shaishe Date (53).jpg
/Users/ayush/Downloads/date-fruit-quality-ml/data/kaggle/alhamdan/Shaishe/Shaishe Date (54).JPG,Al-shaishe,alhamdan,val,Shaishe Date (54),/Users/ayush/Downloads/date-fruit-quality-ml/data/processed/val/Al-shaishe/alhamdan__Shaishe Date (54).jpg
/Users/ayush/Downloads/date-fruit-quality-ml/data/kaggle/alhamdan/Shaishe/Shaishe Date (55).JPG,Al-shaishe,alhamdan,train,Shaishe Date (55),/Users/ayush/Downloads/date-fruit-quality-ml/data/processed/train/Al-shaishe/alhamdan__Shaishe Date (55).jpg
/Users/ayush/Downloads/date-fruit-quality-ml/data/kaggle/alhamdan/Shaishe/Shaishe Date (56).JPG,Al-shaishe,alhamdan,train,Shaishe Date (56),/Users/ayush/Downloads/date-fruit-quality-ml/data/processed/train/Al-shaishe/alhamdan__Shaishe Date (56).jpg
/Users/ayush/Downloads/date-fruit-quality-ml/data/kaggle/alhamdan/Shaishe/Shaishe Date (57).JPG,Al-shaishe,alhamdan,train,Shaishe Date (57),/Users/ayush/Downloads/date-fruit-quality-ml/data/processed/train/Al-shaishe/alhamdan__Shaishe Date (57).jpg
/Users/ayush/Downloads/date-fruit-quality-ml/data/kaggle/alhamdan/Shaishe/Shaishe Date (58).JPG,Al-shaishe,alhamdan,test,Shaishe Date (58),/Users/ayush/Downloads/date-fruit-quality-ml/data/processed/test/Al-shaishe/alhamdan__Shaishe Date (58).jpg
/Users/ayush/Downloads/date-fruit-quality-ml/data/kaggle/alhamdan/Shaishe/Shaishe Date (59).JPG,Al-shaishe,alhamdan,train,Shaishe Date (59),/Users/ayush/Downloads/date-fruit-quality-ml/data/processed/train/Al-shaishe/alhamdan__Shaishe Date (59).jpg
/Users/ayush/Downloads/date-fruit-quality-ml/data/kaggle/alhamdan/Shaishe/Shaishe Date (6).JPG,Al-shaishe,alhamdan,train,Shaishe Date (6),/Users/ayush/Downloads/date-fruit-quality-ml/data/processed/train/Al-shaishe/alhamdan__Shaishe Date (6).jpg
/Users/ayush/Downloads/date-fruit-quality-ml/data/kaggle/alhamdan/Shaishe/Shaishe Date (60).JPG,Al-shaishe,alhamdan,train,Shaishe Date (60),/Users/ayush/Downloads/date-fruit-quality-ml/data/processed/train/Al-shaishe/alhamdan__Shaishe Date (60).jpg
/Users/ayush/Downloads/date-fruit-quality-ml/data/kaggle/alhamdan/Shaishe/Shaishe Date (61).JPG,Al-shaishe,alhamdan,train,Shaishe Date (61),/Users/ayush/Downloads/date-fruit-quality-ml/data/processed/train/Al-shaishe/alhamdan__Shaishe Date (61).jpg
/Users/ayush/Downloads/date-fruit-quality-ml/data/kaggle/alhamdan/Shaishe/Shaishe Date (62).JPG,Al-shaishe,alhamdan,train,Shaishe Date (62),/Users/ayush/Downloads/date-fruit-quality-ml/data/processed/train/Al-shaishe/alhamdan__Shaishe Date (62).jpg
/Users/ayush/Downloads/date-fruit-quality-ml/data/kaggle/alhamdan/Shaishe/Shaishe Date (63).JPG,Al-shaishe,alhamdan,test,Shaishe Date (63),/Users/ayush/Downloads/date-fruit-quality-ml/data/processed/test/Al-shaishe/alhamdan__Shaishe Date (63).jpg
/Users/ayush/Downloads/date-fruit-quality-ml/data/kaggle/alhamdan/Shaishe/Shaishe Date (64).JPG,Al-shaishe,alhamdan,test,Shaishe Date (64),/Users/ayush/Downloads/date-fruit-quality-ml/data/processed/test/Al-shaishe/alhamdan__Shaishe Date (64).jpg
/Users/ayush/Downloads/date-fruit-quality-ml/data/kaggle/alhamdan/Shaishe/Shaishe Date (65).JPG,Al-shaishe,alhamdan,train,Shaishe Date (65),/Users/ayush/Downloads/date-fruit-quality-ml/data/processed/train/Al-shaishe/alhamdan__Shaishe Date (65).jpg
/Users/ayush/Downloads/date-fruit-quality-ml/data/kaggle/alhamdan/Shaishe/Shaishe Date (66).JPG,Al-shaishe,alhamdan,train,Shaishe Date (66),/Users/ayush/Downloads/date-fruit-quality-ml/data/processed/train/Al-shaishe/alhamdan__Shaishe Date (66).jpg
/Users/ayush/Downloads/date-fruit-quality-ml/data/kaggle/alhamdan/Shaishe/Shaishe Date (67).JPG,Al-shaishe,alhamdan,train,Shaishe Date (67),/Users/ayush/Downloads/date-fruit-quality-ml/data/processed/train/Al-shaishe/alhamdan__Shaishe Date (67).jpg
/Users/ayush/Downloads/date-fruit-quality-ml/data/kaggle/alhamdan/Shaishe/Shaishe Date (68).JPG,Al-shaishe,alhamdan,train,Shaishe Date (68),/Users/ayush/Downloads/date-fruit-quality-ml/data/processed/train/Al-shaishe/alhamdan__Shaishe Date (68).jpg
/Users/ayush/Downloads/date-fruit-quality-ml/data/kaggle/alhamdan/Shaishe/Shaishe Date (69).JPG,Al-shaishe,alhamdan,train,Shaishe Date (69),/Users/ayush/Downloads/date-fruit-quality-ml/data/processed/train/Al-shaishe/alhamdan__Shaishe Date (69).jpg
/Users/ayush/Downloads/date-fruit-quality-ml/data/kaggle/alhamdan/Shaishe/Shaishe Date (7).JPG,Al-shaishe,alhamdan,train,Shaishe Date (7),/Users/ayush/Downloads/date-fruit-quality-ml/data/processed/train/Al-shaishe/alhamdan__Shaishe Date (7).jpg
/Users/ayush/Downloads/date-fruit-quality-ml/data/kaggle/alhamdan/Shaishe/Shaishe Date (70).JPG,Al-shaishe,alhamdan,train,Shaishe Date (70),/Users/ayush/Downloads/date-fruit-quality-ml/data/processed/train/Al-shaishe/alhamdan__Shaishe Date (70).jpg
/Users/ayush/Downloads/date-fruit-quality-ml/data/kaggle/alhamdan/Shaishe/Shaishe Date (71).JPG,Al-shaishe,alhamdan,train,Shaishe Date (71),/Users/ayush/Downloads/date-fruit-quality-ml/data/processed/train/Al-shaishe/alhamdan__Shaishe Date (71).jpg
/Users/ayush/Downloads/date-fruit-quality-ml/data/kaggle/alhamdan/Shaishe/Shaishe Date (72).JPG,Al-shaishe,alhamdan,train,Shaishe Date (72),/Users/ayush/Downloads/date-fruit-quality-ml/data/processed/train/Al-shaishe/alhamdan__Shaishe Date (72).jpg
/Users/ayush/Downloads/date-fruit-quality-ml/data/kaggle/alhamdan/Shaishe/Shaishe Date (73).JPG,Al-shaishe,alhamdan,val,Shaishe Date (73),/Users/ayush/Downloads/date-fruit-quality-ml/data/processed/val/Al-shaishe/alhamdan__Shaishe Date (73).jpg
/Users/ayush/Downloads/date-fruit-quality-ml/data/kaggle/alhamdan/Shaishe/Shaishe Date (74).JPG,Al-shaishe,alhamdan,test,Shaishe Date (74),/Users/ayush/Downloads/date-fruit-quality-ml/data/processed/test/Al-shaishe/alhamdan__Shaishe Date (74).jpg
/Users/ayush/Downloads/date-fruit-quality-ml/data/kaggle/alhamdan/Shaishe/Shaishe Date (75).JPG,Al-shaishe,alhamdan,train,Shaishe Date (75),/Users/ayush/Downloads/date-fruit-quality-ml/data/processed/train/Al-shaishe/alhamdan__Shaishe Date (75).jpg
/Users/ayush/Downloads/date-fruit-quality-ml/data/kaggle/alhamdan/Shaishe/Shaishe Date (76).JPG,Al-shaishe,alhamdan,train,Shaishe Date (76),/Users/ayush/Downloads/date-fruit-quality-ml/data/processed/train/Al-shaishe/alhamdan__Shaishe Date (76).jpg
/Users/ayush/Downloads/date-fruit-quality-ml/data/kaggle/alhamdan/Shaishe/Shaishe Date (77).JPG,Al-shaishe,alhamdan,test,Shaishe Date (77),/Users/ayush/Downloads/date-fruit-quality-ml/data/processed/test/Al-shaishe/alhamdan__Shaishe Date (77).jpg
/Users/ayush/Downloads/date-fruit-quality-ml/data/kaggle/alhamdan/Shaishe/Shaishe Date (78).JPG,Al-shaishe,alhamdan,train,Shaishe Date (78),/Users/ayush/Downloads/date-fruit-quality-ml/data/processed/train/Al-shaishe/alhamdan__Shaishe Date (78).jpg
/Users/ayush/Downloads/date-fruit-quality-ml/data/kaggle/alhamdan/Shaishe/Shaishe Date (79).JPG,Al-shaishe,alhamdan,train,Shaishe Date (79),/Users/ayush/Downloads/date-fruit-quality-ml/data/processed/train/Al-shaishe/alhamdan__Shaishe Date (79).jpg
/Users/ayush/Downloads/date-fruit-quality-ml/data/kaggle/alhamdan/Shaishe/Shaishe Date (8).JPG,Al-shaishe,alhamdan,val,Shaishe Date (8),/Users/ayush/Downloads/date-fruit-quality-ml/data/processed/val/Al-shaishe/alhamdan__Shaishe Date (8).jpg
/Users/ayush/Downloads/date-fruit-quality-ml/data/kaggle/alhamdan/Shaishe/Shaishe Date (80).JPG,Al-shaishe,alhamdan,val,Shaishe Date (80),/Users/ayush/Downloads/date-fruit-quality-ml/data/processed/val/Al-shaishe/alhamdan__Shaishe Date (80).jpg
/Users/ayush/Downloads/date-fruit-quality-ml/data/kaggle/alhamdan/Shaishe/Shaishe Date (81).JPG,Al-shaishe,alhamdan,train,Shaishe Date (81),/Users/ayush/Downloads/date-fruit-quality-ml/data/processed/train/Al-shaishe/alhamdan__Shaishe Date (81).jpg
/Users/ayush/Downloads/date-fruit-quality-ml/data/kaggle/alhamdan/Shaishe/Shaishe Date (82).JPG,Al-shaishe,alhamdan,train,Shaishe Date (82),/Users/ayush/Downloads/date-fruit-quality-ml/data/processed/train/Al-shaishe/alhamdan__Shaishe Date (82).jpg
/Users/ayush/Downloads/date-fruit-quality-ml/data/kaggle/alhamdan/Shaishe/Shaishe Date (83).JPG,Al-shaishe,alhamdan,train,Shaishe Date (83),/Users/ayush/Downloads/date-fruit-quality-ml/data/processed/train/Al-shaishe/alhamdan__Shaishe Date (83).jpg
/Users/ayush/Downloads/date-fruit-quality-ml/data/kaggle/alhamdan/Shaishe/Shaishe Date (84).JPG,Al-shaishe,alhamdan,train,Shaishe Date (84),/Users/ayush/Downloads/date-fruit-quality-ml/data/processed/train/Al-shaishe/alhamdan__Shaishe Date (84).jpg
/Users/ayush/Downloads/date-fruit-quality-ml/data/kaggle/alhamdan/Shaishe/Shaishe Date (85).JPG,Al-shaishe,alhamdan,test,Shaishe Date (85),/Users/ayush/Downloads/date-fruit-quality-ml/data/processed/test/Al-shaishe/alhamdan__Shaishe Date (85).jpg
/Users/ayush/Downloads/date-fruit-quality-ml/data/kaggle/alhamdan/Shaishe/Shaishe Date (86).JPG,Al-shaishe,alhamdan,train,Shaishe Date (86),/Users/ayush/Downloads/date-fruit-quality-ml/data/processed/train/Al-shaishe/alhamdan__Shaishe Date (86).jpg
/Users/ayush/Downloads/date-fruit-quality-ml/data/kaggle/alhamdan/Shaishe/Shaishe Date (87).JPG,Al-shaishe,alhamdan,train,Shaishe Date (87),/Users/ayush/Downloads/date-fruit-quality-ml/data/processed/train/Al-shaishe/alhamdan__Shaishe Date (87).jpg
/Users/ayush/Downloads/date-fruit-quality-ml/data/kaggle/alhamdan/Shaishe/Shaishe Date (88).JPG,Al-shaishe,alhamdan,train,Shaishe Date (88),/Users/ayush/Downloads/date-fruit-quality-ml/data/processed/train/Al-shaishe/alhamdan__Shaishe Date (88).jpg
/Users/ayush/Downloads/date-fruit-quality-ml/data/kaggle/alhamdan/Shaishe/Shaishe Date (89).JPG,Al-shaishe,alhamdan,train,Shaishe Date (89),/Users/ayush/Downloads/date-fruit-quality-ml/data/processed/train/Al-shaishe/alhamdan__Shaishe Date (89).jpg
/Users/ayush/Downloads/date-fruit-quality-ml/data/kaggle/alhamdan/Shaishe/Shaishe Date (9).JPG,Al-shaishe,alhamdan,train,Shaishe Date (9),/Users/ayush/Downloads/date-fruit-quality-ml/data/processed/train/Al-shaishe/alhamdan__Shaishe Date (9).jpg
/Users/ayush/Downloads/date-fruit-quality-ml/data/kaggle/alhamdan/Shaishe/Shaishe Date (90).JPG,Al-shaishe,alhamdan,train,Shaishe Date (90),/Users/ayush/Downloads/date-fruit-quality-ml/data/processed/train/Al-shaishe/alhamdan__Shaishe Date (90).jpg
/Users/ayush/Downloads/date-fruit-quality-ml/data/kaggle/alhamdan/Shaishe/Shaishe Date (91).JPG,Al-shaishe,alhamdan,test,Shaishe Date (91),/Users/ayush/Downloads/date-fruit-quality-ml/data/processed/test/Al-shaishe/alhamdan__Shaishe Date (91).jpg
/Users/ayush/Downloads/date-fruit-quality-ml/data/kaggle/alhamdan/Shaishe/Shaishe Date (92).JPG,Al-shaishe,alhamdan,train,Shaishe Date (92),/Users/ayush/Downloads/date-fruit-quality-ml/data/processed/train/Al-shaishe/alhamdan__Shaishe Date (92).jpg
/Users/ayush/Downloads/date-fruit-quality-ml/data/kaggle/alhamdan/Shaishe/Shaishe Date (93).JPG,Al-shaishe,alhamdan,train,Shaishe Date (93),/Users/ayush/Downloads/date-fruit-quality-ml/data/processed/train/Al-shaishe/alhamdan__Shaishe Date (93).jpg
/Users/ayush/Downloads/date-fruit-quality-ml/data/kaggle/alhamdan/Shaishe/Shaishe Date (94).JPG,Al-shaishe,alhamdan,train,Shaishe Date (94),/Users/ayush/Downloads/date-fruit-quality-ml/data/processed/train/Al-shaishe/alhamdan__Shaishe Date (94).jpg
/Users/ayush/Downloads/date-fruit-quality-ml/data/kaggle/alhamdan/Shaishe/Shaishe Date (95).JPG,Al-shaishe,alhamdan,train,Shaishe Date (95),/Users/ayush/Downloads/date-fruit-quality-ml/data/processed/train/Al-shaishe/alhamdan__Shaishe Date (95).jpg
/Users/ayush/Downloads/date-fruit-quality-ml/data/kaggle/alhamdan/Shaishe/Shaishe Date (96).JPG,Al-shaishe,alhamdan,train,Shaishe Date (96),/Users/ayush/Downloads/date-fruit-quality-ml/data/processed/train/Al-shaishe/alhamdan__Shaishe Date (96).jpg
/Users/ayush/Downloads/date-fruit-quality-ml/data/kaggle/alhamdan/Shaishe/Shaishe Date (97).JPG,Al-shaishe,alhamdan,val,Shaishe Date (97),/Users/ayush/Downloads/date-fruit-quality-ml/data/processed/val/Al-shaishe/alhamdan__Shaishe Date (97).jpg
/Users/ayush/Downloads/date-fruit-quality-ml/data/kaggle/alhamdan/Shaishe/Shaishe Date (98).JPG,Al-shaishe,alhamdan,train,Shaishe Date (98),/Users/ayush/Downloads/date-fruit-quality-ml/data/processed/train/Al-shaishe/alhamdan__Shaishe Date (98).jpg
/Users/ayush/Downloads/date-fruit-quality-ml/data/kaggle/alhamdan/Shaishe/Shaishe Date (99).JPG,Al-shaishe,alhamdan,train,Shaishe Date (99),/Users/ayush/Downloads/date-fruit-quality-ml/data/processed/train/Al-shaishe/alhamdan__Shaishe Date (99).jpg
/Users/ayush/Downloads/date-fruit-quality-ml/data/kaggle/alhamdan/Galaxy/Galaxy Date (1).JPG,Galaxy,alhamdan,train,Galaxy Date (1),/Users/ayush/Downloads/date-fruit-quality-ml/data/processed/train/Galaxy/alhamdan__Galaxy Date (1).jpg
/Users/ayush/Downloads/date-fruit-quality-ml/data/kaggle/alhamdan/Galaxy/Galaxy Date (10).JPG,Galaxy,alhamdan,train,Galaxy Date (10),/Users/ayush/Downloads/date-fruit-quality-ml/data/processed/train/Galaxy/alhamdan__Galaxy Date (10).jpg
/Users/ayush/Downloads/date-fruit-quality-ml/data/kaggle/alhamdan/Galaxy/Galaxy Date (100).JPG,Galaxy,alhamdan,train,Galaxy Date (100),/Users/ayush/Downloads/date-fruit-quality-ml/data/processed/train/Galaxy/alhamdan__Galaxy Date (100).jpg
/Users/ayush/Downloads/date-fruit-quality-ml/data/kaggle/alhamdan/Galaxy/Galaxy Date (101).JPG,Galaxy,alhamdan,train,Galaxy Date (101),/Users/ayush/Downloads/date-fruit-quality-ml/data/processed/train/Galaxy/alhamdan__Galaxy Date (101).jpg
/Users/ayush/Downloads/date-fruit-quality-ml/data/kaggle/alhamdan/Galaxy/Galaxy Date (102).JPG,Galaxy,alhamdan,train,Galaxy Date (102),/Users/ayush/Downloads/date-fruit-quality-ml/data/processed/train/Galaxy/alhamdan__Galaxy Date (102).jpg
/Users/ayush/Downloads/date-fruit-quality-ml/data/kaggle/alhamdan/Galaxy/Galaxy Date (103).JPG,Galaxy,alhamdan,train,Galaxy Date (103),/Users/ayush/Downloads/date-fruit-quality-ml/data/processed/train/Galaxy/alhamdan__Galaxy Date (103).jpg
/Users/ayush/Downloads/date-fruit-quality-ml/data/kaggle/alhamdan/Galaxy/Galaxy Date (104).JPG,Galaxy,alhamdan,train,Galaxy Date (104),/Users/ayush/Downloads/date-fruit-quality-ml/data/processed/train/Galaxy/alhamdan__Galaxy Date (104).jpg
/Users/ayush/Downloads/date-fruit-quality-ml/data/kaggle/alhamdan/Galaxy/Galaxy Date (105).JPG,Galaxy,alhamdan,train,Galaxy Date (105),/Users/ayush/Downloads/date-fruit-quality-ml/data/processed/train/Galaxy/alhamdan__Galaxy Date (105).jpg
/Users/ayush/Downloads/date-fruit-quality-ml/data/kaggle/alhamdan/Galaxy/Galaxy Date (106).JPG,Galaxy,alhamdan,train,Galaxy Date (106),/Users/ayush/Downloads/date-fruit-quality-ml/data/processed/train/Galaxy/alhamdan__Galaxy Date (106).jpg
/Users/ayush/Downloads/date-fruit-quality-ml/data/kaggle/alhamdan/Galaxy/Galaxy Date (107).JPG,Galaxy,alhamdan,train,Galaxy Date (107),/Users/ayush/Downloads/date-fruit-quality-ml/data/processed/train/Galaxy/alhamdan__Galaxy Date (107).jpg
/Users/ayush/Downloads/date-fruit-quality-ml/data/kaggle/alhamdan/Galaxy/Galaxy Date (108).JPG,Galaxy,alhamdan,val,Galaxy Date (108),/Users/ayush/Downloads/date-fruit-quality-ml/data/processed/val/Galaxy/alhamdan__Galaxy Date (108).jpg
/Users/ayush/Downloads/date-fruit-quality-ml/data/kaggle/alhamdan/Galaxy/Galaxy Date (109).JPG,Galaxy,alhamdan,val,Galaxy Date (109),/Users/ayush/Downloads/date-fruit-quality-ml/data/processed/val/Galaxy/alhamdan__Galaxy Date (109).jpg
/Users/ayush/Downloads/date-fruit-quality-ml/data/kaggle/alhamdan/Galaxy/Galaxy Date (11).JPG,Galaxy,alhamdan,train,Galaxy Date (11),/Users/ayush/Downloads/date-fruit-quality-ml/data/processed/train/Galaxy/alhamdan__Galaxy Date (11).jpg
/Users/ayush/Downloads/date-fruit-quality-ml/data/kaggle/alhamdan/Galaxy/Galaxy Date (110).JPG,Galaxy,alhamdan,train,Galaxy Date (110),/Users/ayush/Downloads/date-fruit-quality-ml/data/processed/train/Galaxy/alhamdan__Galaxy Date (110).jpg
/Users/ayush/Downloads/date-fruit-quality-ml/data/kaggle/alhamdan/Galaxy/Galaxy Date (111).JPG,Galaxy,alhamdan,train,Galaxy Date (111),/Users/ayush/Downloads/date-fruit-quality-ml/data/processed/train/Galaxy/alhamdan__Galaxy Date (111).jpg
/Users/ayush/Downloads/date-fruit-quality-ml/data/kaggle/alhamdan/Galaxy/Galaxy Date (112).JPG,Galaxy,alhamdan,train,Galaxy Date (112),/Users/ayush/Downloads/date-fruit-quality-ml/data/processed/train/Galaxy/alhamdan__Galaxy Date (112).jpg
/Users/ayush/Downloads/date-fruit-quality-ml/data/kaggle/alhamdan/Galaxy/Galaxy Date (113).JPG,Galaxy,alhamdan,test,Galaxy Date (113),/Users/ayush/Downloads/date-fruit-quality-ml/data/processed/test/Galaxy/alhamdan__Galaxy Date (113).jpg
/Users/ayush/Downloads/date-fruit-quality-ml/data/kaggle/alhamdan/Galaxy/Galaxy Date (114).JPG,Galaxy,alhamdan,train,Galaxy Date (114),/Users/ayush/Downloads/date-fruit-quality-ml/data/processed/train/Galaxy/alhamdan__Galaxy Date (114).jpg
/Users/ayush/Downloads/date-fruit-quality-ml/data/kaggle/alhamdan/Galaxy/Galaxy Date (115).JPG,Galaxy,alhamdan,test,Galaxy Date (115),/Users/ayush/Downloads/date-fruit-quality-ml/data/processed/test/Galaxy/alhamdan__Galaxy Date (115).jpg
/Users/ayush/Downloads/date-fruit-quality-ml/data/kaggle/alhamdan/Galaxy/Galaxy Date (116).JPG,Galaxy,alhamdan,train,Galaxy Date (116),/Users/ayush/Downloads/date-fruit-quality-ml/data/processed/train/Galaxy/alhamdan__Galaxy Date (116).jpg
/Users/ayush/Downloads/date-fruit-quality-ml/data/kaggle/alhamdan/Galaxy/Galaxy Date (117).JPG,Galaxy,alhamdan,train,Galaxy Date (117),/Users/ayush/Downloads/date-fruit-quality-ml/data/processed/train/Galaxy/alhamdan__Galaxy Date (117).jpg
/Users/ayush/Downloads/date-fruit-quality-ml/data/kaggle/alhamdan/Galaxy/Galaxy Date (118).JPG,Galaxy,alhamdan,train,Galaxy Date (118),/Users/ayush/Downloads/date-fruit-quality-ml/data/processed/train/Galaxy/alhamdan__Galaxy Date (118).jpg
/Users/ayush/Downloads/date-fruit-quality-ml/data/kaggle/alhamdan/Galaxy/Galaxy Date (119).JPG,Galaxy,alhamdan,train,Galaxy Date (119),/Users/ayush/Downloads/date-fruit-quality-ml/data/processed/train/Galaxy/alhamdan__Galaxy Date (119).jpg
/Users/ayush/Downloads/date-fruit-quality-ml/data/kaggle/alhamdan/Galaxy/Galaxy Date (12).JPG,Galaxy,alhamdan,train,Galaxy Date (12),/Users/ayush/Downloads/date-fruit-quality-ml/data/processed/train/Galaxy/alhamdan__Galaxy Date (12).jpg
/Users/ayush/Downloads/date-fruit-quality-ml/data/kaggle/alhamdan/Galaxy/Galaxy Date (120).JPG,Galaxy,alhamdan,val,Galaxy Date (120),/Users/ayush/Downloads/date-fruit-quality-ml/data/processed/val/Galaxy/alhamdan__Galaxy Date (120).jpg
/Users/ayush/Downloads/date-fruit-quality-ml/data/kaggle/alhamdan/Galaxy/Galaxy Date (121).JPG,Galaxy,alhamdan,test,Galaxy Date (121),/Users/ayush/Downloads/date-fruit-quality-ml/data/processed/test/Galaxy/alhamdan__Galaxy Date (121).jpg
/Users/ayush/Downloads/date-fruit-quality-ml/data/kaggle/alhamdan/Galaxy/Galaxy Date (122).JPG,Galaxy,alhamdan,train,Galaxy Date (122),/Users/ayush/Downloads/date-fruit-quality-ml/data/processed/train/Galaxy/alhamdan__Galaxy Date (122).jpg
/Users/ayush/Downloads/date-fruit-quality-ml/data/kaggle/alhamdan/Galaxy/Galaxy Date (123).JPG,Galaxy,alhamdan,train,Galaxy Date (123),/Users/ayush/Downloads/date-fruit-quality-ml/data/processed/train/Galaxy/alhamdan__Galaxy Date (123).jpg
/Users/ayush/Downloads/date-fruit-quality-ml/data/kaggle/alhamdan/Galaxy/Galaxy Date (124).JPG,Galaxy,alhamdan,val,Galaxy Date (124),/Users/ayush/Downloads/date-fruit-quality-ml/data/processed/val/Galaxy/alhamdan__Galaxy Date (124).jpg
/Users/ayush/Downloads/date-fruit-quality-ml/data/kaggle/alhamdan/Galaxy/Galaxy Date (125).JPG,Galaxy,alhamdan,train,Galaxy Date (125),/Users/ayush/Downloads/date-fruit-quality-ml/data/processed/train/Galaxy/alhamdan__Galaxy Date (125).jpg
/Users/ayush/Downloads/date-fruit-quality-ml/data/kaggle/alhamdan/Galaxy/Galaxy Date (126).JPG,Galaxy,alhamdan,train,Galaxy Date (126),/Users/ayush/Downloads/date-fruit-quality-ml/data/processed/train/Galaxy/alhamdan__Galaxy Date (126).jpg
/Users/ayush/Downloads/date-fruit-quality-ml/data/kaggle/alhamdan/Galaxy/Galaxy Date (127).JPG,Galaxy,alhamdan,train,Galaxy Date (127),/Users/ayush/Downloads/date-fruit-quality-ml/data/processed/train/Galaxy/alhamdan__Galaxy Date (127).jpg
/Users/ayush/Downloads/date-fruit-quality-ml/data/kaggle/alhamdan/Galaxy/Galaxy Date (128).JPG,Galaxy,alhamdan,test,Galaxy Date (128),/Users/ayush/Downloads/date-fruit-quality-ml/data/processed/test/Galaxy/alhamdan__Galaxy Date (128).jpg
/Users/ayush/Downloads/date-fruit-quality-ml/data/kaggle/alhamdan/Galaxy/Galaxy Date (129).JPG,Galaxy,alhamdan,train,Galaxy Date (129),/Users/ayush/Downloads/date-fruit-quality-ml/data/processed/train/Galaxy/alhamdan__Galaxy Date (129).jpg
/Users/ayush/Downloads/date-fruit-quality-ml/data/kaggle/alhamdan/Galaxy/Galaxy Date (13).JPG,Galaxy,alhamdan,val,Galaxy Date (13),/Users/ayush/Downloads/date-fruit-quality-ml/data/processed/val/Galaxy/alhamdan__Galaxy Date (13).jpg
/Users/ayush/Downloads/date-fruit-quality-ml/data/kaggle/alhamdan/Galaxy/Galaxy Date (130).JPG,Galaxy,alhamdan,val,Galaxy Date (130),/Users/ayush/Downloads/date-fruit-quality-ml/data/processed/val/Galaxy/alhamdan__Galaxy Date (130).jpg
/Users/ayush/Downloads/date-fruit-quality-ml/data/kaggle/alhamdan/Galaxy/Galaxy Date (131).JPG,Galaxy,alhamdan,train,Galaxy Date (131),/Users/ayush/Downloads/date-fruit-quality-ml/data/processed/train/Galaxy/alhamdan__Galaxy Date (131).jpg
/Users/ayush/Downloads/date-fruit-quality-ml/data/kaggle/alhamdan/Galaxy/Galaxy Date (132).JPG,Galaxy,alhamdan,train,Galaxy Date (132),/Users/ayush/Downloads/date-fruit-quality-ml/data/processed/train/Galaxy/alhamdan__Galaxy Date (132).jpg
/Users/ayush/Downloads/date-fruit-quality-ml/data/kaggle/alhamdan/Galaxy/Galaxy Date (133).JPG,Galaxy,alhamdan,test,Galaxy Date (133),/Users/ayush/Downloads/date-fruit-quality-ml/data/processed/test/Galaxy/alhamdan__Galaxy Date (133).jpg
/Users/ayush/Downloads/date-fruit-quality-ml/data/kaggle/alhamdan/Galaxy/Galaxy Date (134).JPG,Galaxy,alhamdan,val,Galaxy Date (134),/Users/ayush/Downloads/date-fruit-quality-ml/data/processed/val/Galaxy/alhamdan__Galaxy Date (134).jpg
/Users/ayush/Downloads/date-fruit-quality-ml/data/kaggle/alhamdan/Galaxy/Galaxy Date (135).JPG,Galaxy,alhamdan,train,Galaxy Date (135),/Users/ayush/Downloads/date-fruit-quality-ml/data/processed/train/Galaxy/alhamdan__Galaxy Date (135).jpg
/Users/ayush/Downloads/date-fruit-quality-ml/data/kaggle/alhamdan/Galaxy/Galaxy Date (136).JPG,Galaxy,alhamdan,val,Galaxy Date (136),/Users/ayush/Downloads/date-fruit-quality-ml/data/processed/val/Galaxy/alhamdan__Galaxy Date (136).jpg
/Users/ayush/Downloads/date-fruit-quality-ml/data/kaggle/alhamdan/Galaxy/Galaxy Date (137).JPG,Galaxy,alhamdan,train,Galaxy Date (137),/Users/ayush/Downloads/date-fruit-quality-ml/data/processed/train/Galaxy/alhamdan__Galaxy Date (137).jpg
/Users/ayush/Downloads/date-fruit-quality-ml/data/kaggle/alhamdan/Galaxy/Galaxy Date (138).JPG,Galaxy,alhamdan,val,Galaxy Date (138),/Users/ayush/Downloads/date-fruit-quality-ml/data/processed/val/Galaxy/alhamdan__Galaxy Date (138).jpg
/Users/ayush/Downloads/date-fruit-quality-ml/data/kaggle/alhamdan/Galaxy/Galaxy Date (139).JPG,Galaxy,alhamdan,train,Galaxy Date (139),/Users/ayush/Downloads/date-fruit-quality-ml/data/processed/train/Galaxy/alhamdan__Galaxy Date (139).jpg
/Users/ayush/Downloads/date-fruit-quality-ml/data/kaggle/alhamdan/Galaxy/Galaxy Date (14).JPG,Galaxy,alhamdan,train,Galaxy Date (14),/Users/ayush/Downloads/date-fruit-quality-ml/data/processed/train/Galaxy/alhamdan__Galaxy Date (14).jpg
/Users/ayush/Downloads/date-fruit-quality-ml/data/kaggle/alhamdan/Galaxy/Galaxy Date (140).JPG,Galaxy,alhamdan,test,Galaxy Date (140),/Users/ayush/Downloads/date-fruit-quality-ml/data/processed/test/Galaxy/alhamdan__Galaxy Date (140).jpg
/Users/ayush/Downloads/date-fruit-quality-ml/data/kaggle/alhamdan/Galaxy/Galaxy Date (141).JPG,Galaxy,alhamdan,train,Galaxy Date (141),/Users/ayush/Downloads/date-fruit-quality-ml/data/processed/train/Galaxy/alhamdan__Galaxy Date (141).jpg
/Users/ayush/Downloads/date-fruit-quality-ml/data/kaggle/alhamdan/Galaxy/Galaxy Date (142).JPG,Galaxy,alhamdan,test,Galaxy Date (142),/Users/ayush/Downloads/date-fruit-quality-ml/data/processed/test/Galaxy/alhamdan__Galaxy Date (142).jpg
/Users/ayush/Downloads/date-fruit-quality-ml/data/kaggle/alhamdan/Galaxy/Galaxy Date (143).JPG,Galaxy,alhamdan,train,Galaxy Date (143),/Users/ayush/Downloads/date-fruit-quality-ml/data/processed/train/Galaxy/alhamdan__Galaxy Date (143).jpg
/Users/ayush/Downloads/date-fruit-quality-ml/data/kaggle/alhamdan/Galaxy/Galaxy Date (144).JPG,Galaxy,alhamdan,test,Galaxy Date (144),/Users/ayush/Downloads/date-fruit-quality-ml/data/processed/test/Galaxy/alhamdan__Galaxy Date (144).jpg
/Users/ayush/Downloads/date-fruit-quality-ml/data/kaggle/alhamdan/Galaxy/Galaxy Date (145).JPG,Galaxy,alhamdan,train,Galaxy Date (145),/Users/ayush/Downloads/date-fruit-quality-ml/data/processed/train/Galaxy/alhamdan__Galaxy Date (145).jpg
/Users/ayush/Downloads/date-fruit-quality-ml/data/kaggle/alhamdan/Galaxy/Galaxy Date (146).JPG,Galaxy,alhamdan,train,Galaxy Date (146),/Users/ayush/Downloads/date-fruit-quality-ml/data/processed/train/Galaxy/alhamdan__Galaxy Date (146).jpg
/Users/ayush/Downloads/date-fruit-quality-ml/data/kaggle/alhamdan/Galaxy/Galaxy Date (147).JPG,Galaxy,alhamdan,val,Galaxy Date (147),/Users/ayush/Downloads/date-fruit-quality-ml/data/processed/val/Galaxy/alhamdan__Galaxy Date (147).jpg
/Users/ayush/Downloads/date-fruit-quality-ml/data/kaggle/alhamdan/Galaxy/Galaxy Date (148).JPG,Galaxy,alhamdan,test,Galaxy Date (148),/Users/ayush/Downloads/date-fruit-quality-ml/data/processed/test/Galaxy/alhamdan__Galaxy Date (148).jpg
/Users/ayush/Downloads/date-fruit-quality-ml/data/kaggle/alhamdan/Galaxy/Galaxy Date (149).JPG,Galaxy,alhamdan,val,Galaxy Date (149),/Users/ayush/Downloads/date-fruit-quality-ml/data/processed/val/Galaxy/alhamdan__Galaxy Date (149).jpg
/Users/ayush/Downloads/date-fruit-quality-ml/data/kaggle/alhamdan/Galaxy/Galaxy Date (15).JPG,Galaxy,alhamdan,test,Galaxy Date (15),/Users/ayush/Downloads/date-fruit-quality-ml/data/processed/test/Galaxy/alhamdan__Galaxy Date (15).jpg
/Users/ayush/Downloads/date-fruit-quality-ml/data/kaggle/alhamdan/Galaxy/Galaxy Date (150).JPG,Galaxy,alhamdan,train,Galaxy Date (150),/Users/ayush/Downloads/date-fruit-quality-ml/data/processed/train/Galaxy/alhamdan__Galaxy Date (150).jpg
/Users/ayush/Downloads/date-fruit-quality-ml/data/kaggle/alhamdan/Galaxy/Galaxy Date (151).JPG,Galaxy,alhamdan,train,Galaxy Date (151),/Users/ayush/Downloads/date-fruit-quality-ml/data/processed/train/Galaxy/alhamdan__Galaxy Date (151).jpg
/Users/ayush/Downloads/date-fruit-quality-ml/data/kaggle/alhamdan/Galaxy/Galaxy Date (152).JPG,Galaxy,alhamdan,train,Galaxy Date (152),/Users/ayush/Downloads/date-fruit-quality-ml/data/processed/train/Galaxy/alhamdan__Galaxy Date (152).jpg
/Users/ayush/Downloads/date-fruit-quality-ml/data/kaggle/alhamdan/Galaxy/Galaxy Date (153).JPG,Galaxy,alhamdan,test,Galaxy Date (153),/Users/ayush/Downloads/date-fruit-quality-ml/data/processed/test/Galaxy/alhamdan__Galaxy Date (153).jpg
/Users/ayush/Downloads/date-fruit-quality-ml/data/kaggle/alhamdan/Galaxy/Galaxy Date (154).JPG,Galaxy,alhamdan,test,Galaxy Date (154),/Users/ayush/Downloads/date-fruit-quality-ml/data/processed/test/Galaxy/alhamdan__Galaxy Date (154).jpg
/Users/ayush/Downloads/date-fruit-quality-ml/data/kaggle/alhamdan/Galaxy/Galaxy Date (155).JPG,Galaxy,alhamdan,train,Galaxy Date (155),/Users/ayush/Downloads/date-fruit-quality-ml/data/processed/train/Galaxy/alhamdan__Galaxy Date (155).jpg
/Users/ayush/Downloads/date-fruit-quality-ml/data/kaggle/alhamdan/Galaxy/Galaxy Date (156).JPG,Galaxy,alhamdan,train,Galaxy Date (156),/Users/ayush/Downloads/date-fruit-quality-ml/data/processed/train/Galaxy/alhamdan__Galaxy Date (156).jpg
/Users/ayush/Downloads/date-fruit-quality-ml/data/kaggle/alhamdan/Galaxy/Galaxy Date (157).JPG,Galaxy,alhamdan,train,Galaxy Date (157),/Users/ayush/Downloads/date-fruit-quality-ml/data/processed/train/Galaxy/alhamdan__Galaxy Date (157).jpg
/Users/ayush/Downloads/date-fruit-quality-ml/data/kaggle/alhamdan/Galaxy/Galaxy Date (158).JPG,Galaxy,alhamdan,train,Galaxy Date (158),/Users/ayush/Downloads/date-fruit-quality-ml/data/processed/train/Galaxy/alhamdan__Galaxy Date (158).jpg
/Users/ayush/Downloads/date-fruit-quality-ml/data/kaggle/alhamdan/Galaxy/Galaxy Date (159).JPG,Galaxy,alhamdan,train,Galaxy Date (159),/Users/ayush/Downloads/date-fruit-quality-ml/data/processed/train/Galaxy/alhamdan__Galaxy Date (159).jpg
/Users/ayush/Downloads/date-fruit-quality-ml/data/kaggle/alhamdan/Galaxy/Galaxy Date (16).JPG,Galaxy,alhamdan,train,Galaxy Date (16),/Users/ayush/Downloads/date-fruit-quality-ml/data/processed/train/Galaxy/alhamdan__Galaxy Date (16).jpg
/Users/ayush/Downloads/date-fruit-quality-ml/data/kaggle/alhamdan/Galaxy/Galaxy Date (160).JPG,Galaxy,alhamdan,val,Galaxy Date (160),/Users/ayush/Downloads/date-fruit-quality-ml/data/processed/val/Galaxy/alhamdan__Galaxy Date (160).jpg
/Users/ayush/Downloads/date-fruit-quality-ml/data/kaggle/alhamdan/Galaxy/Galaxy Date (161).JPG,Galaxy,alhamdan,train,Galaxy Date (161),/Users/ayush/Downloads/date-fruit-quality-ml/data/processed/train/Galaxy/alhamdan__Galaxy Date (161).jpg
/Users/ayush/Downloads/date-fruit-quality-ml/data/kaggle/alhamdan/Galaxy/Galaxy Date (162).JPG,Galaxy,alhamdan,train,Galaxy Date (162),/Users/ayush/Downloads/date-fruit-quality-ml/data/processed/train/Galaxy/alhamdan__Galaxy Date (162).jpg
/Users/ayush/Downloads/date-fruit-quality-ml/data/kaggle/alhamdan/Galaxy/Galaxy Date (163).JPG,Galaxy,alhamdan,train,Galaxy Date (163),/Users/ayush/Downloads/date-fruit-quality-ml/data/processed/train/Galaxy/alhamdan__Galaxy Date (163).jpg
/Users/ayush/Downloads/date-fruit-quality-ml/data/kaggle/alhamdan/Galaxy/Galaxy Date (164).JPG,Galaxy,alhamdan,val,Galaxy Date (164),/Users/ayush/Downloads/date-fruit-quality-ml/data/processed/val/Galaxy/alhamdan__Galaxy Date (164).jpg
/Users/ayush/Downloads/date-fruit-quality-ml/data/kaggle/alhamdan/Galaxy/Galaxy Date (165).JPG,Galaxy,alhamdan,val,Galaxy Date (165),/Users/ayush/Downloads/date-fruit-quality-ml/data/processed/val/Galaxy/alhamdan__Galaxy Date (165).jpg
/Users/ayush/Downloads/date-fruit-quality-ml/data/kaggle/alhamdan/Galaxy/Galaxy Date (166).JPG,Galaxy,alhamdan,train,Galaxy Date (166),/Users/ayush/Downloads/date-fruit-quality-ml/data/processed/train/Galaxy/alhamdan__Galaxy Date (166).jpg
/Users/ayush/Downloads/date-fruit-quality-ml/data/kaggle/alhamdan/Galaxy/Galaxy Date (167).JPG,Galaxy,alhamdan,train,Galaxy Date (167),/Users/ayush/Downloads/date-fruit-quality-ml/data/processed/train/Galaxy/alhamdan__Galaxy Date (167).jpg
/Users/ayush/Downloads/date-fruit-quality-ml/data/kaggle/alhamdan/Galaxy/Galaxy Date (168).JPG,Galaxy,alhamdan,train,Galaxy Date (168),/Users/ayush/Downloads/date-fruit-quality-ml/data/processed/train/Galaxy/alhamdan__Galaxy Date (168).jpg
/Users/ayush/Downloads/date-fruit-quality-ml/data/kaggle/alhamdan/Galaxy/Galaxy Date (169).JPG,Galaxy,alhamdan,train,Galaxy Date (169),/Users/ayush/Downloads/date-fruit-quality-ml/data/processed/train/Galaxy/alhamdan__Galaxy Date (169).jpg
/Users/ayush/Downloads/date-fruit-quality-ml/data/kaggle/alhamdan/Galaxy/Galaxy Date (17).JPG,Galaxy,alhamdan,train,Galaxy Date (17),/Users/ayush/Downloads/date-fruit-quality-ml/data/processed/train/Galaxy/alhamdan__Galaxy Date (17).jpg
/Users/ayush/Downloads/date-fruit-quality-ml/data/kaggle/alhamdan/Galaxy/Galaxy Date (170).JPG,Galaxy,alhamdan,val,Galaxy Date (170),/Users/ayush/Downloads/date-fruit-quality-ml/data/processed/val/Galaxy/alhamdan__Galaxy Date (170).jpg
/Users/ayush/Downloads/date-fruit-quality-ml/data/kaggle/alhamdan/Galaxy/Galaxy Date (171).JPG,Galaxy,alhamdan,test,Galaxy Date (171),/Users/ayush/Downloads/date-fruit-quality-ml/data/processed/test/Galaxy/alhamdan__Galaxy Date (171).jpg
/Users/ayush/Downloads/date-fruit-quality-ml/data/kaggle/alhamdan/Galaxy/Galaxy Date (172).JPG,Galaxy,alhamdan,train,Galaxy Date (172),/Users/ayush/Downloads/date-fruit-quality-ml/data/processed/train/Galaxy/alhamdan__Galaxy Date (172).jpg
/Users/ayush/Downloads/date-fruit-quality-ml/data/kaggle/alhamdan/Galaxy/Galaxy Date (173).JPG,Galaxy,alhamdan,test,Galaxy Date (173),/Users/ayush/Downloads/date-fruit-quality-ml/data/processed/test/Galaxy/alhamdan__Galaxy Date (173).jpg
/Users/ayush/Downloads/date-fruit-quality-ml/data/kaggle/alhamdan/Galaxy/Galaxy Date (174).JPG,Galaxy,alhamdan,train,Galaxy Date (174),/Users/ayush/Downloads/date-fruit-quality-ml/data/processed/train/Galaxy/alhamdan__Galaxy Date (174).jpg
/Users/ayush/Downloads/date-fruit-quality-ml/data/kaggle/alhamdan/Galaxy/Galaxy Date (175).JPG,Galaxy,alhamdan,train,Galaxy Date (175),/Users/ayush/Downloads/date-fruit-quality-ml/data/processed/train/Galaxy/alhamdan__Galaxy Date (175).jpg
/Users/ayush/Downloads/date-fruit-quality-ml/data/kaggle/alhamdan/Galaxy/Galaxy Date (176).JPG,Galaxy,alhamdan,train,Galaxy Date (176),/Users/ayush/Downloads/date-fruit-quality-ml/data/processed/train/Galaxy/alhamdan__Galaxy Date (176).jpg
/Users/ayush/Downloads/date-fruit-quality-ml/data/kaggle/alhamdan/Galaxy/Galaxy Date (177).JPG,Galaxy,alhamdan,train,Galaxy Date (177),/Users/ayush/Downloads/date-fruit-quality-ml/data/processed/train/Galaxy/alhamdan__Galaxy Date (177).jpg
/Users/ayush/Downloads/date-fruit-quality-ml/data/kaggle/alhamdan/Galaxy/Galaxy Date (178).JPG,Galaxy,alhamdan,train,Galaxy Date (178),/Users/ayush/Downloads/date-fruit-quality-ml/data/processed/train/Galaxy/alhamdan__Galaxy Date (178).jpg
/Users/ayush/Downloads/date-fruit-quality-ml/data/kaggle/alhamdan/Galaxy/Galaxy Date (179).JPG,Galaxy,alhamdan,train,Galaxy Date (179),/Users/ayush/Downloads/date-fruit-quality-ml/data/processed/train/Galaxy/alhamdan__Galaxy Date (179).jpg
/Users/ayush/Downloads/date-fruit-quality-ml/data/kaggle/alhamdan/Galaxy/Galaxy Date (18).JPG,Galaxy,alhamdan,train,Galaxy Date (18),/Users/ayush/Downloads/date-fruit-quality-ml/data/processed/train/Galaxy/alhamdan__Galaxy Date (18).jpg
/Users/ayush/Downloads/date-fruit-quality-ml/data/kaggle/alhamdan/Galaxy/Galaxy Date (180).JPG,Galaxy,alhamdan,train,Galaxy Date (180),/Users/ayush/Downloads/date-fruit-quality-ml/data/processed/train/Galaxy/alhamdan__Galaxy Date (180).jpg
/Users/ayush/Downloads/date-fruit-quality-ml/data/kaggle/alhamdan/Galaxy/Galaxy Date (181).JPG,Galaxy,alhamdan,train,Galaxy Date (181),/Users/ayush/Downloads/date-fruit-quality-ml/data/processed/train/Galaxy/alhamdan__Galaxy Date (181).jpg
/Users/ayush/Downloads/date-fruit-quality-ml/data/kaggle/alhamdan/Galaxy/Galaxy Date (182).JPG,Galaxy,alhamdan,train,Galaxy Date (182),/Users/ayush/Downloads/date-fruit-quality-ml/data/processed/train/Galaxy/alhamdan__Galaxy Date (182).jpg
/Users/ayush/Downloads/date-fruit-quality-ml/data/kaggle/alhamdan/Galaxy/Galaxy Date (183).JPG,Galaxy,alhamdan,train,Galaxy Date (183),/Users/ayush/Downloads/date-fruit-quality-ml/data/processed/train/Galaxy/alhamdan__Galaxy Date (183).jpg
/Users/ayush/Downloads/date-fruit-quality-ml/data/kaggle/alhamdan/Galaxy/Galaxy Date (184).JPG,Galaxy,alhamdan,train,Galaxy Date (184),/Users/ayush/Downloads/date-fruit-quality-ml/data/processed/train/Galaxy/alhamdan__Galaxy Date (184).jpg
/Users/ayush/Downloads/date-fruit-quality-ml/data/kaggle/alhamdan/Galaxy/Galaxy Date (185).JPG,Galaxy,alhamdan,train,Galaxy Date (185),/Users/ayush/Downloads/date-fruit-quality-ml/data/processed/train/Galaxy/alhamdan__Galaxy Date (185).jpg
/Users/ayush/Downloads/date-fruit-quality-ml/data/kaggle/alhamdan/Galaxy/Galaxy Date (186).JPG,Galaxy,alhamdan,train,Galaxy Date (186),/Users/ayush/Downloads/date-fruit-quality-ml/data/processed/train/Galaxy/alhamdan__Galaxy Date (186).jpg
/Users/ayush/Downloads/date-fruit-quality-ml/data/kaggle/alhamdan/Galaxy/Galaxy Date (187).JPG,Galaxy,alhamdan,val,Galaxy Date (187),/Users/ayush/Downloads/date-fruit-quality-ml/data/processed/val/Galaxy/alhamdan__Galaxy Date (187).jpg
/Users/ayush/Downloads/date-fruit-quality-ml/data/kaggle/alhamdan/Galaxy/Galaxy Date (188).JPG,Galaxy,alhamdan,train,Galaxy Date (188),/Users/ayush/Downloads/date-fruit-quality-ml/data/processed/train/Galaxy/alhamdan__Galaxy Date (188).jpg
/Users/ayush/Downloads/date-fruit-quality-ml/data/kaggle/alhamdan/Galaxy/Galaxy Date (189).JPG,Galaxy,alhamdan,train,Galaxy Date (189),/Users/ayush/Downloads/date-fruit-quality-ml/data/processed/train/Galaxy/alhamdan__Galaxy Date (189).jpg
/Users/ayush/Downloads/date-fruit-quality-ml/data/kaggle/alhamdan/Galaxy/Galaxy Date (19).JPG,Galaxy,alhamdan,val,Galaxy Date (19),/Users/ayush/Downloads/date-fruit-quality-ml/data/processed/val/Galaxy/alhamdan__Galaxy Date (19).jpg
/Users/ayush/Downloads/date-fruit-quality-ml/data/kaggle/alhamdan/Galaxy/Galaxy Date (190).JPG,Galaxy,alhamdan,val,Galaxy Date (190),/Users/ayush/Downloads/date-fruit-quality-ml/data/processed/val/Galaxy/alhamdan__Galaxy Date (190).jpg
/Users/ayush/Downloads/date-fruit-quality-ml/data/kaggle/alhamdan/Galaxy/Galaxy Date (2).JPG,Galaxy,alhamdan,train,Galaxy Date (2),/Users/ayush/Downloads/date-fruit-quality-ml/data/processed/train/Galaxy/alhamdan__Galaxy Date (2).jpg
/Users/ayush/Downloads/date-fruit-quality-ml/data/kaggle/alhamdan/Galaxy/Galaxy Date (20).JPG,Galaxy,alhamdan,val,Galaxy Date (20),/Users/ayush/Downloads/date-fruit-quality-ml/data/processed/val/Galaxy/alhamdan__Galaxy Date (20).jpg
/Users/ayush/Downloads/date-fruit-quality-ml/data/kaggle/alhamdan/Galaxy/Galaxy Date (21).JPG,Galaxy,alhamdan,train,Galaxy Date (21),/Users/ayush/Downloads/date-fruit-quality-ml/data/processed/train/Galaxy/alhamdan__Galaxy Date (21).jpg
/Users/ayush/Downloads/date-fruit-quality-ml/data/kaggle/alhamdan/Galaxy/Galaxy Date (22).JPG,Galaxy,alhamdan,train,Galaxy Date (22),/Users/ayush/Downloads/date-fruit-quality-ml/data/processed/train/Galaxy/alhamdan__Galaxy Date (22).jpg
/Users/ayush/Downloads/date-fruit-quality-ml/data/kaggle/alhamdan/Galaxy/Galaxy Date (23).JPG,Galaxy,alhamdan,test,Galaxy Date (23),/Users/ayush/Downloads/date-fruit-quality-ml/data/processed/test/Galaxy/alhamdan__Galaxy Date (23).jpg
/Users/ayush/Downloads/date-fruit-quality-ml/data/kaggle/alhamdan/Galaxy/Galaxy Date (24).JPG,Galaxy,alhamdan,test,Galaxy Date (24),/Users/ayush/Downloads/date-fruit-quality-ml/data/processed/test/Galaxy/alhamdan__Galaxy Date (24).jpg
/Users/ayush/Downloads/date-fruit-quality-ml/data/kaggle/alhamdan/Galaxy/Galaxy Date (25).JPG,Galaxy,alhamdan,test,Galaxy Date (25),/Users/ayush/Downloads/date-fruit-quality-ml/data/processed/test/Galaxy/alhamdan__Galaxy Date (25).jpg
/Users/ayush/Downloads/date-fruit-quality-ml/data/kaggle/alhamdan/Galaxy/Galaxy Date (26).JPG,Galaxy,alhamdan,train,Galaxy Date (26),/Users/ayush/Downloads/date-fruit-quality-ml/data/processed/train/Galaxy/alhamdan__Galaxy Date (26).jpg
/Users/ayush/Downloads/date-fruit-quality-ml/data/kaggle/alhamdan/Galaxy/Galaxy Date (27).JPG,Galaxy,alhamdan,test,Galaxy Date (27),/Users/ayush/Downloads/date-fruit-quality-ml/data/processed/test/Galaxy/alhamdan__Galaxy Date (27).jpg
/Users/ayush/Downloads/date-fruit-quality-ml/data/kaggle/alhamdan/Galaxy/Galaxy Date (28).JPG,Galaxy,alhamdan,train,Galaxy Date (28),/Users/ayush/Downloads/date-fruit-quality-ml/data/processed/train/Galaxy/alhamdan__Galaxy Date (28).jpg
/Users/ayush/Downloads/date-fruit-quality-ml/data/kaggle/alhamdan/Galaxy/Galaxy Date (29).JPG,Galaxy,alhamdan,test,Galaxy Date (29),/Users/ayush/Downloads/date-fruit-quality-ml/data/processed/test/Galaxy/alhamdan__Galaxy Date (29).jpg
/Users/ayush/Downloads/date-fruit-quality-ml/data/kaggle/alhamdan/Galaxy/Galaxy Date (3).JPG,Galaxy,alhamdan,train,Galaxy Date (3),/Users/ayush/Downloads/date-fruit-quality-ml/data/processed/train/Galaxy/alhamdan__Galaxy Date (3).jpg
/Users/ayush/Downloads/date-fruit-quality-ml/data/kaggle/alhamdan/Galaxy/Galaxy Date (30).JPG,Galaxy,alhamdan,test,Galaxy Date (30),/Users/ayush/Downloads/date-fruit-quality-ml/data/processed/test/Galaxy/alhamdan__Galaxy Date (30).jpg
/Users/ayush/Downloads/date-fruit-quality-ml/data/kaggle/alhamdan/Galaxy/Galaxy Date (31).JPG,Galaxy,alhamdan,train,Galaxy Date (31),/Users/ayush/Downloads/date-fruit-quality-ml/data/processed/train/Galaxy/alhamdan__Galaxy Date (31).jpg
/Users/ayush/Downloads/date-fruit-quality-ml/data/kaggle/alhamdan/Galaxy/Galaxy Date (32).JPG,Galaxy,alhamdan,train,Galaxy Date (32),/Users/ayush/Downloads/date-fruit-quality-ml/data/processed/train/Galaxy/alhamdan__Galaxy Date (32).jpg
/Users/ayush/Downloads/date-fruit-quality-ml/data/kaggle/alhamdan/Galaxy/Galaxy Date (33).JPG,Galaxy,alhamdan,train,Galaxy Date (33),/Users/ayush/Downloads/date-fruit-quality-ml/data/processed/train/Galaxy/alhamdan__Galaxy Date (33).jpg
/Users/ayush/Downloads/date-fruit-quality-ml/data/kaggle/alhamdan/Galaxy/Galaxy Date (34).JPG,Galaxy,alhamdan,train,Galaxy Date (34),/Users/ayush/Downloads/date-fruit-quality-ml/data/processed/train/Galaxy/alhamdan__Galaxy Date (34).jpg
/Users/ayush/Downloads/date-fruit-quality-ml/data/kaggle/alhamdan/Galaxy/Galaxy Date (35).JPG,Galaxy,alhamdan,train,Galaxy Date (35),/Users/ayush/Downloads/date-fruit-quality-ml/data/processed/train/Galaxy/alhamdan__Galaxy Date (35).jpg
/Users/ayush/Downloads/date-fruit-quality-ml/data/kaggle/alhamdan/Galaxy/Galaxy Date (36).JPG,Galaxy,alhamdan,train,Galaxy Date (36),/Users/ayush/Downloads/date-fruit-quality-ml/data/processed/train/Galaxy/alhamdan__Galaxy Date (36).jpg
/Users/ayush/Downloads/date-fruit-quality-ml/data/kaggle/alhamdan/Galaxy/Galaxy Date (37).JPG,Galaxy,alhamdan,train,Galaxy Date (37),/Users/ayush/Downloads/date-fruit-quality-ml/data/processed/train/Galaxy/alhamdan__Galaxy Date (37).jpg
/Users/ayush/Downloads/date-fruit-quality-ml/data/kaggle/alhamdan/Galaxy/Galaxy Date (38).JPG,Galaxy,alhamdan,train,Galaxy Date (38),/Users/ayush/Downloads/date-fruit-quality-ml/data/processed/train/Galaxy/alhamdan__Galaxy Date (38).jpg
/Users/ayush/Downloads/date-fruit-quality-ml/data/kaggle/alhamdan/Galaxy/Galaxy Date (39).JPG,Galaxy,alhamdan,train,Galaxy Date (39),/Users/ayush/Downloads/date-fruit-quality-ml/data/processed/train/Galaxy/alhamdan__Galaxy Date (39).jpg
/Users/ayush/Downloads/date-fruit-quality-ml/data/kaggle/alhamdan/Galaxy/Galaxy Date (4).JPG,Galaxy,alhamdan,train,Galaxy Date (4),/Users/ayush/Downloads/date-fruit-quality-ml/data/processed/train/Galaxy/alhamdan__Galaxy Date (4).jpg
/Users/ayush/Downloads/date-fruit-quality-ml/data/kaggle/alhamdan/Galaxy/Galaxy Date (40).JPG,Galaxy,alhamdan,train,Galaxy Date (40),/Users/ayush/Downloads/date-fruit-quality-ml/data/processed/train/Galaxy/alhamdan__Galaxy Date (40).jpg
/Users/ayush/Downloads/date-fruit-quality-ml/data/kaggle/alhamdan/Galaxy/Galaxy Date (41).JPG,Galaxy,alhamdan,train,Galaxy Date (41),/Users/ayush/Downloads/date-fruit-quality-ml/data/processed/train/Galaxy/alhamdan__Galaxy Date (41).jpg
/Users/ayush/Downloads/date-fruit-quality-ml/data/kaggle/alhamdan/Galaxy/Galaxy Date (42).JPG,Galaxy,alhamdan,train,Galaxy Date (42),/Users/ayush/Downloads/date-fruit-quality-ml/data/processed/train/Galaxy/alhamdan__Galaxy Date (42).jpg
/Users/ayush/Downloads/date-fruit-quality-ml/data/kaggle/alhamdan/Galaxy/Galaxy Date (43).JPG,Galaxy,alhamdan,val,Galaxy Date (43),/Users/ayush/Downloads/date-fruit-quality-ml/data/processed/val/Galaxy/alhamdan__Galaxy Date (43).jpg
/Users/ayush/Downloads/date-fruit-quality-ml/data/kaggle/alhamdan/Galaxy/Galaxy Date (44).JPG,Galaxy,alhamdan,train,Galaxy Date (44),/Users/ayush/Downloads/date-fruit-quality-ml/data/processed/train/Galaxy/alhamdan__Galaxy Date (44).jpg
/Users/ayush/Downloads/date-fruit-quality-ml/data/kaggle/alhamdan/Galaxy/Galaxy Date (45).JPG,Galaxy,alhamdan,test,Galaxy Date (45),/Users/ayush/Downloads/date-fruit-quality-ml/data/processed/test/Galaxy/alhamdan__Galaxy Date (45).jpg
/Users/ayush/Downloads/date-fruit-quality-ml/data/kaggle/alhamdan/Galaxy/Galaxy Date (46).JPG,Galaxy,alhamdan,train,Galaxy Date (46),/Users/ayush/Downloads/date-fruit-quality-ml/data/processed/train/Galaxy/alhamdan__Galaxy Date (46).jpg
/Users/ayush/Downloads/date-fruit-quality-ml/data/kaggle/alhamdan/Galaxy/Galaxy Date (47).JPG,Galaxy,alhamdan,train,Galaxy Date (47),/Users/ayush/Downloads/date-fruit-quality-ml/data/processed/train/Galaxy/alhamdan__Galaxy Date (47).jpg
/Users/ayush/Downloads/date-fruit-quality-ml/data/kaggle/alhamdan/Galaxy/Galaxy Date (48).JPG,Galaxy,alhamdan,train,Galaxy Date (48),/Users/ayush/Downloads/date-fruit-quality-ml/data/processed/train/Galaxy/alhamdan__Galaxy Date (48).jpg
/Users/ayush/Downloads/date-fruit-quality-ml/data/kaggle/alhamdan/Galaxy/Galaxy Date (49).JPG,Galaxy,alhamdan,train,Galaxy Date (49),/Users/ayush/Downloads/date-fruit-quality-ml/data/processed/train/Galaxy/alhamdan__Galaxy Date (49).jpg
/Users/ayush/Downloads/date-fruit-quality-ml/data/kaggle/alhamdan/Galaxy/Galaxy Date (5).JPG,Galaxy,alhamdan,train,Galaxy Date (5),/Users/ayush/Downloads/date-fruit-quality-ml/data/processed/train/Galaxy/alhamdan__Galaxy Date (5).jpg
/Users/ayush/Downloads/date-fruit-quality-ml/data/kaggle/alhamdan/Galaxy/Galaxy Date (50).JPG,Galaxy,alhamdan,train,Galaxy Date (50),/Users/ayush/Downloads/date-fruit-quality-ml/data/processed/train/Galaxy/alhamdan__Galaxy Date (50).jpg
/Users/ayush/Downloads/date-fruit-quality-ml/data/kaggle/alhamdan/Galaxy/Galaxy Date (51).JPG,Galaxy,alhamdan,train,Galaxy Date (51),/Users/ayush/Downloads/date-fruit-quality-ml/data/processed/train/Galaxy/alhamdan__Galaxy Date (51).jpg
/Users/ayush/Downloads/date-fruit-quality-ml/data/kaggle/alhamdan/Galaxy/Galaxy Date (52).JPG,Galaxy,alhamdan,train,Galaxy Date (52),/Users/ayush/Downloads/date-fruit-quality-ml/data/processed/train/Galaxy/alhamdan__Galaxy Date (52).jpg
/Users/ayush/Downloads/date-fruit-quality-ml/data/kaggle/alhamdan/Galaxy/Galaxy Date (53).JPG,Galaxy,alhamdan,train,Galaxy Date (53),/Users/ayush/Downloads/date-fruit-quality-ml/data/processed/train/Galaxy/alhamdan__Galaxy Date (53).jpg
/Users/ayush/Downloads/date-fruit-quality-ml/data/kaggle/alhamdan/Galaxy/Galaxy Date (54).JPG,Galaxy,alhamdan,train,Galaxy Date (54),/Users/ayush/Downloads/date-fruit-quality-ml/data/processed/train/Galaxy/alhamdan__Galaxy Date (54).jpg
/Users/ayush/Downloads/date-fruit-quality-ml/data/kaggle/alhamdan/Galaxy/Galaxy Date (55).JPG,Galaxy,alhamdan,train,Galaxy Date (55),/Users/ayush/Downloads/date-fruit-quality-ml/data/processed/train/Galaxy/alhamdan__Galaxy Date (55).jpg
/Users/ayush/Downloads/date-fruit-quality-ml/data/kaggle/alhamdan/Galaxy/Galaxy Date (56).JPG,Galaxy,alhamdan,train,Galaxy Date (56),/Users/ayush/Downloads/date-fruit-quality-ml/data/processed/train/Galaxy/alhamdan__Galaxy Date (56).jpg
/Users/ayush/Downloads/date-fruit-quality-ml/data/kaggle/alhamdan/Galaxy/Galaxy Date (57).JPG,Galaxy,alhamdan,train,Galaxy Date (57),/Users/ayush/Downloads/date-fruit-quality-ml/data/processed/train/Galaxy/alhamdan__Galaxy Date (57).jpg
/Users/ayush/Downloads/date-fruit-quality-ml/data/kaggle/alhamdan/Galaxy/Galaxy Date (58).JPG,Galaxy,alhamdan,train,Galaxy Date (58),/Users/ayush/Downloads/date-fruit-quality-ml/data/processed/train/Galaxy/alhamdan__Galaxy Date (58).jpg
/Users/ayush/Downloads/date-fruit-quality-ml/data/kaggle/alhamdan/Galaxy/Galaxy Date (59).JPG,Galaxy,alhamdan,train,Galaxy Date (59),/Users/ayush/Downloads/date-fruit-quality-ml/data/processed/train/Galaxy/alhamdan__Galaxy Date (59).jpg
/Users/ayush/Downloads/date-fruit-quality-ml/data/kaggle/alhamdan/Galaxy/Galaxy Date (6).JPG,Galaxy,alhamdan,val,Galaxy Date (6),/Users/ayush/Downloads/date-fruit-quality-ml/data/processed/val/Galaxy/alhamdan__Galaxy Date (6).jpg
/Users/ayush/Downloads/date-fruit-quality-ml/data/kaggle/alhamdan/Galaxy/Galaxy Date (60).JPG,Galaxy,alhamdan,test,Galaxy Date (60),/Users/ayush/Downloads/date-fruit-quality-ml/data/processed/test/Galaxy/alhamdan__Galaxy Date (60).jpg
/Users/ayush/Downloads/date-fruit-quality-ml/data/kaggle/alhamdan/Galaxy/Galaxy Date (61).JPG,Galaxy,alhamdan,val,Galaxy Date (61),/Users/ayush/Downloads/date-fruit-quality-ml/data/processed/val/Galaxy/alhamdan__Galaxy Date (61).jpg
/Users/ayush/Downloads/date-fruit-quality-ml/data/kaggle/alhamdan/Galaxy/Galaxy Date (62).JPG,Galaxy,alhamdan,test,Galaxy Date (62),/Users/ayush/Downloads/date-fruit-quality-ml/data/processed/test/Galaxy/alhamdan__Galaxy Date (62).jpg
/Users/ayush/Downloads/date-fruit-quality-ml/data/kaggle/alhamdan/Galaxy/Galaxy Date (63).JPG,Galaxy,alhamdan,train,Galaxy Date (63),/Users/ayush/Downloads/date-fruit-quality-ml/data/processed/train/Galaxy/alhamdan__Galaxy Date (63).jpg
/Users/ayush/Downloads/date-fruit-quality-ml/data/kaggle/alhamdan/Galaxy/Galaxy Date (64).JPG,Galaxy,alhamdan,val,Galaxy Date (64),/Users/ayush/Downloads/date-fruit-quality-ml/data/processed/val/Galaxy/alhamdan__Galaxy Date (64).jpg
/Users/ayush/Downloads/date-fruit-quality-ml/data/kaggle/alhamdan/Galaxy/Galaxy Date (65).JPG,Galaxy,alhamdan,train,Galaxy Date (65),/Users/ayush/Downloads/date-fruit-quality-ml/data/processed/train/Galaxy/alhamdan__Galaxy Date (65).jpg
/Users/ayush/Downloads/date-fruit-quality-ml/data/kaggle/alhamdan/Galaxy/Galaxy Date (66).JPG,Galaxy,alhamdan,test,Galaxy Date (66),/Users/ayush/Downloads/date-fruit-quality-ml/data/processed/test/Galaxy/alhamdan__Galaxy Date (66).jpg
/Users/ayush/Downloads/date-fruit-quality-ml/data/kaggle/alhamdan/Galaxy/Galaxy Date (67).JPG,Galaxy,alhamdan,train,Galaxy Date (67),/Users/ayush/Downloads/date-fruit-quality-ml/data/processed/train/Galaxy/alhamdan__Galaxy Date (67).jpg
/Users/ayush/Downloads/date-fruit-quality-ml/data/kaggle/alhamdan/Galaxy/Galaxy Date (68).JPG,Galaxy,alhamdan,train,Galaxy Date (68),/Users/ayush/Downloads/date-fruit-quality-ml/data/processed/train/Galaxy/alhamdan__Galaxy Date (68).jpg
/Users/ayush/Downloads/date-fruit-quality-ml/data/kaggle/alhamdan/Galaxy/Galaxy Date (69).JPG,Galaxy,alhamdan,train,Galaxy Date (69),/Users/ayush/Downloads/date-fruit-quality-ml/data/processed/train/Galaxy/alhamdan__Galaxy Date (69).jpg
/Users/ayush/Downloads/date-fruit-quality-ml/data/kaggle/alhamdan/Galaxy/Galaxy Date (7).JPG,Galaxy,alhamdan,train,Galaxy Date (7),/Users/ayush/Downloads/date-fruit-quality-ml/data/processed/train/Galaxy/alhamdan__Galaxy Date (7).jpg
/Users/ayush/Downloads/date-fruit-quality-ml/data/kaggle/alhamdan/Galaxy/Galaxy Date (70).JPG,Galaxy,alhamdan,test,Galaxy Date (70),/Users/ayush/Downloads/date-fruit-quality-ml/data/processed/test/Galaxy/alhamdan__Galaxy Date (70).jpg
/Users/ayush/Downloads/date-fruit-quality-ml/data/kaggle/alhamdan/Galaxy/Galaxy Date (71).JPG,Galaxy,alhamdan,train,Galaxy Date (71),/Users/ayush/Downloads/date-fruit-quality-ml/data/processed/train/Galaxy/alhamdan__Galaxy Date (71).jpg
/Users/ayush/Downloads/date-fruit-quality-ml/data/kaggle/alhamdan/Galaxy/Galaxy Date (72).JPG,Galaxy,alhamdan,train,Galaxy Date (72),/Users/ayush/Downloads/date-fruit-quality-ml/data/processed/train/Galaxy/alhamdan__Galaxy Date (72).jpg
/Users/ayush/Downloads/date-fruit-quality-ml/data/kaggle/alhamdan/Galaxy/Galaxy Date (73).JPG,Galaxy,alhamdan,train,Galaxy Date (73),/Users/ayush/Downloads/date-fruit-quality-ml/data/processed/train/Galaxy/alhamdan__Galaxy Date (73).jpg
/Users/ayush/Downloads/date-fruit-quality-ml/data/kaggle/alhamdan/Galaxy/Galaxy Date (74).JPG,Galaxy,alhamdan,train,Galaxy Date (74),/Users/ayush/Downloads/date-fruit-quality-ml/data/processed/train/Galaxy/alhamdan__Galaxy Date (74).jpg
/Users/ayush/Downloads/date-fruit-quality-ml/data/kaggle/alhamdan/Galaxy/Galaxy Date (75).JPG,Galaxy,alhamdan,test,Galaxy Date (75),/Users/ayush/Downloads/date-fruit-quality-ml/data/processed/test/Galaxy/alhamdan__Galaxy Date (75).jpg
/Users/ayush/Downloads/date-fruit-quality-ml/data/kaggle/alhamdan/Galaxy/Galaxy Date (76).JPG,Galaxy,alhamdan,train,Galaxy Date (76),/Users/ayush/Downloads/date-fruit-quality-ml/data/processed/train/Galaxy/alhamdan__Galaxy Date (76).jpg
/Users/ayush/Downloads/date-fruit-quality-ml/data/kaggle/alhamdan/Galaxy/Galaxy Date (77).JPG,Galaxy,alhamdan,train,Galaxy Date (77),/Users/ayush/Downloads/date-fruit-quality-ml/data/processed/train/Galaxy/alhamdan__Galaxy Date (77).jpg
/Users/ayush/Downloads/date-fruit-quality-ml/data/kaggle/alhamdan/Galaxy/Galaxy Date (78).JPG,Galaxy,alhamdan,train,Galaxy Date (78),/Users/ayush/Downloads/date-fruit-quality-ml/data/processed/train/Galaxy/alhamdan__Galaxy Date (78).jpg
/Users/ayush/Downloads/date-fruit-quality-ml/data/kaggle/alhamdan/Galaxy/Galaxy Date (79).JPG,Galaxy,alhamdan,train,Galaxy Date (79),/Users/ayush/Downloads/date-fruit-quality-ml/data/processed/train/Galaxy/alhamdan__Galaxy Date (79).jpg
/Users/ayush/Downloads/date-fruit-quality-ml/data/kaggle/alhamdan/Galaxy/Galaxy Date (8).JPG,Galaxy,alhamdan,train,Galaxy Date (8),/Users/ayush/Downloads/date-fruit-quality-ml/data/processed/train/Galaxy/alhamdan__Galaxy Date (8).jpg
/Users/ayush/Downloads/date-fruit-quality-ml/data/kaggle/alhamdan/Galaxy/Galaxy Date (80).JPG,Galaxy,alhamdan,train,Galaxy Date (80),/Users/ayush/Downloads/date-fruit-quality-ml/data/processed/train/Galaxy/alhamdan__Galaxy Date (80).jpg
/Users/ayush/Downloads/date-fruit-quality-ml/data/kaggle/alhamdan/Galaxy/Galaxy Date (81).JPG,Galaxy,alhamdan,train,Galaxy Date (81),/Users/ayush/Downloads/date-fruit-quality-ml/data/processed/train/Galaxy/alhamdan__Galaxy Date (81).jpg
/Users/ayush/Downloads/date-fruit-quality-ml/data/kaggle/alhamdan/Galaxy/Galaxy Date (82).JPG,Galaxy,alhamdan,train,Galaxy Date (82),/Users/ayush/Downloads/date-fruit-quality-ml/data/processed/train/Galaxy/alhamdan__Galaxy Date (82).jpg
/Users/ayush/Downloads/date-fruit-quality-ml/data/kaggle/alhamdan/Galaxy/Galaxy Date (83).JPG,Galaxy,alhamdan,val,Galaxy Date (83),/Users/ayush/Downloads/date-fruit-quality-ml/data/processed/val/Galaxy/alhamdan__Galaxy Date (83).jpg
/Users/ayush/Downloads/date-fruit-quality-ml/data/kaggle/alhamdan/Galaxy/Galaxy Date (84).JPG,Galaxy,alhamdan,test,Galaxy Date (84),/Users/ayush/Downloads/date-fruit-quality-ml/data/processed/test/Galaxy/alhamdan__Galaxy Date (84).jpg
/Users/ayush/Downloads/date-fruit-quality-ml/data/kaggle/alhamdan/Galaxy/Galaxy Date (85).JPG,Galaxy,alhamdan,train,Galaxy Date (85),/Users/ayush/Downloads/date-fruit-quality-ml/data/processed/train/Galaxy/alhamdan__Galaxy Date (85).jpg
/Users/ayush/Downloads/date-fruit-quality-ml/data/kaggle/alhamdan/Galaxy/Galaxy Date (86).JPG,Galaxy,alhamdan,val,Galaxy Date (86),/Users/ayush/Downloads/date-fruit-quality-ml/data/processed/val/Galaxy/alhamdan__Galaxy Date (86).jpg
/Users/ayush/Downloads/date-fruit-quality-ml/data/kaggle/alhamdan/Galaxy/Galaxy Date (87).JPG,Galaxy,alhamdan,train,Galaxy Date (87),/Users/ayush/Downloads/date-fruit-quality-ml/data/processed/train/Galaxy/alhamdan__Galaxy Date (87).jpg
/Users/ayush/Downloads/date-fruit-quality-ml/data/kaggle/alhamdan/Galaxy/Galaxy Date (88).JPG,Galaxy,alhamdan,train,Galaxy Date (88),/Users/ayush/Downloads/date-fruit-quality-ml/data/processed/train/Galaxy/alhamdan__Galaxy Date (88).jpg
/Users/ayush/Downloads/date-fruit-quality-ml/data/kaggle/alhamdan/Galaxy/Galaxy Date (89).JPG,Galaxy,alhamdan,train,Galaxy Date (89),/Users/ayush/Downloads/date-fruit-quality-ml/data/processed/train/Galaxy/alhamdan__Galaxy Date (89).jpg
/Users/ayush/Downloads/date-fruit-quality-ml/data/kaggle/alhamdan/Galaxy/Galaxy Date (9).JPG,Galaxy,alhamdan,val,Galaxy Date (9),/Users/ayush/Downloads/date-fruit-quality-ml/data/processed/val/Galaxy/alhamdan__Galaxy Date (9).jpg
/Users/ayush/Downloads/date-fruit-quality-ml/data/kaggle/alhamdan/Galaxy/Galaxy Date (90).JPG,Galaxy,alhamdan,val,Galaxy Date (90),/Users/ayush/Downloads/date-fruit-quality-ml/data/processed/val/Galaxy/alhamdan__Galaxy Date (90).jpg
/Users/ayush/Downloads/date-fruit-quality-ml/data/kaggle/alhamdan/Galaxy/Galaxy Date (91).JPG,Galaxy,alhamdan,train,Galaxy Date (91),/Users/ayush/Downloads/date-fruit-quality-ml/data/processed/train/Galaxy/alhamdan__Galaxy Date (91).jpg
/Users/ayush/Downloads/date-fruit-quality-ml/data/kaggle/alhamdan/Galaxy/Galaxy Date (92).JPG,Galaxy,alhamdan,train,Galaxy Date (92),/Users/ayush/Downloads/date-fruit-quality-ml/data/processed/train/Galaxy/alhamdan__Galaxy Date (92).jpg
/Users/ayush/Downloads/date-fruit-quality-ml/data/kaggle/alhamdan/Galaxy/Galaxy Date (93).JPG,Galaxy,alhamdan,train,Galaxy Date (93),/Users/ayush/Downloads/date-fruit-quality-ml/data/processed/train/Galaxy/alhamdan__Galaxy Date (93).jpg
/Users/ayush/Downloads/date-fruit-quality-ml/data/kaggle/alhamdan/Galaxy/Galaxy Date (94).JPG,Galaxy,alhamdan,train,Galaxy Date (94),/Users/ayush/Downloads/date-fruit-quality-ml/data/processed/train/Galaxy/alhamdan__Galaxy Date (94).jpg
/Users/ayush/Downloads/date-fruit-quality-ml/data/kaggle/alhamdan/Galaxy/Galaxy Date (95).JPG,Galaxy,alhamdan,test,Galaxy Date (95),/Users/ayush/Downloads/date-fruit-quality-ml/data/processed/test/Galaxy/alhamdan__Galaxy Date (95).jpg
/Users/ayush/Downloads/date-fruit-quality-ml/data/kaggle/alhamdan/Galaxy/Galaxy Date (96).JPG,Galaxy,alhamdan,val,Galaxy Date (96),/Users/ayush/Downloads/date-fruit-quality-ml/data/processed/val/Galaxy/alhamdan__Galaxy Date (96).jpg
/Users/ayush/Downloads/date-fruit-quality-ml/data/kaggle/alhamdan/Galaxy/Galaxy Date (97).JPG,Galaxy,alhamdan,train,Galaxy Date (97),/Users/ayush/Downloads/date-fruit-quality-ml/data/processed/train/Galaxy/alhamdan__Galaxy Date (97).jpg
/Users/ayush/Downloads/date-fruit-quality-ml/data/kaggle/alhamdan/Galaxy/Galaxy Date (98).JPG,Galaxy,alhamdan,train,Galaxy Date (98),/Users/ayush/Downloads/date-fruit-quality-ml/data/processed/train/Galaxy/alhamdan__Galaxy Date (98).jpg
/Users/ayush/Downloads/date-fruit-quality-ml/data/kaggle/alhamdan/Galaxy/Galaxy Date (99).JPG,Galaxy,alhamdan,val,Galaxy Date (99),/Users/ayush/Downloads/date-fruit-quality-ml/data/processed/val/Galaxy/alhamdan__Galaxy Date (99).jpg
/Users/ayush/Downloads/date-fruit-quality-ml/data/raw/SequeeIRAQ_6209.JPG,SagaiIRAQ,zenodo,train,SequeeIRAQ_6209,/Users/ayush/Downloads/date-fruit-quality-ml/data/processed/train/SagaiIRAQ/zenodo__SequeeIRAQ_6209.jpg
/Users/ayush/Downloads/date-fruit-quality-ml/data/raw/masyihia-3.JPG,Al-masyihia,zenodo,train,masyihia-3,/Users/ayush/Downloads/date-fruit-quality-ml/data/processed/train/Al-masyihia/zenodo__masyihia-3.jpg
/Users/ayush/Downloads/date-fruit-quality-ml/data/raw/SequeeIRAQ_6190.JPG,SagaiIRAQ,zenodo,train,SequeeIRAQ_6190,/Users/ayush/Downloads/date-fruit-quality-ml/data/processed/train/SagaiIRAQ/zenodo__SequeeIRAQ_6190.jpg
/Users/ayush/Downloads/date-fruit-quality-ml/data/raw/masyihia-11.JPG,Al-masyihia,zenodo,train,masyihia-11,/Users/ayush/Downloads/date-fruit-quality-ml/data/processed/train/Al-masyihia/zenodo__masyihia-11.jpg
/Users/ayush/Downloads/date-fruit-quality-ml/data/raw/SequeeIRAQ_6179.JPG,SagaiIRAQ,zenodo,train,SequeeIRAQ_6179,/Users/ayush/Downloads/date-fruit-quality-ml/data/processed/train/SagaiIRAQ/zenodo__SequeeIRAQ_6179.jpg
/Users/ayush/Downloads/date-fruit-quality-ml/data/raw/SequeeIRAQ_6206.JPG,SagaiIRAQ,zenodo,train,SequeeIRAQ_6206,/Users/ayush/Downloads/date-fruit-quality-ml/data/processed/train/SagaiIRAQ/zenodo__SequeeIRAQ_6206.jpg
/Users/ayush/Downloads/date-fruit-quality-ml/data/raw/SequeeIRAQ_6163.JPG,SagaiIRAQ,zenodo,train,SequeeIRAQ_6163,/Users/ayush/Downloads/date-fruit-quality-ml/data/processed/train/SagaiIRAQ/zenodo__SequeeIRAQ_6163.jpg
/Users/ayush/Downloads/date-fruit-quality-ml/data/raw/SequeeIRAQ_6211.JPG,SagaiIRAQ,zenodo,train,SequeeIRAQ_6211,/Users/ayush/Downloads/date-fruit-quality-ml/data/processed/train/SagaiIRAQ/zenodo__SequeeIRAQ_6211.jpg
/Users/ayush/Downloads/date-fruit-quality-ml/data/raw/Shagra-5.JPG,Al-shagra,zenodo,train,Shagra-5,/Users/ayush/Downloads/date-fruit-quality-ml/data/processed/train/Al-shagra/zenodo__Shagra-5.jpg
/Users/ayush/Downloads/date-fruit-quality-ml/data/raw/SequeeIRAQ_6185.JPG,SagaiIRAQ,zenodo,train,SequeeIRAQ_6185,/Users/ayush/Downloads/date-fruit-quality-ml/data/processed/train/SagaiIRAQ/zenodo__SequeeIRAQ_6185.jpg
/Users/ayush/Downloads/date-fruit-quality-ml/data/raw/Shagra-13.JPG,Al-shagra,zenodo,train,Shagra-13,/Users/ayush/Downloads/date-fruit-quality-ml/data/processed/train/Al-shagra/zenodo__Shagra-13.jpg
/Users/ayush/Downloads/date-fruit-quality-ml/data/raw/SequeeIRAQ_6227.JPG,SagaiIRAQ,zenodo,train,SequeeIRAQ_6227,/Users/ayush/Downloads/date-fruit-quality-ml/data/processed/train/SagaiIRAQ/zenodo__SequeeIRAQ_6227.jpg
/Users/ayush/Downloads/date-fruit-quality-ml/data/raw/SequeeIRAQ_6194.JPG,SagaiIRAQ,zenodo,train,SequeeIRAQ_6194,/Users/ayush/Downloads/date-fruit-quality-ml/data/processed/train/SagaiIRAQ/zenodo__SequeeIRAQ_6194.jpg
/Users/ayush/Downloads/date-fruit-quality-ml/data/raw/Shagra-12.JPG,Al-shagra,zenodo,train,Shagra-12,/Users/ayush/Downloads/date-fruit-quality-ml/data/processed/train/Al-shagra/zenodo__Shagra-12.jpg
/Users/ayush/Downloads/date-fruit-quality-ml/data/raw/SequeeIRAQ_6219.JPG,SagaiIRAQ,zenodo,train,SequeeIRAQ_6219,/Users/ayush/Downloads/date-fruit-quality-ml/data/processed/train/SagaiIRAQ/zenodo__SequeeIRAQ_6219.jpg
/Users/ayush/Downloads/date-fruit-quality-ml/data/raw/SequeeIRAQ_6173.JPG,SagaiIRAQ,zenodo,train,SequeeIRAQ_6173,/Users/ayush/Downloads/date-fruit-quality-ml/data/processed/train/SagaiIRAQ/zenodo__SequeeIRAQ_6173.jpg
/Users/ayush/Downloads/date-fruit-quality-ml/data/raw/SequeeIRAQ_6200.JPG,SagaiIRAQ,zenodo,train,SequeeIRAQ_6200,/Users/ayush/Downloads/date-fruit-quality-ml/data/processed/train/SagaiIRAQ/zenodo__SequeeIRAQ_6200.jpg
/Users/ayush/Downloads/date-fruit-quality-ml/data/raw/SequeeIRAQ_6174.JPG,SagaiIRAQ,zenodo,train,SequeeIRAQ_6174,/Users/ayush/Downloads/date-fruit-quality-ml/data/processed/train/SagaiIRAQ/zenodo__SequeeIRAQ_6174.jpg
/Users/ayush/Downloads/date-fruit-quality-ml/data/raw/Shagra-17.JPG,Al-shagra,zenodo,train,Shagra-17,/Users/ayush/Downloads/date-fruit-quality-ml/data/processed/train/Al-shagra/zenodo__Shagra-17.jpg
/Users/ayush/Downloads/date-fruit-quality-ml/data/raw/masyihia-29.JPG,Al-masyihia,zenodo,train,masyihia-29,/Users/ayush/Downloads/date-fruit-quality-ml/data/processed/train/Al-masyihia/zenodo__masyihia-29.jpg
/Users/ayush/Downloads/date-fruit-quality-ml/data/raw/masyihia-10.JPG,Al-masyihia,zenodo,train,masyihia-10,/Users/ayush/Downloads/date-fruit-quality-ml/data/processed/train/Al-masyihia/zenodo__masyihia-10.jpg
/Users/ayush/Downloads/date-fruit-quality-ml/data/raw/SequeeIRAQ_6178.JPG,SagaiIRAQ,zenodo,train,SequeeIRAQ_6178,/Users/ayush/Downloads/date-fruit-quality-ml/data/processed/train/SagaiIRAQ/zenodo__SequeeIRAQ_6178.jpg
/Users/ayush/Downloads/date-fruit-quality-ml/data/raw/SequeeIRAQ_6183.JPG,SagaiIRAQ,zenodo,train,SequeeIRAQ_6183,/Users/ayush/Downloads/date-fruit-quality-ml/data/processed/train/SagaiIRAQ/zenodo__SequeeIRAQ_6183.jpg
/Users/ayush/Downloads/date-fruit-quality-ml/data/raw/SequeeIRAQ_6223.JPG,SagaiIRAQ,zenodo,train,SequeeIRAQ_6223,/Users/ayush/Downloads/date-fruit-quality-ml/data/processed/train/SagaiIRAQ/zenodo__SequeeIRAQ_6223.jpg
/Users/ayush/Downloads/date-fruit-quality-ml/data/raw/SequeeIRAQ_6170.JPG,SagaiIRAQ,zenodo,train,SequeeIRAQ_6170,/Users/ayush/Downloads/date-fruit-quality-ml/data/processed/train/SagaiIRAQ/zenodo__SequeeIRAQ_6170.jpg
/Users/ayush/Downloads/date-fruit-quality-ml/data/raw/Shagra-21.JPG,Al-shagra,zenodo,train,Shagra-21,/Users/ayush/Downloads/date-fruit-quality-ml/data/processed/train/Al-shagra/zenodo__Shagra-21.jpg
/Users/ayush/Downloads/date-fruit-quality-ml/data/raw/masyihia-24.JPG,Al-masyihia,zenodo,train,masyihia-24,/Users/ayush/Downloads/date-fruit-quality-ml/data/processed/train/Al-masyihia/zenodo__masyihia-24.jpg
/Users/ayush/Downloads/date-fruit-quality-ml/data/raw/masyihia-1.JPG,Al-masyihia,zenodo,train,masyihia-1,/Users/ayush/Downloads/date-fruit-quality-ml/data/processed/train/Al-masyihia/zenodo__masyihia-1.jpg
/Users/ayush/Downloads/date-fruit-quality-ml/data/raw/masyihia-4.JPG,Al-masyihia,zenodo,train,masyihia-4,/Users/ayush/Downloads/date-fruit-quality-ml/data/processed/train/Al-masyihia/zenodo__masyihia-4.jpg
/Users/ayush/Downloads/date-fruit-quality-ml/data/raw/SequeeIRAQ_6204.JPG,SagaiIRAQ,zenodo,train,SequeeIRAQ_6204,/Users/ayush/Downloads/date-fruit-quality-ml/data/processed/train/SagaiIRAQ/zenodo__SequeeIRAQ_6204.jpg
/Users/ayush/Downloads/date-fruit-quality-ml/data/raw/SequeeIRAQ_6184.JPG,SagaiIRAQ,zenodo,train,SequeeIRAQ_6184,/Users/ayush/Downloads/date-fruit-quality-ml/data/processed/train/SagaiIRAQ/zenodo__SequeeIRAQ_6184.jpg
/Users/ayush/Downloads/date-fruit-quality-ml/data/raw/SequeeIRAQ_6201.JPG,SagaiIRAQ,zenodo,train,SequeeIRAQ_6201,/Users/ayush/Downloads/date-fruit-quality-ml/data/processed/train/SagaiIRAQ/zenodo__SequeeIRAQ_6201.jpg
/Users/ayush/Downloads/date-fruit-quality-ml/data/raw/SequeeIRAQ_6187.JPG,SagaiIRAQ,zenodo,train,SequeeIRAQ_6187,/Users/ayush/Downloads/date-fruit-quality-ml/data/processed/train/SagaiIRAQ/zenodo__SequeeIRAQ_6187.jpg
/Users/ayush/Downloads/date-fruit-quality-ml/data/raw/SequeeIRAQ_6196.JPG,SagaiIRAQ,zenodo,train,SequeeIRAQ_6196,/Users/ayush/Downloads/date-fruit-quality-ml/data/processed/train/SagaiIRAQ/zenodo__SequeeIRAQ_6196.jpg
/Users/ayush/Downloads/date-fruit-quality-ml/data/raw/masyihia-31.JPG,Al-masyihia,zenodo,train,masyihia-31,/Users/ayush/Downloads/date-fruit-quality-ml/data/processed/train/Al-masyihia/zenodo__masyihia-31.jpg
/Users/ayush/Downloads/date-fruit-quality-ml/data/raw/SequeeIRAQ_6176.JPG,SagaiIRAQ,zenodo,train,SequeeIRAQ_6176,/Users/ayush/Downloads/date-fruit-quality-ml/data/processed/train/SagaiIRAQ/zenodo__SequeeIRAQ_6176.jpg
/Users/ayush/Downloads/date-fruit-quality-ml/data/raw/SequeeIRAQ_6208.JPG,SagaiIRAQ,zenodo,train,SequeeIRAQ_6208,/Users/ayush/Downloads/date-fruit-quality-ml/data/processed/train/SagaiIRAQ/zenodo__SequeeIRAQ_6208.jpg
/Users/ayush/Downloads/date-fruit-quality-ml/data/raw/SequeeIRAQ_6197.JPG,SagaiIRAQ,zenodo,train,SequeeIRAQ_6197,/Users/ayush/Downloads/date-fruit-quality-ml/data/processed/train/SagaiIRAQ/zenodo__SequeeIRAQ_6197.jpg
/Users/ayush/Downloads/date-fruit-quality-ml/data/raw/SequeeIRAQ_6215.JPG,SagaiIRAQ,zenodo,train,SequeeIRAQ_6215,/Users/ayush/Downloads/date-fruit-quality-ml/data/processed/train/SagaiIRAQ/zenodo__SequeeIRAQ_6215.jpg
/Users/ayush/Downloads/date-fruit-quality-ml/data/raw/SequeeIRAQ_6230.JPG,SagaiIRAQ,zenodo,train,SequeeIRAQ_6230,/Users/ayush/Downloads/date-fruit-quality-ml/data/processed/train/SagaiIRAQ/zenodo__SequeeIRAQ_6230.jpg
/Users/ayush/Downloads/date-fruit-quality-ml/data/raw/Shagra-6.JPG,Al-shagra,zenodo,train,Shagra-6,/Users/ayush/Downloads/date-fruit-quality-ml/data/processed/train/Al-shagra/zenodo__Shagra-6.jpg
/Users/ayush/Downloads/date-fruit-quality-ml/data/raw/SequeeIRAQ_6220.JPG,SagaiIRAQ,zenodo,train,SequeeIRAQ_6220,/Users/ayush/Downloads/date-fruit-quality-ml/data/processed/train/SagaiIRAQ/zenodo__SequeeIRAQ_6220.jpg
/Users/ayush/Downloads/date-fruit-quality-ml/data/raw/Shagra-1.JPG,Al-shagra,zenodo,train,Shagra-1,/Users/ayush/Downloads/date-fruit-quality-ml/data/processed/train/Al-shagra/zenodo__Shagra-1.jpg
/Users/ayush/Downloads/date-fruit-quality-ml/data/raw/SequeeIRAQ_6191.JPG,SagaiIRAQ,zenodo,train,SequeeIRAQ_6191,/Users/ayush/Downloads/date-fruit-quality-ml/data/processed/train/SagaiIRAQ/zenodo__SequeeIRAQ_6191.jpg
/Users/ayush/Downloads/date-fruit-quality-ml/data/raw/masyihia-13.JPG,Al-masyihia,zenodo,train,masyihia-13,/Users/ayush/Downloads/date-fruit-quality-ml/data/processed/train/Al-masyihia/zenodo__masyihia-13.jpg
/Users/ayush/Downloads/date-fruit-quality-ml/data/raw/Shagra-20.JPG,Al-shagra,zenodo,train,Shagra-20,/Users/ayush/Downloads/date-fruit-quality-ml/data/processed/train/Al-shagra/zenodo__Shagra-20.jpg
/Users/ayush/Downloads/date-fruit-quality-ml/data/raw/masyihia-12.JPG,Al-masyihia,zenodo,train,masyihia-12,/Users/ayush/Downloads/date-fruit-quality-ml/data/processed/train/Al-masyihia/zenodo__masyihia-12.jpg
/Users/ayush/Downloads/date-fruit-quality-ml/data/raw/SequeeIRAQ_6212.JPG,SagaiIRAQ,zenodo,train,SequeeIRAQ_6212,/Users/ayush/Downloads/date-fruit-quality-ml/data/processed/train/SagaiIRAQ/zenodo__SequeeIRAQ_6212.jpg
/Users/ayush/Downloads/date-fruit-quality-ml/data/raw/SequeeIRAQ_6225.JPG,SagaiIRAQ,zenodo,train,SequeeIRAQ_6225,/Users/ayush/Downloads/date-fruit-quality-ml/data/processed/train/SagaiIRAQ/zenodo__SequeeIRAQ_6225.jpg
/Users/ayush/Downloads/date-fruit-quality-ml/data/raw/SequeeIRAQ_6226.JPG,SagaiIRAQ,zenodo,train,SequeeIRAQ_6226,/Users/ayush/Downloads/date-fruit-quality-ml/data/processed/train/SagaiIRAQ/zenodo__SequeeIRAQ_6226.jpg
/Users/ayush/Downloads/date-fruit-quality-ml/data/raw/SequeeIRAQ_6166.JPG,SagaiIRAQ,zenodo,train,SequeeIRAQ_6166,/Users/ayush/Downloads/date-fruit-quality-ml/data/processed/train/SagaiIRAQ/zenodo__SequeeIRAQ_6166.jpg
/Users/ayush/Downloads/date-fruit-quality-ml/data/raw/masyihia-18.JPG,Al-masyihia,zenodo,train,masyihia-18,/Users/ayush/Downloads/date-fruit-quality-ml/data/processed/train/Al-masyihia/zenodo__masyihia-18.jpg
/Users/ayush/Downloads/date-fruit-quality-ml/data/raw/SequeeIRAQ_6217.JPG,SagaiIRAQ,zenodo,train,SequeeIRAQ_6217,/Users/ayush/Downloads/date-fruit-quality-ml/data/processed/train/SagaiIRAQ/zenodo__SequeeIRAQ_6217.jpg
/Users/ayush/Downloads/date-fruit-quality-ml/data/raw/SequeeIRAQ_6188.JPG,SagaiIRAQ,zenodo,train,SequeeIRAQ_6188,/Users/ayush/Downloads/date-fruit-quality-ml/data/processed/train/SagaiIRAQ/zenodo__SequeeIRAQ_6188.jpg
/Users/ayush/Downloads/date-fruit-quality-ml/data/raw/masyihia-23.JPG,Al-masyihia,zenodo,train,masyihia-23,/Users/ayush/Downloads/date-fruit-quality-ml/data/processed/train/Al-masyihia/zenodo__masyihia-23.jpg
/Users/ayush/Downloads/date-fruit-quality-ml/data/raw/Shagra-14.JPG,Al-shagra,zenodo,train,Shagra-14,/Users/ayush/Downloads/date-fruit-quality-ml/data/processed/train/Al-shagra/zenodo__Shagra-14.jpg
/Users/ayush/Downloads/date-fruit-quality-ml/data/raw/Shagra-8.JPG,Al-shagra,zenodo,train,Shagra-8,/Users/ayush/Downloads/date-fruit-quality-ml/data/processed/train/Al-shagra/zenodo__Shagra-8.jpg
/Users/ayush/Downloads/date-fruit-quality-ml/data/raw/SequeeIRAQ_6216.JPG,SagaiIRAQ,zenodo,train,SequeeIRAQ_6216,/Users/ayush/Downloads/date-fruit-quality-ml/data/processed/train/SagaiIRAQ/zenodo__SequeeIRAQ_6216.jpg
/Users/ayush/Downloads/date-fruit-quality-ml/data/raw/SequeeIRAQ_6182.JPG,SagaiIRAQ,zenodo,train,SequeeIRAQ_6182,/Users/ayush/Downloads/date-fruit-quality-ml/data/processed/train/SagaiIRAQ/zenodo__SequeeIRAQ_6182.jpg
/Users/ayush/Downloads/date-fruit-quality-ml/data/raw/masyihia-8.JPG,Al-masyihia,zenodo,train,masyihia-8,/Users/ayush/Downloads/date-fruit-quality-ml/data/processed/train/Al-masyihia/zenodo__masyihia-8.jpg
/Users/ayush/Downloads/date-fruit-quality-ml/data/raw/Shagra-10.JPG,Al-shagra,zenodo,train,Shagra-10,/Users/ayush/Downloads/date-fruit-quality-ml/data/processed/train/Al-shagra/zenodo__Shagra-10.jpg
/Users/ayush/Downloads/date-fruit-quality-ml/data/raw/masyihia-14.JPG,Al-masyihia,zenodo,train,masyihia-14,/Users/ayush/Downloads/date-fruit-quality-ml/data/processed/train/Al-masyihia/zenodo__masyihia-14.jpg
/Users/ayush/Downloads/date-fruit-quality-ml/data/raw/Shagra-15.JPG,Al-shagra,zenodo,train,Shagra-15,/Users/ayush/Downloads/date-fruit-quality-ml/data/processed/train/Al-shagra/zenodo__Shagra-15.jpg
/Users/ayush/Downloads/date-fruit-quality-ml/data/raw/Shagra-9.JPG,Al-shagra,zenodo,train,Shagra-9,/Users/ayush/Downloads/date-fruit-quality-ml/data/processed/train/Al-shagra/zenodo__Shagra-9.jpg
/Users/ayush/Downloads/date-fruit-quality-ml/data/raw/SequeeIRAQ_6202.JPG,SagaiIRAQ,zenodo,train,SequeeIRAQ_6202,/Users/ayush/Downloads/date-fruit-quality-ml/data/processed/train/SagaiIRAQ/zenodo__SequeeIRAQ_6202.jpg
/Users/ayush/Downloads/date-fruit-quality-ml/data/raw/SequeeIRAQ_6232.JPG,SagaiIRAQ,zenodo,train,SequeeIRAQ_6232,/Users/ayush/Downloads/date-fruit-quality-ml/data/processed/train/SagaiIRAQ/zenodo__SequeeIRAQ_6232.jpg
/Users/ayush/Downloads/date-fruit-quality-ml/data/raw/Shagra-16.JPG,Al-shagra,zenodo,train,Shagra-16,/Users/ayush/Downloads/date-fruit-quality-ml/data/processed/train/Al-shagra/zenodo__Shagra-16.jpg
/Users/ayush/Downloads/date-fruit-quality-ml/data/raw/masyihia-25.JPG,Al-masyihia,zenodo,train,masyihia-25,/Users/ayush/Downloads/date-fruit-quality-ml/data/processed/train/Al-masyihia/zenodo__masyihia-25.jpg
/Users/ayush/Downloads/date-fruit-quality-ml/data/raw/SequeeIRAQ_6168.JPG,SagaiIRAQ,zenodo,train,SequeeIRAQ_6168,/Users/ayush/Downloads/date-fruit-quality-ml/data/processed/train/SagaiIRAQ/zenodo__SequeeIRAQ_6168.jpg
/Users/ayush/Downloads/date-fruit-quality-ml/data/raw/SequeeIRAQ_6193.JPG,SagaiIRAQ,zenodo,train,SequeeIRAQ_6193,/Users/ayush/Downloads/date-fruit-quality-ml/data/processed/train/SagaiIRAQ/zenodo__SequeeIRAQ_6193.jpg
/Users/ayush/Downloads/date-fruit-quality-ml/data/raw/SequeeIRAQ_6229.JPG,SagaiIRAQ,zenodo,train,SequeeIRAQ_6229,/Users/ayush/Downloads/date-fruit-quality-ml/data/processed/train/SagaiIRAQ/zenodo__SequeeIRAQ_6229.jpg
/Users/ayush/Downloads/date-fruit-quality-ml/data/raw/SequeeIRAQ_6195.JPG,SagaiIRAQ,zenodo,train,SequeeIRAQ_6195,/Users/ayush/Downloads/date-fruit-quality-ml/data/processed/train/SagaiIRAQ/zenodo__SequeeIRAQ_6195.jpg
/Users/ayush/Downloads/date-fruit-quality-ml/data/raw/masyihia-2.JPG,Al-masyihia,zenodo,train,masyihia-2,/Users/ayush/Downloads/date-fruit-quality-ml/data/processed/train/Al-masyihia/zenodo__masyihia-2.jpg
/Users/ayush/Downloads/date-fruit-quality-ml/data/raw/masyihia-20.JPG,Al-masyihia,zenodo,train,masyihia-20,/Users/ayush/Downloads/date-fruit-quality-ml/data/processed/train/Al-masyihia/zenodo__masyihia-20.jpg
/Users/ayush/Downloads/date-fruit-quality-ml/data/raw/Shagra-19.JPG,Al-shagra,zenodo,train,Shagra-19,/Users/ayush/Downloads/date-fruit-quality-ml/data/processed/train/Al-shagra/zenodo__Shagra-19.jpg
/Users/ayush/Downloads/date-fruit-quality-ml/data/raw/masyihia-21.JPG,Al-masyihia,zenodo,train,masyihia-21,/Users/ayush/Downloads/date-fruit-quality-ml/data/processed/train/Al-masyihia/zenodo__masyihia-21.jpg
/Users/ayush/Downloads/date-fruit-quality-ml/data/raw/masyihia-17.JPG,Al-masyihia,zenodo,train,masyihia-17,/Users/ayush/Downloads/date-fruit-quality-ml/data/processed/train/Al-masyihia/zenodo__masyihia-17.jpg
/Users/ayush/Downloads/date-fruit-quality-ml/data/raw/masyihia-6.JPG,Al-masyihia,zenodo,train,masyihia-6,/Users/ayush/Downloads/date-fruit-quality-ml/data/processed/train/Al-masyihia/zenodo__masyihia-6.jpg
/Users/ayush/Downloads/date-fruit-quality-ml/data/raw/masyihia-30.JPG,Al-masyihia,zenodo,train,masyihia-30,/Users/ayush/Downloads/date-fruit-quality-ml/data/processed/train/Al-masyihia/zenodo__masyihia-30.jpg
/Users/ayush/Downloads/date-fruit-quality-ml/data/raw/SequeeIRAQ_6186.JPG,SagaiIRAQ,zenodo,train,SequeeIRAQ_6186,/Users/ayush/Downloads/date-fruit-quality-ml/data/processed/train/SagaiIRAQ/zenodo__SequeeIRAQ_6186.jpg
/Users/ayush/Downloads/date-fruit-quality-ml/data/raw/SequeeIRAQ_6228.JPG,SagaiIRAQ,zenodo,train,SequeeIRAQ_6228,/Users/ayush/Downloads/date-fruit-quality-ml/data/processed/train/SagaiIRAQ/zenodo__SequeeIRAQ_6228.jpg
/Users/ayush/Downloads/date-fruit-quality-ml/data/raw/SequeeIRAQ_6172.JPG,SagaiIRAQ,zenodo,train,SequeeIRAQ_6172,/Users/ayush/Downloads/date-fruit-quality-ml/data/processed/train/SagaiIRAQ/zenodo__SequeeIRAQ_6172.jpg
/Users/ayush/Downloads/date-fruit-quality-ml/data/raw/Shagra-24.JPG,Al-shagra,zenodo,train,Shagra-24,/Users/ayush/Downloads/date-fruit-quality-ml/data/processed/train/Al-shagra/zenodo__Shagra-24.jpg
/Users/ayush/Downloads/date-fruit-quality-ml/data/raw/SequeeIRAQ_6221.JPG,SagaiIRAQ,zenodo,train,SequeeIRAQ_6221,/Users/ayush/Downloads/date-fruit-quality-ml/data/processed/train/SagaiIRAQ/zenodo__SequeeIRAQ_6221.jpg
/Users/ayush/Downloads/date-fruit-quality-ml/data/raw/Shagra-3.JPG,Al-shagra,zenodo,train,Shagra-3,/Users/ayush/Downloads/date-fruit-quality-ml/data/processed/train/Al-shagra/zenodo__Shagra-3.jpg
/Users/ayush/Downloads/date-fruit-quality-ml/data/raw/SequeeIRAQ_6175.JPG,SagaiIRAQ,zenodo,train,SequeeIRAQ_6175,/Users/ayush/Downloads/date-fruit-quality-ml/data/processed/train/SagaiIRAQ/zenodo__SequeeIRAQ_6175.jpg
/Users/ayush/Downloads/date-fruit-quality-ml/data/raw/SequeeIRAQ_6224.JPG,SagaiIRAQ,zenodo,val,SequeeIRAQ_6224,/Users/ayush/Downloads/date-fruit-quality-ml/data/processed/val/SagaiIRAQ/zenodo__SequeeIRAQ_6224.jpg
/Users/ayush/Downloads/date-fruit-quality-ml/data/raw/SequeeIRAQ_6181.JPG,SagaiIRAQ,zenodo,val,SequeeIRAQ_6181,/Users/ayush/Downloads/date-fruit-quality-ml/data/processed/val/SagaiIRAQ/zenodo__SequeeIRAQ_6181.jpg
/Users/ayush/Downloads/date-fruit-quality-ml/data/raw/Shagra-22.JPG,Al-shagra,zenodo,val,Shagra-22,/Users/ayush/Downloads/date-fruit-quality-ml/data/processed/val/Al-shagra/zenodo__Shagra-22.jpg
/Users/ayush/Downloads/date-fruit-quality-ml/data/raw/SequeeIRAQ_6198.JPG,SagaiIRAQ,zenodo,val,SequeeIRAQ_6198,/Users/ayush/Downloads/date-fruit-quality-ml/data/processed/val/SagaiIRAQ/zenodo__SequeeIRAQ_6198.jpg
/Users/ayush/Downloads/date-fruit-quality-ml/data/raw/SequeeIRAQ_6167.JPG,SagaiIRAQ,zenodo,val,SequeeIRAQ_6167,/Users/ayush/Downloads/date-fruit-quality-ml/data/processed/val/SagaiIRAQ/zenodo__SequeeIRAQ_6167.jpg
/Users/ayush/Downloads/date-fruit-quality-ml/data/raw/Shagra-23.JPG,Al-shagra,zenodo,val,Shagra-23,/Users/ayush/Downloads/date-fruit-quality-ml/data/processed/val/Al-shagra/zenodo__Shagra-23.jpg
/Users/ayush/Downloads/date-fruit-quality-ml/data/raw/SequeeIRAQ_6205.JPG,SagaiIRAQ,zenodo,val,SequeeIRAQ_6205,/Users/ayush/Downloads/date-fruit-quality-ml/data/processed/val/SagaiIRAQ/zenodo__SequeeIRAQ_6205.jpg
/Users/ayush/Downloads/date-fruit-quality-ml/data/raw/masyihia-19.JPG,Al-masyihia,zenodo,val,masyihia-19,/Users/ayush/Downloads/date-fruit-quality-ml/data/processed/val/Al-masyihia/zenodo__masyihia-19.jpg
/Users/ayush/Downloads/date-fruit-quality-ml/data/raw/masyihia-22.JPG,Al-masyihia,zenodo,val,masyihia-22,/Users/ayush/Downloads/date-fruit-quality-ml/data/processed/val/Al-masyihia/zenodo__masyihia-22.jpg
/Users/ayush/Downloads/date-fruit-quality-ml/data/raw/masyihia-7.JPG,Al-masyihia,zenodo,val,masyihia-7,/Users/ayush/Downloads/date-fruit-quality-ml/data/processed/val/Al-masyihia/zenodo__masyihia-7.jpg
/Users/ayush/Downloads/date-fruit-quality-ml/data/raw/SequeeIRAQ_6231.JPG,SagaiIRAQ,zenodo,val,SequeeIRAQ_6231,/Users/ayush/Downloads/date-fruit-quality-ml/data/processed/val/SagaiIRAQ/zenodo__SequeeIRAQ_6231.jpg
/Users/ayush/Downloads/date-fruit-quality-ml/data/raw/SequeeIRAQ_6189.JPG,SagaiIRAQ,zenodo,val,SequeeIRAQ_6189,/Users/ayush/Downloads/date-fruit-quality-ml/data/processed/val/SagaiIRAQ/zenodo__SequeeIRAQ_6189.jpg
/Users/ayush/Downloads/date-fruit-quality-ml/data/raw/SequeeIRAQ_6210.JPG,SagaiIRAQ,zenodo,val,SequeeIRAQ_6210,/Users/ayush/Downloads/date-fruit-quality-ml/data/processed/val/SagaiIRAQ/zenodo__SequeeIRAQ_6210.jpg
/Users/ayush/Downloads/date-fruit-quality-ml/data/raw/Shagra-7.JPG,Al-shagra,zenodo,val,Shagra-7,/Users/ayush/Downloads/date-fruit-quality-ml/data/processed/val/Al-shagra/zenodo__Shagra-7.jpg
/Users/ayush/Downloads/date-fruit-quality-ml/data/raw/SequeeIRAQ_6169.JPG,SagaiIRAQ,zenodo,val,SequeeIRAQ_6169,/Users/ayush/Downloads/date-fruit-quality-ml/data/processed/val/SagaiIRAQ/zenodo__SequeeIRAQ_6169.jpg
/Users/ayush/Downloads/date-fruit-quality-ml/data/raw/masyihia-28.JPG,Al-masyihia,zenodo,val,masyihia-28,/Users/ayush/Downloads/date-fruit-quality-ml/data/processed/val/Al-masyihia/zenodo__masyihia-28.jpg
/Users/ayush/Downloads/date-fruit-quality-ml/data/raw/masyihia-5.JPG,Al-masyihia,zenodo,val,masyihia-5,/Users/ayush/Downloads/date-fruit-quality-ml/data/processed/val/Al-masyihia/zenodo__masyihia-5.jpg
/Users/ayush/Downloads/date-fruit-quality-ml/data/raw/SequeeIRAQ_6180.JPG,SagaiIRAQ,zenodo,val,SequeeIRAQ_6180,/Users/ayush/Downloads/date-fruit-quality-ml/data/processed/val/SagaiIRAQ/zenodo__SequeeIRAQ_6180.jpg
/Users/ayush/Downloads/date-fruit-quality-ml/data/raw/SequeeIRAQ_6233.JPG,SagaiIRAQ,zenodo,val,SequeeIRAQ_6233,/Users/ayush/Downloads/date-fruit-quality-ml/data/processed/val/SagaiIRAQ/zenodo__SequeeIRAQ_6233.jpg
/Users/ayush/Downloads/date-fruit-quality-ml/data/raw/SequeeIRAQ_6192.JPG,SagaiIRAQ,zenodo,test,SequeeIRAQ_6192,/Users/ayush/Downloads/date-fruit-quality-ml/data/processed/test/SagaiIRAQ/zenodo__SequeeIRAQ_6192.jpg
/Users/ayush/Downloads/date-fruit-quality-ml/data/raw/SequeeIRAQ_6203.JPG,SagaiIRAQ,zenodo,test,SequeeIRAQ_6203,/Users/ayush/Downloads/date-fruit-quality-ml/data/processed/test/SagaiIRAQ/zenodo__SequeeIRAQ_6203.jpg
/Users/ayush/Downloads/date-fruit-quality-ml/data/raw/masyihia-16.JPG,Al-masyihia,zenodo,test,masyihia-16,/Users/ayush/Downloads/date-fruit-quality-ml/data/processed/test/Al-masyihia/zenodo__masyihia-16.jpg
/Users/ayush/Downloads/date-fruit-quality-ml/data/raw/Shagra-4.JPG,Al-shagra,zenodo,test,Shagra-4,/Users/ayush/Downloads/date-fruit-quality-ml/data/processed/test/Al-shagra/zenodo__Shagra-4.jpg
/Users/ayush/Downloads/date-fruit-quality-ml/data/raw/SequeeIRAQ_6199.JPG,SagaiIRAQ,zenodo,test,SequeeIRAQ_6199,/Users/ayush/Downloads/date-fruit-quality-ml/data/processed/test/SagaiIRAQ/zenodo__SequeeIRAQ_6199.jpg
/Users/ayush/Downloads/date-fruit-quality-ml/data/raw/Shagra-2.JPG,Al-shagra,zenodo,test,Shagra-2,/Users/ayush/Downloads/date-fruit-quality-ml/data/processed/test/Al-shagra/zenodo__Shagra-2.jpg
/Users/ayush/Downloads/date-fruit-quality-ml/data/raw/SequeeIRAQ_6218.JPG,SagaiIRAQ,zenodo,test,SequeeIRAQ_6218,/Users/ayush/Downloads/date-fruit-quality-ml/data/processed/test/SagaiIRAQ/zenodo__SequeeIRAQ_6218.jpg
/Users/ayush/Downloads/date-fruit-quality-ml/data/raw/SequeeIRAQ_6207.JPG,SagaiIRAQ,zenodo,test,SequeeIRAQ_6207,/Users/ayush/Downloads/date-fruit-quality-ml/data/processed/test/SagaiIRAQ/zenodo__SequeeIRAQ_6207.jpg
/Users/ayush/Downloads/date-fruit-quality-ml/data/raw/SequeeIRAQ_6177.JPG,SagaiIRAQ,zenodo,test,SequeeIRAQ_6177,/Users/ayush/Downloads/date-fruit-quality-ml/data/processed/test/SagaiIRAQ/zenodo__SequeeIRAQ_6177.jpg
/Users/ayush/Downloads/date-fruit-quality-ml/data/raw/SequeeIRAQ_6213.JPG,SagaiIRAQ,zenodo,test,SequeeIRAQ_6213,/Users/ayush/Downloads/date-fruit-quality-ml/data/processed/test/SagaiIRAQ/zenodo__SequeeIRAQ_6213.jpg
/Users/ayush/Downloads/date-fruit-quality-ml/data/raw/masyihia-9.JPG,Al-masyihia,zenodo,test,masyihia-9,/Users/ayush/Downloads/date-fruit-quality-ml/data/processed/test/Al-masyihia/zenodo__masyihia-9.jpg
/Users/ayush/Downloads/date-fruit-quality-ml/data/raw/masyihia-15.JPG,Al-masyihia,zenodo,test,masyihia-15,/Users/ayush/Downloads/date-fruit-quality-ml/data/processed/test/Al-masyihia/zenodo__masyihia-15.jpg
/Users/ayush/Downloads/date-fruit-quality-ml/data/raw/masyihia-27.JPG,Al-masyihia,zenodo,test,masyihia-27,/Users/ayush/Downloads/date-fruit-quality-ml/data/processed/test/Al-masyihia/zenodo__masyihia-27.jpg
/Users/ayush/Downloads/date-fruit-quality-ml/data/raw/Shagra-11.JPG,Al-shagra,zenodo,test,Shagra-11,/Users/ayush/Downloads/date-fruit-quality-ml/data/processed/test/Al-shagra/zenodo__Shagra-11.jpg
/Users/ayush/Downloads/date-fruit-quality-ml/data/raw/SequeeIRAQ_6171.JPG,SagaiIRAQ,zenodo,test,SequeeIRAQ_6171,/Users/ayush/Downloads/date-fruit-quality-ml/data/processed/test/SagaiIRAQ/zenodo__SequeeIRAQ_6171.jpg
/Users/ayush/Downloads/date-fruit-quality-ml/data/raw/SequeeIRAQ_6222.JPG,SagaiIRAQ,zenodo,test,SequeeIRAQ_6222,/Users/ayush/Downloads/date-fruit-quality-ml/data/processed/test/SagaiIRAQ/zenodo__SequeeIRAQ_6222.jpg
/Users/ayush/Downloads/date-fruit-quality-ml/data/raw/Shagra-18.JPG,Al-shagra,zenodo,test,Shagra-18,/Users/ayush/Downloads/date-fruit-quality-ml/data/processed/test/Al-shagra/zenodo__Shagra-18.jpg
/Users/ayush/Downloads/date-fruit-quality-ml/data/raw/SequeeIRAQ_6164.JPG,SagaiIRAQ,zenodo,test,SequeeIRAQ_6164,/Users/ayush/Downloads/date-fruit-quality-ml/data/processed/test/SagaiIRAQ/zenodo__SequeeIRAQ_6164.jpg
/Users/ayush/Downloads/date-fruit-quality-ml/data/raw/masyihia-26.JPG,Al-masyihia,zenodo,test,masyihia-26,/Users/ayush/Downloads/date-fruit-quality-ml/data/processed/test/Al-masyihia/zenodo__masyihia-26.jpg
/Users/ayush/Downloads/date-fruit-quality-ml/data/quality/grade/train/Grade-1/Fasli-Toto__Large__76.jpg,Fasli Toto,grading,train,Fasli-Toto__Large__76__Grade-1,/Users/ayush/Downloads/date-fruit-quality-ml/data/processed/train/Fasli Toto/grading__Fasli-Toto__Large__76__Grade-1.jpg
/Users/ayush/Downloads/date-fruit-quality-ml/data/quality/grade/train/Grade-1/Gajar__Large__119.jpg,Gajar,grading,train,Gajar__Large__119__Grade-1,/Users/ayush/Downloads/date-fruit-quality-ml/data/processed/train/Gajar/grading__Gajar__Large__119__Grade-1.jpg
/Users/ayush/Downloads/date-fruit-quality-ml/data/quality/grade/train/Grade-1/Aseel__Medium__124.jpg,Aseel,grading,train,Aseel__Medium__124__Grade-1,/Users/ayush/Downloads/date-fruit-quality-ml/data/processed/train/Aseel/grading__Aseel__Medium__124__Grade-1.jpg
/Users/ayush/Downloads/date-fruit-quality-ml/data/quality/grade/train/Grade-1/Fasli-Toto__Medium__118.jpg,Fasli Toto,grading,train,Fasli-Toto__Medium__118__Grade-1,/Users/ayush/Downloads/date-fruit-quality-ml/data/processed/train/Fasli Toto/grading__Fasli-Toto__Medium__118__Grade-1.jpg
/Users/ayush/Downloads/date-fruit-quality-ml/data/quality/grade/train/Grade-1/Aseel__Small__34.jpg,Aseel,grading,train,Aseel__Small__34__Grade-1,/Users/ayush/Downloads/date-fruit-quality-ml/data/processed/train/Aseel/grading__Aseel__Small__34__Grade-1.jpg
/Users/ayush/Downloads/date-fruit-quality-ml/data/quality/grade/train/Grade-1/Aseel__Small__17.jpg,Aseel,grading,train,Aseel__Small__17__Grade-1,/Users/ayush/Downloads/date-fruit-quality-ml/data/processed/train/Aseel/grading__Aseel__Small__17__Grade-1.jpg
/Users/ayush/Downloads/date-fruit-quality-ml/data/quality/grade/train/Grade-1/Gajar__Medium__151.jpg,Gajar,grading,train,Gajar__Medium__151__Grade-1,/Users/ayush/Downloads/date-fruit-quality-ml/data/processed/train/Gajar/grading__Gajar__Medium__151__Grade-1.jpg
/Users/ayush/Downloads/date-fruit-quality-ml/data/quality/grade/train/Grade-1/Fasli-Toto__Medium__89.jpg,Fasli Toto,grading,train,Fasli-Toto__Medium__89__Grade-1,/Users/ayush/Downloads/date-fruit-quality-ml/data/processed/train/Fasli Toto/grading__Fasli-Toto__Medium__89__Grade-1.jpg
/Users/ayush/Downloads/date-fruit-quality-ml/data/quality/grade/train/Grade-1/Aseel__Small__25.jpg,Aseel,grading,train,Aseel__Small__25__Grade-1,/Users/ayush/Downloads/date-fruit-quality-ml/data/processed/train/Aseel/grading__Aseel__Small__25__Grade-1.jpg
/Users/ayush/Downloads/date-fruit-quality-ml/data/quality/grade/train/Grade-1/Fasli-Toto__Small__46.jpg,Fasli Toto,grading,train,Fasli-Toto__Small__46__Grade-1,/Users/ayush/Downloads/date-fruit-quality-ml/data/processed/train/Fasli Toto/grading__Fasli-Toto__Small__46__Grade-1.jpg
/Users/ayush/Downloads/date-fruit-quality-ml/data/quality/grade/train/Grade-1/Aseel__Large__47.jpg,Aseel,grading,train,Aseel__Large__47__Grade-1,/Users/ayush/Downloads/date-fruit-quality-ml/data/processed/train/Aseel/grading__Aseel__Large__47__Grade-1.jpg
/Users/ayush/Downloads/date-fruit-quality-ml/data/quality/grade/train/Grade-1/Aseel__Medium__16.jpg,Aseel,grading,train,Aseel__Medium__16__Grade-1,/Users/ayush/Downloads/date-fruit-quality-ml/data/processed/train/Aseel/grading__Aseel__Medium__16__Grade-1.jpg
/Users/ayush/Downloads/date-fruit-quality-ml/data/quality/grade/train/Grade-2/Gajar__Large__77.jpg,Gajar,grading,train,Gajar__Large__77__Grade-2,/Users/ayush/Downloads/date-fruit-quality-ml/data/processed/train/Gajar/grading__Gajar__Large__77__Grade-2.jpg
/Users/ayush/Downloads/date-fruit-quality-ml/data/quality/grade/train/Grade-1/Fasli-Toto__Large__25.jpg,Fasli Toto,grading,train,Fasli-Toto__Large__25__Grade-1,/Users/ayush/Downloads/date-fruit-quality-ml/data/processed/train/Fasli Toto/grading__Fasli-Toto__Large__25__Grade-1.jpg
/Users/ayush/Downloads/date-fruit-quality-ml/data/quality/grade/train/Grade-2/Gajar__Small__135.jpg,Gajar,grading,train,Gajar__Small__135__Grade-2,/Users/ayush/Downloads/date-fruit-quality-ml/data/processed/train/Gajar/grading__Gajar__Small__135__Grade-2.jpg
/Users/ayush/Downloads/date-fruit-quality-ml/data/quality/grade/train/Grade-2/Kupro__Large__83.jpg,Kupro,grading,train,Kupro__Large__83__Grade-2,/Users/ayush/Downloads/date-fruit-quality-ml/data/processed/train/Kupro/grading__Kupro__Large__83__Grade-2.jpg
/Users/ayush/Downloads/date-fruit-quality-ml/data/quality/grade/train/Grade-1/Fasli-Toto__Medium__111.jpg,Fasli Toto,grading,train,Fasli-Toto__Medium__111__Grade-1,/Users/ayush/Downloads/date-fruit-quality-ml/data/processed/train/Fasli Toto/grading__Fasli-Toto__Medium__111__Grade-1.jpg
/Users/ayush/Downloads/date-fruit-quality-ml/data/quality/grade/train/Grade-1/Gajar__Medium__28.jpg,Gajar,grading,train,Gajar__Medium__28__Grade-1,/Users/ayush/Downloads/date-fruit-quality-ml/data/processed/train/Gajar/grading__Gajar__Medium__28__Grade-1.jpg
/Users/ayush/Downloads/date-fruit-quality-ml/data/quality/grade/train/Grade-1/Fasli-Toto__Large__122.jpg,Fasli Toto,grading,train,Fasli-Toto__Large__122__Grade-1,/Users/ayush/Downloads/date-fruit-quality-ml/data/processed/train/Fasli Toto/grading__Fasli-Toto__Large__122__Grade-1.jpg
/Users/ayush/Downloads/date-fruit-quality-ml/data/quality/grade/train/Grade-1/Aseel__Large__61.jpg,Aseel,grading,train,Aseel__Large__61__Grade-1,/Users/ayush/Downloads/date-fruit-quality-ml/data/processed/train/Aseel/grading__Aseel__Large__61__Grade-1.jpg
/Users/ayush/Downloads/date-fruit-quality-ml/data/quality/grade/train/Grade-1/Aseel__Small__23.jpg,Aseel,grading,train,Aseel__Small__23__Grade-1,/Users/ayush/Downloads/date-fruit-quality-ml/data/processed/train/Aseel/grading__Aseel__Small__23__Grade-1.jpg
/Users/ayush/Downloads/date-fruit-quality-ml/data/quality/grade/train/Grade-1/Fasli-Toto__Medium__144.jpg,Fasli Toto,grading,train,Fasli-Toto__Medium__144__Grade-1,/Users/ayush/Downloads/date-fruit-quality-ml/data/processed/train/Fasli Toto/grading__Fasli-Toto__Medium__144__Grade-1.jpg
/Users/ayush/Downloads/date-fruit-quality-ml/data/quality/grade/train/Grade-2/Gajar__Small__122.jpg,Gajar,grading,train,Gajar__Small__122__Grade-2,/Users/ayush/Downloads/date-fruit-quality-ml/data/processed/train/Gajar/grading__Gajar__Small__122__Grade-2.jpg
/Users/ayush/Downloads/date-fruit-quality-ml/data/quality/grade/train/Grade-1/Aseel__Small__31.jpg,Aseel,grading,train,Aseel__Small__31__Grade-1,/Users/ayush/Downloads/date-fruit-quality-ml/data/processed/train/Aseel/grading__Aseel__Small__31__Grade-1.jpg
/Users/ayush/Downloads/date-fruit-quality-ml/data/quality/grade/train/Grade-1/Fasli-Toto__Medium__92.jpg,Fasli Toto,grading,train,Fasli-Toto__Medium__92__Grade-1,/Users/ayush/Downloads/date-fruit-quality-ml/data/processed/train/Fasli Toto/grading__Fasli-Toto__Medium__92__Grade-1.jpg
/Users/ayush/Downloads/date-fruit-quality-ml/data/quality/grade/train/Grade-1/Kupro__Large__149.jpg,Kupro,grading,train,Kupro__Large__149__Grade-1,/Users/ayush/Downloads/date-fruit-quality-ml/data/processed/train/Kupro/grading__Kupro__Large__149__Grade-1.jpg
/Users/ayush/Downloads/date-fruit-quality-ml/data/quality/grade/train/Grade-1/Fasli-Toto__Small__30.jpg,Fasli Toto,grading,train,Fasli-Toto__Small__30__Grade-1,/Users/ayush/Downloads/date-fruit-quality-ml/data/processed/train/Fasli Toto/grading__Fasli-Toto__Small__30__Grade-1.jpg
/Users/ayush/Downloads/date-fruit-quality-ml/data/quality/grade/train/Grade-1/Kupro__Large__58.jpg,Kupro,grading,train,Kupro__Large__58__Grade-1,/Users/ayush/Downloads/date-fruit-quality-ml/data/processed/train/Kupro/grading__Kupro__Large__58__Grade-1.jpg
/Users/ayush/Downloads/date-fruit-quality-ml/data/quality/grade/train/Grade-1/Gajar__Medium__139.jpg,Gajar,grading,train,Gajar__Medium__139__Grade-1,/Users/ayush/Downloads/date-fruit-quality-ml/data/processed/train/Gajar/grading__Gajar__Medium__139__Grade-1.jpg
/Users/ayush/Downloads/date-fruit-quality-ml/data/quality/grade/train/Grade-1/Kupro__Large__291.jpg,Kupro,grading,train,Kupro__Large__291__Grade-1,/Users/ayush/Downloads/date-fruit-quality-ml/data/processed/train/Kupro/grading__Kupro__Large__291__Grade-1.jpg
/Users/ayush/Downloads/date-fruit-quality-ml/data/quality/grade/train/Grade-1/Fasli-Toto__Medium__150.jpg,Fasli Toto,grading,train,Fasli-Toto__Medium__150__Grade-1,/Users/ayush/Downloads/date-fruit-quality-ml/data/processed/train/Fasli Toto/grading__Fasli-Toto__Medium__150__Grade-1.jpg
/Users/ayush/Downloads/date-fruit-quality-ml/data/quality/grade/train/Grade-1/Kupro__Large__134.jpg,Kupro,grading,train,Kupro__Large__134__Grade-1,/Users/ayush/Downloads/date-fruit-quality-ml/data/processed/train/Kupro/grading__Kupro__Large__134__Grade-1.jpg
/Users/ayush/Downloads/date-fruit-quality-ml/data/quality/grade/train/Grade-2/Gajar__Large__30.jpg,Gajar,grading,train,Gajar__Large__30__Grade-2,/Users/ayush/Downloads/date-fruit-quality-ml/data/processed/train/Gajar/grading__Gajar__Large__30__Grade-2.jpg
/Users/ayush/Downloads/date-fruit-quality-ml/data/quality/grade/train/Grade-1/Aseel__Medium__136.jpg,Aseel,grading,train,Aseel__Medium__136__Grade-1,/Users/ayush/Downloads/date-fruit-quality-ml/data/processed/train/Aseel/grading__Aseel__Medium__136__Grade-1.jpg
/Users/ayush/Downloads/date-fruit-quality-ml/data/quality/grade/train/Grade-2/Gajar__Small__43.jpg,Gajar,grading,train,Gajar__Small__43__Grade-2,/Users/ayush/Downloads/date-fruit-quality-ml/data/processed/train/Gajar/grading__Gajar__Small__43__Grade-2.jpg
/Users/ayush/Downloads/date-fruit-quality-ml/data/quality/grade/train/Grade-3/Kupro__Large__22.jpg,Kupro,grading,train,Kupro__Large__22__Grade-3,/Users/ayush/Downloads/date-fruit-quality-ml/data/processed/train/Kupro/grading__Kupro__Large__22__Grade-3.jpg
/Users/ayush/Downloads/date-fruit-quality-ml/data/quality/grade/train/Grade-3/Kupro__Large__10.jpg,Kupro,grading,train,Kupro__Large__10__Grade-3,/Users/ayush/Downloads/date-fruit-quality-ml/data/processed/train/Kupro/grading__Kupro__Large__10__Grade-3.jpg
/Users/ayush/Downloads/date-fruit-quality-ml/data/quality/grade/train/Grade-1/Aseel__Large__13.jpg,Aseel,grading,train,Aseel__Large__13__Grade-1,/Users/ayush/Downloads/date-fruit-quality-ml/data/processed/train/Aseel/grading__Aseel__Large__13__Grade-1.jpg
/Users/ayush/Downloads/date-fruit-quality-ml/data/quality/grade/train/Grade-1/Aseel__Medium__141.jpg,Aseel,grading,train,Aseel__Medium__141__Grade-1,/Users/ayush/Downloads/date-fruit-quality-ml/data/processed/train/Aseel/grading__Aseel__Medium__141__Grade-1.jpg
/Users/ayush/Downloads/date-fruit-quality-ml/data/quality/grade/train/Grade-3/Kupro__Large__26.jpg,Kupro,grading,train,Kupro__Large__26__Grade-3,/Users/ayush/Downloads/date-fruit-quality-ml/data/processed/train/Kupro/grading__Kupro__Large__26__Grade-3.jpg
/Users/ayush/Downloads/date-fruit-quality-ml/data/quality/grade/train/Grade-2/Gajar__Large__50.jpg,Gajar,grading,train,Gajar__Large__50__Grade-2,/Users/ayush/Downloads/date-fruit-quality-ml/data/processed/train/Gajar/grading__Gajar__Large__50__Grade-2.jpg
/Users/ayush/Downloads/date-fruit-quality-ml/data/quality/grade/train/Grade-1/Aseel__Small__85.jpg,Aseel,grading,train,Aseel__Small__85__Grade-1,/Users/ayush/Downloads/date-fruit-quality-ml/data/processed/train/Aseel/grading__Aseel__Small__85__Grade-1.jpg
/Users/ayush/Downloads/date-fruit-quality-ml/data/quality/grade/train/Grade-3/Gajar__Large__5.jpg,Gajar,grading,train,Gajar__Large__5__Grade-3,/Users/ayush/Downloads/date-fruit-quality-ml/data/processed/train/Gajar/grading__Gajar__Large__5__Grade-3.jpg
/Users/ayush/Downloads/date-fruit-quality-ml/data/quality/grade/train/Grade-1/Aseel__Small__13.jpg,Aseel,grading,train,Aseel__Small__13__Grade-1,/Users/ayush/Downloads/date-fruit-quality-ml/data/processed/train/Aseel/grading__Aseel__Small__13__Grade-1.jpg
/Users/ayush/Downloads/date-fruit-quality-ml/data/quality/grade/train/Grade-1/Kupro__Large__219.jpg,Kupro,grading,train,Kupro__Large__219__Grade-1,/Users/ayush/Downloads/date-fruit-quality-ml/data/processed/train/Kupro/grading__Kupro__Large__219__Grade-1.jpg
/Users/ayush/Downloads/date-fruit-quality-ml/data/quality/grade/train/Grade-1/Aseel__Large__128.jpg,Aseel,grading,train,Aseel__Large__128__Grade-1,/Users/ayush/Downloads/date-fruit-quality-ml/data/processed/train/Aseel/grading__Aseel__Large__128__Grade-1.jpg
/Users/ayush/Downloads/date-fruit-quality-ml/data/quality/grade/train/Grade-3/Kupro__Large__96.jpg,Kupro,grading,train,Kupro__Large__96__Grade-3,/Users/ayush/Downloads/date-fruit-quality-ml/data/processed/train/Kupro/grading__Kupro__Large__96__Grade-3.jpg
/Users/ayush/Downloads/date-fruit-quality-ml/data/quality/grade/train/Grade-2/Gajar__Large__41.jpg,Gajar,grading,train,Gajar__Large__41__Grade-2,/Users/ayush/Downloads/date-fruit-quality-ml/data/processed/train/Gajar/grading__Gajar__Large__41__Grade-2.jpg
/Users/ayush/Downloads/date-fruit-quality-ml/data/quality/grade/train/Grade-1/Kupro__Large__269.jpg,Kupro,grading,train,Kupro__Large__269__Grade-1,/Users/ayush/Downloads/date-fruit-quality-ml/data/processed/train/Kupro/grading__Kupro__Large__269__Grade-1.jpg
/Users/ayush/Downloads/date-fruit-quality-ml/data/quality/grade/train/Grade-1/Gajar__Medium__62.jpg,Gajar,grading,train,Gajar__Medium__62__Grade-1,/Users/ayush/Downloads/date-fruit-quality-ml/data/processed/train/Gajar/grading__Gajar__Medium__62__Grade-1.jpg
/Users/ayush/Downloads/date-fruit-quality-ml/data/quality/grade/train/Grade-1/Fasli-Toto__Medium__30.jpg,Fasli Toto,grading,train,Fasli-Toto__Medium__30__Grade-1,/Users/ayush/Downloads/date-fruit-quality-ml/data/processed/train/Fasli Toto/grading__Fasli-Toto__Medium__30__Grade-1.jpg
/Users/ayush/Downloads/date-fruit-quality-ml/data/quality/grade/train/Grade-2/Kupro__Large__137.jpg,Kupro,grading,train,Kupro__Large__137__Grade-2,/Users/ayush/Downloads/date-fruit-quality-ml/data/processed/train/Kupro/grading__Kupro__Large__137__Grade-2.jpg
/Users/ayush/Downloads/date-fruit-quality-ml/data/quality/grade/train/Grade-2/Kupro__Large__139.jpg,Kupro,grading,train,Kupro__Large__139__Grade-2,/Users/ayush/Downloads/date-fruit-quality-ml/data/processed/train/Kupro/grading__Kupro__Large__139__Grade-2.jpg
/Users/ayush/Downloads/date-fruit-quality-ml/data/quality/grade/train/Grade-1/Fasli-Toto__Large__52.jpg,Fasli Toto,grading,train,Fasli-Toto__Large__52__Grade-1,/Users/ayush/Downloads/date-fruit-quality-ml/data/processed/train/Fasli Toto/grading__Fasli-Toto__Large__52__Grade-1.jpg
/Users/ayush/Downloads/date-fruit-quality-ml/data/quality/grade/train/Grade-1/Gajar__Medium__12.jpg,Gajar,grading,train,Gajar__Medium__12__Grade-1,/Users/ayush/Downloads/date-fruit-quality-ml/data/processed/train/Gajar/grading__Gajar__Medium__12__Grade-1.jpg
/Users/ayush/Downloads/date-fruit-quality-ml/data/quality/grade/train/Grade-1/Fasli-Toto__Small__20.jpg,Fasli Toto,grading,train,Fasli-Toto__Small__20__Grade-1,/Users/ayush/Downloads/date-fruit-quality-ml/data/processed/train/Fasli Toto/grading__Fasli-Toto__Small__20__Grade-1.jpg
/Users/ayush/Downloads/date-fruit-quality-ml/data/quality/grade/train/Grade-2/Kupro__Large__129.jpg,Kupro,grading,train,Kupro__Large__129__Grade-2,/Users/ayush/Downloads/date-fruit-quality-ml/data/processed/train/Kupro/grading__Kupro__Large__129__Grade-2.jpg
/Users/ayush/Downloads/date-fruit-quality-ml/data/quality/grade/train/Grade-3/Kupro__Large__25.jpg,Kupro,grading,train,Kupro__Large__25__Grade-3,/Users/ayush/Downloads/date-fruit-quality-ml/data/processed/train/Kupro/grading__Kupro__Large__25__Grade-3.jpg
/Users/ayush/Downloads/date-fruit-quality-ml/data/quality/grade/train/Grade-1/Kupro__Large__289.jpg,Kupro,grading,train,Kupro__Large__289__Grade-1,/Users/ayush/Downloads/date-fruit-quality-ml/data/processed/train/Kupro/grading__Kupro__Large__289__Grade-1.jpg
/Users/ayush/Downloads/date-fruit-quality-ml/data/quality/grade/train/Grade-1/Aseel__Medium__137.jpg,Aseel,grading,train,Aseel__Medium__137__Grade-1,/Users/ayush/Downloads/date-fruit-quality-ml/data/processed/train/Aseel/grading__Aseel__Medium__137__Grade-1.jpg
/Users/ayush/Downloads/date-fruit-quality-ml/data/quality/grade/train/Grade-1/Aseel__Medium__32.jpg,Aseel,grading,train,Aseel__Medium__32__Grade-1,/Users/ayush/Downloads/date-fruit-quality-ml/data/processed/train/Aseel/grading__Aseel__Medium__32__Grade-1.jpg
/Users/ayush/Downloads/date-fruit-quality-ml/data/quality/grade/train/Grade-1/Gajar__Small__134.jpg,Gajar,grading,train,Gajar__Small__134__Grade-1,/Users/ayush/Downloads/date-fruit-quality-ml/data/processed/train/Gajar/grading__Gajar__Small__134__Grade-1.jpg
/Users/ayush/Downloads/date-fruit-quality-ml/data/quality/grade/train/Grade-1/Fasli-Toto__Small__31.jpg,Fasli Toto,grading,train,Fasli-Toto__Small__31__Grade-1,/Users/ayush/Downloads/date-fruit-quality-ml/data/processed/train/Fasli Toto/grading__Fasli-Toto__Small__31__Grade-1.jpg
/Users/ayush/Downloads/date-fruit-quality-ml/data/quality/grade/train/Grade-1/Kupro__Large__251.jpg,Kupro,grading,train,Kupro__Large__251__Grade-1,/Users/ayush/Downloads/date-fruit-quality-ml/data/processed/train/Kupro/grading__Kupro__Large__251__Grade-1.jpg
/Users/ayush/Downloads/date-fruit-quality-ml/data/quality/grade/train/Grade-3/Gajar__Small__24.jpg,Gajar,grading,train,Gajar__Small__24__Grade-3,/Users/ayush/Downloads/date-fruit-quality-ml/data/processed/train/Gajar/grading__Gajar__Small__24__Grade-3.jpg
/Users/ayush/Downloads/date-fruit-quality-ml/data/quality/grade/train/Grade-1/Fasli-Toto__Large__147.jpg,Fasli Toto,grading,train,Fasli-Toto__Large__147__Grade-1,/Users/ayush/Downloads/date-fruit-quality-ml/data/processed/train/Fasli Toto/grading__Fasli-Toto__Large__147__Grade-1.jpg
/Users/ayush/Downloads/date-fruit-quality-ml/data/quality/grade/train/Grade-3/Gajar__Large__120.jpg,Gajar,grading,train,Gajar__Large__120__Grade-3,/Users/ayush/Downloads/date-fruit-quality-ml/data/processed/train/Gajar/grading__Gajar__Large__120__Grade-3.jpg
/Users/ayush/Downloads/date-fruit-quality-ml/data/quality/grade/train/Grade-1/Kupro__Large__273.jpg,Kupro,grading,train,Kupro__Large__273__Grade-1,/Users/ayush/Downloads/date-fruit-quality-ml/data/processed/train/Kupro/grading__Kupro__Large__273__Grade-1.jpg
/Users/ayush/Downloads/date-fruit-quality-ml/data/quality/grade/train/Grade-2/Kupro__Large__209.jpg,Kupro,grading,train,Kupro__Large__209__Grade-2,/Users/ayush/Downloads/date-fruit-quality-ml/data/processed/train/Kupro/grading__Kupro__Large__209__Grade-2.jpg
/Users/ayush/Downloads/date-fruit-quality-ml/data/quality/grade/train/Grade-1/Gajar__Medium__173.jpg,Gajar,grading,train,Gajar__Medium__173__Grade-1,/Users/ayush/Downloads/date-fruit-quality-ml/data/processed/train/Gajar/grading__Gajar__Medium__173__Grade-1.jpg
/Users/ayush/Downloads/date-fruit-quality-ml/data/quality/grade/train/Grade-1/Aseel__Medium__40.jpg,Aseel,grading,train,Aseel__Medium__40__Grade-1,/Users/ayush/Downloads/date-fruit-quality-ml/data/processed/train/Aseel/grading__Aseel__Medium__40__Grade-1.jpg
/Users/ayush/Downloads/date-fruit-quality-ml/data/quality/grade/train/Grade-1/Kupro__Large__312.jpg,Kupro,grading,train,Kupro__Large__312__Grade-1,/Users/ayush/Downloads/date-fruit-quality-ml/data/processed/train/Kupro/grading__Kupro__Large__312__Grade-1.jpg
/Users/ayush/Downloads/date-fruit-quality-ml/data/quality/grade/train/Grade-3/Gajar__Large__48.jpg,Gajar,grading,train,Gajar__Large__48__Grade-3,/Users/ayush/Downloads/date-fruit-quality-ml/data/processed/train/Gajar/grading__Gajar__Large__48__Grade-3.jpg
/Users/ayush/Downloads/date-fruit-quality-ml/data/quality/grade/train/Grade-2/Kupro__Large__237.jpg,Kupro,grading,train,Kupro__Large__237__Grade-2,/Users/ayush/Downloads/date-fruit-quality-ml/data/processed/train/Kupro/grading__Kupro__Large__237__Grade-2.jpg
/Users/ayush/Downloads/date-fruit-quality-ml/data/quality/grade/train/Grade-1/Gajar__Small__59.jpg,Gajar,grading,train,Gajar__Small__59__Grade-1,/Users/ayush/Downloads/date-fruit-quality-ml/data/processed/train/Gajar/grading__Gajar__Small__59__Grade-1.jpg
/Users/ayush/Downloads/date-fruit-quality-ml/data/quality/grade/train/Grade-1/Aseel__Large__72.jpg,Aseel,grading,train,Aseel__Large__72__Grade-1,/Users/ayush/Downloads/date-fruit-quality-ml/data/processed/train/Aseel/grading__Aseel__Large__72__Grade-1.jpg
/Users/ayush/Downloads/date-fruit-quality-ml/data/quality/grade/train/Grade-1/Kupro__Large__18.jpg,Kupro,grading,train,Kupro__Large__18__Grade-1,/Users/ayush/Downloads/date-fruit-quality-ml/data/processed/train/Kupro/grading__Kupro__Large__18__Grade-1.jpg
/Users/ayush/Downloads/date-fruit-quality-ml/data/quality/grade/train/Grade-1/Kupro__Large__237.jpg,Kupro,grading,train,Kupro__Large__237__Grade-1,/Users/ayush/Downloads/date-fruit-quality-ml/data/processed/train/Kupro/grading__Kupro__Large__237__Grade-1.jpg
/Users/ayush/Downloads/date-fruit-quality-ml/data/quality/grade/train/Grade-1/Aseel__Medium__165.jpg,Aseel,grading,train,Aseel__Medium__165__Grade-1,/Users/ayush/Downloads/date-fruit-quality-ml/data/processed/train/Aseel/grading__Aseel__Medium__165__Grade-1.jpg
/Users/ayush/Downloads/date-fruit-quality-ml/data/quality/grade/train/Grade-1/Kupro__Large__137.jpg,Kupro,grading,train,Kupro__Large__137__Grade-1,/Users/ayush/Downloads/date-fruit-quality-ml/data/processed/train/Kupro/grading__Kupro__Large__137__Grade-1.jpg
/Users/ayush/Downloads/date-fruit-quality-ml/data/quality/grade/train/Grade-1/Fasli-Toto__Medium__10.jpg,Fasli Toto,grading,train,Fasli-Toto__Medium__10__Grade-1,/Users/ayush/Downloads/date-fruit-quality-ml/data/processed/train/Fasli Toto/grading__Fasli-Toto__Medium__10__Grade-1.jpg
/Users/ayush/Downloads/date-fruit-quality-ml/data/quality/grade/train/Grade-1/Gajar__Small__169.jpg,Gajar,grading,train,Gajar__Small__169__Grade-1,/Users/ayush/Downloads/date-fruit-quality-ml/data/processed/train/Gajar/grading__Gajar__Small__169__Grade-1.jpg
/Users/ayush/Downloads/date-fruit-quality-ml/data/quality/grade/train/Grade-2/Kupro__Large__325.jpg,Kupro,grading,train,Kupro__Large__325__Grade-2,/Users/ayush/Downloads/date-fruit-quality-ml/data/processed/train/Kupro/grading__Kupro__Large__325__Grade-2.jpg
/Users/ayush/Downloads/date-fruit-quality-ml/data/quality/grade/train/Grade-2/Gajar__Small__48.jpg,Gajar,grading,train,Gajar__Small__48__Grade-2,/Users/ayush/Downloads/date-fruit-quality-ml/data/processed/train/Gajar/grading__Gajar__Small__48__Grade-2.jpg
/Users/ayush/Downloads/date-fruit-quality-ml/data/quality/grade/train/Grade-2/Gajar__Large__100.jpg,Gajar,grading,train,Gajar__Large__100__Grade-2,/Users/ayush/Downloads/date-fruit-quality-ml/data/processed/train/Gajar/grading__Gajar__Large__100__Grade-2.jpg
/Users/ayush/Downloads/date-fruit-quality-ml/data/quality/grade/train/Grade-1/Fasli-Toto__Medium__54.jpg,Fasli Toto,grading,train,Fasli-Toto__Medium__54__Grade-1,/Users/ayush/Downloads/date-fruit-quality-ml/data/processed/train/Fasli Toto/grading__Fasli-Toto__Medium__54__Grade-1.jpg
/Users/ayush/Downloads/date-fruit-quality-ml/data/quality/grade/train/Grade-1/Aseel__Small__162.jpg,Aseel,grading,train,Aseel__Small__162__Grade-1,/Users/ayush/Downloads/date-fruit-quality-ml/data/processed/train/Aseel/grading__Aseel__Small__162__Grade-1.jpg
/Users/ayush/Downloads/date-fruit-quality-ml/data/quality/grade/train/Grade-1/Fasli-Toto__Large__127.jpg,Fasli Toto,grading,train,Fasli-Toto__Large__127__Grade-1,/Users/ayush/Downloads/date-fruit-quality-ml/data/processed/train/Fasli Toto/grading__Fasli-Toto__Large__127__Grade-1.jpg
/Users/ayush/Downloads/date-fruit-quality-ml/data/quality/grade/train/Grade-1/Aseel__Large__20.jpg,Aseel,grading,train,Aseel__Large__20__Grade-1,/Users/ayush/Downloads/date-fruit-quality-ml/data/processed/train/Aseel/grading__Aseel__Large__20__Grade-1.jpg
/Users/ayush/Downloads/date-fruit-quality-ml/data/quality/grade/train/Grade-1/Fasli-Toto__Medium__136.jpg,Fasli Toto,grading,train,Fasli-Toto__Medium__136__Grade-1,/Users/ayush/Downloads/date-fruit-quality-ml/data/processed/train/Fasli Toto/grading__Fasli-Toto__Medium__136__Grade-1.jpg
/Users/ayush/Downloads/date-fruit-quality-ml/data/quality/grade/train/Grade-2/Gajar__Large__49.jpg,Gajar,grading,train,Gajar__Large__49__Grade-2,/Users/ayush/Downloads/date-fruit-quality-ml/data/processed/train/Gajar/grading__Gajar__Large__49__Grade-2.jpg
/Users/ayush/Downloads/date-fruit-quality-ml/data/quality/grade/train/Grade-1/Kupro__Large__255.jpg,Kupro,grading,train,Kupro__Large__255__Grade-1,/Users/ayush/Downloads/date-fruit-quality-ml/data/processed/train/Kupro/grading__Kupro__Large__255__Grade-1.jpg
/Users/ayush/Downloads/date-fruit-quality-ml/data/quality/grade/train/Grade-1/Aseel__Small__132.jpg,Aseel,grading,train,Aseel__Small__132__Grade-1,/Users/ayush/Downloads/date-fruit-quality-ml/data/processed/train/Aseel/grading__Aseel__Small__132__Grade-1.jpg
/Users/ayush/Downloads/date-fruit-quality-ml/data/quality/grade/train/Grade-1/Aseel__Small__112.jpg,Aseel,grading,train,Aseel__Small__112__Grade-1,/Users/ayush/Downloads/date-fruit-quality-ml/data/processed/train/Aseel/grading__Aseel__Small__112__Grade-1.jpg
/Users/ayush/Downloads/date-fruit-quality-ml/data/quality/grade/train/Grade-1/Gajar__Large__136.jpg,Gajar,grading,train,Gajar__Large__136__Grade-1,/Users/ayush/Downloads/date-fruit-quality-ml/data/processed/train/Gajar/grading__Gajar__Large__136__Grade-1.jpg
/Users/ayush/Downloads/date-fruit-quality-ml/data/quality/grade/train/Grade-3/Gajar__Small__59.jpg,Gajar,grading,train,Gajar__Small__59__Grade-3,/Users/ayush/Downloads/date-fruit-quality-ml/data/processed/train/Gajar/grading__Gajar__Small__59__Grade-3.jpg
/Users/ayush/Downloads/date-fruit-quality-ml/data/quality/grade/train/Grade-1/Kupro__Large__280.jpg,Kupro,grading,train,Kupro__Large__280__Grade-1,/Users/ayush/Downloads/date-fruit-quality-ml/data/processed/train/Kupro/grading__Kupro__Large__280__Grade-1.jpg
/Users/ayush/Downloads/date-fruit-quality-ml/data/quality/grade/train/Grade-1/Aseel__Medium__107.jpg,Aseel,grading,train,Aseel__Medium__107__Grade-1,/Users/ayush/Downloads/date-fruit-quality-ml/data/processed/train/Aseel/grading__Aseel__Medium__107__Grade-1.jpg
/Users/ayush/Downloads/date-fruit-quality-ml/data/quality/grade/train/Grade-2/Gajar__Small__62.jpg,Gajar,grading,train,Gajar__Small__62__Grade-2,/Users/ayush/Downloads/date-fruit-quality-ml/data/processed/train/Gajar/grading__Gajar__Small__62__Grade-2.jpg
/Users/ayush/Downloads/date-fruit-quality-ml/data/quality/grade/train/Grade-1/Fasli-Toto__Large__141.jpg,Fasli Toto,grading,train,Fasli-Toto__Large__141__Grade-1,/Users/ayush/Downloads/date-fruit-quality-ml/data/processed/train/Fasli Toto/grading__Fasli-Toto__Large__141__Grade-1.jpg
/Users/ayush/Downloads/date-fruit-quality-ml/data/quality/grade/train/Grade-2/Gajar__Medium__59.jpg,Gajar,grading,train,Gajar__Medium__59__Grade-2,/Users/ayush/Downloads/date-fruit-quality-ml/data/processed/train/Gajar/grading__Gajar__Medium__59__Grade-2.jpg
/Users/ayush/Downloads/date-fruit-quality-ml/data/quality/grade/train/Grade-1/Aseel__Medium__47.jpg,Aseel,grading,train,Aseel__Medium__47__Grade-1,/Users/ayush/Downloads/date-fruit-quality-ml/data/processed/train/Aseel/grading__Aseel__Medium__47__Grade-1.jpg
/Users/ayush/Downloads/date-fruit-quality-ml/data/quality/grade/train/Grade-1/Gajar__Medium__25.jpg,Gajar,grading,train,Gajar__Medium__25__Grade-1,/Users/ayush/Downloads/date-fruit-quality-ml/data/processed/train/Gajar/grading__Gajar__Medium__25__Grade-1.jpg
/Users/ayush/Downloads/date-fruit-quality-ml/data/quality/grade/train/Grade-1/Fasli-Toto__Medium__133.jpg,Fasli Toto,grading,train,Fasli-Toto__Medium__133__Grade-1,/Users/ayush/Downloads/date-fruit-quality-ml/data/processed/train/Fasli Toto/grading__Fasli-Toto__Medium__133__Grade-1.jpg
/Users/ayush/Downloads/date-fruit-quality-ml/data/quality/grade/train/Grade-1/Fasli-Toto__Medium__44.jpg,Fasli Toto,grading,train,Fasli-Toto__Medium__44__Grade-1,/Users/ayush/Downloads/date-fruit-quality-ml/data/processed/train/Fasli Toto/grading__Fasli-Toto__Medium__44__Grade-1.jpg
/Users/ayush/Downloads/date-fruit-quality-ml/data/quality/grade/train/Grade-1/Fasli-Toto__Medium__79.jpg,Fasli Toto,grading,train,Fasli-Toto__Medium__79__Grade-1,/Users/ayush/Downloads/date-fruit-quality-ml/data/processed/train/Fasli Toto/grading__Fasli-Toto__Medium__79__Grade-1.jpg
/Users/ayush/Downloads/date-fruit-quality-ml/data/quality/grade/train/Grade-1/Gajar__Medium__189.jpg,Gajar,grading,train,Gajar__Medium__189__Grade-1,/Users/ayush/Downloads/date-fruit-quality-ml/data/processed/train/Gajar/grading__Gajar__Medium__189__Grade-1.jpg
/Users/ayush/Downloads/date-fruit-quality-ml/data/quality/grade/train/Grade-1/Gajar__Small__164.jpg,Gajar,grading,train,Gajar__Small__164__Grade-1,/Users/ayush/Downloads/date-fruit-quality-ml/data/processed/train/Gajar/grading__Gajar__Small__164__Grade-1.jpg
/Users/ayush/Downloads/date-fruit-quality-ml/data/quality/grade/train/Grade-1/Gajar__Large__31.jpg,Gajar,grading,train,Gajar__Large__31__Grade-1,/Users/ayush/Downloads/date-fruit-quality-ml/data/processed/train/Gajar/grading__Gajar__Large__31__Grade-1.jpg
/Users/ayush/Downloads/date-fruit-quality-ml/data/quality/grade/train/Grade-2/Kupro__Large__154.jpg,Kupro,grading,train,Kupro__Large__154__Grade-2,/Users/ayush/Downloads/date-fruit-quality-ml/data/processed/train/Kupro/grading__Kupro__Large__154__Grade-2.jpg
/Users/ayush/Downloads/date-fruit-quality-ml/data/quality/grade/train/Grade-1/Kupro__Large__9.jpg,Kupro,grading,train,Kupro__Large__9__Grade-1,/Users/ayush/Downloads/date-fruit-quality-ml/data/processed/train/Kupro/grading__Kupro__Large__9__Grade-1.jpg
/Users/ayush/Downloads/date-fruit-quality-ml/data/quality/grade/train/Grade-3/Kupro__Large__21.jpg,Kupro,grading,train,Kupro__Large__21__Grade-3,/Users/ayush/Downloads/date-fruit-quality-ml/data/processed/train/Kupro/grading__Kupro__Large__21__Grade-3.jpg
/Users/ayush/Downloads/date-fruit-quality-ml/data/quality/grade/train/Grade-1/Gajar__Large__19.jpg,Gajar,grading,train,Gajar__Large__19__Grade-1,/Users/ayush/Downloads/date-fruit-quality-ml/data/processed/train/Gajar/grading__Gajar__Large__19__Grade-1.jpg
/Users/ayush/Downloads/date-fruit-quality-ml/data/quality/grade/train/Grade-2/Kupro__Large__172.jpg,Kupro,grading,train,Kupro__Large__172__Grade-2,/Users/ayush/Downloads/date-fruit-quality-ml/data/processed/train/Kupro/grading__Kupro__Large__172__Grade-2.jpg
/Users/ayush/Downloads/date-fruit-quality-ml/data/quality/grade/train/Grade-1/Gajar__Small__21.jpg,Gajar,grading,train,Gajar__Small__21__Grade-1,/Users/ayush/Downloads/date-fruit-quality-ml/data/processed/train/Gajar/grading__Gajar__Small__21__Grade-1.jpg
/Users/ayush/Downloads/date-fruit-quality-ml/data/quality/grade/train/Grade-1/Fasli-Toto__Medium__25.jpg,Fasli Toto,grading,train,Fasli-Toto__Medium__25__Grade-1,/Users/ayush/Downloads/date-fruit-quality-ml/data/processed/train/Fasli Toto/grading__Fasli-Toto__Medium__25__Grade-1.jpg
/Users/ayush/Downloads/date-fruit-quality-ml/data/quality/grade/train/Grade-2/Kupro__Large__106.jpg,Kupro,grading,train,Kupro__Large__106__Grade-2,/Users/ayush/Downloads/date-fruit-quality-ml/data/processed/train/Kupro/grading__Kupro__Large__106__Grade-2.jpg
/Users/ayush/Downloads/date-fruit-quality-ml/data/quality/grade/train/Grade-1/Aseel__Large__131.jpg,Aseel,grading,train,Aseel__Large__131__Grade-1,/Users/ayush/Downloads/date-fruit-quality-ml/data/processed/train/Aseel/grading__Aseel__Large__131__Grade-1.jpg
/Users/ayush/Downloads/date-fruit-quality-ml/data/quality/grade/train/Grade-1/Gajar__Medium__24.jpg,Gajar,grading,train,Gajar__Medium__24__Grade-1,/Users/ayush/Downloads/date-fruit-quality-ml/data/processed/train/Gajar/grading__Gajar__Medium__24__Grade-1.jpg
/Users/ayush/Downloads/date-fruit-quality-ml/data/quality/grade/train/Grade-1/Fasli-Toto__Large__149.jpg,Fasli Toto,grading,train,Fasli-Toto__Large__149__Grade-1,/Users/ayush/Downloads/date-fruit-quality-ml/data/processed/train/Fasli Toto/grading__Fasli-Toto__Large__149__Grade-1.jpg
/Users/ayush/Downloads/date-fruit-quality-ml/data/quality/grade/train/Grade-3/Gajar__Small__58.jpg,Gajar,grading,train,Gajar__Small__58__Grade-3,/Users/ayush/Downloads/date-fruit-quality-ml/data/processed/train/Gajar/grading__Gajar__Small__58__Grade-3.jpg
/Users/ayush/Downloads/date-fruit-quality-ml/data/quality/grade/train/Grade-1/Kupro__Large__129.jpg,Kupro,grading,train,Kupro__Large__129__Grade-1,/Users/ayush/Downloads/date-fruit-quality-ml/data/processed/train/Kupro/grading__Kupro__Large__129__Grade-1.jpg
/Users/ayush/Downloads/date-fruit-quality-ml/data/quality/grade/train/Grade-1/Fasli-Toto__Medium__50.jpg,Fasli Toto,grading,train,Fasli-Toto__Medium__50__Grade-1,/Users/ayush/Downloads/date-fruit-quality-ml/data/processed/train/Fasli Toto/grading__Fasli-Toto__Medium__50__Grade-1.jpg
/Users/ayush/Downloads/date-fruit-quality-ml/data/quality/grade/train/Grade-2/Gajar__Large__91.jpg,Gajar,grading,train,Gajar__Large__91__Grade-2,/Users/ayush/Downloads/date-fruit-quality-ml/data/processed/train/Gajar/grading__Gajar__Large__91__Grade-2.jpg
/Users/ayush/Downloads/date-fruit-quality-ml/data/quality/grade/train/Grade-1/Kupro__Large__86.jpg,Kupro,grading,train,Kupro__Large__86__Grade-1,/Users/ayush/Downloads/date-fruit-quality-ml/data/processed/train/Kupro/grading__Kupro__Large__86__Grade-1.jpg
/Users/ayush/Downloads/date-fruit-quality-ml/data/quality/grade/train/Grade-2/Gajar__Large__26.jpg,Gajar,grading,train,Gajar__Large__26__Grade-2,/Users/ayush/Downloads/date-fruit-quality-ml/data/processed/train/Gajar/grading__Gajar__Large__26__Grade-2.jpg
/Users/ayush/Downloads/date-fruit-quality-ml/data/quality/grade/train/Grade-1/Kupro__Large__108.jpg,Kupro,grading,train,Kupro__Large__108__Grade-1,/Users/ayush/Downloads/date-fruit-quality-ml/data/processed/train/Kupro/grading__Kupro__Large__108__Grade-1.jpg
/Users/ayush/Downloads/date-fruit-quality-ml/data/quality/grade/train/Grade-2/Gajar__Medium__49.jpg,Gajar,grading,train,Gajar__Medium__49__Grade-2,/Users/ayush/Downloads/date-fruit-quality-ml/data/processed/train/Gajar/grading__Gajar__Medium__49__Grade-2.jpg
/Users/ayush/Downloads/date-fruit-quality-ml/data/quality/grade/train/Grade-1/Aseel__Large__113.jpg,Aseel,grading,train,Aseel__Large__113__Grade-1,/Users/ayush/Downloads/date-fruit-quality-ml/data/processed/train/Aseel/grading__Aseel__Large__113__Grade-1.jpg
/Users/ayush/Downloads/date-fruit-quality-ml/data/quality/grade/train/Grade-1/Fasli-Toto__Medium__8.jpg,Fasli Toto,grading,train,Fasli-Toto__Medium__8__Grade-1,/Users/ayush/Downloads/date-fruit-quality-ml/data/processed/train/Fasli Toto/grading__Fasli-Toto__Medium__8__Grade-1.jpg
/Users/ayush/Downloads/date-fruit-quality-ml/data/quality/grade/train/Grade-3/Gajar__Small__98.jpg,Gajar,grading,train,Gajar__Small__98__Grade-3,/Users/ayush/Downloads/date-fruit-quality-ml/data/processed/train/Gajar/grading__Gajar__Small__98__Grade-3.jpg
/Users/ayush/Downloads/date-fruit-quality-ml/data/quality/grade/train/Grade-1/Kupro__Large__297.jpg,Kupro,grading,train,Kupro__Large__297__Grade-1,/Users/ayush/Downloads/date-fruit-quality-ml/data/processed/train/Kupro/grading__Kupro__Large__297__Grade-1.jpg
/Users/ayush/Downloads/date-fruit-quality-ml/data/quality/grade/train/Grade-1/Aseel__Medium__12.jpg,Aseel,grading,train,Aseel__Medium__12__Grade-1,/Users/ayush/Downloads/date-fruit-quality-ml/data/processed/train/Aseel/grading__Aseel__Medium__12__Grade-1.jpg
/Users/ayush/Downloads/date-fruit-quality-ml/data/quality/grade/train/Grade-1/Gajar__Medium__30.jpg,Gajar,grading,train,Gajar__Medium__30__Grade-1,/Users/ayush/Downloads/date-fruit-quality-ml/data/processed/train/Gajar/grading__Gajar__Medium__30__Grade-1.jpg
/Users/ayush/Downloads/date-fruit-quality-ml/data/quality/grade/train/Grade-1/Aseel__Large__37.jpg,Aseel,grading,train,Aseel__Large__37__Grade-1,/Users/ayush/Downloads/date-fruit-quality-ml/data/processed/train/Aseel/grading__Aseel__Large__37__Grade-1.jpg
/Users/ayush/Downloads/date-fruit-quality-ml/data/quality/grade/train/Grade-1/Kupro__Large__225.jpg,Kupro,grading,train,Kupro__Large__225__Grade-1,/Users/ayush/Downloads/date-fruit-quality-ml/data/processed/train/Kupro/grading__Kupro__Large__225__Grade-1.jpg
/Users/ayush/Downloads/date-fruit-quality-ml/data/quality/grade/train/Grade-1/Fasli-Toto__Large__39.jpg,Fasli Toto,grading,train,Fasli-Toto__Large__39__Grade-1,/Users/ayush/Downloads/date-fruit-quality-ml/data/processed/train/Fasli Toto/grading__Fasli-Toto__Large__39__Grade-1.jpg
/Users/ayush/Downloads/date-fruit-quality-ml/data/quality/grade/train/Grade-3/Gajar__Small__178.jpg,Gajar,grading,train,Gajar__Small__178__Grade-3,/Users/ayush/Downloads/date-fruit-quality-ml/data/processed/train/Gajar/grading__Gajar__Small__178__Grade-3.jpg
/Users/ayush/Downloads/date-fruit-quality-ml/data/quality/grade/train/Grade-1/Fasli-Toto__Medium__61.jpg,Fasli Toto,grading,train,Fasli-Toto__Medium__61__Grade-1,/Users/ayush/Downloads/date-fruit-quality-ml/data/processed/train/Fasli Toto/grading__Fasli-Toto__Medium__61__Grade-1.jpg
/Users/ayush/Downloads/date-fruit-quality-ml/data/quality/grade/train/Grade-1/Gajar__Medium__127.jpg,Gajar,grading,train,Gajar__Medium__127__Grade-1,/Users/ayush/Downloads/date-fruit-quality-ml/data/processed/train/Gajar/grading__Gajar__Medium__127__Grade-1.jpg
/Users/ayush/Downloads/date-fruit-quality-ml/data/quality/grade/train/Grade-1/Fasli-Toto__Medium__87.jpg,Fasli Toto,grading,train,Fasli-Toto__Medium__87__Grade-1,/Users/ayush/Downloads/date-fruit-quality-ml/data/processed/train/Fasli Toto/grading__Fasli-Toto__Medium__87__Grade-1.jpg
/Users/ayush/Downloads/date-fruit-quality-ml/data/quality/grade/train/Grade-1/Fasli-Toto__Large__116.jpg,Fasli Toto,grading,train,Fasli-Toto__Large__116__Grade-1,/Users/ayush/Downloads/date-fruit-quality-ml/data/processed/train/Fasli Toto/grading__Fasli-Toto__Large__116__Grade-1.jpg
/Users/ayush/Downloads/date-fruit-quality-ml/data/quality/grade/train/Grade-2/Kupro__Large__45.jpg,Kupro,grading,train,Kupro__Large__45__Grade-2,/Users/ayush/Downloads/date-fruit-quality-ml/data/processed/train/Kupro/grading__Kupro__Large__45__Grade-2.jpg
/Users/ayush/Downloads/date-fruit-quality-ml/data/quality/grade/train/Grade-1/Fasli-Toto__Medium__101.jpg,Fasli Toto,grading,train,Fasli-Toto__Medium__101__Grade-1,/Users/ayush/Downloads/date-fruit-quality-ml/data/processed/train/Fasli Toto/grading__Fasli-Toto__Medium__101__Grade-1.jpg
/Users/ayush/Downloads/date-fruit-quality-ml/data/quality/grade/train/Grade-2/Kupro__Large__46.jpg,Kupro,grading,train,Kupro__Large__46__Grade-2,/Users/ayush/Downloads/date-fruit-quality-ml/data/processed/train/Kupro/grading__Kupro__Large__46__Grade-2.jpg
/Users/ayush/Downloads/date-fruit-quality-ml/data/quality/grade/train/Grade-1/Aseel__Large__32.jpg,Aseel,grading,train,Aseel__Large__32__Grade-1,/Users/ayush/Downloads/date-fruit-quality-ml/data/processed/train/Aseel/grading__Aseel__Large__32__Grade-1.jpg
/Users/ayush/Downloads/date-fruit-quality-ml/data/quality/grade/train/Grade-1/Gajar__Large__165.jpg,Gajar,grading,train,Gajar__Large__165__Grade-1,/Users/ayush/Downloads/date-fruit-quality-ml/data/processed/train/Gajar/grading__Gajar__Large__165__Grade-1.jpg
/Users/ayush/Downloads/date-fruit-quality-ml/data/quality/grade/train/Grade-1/Gajar__Large__124.jpg,Gajar,grading,train,Gajar__Large__124__Grade-1,/Users/ayush/Downloads/date-fruit-quality-ml/data/processed/train/Gajar/grading__Gajar__Large__124__Grade-1.jpg
/Users/ayush/Downloads/date-fruit-quality-ml/data/quality/grade/train/Grade-1/Gajar__Small__105.jpg,Gajar,grading,train,Gajar__Small__105__Grade-1,/Users/ayush/Downloads/date-fruit-quality-ml/data/processed/train/Gajar/grading__Gajar__Small__105__Grade-1.jpg
/Users/ayush/Downloads/date-fruit-quality-ml/data/quality/grade/train/Grade-1/Gajar__Small__67.jpg,Gajar,grading,train,Gajar__Small__67__Grade-1,/Users/ayush/Downloads/date-fruit-quality-ml/data/processed/train/Gajar/grading__Gajar__Small__67__Grade-1.jpg
/Users/ayush/Downloads/date-fruit-quality-ml/data/quality/grade/train/Grade-2/Kupro__Large__93.jpg,Kupro,grading,train,Kupro__Large__93__Grade-2,/Users/ayush/Downloads/date-fruit-quality-ml/data/processed/train/Kupro/grading__Kupro__Large__93__Grade-2.jpg
/Users/ayush/Downloads/date-fruit-quality-ml/data/quality/grade/train/Grade-2/Gajar__Large__56.jpg,Gajar,grading,train,Gajar__Large__56__Grade-2,/Users/ayush/Downloads/date-fruit-quality-ml/data/processed/train/Gajar/grading__Gajar__Large__56__Grade-2.jpg
/Users/ayush/Downloads/date-fruit-quality-ml/data/quality/grade/train/Grade-1/Aseel__Medium__37.jpg,Aseel,grading,train,Aseel__Medium__37__Grade-1,/Users/ayush/Downloads/date-fruit-quality-ml/data/processed/train/Aseel/grading__Aseel__Medium__37__Grade-1.jpg
/Users/ayush/Downloads/date-fruit-quality-ml/data/quality/grade/train/Grade-2/Gajar__Small__40.jpg,Gajar,grading,train,Gajar__Small__40__Grade-2,/Users/ayush/Downloads/date-fruit-quality-ml/data/processed/train/Gajar/grading__Gajar__Small__40__Grade-2.jpg
/Users/ayush/Downloads/date-fruit-quality-ml/data/quality/grade/train/Grade-1/Kupro__Large__308.jpg,Kupro,grading,train,Kupro__Large__308__Grade-1,/Users/ayush/Downloads/date-fruit-quality-ml/data/processed/train/Kupro/grading__Kupro__Large__308__Grade-1.jpg
/Users/ayush/Downloads/date-fruit-quality-ml/data/quality/grade/train/Grade-1/Aseel__Small__44.jpg,Aseel,grading,train,Aseel__Small__44__Grade-1,/Users/ayush/Downloads/date-fruit-quality-ml/data/processed/train/Aseel/grading__Aseel__Small__44__Grade-1.jpg
/Users/ayush/Downloads/date-fruit-quality-ml/data/quality/grade/train/Grade-3/Gajar__Large__44.jpg,Gajar,grading,train,Gajar__Large__44__Grade-3,/Users/ayush/Downloads/date-fruit-quality-ml/data/processed/train/Gajar/grading__Gajar__Large__44__Grade-3.jpg
/Users/ayush/Downloads/date-fruit-quality-ml/data/quality/grade/train/Grade-1/Fasli-Toto__Large__53.jpg,Fasli Toto,grading,train,Fasli-Toto__Large__53__Grade-1,/Users/ayush/Downloads/date-fruit-quality-ml/data/processed/train/Fasli Toto/grading__Fasli-Toto__Large__53__Grade-1.jpg
/Users/ayush/Downloads/date-fruit-quality-ml/data/quality/grade/train/Grade-1/Aseel__Small__167.jpg,Aseel,grading,train,Aseel__Small__167__Grade-1,/Users/ayush/Downloads/date-fruit-quality-ml/data/processed/train/Aseel/grading__Aseel__Small__167__Grade-1.jpg
/Users/ayush/Downloads/date-fruit-quality-ml/data/quality/grade/train/Grade-1/Aseel__Small__110.jpg,Aseel,grading,train,Aseel__Small__110__Grade-1,/Users/ayush/Downloads/date-fruit-quality-ml/data/processed/train/Aseel/grading__Aseel__Small__110__Grade-1.jpg
/Users/ayush/Downloads/date-fruit-quality-ml/data/quality/grade/train/Grade-1/Gajar__Medium__79.jpg,Gajar,grading,train,Gajar__Medium__79__Grade-1,/Users/ayush/Downloads/date-fruit-quality-ml/data/processed/train/Gajar/grading__Gajar__Medium__79__Grade-1.jpg
/Users/ayush/Downloads/date-fruit-quality-ml/data/quality/grade/train/Grade-1/Fasli-Toto__Small__84.jpg,Fasli Toto,grading,train,Fasli-Toto__Small__84__Grade-1,/Users/ayush/Downloads/date-fruit-quality-ml/data/processed/train/Fasli Toto/grading__Fasli-Toto__Small__84__Grade-1.jpg
/Users/ayush/Downloads/date-fruit-quality-ml/data/quality/grade/train/Grade-2/Kupro__Large__181.jpg,Kupro,grading,train,Kupro__Large__181__Grade-2,/Users/ayush/Downloads/date-fruit-quality-ml/data/processed/train/Kupro/grading__Kupro__Large__181__Grade-2.jpg
/Users/ayush/Downloads/date-fruit-quality-ml/data/quality/grade/train/Grade-1/Gajar__Small__63.jpg,Gajar,grading,train,Gajar__Small__63__Grade-1,/Users/ayush/Downloads/date-fruit-quality-ml/data/processed/train/Gajar/grading__Gajar__Small__63__Grade-1.jpg
/Users/ayush/Downloads/date-fruit-quality-ml/data/quality/grade/train/Grade-1/Fasli-Toto__Medium__113.jpg,Fasli Toto,grading,train,Fasli-Toto__Medium__113__Grade-1,/Users/ayush/Downloads/date-fruit-quality-ml/data/processed/train/Fasli Toto/grading__Fasli-Toto__Medium__113__Grade-1.jpg
/Users/ayush/Downloads/date-fruit-quality-ml/data/quality/grade/train/Grade-2/Kupro__Large__4.jpg,Kupro,grading,train,Kupro__Large__4__Grade-2,/Users/ayush/Downloads/date-fruit-quality-ml/data/processed/train/Kupro/grading__Kupro__Large__4__Grade-2.jpg
/Users/ayush/Downloads/date-fruit-quality-ml/data/quality/grade/train/Grade-3/Kupro__Large__55.jpg,Kupro,grading,train,Kupro__Large__55__Grade-3,/Users/ayush/Downloads/date-fruit-quality-ml/data/processed/train/Kupro/grading__Kupro__Large__55__Grade-3.jpg
/Users/ayush/Downloads/date-fruit-quality-ml/data/quality/grade/train/Grade-2/Gajar__Large__111.jpg,Gajar,grading,train,Gajar__Large__111__Grade-2,/Users/ayush/Downloads/date-fruit-quality-ml/data/processed/train/Gajar/grading__Gajar__Large__111__Grade-2.jpg
/Users/ayush/Downloads/date-fruit-quality-ml/data/quality/grade/train/Grade-1/Aseel__Small__1.jpg,Aseel,grading,train,Aseel__Small__1__Grade-1,/Users/ayush/Downloads/date-fruit-quality-ml/data/processed/train/Aseel/grading__Aseel__Small__1__Grade-1.jpg
/Users/ayush/Downloads/date-fruit-quality-ml/data/quality/grade/train/Grade-2/Gajar__Small__80.jpg,Gajar,grading,train,Gajar__Small__80__Grade-2,/Users/ayush/Downloads/date-fruit-quality-ml/data/processed/train/Gajar/grading__Gajar__Small__80__Grade-2.jpg
/Users/ayush/Downloads/date-fruit-quality-ml/data/quality/grade/train/Grade-1/Fasli-Toto__Large__121.jpg,Fasli Toto,grading,train,Fasli-Toto__Large__121__Grade-1,/Users/ayush/Downloads/date-fruit-quality-ml/data/processed/train/Fasli Toto/grading__Fasli-Toto__Large__121__Grade-1.jpg
/Users/ayush/Downloads/date-fruit-quality-ml/data/quality/grade/train/Grade-1/Kupro__Large__141.jpg,Kupro,grading,train,Kupro__Large__141__Grade-1,/Users/ayush/Downloads/date-fruit-quality-ml/data/processed/train/Kupro/grading__Kupro__Large__141__Grade-1.jpg
/Users/ayush/Downloads/date-fruit-quality-ml/data/quality/grade/train/Grade-2/Kupro__Large__243.jpg,Kupro,grading,train,Kupro__Large__243__Grade-2,/Users/ayush/Downloads/date-fruit-quality-ml/data/processed/train/Kupro/grading__Kupro__Large__243__Grade-2.jpg
/Users/ayush/Downloads/date-fruit-quality-ml/data/quality/grade/train/Grade-1/Aseel__Medium__155.jpg,Aseel,grading,train,Aseel__Medium__155__Grade-1,/Users/ayush/Downloads/date-fruit-quality-ml/data/processed/train/Aseel/grading__Aseel__Medium__155__Grade-1.jpg
/Users/ayush/Downloads/date-fruit-quality-ml/data/quality/grade/train/Grade-1/Aseel__Medium__84.jpg,Aseel,grading,train,Aseel__Medium__84__Grade-1,/Users/ayush/Downloads/date-fruit-quality-ml/data/processed/train/Aseel/grading__Aseel__Medium__84__Grade-1.jpg
/Users/ayush/Downloads/date-fruit-quality-ml/data/quality/grade/train/Grade-1/Aseel__Large__93.jpg,Aseel,grading,train,Aseel__Large__93__Grade-1,/Users/ayush/Downloads/date-fruit-quality-ml/data/processed/train/Aseel/grading__Aseel__Large__93__Grade-1.jpg
/Users/ayush/Downloads/date-fruit-quality-ml/data/quality/grade/train/Grade-1/Aseel__Large__45.jpg,Aseel,grading,train,Aseel__Large__45__Grade-1,/Users/ayush/Downloads/date-fruit-quality-ml/data/processed/train/Aseel/grading__Aseel__Large__45__Grade-1.jpg
/Users/ayush/Downloads/date-fruit-quality-ml/data/quality/grade/train/Grade-1/Aseel__Small__145.jpg,Aseel,grading,train,Aseel__Small__145__Grade-1,/Users/ayush/Downloads/date-fruit-quality-ml/data/processed/train/Aseel/grading__Aseel__Small__145__Grade-1.jpg
/Users/ayush/Downloads/date-fruit-quality-ml/data/quality/grade/train/Grade-1/Aseel__Small__18.jpg,Aseel,grading,train,Aseel__Small__18__Grade-1,/Users/ayush/Downloads/date-fruit-quality-ml/data/processed/train/Aseel/grading__Aseel__Small__18__Grade-1.jpg
/Users/ayush/Downloads/date-fruit-quality-ml/data/quality/grade/train/Grade-2/Kupro__Large__212.jpg,Kupro,grading,train,Kupro__Large__212__Grade-2,/Users/ayush/Downloads/date-fruit-quality-ml/data/processed/train/Kupro/grading__Kupro__Large__212__Grade-2.jpg
/Users/ayush/Downloads/date-fruit-quality-ml/data/quality/grade/train/Grade-1/Kupro__Large__19.jpg,Kupro,grading,train,Kupro__Large__19__Grade-1,/Users/ayush/Downloads/date-fruit-quality-ml/data/processed/train/Kupro/grading__Kupro__Large__19__Grade-1.jpg
/Users/ayush/Downloads/date-fruit-quality-ml/data/quality/grade/train/Grade-2/Kupro__Large__26.jpg,Kupro,grading,train,Kupro__Large__26__Grade-2,/Users/ayush/Downloads/date-fruit-quality-ml/data/processed/train/Kupro/grading__Kupro__Large__26__Grade-2.jpg
/Users/ayush/Downloads/date-fruit-quality-ml/data/quality/grade/train/Grade-1/Fasli-Toto__Medium__80.jpg,Fasli Toto,grading,train,Fasli-Toto__Medium__80__Grade-1,/Users/ayush/Downloads/date-fruit-quality-ml/data/processed/train/Fasli Toto/grading__Fasli-Toto__Medium__80__Grade-1.jpg
/Users/ayush/Downloads/date-fruit-quality-ml/data/quality/grade/train/Grade-2/Kupro__Large__326.jpg,Kupro,grading,train,Kupro__Large__326__Grade-2,/Users/ayush/Downloads/date-fruit-quality-ml/data/processed/train/Kupro/grading__Kupro__Large__326__Grade-2.jpg
/Users/ayush/Downloads/date-fruit-quality-ml/data/quality/grade/train/Grade-1/Fasli-Toto__Small__34.jpg,Fasli Toto,grading,train,Fasli-Toto__Small__34__Grade-1,/Users/ayush/Downloads/date-fruit-quality-ml/data/processed/train/Fasli Toto/grading__Fasli-Toto__Small__34__Grade-1.jpg
/Users/ayush/Downloads/date-fruit-quality-ml/data/quality/grade/train/Grade-2/Kupro__Large__151.jpg,Kupro,grading,train,Kupro__Large__151__Grade-2,/Users/ayush/Downloads/date-fruit-quality-ml/data/processed/train/Kupro/grading__Kupro__Large__151__Grade-2.jpg
/Users/ayush/Downloads/date-fruit-quality-ml/data/quality/grade/train/Grade-1/Fasli-Toto__Medium__117.jpg,Fasli Toto,grading,train,Fasli-Toto__Medium__117__Grade-1,/Users/ayush/Downloads/date-fruit-quality-ml/data/processed/train/Fasli Toto/grading__Fasli-Toto__Medium__117__Grade-1.jpg
/Users/ayush/Downloads/date-fruit-quality-ml/data/quality/grade/train/Grade-1/Fasli-Toto__Medium__16.jpg,Fasli Toto,grading,train,Fasli-Toto__Medium__16__Grade-1,/Users/ayush/Downloads/date-fruit-quality-ml/data/processed/train/Fasli Toto/grading__Fasli-Toto__Medium__16__Grade-1.jpg
/Users/ayush/Downloads/date-fruit-quality-ml/data/quality/grade/train/Grade-1/Aseel__Medium__105.jpg,Aseel,grading,train,Aseel__Medium__105__Grade-1,/Users/ayush/Downloads/date-fruit-quality-ml/data/processed/train/Aseel/grading__Aseel__Medium__105__Grade-1.jpg
/Users/ayush/Downloads/date-fruit-quality-ml/data/quality/grade/train/Grade-1/Aseel__Large__18.jpg,Aseel,grading,train,Aseel__Large__18__Grade-1,/Users/ayush/Downloads/date-fruit-quality-ml/data/processed/train/Aseel/grading__Aseel__Large__18__Grade-1.jpg
/Users/ayush/Downloads/date-fruit-quality-ml/data/quality/grade/train/Grade-1/Fasli-Toto__Large__9.jpg,Fasli Toto,grading,train,Fasli-Toto__Large__9__Grade-1,/Users/ayush/Downloads/date-fruit-quality-ml/data/processed/train/Fasli Toto/grading__Fasli-Toto__Large__9__Grade-1.jpg
/Users/ayush/Downloads/date-fruit-quality-ml/data/quality/grade/train/Grade-1/Aseel__Large__137.jpg,Aseel,grading,train,Aseel__Large__137__Grade-1,/Users/ayush/Downloads/date-fruit-quality-ml/data/processed/train/Aseel/grading__Aseel__Large__137__Grade-1.jpg
/Users/ayush/Downloads/date-fruit-quality-ml/data/quality/grade/train/Grade-2/Kupro__Large__279.jpg,Kupro,grading,train,Kupro__Large__279__Grade-2,/Users/ayush/Downloads/date-fruit-quality-ml/data/processed/train/Kupro/grading__Kupro__Large__279__Grade-2.jpg
/Users/ayush/Downloads/date-fruit-quality-ml/data/quality/grade/train/Grade-1/Gajar__Medium__135.jpg,Gajar,grading,train,Gajar__Medium__135__Grade-1,/Users/ayush/Downloads/date-fruit-quality-ml/data/processed/train/Gajar/grading__Gajar__Medium__135__Grade-1.jpg
/Users/ayush/Downloads/date-fruit-quality-ml/data/quality/grade/train/Grade-2/Kupro__Large__240.jpg,Kupro,grading,train,Kupro__Large__240__Grade-2,/Users/ayush/Downloads/date-fruit-quality-ml/data/processed/train/Kupro/grading__Kupro__Large__240__Grade-2.jpg
/Users/ayush/Downloads/date-fruit-quality-ml/data/quality/grade/train/Grade-1/Fasli-Toto__Large__32.jpg,Fasli Toto,grading,train,Fasli-Toto__Large__32__Grade-1,/Users/ayush/Downloads/date-fruit-quality-ml/data/processed/train/Fasli Toto/grading__Fasli-Toto__Large__32__Grade-1.jpg
/Users/ayush/Downloads/date-fruit-quality-ml/data/quality/grade/train/Grade-1/Kupro__Large__13.jpg,Kupro,grading,train,Kupro__Large__13__Grade-1,/Users/ayush/Downloads/date-fruit-quality-ml/data/processed/train/Kupro/grading__Kupro__Large__13__Grade-1.jpg
/Users/ayush/Downloads/date-fruit-quality-ml/data/quality/grade/train/Grade-1/Gajar__Small__152.jpg,Gajar,grading,train,Gajar__Small__152__Grade-1,/Users/ayush/Downloads/date-fruit-quality-ml/data/processed/train/Gajar/grading__Gajar__Small__152__Grade-1.jpg
/Users/ayush/Downloads/date-fruit-quality-ml/data/quality/grade/train/Grade-1/Kupro__Large__53.jpg,Kupro,grading,train,Kupro__Large__53__Grade-1,/Users/ayush/Downloads/date-fruit-quality-ml/data/processed/train/Kupro/grading__Kupro__Large__53__Grade-1.jpg
/Users/ayush/Downloads/date-fruit-quality-ml/data/quality/grade/train/Grade-1/Fasli-Toto__Large__144.jpg,Fasli Toto,grading,train,Fasli-Toto__Large__144__Grade-1,/Users/ayush/Downloads/date-fruit-quality-ml/data/processed/train/Fasli Toto/grading__Fasli-Toto__Large__144__Grade-1.jpg
/Users/ayush/Downloads/date-fruit-quality-ml/data/quality/grade/train/Grade-1/Kupro__Large__105.jpg,Kupro,grading,train,Kupro__Large__105__Grade-1,/Users/ayush/Downloads/date-fruit-quality-ml/data/processed/train/Kupro/grading__Kupro__Large__105__Grade-1.jpg
/Users/ayush/Downloads/date-fruit-quality-ml/data/quality/grade/train/Grade-2/Gajar__Large__83.jpg,Gajar,grading,train,Gajar__Large__83__Grade-2,/Users/ayush/Downloads/date-fruit-quality-ml/data/processed/train/Gajar/grading__Gajar__Large__83__Grade-2.jpg
/Users/ayush/Downloads/date-fruit-quality-ml/data/quality/grade/train/Grade-1/Gajar__Medium__10.jpg,Gajar,grading,train,Gajar__Medium__10__Grade-1,/Users/ayush/Downloads/date-fruit-quality-ml/data/processed/train/Gajar/grading__Gajar__Medium__10__Grade-1.jpg
/Users/ayush/Downloads/date-fruit-quality-ml/data/quality/grade/train/Grade-1/Aseel__Small__108.jpg,Aseel,grading,train,Aseel__Small__108__Grade-1,/Users/ayush/Downloads/date-fruit-quality-ml/data/processed/train/Aseel/grading__Aseel__Small__108__Grade-1.jpg
/Users/ayush/Downloads/date-fruit-quality-ml/data/quality/grade/train/Grade-1/Aseel__Small__168.jpg,Aseel,grading,train,Aseel__Small__168__Grade-1,/Users/ayush/Downloads/date-fruit-quality-ml/data/processed/train/Aseel/grading__Aseel__Small__168__Grade-1.jpg
/Users/ayush/Downloads/date-fruit-quality-ml/data/quality/grade/train/Grade-1/Fasli-Toto__Large__24.jpg,Fasli Toto,grading,train,Fasli-Toto__Large__24__Grade-1,/Users/ayush/Downloads/date-fruit-quality-ml/data/processed/train/Fasli Toto/grading__Fasli-Toto__Large__24__Grade-1.jpg
/Users/ayush/Downloads/date-fruit-quality-ml/data/quality/grade/train/Grade-3/Gajar__Small__82.jpg,Gajar,grading,train,Gajar__Small__82__Grade-3,/Users/ayush/Downloads/date-fruit-quality-ml/data/processed/train/Gajar/grading__Gajar__Small__82__Grade-3.jpg
/Users/ayush/Downloads/date-fruit-quality-ml/data/quality/grade/train/Grade-1/Gajar__Small__18.jpg,Gajar,grading,train,Gajar__Small__18__Grade-1,/Users/ayush/Downloads/date-fruit-quality-ml/data/processed/train/Gajar/grading__Gajar__Small__18__Grade-1.jpg
/Users/ayush/Downloads/date-fruit-quality-ml/data/quality/grade/train/Grade-2/Kupro__Large__66.jpg,Kupro,grading,train,Kupro__Large__66__Grade-2,/Users/ayush/Downloads/date-fruit-quality-ml/data/processed/train/Kupro/grading__Kupro__Large__66__Grade-2.jpg
/Users/ayush/Downloads/date-fruit-quality-ml/data/quality/grade/train/Grade-3/Kupro__Large__114.jpg,Kupro,grading,train,Kupro__Large__114__Grade-3,/Users/ayush/Downloads/date-fruit-quality-ml/data/processed/train/Kupro/grading__Kupro__Large__114__Grade-3.jpg
/Users/ayush/Downloads/date-fruit-quality-ml/data/quality/grade/train/Grade-1/Aseel__Large__35.jpg,Aseel,grading,train,Aseel__Large__35__Grade-1,/Users/ayush/Downloads/date-fruit-quality-ml/data/processed/train/Aseel/grading__Aseel__Large__35__Grade-1.jpg
/Users/ayush/Downloads/date-fruit-quality-ml/data/quality/grade/train/Grade-1/Aseel__Small__170.jpg,Aseel,grading,train,Aseel__Small__170__Grade-1,/Users/ayush/Downloads/date-fruit-quality-ml/data/processed/train/Aseel/grading__Aseel__Small__170__Grade-1.jpg
/Users/ayush/Downloads/date-fruit-quality-ml/data/quality/grade/train/Grade-2/Kupro__Large__64.jpg,Kupro,grading,train,Kupro__Large__64__Grade-2,/Users/ayush/Downloads/date-fruit-quality-ml/data/processed/train/Kupro/grading__Kupro__Large__64__Grade-2.jpg
/Users/ayush/Downloads/date-fruit-quality-ml/data/quality/grade/train/Grade-3/Gajar__Small__135.jpg,Gajar,grading,train,Gajar__Small__135__Grade-3,/Users/ayush/Downloads/date-fruit-quality-ml/data/processed/train/Gajar/grading__Gajar__Small__135__Grade-3.jpg
/Users/ayush/Downloads/date-fruit-quality-ml/data/quality/grade/train/Grade-2/Gajar__Small__1.jpg,Gajar,grading,train,Gajar__Small__1__Grade-2,/Users/ayush/Downloads/date-fruit-quality-ml/data/processed/train/Gajar/grading__Gajar__Small__1__Grade-2.jpg
/Users/ayush/Downloads/date-fruit-quality-ml/data/quality/grade/train/Grade-1/Fasli-Toto__Large__70.jpg,Fasli Toto,grading,train,Fasli-Toto__Large__70__Grade-1,/Users/ayush/Downloads/date-fruit-quality-ml/data/processed/train/Fasli Toto/grading__Fasli-Toto__Large__70__Grade-1.jpg
/Users/ayush/Downloads/date-fruit-quality-ml/data/quality/grade/train/Grade-1/Aseel__Small__45.jpg,Aseel,grading,train,Aseel__Small__45__Grade-1,/Users/ayush/Downloads/date-fruit-quality-ml/data/processed/train/Aseel/grading__Aseel__Small__45__Grade-1.jpg
/Users/ayush/Downloads/date-fruit-quality-ml/data/quality/grade/train/Grade-1/Aseel__Large__34.jpg,Aseel,grading,train,Aseel__Large__34__Grade-1,/Users/ayush/Downloads/date-fruit-quality-ml/data/processed/train/Aseel/grading__Aseel__Large__34__Grade-1.jpg
/Users/ayush/Downloads/date-fruit-quality-ml/data/quality/grade/train/Grade-1/Aseel__Medium__14.jpg,Aseel,grading,train,Aseel__Medium__14__Grade-1,/Users/ayush/Downloads/date-fruit-quality-ml/data/processed/train/Aseel/grading__Aseel__Medium__14__Grade-1.jpg
/Users/ayush/Downloads/date-fruit-quality-ml/data/quality/grade/train/Grade-1/Aseel__Large__3.jpg,Aseel,grading,train,Aseel__Large__3__Grade-1,/Users/ayush/Downloads/date-fruit-quality-ml/data/processed/train/Aseel/grading__Aseel__Large__3__Grade-1.jpg
/Users/ayush/Downloads/date-fruit-quality-ml/data/quality/grade/train/Grade-2/Gajar__Small__107.jpg,Gajar,grading,train,Gajar__Small__107__Grade-2,/Users/ayush/Downloads/date-fruit-quality-ml/data/processed/train/Gajar/grading__Gajar__Small__107__Grade-2.jpg
/Users/ayush/Downloads/date-fruit-quality-ml/data/quality/grade/train/Grade-1/Aseel__Medium__26.jpg,Aseel,grading,train,Aseel__Medium__26__Grade-1,/Users/ayush/Downloads/date-fruit-quality-ml/data/processed/train/Aseel/grading__Aseel__Medium__26__Grade-1.jpg
/Users/ayush/Downloads/date-fruit-quality-ml/data/quality/grade/train/Grade-1/Aseel__Medium__30.jpg,Aseel,grading,train,Aseel__Medium__30__Grade-1,/Users/ayush/Downloads/date-fruit-quality-ml/data/processed/train/Aseel/grading__Aseel__Medium__30__Grade-1.jpg
/Users/ayush/Downloads/date-fruit-quality-ml/data/quality/grade/train/Grade-2/Gajar__Large__48.jpg,Gajar,grading,train,Gajar__Large__48__Grade-2,/Users/ayush/Downloads/date-fruit-quality-ml/data/processed/train/Gajar/grading__Gajar__Large__48__Grade-2.jpg
/Users/ayush/Downloads/date-fruit-quality-ml/data/quality/grade/train/Grade-2/Gajar__Large__2.jpg,Gajar,grading,train,Gajar__Large__2__Grade-2,/Users/ayush/Downloads/date-fruit-quality-ml/data/processed/train/Gajar/grading__Gajar__Large__2__Grade-2.jpg
/Users/ayush/Downloads/date-fruit-quality-ml/data/quality/grade/train/Grade-1/Fasli-Toto__Large__85.jpg,Fasli Toto,grading,train,Fasli-Toto__Large__85__Grade-1,/Users/ayush/Downloads/date-fruit-quality-ml/data/processed/train/Fasli Toto/grading__Fasli-Toto__Large__85__Grade-1.jpg
/Users/ayush/Downloads/date-fruit-quality-ml/data/quality/grade/train/Grade-2/Kupro__Large__180.jpg,Kupro,grading,train,Kupro__Large__180__Grade-2,/Users/ayush/Downloads/date-fruit-quality-ml/data/processed/train/Kupro/grading__Kupro__Large__180__Grade-2.jpg
/Users/ayush/Downloads/date-fruit-quality-ml/data/quality/grade/train/Grade-3/Kupro__Large__102.jpg,Kupro,grading,train,Kupro__Large__102__Grade-3,/Users/ayush/Downloads/date-fruit-quality-ml/data/processed/train/Kupro/grading__Kupro__Large__102__Grade-3.jpg
/Users/ayush/Downloads/date-fruit-quality-ml/data/quality/grade/train/Grade-1/Fasli-Toto__Medium__91.jpg,Fasli Toto,grading,train,Fasli-Toto__Medium__91__Grade-1,/Users/ayush/Downloads/date-fruit-quality-ml/data/processed/train/Fasli Toto/grading__Fasli-Toto__Medium__91__Grade-1.jpg
/Users/ayush/Downloads/date-fruit-quality-ml/data/quality/grade/train/Grade-3/Gajar__Large__74.jpg,Gajar,grading,train,Gajar__Large__74__Grade-3,/Users/ayush/Downloads/date-fruit-quality-ml/data/processed/train/Gajar/grading__Gajar__Large__74__Grade-3.jpg
/Users/ayush/Downloads/date-fruit-quality-ml/data/quality/grade/train/Grade-3/Gajar__Medium__40.jpg,Gajar,grading,train,Gajar__Medium__40__Grade-3,/Users/ayush/Downloads/date-fruit-quality-ml/data/processed/train/Gajar/grading__Gajar__Medium__40__Grade-3.jpg
/Users/ayush/Downloads/date-fruit-quality-ml/data/quality/grade/train/Grade-1/Gajar__Medium__16.jpg,Gajar,grading,train,Gajar__Medium__16__Grade-1,/Users/ayush/Downloads/date-fruit-quality-ml/data/processed/train/Gajar/grading__Gajar__Medium__16__Grade-1.jpg
/Users/ayush/Downloads/date-fruit-quality-ml/data/quality/grade/train/Grade-1/Fasli-Toto__Medium__127.jpg,Fasli Toto,grading,train,Fasli-Toto__Medium__127__Grade-1,/Users/ayush/Downloads/date-fruit-quality-ml/data/processed/train/Fasli Toto/grading__Fasli-Toto__Medium__127__Grade-1.jpg
/Users/ayush/Downloads/date-fruit-quality-ml/data/quality/grade/train/Grade-1/Gajar__Medium__81.jpg,Gajar,grading,train,Gajar__Medium__81__Grade-1,/Users/ayush/Downloads/date-fruit-quality-ml/data/processed/train/Gajar/grading__Gajar__Medium__81__Grade-1.jpg
/Users/ayush/Downloads/date-fruit-quality-ml/data/quality/grade/train/Grade-2/Kupro__Large__350.jpg,Kupro,grading,train,Kupro__Large__350__Grade-2,/Users/ayush/Downloads/date-fruit-quality-ml/data/processed/train/Kupro/grading__Kupro__Large__350__Grade-2.jpg
/Users/ayush/Downloads/date-fruit-quality-ml/data/quality/grade/train/Grade-1/Kupro__Large__266.jpg,Kupro,grading,train,Kupro__Large__266__Grade-1,/Users/ayush/Downloads/date-fruit-quality-ml/data/processed/train/Kupro/grading__Kupro__Large__266__Grade-1.jpg
/Users/ayush/Downloads/date-fruit-quality-ml/data/quality/grade/train/Grade-1/Aseel__Large__143.jpg,Aseel,grading,train,Aseel__Large__143__Grade-1,/Users/ayush/Downloads/date-fruit-quality-ml/data/processed/train/Aseel/grading__Aseel__Large__143__Grade-1.jpg
/Users/ayush/Downloads/date-fruit-quality-ml/data/quality/grade/train/Grade-1/Fasli-Toto__Medium__36.jpg,Fasli Toto,grading,train,Fasli-Toto__Medium__36__Grade-1,/Users/ayush/Downloads/date-fruit-quality-ml/data/processed/train/Fasli Toto/grading__Fasli-Toto__Medium__36__Grade-1.jpg
/Users/ayush/Downloads/date-fruit-quality-ml/data/quality/grade/train/Grade-1/Fasli-Toto__Medium__24.jpg,Fasli Toto,grading,train,Fasli-Toto__Medium__24__Grade-1,/Users/ayush/Downloads/date-fruit-quality-ml/data/processed/train/Fasli Toto/grading__Fasli-Toto__Medium__24__Grade-1.jpg
/Users/ayush/Downloads/date-fruit-quality-ml/data/quality/grade/train/Grade-1/Gajar__Large__18.jpg,Gajar,grading,train,Gajar__Large__18__Grade-1,/Users/ayush/Downloads/date-fruit-quality-ml/data/processed/train/Gajar/grading__Gajar__Large__18__Grade-1.jpg
/Users/ayush/Downloads/date-fruit-quality-ml/data/quality/grade/train/Grade-1/Kupro__Large__281.jpg,Kupro,grading,train,Kupro__Large__281__Grade-1,/Users/ayush/Downloads/date-fruit-quality-ml/data/processed/train/Kupro/grading__Kupro__Large__281__Grade-1.jpg
/Users/ayush/Downloads/date-fruit-quality-ml/data/quality/grade/train/Grade-1/Fasli-Toto__Large__20.jpg,Fasli Toto,grading,train,Fasli-Toto__Large__20__Grade-1,/Users/ayush/Downloads/date-fruit-quality-ml/data/processed/train/Fasli Toto/grading__Fasli-Toto__Large__20__Grade-1.jpg
/Users/ayush/Downloads/date-fruit-quality-ml/data/quality/grade/train/Grade-1/Aseel__Large__57.jpg,Aseel,grading,train,Aseel__Large__57__Grade-1,/Users/ayush/Downloads/date-fruit-quality-ml/data/processed/train/Aseel/grading__Aseel__Large__57__Grade-1.jpg
/Users/ayush/Downloads/date-fruit-quality-ml/data/quality/grade/train/Grade-1/Kupro__Large__302.jpg,Kupro,grading,train,Kupro__Large__302__Grade-1,/Users/ayush/Downloads/date-fruit-quality-ml/data/processed/train/Kupro/grading__Kupro__Large__302__Grade-1.jpg
/Users/ayush/Downloads/date-fruit-quality-ml/data/quality/grade/train/Grade-3/Gajar__Large__7.jpg,Gajar,grading,train,Gajar__Large__7__Grade-3,/Users/ayush/Downloads/date-fruit-quality-ml/data/processed/train/Gajar/grading__Gajar__Large__7__Grade-3.jpg
/Users/ayush/Downloads/date-fruit-quality-ml/data/quality/grade/train/Grade-1/Aseel__Small__4.jpg,Aseel,grading,train,Aseel__Small__4__Grade-1,/Users/ayush/Downloads/date-fruit-quality-ml/data/processed/train/Aseel/grading__Aseel__Small__4__Grade-1.jpg
/Users/ayush/Downloads/date-fruit-quality-ml/data/quality/grade/train/Grade-2/Gajar__Small__105.jpg,Gajar,grading,train,Gajar__Small__105__Grade-2,/Users/ayush/Downloads/date-fruit-quality-ml/data/processed/train/Gajar/grading__Gajar__Small__105__Grade-2.jpg
/Users/ayush/Downloads/date-fruit-quality-ml/data/quality/grade/train/Grade-1/Aseel__Medium__20.jpg,Aseel,grading,train,Aseel__Medium__20__Grade-1,/Users/ayush/Downloads/date-fruit-quality-ml/data/processed/train/Aseel/grading__Aseel__Medium__20__Grade-1.jpg
/Users/ayush/Downloads/date-fruit-quality-ml/data/quality/grade/train/Grade-1/Aseel__Small__98.jpg,Aseel,grading,train,Aseel__Small__98__Grade-1,/Users/ayush/Downloads/date-fruit-quality-ml/data/processed/train/Aseel/grading__Aseel__Small__98__Grade-1.jpg
/Users/ayush/Downloads/date-fruit-quality-ml/data/quality/grade/train/Grade-1/Aseel__Medium__72.jpg,Aseel,grading,train,Aseel__Medium__72__Grade-1,/Users/ayush/Downloads/date-fruit-quality-ml/data/processed/train/Aseel/grading__Aseel__Medium__72__Grade-1.jpg
/Users/ayush/Downloads/date-fruit-quality-ml/data/quality/grade/train/Grade-2/Kupro__Large__194.jpg,Kupro,grading,train,Kupro__Large__194__Grade-2,/Users/ayush/Downloads/date-fruit-quality-ml/data/processed/train/Kupro/grading__Kupro__Large__194__Grade-2.jpg
/Users/ayush/Downloads/date-fruit-quality-ml/data/quality/grade/train/Grade-3/Kupro__Large__2.jpg,Kupro,grading,train,Kupro__Large__2__Grade-3,/Users/ayush/Downloads/date-fruit-quality-ml/data/processed/train/Kupro/grading__Kupro__Large__2__Grade-3.jpg
/Users/ayush/Downloads/date-fruit-quality-ml/data/quality/grade/train/Grade-3/Gajar__Large__80.jpg,Gajar,grading,train,Gajar__Large__80__Grade-3,/Users/ayush/Downloads/date-fruit-quality-ml/data/processed/train/Gajar/grading__Gajar__Large__80__Grade-3.jpg
/Users/ayush/Downloads/date-fruit-quality-ml/data/quality/grade/train/Grade-1/Aseel__Large__134.jpg,Aseel,grading,train,Aseel__Large__134__Grade-1,/Users/ayush/Downloads/date-fruit-quality-ml/data/processed/train/Aseel/grading__Aseel__Large__134__Grade-1.jpg
/Users/ayush/Downloads/date-fruit-quality-ml/data/quality/grade/train/Grade-3/Kupro__Large__41.jpg,Kupro,grading,train,Kupro__Large__41__Grade-3,/Users/ayush/Downloads/date-fruit-quality-ml/data/processed/train/Kupro/grading__Kupro__Large__41__Grade-3.jpg
/Users/ayush/Downloads/date-fruit-quality-ml/data/quality/grade/train/Grade-1/Aseel__Medium__103.jpg,Aseel,grading,train,Aseel__Medium__103__Grade-1,/Users/ayush/Downloads/date-fruit-quality-ml/data/processed/train/Aseel/grading__Aseel__Medium__103__Grade-1.jpg
/Users/ayush/Downloads/date-fruit-quality-ml/data/quality/grade/train/Grade-1/Aseel__Large__29.jpg,Aseel,grading,train,Aseel__Large__29__Grade-1,/Users/ayush/Downloads/date-fruit-quality-ml/data/processed/train/Aseel/grading__Aseel__Large__29__Grade-1.jpg
/Users/ayush/Downloads/date-fruit-quality-ml/data/quality/grade/train/Grade-2/Kupro__Large__262.jpg,Kupro,grading,train,Kupro__Large__262__Grade-2,/Users/ayush/Downloads/date-fruit-quality-ml/data/processed/train/Kupro/grading__Kupro__Large__262__Grade-2.jpg
/Users/ayush/Downloads/date-fruit-quality-ml/data/quality/grade/train/Grade-1/Fasli-Toto__Small__23.jpg,Fasli Toto,grading,train,Fasli-Toto__Small__23__Grade-1,/Users/ayush/Downloads/date-fruit-quality-ml/data/processed/train/Fasli Toto/grading__Fasli-Toto__Small__23__Grade-1.jpg
/Users/ayush/Downloads/date-fruit-quality-ml/data/quality/grade/train/Grade-1/Aseel__Small__118.jpg,Aseel,grading,train,Aseel__Small__118__Grade-1,/Users/ayush/Downloads/date-fruit-quality-ml/data/processed/train/Aseel/grading__Aseel__Small__118__Grade-1.jpg
/Users/ayush/Downloads/date-fruit-quality-ml/data/quality/grade/train/Grade-1/Kupro__Large__212.jpg,Kupro,grading,train,Kupro__Large__212__Grade-1,/Users/ayush/Downloads/date-fruit-quality-ml/data/processed/train/Kupro/grading__Kupro__Large__212__Grade-1.jpg
/Users/ayush/Downloads/date-fruit-quality-ml/data/quality/grade/train/Grade-1/Kupro__Large__151.jpg,Kupro,grading,train,Kupro__Large__151__Grade-1,/Users/ayush/Downloads/date-fruit-quality-ml/data/processed/train/Kupro/grading__Kupro__Large__151__Grade-1.jpg
/Users/ayush/Downloads/date-fruit-quality-ml/data/quality/grade/train/Grade-1/Fasli-Toto__Large__104.jpg,Fasli Toto,grading,train,Fasli-Toto__Large__104__Grade-1,/Users/ayush/Downloads/date-fruit-quality-ml/data/processed/train/Fasli Toto/grading__Fasli-Toto__Large__104__Grade-1.jpg
/Users/ayush/Downloads/date-fruit-quality-ml/data/quality/grade/train/Grade-1/Aseel__Small__115.jpg,Aseel,grading,train,Aseel__Small__115__Grade-1,/Users/ayush/Downloads/date-fruit-quality-ml/data/processed/train/Aseel/grading__Aseel__Small__115__Grade-1.jpg
/Users/ayush/Downloads/date-fruit-quality-ml/data/quality/grade/train/Grade-1/Fasli-Toto__Large__4.jpg,Fasli Toto,grading,train,Fasli-Toto__Large__4__Grade-1,/Users/ayush/Downloads/date-fruit-quality-ml/data/processed/train/Fasli Toto/grading__Fasli-Toto__Large__4__Grade-1.jpg
/Users/ayush/Downloads/date-fruit-quality-ml/data/quality/grade/train/Grade-1/Kupro__Large__144.jpg,Kupro,grading,train,Kupro__Large__144__Grade-1,/Users/ayush/Downloads/date-fruit-quality-ml/data/processed/train/Kupro/grading__Kupro__Large__144__Grade-1.jpg
/Users/ayush/Downloads/date-fruit-quality-ml/data/quality/grade/train/Grade-3/Gajar__Large__115.jpg,Gajar,grading,train,Gajar__Large__115__Grade-3,/Users/ayush/Downloads/date-fruit-quality-ml/data/processed/train/Gajar/grading__Gajar__Large__115__Grade-3.jpg
/Users/ayush/Downloads/date-fruit-quality-ml/data/quality/grade/train/Grade-1/Fasli-Toto__Large__57.jpg,Fasli Toto,grading,train,Fasli-Toto__Large__57__Grade-1,/Users/ayush/Downloads/date-fruit-quality-ml/data/processed/train/Fasli Toto/grading__Fasli-Toto__Large__57__Grade-1.jpg
/Users/ayush/Downloads/date-fruit-quality-ml/data/quality/grade/train/Grade-1/Aseel__Large__89.jpg,Aseel,grading,train,Aseel__Large__89__Grade-1,/Users/ayush/Downloads/date-fruit-quality-ml/data/processed/train/Aseel/grading__Aseel__Large__89__Grade-1.jpg
/Users/ayush/Downloads/date-fruit-quality-ml/data/quality/grade/train/Grade-2/Gajar__Large__38.jpg,Gajar,grading,train,Gajar__Large__38__Grade-2,/Users/ayush/Downloads/date-fruit-quality-ml/data/processed/train/Gajar/grading__Gajar__Large__38__Grade-2.jpg
/Users/ayush/Downloads/date-fruit-quality-ml/data/quality/grade/train/Grade-1/Aseel__Medium__43.jpg,Aseel,grading,train,Aseel__Medium__43__Grade-1,/Users/ayush/Downloads/date-fruit-quality-ml/data/processed/train/Aseel/grading__Aseel__Medium__43__Grade-1.jpg
/Users/ayush/Downloads/date-fruit-quality-ml/data/quality/grade/train/Grade-2/Gajar__Medium__61.jpg,Gajar,grading,train,Gajar__Medium__61__Grade-2,/Users/ayush/Downloads/date-fruit-quality-ml/data/processed/train/Gajar/grading__Gajar__Medium__61__Grade-2.jpg
/Users/ayush/Downloads/date-fruit-quality-ml/data/quality/grade/train/Grade-1/Aseel__Large__140.jpg,Aseel,grading,train,Aseel__Large__140__Grade-1,/Users/ayush/Downloads/date-fruit-quality-ml/data/processed/train/Aseel/grading__Aseel__Large__140__Grade-1.jpg
/Users/ayush/Downloads/date-fruit-quality-ml/data/quality/grade/train/Grade-1/Aseel__Medium__140.jpg,Aseel,grading,train,Aseel__Medium__140__Grade-1,/Users/ayush/Downloads/date-fruit-quality-ml/data/processed/train/Aseel/grading__Aseel__Medium__140__Grade-1.jpg
/Users/ayush/Downloads/date-fruit-quality-ml/data/quality/grade/train/Grade-1/Fasli-Toto__Large__74.jpg,Fasli Toto,grading,train,Fasli-Toto__Large__74__Grade-1,/Users/ayush/Downloads/date-fruit-quality-ml/data/processed/train/Fasli Toto/grading__Fasli-Toto__Large__74__Grade-1.jpg
/Users/ayush/Downloads/date-fruit-quality-ml/data/quality/grade/train/Grade-3/Kupro__Large__34.jpg,Kupro,grading,train,Kupro__Large__34__Grade-3,/Users/ayush/Downloads/date-fruit-quality-ml/data/processed/train/Kupro/grading__Kupro__Large__34__Grade-3.jpg
/Users/ayush/Downloads/date-fruit-quality-ml/data/quality/grade/train/Grade-1/Fasli-Toto__Medium__94.jpg,Fasli Toto,grading,train,Fasli-Toto__Medium__94__Grade-1,/Users/ayush/Downloads/date-fruit-quality-ml/data/processed/train/Fasli Toto/grading__Fasli-Toto__Medium__94__Grade-1.jpg
/Users/ayush/Downloads/date-fruit-quality-ml/data/quality/grade/train/Grade-1/Aseel__Small__54.jpg,Aseel,grading,train,Aseel__Small__54__Grade-1,/Users/ayush/Downloads/date-fruit-quality-ml/data/processed/train/Aseel/grading__Aseel__Small__54__Grade-1.jpg
/Users/ayush/Downloads/date-fruit-quality-ml/data/quality/grade/train/Grade-1/Fasli-Toto__Medium__88.jpg,Fasli Toto,grading,train,Fasli-Toto__Medium__88__Grade-1,/Users/ayush/Downloads/date-fruit-quality-ml/data/processed/train/Fasli Toto/grading__Fasli-Toto__Medium__88__Grade-1.jpg
/Users/ayush/Downloads/date-fruit-quality-ml/data/quality/grade/train/Grade-1/Fasli-Toto__Medium__6.jpg,Fasli Toto,grading,train,Fasli-Toto__Medium__6__Grade-1,/Users/ayush/Downloads/date-fruit-quality-ml/data/processed/train/Fasli Toto/grading__Fasli-Toto__Medium__6__Grade-1.jpg
/Users/ayush/Downloads/date-fruit-quality-ml/data/quality/grade/train/Grade-2/Kupro__Large__367.jpg,Kupro,grading,train,Kupro__Large__367__Grade-2,/Users/ayush/Downloads/date-fruit-quality-ml/data/processed/train/Kupro/grading__Kupro__Large__367__Grade-2.jpg
/Users/ayush/Downloads/date-fruit-quality-ml/data/quality/grade/train/Grade-3/Gajar__Large__13.jpg,Gajar,grading,train,Gajar__Large__13__Grade-3,/Users/ayush/Downloads/date-fruit-quality-ml/data/processed/train/Gajar/grading__Gajar__Large__13__Grade-3.jpg
/Users/ayush/Downloads/date-fruit-quality-ml/data/quality/grade/train/Grade-1/Fasli-Toto__Large__103.jpg,Fasli Toto,grading,train,Fasli-Toto__Large__103__Grade-1,/Users/ayush/Downloads/date-fruit-quality-ml/data/processed/train/Fasli Toto/grading__Fasli-Toto__Large__103__Grade-1.jpg
/Users/ayush/Downloads/date-fruit-quality-ml/data/quality/grade/train/Grade-1/Fasli-Toto__Small__19.jpg,Fasli Toto,grading,train,Fasli-Toto__Small__19__Grade-1,/Users/ayush/Downloads/date-fruit-quality-ml/data/processed/train/Fasli Toto/grading__Fasli-Toto__Small__19__Grade-1.jpg
/Users/ayush/Downloads/date-fruit-quality-ml/data/quality/grade/train/Grade-1/Aseel__Small__24.jpg,Aseel,grading,train,Aseel__Small__24__Grade-1,/Users/ayush/Downloads/date-fruit-quality-ml/data/processed/train/Aseel/grading__Aseel__Small__24__Grade-1.jpg
/Users/ayush/Downloads/date-fruit-quality-ml/data/quality/grade/train/Grade-1/Fasli-Toto__Small__9.jpg,Fasli Toto,grading,train,Fasli-Toto__Small__9__Grade-1,/Users/ayush/Downloads/date-fruit-quality-ml/data/processed/train/Fasli Toto/grading__Fasli-Toto__Small__9__Grade-1.jpg
/Users/ayush/Downloads/date-fruit-quality-ml/data/quality/grade/train/Grade-2/Kupro__Large__75.jpg,Kupro,grading,train,Kupro__Large__75__Grade-2,/Users/ayush/Downloads/date-fruit-quality-ml/data/processed/train/Kupro/grading__Kupro__Large__75__Grade-2.jpg
/Users/ayush/Downloads/date-fruit-quality-ml/data/quality/grade/train/Grade-1/Aseel__Large__122.jpg,Aseel,grading,train,Aseel__Large__122__Grade-1,/Users/ayush/Downloads/date-fruit-quality-ml/data/processed/train/Aseel/grading__Aseel__Large__122__Grade-1.jpg
/Users/ayush/Downloads/date-fruit-quality-ml/data/quality/grade/train/Grade-1/Kupro__Large__64.jpg,Kupro,grading,train,Kupro__Large__64__Grade-1,/Users/ayush/Downloads/date-fruit-quality-ml/data/processed/train/Kupro/grading__Kupro__Large__64__Grade-1.jpg
/Users/ayush/Downloads/date-fruit-quality-ml/data/quality/grade/train/Grade-1/Fasli-Toto__Medium__53.jpg,Fasli Toto,grading,train,Fasli-Toto__Medium__53__Grade-1,/Users/ayush/Downloads/date-fruit-quality-ml/data/processed/train/Fasli Toto/grading__Fasli-Toto__Medium__53__Grade-1.jpg
/Users/ayush/Downloads/date-fruit-quality-ml/data/quality/grade/train/Grade-2/Kupro__Large__160.jpg,Kupro,grading,train,Kupro__Large__160__Grade-2,/Users/ayush/Downloads/date-fruit-quality-ml/data/processed/train/Kupro/grading__Kupro__Large__160__Grade-2.jpg
/Users/ayush/Downloads/date-fruit-quality-ml/data/quality/grade/train/Grade-1/Fasli-Toto__Large__92.jpg,Fasli Toto,grading,train,Fasli-Toto__Large__92__Grade-1,/Users/ayush/Downloads/date-fruit-quality-ml/data/processed/train/Fasli Toto/grading__Fasli-Toto__Large__92__Grade-1.jpg
/Users/ayush/Downloads/date-fruit-quality-ml/data/quality/grade/train/Grade-1/Fasli-Toto__Small__61.jpg,Fasli Toto,grading,train,Fasli-Toto__Small__61__Grade-1,/Users/ayush/Downloads/date-fruit-quality-ml/data/processed/train/Fasli Toto/grading__Fasli-Toto__Small__61__Grade-1.jpg
/Users/ayush/Downloads/date-fruit-quality-ml/data/quality/grade/train/Grade-2/Kupro__Large__147.jpg,Kupro,grading,train,Kupro__Large__147__Grade-2,/Users/ayush/Downloads/date-fruit-quality-ml/data/processed/train/Kupro/grading__Kupro__Large__147__Grade-2.jpg
/Users/ayush/Downloads/date-fruit-quality-ml/data/quality/grade/train/Grade-2/Kupro__Large__316.jpg,Kupro,grading,train,Kupro__Large__316__Grade-2,/Users/ayush/Downloads/date-fruit-quality-ml/data/processed/train/Kupro/grading__Kupro__Large__316__Grade-2.jpg
/Users/ayush/Downloads/date-fruit-quality-ml/data/quality/grade/train/Grade-2/Gajar__Medium__39.jpg,Gajar,grading,train,Gajar__Medium__39__Grade-2,/Users/ayush/Downloads/date-fruit-quality-ml/data/processed/train/Gajar/grading__Gajar__Medium__39__Grade-2.jpg
/Users/ayush/Downloads/date-fruit-quality-ml/data/quality/grade/train/Grade-1/Gajar__Medium__59.jpg,Gajar,grading,train,Gajar__Medium__59__Grade-1,/Users/ayush/Downloads/date-fruit-quality-ml/data/processed/train/Gajar/grading__Gajar__Medium__59__Grade-1.jpg
/Users/ayush/Downloads/date-fruit-quality-ml/data/quality/grade/train/Grade-1/Aseel__Small__102.jpg,Aseel,grading,train,Aseel__Small__102__Grade-1,/Users/ayush/Downloads/date-fruit-quality-ml/data/processed/train/Aseel/grading__Aseel__Small__102__Grade-1.jpg
/Users/ayush/Downloads/date-fruit-quality-ml/data/quality/grade/train/Grade-1/Gajar__Large__75.jpg,Gajar,grading,train,Gajar__Large__75__Grade-1,/Users/ayush/Downloads/date-fruit-quality-ml/data/processed/train/Gajar/grading__Gajar__Large__75__Grade-1.jpg
/Users/ayush/Downloads/date-fruit-quality-ml/data/quality/grade/train/Grade-2/Kupro__Large__354.jpg,Kupro,grading,train,Kupro__Large__354__Grade-2,/Users/ayush/Downloads/date-fruit-quality-ml/data/processed/train/Kupro/grading__Kupro__Large__354__Grade-2.jpg
/Users/ayush/Downloads/date-fruit-quality-ml/data/quality/grade/train/Grade-1/Fasli-Toto__Small__69.jpg,Fasli Toto,grading,train,Fasli-Toto__Small__69__Grade-1,/Users/ayush/Downloads/date-fruit-quality-ml/data/processed/train/Fasli Toto/grading__Fasli-Toto__Small__69__Grade-1.jpg
/Users/ayush/Downloads/date-fruit-quality-ml/data/quality/grade/train/Grade-1/Fasli-Toto__Medium__33.jpg,Fasli Toto,grading,train,Fasli-Toto__Medium__33__Grade-1,/Users/ayush/Downloads/date-fruit-quality-ml/data/processed/train/Fasli Toto/grading__Fasli-Toto__Medium__33__Grade-1.jpg
/Users/ayush/Downloads/date-fruit-quality-ml/data/quality/grade/train/Grade-1/Kupro__Large__97.jpg,Kupro,grading,train,Kupro__Large__97__Grade-1,/Users/ayush/Downloads/date-fruit-quality-ml/data/processed/train/Kupro/grading__Kupro__Large__97__Grade-1.jpg
/Users/ayush/Downloads/date-fruit-quality-ml/data/quality/grade/train/Grade-1/Kupro__Large__26.jpg,Kupro,grading,train,Kupro__Large__26__Grade-1,/Users/ayush/Downloads/date-fruit-quality-ml/data/processed/train/Kupro/grading__Kupro__Large__26__Grade-1.jpg
/Users/ayush/Downloads/date-fruit-quality-ml/data/quality/grade/train/Grade-1/Fasli-Toto__Small__25.jpg,Fasli Toto,grading,train,Fasli-Toto__Small__25__Grade-1,/Users/ayush/Downloads/date-fruit-quality-ml/data/processed/train/Fasli Toto/grading__Fasli-Toto__Small__25__Grade-1.jpg
/Users/ayush/Downloads/date-fruit-quality-ml/data/quality/grade/train/Grade-1/Fasli-Toto__Medium__76.jpg,Fasli Toto,grading,train,Fasli-Toto__Medium__76__Grade-1,/Users/ayush/Downloads/date-fruit-quality-ml/data/processed/train/Fasli Toto/grading__Fasli-Toto__Medium__76__Grade-1.jpg
/Users/ayush/Downloads/date-fruit-quality-ml/data/quality/grade/train/Grade-1/Aseel__Large__79.jpg,Aseel,grading,train,Aseel__Large__79__Grade-1,/Users/ayush/Downloads/date-fruit-quality-ml/data/processed/train/Aseel/grading__Aseel__Large__79__Grade-1.jpg
/Users/ayush/Downloads/date-fruit-quality-ml/data/quality/grade/train/Grade-1/Gajar__Small__15.jpg,Gajar,grading,train,Gajar__Small__15__Grade-1,/Users/ayush/Downloads/date-fruit-quality-ml/data/processed/train/Gajar/grading__Gajar__Small__15__Grade-1.jpg
/Users/ayush/Downloads/date-fruit-quality-ml/data/quality/grade/train/Grade-1/Kupro__Large__264.jpg,Kupro,grading,train,Kupro__Large__264__Grade-1,/Users/ayush/Downloads/date-fruit-quality-ml/data/processed/train/Kupro/grading__Kupro__Large__264__Grade-1.jpg
/Users/ayush/Downloads/date-fruit-quality-ml/data/quality/grade/train/Grade-3/Gajar__Large__24.jpg,Gajar,grading,train,Gajar__Large__24__Grade-3,/Users/ayush/Downloads/date-fruit-quality-ml/data/processed/train/Gajar/grading__Gajar__Large__24__Grade-3.jpg
/Users/ayush/Downloads/date-fruit-quality-ml/data/quality/grade/train/Grade-2/Kupro__Large__210.jpg,Kupro,grading,train,Kupro__Large__210__Grade-2,/Users/ayush/Downloads/date-fruit-quality-ml/data/processed/train/Kupro/grading__Kupro__Large__210__Grade-2.jpg
/Users/ayush/Downloads/date-fruit-quality-ml/data/quality/grade/train/Grade-1/Fasli-Toto__Small__77.jpg,Fasli Toto,grading,train,Fasli-Toto__Small__77__Grade-1,/Users/ayush/Downloads/date-fruit-quality-ml/data/processed/train/Fasli Toto/grading__Fasli-Toto__Small__77__Grade-1.jpg
/Users/ayush/Downloads/date-fruit-quality-ml/data/quality/grade/train/Grade-1/Kupro__Large__33.jpg,Kupro,grading,train,Kupro__Large__33__Grade-1,/Users/ayush/Downloads/date-fruit-quality-ml/data/processed/train/Kupro/grading__Kupro__Large__33__Grade-1.jpg
/Users/ayush/Downloads/date-fruit-quality-ml/data/quality/grade/train/Grade-3/Gajar__Large__15.jpg,Gajar,grading,train,Gajar__Large__15__Grade-3,/Users/ayush/Downloads/date-fruit-quality-ml/data/processed/train/Gajar/grading__Gajar__Large__15__Grade-3.jpg
/Users/ayush/Downloads/date-fruit-quality-ml/data/quality/grade/train/Grade-1/Gajar__Small__13.jpg,Gajar,grading,train,Gajar__Small__13__Grade-1,/Users/ayush/Downloads/date-fruit-quality-ml/data/processed/train/Gajar/grading__Gajar__Small__13__Grade-1.jpg
/Users/ayush/Downloads/date-fruit-quality-ml/data/quality/grade/train/Grade-1/Aseel__Large__153.jpg,Aseel,grading,train,Aseel__Large__153__Grade-1,/Users/ayush/Downloads/date-fruit-quality-ml/data/processed/train/Aseel/grading__Aseel__Large__153__Grade-1.jpg
/Users/ayush/Downloads/date-fruit-quality-ml/data/quality/grade/train/Grade-1/Aseel__Small__161.jpg,Aseel,grading,train,Aseel__Small__161__Grade-1,/Users/ayush/Downloads/date-fruit-quality-ml/data/processed/train/Aseel/grading__Aseel__Small__161__Grade-1.jpg
/Users/ayush/Downloads/date-fruit-quality-ml/data/quality/grade/train/Grade-1/Kupro__Large__278.jpg,Kupro,grading,train,Kupro__Large__278__Grade-1,/Users/ayush/Downloads/date-fruit-quality-ml/data/processed/train/Kupro/grading__Kupro__Large__278__Grade-1.jpg
/Users/ayush/Downloads/date-fruit-quality-ml/data/quality/grade/train/Grade-1/Fasli-Toto__Medium__39.jpg,Fasli Toto,grading,train,Fasli-Toto__Medium__39__Grade-1,/Users/ayush/Downloads/date-fruit-quality-ml/data/processed/train/Fasli Toto/grading__Fasli-Toto__Medium__39__Grade-1.jpg
/Users/ayush/Downloads/date-fruit-quality-ml/data/quality/grade/train/Grade-3/Kupro__Large__80.jpg,Kupro,grading,train,Kupro__Large__80__Grade-3,/Users/ayush/Downloads/date-fruit-quality-ml/data/processed/train/Kupro/grading__Kupro__Large__80__Grade-3.jpg
/Users/ayush/Downloads/date-fruit-quality-ml/data/quality/grade/train/Grade-1/Aseel__Large__33.jpg,Aseel,grading,train,Aseel__Large__33__Grade-1,/Users/ayush/Downloads/date-fruit-quality-ml/data/processed/train/Aseel/grading__Aseel__Large__33__Grade-1.jpg
/Users/ayush/Downloads/date-fruit-quality-ml/data/quality/grade/train/Grade-1/Gajar__Large__13.jpg,Gajar,grading,train,Gajar__Large__13__Grade-1,/Users/ayush/Downloads/date-fruit-quality-ml/data/processed/train/Gajar/grading__Gajar__Large__13__Grade-1.jpg
/Users/ayush/Downloads/date-fruit-quality-ml/data/quality/grade/train/Grade-1/Fasli-Toto__Large__98.jpg,Fasli Toto,grading,train,Fasli-Toto__Large__98__Grade-1,/Users/ayush/Downloads/date-fruit-quality-ml/data/processed/train/Fasli Toto/grading__Fasli-Toto__Large__98__Grade-1.jpg
/Users/ayush/Downloads/date-fruit-quality-ml/data/quality/grade/train/Grade-1/Fasli-Toto__Small__49.jpg,Fasli Toto,grading,train,Fasli-Toto__Small__49__Grade-1,/Users/ayush/Downloads/date-fruit-quality-ml/data/processed/train/Fasli Toto/grading__Fasli-Toto__Small__49__Grade-1.jpg
/Users/ayush/Downloads/date-fruit-quality-ml/data/quality/grade/train/Grade-1/Aseel__Large__120.jpg,Aseel,grading,train,Aseel__Large__120__Grade-1,/Users/ayush/Downloads/date-fruit-quality-ml/data/processed/train/Aseel/grading__Aseel__Large__120__Grade-1.jpg
/Users/ayush/Downloads/date-fruit-quality-ml/data/quality/grade/train/Grade-1/Gajar__Large__22.jpg,Gajar,grading,train,Gajar__Large__22__Grade-1,/Users/ayush/Downloads/date-fruit-quality-ml/data/processed/train/Gajar/grading__Gajar__Large__22__Grade-1.jpg
/Users/ayush/Downloads/date-fruit-quality-ml/data/quality/grade/train/Grade-1/Gajar__Small__72.jpg,Gajar,grading,train,Gajar__Small__72__Grade-1,/Users/ayush/Downloads/date-fruit-quality-ml/data/processed/train/Gajar/grading__Gajar__Small__72__Grade-1.jpg
/Users/ayush/Downloads/date-fruit-quality-ml/data/quality/grade/train/Grade-1/Aseel__Medium__24.jpg,Aseel,grading,train,Aseel__Medium__24__Grade-1,/Users/ayush/Downloads/date-fruit-quality-ml/data/processed/train/Aseel/grading__Aseel__Medium__24__Grade-1.jpg
/Users/ayush/Downloads/date-fruit-quality-ml/data/quality/grade/train/Grade-1/Fasli-Toto__Medium__4.jpg,Fasli Toto,grading,train,Fasli-Toto__Medium__4__Grade-1,/Users/ayush/Downloads/date-fruit-quality-ml/data/processed/train/Fasli Toto/grading__Fasli-Toto__Medium__4__Grade-1.jpg
/Users/ayush/Downloads/date-fruit-quality-ml/data/quality/grade/train/Grade-1/Gajar__Medium__9.jpg,Gajar,grading,train,Gajar__Medium__9__Grade-1,/Users/ayush/Downloads/date-fruit-quality-ml/data/processed/train/Gajar/grading__Gajar__Medium__9__Grade-1.jpg
/Users/ayush/Downloads/date-fruit-quality-ml/data/quality/grade/train/Grade-2/Kupro__Large__291.jpg,Kupro,grading,train,Kupro__Large__291__Grade-2,/Users/ayush/Downloads/date-fruit-quality-ml/data/processed/train/Kupro/grading__Kupro__Large__291__Grade-2.jpg
/Users/ayush/Downloads/date-fruit-quality-ml/data/quality/grade/train/Grade-1/Fasli-Toto__Large__15.jpg,Fasli Toto,grading,train,Fasli-Toto__Large__15__Grade-1,/Users/ayush/Downloads/date-fruit-quality-ml/data/processed/train/Fasli Toto/grading__Fasli-Toto__Large__15__Grade-1.jpg
/Users/ayush/Downloads/date-fruit-quality-ml/data/quality/grade/train/Grade-3/Kupro__Large__44.jpg,Kupro,grading,train,Kupro__Large__44__Grade-3,/Users/ayush/Downloads/date-fruit-quality-ml/data/processed/train/Kupro/grading__Kupro__Large__44__Grade-3.jpg
/Users/ayush/Downloads/date-fruit-quality-ml/data/quality/grade/train/Grade-1/Fasli-Toto__Medium__21.jpg,Fasli Toto,grading,train,Fasli-Toto__Medium__21__Grade-1,/Users/ayush/Downloads/date-fruit-quality-ml/data/processed/train/Fasli Toto/grading__Fasli-Toto__Medium__21__Grade-1.jpg
/Users/ayush/Downloads/date-fruit-quality-ml/data/quality/grade/train/Grade-3/Gajar__Small__9.jpg,Gajar,grading,train,Gajar__Small__9__Grade-3,/Users/ayush/Downloads/date-fruit-quality-ml/data/processed/train/Gajar/grading__Gajar__Small__9__Grade-3.jpg
/Users/ayush/Downloads/date-fruit-quality-ml/data/quality/grade/train/Grade-1/Fasli-Toto__Small__74.jpg,Fasli Toto,grading,train,Fasli-Toto__Small__74__Grade-1,/Users/ayush/Downloads/date-fruit-quality-ml/data/processed/train/Fasli Toto/grading__Fasli-Toto__Small__74__Grade-1.jpg
/Users/ayush/Downloads/date-fruit-quality-ml/data/quality/grade/train/Grade-1/Aseel__Medium__77.jpg,Aseel,grading,train,Aseel__Medium__77__Grade-1,/Users/ayush/Downloads/date-fruit-quality-ml/data/processed/train/Aseel/grading__Aseel__Medium__77__Grade-1.jpg
/Users/ayush/Downloads/date-fruit-quality-ml/data/quality/grade/train/Grade-1/Fasli-Toto__Medium__12.jpg,Fasli Toto,grading,train,Fasli-Toto__Medium__12__Grade-1,/Users/ayush/Downloads/date-fruit-quality-ml/data/processed/train/Fasli Toto/grading__Fasli-Toto__Medium__12__Grade-1.jpg
/Users/ayush/Downloads/date-fruit-quality-ml/data/quality/grade/train/Grade-1/Fasli-Toto__Small__36.jpg,Fasli Toto,grading,train,Fasli-Toto__Small__36__Grade-1,/Users/ayush/Downloads/date-fruit-quality-ml/data/processed/train/Fasli Toto/grading__Fasli-Toto__Small__36__Grade-1.jpg
/Users/ayush/Downloads/date-fruit-quality-ml/data/quality/grade/train/Grade-1/Kupro__Large__298.jpg,Kupro,grading,train,Kupro__Large__298__Grade-1,/Users/ayush/Downloads/date-fruit-quality-ml/data/processed/train/Kupro/grading__Kupro__Large__298__Grade-1.jpg
/Users/ayush/Downloads/date-fruit-quality-ml/data/quality/grade/train/Grade-1/Gajar__Large__10.jpg,Gajar,grading,train,Gajar__Large__10__Grade-1,/Users/ayush/Downloads/date-fruit-quality-ml/data/processed/train/Gajar/grading__Gajar__Large__10__Grade-1.jpg
/Users/ayush/Downloads/date-fruit-quality-ml/data/quality/grade/train/Grade-1/Gajar__Medium__64.jpg,Gajar,grading,train,Gajar__Medium__64__Grade-1,/Users/ayush/Downloads/date-fruit-quality-ml/data/processed/train/Gajar/grading__Gajar__Medium__64__Grade-1.jpg
/Users/ayush/Downloads/date-fruit-quality-ml/data/quality/grade/train/Grade-1/Aseel__Medium__148.jpg,Aseel,grading,train,Aseel__Medium__148__Grade-1,/Users/ayush/Downloads/date-fruit-quality-ml/data/processed/train/Aseel/grading__Aseel__Medium__148__Grade-1.jpg
/Users/ayush/Downloads/date-fruit-quality-ml/data/quality/grade/train/Grade-1/Aseel__Small__84.jpg,Aseel,grading,train,Aseel__Small__84__Grade-1,/Users/ayush/Downloads/date-fruit-quality-ml/data/processed/train/Aseel/grading__Aseel__Small__84__Grade-1.jpg
/Users/ayush/Downloads/date-fruit-quality-ml/data/quality/grade/train/Grade-1/Gajar__Medium__5.jpg,Gajar,grading,train,Gajar__Medium__5__Grade-1,/Users/ayush/Downloads/date-fruit-quality-ml/data/processed/train/Gajar/grading__Gajar__Medium__5__Grade-1.jpg
/Users/ayush/Downloads/date-fruit-quality-ml/data/quality/grade/train/Grade-1/Fasli-Toto__Medium__124.jpg,Fasli Toto,grading,train,Fasli-Toto__Medium__124__Grade-1,/Users/ayush/Downloads/date-fruit-quality-ml/data/processed/train/Fasli Toto/grading__Fasli-Toto__Medium__124__Grade-1.jpg
/Users/ayush/Downloads/date-fruit-quality-ml/data/quality/grade/train/Grade-1/Fasli-Toto__Large__152.jpg,Fasli Toto,grading,train,Fasli-Toto__Large__152__Grade-1,/Users/ayush/Downloads/date-fruit-quality-ml/data/processed/train/Fasli Toto/grading__Fasli-Toto__Large__152__Grade-1.jpg
/Users/ayush/Downloads/date-fruit-quality-ml/data/quality/grade/train/Grade-1/Gajar__Large__118.jpg,Gajar,grading,train,Gajar__Large__118__Grade-1,/Users/ayush/Downloads/date-fruit-quality-ml/data/processed/train/Gajar/grading__Gajar__Large__118__Grade-1.jpg
/Users/ayush/Downloads/date-fruit-quality-ml/data/quality/grade/train/Grade-2/Kupro__Large__96.jpg,Kupro,grading,train,Kupro__Large__96__Grade-2,/Users/ayush/Downloads/date-fruit-quality-ml/data/processed/train/Kupro/grading__Kupro__Large__96__Grade-2.jpg
/Users/ayush/Downloads/date-fruit-quality-ml/data/quality/grade/train/Grade-2/Gajar__Large__113.jpg,Gajar,grading,train,Gajar__Large__113__Grade-2,/Users/ayush/Downloads/date-fruit-quality-ml/data/processed/train/Gajar/grading__Gajar__Large__113__Grade-2.jpg
/Users/ayush/Downloads/date-fruit-quality-ml/data/quality/grade/train/Grade-1/Aseel__Small__122.jpg,Aseel,grading,train,Aseel__Small__122__Grade-1,/Users/ayush/Downloads/date-fruit-quality-ml/data/processed/train/Aseel/grading__Aseel__Small__122__Grade-1.jpg
/Users/ayush/Downloads/date-fruit-quality-ml/data/quality/grade/train/Grade-1/Fasli-Toto__Medium__119.jpg,Fasli Toto,grading,train,Fasli-Toto__Medium__119__Grade-1,/Users/ayush/Downloads/date-fruit-quality-ml/data/processed/train/Fasli Toto/grading__Fasli-Toto__Medium__119__Grade-1.jpg
/Users/ayush/Downloads/date-fruit-quality-ml/data/quality/grade/train/Grade-3/Gajar__Large__62.jpg,Gajar,grading,train,Gajar__Large__62__Grade-3,/Users/ayush/Downloads/date-fruit-quality-ml/data/processed/train/Gajar/grading__Gajar__Large__62__Grade-3.jpg
/Users/ayush/Downloads/date-fruit-quality-ml/data/quality/grade/train/Grade-1/Kupro__Large__14.jpg,Kupro,grading,train,Kupro__Large__14__Grade-1,/Users/ayush/Downloads/date-fruit-quality-ml/data/processed/train/Kupro/grading__Kupro__Large__14__Grade-1.jpg
/Users/ayush/Downloads/date-fruit-quality-ml/data/quality/grade/train/Grade-1/Aseel__Medium__17.jpg,Aseel,grading,train,Aseel__Medium__17__Grade-1,/Users/ayush/Downloads/date-fruit-quality-ml/data/processed/train/Aseel/grading__Aseel__Medium__17__Grade-1.jpg
/Users/ayush/Downloads/date-fruit-quality-ml/data/quality/grade/train/Grade-1/Fasli-Toto__Large__84.jpg,Fasli Toto,grading,train,Fasli-Toto__Large__84__Grade-1,/Users/ayush/Downloads/date-fruit-quality-ml/data/processed/train/Fasli Toto/grading__Fasli-Toto__Large__84__Grade-1.jpg
/Users/ayush/Downloads/date-fruit-quality-ml/data/quality/grade/train/Grade-1/Gajar__Small__89.jpg,Gajar,grading,train,Gajar__Small__89__Grade-1,/Users/ayush/Downloads/date-fruit-quality-ml/data/processed/train/Gajar/grading__Gajar__Small__89__Grade-1.jpg
/Users/ayush/Downloads/date-fruit-quality-ml/data/quality/grade/train/Grade-2/Gajar__Small__5.jpg,Gajar,grading,train,Gajar__Small__5__Grade-2,/Users/ayush/Downloads/date-fruit-quality-ml/data/processed/train/Gajar/grading__Gajar__Small__5__Grade-2.jpg
/Users/ayush/Downloads/date-fruit-quality-ml/data/quality/grade/train/Grade-1/Gajar__Medium__31.jpg,Gajar,grading,train,Gajar__Medium__31__Grade-1,/Users/ayush/Downloads/date-fruit-quality-ml/data/processed/train/Gajar/grading__Gajar__Medium__31__Grade-1.jpg
/Users/ayush/Downloads/date-fruit-quality-ml/data/quality/grade/train/Grade-1/Gajar__Small__195.jpg,Gajar,grading,train,Gajar__Small__195__Grade-1,/Users/ayush/Downloads/date-fruit-quality-ml/data/processed/train/Gajar/grading__Gajar__Small__195__Grade-1.jpg
/Users/ayush/Downloads/date-fruit-quality-ml/data/quality/grade/train/Grade-2/Kupro__Large__53.jpg,Kupro,grading,train,Kupro__Large__53__Grade-2,/Users/ayush/Downloads/date-fruit-quality-ml/data/processed/train/Kupro/grading__Kupro__Large__53__Grade-2.jpg
/Users/ayush/Downloads/date-fruit-quality-ml/data/quality/grade/train/Grade-1/Aseel__Small__30.jpg,Aseel,grading,train,Aseel__Small__30__Grade-1,/Users/ayush/Downloads/date-fruit-quality-ml/data/processed/train/Aseel/grading__Aseel__Small__30__Grade-1.jpg
/Users/ayush/Downloads/date-fruit-quality-ml/data/quality/grade/train/Grade-3/Gajar__Small__189.jpg,Gajar,grading,train,Gajar__Small__189__Grade-3,/Users/ayush/Downloads/date-fruit-quality-ml/data/processed/train/Gajar/grading__Gajar__Small__189__Grade-3.jpg
/Users/ayush/Downloads/date-fruit-quality-ml/data/quality/grade/train/Grade-1/Gajar__Medium__101.jpg,Gajar,grading,train,Gajar__Medium__101__Grade-1,/Users/ayush/Downloads/date-fruit-quality-ml/data/processed/train/Gajar/grading__Gajar__Medium__101__Grade-1.jpg
/Users/ayush/Downloads/date-fruit-quality-ml/data/quality/grade/train/Grade-1/Fasli-Toto__Medium__68.jpg,Fasli Toto,grading,train,Fasli-Toto__Medium__68__Grade-1,/Users/ayush/Downloads/date-fruit-quality-ml/data/processed/train/Fasli Toto/grading__Fasli-Toto__Medium__68__Grade-1.jpg
/Users/ayush/Downloads/date-fruit-quality-ml/data/quality/grade/train/Grade-3/Gajar__Medium__10.jpg,Gajar,grading,train,Gajar__Medium__10__Grade-3,/Users/ayush/Downloads/date-fruit-quality-ml/data/processed/train/Gajar/grading__Gajar__Medium__10__Grade-3.jpg
/Users/ayush/Downloads/date-fruit-quality-ml/data/quality/grade/train/Grade-1/Aseel__Medium__106.jpg,Aseel,grading,train,Aseel__Medium__106__Grade-1,/Users/ayush/Downloads/date-fruit-quality-ml/data/processed/train/Aseel/grading__Aseel__Medium__106__Grade-1.jpg
/Users/ayush/Downloads/date-fruit-quality-ml/data/quality/grade/train/Grade-1/Gajar__Medium__188.jpg,Gajar,grading,train,Gajar__Medium__188__Grade-1,/Users/ayush/Downloads/date-fruit-quality-ml/data/processed/train/Gajar/grading__Gajar__Medium__188__Grade-1.jpg
/Users/ayush/Downloads/date-fruit-quality-ml/data/quality/grade/train/Grade-1/Fasli-Toto__Large__139.jpg,Fasli Toto,grading,train,Fasli-Toto__Large__139__Grade-1,/Users/ayush/Downloads/date-fruit-quality-ml/data/processed/train/Fasli Toto/grading__Fasli-Toto__Large__139__Grade-1.jpg
/Users/ayush/Downloads/date-fruit-quality-ml/data/quality/grade/train/Grade-1/Gajar__Large__125.jpg,Gajar,grading,train,Gajar__Large__125__Grade-1,/Users/ayush/Downloads/date-fruit-quality-ml/data/processed/train/Gajar/grading__Gajar__Large__125__Grade-1.jpg
/Users/ayush/Downloads/date-fruit-quality-ml/data/quality/grade/train/Grade-1/Aseel__Medium__162.jpg,Aseel,grading,train,Aseel__Medium__162__Grade-1,/Users/ayush/Downloads/date-fruit-quality-ml/data/processed/train/Aseel/grading__Aseel__Medium__162__Grade-1.jpg
/Users/ayush/Downloads/date-fruit-quality-ml/data/quality/grade/train/Grade-1/Aseel__Medium__131.jpg,Aseel,grading,train,Aseel__Medium__131__Grade-1,/Users/ayush/Downloads/date-fruit-quality-ml/data/processed/train/Aseel/grading__Aseel__Medium__131__Grade-1.jpg
/Users/ayush/Downloads/date-fruit-quality-ml/data/quality/grade/train/Grade-1/Fasli-Toto__Small__66.jpg,Fasli Toto,grading,train,Fasli-Toto__Small__66__Grade-1,/Users/ayush/Downloads/date-fruit-quality-ml/data/processed/train/Fasli Toto/grading__Fasli-Toto__Small__66__Grade-1.jpg
/Users/ayush/Downloads/date-fruit-quality-ml/data/quality/grade/train/Grade-1/Gajar__Small__73.jpg,Gajar,grading,train,Gajar__Small__73__Grade-1,/Users/ayush/Downloads/date-fruit-quality-ml/data/processed/train/Gajar/grading__Gajar__Small__73__Grade-1.jpg
/Users/ayush/Downloads/date-fruit-quality-ml/data/quality/grade/train/Grade-1/Fasli-Toto__Large__126.jpg,Fasli Toto,grading,train,Fasli-Toto__Large__126__Grade-1,/Users/ayush/Downloads/date-fruit-quality-ml/data/processed/train/Fasli Toto/grading__Fasli-Toto__Large__126__Grade-1.jpg
/Users/ayush/Downloads/date-fruit-quality-ml/data/quality/grade/train/Grade-1/Aseel__Medium__19.jpg,Aseel,grading,train,Aseel__Medium__19__Grade-1,/Users/ayush/Downloads/date-fruit-quality-ml/data/processed/train/Aseel/grading__Aseel__Medium__19__Grade-1.jpg
/Users/ayush/Downloads/date-fruit-quality-ml/data/quality/grade/train/Grade-1/Gajar__Small__157.jpg,Gajar,grading,train,Gajar__Small__157__Grade-1,/Users/ayush/Downloads/date-fruit-quality-ml/data/processed/train/Gajar/grading__Gajar__Small__157__Grade-1.jpg
/Users/ayush/Downloads/date-fruit-quality-ml/data/quality/grade/train/Grade-1/Kupro__Large__160.jpg,Kupro,grading,train,Kupro__Large__160__Grade-1,/Users/ayush/Downloads/date-fruit-quality-ml/data/processed/train/Kupro/grading__Kupro__Large__160__Grade-1.jpg
/Users/ayush/Downloads/date-fruit-quality-ml/data/quality/grade/train/Grade-1/Gajar__Medium__178.jpg,Gajar,grading,train,Gajar__Medium__178__Grade-1,/Users/ayush/Downloads/date-fruit-quality-ml/data/processed/train/Gajar/grading__Gajar__Medium__178__Grade-1.jpg
/Users/ayush/Downloads/date-fruit-quality-ml/data/quality/grade/train/Grade-1/Aseel__Small__139.jpg,Aseel,grading,train,Aseel__Small__139__Grade-1,/Users/ayush/Downloads/date-fruit-quality-ml/data/processed/train/Aseel/grading__Aseel__Small__139__Grade-1.jpg
/Users/ayush/Downloads/date-fruit-quality-ml/data/quality/grade/train/Grade-1/Kupro__Large__110.jpg,Kupro,grading,train,Kupro__Large__110__Grade-1,/Users/ayush/Downloads/date-fruit-quality-ml/data/processed/train/Kupro/grading__Kupro__Large__110__Grade-1.jpg
/Users/ayush/Downloads/date-fruit-quality-ml/data/quality/grade/train/Grade-1/Gajar__Small__142.jpg,Gajar,grading,train,Gajar__Small__142__Grade-1,/Users/ayush/Downloads/date-fruit-quality-ml/data/processed/train/Gajar/grading__Gajar__Small__142__Grade-1.jpg
/Users/ayush/Downloads/date-fruit-quality-ml/data/quality/grade/train/Grade-1/Aseel__Large__14.jpg,Aseel,grading,train,Aseel__Large__14__Grade-1,/Users/ayush/Downloads/date-fruit-quality-ml/data/processed/train/Aseel/grading__Aseel__Large__14__Grade-1.jpg
/Users/ayush/Downloads/date-fruit-quality-ml/data/quality/grade/train/Grade-2/Gajar__Small__90.jpg,Gajar,grading,train,Gajar__Small__90__Grade-2,/Users/ayush/Downloads/date-fruit-quality-ml/data/processed/train/Gajar/grading__Gajar__Small__90__Grade-2.jpg
/Users/ayush/Downloads/date-fruit-quality-ml/data/quality/grade/train/Grade-3/Kupro__Large__95.jpg,Kupro,grading,train,Kupro__Large__95__Grade-3,/Users/ayush/Downloads/date-fruit-quality-ml/data/processed/train/Kupro/grading__Kupro__Large__95__Grade-3.jpg
/Users/ayush/Downloads/date-fruit-quality-ml/data/quality/grade/train/Grade-1/Gajar__Small__106.jpg,Gajar,grading,train,Gajar__Small__106__Grade-1,/Users/ayush/Downloads/date-fruit-quality-ml/data/processed/train/Gajar/grading__Gajar__Small__106__Grade-1.jpg
/Users/ayush/Downloads/date-fruit-quality-ml/data/quality/grade/train/Grade-1/Aseel__Small__29.jpg,Aseel,grading,train,Aseel__Small__29__Grade-1,/Users/ayush/Downloads/date-fruit-quality-ml/data/processed/train/Aseel/grading__Aseel__Small__29__Grade-1.jpg
/Users/ayush/Downloads/date-fruit-quality-ml/data/quality/grade/train/Grade-3/Gajar__Large__77.jpg,Gajar,grading,train,Gajar__Large__77__Grade-3,/Users/ayush/Downloads/date-fruit-quality-ml/data/processed/train/Gajar/grading__Gajar__Large__77__Grade-3.jpg
/Users/ayush/Downloads/date-fruit-quality-ml/data/quality/grade/train/Grade-1/Aseel__Small__156.jpg,Aseel,grading,train,Aseel__Small__156__Grade-1,/Users/ayush/Downloads/date-fruit-quality-ml/data/processed/train/Aseel/grading__Aseel__Small__156__Grade-1.jpg
/Users/ayush/Downloads/date-fruit-quality-ml/data/quality/grade/train/Grade-1/Kupro__Large__254.jpg,Kupro,grading,train,Kupro__Large__254__Grade-1,/Users/ayush/Downloads/date-fruit-quality-ml/data/processed/train/Kupro/grading__Kupro__Large__254__Grade-1.jpg
/Users/ayush/Downloads/date-fruit-quality-ml/data/quality/grade/train/Grade-1/Fasli-Toto__Medium__74.jpg,Fasli Toto,grading,train,Fasli-Toto__Medium__74__Grade-1,/Users/ayush/Downloads/date-fruit-quality-ml/data/processed/train/Fasli Toto/grading__Fasli-Toto__Medium__74__Grade-1.jpg
/Users/ayush/Downloads/date-fruit-quality-ml/data/quality/grade/train/Grade-1/Aseel__Small__97.jpg,Aseel,grading,train,Aseel__Small__97__Grade-1,/Users/ayush/Downloads/date-fruit-quality-ml/data/processed/train/Aseel/grading__Aseel__Small__97__Grade-1.jpg
/Users/ayush/Downloads/date-fruit-quality-ml/data/quality/grade/train/Grade-2/Kupro__Large__357.jpg,Kupro,grading,train,Kupro__Large__357__Grade-2,/Users/ayush/Downloads/date-fruit-quality-ml/data/processed/train/Kupro/grading__Kupro__Large__357__Grade-2.jpg
/Users/ayush/Downloads/date-fruit-quality-ml/data/quality/grade/train/Grade-3/Kupro__Large__76.jpg,Kupro,grading,train,Kupro__Large__76__Grade-3,/Users/ayush/Downloads/date-fruit-quality-ml/data/processed/train/Kupro/grading__Kupro__Large__76__Grade-3.jpg
/Users/ayush/Downloads/date-fruit-quality-ml/data/quality/grade/train/Grade-1/Fasli-Toto__Large__34.jpg,Fasli Toto,grading,train,Fasli-Toto__Large__34__Grade-1,/Users/ayush/Downloads/date-fruit-quality-ml/data/processed/train/Fasli Toto/grading__Fasli-Toto__Large__34__Grade-1.jpg
/Users/ayush/Downloads/date-fruit-quality-ml/data/quality/grade/train/Grade-1/Fasli-Toto__Large__43.jpg,Fasli Toto,grading,train,Fasli-Toto__Large__43__Grade-1,/Users/ayush/Downloads/date-fruit-quality-ml/data/processed/train/Fasli Toto/grading__Fasli-Toto__Large__43__Grade-1.jpg
/Users/ayush/Downloads/date-fruit-quality-ml/data/quality/grade/train/Grade-1/Gajar__Small__114.jpg,Gajar,grading,train,Gajar__Small__114__Grade-1,/Users/ayush/Downloads/date-fruit-quality-ml/data/processed/train/Gajar/grading__Gajar__Small__114__Grade-1.jpg
/Users/ayush/Downloads/date-fruit-quality-ml/data/quality/grade/train/Grade-1/Fasli-Toto__Medium__84.jpg,Fasli Toto,grading,train,Fasli-Toto__Medium__84__Grade-1,/Users/ayush/Downloads/date-fruit-quality-ml/data/processed/train/Fasli Toto/grading__Fasli-Toto__Medium__84__Grade-1.jpg
/Users/ayush/Downloads/date-fruit-quality-ml/data/quality/grade/train/Grade-1/Aseel__Medium__119.jpg,Aseel,grading,train,Aseel__Medium__119__Grade-1,/Users/ayush/Downloads/date-fruit-quality-ml/data/processed/train/Aseel/grading__Aseel__Medium__119__Grade-1.jpg
/Users/ayush/Downloads/date-fruit-quality-ml/data/quality/grade/train/Grade-1/Aseel__Medium__117.jpg,Aseel,grading,train,Aseel__Medium__117__Grade-1,/Users/ayush/Downloads/date-fruit-quality-ml/data/processed/train/Aseel/grading__Aseel__Medium__117__Grade-1.jpg
/Users/ayush/Downloads/date-fruit-quality-ml/data/quality/grade/train/Grade-2/Kupro__Large__307.jpg,Kupro,grading,train,Kupro__Large__307__Grade-2,/Users/ayush/Downloads/date-fruit-quality-ml/data/processed/train/Kupro/grading__Kupro__Large__307__Grade-2.jpg
/Users/ayush/Downloads/date-fruit-quality-ml/data/quality/grade/train/Grade-1/Gajar__Large__137.jpg,Gajar,grading,train,Gajar__Large__137__Grade-1,/Users/ayush/Downloads/date-fruit-quality-ml/data/processed/train/Gajar/grading__Gajar__Large__137__Grade-1.jpg
/Users/ayush/Downloads/date-fruit-quality-ml/data/quality/grade/train/Grade-2/Gajar__Small__81.jpg,Gajar,grading,train,Gajar__Small__81__Grade-2,/Users/ayush/Downloads/date-fruit-quality-ml/data/processed/train/Gajar/grading__Gajar__Small__81__Grade-2.jpg
/Users/ayush/Downloads/date-fruit-quality-ml/data/quality/grade/train/Grade-1/Aseel__Large__115.jpg,Aseel,grading,train,Aseel__Large__115__Grade-1,/Users/ayush/Downloads/date-fruit-quality-ml/data/processed/train/Aseel/grading__Aseel__Large__115__Grade-1.jpg
/Users/ayush/Downloads/date-fruit-quality-ml/data/quality/grade/train/Grade-1/Aseel__Small__65.jpg,Aseel,grading,train,Aseel__Small__65__Grade-1,/Users/ayush/Downloads/date-fruit-quality-ml/data/processed/train/Aseel/grading__Aseel__Small__65__Grade-1.jpg
/Users/ayush/Downloads/date-fruit-quality-ml/data/quality/grade/train/Grade-2/Kupro__Large__110.jpg,Kupro,grading,train,Kupro__Large__110__Grade-2,/Users/ayush/Downloads/date-fruit-quality-ml/data/processed/train/Kupro/grading__Kupro__Large__110__Grade-2.jpg
/Users/ayush/Downloads/date-fruit-quality-ml/data/quality/grade/train/Grade-1/Kupro__Large__173.jpg,Kupro,grading,train,Kupro__Large__173__Grade-1,/Users/ayush/Downloads/date-fruit-quality-ml/data/processed/train/Kupro/grading__Kupro__Large__173__Grade-1.jpg
/Users/ayush/Downloads/date-fruit-quality-ml/data/quality/grade/train/Grade-1/Kupro__Large__3.jpg,Kupro,grading,train,Kupro__Large__3__Grade-1,/Users/ayush/Downloads/date-fruit-quality-ml/data/processed/train/Kupro/grading__Kupro__Large__3__Grade-1.jpg
/Users/ayush/Downloads/date-fruit-quality-ml/data/quality/grade/train/Grade-1/Aseel__Small__52.jpg,Aseel,grading,train,Aseel__Small__52__Grade-1,/Users/ayush/Downloads/date-fruit-quality-ml/data/processed/train/Aseel/grading__Aseel__Small__52__Grade-1.jpg
/Users/ayush/Downloads/date-fruit-quality-ml/data/quality/grade/train/Grade-2/Gajar__Small__2.jpg,Gajar,grading,train,Gajar__Small__2__Grade-2,/Users/ayush/Downloads/date-fruit-quality-ml/data/processed/train/Gajar/grading__Gajar__Small__2__Grade-2.jpg
/Users/ayush/Downloads/date-fruit-quality-ml/data/quality/grade/train/Grade-1/Fasli-Toto__Medium__15.jpg,Fasli Toto,grading,train,Fasli-Toto__Medium__15__Grade-1,/Users/ayush/Downloads/date-fruit-quality-ml/data/processed/train/Fasli Toto/grading__Fasli-Toto__Medium__15__Grade-1.jpg
/Users/ayush/Downloads/date-fruit-quality-ml/data/quality/grade/train/Grade-1/Aseel__Medium__21.jpg,Aseel,grading,train,Aseel__Medium__21__Grade-1,/Users/ayush/Downloads/date-fruit-quality-ml/data/processed/train/Aseel/grading__Aseel__Medium__21__Grade-1.jpg
/Users/ayush/Downloads/date-fruit-quality-ml/data/quality/grade/train/Grade-2/Kupro__Large__195.jpg,Kupro,grading,train,Kupro__Large__195__Grade-2,/Users/ayush/Downloads/date-fruit-quality-ml/data/processed/train/Kupro/grading__Kupro__Large__195__Grade-2.jpg
/Users/ayush/Downloads/date-fruit-quality-ml/data/quality/grade/train/Grade-1/Fasli-Toto__Small__56.jpg,Fasli Toto,grading,train,Fasli-Toto__Small__56__Grade-1,/Users/ayush/Downloads/date-fruit-quality-ml/data/processed/train/Fasli Toto/grading__Fasli-Toto__Small__56__Grade-1.jpg
/Users/ayush/Downloads/date-fruit-quality-ml/data/quality/grade/train/Grade-1/Fasli-Toto__Medium__132.jpg,Fasli Toto,grading,train,Fasli-Toto__Medium__132__Grade-1,/Users/ayush/Downloads/date-fruit-quality-ml/data/processed/train/Fasli Toto/grading__Fasli-Toto__Medium__132__Grade-1.jpg
/Users/ayush/Downloads/date-fruit-quality-ml/data/quality/grade/train/Grade-2/Kupro__Large__168.jpg,Kupro,grading,train,Kupro__Large__168__Grade-2,/Users/ayush/Downloads/date-fruit-quality-ml/data/processed/train/Kupro/grading__Kupro__Large__168__Grade-2.jpg
/Users/ayush/Downloads/date-fruit-quality-ml/data/quality/grade/train/Grade-1/Fasli-Toto__Large__118.jpg,Fasli Toto,grading,train,Fasli-Toto__Large__118__Grade-1,/Users/ayush/Downloads/date-fruit-quality-ml/data/processed/train/Fasli Toto/grading__Fasli-Toto__Large__118__Grade-1.jpg
/Users/ayush/Downloads/date-fruit-quality-ml/data/quality/grade/train/Grade-1/Fasli-Toto__Large__124.jpg,Fasli Toto,grading,train,Fasli-Toto__Large__124__Grade-1,/Users/ayush/Downloads/date-fruit-quality-ml/data/processed/train/Fasli Toto/grading__Fasli-Toto__Large__124__Grade-1.jpg
/Users/ayush/Downloads/date-fruit-quality-ml/data/quality/grade/train/Grade-3/Kupro__Large__84.jpg,Kupro,grading,train,Kupro__Large__84__Grade-3,/Users/ayush/Downloads/date-fruit-quality-ml/data/processed/train/Kupro/grading__Kupro__Large__84__Grade-3.jpg
/Users/ayush/Downloads/date-fruit-quality-ml/data/quality/grade/train/Grade-1/Gajar__Medium__172.jpg,Gajar,grading,train,Gajar__Medium__172__Grade-1,/Users/ayush/Downloads/date-fruit-quality-ml/data/processed/train/Gajar/grading__Gajar__Medium__172__Grade-1.jpg
/Users/ayush/Downloads/date-fruit-quality-ml/data/quality/grade/train/Grade-1/Fasli-Toto__Small__57.jpg,Fasli Toto,grading,train,Fasli-Toto__Small__57__Grade-1,/Users/ayush/Downloads/date-fruit-quality-ml/data/processed/train/Fasli Toto/grading__Fasli-Toto__Small__57__Grade-1.jpg
/Users/ayush/Downloads/date-fruit-quality-ml/data/quality/grade/train/Grade-1/Kupro__Large__274.jpg,Kupro,grading,train,Kupro__Large__274__Grade-1,/Users/ayush/Downloads/date-fruit-quality-ml/data/processed/train/Kupro/grading__Kupro__Large__274__Grade-1.jpg
/Users/ayush/Downloads/date-fruit-quality-ml/data/quality/grade/train/Grade-1/Fasli-Toto__Medium__32.jpg,Fasli Toto,grading,train,Fasli-Toto__Medium__32__Grade-1,/Users/ayush/Downloads/date-fruit-quality-ml/data/processed/train/Fasli Toto/grading__Fasli-Toto__Medium__32__Grade-1.jpg
/Users/ayush/Downloads/date-fruit-quality-ml/data/quality/grade/train/Grade-3/Gajar__Medium__51.jpg,Gajar,grading,train,Gajar__Medium__51__Grade-3,/Users/ayush/Downloads/date-fruit-quality-ml/data/processed/train/Gajar/grading__Gajar__Medium__51__Grade-3.jpg
/Users/ayush/Downloads/date-fruit-quality-ml/data/quality/grade/train/Grade-1/Aseel__Large__108.jpg,Aseel,grading,train,Aseel__Large__108__Grade-1,/Users/ayush/Downloads/date-fruit-quality-ml/data/processed/train/Aseel/grading__Aseel__Large__108__Grade-1.jpg
/Users/ayush/Downloads/date-fruit-quality-ml/data/quality/grade/train/Grade-1/Aseel__Medium__153.jpg,Aseel,grading,train,Aseel__Medium__153__Grade-1,/Users/ayush/Downloads/date-fruit-quality-ml/data/processed/train/Aseel/grading__Aseel__Medium__153__Grade-1.jpg
/Users/ayush/Downloads/date-fruit-quality-ml/data/quality/grade/train/Grade-1/Aseel__Small__164.jpg,Aseel,grading,train,Aseel__Small__164__Grade-1,/Users/ayush/Downloads/date-fruit-quality-ml/data/processed/train/Aseel/grading__Aseel__Small__164__Grade-1.jpg
/Users/ayush/Downloads/date-fruit-quality-ml/data/quality/grade/train/Grade-1/Fasli-Toto__Medium__141.jpg,Fasli Toto,grading,train,Fasli-Toto__Medium__141__Grade-1,/Users/ayush/Downloads/date-fruit-quality-ml/data/processed/train/Fasli Toto/grading__Fasli-Toto__Medium__141__Grade-1.jpg
/Users/ayush/Downloads/date-fruit-quality-ml/data/quality/grade/train/Grade-1/Fasli-Toto__Large__48.jpg,Fasli Toto,grading,train,Fasli-Toto__Large__48__Grade-1,/Users/ayush/Downloads/date-fruit-quality-ml/data/processed/train/Fasli Toto/grading__Fasli-Toto__Large__48__Grade-1.jpg
/Users/ayush/Downloads/date-fruit-quality-ml/data/quality/grade/train/Grade-3/Kupro__Large__75.jpg,Kupro,grading,train,Kupro__Large__75__Grade-3,/Users/ayush/Downloads/date-fruit-quality-ml/data/processed/train/Kupro/grading__Kupro__Large__75__Grade-3.jpg
/Users/ayush/Downloads/date-fruit-quality-ml/data/quality/grade/train/Grade-3/Gajar__Large__32.jpg,Gajar,grading,train,Gajar__Large__32__Grade-3,/Users/ayush/Downloads/date-fruit-quality-ml/data/processed/train/Gajar/grading__Gajar__Large__32__Grade-3.jpg
/Users/ayush/Downloads/date-fruit-quality-ml/data/quality/grade/train/Grade-1/Aseel__Small__129.jpg,Aseel,grading,train,Aseel__Small__129__Grade-1,/Users/ayush/Downloads/date-fruit-quality-ml/data/processed/train/Aseel/grading__Aseel__Small__129__Grade-1.jpg
/Users/ayush/Downloads/date-fruit-quality-ml/data/quality/grade/train/Grade-1/Fasli-Toto__Large__100.jpg,Fasli Toto,grading,train,Fasli-Toto__Large__100__Grade-1,/Users/ayush/Downloads/date-fruit-quality-ml/data/processed/train/Fasli Toto/grading__Fasli-Toto__Large__100__Grade-1.jpg
/Users/ayush/Downloads/date-fruit-quality-ml/data/quality/grade/train/Grade-3/Kupro__Large__51.jpg,Kupro,grading,train,Kupro__Large__51__Grade-3,/Users/ayush/Downloads/date-fruit-quality-ml/data/processed/train/Kupro/grading__Kupro__Large__51__Grade-3.jpg
/Users/ayush/Downloads/date-fruit-quality-ml/data/quality/grade/train/Grade-1/Kupro__Large__118.jpg,Kupro,grading,train,Kupro__Large__118__Grade-1,/Users/ayush/Downloads/date-fruit-quality-ml/data/processed/train/Kupro/grading__Kupro__Large__118__Grade-1.jpg
/Users/ayush/Downloads/date-fruit-quality-ml/data/quality/grade/train/Grade-2/Kupro__Large__59.jpg,Kupro,grading,train,Kupro__Large__59__Grade-2,/Users/ayush/Downloads/date-fruit-quality-ml/data/processed/train/Kupro/grading__Kupro__Large__59__Grade-2.jpg
/Users/ayush/Downloads/date-fruit-quality-ml/data/quality/grade/train/Grade-1/Gajar__Large__27.jpg,Gajar,grading,train,Gajar__Large__27__Grade-1,/Users/ayush/Downloads/date-fruit-quality-ml/data/processed/train/Gajar/grading__Gajar__Large__27__Grade-1.jpg
/Users/ayush/Downloads/date-fruit-quality-ml/data/quality/grade/train/Grade-1/Aseel__Small__106.jpg,Aseel,grading,train,Aseel__Small__106__Grade-1,/Users/ayush/Downloads/date-fruit-quality-ml/data/processed/train/Aseel/grading__Aseel__Small__106__Grade-1.jpg
/Users/ayush/Downloads/date-fruit-quality-ml/data/quality/grade/train/Grade-2/Kupro__Large__331.jpg,Kupro,grading,train,Kupro__Large__331__Grade-2,/Users/ayush/Downloads/date-fruit-quality-ml/data/processed/train/Kupro/grading__Kupro__Large__331__Grade-2.jpg
/Users/ayush/Downloads/date-fruit-quality-ml/data/quality/grade/train/Grade-1/Aseel__Large__58.jpg,Aseel,grading,train,Aseel__Large__58__Grade-1,/Users/ayush/Downloads/date-fruit-quality-ml/data/processed/train/Aseel/grading__Aseel__Large__58__Grade-1.jpg
/Users/ayush/Downloads/date-fruit-quality-ml/data/quality/grade/train/Grade-1/Fasli-Toto__Large__128.jpg,Fasli Toto,grading,train,Fasli-Toto__Large__128__Grade-1,/Users/ayush/Downloads/date-fruit-quality-ml/data/processed/train/Fasli Toto/grading__Fasli-Toto__Large__128__Grade-1.jpg
/Users/ayush/Downloads/date-fruit-quality-ml/data/quality/grade/train/Grade-3/Kupro__Large__11.jpg,Kupro,grading,train,Kupro__Large__11__Grade-3,/Users/ayush/Downloads/date-fruit-quality-ml/data/processed/train/Kupro/grading__Kupro__Large__11__Grade-3.jpg
/Users/ayush/Downloads/date-fruit-quality-ml/data/quality/grade/train/Grade-2/Kupro__Large__150.jpg,Kupro,grading,train,Kupro__Large__150__Grade-2,/Users/ayush/Downloads/date-fruit-quality-ml/data/processed/train/Kupro/grading__Kupro__Large__150__Grade-2.jpg
/Users/ayush/Downloads/date-fruit-quality-ml/data/quality/grade/train/Grade-3/Kupro__Large__64.jpg,Kupro,grading,train,Kupro__Large__64__Grade-3,/Users/ayush/Downloads/date-fruit-quality-ml/data/processed/train/Kupro/grading__Kupro__Large__64__Grade-3.jpg
/Users/ayush/Downloads/date-fruit-quality-ml/data/quality/grade/train/Grade-1/Fasli-Toto__Medium__146.jpg,Fasli Toto,grading,train,Fasli-Toto__Medium__146__Grade-1,/Users/ayush/Downloads/date-fruit-quality-ml/data/processed/train/Fasli Toto/grading__Fasli-Toto__Medium__146__Grade-1.jpg
/Users/ayush/Downloads/date-fruit-quality-ml/data/quality/grade/train/Grade-1/Aseel__Small__69.jpg,Aseel,grading,train,Aseel__Small__69__Grade-1,/Users/ayush/Downloads/date-fruit-quality-ml/data/processed/train/Aseel/grading__Aseel__Small__69__Grade-1.jpg
/Users/ayush/Downloads/date-fruit-quality-ml/data/quality/grade/train/Grade-1/Aseel__Medium__59.jpg,Aseel,grading,train,Aseel__Medium__59__Grade-1,/Users/ayush/Downloads/date-fruit-quality-ml/data/processed/train/Aseel/grading__Aseel__Medium__59__Grade-1.jpg
/Users/ayush/Downloads/date-fruit-quality-ml/data/quality/grade/train/Grade-1/Fasli-Toto__Large__88.jpg,Fasli Toto,grading,train,Fasli-Toto__Large__88__Grade-1,/Users/ayush/Downloads/date-fruit-quality-ml/data/processed/train/Fasli Toto/grading__Fasli-Toto__Large__88__Grade-1.jpg
/Users/ayush/Downloads/date-fruit-quality-ml/data/quality/grade/train/Grade-3/Gajar__Small__153.jpg,Gajar,grading,train,Gajar__Small__153__Grade-3,/Users/ayush/Downloads/date-fruit-quality-ml/data/processed/train/Gajar/grading__Gajar__Small__153__Grade-3.jpg
/Users/ayush/Downloads/date-fruit-quality-ml/data/quality/grade/train/Grade-3/Kupro__Large__99.jpg,Kupro,grading,train,Kupro__Large__99__Grade-3,/Users/ayush/Downloads/date-fruit-quality-ml/data/processed/train/Kupro/grading__Kupro__Large__99__Grade-3.jpg
/Users/ayush/Downloads/date-fruit-quality-ml/data/quality/grade/train/Grade-3/Gajar__Large__60.jpg,Gajar,grading,train,Gajar__Large__60__Grade-3,/Users/ayush/Downloads/date-fruit-quality-ml/data/processed/train/Gajar/grading__Gajar__Large__60__Grade-3.jpg
/Users/ayush/Downloads/date-fruit-quality-ml/data/quality/grade/train/Grade-3/Kupro__Large__106.jpg,Kupro,grading,train,Kupro__Large__106__Grade-3,/Users/ayush/Downloads/date-fruit-quality-ml/data/processed/train/Kupro/grading__Kupro__Large__106__Grade-3.jpg
/Users/ayush/Downloads/date-fruit-quality-ml/data/quality/grade/train/Grade-1/Fasli-Toto__Large__45.jpg,Fasli Toto,grading,train,Fasli-Toto__Large__45__Grade-1,/Users/ayush/Downloads/date-fruit-quality-ml/data/processed/train/Fasli Toto/grading__Fasli-Toto__Large__45__Grade-1.jpg
/Users/ayush/Downloads/date-fruit-quality-ml/data/quality/grade/train/Grade-1/Aseel__Medium__11.jpg,Aseel,grading,train,Aseel__Medium__11__Grade-1,/Users/ayush/Downloads/date-fruit-quality-ml/data/processed/train/Aseel/grading__Aseel__Medium__11__Grade-1.jpg
/Users/ayush/Downloads/date-fruit-quality-ml/data/quality/grade/train/Grade-2/Kupro__Large__356.jpg,Kupro,grading,train,Kupro__Large__356__Grade-2,/Users/ayush/Downloads/date-fruit-quality-ml/data/processed/train/Kupro/grading__Kupro__Large__356__Grade-2.jpg
/Users/ayush/Downloads/date-fruit-quality-ml/data/quality/grade/train/Grade-1/Aseel__Large__44.jpg,Aseel,grading,train,Aseel__Large__44__Grade-1,/Users/ayush/Downloads/date-fruit-quality-ml/data/processed/train/Aseel/grading__Aseel__Large__44__Grade-1.jpg
/Users/ayush/Downloads/date-fruit-quality-ml/data/quality/grade/train/Grade-2/Gajar__Small__127.jpg,Gajar,grading,train,Gajar__Small__127__Grade-2,/Users/ayush/Downloads/date-fruit-quality-ml/data/processed/train/Gajar/grading__Gajar__Small__127__Grade-2.jpg
/Users/ayush/Downloads/date-fruit-quality-ml/data/quality/grade/train/Grade-1/Fasli-Toto__Large__68.jpg,Fasli Toto,grading,train,Fasli-Toto__Large__68__Grade-1,/Users/ayush/Downloads/date-fruit-quality-ml/data/processed/train/Fasli Toto/grading__Fasli-Toto__Large__68__Grade-1.jpg
/Users/ayush/Downloads/date-fruit-quality-ml/data/quality/grade/train/Grade-1/Gajar__Small__151.jpg,Gajar,grading,train,Gajar__Small__151__Grade-1,/Users/ayush/Downloads/date-fruit-quality-ml/data/processed/train/Gajar/grading__Gajar__Small__151__Grade-1.jpg
/Users/ayush/Downloads/date-fruit-quality-ml/data/quality/grade/train/Grade-1/Aseel__Medium__134.jpg,Aseel,grading,train,Aseel__Medium__134__Grade-1,/Users/ayush/Downloads/date-fruit-quality-ml/data/processed/train/Aseel/grading__Aseel__Medium__134__Grade-1.jpg
/Users/ayush/Downloads/date-fruit-quality-ml/data/quality/grade/train/Grade-2/Gajar__Medium__36.jpg,Gajar,grading,train,Gajar__Medium__36__Grade-2,/Users/ayush/Downloads/date-fruit-quality-ml/data/processed/train/Gajar/grading__Gajar__Medium__36__Grade-2.jpg
/Users/ayush/Downloads/date-fruit-quality-ml/data/quality/grade/train/Grade-1/Fasli-Toto__Large__2.jpg,Fasli Toto,grading,train,Fasli-Toto__Large__2__Grade-1,/Users/ayush/Downloads/date-fruit-quality-ml/data/processed/train/Fasli Toto/grading__Fasli-Toto__Large__2__Grade-1.jpg
/Users/ayush/Downloads/date-fruit-quality-ml/data/quality/grade/train/Grade-2/Kupro__Large__156.jpg,Kupro,grading,train,Kupro__Large__156__Grade-2,/Users/ayush/Downloads/date-fruit-quality-ml/data/processed/train/Kupro/grading__Kupro__Large__156__Grade-2.jpg
/Users/ayush/Downloads/date-fruit-quality-ml/data/quality/grade/train/Grade-1/Aseel__Medium__149.jpg,Aseel,grading,train,Aseel__Medium__149__Grade-1,/Users/ayush/Downloads/date-fruit-quality-ml/data/processed/train/Aseel/grading__Aseel__Medium__149__Grade-1.jpg
/Users/ayush/Downloads/date-fruit-quality-ml/data/quality/grade/train/Grade-2/Kupro__Large__44.jpg,Kupro,grading,train,Kupro__Large__44__Grade-2,/Users/ayush/Downloads/date-fruit-quality-ml/data/processed/train/Kupro/grading__Kupro__Large__44__Grade-2.jpg
/Users/ayush/Downloads/date-fruit-quality-ml/data/quality/grade/train/Grade-2/Kupro__Large__148.jpg,Kupro,grading,train,Kupro__Large__148__Grade-2,/Users/ayush/Downloads/date-fruit-quality-ml/data/processed/train/Kupro/grading__Kupro__Large__148__Grade-2.jpg
/Users/ayush/Downloads/date-fruit-quality-ml/data/quality/grade/train/Grade-1/Aseel__Small__153.jpg,Aseel,grading,train,Aseel__Small__153__Grade-1,/Users/ayush/Downloads/date-fruit-quality-ml/data/processed/train/Aseel/grading__Aseel__Small__153__Grade-1.jpg
/Users/ayush/Downloads/date-fruit-quality-ml/data/quality/grade/train/Grade-1/Fasli-Toto__Large__19.jpg,Fasli Toto,grading,train,Fasli-Toto__Large__19__Grade-1,/Users/ayush/Downloads/date-fruit-quality-ml/data/processed/train/Fasli Toto/grading__Fasli-Toto__Large__19__Grade-1.jpg
/Users/ayush/Downloads/date-fruit-quality-ml/data/quality/grade/train/Grade-1/Fasli-Toto__Medium__81.jpg,Fasli Toto,grading,train,Fasli-Toto__Medium__81__Grade-1,/Users/ayush/Downloads/date-fruit-quality-ml/data/processed/train/Fasli Toto/grading__Fasli-Toto__Medium__81__Grade-1.jpg
/Users/ayush/Downloads/date-fruit-quality-ml/data/quality/grade/train/Grade-2/Kupro__Large__345.jpg,Kupro,grading,train,Kupro__Large__345__Grade-2,/Users/ayush/Downloads/date-fruit-quality-ml/data/processed/train/Kupro/grading__Kupro__Large__345__Grade-2.jpg
/Users/ayush/Downloads/date-fruit-quality-ml/data/quality/grade/train/Grade-2/Gajar__Large__74.jpg,Gajar,grading,train,Gajar__Large__74__Grade-2,/Users/ayush/Downloads/date-fruit-quality-ml/data/processed/train/Gajar/grading__Gajar__Large__74__Grade-2.jpg
/Users/ayush/Downloads/date-fruit-quality-ml/data/quality/grade/train/Grade-1/Kupro__Large__309.jpg,Kupro,grading,train,Kupro__Large__309__Grade-1,/Users/ayush/Downloads/date-fruit-quality-ml/data/processed/train/Kupro/grading__Kupro__Large__309__Grade-1.jpg
/Users/ayush/Downloads/date-fruit-quality-ml/data/quality/grade/train/Grade-3/Gajar__Small__67.jpg,Gajar,grading,train,Gajar__Small__67__Grade-3,/Users/ayush/Downloads/date-fruit-quality-ml/data/processed/train/Gajar/grading__Gajar__Small__67__Grade-3.jpg
/Users/ayush/Downloads/date-fruit-quality-ml/data/quality/grade/train/Grade-1/Gajar__Large__7.jpg,Gajar,grading,train,Gajar__Large__7__Grade-1,/Users/ayush/Downloads/date-fruit-quality-ml/data/processed/train/Gajar/grading__Gajar__Large__7__Grade-1.jpg
/Users/ayush/Downloads/date-fruit-quality-ml/data/quality/grade/train/Grade-2/Kupro__Large__105.jpg,Kupro,grading,train,Kupro__Large__105__Grade-2,/Users/ayush/Downloads/date-fruit-quality-ml/data/processed/train/Kupro/grading__Kupro__Large__105__Grade-2.jpg
/Users/ayush/Downloads/date-fruit-quality-ml/data/quality/grade/train/Grade-1/Kupro__Large__10.jpg,Kupro,grading,train,Kupro__Large__10__Grade-1,/Users/ayush/Downloads/date-fruit-quality-ml/data/processed/train/Kupro/grading__Kupro__Large__10__Grade-1.jpg
/Users/ayush/Downloads/date-fruit-quality-ml/data/quality/grade/train/Grade-2/Kupro__Large__121.jpg,Kupro,grading,train,Kupro__Large__121__Grade-2,/Users/ayush/Downloads/date-fruit-quality-ml/data/processed/train/Kupro/grading__Kupro__Large__121__Grade-2.jpg
/Users/ayush/Downloads/date-fruit-quality-ml/data/quality/grade/train/Grade-1/Fasli-Toto__Small__79.jpg,Fasli Toto,grading,train,Fasli-Toto__Small__79__Grade-1,/Users/ayush/Downloads/date-fruit-quality-ml/data/processed/train/Fasli Toto/grading__Fasli-Toto__Small__79__Grade-1.jpg
/Users/ayush/Downloads/date-fruit-quality-ml/data/quality/grade/train/Grade-1/Fasli-Toto__Large__67.jpg,Fasli Toto,grading,train,Fasli-Toto__Large__67__Grade-1,/Users/ayush/Downloads/date-fruit-quality-ml/data/processed/train/Fasli Toto/grading__Fasli-Toto__Large__67__Grade-1.jpg
/Users/ayush/Downloads/date-fruit-quality-ml/data/quality/grade/train/Grade-1/Fasli-Toto__Large__136.jpg,Fasli Toto,grading,train,Fasli-Toto__Large__136__Grade-1,/Users/ayush/Downloads/date-fruit-quality-ml/data/processed/train/Fasli Toto/grading__Fasli-Toto__Large__136__Grade-1.jpg
/Users/ayush/Downloads/date-fruit-quality-ml/data/quality/grade/train/Grade-2/Kupro__Large__98.jpg,Kupro,grading,train,Kupro__Large__98__Grade-2,/Users/ayush/Downloads/date-fruit-quality-ml/data/processed/train/Kupro/grading__Kupro__Large__98__Grade-2.jpg
/Users/ayush/Downloads/date-fruit-quality-ml/data/quality/grade/train/Grade-1/Fasli-Toto__Medium__83.jpg,Fasli Toto,grading,train,Fasli-Toto__Medium__83__Grade-1,/Users/ayush/Downloads/date-fruit-quality-ml/data/processed/train/Fasli Toto/grading__Fasli-Toto__Medium__83__Grade-1.jpg
/Users/ayush/Downloads/date-fruit-quality-ml/data/quality/grade/train/Grade-1/Aseel__Large__105.jpg,Aseel,grading,train,Aseel__Large__105__Grade-1,/Users/ayush/Downloads/date-fruit-quality-ml/data/processed/train/Aseel/grading__Aseel__Large__105__Grade-1.jpg
/Users/ayush/Downloads/date-fruit-quality-ml/data/quality/grade/train/Grade-1/Fasli-Toto__Large__145.jpg,Fasli Toto,grading,train,Fasli-Toto__Large__145__Grade-1,/Users/ayush/Downloads/date-fruit-quality-ml/data/processed/train/Fasli Toto/grading__Fasli-Toto__Large__145__Grade-1.jpg
/Users/ayush/Downloads/date-fruit-quality-ml/data/quality/grade/train/Grade-1/Fasli-Toto__Medium__58.jpg,Fasli Toto,grading,train,Fasli-Toto__Medium__58__Grade-1,/Users/ayush/Downloads/date-fruit-quality-ml/data/processed/train/Fasli Toto/grading__Fasli-Toto__Medium__58__Grade-1.jpg
/Users/ayush/Downloads/date-fruit-quality-ml/data/quality/grade/train/Grade-1/Kupro__Large__199.jpg,Kupro,grading,train,Kupro__Large__199__Grade-1,/Users/ayush/Downloads/date-fruit-quality-ml/data/processed/train/Kupro/grading__Kupro__Large__199__Grade-1.jpg
/Users/ayush/Downloads/date-fruit-quality-ml/data/quality/grade/train/Grade-3/Kupro__Large__78.jpg,Kupro,grading,train,Kupro__Large__78__Grade-3,/Users/ayush/Downloads/date-fruit-quality-ml/data/processed/train/Kupro/grading__Kupro__Large__78__Grade-3.jpg
/Users/ayush/Downloads/date-fruit-quality-ml/data/quality/grade/train/Grade-2/Kupro__Large__206.jpg,Kupro,grading,train,Kupro__Large__206__Grade-2,/Users/ayush/Downloads/date-fruit-quality-ml/data/processed/train/Kupro/grading__Kupro__Large__206__Grade-2.jpg
/Users/ayush/Downloads/date-fruit-quality-ml/data/quality/grade/train/Grade-1/Kupro__Large__104.jpg,Kupro,grading,train,Kupro__Large__104__Grade-1,/Users/ayush/Downloads/date-fruit-quality-ml/data/processed/train/Kupro/grading__Kupro__Large__104__Grade-1.jpg
/Users/ayush/Downloads/date-fruit-quality-ml/data/quality/grade/train/Grade-1/Fasli-Toto__Large__26.jpg,Fasli Toto,grading,train,Fasli-Toto__Large__26__Grade-1,/Users/ayush/Downloads/date-fruit-quality-ml/data/processed/train/Fasli Toto/grading__Fasli-Toto__Large__26__Grade-1.jpg
/Users/ayush/Downloads/date-fruit-quality-ml/data/quality/grade/train/Grade-1/Aseel__Medium__152.jpg,Aseel,grading,train,Aseel__Medium__152__Grade-1,/Users/ayush/Downloads/date-fruit-quality-ml/data/processed/train/Aseel/grading__Aseel__Medium__152__Grade-1.jpg
/Users/ayush/Downloads/date-fruit-quality-ml/data/quality/grade/train/Grade-3/Kupro__Large__73.jpg,Kupro,grading,train,Kupro__Large__73__Grade-3,/Users/ayush/Downloads/date-fruit-quality-ml/data/processed/train/Kupro/grading__Kupro__Large__73__Grade-3.jpg
/Users/ayush/Downloads/date-fruit-quality-ml/data/quality/grade/train/Grade-1/Fasli-Toto__Medium__49.jpg,Fasli Toto,grading,train,Fasli-Toto__Medium__49__Grade-1,/Users/ayush/Downloads/date-fruit-quality-ml/data/processed/train/Fasli Toto/grading__Fasli-Toto__Medium__49__Grade-1.jpg
/Users/ayush/Downloads/date-fruit-quality-ml/data/quality/grade/train/Grade-2/Kupro__Large__248.jpg,Kupro,grading,train,Kupro__Large__248__Grade-2,/Users/ayush/Downloads/date-fruit-quality-ml/data/processed/train/Kupro/grading__Kupro__Large__248__Grade-2.jpg
/Users/ayush/Downloads/date-fruit-quality-ml/data/quality/grade/train/Grade-1/Fasli-Toto__Large__23.jpg,Fasli Toto,grading,train,Fasli-Toto__Large__23__Grade-1,/Users/ayush/Downloads/date-fruit-quality-ml/data/processed/train/Fasli Toto/grading__Fasli-Toto__Large__23__Grade-1.jpg
/Users/ayush/Downloads/date-fruit-quality-ml/data/quality/grade/train/Grade-1/Aseel__Small__134.jpg,Aseel,grading,train,Aseel__Small__134__Grade-1,/Users/ayush/Downloads/date-fruit-quality-ml/data/processed/train/Aseel/grading__Aseel__Small__134__Grade-1.jpg
/Users/ayush/Downloads/date-fruit-quality-ml/data/quality/grade/train/Grade-1/Aseel__Small__154.jpg,Aseel,grading,train,Aseel__Small__154__Grade-1,/Users/ayush/Downloads/date-fruit-quality-ml/data/processed/train/Aseel/grading__Aseel__Small__154__Grade-1.jpg
/Users/ayush/Downloads/date-fruit-quality-ml/data/quality/grade/train/Grade-1/Aseel__Large__109.jpg,Aseel,grading,train,Aseel__Large__109__Grade-1,/Users/ayush/Downloads/date-fruit-quality-ml/data/processed/train/Aseel/grading__Aseel__Large__109__Grade-1.jpg
/Users/ayush/Downloads/date-fruit-quality-ml/data/quality/grade/train/Grade-1/Aseel__Large__147.jpg,Aseel,grading,train,Aseel__Large__147__Grade-1,/Users/ayush/Downloads/date-fruit-quality-ml/data/processed/train/Aseel/grading__Aseel__Large__147__Grade-1.jpg
/Users/ayush/Downloads/date-fruit-quality-ml/data/quality/grade/train/Grade-1/Fasli-Toto__Large__59.jpg,Fasli Toto,grading,train,Fasli-Toto__Large__59__Grade-1,/Users/ayush/Downloads/date-fruit-quality-ml/data/processed/train/Fasli Toto/grading__Fasli-Toto__Large__59__Grade-1.jpg
/Users/ayush/Downloads/date-fruit-quality-ml/data/quality/grade/train/Grade-1/Gajar__Large__65.jpg,Gajar,grading,train,Gajar__Large__65__Grade-1,/Users/ayush/Downloads/date-fruit-quality-ml/data/processed/train/Gajar/grading__Gajar__Large__65__Grade-1.jpg
/Users/ayush/Downloads/date-fruit-quality-ml/data/quality/grade/train/Grade-1/Aseel__Small__165.jpg,Aseel,grading,train,Aseel__Small__165__Grade-1,/Users/ayush/Downloads/date-fruit-quality-ml/data/processed/train/Aseel/grading__Aseel__Small__165__Grade-1.jpg
/Users/ayush/Downloads/date-fruit-quality-ml/data/quality/grade/train/Grade-1/Kupro__Large__181.jpg,Kupro,grading,train,Kupro__Large__181__Grade-1,/Users/ayush/Downloads/date-fruit-quality-ml/data/processed/train/Kupro/grading__Kupro__Large__181__Grade-1.jpg
/Users/ayush/Downloads/date-fruit-quality-ml/data/quality/grade/train/Grade-1/Aseel__Medium__112.jpg,Aseel,grading,train,Aseel__Medium__112__Grade-1,/Users/ayush/Downloads/date-fruit-quality-ml/data/processed/train/Aseel/grading__Aseel__Medium__112__Grade-1.jpg
/Users/ayush/Downloads/date-fruit-quality-ml/data/quality/grade/train/Grade-3/Gajar__Medium__11.jpg,Gajar,grading,train,Gajar__Medium__11__Grade-3,/Users/ayush/Downloads/date-fruit-quality-ml/data/processed/train/Gajar/grading__Gajar__Medium__11__Grade-3.jpg
/Users/ayush/Downloads/date-fruit-quality-ml/data/quality/grade/train/Grade-2/Kupro__Large__223.jpg,Kupro,grading,train,Kupro__Large__223__Grade-2,/Users/ayush/Downloads/date-fruit-quality-ml/data/processed/train/Kupro/grading__Kupro__Large__223__Grade-2.jpg
/Users/ayush/Downloads/date-fruit-quality-ml/data/quality/grade/train/Grade-1/Fasli-Toto__Large__65.jpg,Fasli Toto,grading,train,Fasli-Toto__Large__65__Grade-1,/Users/ayush/Downloads/date-fruit-quality-ml/data/processed/train/Fasli Toto/grading__Fasli-Toto__Large__65__Grade-1.jpg
/Users/ayush/Downloads/date-fruit-quality-ml/data/quality/grade/train/Grade-1/Gajar__Small__165.jpg,Gajar,grading,train,Gajar__Small__165__Grade-1,/Users/ayush/Downloads/date-fruit-quality-ml/data/processed/train/Gajar/grading__Gajar__Small__165__Grade-1.jpg
/Users/ayush/Downloads/date-fruit-quality-ml/data/quality/grade/train/Grade-3/Gajar__Large__36.jpg,Gajar,grading,train,Gajar__Large__36__Grade-3,/Users/ayush/Downloads/date-fruit-quality-ml/data/processed/train/Gajar/grading__Gajar__Large__36__Grade-3.jpg
/Users/ayush/Downloads/date-fruit-quality-ml/data/quality/grade/train/Grade-1/Fasli-Toto__Small__71.jpg,Fasli Toto,grading,train,Fasli-Toto__Small__71__Grade-1,/Users/ayush/Downloads/date-fruit-quality-ml/data/processed/train/Fasli Toto/grading__Fasli-Toto__Small__71__Grade-1.jpg
/Users/ayush/Downloads/date-fruit-quality-ml/data/quality/grade/train/Grade-2/Gajar__Large__5.jpg,Gajar,grading,train,Gajar__Large__5__Grade-2,/Users/ayush/Downloads/date-fruit-quality-ml/data/processed/train/Gajar/grading__Gajar__Large__5__Grade-2.jpg
/Users/ayush/Downloads/date-fruit-quality-ml/data/quality/grade/train/Grade-1/Fasli-Toto__Medium__57.jpg,Fasli Toto,grading,train,Fasli-Toto__Medium__57__Grade-1,/Users/ayush/Downloads/date-fruit-quality-ml/data/processed/train/Fasli Toto/grading__Fasli-Toto__Medium__57__Grade-1.jpg
/Users/ayush/Downloads/date-fruit-quality-ml/data/quality/grade/train/Grade-1/Fasli-Toto__Medium__56.jpg,Fasli Toto,grading,train,Fasli-Toto__Medium__56__Grade-1,/Users/ayush/Downloads/date-fruit-quality-ml/data/processed/train/Fasli Toto/grading__Fasli-Toto__Medium__56__Grade-1.jpg
/Users/ayush/Downloads/date-fruit-quality-ml/data/quality/grade/train/Grade-1/Kupro__Large__119.jpg,Kupro,grading,train,Kupro__Large__119__Grade-1,/Users/ayush/Downloads/date-fruit-quality-ml/data/processed/train/Kupro/grading__Kupro__Large__119__Grade-1.jpg
/Users/ayush/Downloads/date-fruit-quality-ml/data/quality/grade/train/Grade-2/Kupro__Large__111.jpg,Kupro,grading,train,Kupro__Large__111__Grade-2,/Users/ayush/Downloads/date-fruit-quality-ml/data/processed/train/Kupro/grading__Kupro__Large__111__Grade-2.jpg
/Users/ayush/Downloads/date-fruit-quality-ml/data/quality/grade/train/Grade-1/Fasli-Toto__Large__79.jpg,Fasli Toto,grading,train,Fasli-Toto__Large__79__Grade-1,/Users/ayush/Downloads/date-fruit-quality-ml/data/processed/train/Fasli Toto/grading__Fasli-Toto__Large__79__Grade-1.jpg
/Users/ayush/Downloads/date-fruit-quality-ml/data/quality/grade/train/Grade-1/Fasli-Toto__Small__21.jpg,Fasli Toto,grading,train,Fasli-Toto__Small__21__Grade-1,/Users/ayush/Downloads/date-fruit-quality-ml/data/processed/train/Fasli Toto/grading__Fasli-Toto__Small__21__Grade-1.jpg
/Users/ayush/Downloads/date-fruit-quality-ml/data/quality/grade/train/Grade-1/Fasli-Toto__Medium__38.jpg,Fasli Toto,grading,train,Fasli-Toto__Medium__38__Grade-1,/Users/ayush/Downloads/date-fruit-quality-ml/data/processed/train/Fasli Toto/grading__Fasli-Toto__Medium__38__Grade-1.jpg
/Users/ayush/Downloads/date-fruit-quality-ml/data/quality/grade/train/Grade-1/Fasli-Toto__Large__37.jpg,Fasli Toto,grading,train,Fasli-Toto__Large__37__Grade-1,/Users/ayush/Downloads/date-fruit-quality-ml/data/processed/train/Fasli Toto/grading__Fasli-Toto__Large__37__Grade-1.jpg
/Users/ayush/Downloads/date-fruit-quality-ml/data/quality/grade/train/Grade-1/Aseel__Small__77.jpg,Aseel,grading,train,Aseel__Small__77__Grade-1,/Users/ayush/Downloads/date-fruit-quality-ml/data/processed/train/Aseel/grading__Aseel__Small__77__Grade-1.jpg
/Users/ayush/Downloads/date-fruit-quality-ml/data/quality/grade/train/Grade-1/Fasli-Toto__Medium__145.jpg,Fasli Toto,grading,train,Fasli-Toto__Medium__145__Grade-1,/Users/ayush/Downloads/date-fruit-quality-ml/data/processed/train/Fasli Toto/grading__Fasli-Toto__Medium__145__Grade-1.jpg
/Users/ayush/Downloads/date-fruit-quality-ml/data/quality/grade/train/Grade-1/Fasli-Toto__Medium__71.jpg,Fasli Toto,grading,train,Fasli-Toto__Medium__71__Grade-1,/Users/ayush/Downloads/date-fruit-quality-ml/data/processed/train/Fasli Toto/grading__Fasli-Toto__Medium__71__Grade-1.jpg
/Users/ayush/Downloads/date-fruit-quality-ml/data/quality/grade/train/Grade-2/Gajar__Small__46.jpg,Gajar,grading,train,Gajar__Small__46__Grade-2,/Users/ayush/Downloads/date-fruit-quality-ml/data/processed/train/Gajar/grading__Gajar__Small__46__Grade-2.jpg
/Users/ayush/Downloads/date-fruit-quality-ml/data/quality/grade/train/Grade-1/Kupro__Large__323.jpg,Kupro,grading,train,Kupro__Large__323__Grade-1,/Users/ayush/Downloads/date-fruit-quality-ml/data/processed/train/Kupro/grading__Kupro__Large__323__Grade-1.jpg
/Users/ayush/Downloads/date-fruit-quality-ml/data/quality/grade/train/Grade-2/Kupro__Large__134.jpg,Kupro,grading,train,Kupro__Large__134__Grade-2,/Users/ayush/Downloads/date-fruit-quality-ml/data/processed/train/Kupro/grading__Kupro__Large__134__Grade-2.jpg
/Users/ayush/Downloads/date-fruit-quality-ml/data/quality/grade/train/Grade-1/Kupro__Large__256.jpg,Kupro,grading,train,Kupro__Large__256__Grade-1,/Users/ayush/Downloads/date-fruit-quality-ml/data/processed/train/Kupro/grading__Kupro__Large__256__Grade-1.jpg
/Users/ayush/Downloads/date-fruit-quality-ml/data/quality/grade/train/Grade-1/Aseel__Small__39.jpg,Aseel,grading,train,Aseel__Small__39__Grade-1,/Users/ayush/Downloads/date-fruit-quality-ml/data/processed/train/Aseel/grading__Aseel__Small__39__Grade-1.jpg
/Users/ayush/Downloads/date-fruit-quality-ml/data/quality/grade/train/Grade-1/Fasli-Toto__Medium__116.jpg,Fasli Toto,grading,train,Fasli-Toto__Medium__116__Grade-1,/Users/ayush/Downloads/date-fruit-quality-ml/data/processed/train/Fasli Toto/grading__Fasli-Toto__Medium__116__Grade-1.jpg
/Users/ayush/Downloads/date-fruit-quality-ml/data/quality/grade/train/Grade-3/Kupro__Large__79.jpg,Kupro,grading,train,Kupro__Large__79__Grade-3,/Users/ayush/Downloads/date-fruit-quality-ml/data/processed/train/Kupro/grading__Kupro__Large__79__Grade-3.jpg
/Users/ayush/Downloads/date-fruit-quality-ml/data/quality/grade/train/Grade-1/Fasli-Toto__Medium__42.jpg,Fasli Toto,grading,train,Fasli-Toto__Medium__42__Grade-1,/Users/ayush/Downloads/date-fruit-quality-ml/data/processed/train/Fasli Toto/grading__Fasli-Toto__Medium__42__Grade-1.jpg
/Users/ayush/Downloads/date-fruit-quality-ml/data/quality/grade/train/Grade-1/Aseel__Large__6.jpg,Aseel,grading,train,Aseel__Large__6__Grade-1,/Users/ayush/Downloads/date-fruit-quality-ml/data/processed/train/Aseel/grading__Aseel__Large__6__Grade-1.jpg
/Users/ayush/Downloads/date-fruit-quality-ml/data/quality/grade/train/Grade-1/Kupro__Large__319.jpg,Kupro,grading,train,Kupro__Large__319__Grade-1,/Users/ayush/Downloads/date-fruit-quality-ml/data/processed/train/Kupro/grading__Kupro__Large__319__Grade-1.jpg
/Users/ayush/Downloads/date-fruit-quality-ml/data/quality/grade/train/Grade-1/Aseel__Medium__113.jpg,Aseel,grading,train,Aseel__Medium__113__Grade-1,/Users/ayush/Downloads/date-fruit-quality-ml/data/processed/train/Aseel/grading__Aseel__Medium__113__Grade-1.jpg
/Users/ayush/Downloads/date-fruit-quality-ml/data/quality/grade/train/Grade-1/Aseel__Small__136.jpg,Aseel,grading,train,Aseel__Small__136__Grade-1,/Users/ayush/Downloads/date-fruit-quality-ml/data/processed/train/Aseel/grading__Aseel__Small__136__Grade-1.jpg
/Users/ayush/Downloads/date-fruit-quality-ml/data/quality/grade/train/Grade-1/Aseel__Small__140.jpg,Aseel,grading,train,Aseel__Small__140__Grade-1,/Users/ayush/Downloads/date-fruit-quality-ml/data/processed/train/Aseel/grading__Aseel__Small__140__Grade-1.jpg
/Users/ayush/Downloads/date-fruit-quality-ml/data/quality/grade/train/Grade-1/Fasli-Toto__Medium__104.jpg,Fasli Toto,grading,train,Fasli-Toto__Medium__104__Grade-1,/Users/ayush/Downloads/date-fruit-quality-ml/data/processed/train/Fasli Toto/grading__Fasli-Toto__Medium__104__Grade-1.jpg
/Users/ayush/Downloads/date-fruit-quality-ml/data/quality/grade/train/Grade-3/Kupro__Large__91.jpg,Kupro,grading,train,Kupro__Large__91__Grade-3,/Users/ayush/Downloads/date-fruit-quality-ml/data/processed/train/Kupro/grading__Kupro__Large__91__Grade-3.jpg
/Users/ayush/Downloads/date-fruit-quality-ml/data/quality/grade/train/Grade-2/Kupro__Large__318.jpg,Kupro,grading,train,Kupro__Large__318__Grade-2,/Users/ayush/Downloads/date-fruit-quality-ml/data/processed/train/Kupro/grading__Kupro__Large__318__Grade-2.jpg
/Users/ayush/Downloads/date-fruit-quality-ml/data/quality/grade/train/Grade-1/Gajar__Medium__6.jpg,Gajar,grading,train,Gajar__Medium__6__Grade-1,/Users/ayush/Downloads/date-fruit-quality-ml/data/processed/train/Gajar/grading__Gajar__Medium__6__Grade-1.jpg
/Users/ayush/Downloads/date-fruit-quality-ml/data/quality/grade/train/Grade-1/Fasli-Toto__Large__91.jpg,Fasli Toto,grading,train,Fasli-Toto__Large__91__Grade-1,/Users/ayush/Downloads/date-fruit-quality-ml/data/processed/train/Fasli Toto/grading__Fasli-Toto__Large__91__Grade-1.jpg
/Users/ayush/Downloads/date-fruit-quality-ml/data/quality/grade/train/Grade-2/Gajar__Large__92.jpg,Gajar,grading,train,Gajar__Large__92__Grade-2,/Users/ayush/Downloads/date-fruit-quality-ml/data/processed/train/Gajar/grading__Gajar__Large__92__Grade-2.jpg
/Users/ayush/Downloads/date-fruit-quality-ml/data/quality/grade/train/Grade-1/Kupro__Large__101.jpg,Kupro,grading,train,Kupro__Large__101__Grade-1,/Users/ayush/Downloads/date-fruit-quality-ml/data/processed/train/Kupro/grading__Kupro__Large__101__Grade-1.jpg
/Users/ayush/Downloads/date-fruit-quality-ml/data/quality/grade/train/Grade-2/Gajar__Large__61.jpg,Gajar,grading,train,Gajar__Large__61__Grade-2,/Users/ayush/Downloads/date-fruit-quality-ml/data/processed/train/Gajar/grading__Gajar__Large__61__Grade-2.jpg
/Users/ayush/Downloads/date-fruit-quality-ml/data/quality/grade/train/Grade-1/Aseel__Medium__163.jpg,Aseel,grading,train,Aseel__Medium__163__Grade-1,/Users/ayush/Downloads/date-fruit-quality-ml/data/processed/train/Aseel/grading__Aseel__Medium__163__Grade-1.jpg
/Users/ayush/Downloads/date-fruit-quality-ml/data/quality/grade/train/Grade-1/Kupro__Large__248.jpg,Kupro,grading,train,Kupro__Large__248__Grade-1,/Users/ayush/Downloads/date-fruit-quality-ml/data/processed/train/Kupro/grading__Kupro__Large__248__Grade-1.jpg
/Users/ayush/Downloads/date-fruit-quality-ml/data/quality/grade/train/Grade-1/Gajar__Medium__102.jpg,Gajar,grading,train,Gajar__Medium__102__Grade-1,/Users/ayush/Downloads/date-fruit-quality-ml/data/processed/train/Gajar/grading__Gajar__Medium__102__Grade-1.jpg
/Users/ayush/Downloads/date-fruit-quality-ml/data/quality/grade/train/Grade-2/Kupro__Large__343.jpg,Kupro,grading,train,Kupro__Large__343__Grade-2,/Users/ayush/Downloads/date-fruit-quality-ml/data/processed/train/Kupro/grading__Kupro__Large__343__Grade-2.jpg
/Users/ayush/Downloads/date-fruit-quality-ml/data/quality/grade/train/Grade-1/Fasli-Toto__Small__52.jpg,Fasli Toto,grading,train,Fasli-Toto__Small__52__Grade-1,/Users/ayush/Downloads/date-fruit-quality-ml/data/processed/train/Fasli Toto/grading__Fasli-Toto__Small__52__Grade-1.jpg
/Users/ayush/Downloads/date-fruit-quality-ml/data/quality/grade/train/Grade-1/Aseel__Small__43.jpg,Aseel,grading,train,Aseel__Small__43__Grade-1,/Users/ayush/Downloads/date-fruit-quality-ml/data/processed/train/Aseel/grading__Aseel__Small__43__Grade-1.jpg
/Users/ayush/Downloads/date-fruit-quality-ml/data/quality/grade/train/Grade-3/Gajar__Small__157.jpg,Gajar,grading,train,Gajar__Small__157__Grade-3,/Users/ayush/Downloads/date-fruit-quality-ml/data/processed/train/Gajar/grading__Gajar__Small__157__Grade-3.jpg
/Users/ayush/Downloads/date-fruit-quality-ml/data/quality/grade/train/Grade-1/Kupro__Large__285.jpg,Kupro,grading,train,Kupro__Large__285__Grade-1,/Users/ayush/Downloads/date-fruit-quality-ml/data/processed/train/Kupro/grading__Kupro__Large__285__Grade-1.jpg
/Users/ayush/Downloads/date-fruit-quality-ml/data/quality/grade/train/Grade-1/Aseel__Medium__110.jpg,Aseel,grading,train,Aseel__Medium__110__Grade-1,/Users/ayush/Downloads/date-fruit-quality-ml/data/processed/train/Aseel/grading__Aseel__Medium__110__Grade-1.jpg
/Users/ayush/Downloads/date-fruit-quality-ml/data/quality/grade/train/Grade-3/Gajar__Medium__47.jpg,Gajar,grading,train,Gajar__Medium__47__Grade-3,/Users/ayush/Downloads/date-fruit-quality-ml/data/processed/train/Gajar/grading__Gajar__Medium__47__Grade-3.jpg
/Users/ayush/Downloads/date-fruit-quality-ml/data/quality/grade/train/Grade-3/Gajar__Large__96.jpg,Gajar,grading,train,Gajar__Large__96__Grade-3,/Users/ayush/Downloads/date-fruit-quality-ml/data/processed/train/Gajar/grading__Gajar__Large__96__Grade-3.jpg
/Users/ayush/Downloads/date-fruit-quality-ml/data/quality/grade/train/Grade-1/Fasli-Toto__Large__101.jpg,Fasli Toto,grading,train,Fasli-Toto__Large__101__Grade-1,/Users/ayush/Downloads/date-fruit-quality-ml/data/processed/train/Fasli Toto/grading__Fasli-Toto__Large__101__Grade-1.jpg
/Users/ayush/Downloads/date-fruit-quality-ml/data/quality/grade/train/Grade-1/Fasli-Toto__Medium__96.jpg,Fasli Toto,grading,train,Fasli-Toto__Medium__96__Grade-1,/Users/ayush/Downloads/date-fruit-quality-ml/data/processed/train/Fasli Toto/grading__Fasli-Toto__Medium__96__Grade-1.jpg
/Users/ayush/Downloads/date-fruit-quality-ml/data/quality/grade/train/Grade-1/Fasli-Toto__Medium__115.jpg,Fasli Toto,grading,train,Fasli-Toto__Medium__115__Grade-1,/Users/ayush/Downloads/date-fruit-quality-ml/data/processed/train/Fasli Toto/grading__Fasli-Toto__Medium__115__Grade-1.jpg
/Users/ayush/Downloads/date-fruit-quality-ml/data/quality/grade/train/Grade-1/Fasli-Toto__Large__22.jpg,Fasli Toto,grading,train,Fasli-Toto__Large__22__Grade-1,/Users/ayush/Downloads/date-fruit-quality-ml/data/processed/train/Fasli Toto/grading__Fasli-Toto__Large__22__Grade-1.jpg
/Users/ayush/Downloads/date-fruit-quality-ml/data/quality/grade/train/Grade-1/Aseel__Medium__52.jpg,Aseel,grading,train,Aseel__Medium__52__Grade-1,/Users/ayush/Downloads/date-fruit-quality-ml/data/processed/train/Aseel/grading__Aseel__Medium__52__Grade-1.jpg
/Users/ayush/Downloads/date-fruit-quality-ml/data/quality/grade/train/Grade-2/Kupro__Large__91.jpg,Kupro,grading,train,Kupro__Large__91__Grade-2,/Users/ayush/Downloads/date-fruit-quality-ml/data/processed/train/Kupro/grading__Kupro__Large__91__Grade-2.jpg
/Users/ayush/Downloads/date-fruit-quality-ml/data/quality/grade/train/Grade-1/Aseel__Medium__13.jpg,Aseel,grading,train,Aseel__Medium__13__Grade-1,/Users/ayush/Downloads/date-fruit-quality-ml/data/processed/train/Aseel/grading__Aseel__Medium__13__Grade-1.jpg
/Users/ayush/Downloads/date-fruit-quality-ml/data/quality/grade/train/Grade-1/Fasli-Toto__Medium__29.jpg,Fasli Toto,grading,train,Fasli-Toto__Medium__29__Grade-1,/Users/ayush/Downloads/date-fruit-quality-ml/data/processed/train/Fasli Toto/grading__Fasli-Toto__Medium__29__Grade-1.jpg
/Users/ayush/Downloads/date-fruit-quality-ml/data/quality/grade/train/Grade-1/Aseel__Small__94.jpg,Aseel,grading,train,Aseel__Small__94__Grade-1,/Users/ayush/Downloads/date-fruit-quality-ml/data/processed/train/Aseel/grading__Aseel__Small__94__Grade-1.jpg
/Users/ayush/Downloads/date-fruit-quality-ml/data/quality/grade/train/Grade-1/Aseel__Small__46.jpg,Aseel,grading,train,Aseel__Small__46__Grade-1,/Users/ayush/Downloads/date-fruit-quality-ml/data/processed/train/Aseel/grading__Aseel__Small__46__Grade-1.jpg
/Users/ayush/Downloads/date-fruit-quality-ml/data/quality/grade/train/Grade-1/Aseel__Large__80.jpg,Aseel,grading,train,Aseel__Large__80__Grade-1,/Users/ayush/Downloads/date-fruit-quality-ml/data/processed/train/Aseel/grading__Aseel__Large__80__Grade-1.jpg
/Users/ayush/Downloads/date-fruit-quality-ml/data/quality/grade/train/Grade-1/Kupro__Large__107.jpg,Kupro,grading,train,Kupro__Large__107__Grade-1,/Users/ayush/Downloads/date-fruit-quality-ml/data/processed/train/Kupro/grading__Kupro__Large__107__Grade-1.jpg
/Users/ayush/Downloads/date-fruit-quality-ml/data/quality/grade/train/Grade-1/Gajar__Medium__186.jpg,Gajar,grading,train,Gajar__Medium__186__Grade-1,/Users/ayush/Downloads/date-fruit-quality-ml/data/processed/train/Gajar/grading__Gajar__Medium__186__Grade-1.jpg
/Users/ayush/Downloads/date-fruit-quality-ml/data/quality/grade/train/Grade-1/Gajar__Small__81.jpg,Gajar,grading,train,Gajar__Small__81__Grade-1,/Users/ayush/Downloads/date-fruit-quality-ml/data/processed/train/Gajar/grading__Gajar__Small__81__Grade-1.jpg
/Users/ayush/Downloads/date-fruit-quality-ml/data/quality/grade/val/Grade-1/Aseel__Medium__49.jpg,Aseel,grading,val,Aseel__Medium__49__Grade-1,/Users/ayush/Downloads/date-fruit-quality-ml/data/processed/val/Aseel/grading__Aseel__Medium__49__Grade-1.jpg
/Users/ayush/Downloads/date-fruit-quality-ml/data/quality/grade/val/Grade-1/Kupro__Large__43.jpg,Kupro,grading,val,Kupro__Large__43__Grade-1,/Users/ayush/Downloads/date-fruit-quality-ml/data/processed/val/Kupro/grading__Kupro__Large__43__Grade-1.jpg
/Users/ayush/Downloads/date-fruit-quality-ml/data/quality/grade/val/Grade-1/Kupro__Large__109.jpg,Kupro,grading,val,Kupro__Large__109__Grade-1,/Users/ayush/Downloads/date-fruit-quality-ml/data/processed/val/Kupro/grading__Kupro__Large__109__Grade-1.jpg
/Users/ayush/Downloads/date-fruit-quality-ml/data/quality/grade/val/Grade-1/Aseel__Small__152.jpg,Aseel,grading,val,Aseel__Small__152__Grade-1,/Users/ayush/Downloads/date-fruit-quality-ml/data/processed/val/Aseel/grading__Aseel__Small__152__Grade-1.jpg
/Users/ayush/Downloads/date-fruit-quality-ml/data/quality/grade/val/Grade-2/Gajar__Large__85.jpg,Gajar,grading,val,Gajar__Large__85__Grade-2,/Users/ayush/Downloads/date-fruit-quality-ml/data/processed/val/Gajar/grading__Gajar__Large__85__Grade-2.jpg
/Users/ayush/Downloads/date-fruit-quality-ml/data/quality/grade/val/Grade-1/Aseel__Small__27.jpg,Aseel,grading,val,Aseel__Small__27__Grade-1,/Users/ayush/Downloads/date-fruit-quality-ml/data/processed/val/Aseel/grading__Aseel__Small__27__Grade-1.jpg
/Users/ayush/Downloads/date-fruit-quality-ml/data/quality/grade/val/Grade-1/Fasli-Toto__Large__64.jpg,Fasli Toto,grading,val,Fasli-Toto__Large__64__Grade-1,/Users/ayush/Downloads/date-fruit-quality-ml/data/processed/val/Fasli Toto/grading__Fasli-Toto__Large__64__Grade-1.jpg
/Users/ayush/Downloads/date-fruit-quality-ml/data/quality/grade/val/Grade-1/Gajar__Small__7.jpg,Gajar,grading,val,Gajar__Small__7__Grade-1,/Users/ayush/Downloads/date-fruit-quality-ml/data/processed/val/Gajar/grading__Gajar__Small__7__Grade-1.jpg
/Users/ayush/Downloads/date-fruit-quality-ml/data/quality/grade/val/Grade-1/Aseel__Large__100.jpg,Aseel,grading,val,Aseel__Large__100__Grade-1,/Users/ayush/Downloads/date-fruit-quality-ml/data/processed/val/Aseel/grading__Aseel__Large__100__Grade-1.jpg
/Users/ayush/Downloads/date-fruit-quality-ml/data/quality/grade/val/Grade-2/Kupro__Large__60.jpg,Kupro,grading,val,Kupro__Large__60__Grade-2,/Users/ayush/Downloads/date-fruit-quality-ml/data/processed/val/Kupro/grading__Kupro__Large__60__Grade-2.jpg
/Users/ayush/Downloads/date-fruit-quality-ml/data/quality/grade/val/Grade-1/Fasli-Toto__Medium__114.jpg,Fasli Toto,grading,val,Fasli-Toto__Medium__114__Grade-1,/Users/ayush/Downloads/date-fruit-quality-ml/data/processed/val/Fasli Toto/grading__Fasli-Toto__Medium__114__Grade-1.jpg
/Users/ayush/Downloads/date-fruit-quality-ml/data/quality/grade/val/Grade-2/Kupro__Large__310.jpg,Kupro,grading,val,Kupro__Large__310__Grade-2,/Users/ayush/Downloads/date-fruit-quality-ml/data/processed/val/Kupro/grading__Kupro__Large__310__Grade-2.jpg
/Users/ayush/Downloads/date-fruit-quality-ml/data/quality/grade/val/Grade-3/Gajar__Medium__72.jpg,Gajar,grading,val,Gajar__Medium__72__Grade-3,/Users/ayush/Downloads/date-fruit-quality-ml/data/processed/val/Gajar/grading__Gajar__Medium__72__Grade-3.jpg
/Users/ayush/Downloads/date-fruit-quality-ml/data/quality/grade/val/Grade-1/Aseel__Small__28.jpg,Aseel,grading,val,Aseel__Small__28__Grade-1,/Users/ayush/Downloads/date-fruit-quality-ml/data/processed/val/Aseel/grading__Aseel__Small__28__Grade-1.jpg
/Users/ayush/Downloads/date-fruit-quality-ml/data/quality/grade/val/Grade-2/Gajar__Medium__50.jpg,Gajar,grading,val,Gajar__Medium__50__Grade-2,/Users/ayush/Downloads/date-fruit-quality-ml/data/processed/val/Gajar/grading__Gajar__Medium__50__Grade-2.jpg
/Users/ayush/Downloads/date-fruit-quality-ml/data/quality/grade/val/Grade-1/Fasli-Toto__Large__117.jpg,Fasli Toto,grading,val,Fasli-Toto__Large__117__Grade-1,/Users/ayush/Downloads/date-fruit-quality-ml/data/processed/val/Fasli Toto/grading__Fasli-Toto__Large__117__Grade-1.jpg
/Users/ayush/Downloads/date-fruit-quality-ml/data/quality/grade/val/Grade-1/Aseel__Medium__133.jpg,Aseel,grading,val,Aseel__Medium__133__Grade-1,/Users/ayush/Downloads/date-fruit-quality-ml/data/processed/val/Aseel/grading__Aseel__Medium__133__Grade-1.jpg
/Users/ayush/Downloads/date-fruit-quality-ml/data/quality/grade/val/Grade-2/Kupro__Large__107.jpg,Kupro,grading,val,Kupro__Large__107__Grade-2,/Users/ayush/Downloads/date-fruit-quality-ml/data/processed/val/Kupro/grading__Kupro__Large__107__Grade-2.jpg
/Users/ayush/Downloads/date-fruit-quality-ml/data/quality/grade/val/Grade-1/Aseel__Large__49.jpg,Aseel,grading,val,Aseel__Large__49__Grade-1,/Users/ayush/Downloads/date-fruit-quality-ml/data/processed/val/Aseel/grading__Aseel__Large__49__Grade-1.jpg
/Users/ayush/Downloads/date-fruit-quality-ml/data/quality/grade/val/Grade-2/Kupro__Large__342.jpg,Kupro,grading,val,Kupro__Large__342__Grade-2,/Users/ayush/Downloads/date-fruit-quality-ml/data/processed/val/Kupro/grading__Kupro__Large__342__Grade-2.jpg
/Users/ayush/Downloads/date-fruit-quality-ml/data/quality/grade/val/Grade-1/Aseel__Medium__166.jpg,Aseel,grading,val,Aseel__Medium__166__Grade-1,/Users/ayush/Downloads/date-fruit-quality-ml/data/processed/val/Aseel/grading__Aseel__Medium__166__Grade-1.jpg
/Users/ayush/Downloads/date-fruit-quality-ml/data/quality/grade/val/Grade-1/Fasli-Toto__Large__82.jpg,Fasli Toto,grading,val,Fasli-Toto__Large__82__Grade-1,/Users/ayush/Downloads/date-fruit-quality-ml/data/processed/val/Fasli Toto/grading__Fasli-Toto__Large__82__Grade-1.jpg
/Users/ayush/Downloads/date-fruit-quality-ml/data/quality/grade/val/Grade-1/Gajar__Medium__54.jpg,Gajar,grading,val,Gajar__Medium__54__Grade-1,/Users/ayush/Downloads/date-fruit-quality-ml/data/processed/val/Gajar/grading__Gajar__Medium__54__Grade-1.jpg
/Users/ayush/Downloads/date-fruit-quality-ml/data/quality/grade/val/Grade-1/Gajar__Medium__13.jpg,Gajar,grading,val,Gajar__Medium__13__Grade-1,/Users/ayush/Downloads/date-fruit-quality-ml/data/processed/val/Gajar/grading__Gajar__Medium__13__Grade-1.jpg
/Users/ayush/Downloads/date-fruit-quality-ml/data/quality/grade/val/Grade-3/Gajar__Large__41.jpg,Gajar,grading,val,Gajar__Large__41__Grade-3,/Users/ayush/Downloads/date-fruit-quality-ml/data/processed/val/Gajar/grading__Gajar__Large__41__Grade-3.jpg
/Users/ayush/Downloads/date-fruit-quality-ml/data/quality/grade/val/Grade-1/Fasli-Toto__Medium__67.jpg,Fasli Toto,grading,val,Fasli-Toto__Medium__67__Grade-1,/Users/ayush/Downloads/date-fruit-quality-ml/data/processed/val/Fasli Toto/grading__Fasli-Toto__Medium__67__Grade-1.jpg
/Users/ayush/Downloads/date-fruit-quality-ml/data/quality/grade/val/Grade-1/Gajar__Small__82.jpg,Gajar,grading,val,Gajar__Small__82__Grade-1,/Users/ayush/Downloads/date-fruit-quality-ml/data/processed/val/Gajar/grading__Gajar__Small__82__Grade-1.jpg
/Users/ayush/Downloads/date-fruit-quality-ml/data/quality/grade/val/Grade-3/Kupro__Large__105.jpg,Kupro,grading,val,Kupro__Large__105__Grade-3,/Users/ayush/Downloads/date-fruit-quality-ml/data/processed/val/Kupro/grading__Kupro__Large__105__Grade-3.jpg
/Users/ayush/Downloads/date-fruit-quality-ml/data/quality/grade/val/Grade-1/Fasli-Toto__Medium__70.jpg,Fasli Toto,grading,val,Fasli-Toto__Medium__70__Grade-1,/Users/ayush/Downloads/date-fruit-quality-ml/data/processed/val/Fasli Toto/grading__Fasli-Toto__Medium__70__Grade-1.jpg
/Users/ayush/Downloads/date-fruit-quality-ml/data/quality/grade/val/Grade-2/Gajar__Large__102.jpg,Gajar,grading,val,Gajar__Large__102__Grade-2,/Users/ayush/Downloads/date-fruit-quality-ml/data/processed/val/Gajar/grading__Gajar__Large__102__Grade-2.jpg
/Users/ayush/Downloads/date-fruit-quality-ml/data/quality/grade/val/Grade-1/Aseel__Large__76.jpg,Aseel,grading,val,Aseel__Large__76__Grade-1,/Users/ayush/Downloads/date-fruit-quality-ml/data/processed/val/Aseel/grading__Aseel__Large__76__Grade-1.jpg
/Users/ayush/Downloads/date-fruit-quality-ml/data/quality/grade/val/Grade-1/Aseel__Small__158.jpg,Aseel,grading,val,Aseel__Small__158__Grade-1,/Users/ayush/Downloads/date-fruit-quality-ml/data/processed/val/Aseel/grading__Aseel__Small__158__Grade-1.jpg
/Users/ayush/Downloads/date-fruit-quality-ml/data/quality/grade/val/Grade-1/Fasli-Toto__Small__5.jpg,Fasli Toto,grading,val,Fasli-Toto__Small__5__Grade-1,/Users/ayush/Downloads/date-fruit-quality-ml/data/processed/val/Fasli Toto/grading__Fasli-Toto__Small__5__Grade-1.jpg
/Users/ayush/Downloads/date-fruit-quality-ml/data/quality/grade/val/Grade-1/Fasli-Toto__Large__46.jpg,Fasli Toto,grading,val,Fasli-Toto__Large__46__Grade-1,/Users/ayush/Downloads/date-fruit-quality-ml/data/processed/val/Fasli Toto/grading__Fasli-Toto__Large__46__Grade-1.jpg
/Users/ayush/Downloads/date-fruit-quality-ml/data/quality/grade/val/Grade-3/Gajar__Large__73.jpg,Gajar,grading,val,Gajar__Large__73__Grade-3,/Users/ayush/Downloads/date-fruit-quality-ml/data/processed/val/Gajar/grading__Gajar__Large__73__Grade-3.jpg
/Users/ayush/Downloads/date-fruit-quality-ml/data/quality/grade/val/Grade-1/Aseel__Large__39.jpg,Aseel,grading,val,Aseel__Large__39__Grade-1,/Users/ayush/Downloads/date-fruit-quality-ml/data/processed/val/Aseel/grading__Aseel__Large__39__Grade-1.jpg
/Users/ayush/Downloads/date-fruit-quality-ml/data/quality/grade/val/Grade-1/Fasli-Toto__Small__51.jpg,Fasli Toto,grading,val,Fasli-Toto__Small__51__Grade-1,/Users/ayush/Downloads/date-fruit-quality-ml/data/processed/val/Fasli Toto/grading__Fasli-Toto__Small__51__Grade-1.jpg
/Users/ayush/Downloads/date-fruit-quality-ml/data/quality/grade/val/Grade-3/Gajar__Large__107.jpg,Gajar,grading,val,Gajar__Large__107__Grade-3,/Users/ayush/Downloads/date-fruit-quality-ml/data/processed/val/Gajar/grading__Gajar__Large__107__Grade-3.jpg
/Users/ayush/Downloads/date-fruit-quality-ml/data/quality/grade/val/Grade-1/Aseel__Large__152.jpg,Aseel,grading,val,Aseel__Large__152__Grade-1,/Users/ayush/Downloads/date-fruit-quality-ml/data/processed/val/Aseel/grading__Aseel__Large__152__Grade-1.jpg
/Users/ayush/Downloads/date-fruit-quality-ml/data/quality/grade/val/Grade-1/Aseel__Medium__100.jpg,Aseel,grading,val,Aseel__Medium__100__Grade-1,/Users/ayush/Downloads/date-fruit-quality-ml/data/processed/val/Aseel/grading__Aseel__Medium__100__Grade-1.jpg
/Users/ayush/Downloads/date-fruit-quality-ml/data/quality/grade/val/Grade-1/Aseel__Medium__51.jpg,Aseel,grading,val,Aseel__Medium__51__Grade-1,/Users/ayush/Downloads/date-fruit-quality-ml/data/processed/val/Aseel/grading__Aseel__Medium__51__Grade-1.jpg
/Users/ayush/Downloads/date-fruit-quality-ml/data/quality/grade/val/Grade-1/Aseel__Small__143.jpg,Aseel,grading,val,Aseel__Small__143__Grade-1,/Users/ayush/Downloads/date-fruit-quality-ml/data/processed/val/Aseel/grading__Aseel__Small__143__Grade-1.jpg
/Users/ayush/Downloads/date-fruit-quality-ml/data/quality/grade/val/Grade-1/Fasli-Toto__Large__81.jpg,Fasli Toto,grading,val,Fasli-Toto__Large__81__Grade-1,/Users/ayush/Downloads/date-fruit-quality-ml/data/processed/val/Fasli Toto/grading__Fasli-Toto__Large__81__Grade-1.jpg
/Users/ayush/Downloads/date-fruit-quality-ml/data/quality/grade/val/Grade-2/Kupro__Large__349.jpg,Kupro,grading,val,Kupro__Large__349__Grade-2,/Users/ayush/Downloads/date-fruit-quality-ml/data/processed/val/Kupro/grading__Kupro__Large__349__Grade-2.jpg
/Users/ayush/Downloads/date-fruit-quality-ml/data/quality/grade/val/Grade-1/Kupro__Large__305.jpg,Kupro,grading,val,Kupro__Large__305__Grade-1,/Users/ayush/Downloads/date-fruit-quality-ml/data/processed/val/Kupro/grading__Kupro__Large__305__Grade-1.jpg
/Users/ayush/Downloads/date-fruit-quality-ml/data/quality/grade/val/Grade-1/Fasli-Toto__Large__142.jpg,Fasli Toto,grading,val,Fasli-Toto__Large__142__Grade-1,/Users/ayush/Downloads/date-fruit-quality-ml/data/processed/val/Fasli Toto/grading__Fasli-Toto__Large__142__Grade-1.jpg
/Users/ayush/Downloads/date-fruit-quality-ml/data/quality/grade/val/Grade-1/Gajar__Large__128.jpg,Gajar,grading,val,Gajar__Large__128__Grade-1,/Users/ayush/Downloads/date-fruit-quality-ml/data/processed/val/Gajar/grading__Gajar__Large__128__Grade-1.jpg
/Users/ayush/Downloads/date-fruit-quality-ml/data/quality/grade/val/Grade-2/Kupro__Large__11.jpg,Kupro,grading,val,Kupro__Large__11__Grade-2,/Users/ayush/Downloads/date-fruit-quality-ml/data/processed/val/Kupro/grading__Kupro__Large__11__Grade-2.jpg
/Users/ayush/Downloads/date-fruit-quality-ml/data/quality/grade/val/Grade-1/Fasli-Toto__Medium__2.jpg,Fasli Toto,grading,val,Fasli-Toto__Medium__2__Grade-1,/Users/ayush/Downloads/date-fruit-quality-ml/data/processed/val/Fasli Toto/grading__Fasli-Toto__Medium__2__Grade-1.jpg
/Users/ayush/Downloads/date-fruit-quality-ml/data/quality/grade/val/Grade-1/Aseel__Small__114.jpg,Aseel,grading,val,Aseel__Small__114__Grade-1,/Users/ayush/Downloads/date-fruit-quality-ml/data/processed/val/Aseel/grading__Aseel__Small__114__Grade-1.jpg
/Users/ayush/Downloads/date-fruit-quality-ml/data/quality/grade/val/Grade-1/Aseel__Small__105.jpg,Aseel,grading,val,Aseel__Small__105__Grade-1,/Users/ayush/Downloads/date-fruit-quality-ml/data/processed/val/Aseel/grading__Aseel__Small__105__Grade-1.jpg
/Users/ayush/Downloads/date-fruit-quality-ml/data/quality/grade/val/Grade-2/Gajar__Small__24.jpg,Gajar,grading,val,Gajar__Small__24__Grade-2,/Users/ayush/Downloads/date-fruit-quality-ml/data/processed/val/Gajar/grading__Gajar__Small__24__Grade-2.jpg
/Users/ayush/Downloads/date-fruit-quality-ml/data/quality/grade/val/Grade-1/Gajar__Medium__38.jpg,Gajar,grading,val,Gajar__Medium__38__Grade-1,/Users/ayush/Downloads/date-fruit-quality-ml/data/processed/val/Gajar/grading__Gajar__Medium__38__Grade-1.jpg
/Users/ayush/Downloads/date-fruit-quality-ml/data/quality/grade/val/Grade-1/Fasli-Toto__Medium__19.jpg,Fasli Toto,grading,val,Fasli-Toto__Medium__19__Grade-1,/Users/ayush/Downloads/date-fruit-quality-ml/data/processed/val/Fasli Toto/grading__Fasli-Toto__Medium__19__Grade-1.jpg
/Users/ayush/Downloads/date-fruit-quality-ml/data/quality/grade/val/Grade-3/Kupro__Large__19.jpg,Kupro,grading,val,Kupro__Large__19__Grade-3,/Users/ayush/Downloads/date-fruit-quality-ml/data/processed/val/Kupro/grading__Kupro__Large__19__Grade-3.jpg
/Users/ayush/Downloads/date-fruit-quality-ml/data/quality/grade/val/Grade-1/Aseel__Medium__161.jpg,Aseel,grading,val,Aseel__Medium__161__Grade-1,/Users/ayush/Downloads/date-fruit-quality-ml/data/processed/val/Aseel/grading__Aseel__Medium__161__Grade-1.jpg
/Users/ayush/Downloads/date-fruit-quality-ml/data/quality/grade/val/Grade-1/Aseel__Small__111.jpg,Aseel,grading,val,Aseel__Small__111__Grade-1,/Users/ayush/Downloads/date-fruit-quality-ml/data/processed/val/Aseel/grading__Aseel__Small__111__Grade-1.jpg
/Users/ayush/Downloads/date-fruit-quality-ml/data/quality/grade/val/Grade-1/Fasli-Toto__Small__72.jpg,Fasli Toto,grading,val,Fasli-Toto__Small__72__Grade-1,/Users/ayush/Downloads/date-fruit-quality-ml/data/processed/val/Fasli Toto/grading__Fasli-Toto__Small__72__Grade-1.jpg
/Users/ayush/Downloads/date-fruit-quality-ml/data/quality/grade/val/Grade-1/Fasli-Toto__Large__41.jpg,Fasli Toto,grading,val,Fasli-Toto__Large__41__Grade-1,/Users/ayush/Downloads/date-fruit-quality-ml/data/processed/val/Fasli Toto/grading__Fasli-Toto__Large__41__Grade-1.jpg
/Users/ayush/Downloads/date-fruit-quality-ml/data/quality/grade/val/Grade-1/Fasli-Toto__Small__38.jpg,Fasli Toto,grading,val,Fasli-Toto__Small__38__Grade-1,/Users/ayush/Downloads/date-fruit-quality-ml/data/processed/val/Fasli Toto/grading__Fasli-Toto__Small__38__Grade-1.jpg
/Users/ayush/Downloads/date-fruit-quality-ml/data/quality/grade/val/Grade-1/Aseel__Small__3.jpg,Aseel,grading,val,Aseel__Small__3__Grade-1,/Users/ayush/Downloads/date-fruit-quality-ml/data/processed/val/Aseel/grading__Aseel__Small__3__Grade-1.jpg
/Users/ayush/Downloads/date-fruit-quality-ml/data/quality/grade/val/Grade-1/Aseel__Medium__10.jpg,Aseel,grading,val,Aseel__Medium__10__Grade-1,/Users/ayush/Downloads/date-fruit-quality-ml/data/processed/val/Aseel/grading__Aseel__Medium__10__Grade-1.jpg
/Users/ayush/Downloads/date-fruit-quality-ml/data/quality/grade/val/Grade-1/Fasli-Toto__Medium__13.jpg,Fasli Toto,grading,val,Fasli-Toto__Medium__13__Grade-1,/Users/ayush/Downloads/date-fruit-quality-ml/data/processed/val/Fasli Toto/grading__Fasli-Toto__Medium__13__Grade-1.jpg
/Users/ayush/Downloads/date-fruit-quality-ml/data/quality/grade/val/Grade-1/Fasli-Toto__Medium__112.jpg,Fasli Toto,grading,val,Fasli-Toto__Medium__112__Grade-1,/Users/ayush/Downloads/date-fruit-quality-ml/data/processed/val/Fasli Toto/grading__Fasli-Toto__Medium__112__Grade-1.jpg
/Users/ayush/Downloads/date-fruit-quality-ml/data/quality/grade/val/Grade-1/Gajar__Medium__164.jpg,Gajar,grading,val,Gajar__Medium__164__Grade-1,/Users/ayush/Downloads/date-fruit-quality-ml/data/processed/val/Gajar/grading__Gajar__Medium__164__Grade-1.jpg
/Users/ayush/Downloads/date-fruit-quality-ml/data/quality/grade/val/Grade-1/Kupro__Large__122.jpg,Kupro,grading,val,Kupro__Large__122__Grade-1,/Users/ayush/Downloads/date-fruit-quality-ml/data/processed/val/Kupro/grading__Kupro__Large__122__Grade-1.jpg
/Users/ayush/Downloads/date-fruit-quality-ml/data/quality/grade/val/Grade-1/Fasli-Toto__Medium__121.jpg,Fasli Toto,grading,val,Fasli-Toto__Medium__121__Grade-1,/Users/ayush/Downloads/date-fruit-quality-ml/data/processed/val/Fasli Toto/grading__Fasli-Toto__Medium__121__Grade-1.jpg
/Users/ayush/Downloads/date-fruit-quality-ml/data/quality/grade/val/Grade-1/Aseel__Medium__138.jpg,Aseel,grading,val,Aseel__Medium__138__Grade-1,/Users/ayush/Downloads/date-fruit-quality-ml/data/processed/val/Aseel/grading__Aseel__Medium__138__Grade-1.jpg
/Users/ayush/Downloads/date-fruit-quality-ml/data/quality/grade/val/Grade-1/Gajar__Medium__69.jpg,Gajar,grading,val,Gajar__Medium__69__Grade-1,/Users/ayush/Downloads/date-fruit-quality-ml/data/processed/val/Gajar/grading__Gajar__Medium__69__Grade-1.jpg
/Users/ayush/Downloads/date-fruit-quality-ml/data/quality/grade/val/Grade-2/Gajar__Small__54.jpg,Gajar,grading,val,Gajar__Small__54__Grade-2,/Users/ayush/Downloads/date-fruit-quality-ml/data/processed/val/Gajar/grading__Gajar__Small__54__Grade-2.jpg
/Users/ayush/Downloads/date-fruit-quality-ml/data/quality/grade/val/Grade-1/Aseel__Small__155.jpg,Aseel,grading,val,Aseel__Small__155__Grade-1,/Users/ayush/Downloads/date-fruit-quality-ml/data/processed/val/Aseel/grading__Aseel__Small__155__Grade-1.jpg
/Users/ayush/Downloads/date-fruit-quality-ml/data/quality/grade/val/Grade-1/Aseel__Large__51.jpg,Aseel,grading,val,Aseel__Large__51__Grade-1,/Users/ayush/Downloads/date-fruit-quality-ml/data/processed/val/Aseel/grading__Aseel__Large__51__Grade-1.jpg
/Users/ayush/Downloads/date-fruit-quality-ml/data/quality/grade/val/Grade-1/Kupro__Large__315.jpg,Kupro,grading,val,Kupro__Large__315__Grade-1,/Users/ayush/Downloads/date-fruit-quality-ml/data/processed/val/Kupro/grading__Kupro__Large__315__Grade-1.jpg
/Users/ayush/Downloads/date-fruit-quality-ml/data/quality/grade/val/Grade-1/Fasli-Toto__Medium__142.jpg,Fasli Toto,grading,val,Fasli-Toto__Medium__142__Grade-1,/Users/ayush/Downloads/date-fruit-quality-ml/data/processed/val/Fasli Toto/grading__Fasli-Toto__Medium__142__Grade-1.jpg
/Users/ayush/Downloads/date-fruit-quality-ml/data/quality/grade/val/Grade-1/Kupro__Large__136.jpg,Kupro,grading,val,Kupro__Large__136__Grade-1,/Users/ayush/Downloads/date-fruit-quality-ml/data/processed/val/Kupro/grading__Kupro__Large__136__Grade-1.jpg
/Users/ayush/Downloads/date-fruit-quality-ml/data/quality/grade/val/Grade-1/Fasli-Toto__Small__29.jpg,Fasli Toto,grading,val,Fasli-Toto__Small__29__Grade-1,/Users/ayush/Downloads/date-fruit-quality-ml/data/processed/val/Fasli Toto/grading__Fasli-Toto__Small__29__Grade-1.jpg
/Users/ayush/Downloads/date-fruit-quality-ml/data/quality/grade/val/Grade-3/Gajar__Small__119.jpg,Gajar,grading,val,Gajar__Small__119__Grade-3,/Users/ayush/Downloads/date-fruit-quality-ml/data/processed/val/Gajar/grading__Gajar__Small__119__Grade-3.jpg
/Users/ayush/Downloads/date-fruit-quality-ml/data/quality/grade/val/Grade-1/Gajar__Medium__22.jpg,Gajar,grading,val,Gajar__Medium__22__Grade-1,/Users/ayush/Downloads/date-fruit-quality-ml/data/processed/val/Gajar/grading__Gajar__Medium__22__Grade-1.jpg
/Users/ayush/Downloads/date-fruit-quality-ml/data/quality/grade/val/Grade-1/Kupro__Large__242.jpg,Kupro,grading,val,Kupro__Large__242__Grade-1,/Users/ayush/Downloads/date-fruit-quality-ml/data/processed/val/Kupro/grading__Kupro__Large__242__Grade-1.jpg
/Users/ayush/Downloads/date-fruit-quality-ml/data/quality/grade/val/Grade-2/Gajar__Small__56.jpg,Gajar,grading,val,Gajar__Small__56__Grade-2,/Users/ayush/Downloads/date-fruit-quality-ml/data/processed/val/Gajar/grading__Gajar__Small__56__Grade-2.jpg
/Users/ayush/Downloads/date-fruit-quality-ml/data/quality/grade/val/Grade-3/Kupro__Large__3.jpg,Kupro,grading,val,Kupro__Large__3__Grade-3,/Users/ayush/Downloads/date-fruit-quality-ml/data/processed/val/Kupro/grading__Kupro__Large__3__Grade-3.jpg
/Users/ayush/Downloads/date-fruit-quality-ml/data/quality/grade/val/Grade-1/Gajar__Large__117.jpg,Gajar,grading,val,Gajar__Large__117__Grade-1,/Users/ayush/Downloads/date-fruit-quality-ml/data/processed/val/Gajar/grading__Gajar__Large__117__Grade-1.jpg
/Users/ayush/Downloads/date-fruit-quality-ml/data/quality/grade/val/Grade-3/Gajar__Small__1.jpg,Gajar,grading,val,Gajar__Small__1__Grade-3,/Users/ayush/Downloads/date-fruit-quality-ml/data/processed/val/Gajar/grading__Gajar__Small__1__Grade-3.jpg
/Users/ayush/Downloads/date-fruit-quality-ml/data/quality/grade/val/Grade-3/Kupro__Large__29.jpg,Kupro,grading,val,Kupro__Large__29__Grade-3,/Users/ayush/Downloads/date-fruit-quality-ml/data/processed/val/Kupro/grading__Kupro__Large__29__Grade-3.jpg
/Users/ayush/Downloads/date-fruit-quality-ml/data/quality/grade/val/Grade-1/Aseel__Medium__62.jpg,Aseel,grading,val,Aseel__Medium__62__Grade-1,/Users/ayush/Downloads/date-fruit-quality-ml/data/processed/val/Aseel/grading__Aseel__Medium__62__Grade-1.jpg
/Users/ayush/Downloads/date-fruit-quality-ml/data/quality/grade/val/Grade-1/Kupro__Large__321.jpg,Kupro,grading,val,Kupro__Large__321__Grade-1,/Users/ayush/Downloads/date-fruit-quality-ml/data/processed/val/Kupro/grading__Kupro__Large__321__Grade-1.jpg
/Users/ayush/Downloads/date-fruit-quality-ml/data/quality/grade/val/Grade-1/Gajar__Large__26.jpg,Gajar,grading,val,Gajar__Large__26__Grade-1,/Users/ayush/Downloads/date-fruit-quality-ml/data/processed/val/Gajar/grading__Gajar__Large__26__Grade-1.jpg
/Users/ayush/Downloads/date-fruit-quality-ml/data/quality/grade/val/Grade-1/Fasli-Toto__Medium__108.jpg,Fasli Toto,grading,val,Fasli-Toto__Medium__108__Grade-1,/Users/ayush/Downloads/date-fruit-quality-ml/data/processed/val/Fasli Toto/grading__Fasli-Toto__Medium__108__Grade-1.jpg
/Users/ayush/Downloads/date-fruit-quality-ml/data/quality/grade/val/Grade-1/Fasli-Toto__Small__60.jpg,Fasli Toto,grading,val,Fasli-Toto__Small__60__Grade-1,/Users/ayush/Downloads/date-fruit-quality-ml/data/processed/val/Fasli Toto/grading__Fasli-Toto__Small__60__Grade-1.jpg
/Users/ayush/Downloads/date-fruit-quality-ml/data/quality/grade/val/Grade-1/Fasli-Toto__Large__62.jpg,Fasli Toto,grading,val,Fasli-Toto__Large__62__Grade-1,/Users/ayush/Downloads/date-fruit-quality-ml/data/processed/val/Fasli Toto/grading__Fasli-Toto__Large__62__Grade-1.jpg
/Users/ayush/Downloads/date-fruit-quality-ml/data/quality/grade/val/Grade-1/Aseel__Large__114.jpg,Aseel,grading,val,Aseel__Large__114__Grade-1,/Users/ayush/Downloads/date-fruit-quality-ml/data/processed/val/Aseel/grading__Aseel__Large__114__Grade-1.jpg
/Users/ayush/Downloads/date-fruit-quality-ml/data/quality/grade/val/Grade-2/Gajar__Small__117.jpg,Gajar,grading,val,Gajar__Small__117__Grade-2,/Users/ayush/Downloads/date-fruit-quality-ml/data/processed/val/Gajar/grading__Gajar__Small__117__Grade-2.jpg
/Users/ayush/Downloads/date-fruit-quality-ml/data/quality/grade/val/Grade-3/Gajar__Small__126.jpg,Gajar,grading,val,Gajar__Small__126__Grade-3,/Users/ayush/Downloads/date-fruit-quality-ml/data/processed/val/Gajar/grading__Gajar__Small__126__Grade-3.jpg
/Users/ayush/Downloads/date-fruit-quality-ml/data/quality/grade/val/Grade-1/Gajar__Small__66.jpg,Gajar,grading,val,Gajar__Small__66__Grade-1,/Users/ayush/Downloads/date-fruit-quality-ml/data/processed/val/Gajar/grading__Gajar__Small__66__Grade-1.jpg
/Users/ayush/Downloads/date-fruit-quality-ml/data/quality/grade/val/Grade-1/Kupro__Large__127.jpg,Kupro,grading,val,Kupro__Large__127__Grade-1,/Users/ayush/Downloads/date-fruit-quality-ml/data/processed/val/Kupro/grading__Kupro__Large__127__Grade-1.jpg
/Users/ayush/Downloads/date-fruit-quality-ml/data/quality/grade/val/Grade-2/Kupro__Large__205.jpg,Kupro,grading,val,Kupro__Large__205__Grade-2,/Users/ayush/Downloads/date-fruit-quality-ml/data/processed/val/Kupro/grading__Kupro__Large__205__Grade-2.jpg
/Users/ayush/Downloads/date-fruit-quality-ml/data/quality/grade/val/Grade-1/Fasli-Toto__Small__64.jpg,Fasli Toto,grading,val,Fasli-Toto__Small__64__Grade-1,/Users/ayush/Downloads/date-fruit-quality-ml/data/processed/val/Fasli Toto/grading__Fasli-Toto__Small__64__Grade-1.jpg
/Users/ayush/Downloads/date-fruit-quality-ml/data/quality/grade/val/Grade-1/Gajar__Large__71.jpg,Gajar,grading,val,Gajar__Large__71__Grade-1,/Users/ayush/Downloads/date-fruit-quality-ml/data/processed/val/Gajar/grading__Gajar__Large__71__Grade-1.jpg
/Users/ayush/Downloads/date-fruit-quality-ml/data/quality/grade/val/Grade-1/Fasli-Toto__Large__40.jpg,Fasli Toto,grading,val,Fasli-Toto__Large__40__Grade-1,/Users/ayush/Downloads/date-fruit-quality-ml/data/processed/val/Fasli Toto/grading__Fasli-Toto__Large__40__Grade-1.jpg
/Users/ayush/Downloads/date-fruit-quality-ml/data/quality/grade/val/Grade-1/Aseel__Medium__3.jpg,Aseel,grading,val,Aseel__Medium__3__Grade-1,/Users/ayush/Downloads/date-fruit-quality-ml/data/processed/val/Aseel/grading__Aseel__Medium__3__Grade-1.jpg
/Users/ayush/Downloads/date-fruit-quality-ml/data/quality/grade/val/Grade-1/Fasli-Toto__Small__47.jpg,Fasli Toto,grading,val,Fasli-Toto__Small__47__Grade-1,/Users/ayush/Downloads/date-fruit-quality-ml/data/processed/val/Fasli Toto/grading__Fasli-Toto__Small__47__Grade-1.jpg
/Users/ayush/Downloads/date-fruit-quality-ml/data/quality/grade/val/Grade-3/Kupro__Large__115.jpg,Kupro,grading,val,Kupro__Large__115__Grade-3,/Users/ayush/Downloads/date-fruit-quality-ml/data/processed/val/Kupro/grading__Kupro__Large__115__Grade-3.jpg
/Users/ayush/Downloads/date-fruit-quality-ml/data/quality/grade/val/Grade-2/Gajar__Large__109.jpg,Gajar,grading,val,Gajar__Large__109__Grade-2,/Users/ayush/Downloads/date-fruit-quality-ml/data/processed/val/Gajar/grading__Gajar__Large__109__Grade-2.jpg
/Users/ayush/Downloads/date-fruit-quality-ml/data/quality/grade/val/Grade-1/Aseel__Medium__56.jpg,Aseel,grading,val,Aseel__Medium__56__Grade-1,/Users/ayush/Downloads/date-fruit-quality-ml/data/processed/val/Aseel/grading__Aseel__Medium__56__Grade-1.jpg
/Users/ayush/Downloads/date-fruit-quality-ml/data/quality/grade/val/Grade-1/Aseel__Small__81.jpg,Aseel,grading,val,Aseel__Small__81__Grade-1,/Users/ayush/Downloads/date-fruit-quality-ml/data/processed/val/Aseel/grading__Aseel__Small__81__Grade-1.jpg
/Users/ayush/Downloads/date-fruit-quality-ml/data/quality/grade/val/Grade-1/Fasli-Toto__Large__93.jpg,Fasli Toto,grading,val,Fasli-Toto__Large__93__Grade-1,/Users/ayush/Downloads/date-fruit-quality-ml/data/processed/val/Fasli Toto/grading__Fasli-Toto__Large__93__Grade-1.jpg
/Users/ayush/Downloads/date-fruit-quality-ml/data/quality/grade/val/Grade-1/Aseel__Small__113.jpg,Aseel,grading,val,Aseel__Small__113__Grade-1,/Users/ayush/Downloads/date-fruit-quality-ml/data/processed/val/Aseel/grading__Aseel__Small__113__Grade-1.jpg
/Users/ayush/Downloads/date-fruit-quality-ml/data/quality/grade/val/Grade-1/Gajar__Medium__197.jpg,Gajar,grading,val,Gajar__Medium__197__Grade-1,/Users/ayush/Downloads/date-fruit-quality-ml/data/processed/val/Gajar/grading__Gajar__Medium__197__Grade-1.jpg
/Users/ayush/Downloads/date-fruit-quality-ml/data/quality/grade/val/Grade-1/Gajar__Large__78.jpg,Gajar,grading,val,Gajar__Large__78__Grade-1,/Users/ayush/Downloads/date-fruit-quality-ml/data/processed/val/Gajar/grading__Gajar__Large__78__Grade-1.jpg
/Users/ayush/Downloads/date-fruit-quality-ml/data/quality/grade/val/Grade-3/Gajar__Small__172.jpg,Gajar,grading,val,Gajar__Small__172__Grade-3,/Users/ayush/Downloads/date-fruit-quality-ml/data/processed/val/Gajar/grading__Gajar__Small__172__Grade-3.jpg
/Users/ayush/Downloads/date-fruit-quality-ml/data/quality/grade/val/Grade-1/Gajar__Small__87.jpg,Gajar,grading,val,Gajar__Small__87__Grade-1,/Users/ayush/Downloads/date-fruit-quality-ml/data/processed/val/Gajar/grading__Gajar__Small__87__Grade-1.jpg
/Users/ayush/Downloads/date-fruit-quality-ml/data/quality/grade/val/Grade-1/Gajar__Large__61.jpg,Gajar,grading,val,Gajar__Large__61__Grade-1,/Users/ayush/Downloads/date-fruit-quality-ml/data/processed/val/Gajar/grading__Gajar__Large__61__Grade-1.jpg
/Users/ayush/Downloads/date-fruit-quality-ml/data/quality/grade/val/Grade-2/Gajar__Medium__27.jpg,Gajar,grading,val,Gajar__Medium__27__Grade-2,/Users/ayush/Downloads/date-fruit-quality-ml/data/processed/val/Gajar/grading__Gajar__Medium__27__Grade-2.jpg
/Users/ayush/Downloads/date-fruit-quality-ml/data/quality/grade/val/Grade-1/Kupro__Large__23.jpg,Kupro,grading,val,Kupro__Large__23__Grade-1,/Users/ayush/Downloads/date-fruit-quality-ml/data/processed/val/Kupro/grading__Kupro__Large__23__Grade-1.jpg
/Users/ayush/Downloads/date-fruit-quality-ml/data/quality/grade/val/Grade-1/Aseel__Medium__33.jpg,Aseel,grading,val,Aseel__Medium__33__Grade-1,/Users/ayush/Downloads/date-fruit-quality-ml/data/processed/val/Aseel/grading__Aseel__Medium__33__Grade-1.jpg
/Users/ayush/Downloads/date-fruit-quality-ml/data/quality/grade/val/Grade-3/Kupro__Large__53.jpg,Kupro,grading,val,Kupro__Large__53__Grade-3,/Users/ayush/Downloads/date-fruit-quality-ml/data/processed/val/Kupro/grading__Kupro__Large__53__Grade-3.jpg
/Users/ayush/Downloads/date-fruit-quality-ml/data/quality/grade/val/Grade-1/Fasli-Toto__Medium__110.jpg,Fasli Toto,grading,val,Fasli-Toto__Medium__110__Grade-1,/Users/ayush/Downloads/date-fruit-quality-ml/data/processed/val/Fasli Toto/grading__Fasli-Toto__Medium__110__Grade-1.jpg
/Users/ayush/Downloads/date-fruit-quality-ml/data/quality/grade/val/Grade-2/Gajar__Medium__16.jpg,Gajar,grading,val,Gajar__Medium__16__Grade-2,/Users/ayush/Downloads/date-fruit-quality-ml/data/processed/val/Gajar/grading__Gajar__Medium__16__Grade-2.jpg
/Users/ayush/Downloads/date-fruit-quality-ml/data/quality/grade/val/Grade-1/Fasli-Toto__Small__28.jpg,Fasli Toto,grading,val,Fasli-Toto__Small__28__Grade-1,/Users/ayush/Downloads/date-fruit-quality-ml/data/processed/val/Fasli Toto/grading__Fasli-Toto__Small__28__Grade-1.jpg
/Users/ayush/Downloads/date-fruit-quality-ml/data/quality/grade/val/Grade-1/Fasli-Toto__Large__109.jpg,Fasli Toto,grading,val,Fasli-Toto__Large__109__Grade-1,/Users/ayush/Downloads/date-fruit-quality-ml/data/processed/val/Fasli Toto/grading__Fasli-Toto__Large__109__Grade-1.jpg
/Users/ayush/Downloads/date-fruit-quality-ml/data/quality/grade/test/Grade-1/Fasli-Toto__Medium__107.jpg,Fasli Toto,grading,test,Fasli-Toto__Medium__107__Grade-1,/Users/ayush/Downloads/date-fruit-quality-ml/data/processed/test/Fasli Toto/grading__Fasli-Toto__Medium__107__Grade-1.jpg
/Users/ayush/Downloads/date-fruit-quality-ml/data/quality/grade/test/Grade-3/Kupro__Large__16.jpg,Kupro,grading,test,Kupro__Large__16__Grade-3,/Users/ayush/Downloads/date-fruit-quality-ml/data/processed/test/Kupro/grading__Kupro__Large__16__Grade-3.jpg
/Users/ayush/Downloads/date-fruit-quality-ml/data/quality/grade/test/Grade-2/Kupro__Large__370.jpg,Kupro,grading,test,Kupro__Large__370__Grade-2,/Users/ayush/Downloads/date-fruit-quality-ml/data/processed/test/Kupro/grading__Kupro__Large__370__Grade-2.jpg
/Users/ayush/Downloads/date-fruit-quality-ml/data/quality/grade/test/Grade-1/Gajar__Small__35.jpg,Gajar,grading,test,Gajar__Small__35__Grade-1,/Users/ayush/Downloads/date-fruit-quality-ml/data/processed/test/Gajar/grading__Gajar__Small__35__Grade-1.jpg
/Users/ayush/Downloads/date-fruit-quality-ml/data/quality/grade/test/Grade-1/Gajar__Small__39.jpg,Gajar,grading,test,Gajar__Small__39__Grade-1,/Users/ayush/Downloads/date-fruit-quality-ml/data/processed/test/Gajar/grading__Gajar__Small__39__Grade-1.jpg
/Users/ayush/Downloads/date-fruit-quality-ml/data/quality/grade/test/Grade-3/Gajar__Small__163.jpg,Gajar,grading,test,Gajar__Small__163__Grade-3,/Users/ayush/Downloads/date-fruit-quality-ml/data/processed/test/Gajar/grading__Gajar__Small__163__Grade-3.jpg
/Users/ayush/Downloads/date-fruit-quality-ml/data/quality/grade/test/Grade-1/Kupro__Large__243.jpg,Kupro,grading,test,Kupro__Large__243__Grade-1,/Users/ayush/Downloads/date-fruit-quality-ml/data/processed/test/Kupro/grading__Kupro__Large__243__Grade-1.jpg
/Users/ayush/Downloads/date-fruit-quality-ml/data/quality/grade/test/Grade-1/Gajar__Large__132.jpg,Gajar,grading,test,Gajar__Large__132__Grade-1,/Users/ayush/Downloads/date-fruit-quality-ml/data/processed/test/Gajar/grading__Gajar__Large__132__Grade-1.jpg
/Users/ayush/Downloads/date-fruit-quality-ml/data/quality/grade/test/Grade-1/Fasli-Toto__Large__47.jpg,Fasli Toto,grading,test,Fasli-Toto__Large__47__Grade-1,/Users/ayush/Downloads/date-fruit-quality-ml/data/processed/test/Fasli Toto/grading__Fasli-Toto__Large__47__Grade-1.jpg
/Users/ayush/Downloads/date-fruit-quality-ml/data/quality/grade/test/Grade-1/Gajar__Medium__90.jpg,Gajar,grading,test,Gajar__Medium__90__Grade-1,/Users/ayush/Downloads/date-fruit-quality-ml/data/processed/test/Gajar/grading__Gajar__Medium__90__Grade-1.jpg
/Users/ayush/Downloads/date-fruit-quality-ml/data/quality/grade/test/Grade-1/Aseel__Medium__123.jpg,Aseel,grading,test,Aseel__Medium__123__Grade-1,/Users/ayush/Downloads/date-fruit-quality-ml/data/processed/test/Aseel/grading__Aseel__Medium__123__Grade-1.jpg
/Users/ayush/Downloads/date-fruit-quality-ml/data/quality/grade/test/Grade-1/Fasli-Toto__Medium__14.jpg,Fasli Toto,grading,test,Fasli-Toto__Medium__14__Grade-1,/Users/ayush/Downloads/date-fruit-quality-ml/data/processed/test/Fasli Toto/grading__Fasli-Toto__Medium__14__Grade-1.jpg
/Users/ayush/Downloads/date-fruit-quality-ml/data/quality/grade/test/Grade-1/Gajar__Small__111.jpg,Gajar,grading,test,Gajar__Small__111__Grade-1,/Users/ayush/Downloads/date-fruit-quality-ml/data/processed/test/Gajar/grading__Gajar__Small__111__Grade-1.jpg
/Users/ayush/Downloads/date-fruit-quality-ml/data/quality/grade/test/Grade-3/Gajar__Small__22.jpg,Gajar,grading,test,Gajar__Small__22__Grade-3,/Users/ayush/Downloads/date-fruit-quality-ml/data/processed/test/Gajar/grading__Gajar__Small__22__Grade-3.jpg
/Users/ayush/Downloads/date-fruit-quality-ml/data/quality/grade/test/Grade-1/Fasli-Toto__Small__33.jpg,Fasli Toto,grading,test,Fasli-Toto__Small__33__Grade-1,/Users/ayush/Downloads/date-fruit-quality-ml/data/processed/test/Fasli Toto/grading__Fasli-Toto__Small__33__Grade-1.jpg
/Users/ayush/Downloads/date-fruit-quality-ml/data/quality/grade/test/Grade-3/Gajar__Large__88.jpg,Gajar,grading,test,Gajar__Large__88__Grade-3,/Users/ayush/Downloads/date-fruit-quality-ml/data/processed/test/Gajar/grading__Gajar__Large__88__Grade-3.jpg
/Users/ayush/Downloads/date-fruit-quality-ml/data/quality/grade/test/Grade-1/Kupro__Large__233.jpg,Kupro,grading,test,Kupro__Large__233__Grade-1,/Users/ayush/Downloads/date-fruit-quality-ml/data/processed/test/Kupro/grading__Kupro__Large__233__Grade-1.jpg
/Users/ayush/Downloads/date-fruit-quality-ml/data/quality/grade/test/Grade-1/Aseel__Large__132.jpg,Aseel,grading,test,Aseel__Large__132__Grade-1,/Users/ayush/Downloads/date-fruit-quality-ml/data/processed/test/Aseel/grading__Aseel__Large__132__Grade-1.jpg
/Users/ayush/Downloads/date-fruit-quality-ml/data/quality/grade/test/Grade-1/Aseel__Medium__54.jpg,Aseel,grading,test,Aseel__Medium__54__Grade-1,/Users/ayush/Downloads/date-fruit-quality-ml/data/processed/test/Aseel/grading__Aseel__Medium__54__Grade-1.jpg
/Users/ayush/Downloads/date-fruit-quality-ml/data/quality/grade/test/Grade-1/Aseel__Small__22.jpg,Aseel,grading,test,Aseel__Small__22__Grade-1,/Users/ayush/Downloads/date-fruit-quality-ml/data/processed/test/Aseel/grading__Aseel__Small__22__Grade-1.jpg
/Users/ayush/Downloads/date-fruit-quality-ml/data/quality/grade/test/Grade-1/Aseel__Large__144.jpg,Aseel,grading,test,Aseel__Large__144__Grade-1,/Users/ayush/Downloads/date-fruit-quality-ml/data/processed/test/Aseel/grading__Aseel__Large__144__Grade-1.jpg
/Users/ayush/Downloads/date-fruit-quality-ml/data/quality/grade/test/Grade-1/Fasli-Toto__Medium__9.jpg,Fasli Toto,grading,test,Fasli-Toto__Medium__9__Grade-1,/Users/ayush/Downloads/date-fruit-quality-ml/data/processed/test/Fasli Toto/grading__Fasli-Toto__Medium__9__Grade-1.jpg
/Users/ayush/Downloads/date-fruit-quality-ml/data/quality/grade/test/Grade-1/Gajar__Small__91.jpg,Gajar,grading,test,Gajar__Small__91__Grade-1,/Users/ayush/Downloads/date-fruit-quality-ml/data/processed/test/Gajar/grading__Gajar__Small__91__Grade-1.jpg
/Users/ayush/Downloads/date-fruit-quality-ml/data/quality/grade/test/Grade-3/Kupro__Large__33.jpg,Kupro,grading,test,Kupro__Large__33__Grade-3,/Users/ayush/Downloads/date-fruit-quality-ml/data/processed/test/Kupro/grading__Kupro__Large__33__Grade-3.jpg
/Users/ayush/Downloads/date-fruit-quality-ml/data/quality/grade/test/Grade-1/Fasli-Toto__Large__148.jpg,Fasli Toto,grading,test,Fasli-Toto__Large__148__Grade-1,/Users/ayush/Downloads/date-fruit-quality-ml/data/processed/test/Fasli Toto/grading__Fasli-Toto__Large__148__Grade-1.jpg
/Users/ayush/Downloads/date-fruit-quality-ml/data/quality/grade/test/Grade-2/Kupro__Large__308.jpg,Kupro,grading,test,Kupro__Large__308__Grade-2,/Users/ayush/Downloads/date-fruit-quality-ml/data/processed/test/Kupro/grading__Kupro__Large__308__Grade-2.jpg
/Users/ayush/Downloads/date-fruit-quality-ml/data/quality/grade/test/Grade-1/Fasli-Toto__Large__150.jpg,Fasli Toto,grading,test,Fasli-Toto__Large__150__Grade-1,/Users/ayush/Downloads/date-fruit-quality-ml/data/processed/test/Fasli Toto/grading__Fasli-Toto__Large__150__Grade-1.jpg
/Users/ayush/Downloads/date-fruit-quality-ml/data/quality/grade/test/Grade-1/Aseel__Medium__64.jpg,Aseel,grading,test,Aseel__Medium__64__Grade-1,/Users/ayush/Downloads/date-fruit-quality-ml/data/processed/test/Aseel/grading__Aseel__Medium__64__Grade-1.jpg
/Users/ayush/Downloads/date-fruit-quality-ml/data/quality/grade/test/Grade-2/Kupro__Large__184.jpg,Kupro,grading,test,Kupro__Large__184__Grade-2,/Users/ayush/Downloads/date-fruit-quality-ml/data/processed/test/Kupro/grading__Kupro__Large__184__Grade-2.jpg
/Users/ayush/Downloads/date-fruit-quality-ml/data/quality/grade/test/Grade-3/Kupro__Large__15.jpg,Kupro,grading,test,Kupro__Large__15__Grade-3,/Users/ayush/Downloads/date-fruit-quality-ml/data/processed/test/Kupro/grading__Kupro__Large__15__Grade-3.jpg
/Users/ayush/Downloads/date-fruit-quality-ml/data/quality/grade/test/Grade-1/Fasli-Toto__Small__65.jpg,Fasli Toto,grading,test,Fasli-Toto__Small__65__Grade-1,/Users/ayush/Downloads/date-fruit-quality-ml/data/processed/test/Fasli Toto/grading__Fasli-Toto__Small__65__Grade-1.jpg
/Users/ayush/Downloads/date-fruit-quality-ml/data/quality/grade/test/Grade-1/Aseel__Large__77.jpg,Aseel,grading,test,Aseel__Large__77__Grade-1,/Users/ayush/Downloads/date-fruit-quality-ml/data/processed/test/Aseel/grading__Aseel__Large__77__Grade-1.jpg
/Users/ayush/Downloads/date-fruit-quality-ml/data/quality/grade/test/Grade-1/Fasli-Toto__Medium__140.jpg,Fasli Toto,grading,test,Fasli-Toto__Medium__140__Grade-1,/Users/ayush/Downloads/date-fruit-quality-ml/data/processed/test/Fasli Toto/grading__Fasli-Toto__Medium__140__Grade-1.jpg
/Users/ayush/Downloads/date-fruit-quality-ml/data/quality/grade/test/Grade-3/Gajar__Large__22.jpg,Gajar,grading,test,Gajar__Large__22__Grade-3,/Users/ayush/Downloads/date-fruit-quality-ml/data/processed/test/Gajar/grading__Gajar__Large__22__Grade-3.jpg
/Users/ayush/Downloads/date-fruit-quality-ml/data/quality/grade/test/Grade-1/Fasli-Toto__Large__119.jpg,Fasli Toto,grading,test,Fasli-Toto__Large__119__Grade-1,/Users/ayush/Downloads/date-fruit-quality-ml/data/processed/test/Fasli Toto/grading__Fasli-Toto__Large__119__Grade-1.jpg
/Users/ayush/Downloads/date-fruit-quality-ml/data/quality/grade/test/Grade-1/Gajar__Large__70.jpg,Gajar,grading,test,Gajar__Large__70__Grade-1,/Users/ayush/Downloads/date-fruit-quality-ml/data/processed/test/Gajar/grading__Gajar__Large__70__Grade-1.jpg
/Users/ayush/Downloads/date-fruit-quality-ml/data/quality/grade/test/Grade-1/Aseel__Medium__28.jpg,Aseel,grading,test,Aseel__Medium__28__Grade-1,/Users/ayush/Downloads/date-fruit-quality-ml/data/processed/test/Aseel/grading__Aseel__Medium__28__Grade-1.jpg
/Users/ayush/Downloads/date-fruit-quality-ml/data/quality/grade/test/Grade-3/Gajar__Small__51.jpg,Gajar,grading,test,Gajar__Small__51__Grade-3,/Users/ayush/Downloads/date-fruit-quality-ml/data/processed/test/Gajar/grading__Gajar__Small__51__Grade-3.jpg
/Users/ayush/Downloads/date-fruit-quality-ml/data/quality/grade/test/Grade-1/Fasli-Toto__Medium__17.jpg,Fasli Toto,grading,test,Fasli-Toto__Medium__17__Grade-1,/Users/ayush/Downloads/date-fruit-quality-ml/data/processed/test/Fasli Toto/grading__Fasli-Toto__Medium__17__Grade-1.jpg
/Users/ayush/Downloads/date-fruit-quality-ml/data/quality/grade/test/Grade-2/Kupro__Large__234.jpg,Kupro,grading,test,Kupro__Large__234__Grade-2,/Users/ayush/Downloads/date-fruit-quality-ml/data/processed/test/Kupro/grading__Kupro__Large__234__Grade-2.jpg
/Users/ayush/Downloads/date-fruit-quality-ml/data/quality/grade/test/Grade-3/Gajar__Large__81.jpg,Gajar,grading,test,Gajar__Large__81__Grade-3,/Users/ayush/Downloads/date-fruit-quality-ml/data/processed/test/Gajar/grading__Gajar__Large__81__Grade-3.jpg
/Users/ayush/Downloads/date-fruit-quality-ml/data/quality/grade/test/Grade-1/Fasli-Toto__Large__33.jpg,Fasli Toto,grading,test,Fasli-Toto__Large__33__Grade-1,/Users/ayush/Downloads/date-fruit-quality-ml/data/processed/test/Fasli Toto/grading__Fasli-Toto__Large__33__Grade-1.jpg
/Users/ayush/Downloads/date-fruit-quality-ml/data/quality/grade/test/Grade-3/Kupro__Large__71.jpg,Kupro,grading,test,Kupro__Large__71__Grade-3,/Users/ayush/Downloads/date-fruit-quality-ml/data/processed/test/Kupro/grading__Kupro__Large__71__Grade-3.jpg
/Users/ayush/Downloads/date-fruit-quality-ml/data/quality/grade/test/Grade-1/Fasli-Toto__Medium__123.jpg,Fasli Toto,grading,test,Fasli-Toto__Medium__123__Grade-1,/Users/ayush/Downloads/date-fruit-quality-ml/data/processed/test/Fasli Toto/grading__Fasli-Toto__Medium__123__Grade-1.jpg
/Users/ayush/Downloads/date-fruit-quality-ml/data/quality/grade/test/Grade-1/Fasli-Toto__Large__63.jpg,Fasli Toto,grading,test,Fasli-Toto__Large__63__Grade-1,/Users/ayush/Downloads/date-fruit-quality-ml/data/processed/test/Fasli Toto/grading__Fasli-Toto__Large__63__Grade-1.jpg
/Users/ayush/Downloads/date-fruit-quality-ml/data/quality/grade/test/Grade-1/Aseel__Medium__9.jpg,Aseel,grading,test,Aseel__Medium__9__Grade-1,/Users/ayush/Downloads/date-fruit-quality-ml/data/processed/test/Aseel/grading__Aseel__Medium__9__Grade-1.jpg
/Users/ayush/Downloads/date-fruit-quality-ml/data/quality/grade/test/Grade-1/Gajar__Medium__56.jpg,Gajar,grading,test,Gajar__Medium__56__Grade-1,/Users/ayush/Downloads/date-fruit-quality-ml/data/processed/test/Gajar/grading__Gajar__Medium__56__Grade-1.jpg
/Users/ayush/Downloads/date-fruit-quality-ml/data/quality/grade/test/Grade-1/Gajar__Large__151.jpg,Gajar,grading,test,Gajar__Large__151__Grade-1,/Users/ayush/Downloads/date-fruit-quality-ml/data/processed/test/Gajar/grading__Gajar__Large__151__Grade-1.jpg
/Users/ayush/Downloads/date-fruit-quality-ml/data/quality/grade/test/Grade-1/Aseel__Medium__78.jpg,Aseel,grading,test,Aseel__Medium__78__Grade-1,/Users/ayush/Downloads/date-fruit-quality-ml/data/processed/test/Aseel/grading__Aseel__Medium__78__Grade-1.jpg
/Users/ayush/Downloads/date-fruit-quality-ml/data/quality/grade/test/Grade-1/Fasli-Toto__Small__80.jpg,Fasli Toto,grading,test,Fasli-Toto__Small__80__Grade-1,/Users/ayush/Downloads/date-fruit-quality-ml/data/processed/test/Fasli Toto/grading__Fasli-Toto__Small__80__Grade-1.jpg
/Users/ayush/Downloads/date-fruit-quality-ml/data/quality/grade/test/Grade-3/Kupro__Large__50.jpg,Kupro,grading,test,Kupro__Large__50__Grade-3,/Users/ayush/Downloads/date-fruit-quality-ml/data/processed/test/Kupro/grading__Kupro__Large__50__Grade-3.jpg
/Users/ayush/Downloads/date-fruit-quality-ml/data/quality/grade/test/Grade-2/Gajar__Small__6.jpg,Gajar,grading,test,Gajar__Small__6__Grade-2,/Users/ayush/Downloads/date-fruit-quality-ml/data/processed/test/Gajar/grading__Gajar__Small__6__Grade-2.jpg
/Users/ayush/Downloads/date-fruit-quality-ml/data/quality/grade/test/Grade-1/Fasli-Toto__Large__125.jpg,Fasli Toto,grading,test,Fasli-Toto__Large__125__Grade-1,/Users/ayush/Downloads/date-fruit-quality-ml/data/processed/test/Fasli Toto/grading__Fasli-Toto__Large__125__Grade-1.jpg
/Users/ayush/Downloads/date-fruit-quality-ml/data/quality/grade/test/Grade-2/Kupro__Large__70.jpg,Kupro,grading,test,Kupro__Large__70__Grade-2,/Users/ayush/Downloads/date-fruit-quality-ml/data/processed/test/Kupro/grading__Kupro__Large__70__Grade-2.jpg
/Users/ayush/Downloads/date-fruit-quality-ml/data/quality/grade/test/Grade-1/Gajar__Medium__176.jpg,Gajar,grading,test,Gajar__Medium__176__Grade-1,/Users/ayush/Downloads/date-fruit-quality-ml/data/processed/test/Gajar/grading__Gajar__Medium__176__Grade-1.jpg
/Users/ayush/Downloads/date-fruit-quality-ml/data/quality/grade/test/Grade-1/Gajar__Small__199.jpg,Gajar,grading,test,Gajar__Small__199__Grade-1,/Users/ayush/Downloads/date-fruit-quality-ml/data/processed/test/Gajar/grading__Gajar__Small__199__Grade-1.jpg
/Users/ayush/Downloads/date-fruit-quality-ml/data/quality/grade/test/Grade-1/Fasli-Toto__Medium__66.jpg,Fasli Toto,grading,test,Fasli-Toto__Medium__66__Grade-1,/Users/ayush/Downloads/date-fruit-quality-ml/data/processed/test/Fasli Toto/grading__Fasli-Toto__Medium__66__Grade-1.jpg
/Users/ayush/Downloads/date-fruit-quality-ml/data/quality/grade/test/Grade-1/Aseel__Small__93.jpg,Aseel,grading,test,Aseel__Small__93__Grade-1,/Users/ayush/Downloads/date-fruit-quality-ml/data/processed/test/Aseel/grading__Aseel__Small__93__Grade-1.jpg
/Users/ayush/Downloads/date-fruit-quality-ml/data/quality/grade/test/Grade-1/Kupro__Large__83.jpg,Kupro,grading,test,Kupro__Large__83__Grade-1,/Users/ayush/Downloads/date-fruit-quality-ml/data/processed/test/Kupro/grading__Kupro__Large__83__Grade-1.jpg
/Users/ayush/Downloads/date-fruit-quality-ml/data/quality/grade/test/Grade-2/Gajar__Small__87.jpg,Gajar,grading,test,Gajar__Small__87__Grade-2,/Users/ayush/Downloads/date-fruit-quality-ml/data/processed/test/Gajar/grading__Gajar__Small__87__Grade-2.jpg
/Users/ayush/Downloads/date-fruit-quality-ml/data/quality/grade/test/Grade-3/Gajar__Large__68.jpg,Gajar,grading,test,Gajar__Large__68__Grade-3,/Users/ayush/Downloads/date-fruit-quality-ml/data/processed/test/Gajar/grading__Gajar__Large__68__Grade-3.jpg
/Users/ayush/Downloads/date-fruit-quality-ml/data/quality/grade/test/Grade-2/Kupro__Large__199.jpg,Kupro,grading,test,Kupro__Large__199__Grade-2,/Users/ayush/Downloads/date-fruit-quality-ml/data/processed/test/Kupro/grading__Kupro__Large__199__Grade-2.jpg
/Users/ayush/Downloads/date-fruit-quality-ml/data/quality/grade/test/Grade-1/Aseel__Large__118.jpg,Aseel,grading,test,Aseel__Large__118__Grade-1,/Users/ayush/Downloads/date-fruit-quality-ml/data/processed/test/Aseel/grading__Aseel__Large__118__Grade-1.jpg
/Users/ayush/Downloads/date-fruit-quality-ml/data/quality/grade/test/Grade-2/Kupro__Large__294.jpg,Kupro,grading,test,Kupro__Large__294__Grade-2,/Users/ayush/Downloads/date-fruit-quality-ml/data/processed/test/Kupro/grading__Kupro__Large__294__Grade-2.jpg
/Users/ayush/Downloads/date-fruit-quality-ml/data/quality/grade/test/Grade-1/Kupro__Large__59.jpg,Kupro,grading,test,Kupro__Large__59__Grade-1,/Users/ayush/Downloads/date-fruit-quality-ml/data/processed/test/Kupro/grading__Kupro__Large__59__Grade-1.jpg
/Users/ayush/Downloads/date-fruit-quality-ml/data/quality/grade/test/Grade-1/Aseel__Small__121.jpg,Aseel,grading,test,Aseel__Small__121__Grade-1,/Users/ayush/Downloads/date-fruit-quality-ml/data/processed/test/Aseel/grading__Aseel__Small__121__Grade-1.jpg
/Users/ayush/Downloads/date-fruit-quality-ml/data/quality/grade/test/Grade-1/Gajar__Medium__187.jpg,Gajar,grading,test,Gajar__Medium__187__Grade-1,/Users/ayush/Downloads/date-fruit-quality-ml/data/processed/test/Gajar/grading__Gajar__Medium__187__Grade-1.jpg
/Users/ayush/Downloads/date-fruit-quality-ml/data/quality/grade/test/Grade-2/Kupro__Large__61.jpg,Kupro,grading,test,Kupro__Large__61__Grade-2,/Users/ayush/Downloads/date-fruit-quality-ml/data/processed/test/Kupro/grading__Kupro__Large__61__Grade-2.jpg
/Users/ayush/Downloads/date-fruit-quality-ml/data/quality/grade/test/Grade-2/Kupro__Large__296.jpg,Kupro,grading,test,Kupro__Large__296__Grade-2,/Users/ayush/Downloads/date-fruit-quality-ml/data/processed/test/Kupro/grading__Kupro__Large__296__Grade-2.jpg
/Users/ayush/Downloads/date-fruit-quality-ml/data/quality/grade/test/Grade-1/Aseel__Large__56.jpg,Aseel,grading,test,Aseel__Large__56__Grade-1,/Users/ayush/Downloads/date-fruit-quality-ml/data/processed/test/Aseel/grading__Aseel__Large__56__Grade-1.jpg
/Users/ayush/Downloads/date-fruit-quality-ml/data/quality/grade/test/Grade-1/Aseel__Small__61.jpg,Aseel,grading,test,Aseel__Small__61__Grade-1,/Users/ayush/Downloads/date-fruit-quality-ml/data/processed/test/Aseel/grading__Aseel__Small__61__Grade-1.jpg
/Users/ayush/Downloads/date-fruit-quality-ml/data/quality/grade/test/Grade-1/Gajar__Large__25.jpg,Gajar,grading,test,Gajar__Large__25__Grade-1,/Users/ayush/Downloads/date-fruit-quality-ml/data/processed/test/Gajar/grading__Gajar__Large__25__Grade-1.jpg
/Users/ayush/Downloads/date-fruit-quality-ml/data/quality/grade/test/Grade-3/Gajar__Medium__78.jpg,Gajar,grading,test,Gajar__Medium__78__Grade-3,/Users/ayush/Downloads/date-fruit-quality-ml/data/processed/test/Gajar/grading__Gajar__Medium__78__Grade-3.jpg
/Users/ayush/Downloads/date-fruit-quality-ml/data/quality/grade/test/Grade-2/Kupro__Large__143.jpg,Kupro,grading,test,Kupro__Large__143__Grade-2,/Users/ayush/Downloads/date-fruit-quality-ml/data/processed/test/Kupro/grading__Kupro__Large__143__Grade-2.jpg
/Users/ayush/Downloads/date-fruit-quality-ml/data/quality/grade/test/Grade-2/Kupro__Large__22.jpg,Kupro,grading,test,Kupro__Large__22__Grade-2,/Users/ayush/Downloads/date-fruit-quality-ml/data/processed/test/Kupro/grading__Kupro__Large__22__Grade-2.jpg
/Users/ayush/Downloads/date-fruit-quality-ml/data/quality/grade/test/Grade-1/Gajar__Medium__34.jpg,Gajar,grading,test,Gajar__Medium__34__Grade-1,/Users/ayush/Downloads/date-fruit-quality-ml/data/processed/test/Gajar/grading__Gajar__Medium__34__Grade-1.jpg
/Users/ayush/Downloads/date-fruit-quality-ml/data/quality/grade/test/Grade-1/Aseel__Large__106.jpg,Aseel,grading,test,Aseel__Large__106__Grade-1,/Users/ayush/Downloads/date-fruit-quality-ml/data/processed/test/Aseel/grading__Aseel__Large__106__Grade-1.jpg
/Users/ayush/Downloads/date-fruit-quality-ml/data/quality/grade/test/Grade-1/Aseel__Large__146.jpg,Aseel,grading,test,Aseel__Large__146__Grade-1,/Users/ayush/Downloads/date-fruit-quality-ml/data/processed/test/Aseel/grading__Aseel__Large__146__Grade-1.jpg
/Users/ayush/Downloads/date-fruit-quality-ml/data/quality/grade/test/Grade-2/Gajar__Large__108.jpg,Gajar,grading,test,Gajar__Large__108__Grade-2,/Users/ayush/Downloads/date-fruit-quality-ml/data/processed/test/Gajar/grading__Gajar__Large__108__Grade-2.jpg
/Users/ayush/Downloads/date-fruit-quality-ml/data/quality/grade/test/Grade-2/Kupro__Large__232.jpg,Kupro,grading,test,Kupro__Large__232__Grade-2,/Users/ayush/Downloads/date-fruit-quality-ml/data/processed/test/Kupro/grading__Kupro__Large__232__Grade-2.jpg
/Users/ayush/Downloads/date-fruit-quality-ml/data/quality/grade/test/Grade-2/Kupro__Large__355.jpg,Kupro,grading,test,Kupro__Large__355__Grade-2,/Users/ayush/Downloads/date-fruit-quality-ml/data/processed/test/Kupro/grading__Kupro__Large__355__Grade-2.jpg
/Users/ayush/Downloads/date-fruit-quality-ml/data/quality/grade/test/Grade-2/Kupro__Large__333.jpg,Kupro,grading,test,Kupro__Large__333__Grade-2,/Users/ayush/Downloads/date-fruit-quality-ml/data/processed/test/Kupro/grading__Kupro__Large__333__Grade-2.jpg
/Users/ayush/Downloads/date-fruit-quality-ml/data/quality/grade/test/Grade-1/Aseel__Large__26.jpg,Aseel,grading,test,Aseel__Large__26__Grade-1,/Users/ayush/Downloads/date-fruit-quality-ml/data/processed/test/Aseel/grading__Aseel__Large__26__Grade-1.jpg
/Users/ayush/Downloads/date-fruit-quality-ml/data/quality/grade/test/Grade-1/Gajar__Small__133.jpg,Gajar,grading,test,Gajar__Small__133__Grade-1,/Users/ayush/Downloads/date-fruit-quality-ml/data/processed/test/Gajar/grading__Gajar__Small__133__Grade-1.jpg
/Users/ayush/Downloads/date-fruit-quality-ml/data/quality/grade/test/Grade-1/Fasli-Toto__Medium__100.jpg,Fasli Toto,grading,test,Fasli-Toto__Medium__100__Grade-1,/Users/ayush/Downloads/date-fruit-quality-ml/data/processed/test/Fasli Toto/grading__Fasli-Toto__Medium__100__Grade-1.jpg
/Users/ayush/Downloads/date-fruit-quality-ml/data/quality/grade/test/Grade-3/Gajar__Small__72.jpg,Gajar,grading,test,Gajar__Small__72__Grade-3,/Users/ayush/Downloads/date-fruit-quality-ml/data/processed/test/Gajar/grading__Gajar__Small__72__Grade-3.jpg
/Users/ayush/Downloads/date-fruit-quality-ml/data/quality/grade/test/Grade-1/Fasli-Toto__Medium__37.jpg,Fasli Toto,grading,test,Fasli-Toto__Medium__37__Grade-1,/Users/ayush/Downloads/date-fruit-quality-ml/data/processed/test/Fasli Toto/grading__Fasli-Toto__Medium__37__Grade-1.jpg
/Users/ayush/Downloads/date-fruit-quality-ml/data/quality/grade/test/Grade-2/Kupro__Large__253.jpg,Kupro,grading,test,Kupro__Large__253__Grade-2,/Users/ayush/Downloads/date-fruit-quality-ml/data/processed/test/Kupro/grading__Kupro__Large__253__Grade-2.jpg
/Users/ayush/Downloads/date-fruit-quality-ml/data/quality/grade/test/Grade-1/Gajar__Small__128.jpg,Gajar,grading,test,Gajar__Small__128__Grade-1,/Users/ayush/Downloads/date-fruit-quality-ml/data/processed/test/Gajar/grading__Gajar__Small__128__Grade-1.jpg
/Users/ayush/Downloads/date-fruit-quality-ml/data/quality/grade/test/Grade-1/Aseel__Small__147.jpg,Aseel,grading,test,Aseel__Small__147__Grade-1,/Users/ayush/Downloads/date-fruit-quality-ml/data/processed/test/Aseel/grading__Aseel__Small__147__Grade-1.jpg
/Users/ayush/Downloads/date-fruit-quality-ml/data/quality/grade/test/Grade-1/Fasli-Toto__Large__13.jpg,Fasli Toto,grading,test,Fasli-Toto__Large__13__Grade-1,/Users/ayush/Downloads/date-fruit-quality-ml/data/processed/test/Fasli Toto/grading__Fasli-Toto__Large__13__Grade-1.jpg
/Users/ayush/Downloads/date-fruit-quality-ml/data/quality/grade/test/Grade-2/Kupro__Large__269.jpg,Kupro,grading,test,Kupro__Large__269__Grade-2,/Users/ayush/Downloads/date-fruit-quality-ml/data/processed/test/Kupro/grading__Kupro__Large__269__Grade-2.jpg
/Users/ayush/Downloads/date-fruit-quality-ml/data/quality/grade/test/Grade-1/Gajar__Medium__124.jpg,Gajar,grading,test,Gajar__Medium__124__Grade-1,/Users/ayush/Downloads/date-fruit-quality-ml/data/processed/test/Gajar/grading__Gajar__Medium__124__Grade-1.jpg
/Users/ayush/Downloads/date-fruit-quality-ml/data/quality/grade/test/Grade-1/Gajar__Small__19.jpg,Gajar,grading,test,Gajar__Small__19__Grade-1,/Users/ayush/Downloads/date-fruit-quality-ml/data/processed/test/Gajar/grading__Gajar__Small__19__Grade-1.jpg
/Users/ayush/Downloads/date-fruit-quality-ml/data/quality/grade/test/Grade-1/Kupro__Large__49.jpg,Kupro,grading,test,Kupro__Large__49__Grade-1,/Users/ayush/Downloads/date-fruit-quality-ml/data/processed/test/Kupro/grading__Kupro__Large__49__Grade-1.jpg
/Users/ayush/Downloads/date-fruit-quality-ml/data/quality/grade/test/Grade-1/Fasli-Toto__Large__151.jpg,Fasli Toto,grading,test,Fasli-Toto__Large__151__Grade-1,/Users/ayush/Downloads/date-fruit-quality-ml/data/processed/test/Fasli Toto/grading__Fasli-Toto__Large__151__Grade-1.jpg
/Users/ayush/Downloads/date-fruit-quality-ml/data/quality/grade/test/Grade-2/Kupro__Large__213.jpg,Kupro,grading,test,Kupro__Large__213__Grade-2,/Users/ayush/Downloads/date-fruit-quality-ml/data/processed/test/Kupro/grading__Kupro__Large__213__Grade-2.jpg
/Users/ayush/Downloads/date-fruit-quality-ml/data/quality/grade/test/Grade-1/Aseel__Large__24.jpg,Aseel,grading,test,Aseel__Large__24__Grade-1,/Users/ayush/Downloads/date-fruit-quality-ml/data/processed/test/Aseel/grading__Aseel__Large__24__Grade-1.jpg
/Users/ayush/Downloads/date-fruit-quality-ml/data/quality/grade/test/Grade-1/Kupro__Large__16.jpg,Kupro,grading,test,Kupro__Large__16__Grade-1,/Users/ayush/Downloads/date-fruit-quality-ml/data/processed/test/Kupro/grading__Kupro__Large__16__Grade-1.jpg
/Users/ayush/Downloads/date-fruit-quality-ml/data/quality/grade/test/Grade-1/Fasli-Toto__Medium__52.jpg,Fasli Toto,grading,test,Fasli-Toto__Medium__52__Grade-1,/Users/ayush/Downloads/date-fruit-quality-ml/data/processed/test/Fasli Toto/grading__Fasli-Toto__Medium__52__Grade-1.jpg
/Users/ayush/Downloads/date-fruit-quality-ml/data/quality/grade/test/Grade-2/Gajar__Large__32.jpg,Gajar,grading,test,Gajar__Large__32__Grade-2,/Users/ayush/Downloads/date-fruit-quality-ml/data/processed/test/Gajar/grading__Gajar__Large__32__Grade-2.jpg
/Users/ayush/Downloads/date-fruit-quality-ml/data/quality/grade/test/Grade-1/Aseel__Medium__57.jpg,Aseel,grading,test,Aseel__Medium__57__Grade-1,/Users/ayush/Downloads/date-fruit-quality-ml/data/processed/test/Aseel/grading__Aseel__Medium__57__Grade-1.jpg
/Users/ayush/Downloads/date-fruit-quality-ml/data/quality/grade/test/Grade-1/Aseel__Medium__115.jpg,Aseel,grading,test,Aseel__Medium__115__Grade-1,/Users/ayush/Downloads/date-fruit-quality-ml/data/processed/test/Aseel/grading__Aseel__Medium__115__Grade-1.jpg
/Users/ayush/Downloads/date-fruit-quality-ml/data/quality/grade/test/Grade-1/Fasli-Toto__Small__2.jpg,Fasli Toto,grading,test,Fasli-Toto__Small__2__Grade-1,/Users/ayush/Downloads/date-fruit-quality-ml/data/processed/test/Fasli Toto/grading__Fasli-Toto__Small__2__Grade-1.jpg
/Users/ayush/Downloads/date-fruit-quality-ml/data/quality/grade/test/Grade-2/Kupro__Large__138.jpg,Kupro,grading,test,Kupro__Large__138__Grade-2,/Users/ayush/Downloads/date-fruit-quality-ml/data/processed/test/Kupro/grading__Kupro__Large__138__Grade-2.jpg
/Users/ayush/Downloads/date-fruit-quality-ml/data/quality/grade/test/Grade-1/Kupro__Large__87.jpg,Kupro,grading,test,Kupro__Large__87__Grade-1,/Users/ayush/Downloads/date-fruit-quality-ml/data/processed/test/Kupro/grading__Kupro__Large__87__Grade-1.jpg
/Users/ayush/Downloads/date-fruit-quality-ml/data/quality/grade/test/Grade-3/Gajar__Medium__8.jpg,Gajar,grading,test,Gajar__Medium__8__Grade-3,/Users/ayush/Downloads/date-fruit-quality-ml/data/processed/test/Gajar/grading__Gajar__Medium__8__Grade-3.jpg
/Users/ayush/Downloads/date-fruit-quality-ml/data/quality/grade/test/Grade-1/Aseel__Small__137.jpg,Aseel,grading,test,Aseel__Small__137__Grade-1,/Users/ayush/Downloads/date-fruit-quality-ml/data/processed/test/Aseel/grading__Aseel__Small__137__Grade-1.jpg
/Users/ayush/Downloads/date-fruit-quality-ml/data/quality/grade/test/Grade-1/Aseel__Small__11.jpg,Aseel,grading,test,Aseel__Small__11__Grade-1,/Users/ayush/Downloads/date-fruit-quality-ml/data/processed/test/Aseel/grading__Aseel__Small__11__Grade-1.jpg
/Users/ayush/Downloads/date-fruit-quality-ml/data/quality/grade/test/Grade-1/Aseel__Large__142.jpg,Aseel,grading,test,Aseel__Large__142__Grade-1,/Users/ayush/Downloads/date-fruit-quality-ml/data/processed/test/Aseel/grading__Aseel__Large__142__Grade-1.jpg
/Users/ayush/Downloads/date-fruit-quality-ml/data/quality/grade/test/Grade-2/Gajar__Small__94.jpg,Gajar,grading,test,Gajar__Small__94__Grade-2,/Users/ayush/Downloads/date-fruit-quality-ml/data/processed/test/Gajar/grading__Gajar__Small__94__Grade-2.jpg
/Users/ayush/Downloads/date-fruit-quality-ml/data/quality/grade/test/Grade-1/Gajar__Large__108.jpg,Gajar,grading,test,Gajar__Large__108__Grade-1,/Users/ayush/Downloads/date-fruit-quality-ml/data/processed/test/Gajar/grading__Gajar__Large__108__Grade-1.jpg
/Users/ayush/Downloads/date-fruit-quality-ml/data/quality/grade/test/Grade-1/Aseel__Medium__71.jpg,Aseel,grading,test,Aseel__Medium__71__Grade-1,/Users/ayush/Downloads/date-fruit-quality-ml/data/processed/test/Aseel/grading__Aseel__Medium__71__Grade-1.jpg
/Users/ayush/Downloads/date-fruit-quality-ml/data/quality/grade/test/Grade-2/Gajar__Small__114.jpg,Gajar,grading,test,Gajar__Small__114__Grade-2,/Users/ayush/Downloads/date-fruit-quality-ml/data/processed/test/Gajar/grading__Gajar__Small__114__Grade-2.jpg
/Users/ayush/Downloads/date-fruit-quality-ml/data/quality/grade/test/Grade-1/Fasli-Toto__Small__53.jpg,Fasli Toto,grading,test,Fasli-Toto__Small__53__Grade-1,/Users/ayush/Downloads/date-fruit-quality-ml/data/processed/test/Fasli Toto/grading__Fasli-Toto__Small__53__Grade-1.jpg
/Users/ayush/Downloads/date-fruit-quality-ml/data/quality/grade/test/Grade-2/Kupro__Large__133.jpg,Kupro,grading,test,Kupro__Large__133__Grade-2,/Users/ayush/Downloads/date-fruit-quality-ml/data/processed/test/Kupro/grading__Kupro__Large__133__Grade-2.jpg
/Users/ayush/Downloads/date-fruit-quality-ml/data/quality/grade/test/Grade-2/Kupro__Large__34.jpg,Kupro,grading,test,Kupro__Large__34__Grade-2,/Users/ayush/Downloads/date-fruit-quality-ml/data/processed/test/Kupro/grading__Kupro__Large__34__Grade-2.jpg
