class,source,file,fruit_fraction_of_image,color.mean_hue_deg,color.mean_saturation,color.mean_brightness,color.color_spread_deltaE,color.color_uniformity,shape.n_fruit_regions,shape.area_px,shape.length_px,shape.width_px,shape.aspect_ratio,shape.circularity,shape.solidity,shape.extent,shape.eccentricity,texture.glcm_contrast,texture.glcm_dissimilarity,texture.glcm_homogeneity,texture.glcm_energy,texture.glcm_correlation,texture.lbp_entropy,texture.wrinkle_index,texture.gloss_index,color.color_name,shape.shape
Al-ajwa,alhamdan,alhamdan__Ajwa Date (1).jpg,0.238,16.3,0.063,0.226,13.53,0.406,1,62003,328.7,244.4,1.345,0.818,0.979,0.781,0.668,5.688,1.5085,0.527,0.1449,0.8876,3.167,0.1361,0.0,black / very dark brown,oval
Al-ajwa,alhamdan,alhamdan__Ajwa Date (100).jpg,0.235,19.7,0.069,0.256,13.76,0.4,1,61256,333.0,236.2,1.41,0.836,0.986,0.822,0.705,6.3638,1.5747,0.5219,0.1358,0.8707,3.185,0.1331,0.0,black / very dark brown,oval
Al-ajwa,alhamdan,alhamdan__Ajwa Date (101).jpg,0.221,12.0,0.091,0.284,14.6,0.378,1,57432,331.9,226.1,1.468,0.782,0.973,0.789,0.732,4.65,1.3501,0.5588,0.1463,0.9191,3.183,0.1091,0.0,black / very dark brown,oval
Al-ajwa,alhamdan,alhamdan__Ajwa Date (102).jpg,0.225,25.6,0.077,0.179,12.86,0.424,1,58454,333.7,226.2,1.475,0.785,0.973,0.808,0.735,3.4724,0.9923,0.668,0.2395,0.9289,3.083,0.0489,0.0,black / very dark brown,oval
Al-ajwa,alhamdan,alhamdan__Ajwa Date (103).jpg,0.209,18.3,0.091,0.275,14.98,0.368,1,54375,344.9,206.1,1.674,0.77,0.98,0.78,0.802,5.9855,1.4737,0.5519,0.1449,0.9016,3.19,0.1206,0.0,black / very dark brown,oblong / elongated
Al-ajwa,alhamdan,alhamdan__Ajwa Date (104).jpg,0.218,14.9,0.093,0.256,13.62,0.403,1,56843,337.0,217.8,1.547,0.765,0.98,0.825,0.763,5.1433,1.3609,0.5628,0.1597,0.906,3.218,0.0953,0.0,black / very dark brown,oval
Al-ajwa,alhamdan,alhamdan__Ajwa Date (107).jpg,0.218,0.8,0.073,0.277,13.95,0.395,1,56690,331.2,223.3,1.483,0.816,0.988,0.796,0.738,5.0058,1.3917,0.5492,0.1349,0.9085,3.17,0.1099,0.0,black / very dark brown,oval
Al-ajwa,alhamdan,alhamdan__Ajwa Date (108).jpg,0.232,12.6,0.085,0.247,12.97,0.421,1,60271,336.4,232.9,1.445,0.823,0.991,0.814,0.722,6.8642,1.7201,0.4861,0.1243,0.8507,3.196,0.1584,0.0,black / very dark brown,oval
Al-ajwa,alhamdan,alhamdan__Ajwa Date (109).jpg,0.186,9.7,0.056,0.253,15.23,0.362,1,48340,344.9,183.5,1.88,0.757,0.978,0.866,0.847,5.104,1.385,0.5642,0.1439,0.9145,3.142,0.1001,0.0,black / very dark brown,oblong / elongated
Al-ajwa,alhamdan,alhamdan__Ajwa Date (11).jpg,0.236,18.8,0.059,0.268,16.16,0.34,1,61473,336.4,237.3,1.417,0.813,0.985,0.8,0.709,4.9806,1.3247,0.5798,0.1488,0.93,3.19,0.0916,0.0,black / very dark brown,oval
Al-ajwa,alhamdan,alhamdan__Ajwa Date (112).jpg,0.234,17.9,0.053,0.281,14.08,0.391,1,60791,328.9,239.1,1.375,0.835,0.992,0.799,0.687,6.3378,1.5976,0.5099,0.1248,0.8925,3.192,0.1351,0.0,black / very dark brown,oval
Al-ajwa,alhamdan,alhamdan__Ajwa Date (113).jpg,0.206,8.3,0.058,0.233,12.81,0.426,1,53641,327.0,211.4,1.547,0.82,0.989,0.806,0.763,4.3468,1.2683,0.5754,0.166,0.9107,3.197,0.0806,0.0,black / very dark brown,oval
Al-ajwa,alhamdan,alhamdan__Ajwa Date (115).jpg,0.211,358.4,0.053,0.238,14.04,0.392,1,54822,328.9,213.1,1.543,0.83,0.993,0.812,0.762,4.1582,1.1753,0.6047,0.1601,0.927,3.198,0.0691,0.0,black / very dark brown,oval
Al-ajwa,alhamdan,alhamdan__Ajwa Date (116).jpg,0.209,7.2,0.058,0.23,13.5,0.407,1,54481,336.9,208.7,1.614,0.809,0.989,0.831,0.785,5.1793,1.3658,0.565,0.1599,0.9002,3.203,0.0991,0.0,black / very dark brown,oblong / elongated
Al-ajwa,alhamdan,alhamdan__Ajwa Date (119).jpg,0.223,10.1,0.137,0.32,15.0,0.368,1,58126,332.0,224.5,1.479,0.833,0.985,0.818,0.737,5.7132,1.5343,0.5195,0.1172,0.9017,3.207,0.1279,0.0001,black / very dark brown,oval
Al-ajwa,alhamdan,alhamdan__Ajwa Date (12).jpg,0.207,11.3,0.052,0.218,12.77,0.427,1,53796,325.5,213.2,1.527,0.817,0.988,0.793,0.756,4.3721,1.2118,0.5957,0.1693,0.9051,3.183,0.0781,0.0,black / very dark brown,oval
Al-ajwa,alhamdan,alhamdan__Ajwa Date (120).jpg,0.209,14.2,0.144,0.308,14.75,0.374,1,54393,334.1,209.4,1.595,0.818,0.989,0.835,0.779,5.2292,1.4123,0.5491,0.127,0.9097,3.205,0.1073,0.0,black / very dark brown,oval
Al-ajwa,alhamdan,alhamdan__Ajwa Date (121).jpg,0.214,11.0,0.186,0.283,14.28,0.386,1,55785,329.2,217.3,1.515,0.824,0.984,0.807,0.751,5.0966,1.3849,0.5543,0.1465,0.9132,3.213,0.0954,0.0,black / very dark brown,oval
Al-ajwa,alhamdan,alhamdan__Ajwa Date (122).jpg,0.232,13.5,0.109,0.254,13.88,0.397,1,60485,319.5,250.6,1.275,0.771,0.962,0.736,0.62,5.2518,1.4009,0.5529,0.1538,0.9011,3.168,0.095,0.0,black / very dark brown,oval
Al-ajwa,alhamdan,alhamdan__Ajwa Date (123).jpg,0.202,11.7,0.081,0.229,14.97,0.369,1,52458,317.6,229.9,1.381,0.696,0.938,0.701,0.69,3.6684,1.0749,0.63,0.1929,0.9429,3.171,0.0518,0.0,black / very dark brown,oval
Al-ajwa,alhamdan,alhamdan__Ajwa Date (124).jpg,0.244,22.7,0.055,0.142,13.34,0.411,1,63477,317.0,258.9,1.225,0.806,0.972,0.752,0.577,2.0836,0.6711,0.7595,0.3423,0.9602,2.979,0.0206,0.0,black / very dark brown,round
Al-ajwa,alhamdan,alhamdan__Ajwa Date (125).jpg,0.234,4.0,0.083,0.297,14.16,0.389,1,61030,337.4,233.0,1.448,0.821,0.987,0.83,0.723,5.3614,1.4223,0.55,0.1411,0.9096,3.208,0.1067,0.0,black / very dark brown,oval
Al-ajwa,alhamdan,alhamdan__Ajwa Date (126).jpg,0.224,13.7,0.092,0.304,12.92,0.423,1,58187,335.6,222.7,1.507,0.82,0.989,0.815,0.748,6.022,1.6049,0.4998,0.1239,0.8743,3.215,0.1354,0.0,black / very dark brown,oval
Al-ajwa,alhamdan,alhamdan__Ajwa Date (127).jpg,0.242,16.5,0.064,0.254,14.66,0.376,1,62948,325.4,251.8,1.292,0.824,0.985,0.787,0.633,4.2709,1.2271,0.5928,0.1682,0.9301,3.188,0.0789,0.0,black / very dark brown,oval
Al-ajwa,alhamdan,alhamdan__Ajwa Date (128).jpg,0.208,14.6,0.069,0.277,14.23,0.387,1,54026,328.0,215.7,1.521,0.772,0.98,0.773,0.753,5.7,1.4936,0.5309,0.1362,0.9001,3.196,0.107,0.0003,black / very dark brown,oval
Al-ajwa,alhamdan,alhamdan__Ajwa Date (129).jpg,0.247,20.5,0.04,0.158,9.26,0.54,1,64277,328.3,254.5,1.29,0.799,0.973,0.807,0.632,3.0722,0.9732,0.6488,0.2344,0.9037,3.162,0.0188,0.0,black / very dark brown,oval
Al-ajwa,alhamdan,alhamdan__Ajwa Date (13).jpg,0.232,26.0,0.052,0.247,12.98,0.421,1,60277,341.4,228.4,1.495,0.813,0.986,0.83,0.743,4.9589,1.4079,0.5396,0.1391,0.901,3.183,0.1205,0.0,black / very dark brown,oval
Al-ajwa,alhamdan,alhamdan__Ajwa Date (130).jpg,0.249,19.6,0.048,0.16,9.54,0.529,1,64795,324.5,259.6,1.25,0.802,0.978,0.785,0.6,2.5925,0.8573,0.6869,0.2692,0.9225,3.055,0.0209,0.0,black / very dark brown,oval
Al-ajwa,alhamdan,alhamdan__Ajwa Date (131).jpg,0.243,4.4,0.147,0.293,14.74,0.374,1,63334,341.1,239.9,1.422,0.809,0.981,0.755,0.711,6.2962,1.5943,0.5152,0.1243,0.8933,3.2,0.145,0.0,black / very dark brown,oval
Al-ajwa,alhamdan,alhamdan__Ajwa Date (133).jpg,0.214,5.8,0.127,0.283,14.57,0.378,1,55706,337.3,215.2,1.567,0.792,0.984,0.767,0.77,6.5621,1.6647,0.4979,0.1193,0.8845,3.185,0.1499,0.0,black / very dark brown,oval
Al-ajwa,alhamdan,alhamdan__Ajwa Date (134).jpg,0.215,13.0,0.048,0.229,12.85,0.425,1,56024,332.5,216.9,1.533,0.817,0.987,0.817,0.758,4.3406,1.2885,0.568,0.1431,0.9058,3.146,0.0891,0.0,black / very dark brown,oval
Al-ajwa,alhamdan,alhamdan__Ajwa Date (135).jpg,0.205,19.3,0.058,0.269,13.78,0.399,1,53353,323.9,211.4,1.532,0.813,0.991,0.79,0.758,5.009,1.4135,0.5415,0.1264,0.9098,3.162,0.1133,0.0,black / very dark brown,oval
Al-ajwa,alhamdan,alhamdan__Ajwa Date (136).jpg,0.234,20.2,0.078,0.262,14.54,0.379,1,60858,324.4,240.5,1.349,0.846,0.99,0.787,0.671,7.102,1.7049,0.4984,0.1244,0.8765,3.204,0.1604,0.0,black / very dark brown,oval
Al-ajwa,alhamdan,alhamdan__Ajwa Date (137).jpg,0.221,26.1,0.09,0.336,13.82,0.398,1,57528,347.2,212.0,1.638,0.809,0.987,0.806,0.792,8.6813,1.9372,0.461,0.1116,0.8354,3.208,0.1793,0.0,greyish / dull,oblong / elongated
Al-ajwa,alhamdan,alhamdan__Ajwa Date (139).jpg,0.195,23.3,0.055,0.263,14.36,0.384,1,50847,334.3,195.4,1.71,0.78,0.984,0.791,0.811,6.2022,1.5492,0.529,0.143,0.8931,3.178,0.1277,0.0,black / very dark brown,oblong / elongated
Al-ajwa,alhamdan,alhamdan__Ajwa Date (14).jpg,0.186,14.4,0.046,0.251,14.56,0.379,1,48480,339.5,188.0,1.806,0.761,0.984,0.844,0.833,4.8676,1.3275,0.5732,0.1446,0.9155,3.143,0.1068,0.0,black / very dark brown,oblong / elongated
Al-ajwa,alhamdan,alhamdan__Ajwa Date (140).jpg,0.213,341.6,0.072,0.284,14.03,0.392,1,55359,333.3,217.3,1.534,0.789,0.981,0.81,0.758,6.3221,1.5723,0.5219,0.1199,0.8813,3.144,0.125,0.0,black / very dark brown,oval
Al-ajwa,alhamdan,alhamdan__Ajwa Date (141).jpg,0.198,355.6,0.075,0.293,13.17,0.416,1,51613,340.0,197.4,1.722,0.778,0.986,0.814,0.814,5.6978,1.5107,0.5224,0.1312,0.8927,3.206,0.1179,0.0,black / very dark brown,oblong / elongated
Al-ajwa,alhamdan,alhamdan__Ajwa Date (143).jpg,0.201,357.4,0.054,0.217,12.66,0.43,1,52325,338.2,202.2,1.673,0.783,0.987,0.818,0.802,4.6948,1.2888,0.5787,0.1657,0.9038,3.157,0.0746,0.0,black / very dark brown,oblong / elongated
Al-ajwa,alhamdan,alhamdan__Ajwa Date (145).jpg,0.235,11.2,0.058,0.287,13.11,0.417,1,61180,332.5,237.3,1.401,0.849,0.995,0.814,0.7,5.8077,1.5364,0.52,0.1208,0.885,3.179,0.1347,0.0,black / very dark brown,oval
Al-ajwa,alhamdan,alhamdan__Ajwa Date (147).jpg,0.197,12.7,0.057,0.235,14.63,0.377,1,51141,335.9,199.4,1.684,0.76,0.975,0.83,0.805,5.2025,1.3283,0.5781,0.1617,0.9156,3.192,0.0972,0.0,black / very dark brown,oblong / elongated
Al-ajwa,alhamdan,alhamdan__Ajwa Date (149).jpg,0.215,5.8,0.067,0.24,12.93,0.422,1,56009,336.1,213.9,1.571,0.825,0.988,0.83,0.771,4.7612,1.3128,0.5678,0.1548,0.905,3.215,0.0839,0.0,black / very dark brown,oval
Al-ajwa,alhamdan,alhamdan__Ajwa Date (15).jpg,0.239,14.3,0.046,0.154,11.5,0.464,1,62295,327.2,244.9,1.336,0.814,0.983,0.792,0.663,2.6232,0.8407,0.6967,0.2599,0.9375,3.095,0.0331,0.0,black / very dark brown,oval
Al-ajwa,alhamdan,alhamdan__Ajwa Date (153).jpg,0.219,6.5,0.07,0.237,14.66,0.376,1,56895,341.5,217.1,1.573,0.791,0.979,0.859,0.772,4.8241,1.2797,0.5885,0.1524,0.9194,3.182,0.0912,0.0,black / very dark brown,oval
Al-ajwa,alhamdan,alhamdan__Ajwa Date (154).jpg,0.232,356.8,0.084,0.279,14.37,0.384,1,60469,327.0,240.7,1.359,0.818,0.987,0.801,0.677,4.9587,1.3763,0.5566,0.1369,0.9137,3.141,0.1038,0.0,black / very dark brown,oval
Al-ajwa,alhamdan,alhamdan__Ajwa Date (155).jpg,0.217,6.8,0.109,0.289,15.26,0.362,1,56552,333.7,219.8,1.518,0.817,0.984,0.811,0.752,4.0348,1.2516,0.5754,0.1356,0.9316,3.156,0.0793,0.0,black / very dark brown,oval
Al-ajwa,alhamdan,alhamdan__Ajwa Date (157).jpg,0.219,7.5,0.131,0.242,13.29,0.412,1,56880,332.6,220.8,1.506,0.845,0.993,0.842,0.748,4.1145,1.2365,0.5797,0.1565,0.9155,3.191,0.0839,0.0,black / very dark brown,oval
Al-ajwa,alhamdan,alhamdan__Ajwa Date (158).jpg,0.233,2.8,0.121,0.257,13.44,0.408,1,60705,333.2,236.7,1.408,0.823,0.985,0.82,0.704,4.2221,1.2558,0.574,0.1483,0.9168,3.198,0.0776,0.0,black / very dark brown,oval
Al-ajwa,alhamdan,alhamdan__Ajwa Date (159).jpg,0.209,10.0,0.102,0.24,14.28,0.386,1,54440,342.7,206.3,1.661,0.8,0.99,0.822,0.798,3.7194,1.1386,0.6051,0.1638,0.9333,3.197,0.0583,0.0,black / very dark brown,oblong / elongated
Al-ajwa,alhamdan,alhamdan__Ajwa Date (16).jpg,0.23,12.7,0.035,0.167,10.61,0.493,1,59954,331.2,232.7,1.423,0.823,0.985,0.808,0.712,3.2176,0.9801,0.6508,0.208,0.92,3.131,0.0323,0.0,black / very dark brown,oval
Al-ajwa,alhamdan,alhamdan__Ajwa Date (160).jpg,0.201,15.5,0.053,0.208,13.56,0.405,1,52171,325.2,206.8,1.573,0.801,0.988,0.785,0.772,3.4965,1.0167,0.6516,0.1984,0.934,3.163,0.0595,0.0,black / very dark brown,oval
Al-ajwa,alhamdan,alhamdan__Ajwa Date (161).jpg,0.241,24.2,0.07,0.15,10.33,0.502,1,62656,322.0,254.7,1.264,0.781,0.968,0.762,0.612,2.7556,0.8587,0.6916,0.2511,0.9265,3.08,0.0188,0.0,black / very dark brown,oval
Al-ajwa,alhamdan,alhamdan__Ajwa Date (165).jpg,0.216,3.9,0.112,0.293,14.86,0.371,1,56114,331.6,220.9,1.501,0.785,0.979,0.801,0.746,5.5827,1.478,0.5356,0.1304,0.9074,3.196,0.1142,0.0,black / very dark brown,oval
Al-ajwa,alhamdan,alhamdan__Ajwa Date (167).jpg,0.232,16.8,0.075,0.25,12.75,0.427,1,60451,336.2,235.0,1.43,0.804,0.98,0.811,0.715,4.6743,1.358,0.5503,0.1358,0.8982,3.17,0.107,0.0,black / very dark brown,oval
Al-ajwa,alhamdan,alhamdan__Ajwa Date (168).jpg,0.213,14.1,0.086,0.24,15.62,0.353,1,55355,328.4,216.9,1.514,0.748,0.977,0.811,0.751,3.7853,1.1282,0.6196,0.1698,0.9376,3.155,0.0717,0.0,black / very dark brown,oval
Al-ajwa,alhamdan,alhamdan__Ajwa Date (169).jpg,0.22,15.7,0.059,0.248,13.98,0.394,1,57140,327.0,224.3,1.458,0.835,0.991,0.795,0.728,4.3455,1.2364,0.5888,0.1618,0.9258,3.179,0.0823,0.0,black / very dark brown,oval
Al-ajwa,alhamdan,alhamdan__Ajwa Date (17).jpg,0.221,15.6,0.036,0.17,11.2,0.474,1,57486,334.1,221.3,1.51,0.807,0.983,0.806,0.749,2.8041,0.9425,0.656,0.2207,0.935,3.055,0.0216,0.0,black / very dark brown,oval
Al-ajwa,alhamdan,alhamdan__Ajwa Date (170).jpg,0.224,21.0,0.076,0.246,14.56,0.379,1,58248,332.6,225.6,1.475,0.814,0.987,0.824,0.735,3.9623,1.152,0.6082,0.1665,0.935,3.19,0.0656,0.0,black / very dark brown,oval
Al-ajwa,alhamdan,alhamdan__Ajwa Date (171).jpg,0.227,12.9,0.071,0.284,13.83,0.398,1,59172,330.9,230.1,1.438,0.832,0.989,0.801,0.719,5.8683,1.569,0.5065,0.1221,0.8917,3.201,0.1317,0.0,black / very dark brown,oval
Al-ajwa,alhamdan,alhamdan__Ajwa Date (172).jpg,0.215,17.2,0.047,0.278,13.39,0.41,1,55964,332.6,216.0,1.54,0.826,0.989,0.81,0.76,5.1695,1.4749,0.5213,0.1263,0.9043,3.215,0.1109,0.0,black / very dark brown,oval
Al-ajwa,alhamdan,alhamdan__Ajwa Date (173).jpg,0.201,20.3,0.062,0.257,12.9,0.423,1,52337,331.8,204.9,1.619,0.79,0.981,0.819,0.787,5.2148,1.4417,0.5335,0.1319,0.8898,3.181,0.1099,0.0,black / very dark brown,oblong / elongated
Al-ajwa,alhamdan,alhamdan__Ajwa Date (175).jpg,0.218,8.5,0.123,0.273,12.49,0.435,1,56783,322.5,225.3,1.432,0.841,0.99,0.804,0.716,4.935,1.393,0.5431,0.1323,0.887,3.187,0.1032,0.0,black / very dark brown,oval
Al-ajwa,alhamdan,alhamdan__Ajwa Date (18).jpg,0.205,359.3,0.069,0.27,14.25,0.387,1,53313,334.4,209.8,1.594,0.793,0.986,0.806,0.779,6.2515,1.564,0.5236,0.138,0.8826,3.179,0.1245,0.0,black / very dark brown,oval
Al-ajwa,alhamdan,alhamdan__Ajwa Date (19).jpg,0.208,18.3,0.107,0.246,14.22,0.387,1,54189,339.4,208.8,1.625,0.76,0.97,0.842,0.788,6.2322,1.6227,0.5041,0.1313,0.885,3.195,0.1579,0.0,black / very dark brown,oblong / elongated
Al-ajwa,alhamdan,alhamdan__Ajwa Date (22).jpg,0.198,10.7,0.055,0.292,13.7,0.401,1,51563,336.8,197.2,1.708,0.8,0.988,0.822,0.811,6.7335,1.6728,0.4995,0.117,0.8787,3.172,0.1522,0.0,black / very dark brown,oblong / elongated
Al-ajwa,alhamdan,alhamdan__Ajwa Date (25).jpg,0.213,20.6,0.062,0.225,12.95,0.422,1,55497,333.0,217.0,1.535,0.796,0.985,0.818,0.759,3.8339,1.1215,0.6159,0.1768,0.9253,3.195,0.0579,0.0,black / very dark brown,oval
Al-ajwa,alhamdan,alhamdan__Ajwa Date (26).jpg,0.205,20.4,0.075,0.269,13.65,0.403,1,53419,328.3,209.8,1.565,0.808,0.987,0.812,0.769,5.6569,1.4484,0.5486,0.148,0.8938,3.225,0.0953,0.0,black / very dark brown,oval
Al-ajwa,alhamdan,alhamdan__Ajwa Date (27).jpg,0.202,24.3,0.049,0.296,13.97,0.394,1,52582,335.7,202.1,1.661,0.799,0.989,0.818,0.798,5.3094,1.4638,0.531,0.1396,0.9091,3.215,0.1193,0.0,black / very dark brown,oblong / elongated
Al-ajwa,alhamdan,alhamdan__Ajwa Date (28).jpg,0.225,17.0,0.053,0.241,13.26,0.413,1,58438,331.5,228.1,1.453,0.821,0.987,0.82,0.726,4.2257,1.2274,0.5859,0.1631,0.9177,3.194,0.0743,0.0,black / very dark brown,oval
Al-ajwa,alhamdan,alhamdan__Ajwa Date (29).jpg,0.241,3.8,0.074,0.268,14.7,0.375,1,62827,369.0,221.2,1.669,0.783,0.981,0.826,0.801,5.9792,1.546,0.5277,0.1291,0.8975,3.191,0.1406,0.0,black / very dark brown,oblong / elongated
Al-ajwa,alhamdan,alhamdan__Ajwa Date (3).jpg,0.22,19.5,0.072,0.315,14.61,0.378,1,57336,329.4,222.8,1.479,0.831,0.99,0.816,0.737,6.4328,1.6632,0.4932,0.1109,0.8916,3.216,0.1542,0.0,black / very dark brown,oval
Al-ajwa,alhamdan,alhamdan__Ajwa Date (31).jpg,0.242,25.3,0.053,0.335,14.59,0.378,1,63093,373.5,217.9,1.714,0.78,0.985,0.818,0.812,7.7903,1.851,0.4694,0.1066,0.8757,3.226,0.1838,0.0,greyish / dull,oblong / elongated
Al-ajwa,alhamdan,alhamdan__Ajwa Date (32).jpg,0.227,350.0,0.075,0.25,13.59,0.404,1,59027,326.6,233.0,1.401,0.824,0.986,0.802,0.701,6.4569,1.6176,0.5118,0.1293,0.8712,3.163,0.1332,0.0,black / very dark brown,oval
Al-ajwa,alhamdan,alhamdan__Ajwa Date (35).jpg,0.238,23.4,0.061,0.163,11.68,0.459,1,61925,330.0,240.2,1.374,0.821,0.98,0.8,0.686,2.8787,0.9185,0.6683,0.2285,0.9365,3.118,0.0257,0.0,black / very dark brown,oval
Al-ajwa,alhamdan,alhamdan__Ajwa Date (36).jpg,0.26,13.9,0.047,0.197,11.6,0.462,1,67665,331.6,262.7,1.263,0.835,0.986,0.802,0.611,2.9691,1.0383,0.6259,0.1926,0.9234,2.937,0.0582,0.0,black / very dark brown,oval
Al-ajwa,alhamdan,alhamdan__Ajwa Date (39).jpg,0.213,21.8,0.077,0.244,13.42,0.409,1,55546,328.3,216.0,1.519,0.819,0.986,0.811,0.753,4.4635,1.3112,0.5636,0.1488,0.9123,3.207,0.0901,0.0,black / very dark brown,oval
Al-ajwa,alhamdan,alhamdan__Ajwa Date (4).jpg,0.218,6.8,0.068,0.283,15.24,0.362,1,56730,333.2,220.6,1.51,0.784,0.977,0.813,0.749,5.7679,1.5248,0.5233,0.1229,0.9096,3.21,0.1275,0.0,black / very dark brown,oval
Al-ajwa,alhamdan,alhamdan__Ajwa Date (41).jpg,0.232,5.1,0.082,0.241,11.92,0.452,1,60347,322.4,241.0,1.338,0.835,0.987,0.793,0.664,5.3661,1.4632,0.5343,0.1411,0.8594,3.17,0.1162,0.0,black / very dark brown,oval
Al-ajwa,alhamdan,alhamdan__Ajwa Date (42).jpg,0.213,16.5,0.066,0.248,13.72,0.401,1,55505,336.4,212.2,1.585,0.81,0.988,0.831,0.776,4.5605,1.3352,0.5599,0.1485,0.9119,3.169,0.1019,0.0,black / very dark brown,oval
Al-ajwa,alhamdan,alhamdan__Ajwa Date (43).jpg,0.206,26.6,0.074,0.28,14.58,0.378,1,53516,334.4,209.7,1.594,0.782,0.979,0.816,0.779,5.8717,1.5719,0.5118,0.1199,0.8965,3.193,0.1429,0.0,black / very dark brown,oval
Al-ajwa,alhamdan,alhamdan__Ajwa Date (44).jpg,0.221,17.9,0.063,0.247,15.21,0.363,1,57557,339.9,219.4,1.549,0.814,0.988,0.829,0.764,5.225,1.3792,0.5648,0.1423,0.917,3.187,0.1015,0.0,black / very dark brown,oval
Al-ajwa,alhamdan,alhamdan__Ajwa Date (45).jpg,0.224,12.8,0.05,0.214,12.82,0.425,1,58226,338.3,225.8,1.498,0.805,0.988,0.817,0.745,4.4001,1.2664,0.577,0.1555,0.9096,3.161,0.0831,0.0,black / very dark brown,oval
Al-ajwa,alhamdan,alhamdan__Ajwa Date (47).jpg,0.207,21.0,0.063,0.237,13.05,0.419,1,53814,338.9,207.0,1.637,0.787,0.983,0.82,0.792,5.0015,1.3798,0.5511,0.1475,0.9049,3.214,0.0949,0.0,black / very dark brown,oblong / elongated
Al-ajwa,alhamdan,alhamdan__Ajwa Date (48).jpg,0.235,12.3,0.091,0.289,15.37,0.359,1,61056,353.3,223.2,1.582,0.811,0.987,0.825,0.775,7.1718,1.7326,0.4928,0.1172,0.8876,3.185,0.177,0.0001,black / very dark brown,oval
Al-ajwa,alhamdan,alhamdan__Ajwa Date (49).jpg,0.222,4.5,0.081,0.281,15.72,0.351,1,57766,339.6,221.7,1.532,0.804,0.984,0.823,0.757,7.4548,1.703,0.5083,0.1214,0.8843,3.186,0.1501,0.0001,black / very dark brown,oval
Al-ajwa,alhamdan,alhamdan__Ajwa Date (5).jpg,0.215,8.9,0.058,0.267,14.91,0.37,1,55967,329.1,219.6,1.498,0.803,0.981,0.807,0.745,4.9322,1.4012,0.5452,0.1354,0.9219,3.205,0.1063,0.0,black / very dark brown,oval
Al-ajwa,alhamdan,alhamdan__Ajwa Date (51).jpg,0.209,17.6,0.05,0.254,15.05,0.367,1,54308,331.9,212.5,1.562,0.797,0.985,0.809,0.768,4.4364,1.2754,0.5795,0.1486,0.9295,3.183,0.0905,0.0,black / very dark brown,oval
Al-ajwa,alhamdan,alhamdan__Ajwa Date (52).jpg,0.207,18.6,0.071,0.271,13.7,0.401,1,53744,331.7,207.9,1.595,0.832,0.992,0.847,0.779,5.3344,1.4211,0.5493,0.1327,0.8991,3.188,0.1141,0.0,black / very dark brown,oval
Al-ajwa,alhamdan,alhamdan__Ajwa Date (53).jpg,0.23,5.5,0.078,0.253,12.51,0.434,1,59865,338.4,229.2,1.476,0.827,0.991,0.83,0.736,4.6717,1.3413,0.5558,0.145,0.9041,3.206,0.0911,0.0,black / very dark brown,oval
Al-ajwa,alhamdan,alhamdan__Ajwa Date (54).jpg,0.206,2.6,0.064,0.196,12.86,0.424,1,53527,334.6,206.4,1.621,0.805,0.986,0.851,0.787,3.6196,1.0327,0.6402,0.2071,0.9286,3.167,0.0433,0.0,black / very dark brown,oblong / elongated
Al-ajwa,alhamdan,alhamdan__Ajwa Date (55).jpg,0.224,3.1,0.054,0.238,12.97,0.421,1,58297,333.8,226.8,1.472,0.824,0.99,0.813,0.734,4.4184,1.2636,0.5764,0.1576,0.9124,3.187,0.0766,0.0,black / very dark brown,oval
Al-ajwa,alhamdan,alhamdan__Ajwa Date (56).jpg,0.228,15.0,0.09,0.245,15.5,0.356,1,59391,317.2,241.1,1.316,0.829,0.986,0.768,0.65,4.1799,1.2047,0.6022,0.1544,0.9345,3.129,0.0974,0.0,black / very dark brown,oval
Al-ajwa,alhamdan,alhamdan__Ajwa Date (57).jpg,0.222,16.1,0.093,0.26,13.15,0.416,1,57823,339.6,219.4,1.548,0.832,0.993,0.849,0.763,4.9508,1.4297,0.5339,0.1367,0.8945,3.208,0.0961,0.0,black / very dark brown,oval
Al-ajwa,alhamdan,alhamdan__Ajwa Date (60).jpg,0.222,16.6,0.092,0.276,13.55,0.405,1,57905,339.4,219.6,1.545,0.832,0.993,0.846,0.762,5.2209,1.4735,0.527,0.1325,0.8981,3.211,0.1109,0.0,black / very dark brown,oval
Al-ajwa,alhamdan,alhamdan__Ajwa Date (61).jpg,0.21,0.3,0.054,0.265,13.71,0.401,1,54535,335.5,212.7,1.578,0.799,0.984,0.803,0.774,4.7999,1.3586,0.5552,0.1411,0.909,3.159,0.1029,0.0,black / very dark brown,oval
Al-ajwa,alhamdan,alhamdan__Ajwa Date (63).jpg,0.185,356.9,0.078,0.282,13.53,0.406,1,48061,329.5,187.4,1.759,0.787,0.984,0.809,0.823,4.5747,1.3499,0.5504,0.1388,0.9117,3.19,0.1001,0.0,black / very dark brown,oblong / elongated
Al-ajwa,alhamdan,alhamdan__Ajwa Date (64).jpg,0.217,7.1,0.097,0.267,13.44,0.408,1,56562,325.7,224.0,1.454,0.832,0.991,0.801,0.726,4.9634,1.3998,0.5455,0.1398,0.8996,3.198,0.1019,0.0,black / very dark brown,oval
Al-ajwa,alhamdan,alhamdan__Ajwa Date (65).jpg,0.224,20.8,0.07,0.298,13.37,0.41,1,58383,325.9,229.3,1.422,0.842,0.99,0.806,0.711,5.562,1.5058,0.5225,0.1253,0.8982,3.192,0.1261,0.0,black / very dark brown,oval
Al-ajwa,alhamdan,alhamdan__Ajwa Date (66).jpg,0.226,10.7,0.083,0.31,15.7,0.351,1,58707,335.8,226.7,1.481,0.809,0.985,0.834,0.738,6.4633,1.6116,0.515,0.1189,0.9033,3.181,0.1382,0.0001,black / very dark brown,oval
Al-ajwa,alhamdan,alhamdan__Ajwa Date (67).jpg,0.219,5.5,0.072,0.265,13.84,0.397,1,57062,326.1,225.2,1.448,0.808,0.98,0.777,0.723,5.5184,1.4795,0.5338,0.1313,0.8947,3.199,0.1194,0.0,black / very dark brown,oval
Al-ajwa,alhamdan,alhamdan__Ajwa Date (69).jpg,0.226,9.3,0.073,0.276,14.47,0.381,1,58773,327.8,230.2,1.424,0.829,0.985,0.816,0.712,6.1622,1.5811,0.5155,0.1171,0.8901,3.188,0.1453,0.0,black / very dark brown,oval
Al-ajwa,alhamdan,alhamdan__Ajwa Date (7).jpg,0.23,22.5,0.056,0.262,13.05,0.419,1,59895,333.9,235.5,1.418,0.814,0.985,0.829,0.709,5.7132,1.4669,0.5431,0.136,0.8848,3.17,0.1097,0.0,black / very dark brown,oval
Al-ajwa,alhamdan,alhamdan__Ajwa Date (70).jpg,0.192,11.1,0.075,0.306,15.1,0.365,1,49882,335.8,190.4,1.764,0.794,0.99,0.828,0.824,6.2878,1.5895,0.5176,0.1199,0.8988,3.185,0.1301,0.0,black / very dark brown,oblong / elongated
Al-ajwa,alhamdan,alhamdan__Ajwa Date (71).jpg,0.251,13.0,0.063,0.244,12.84,0.425,1,65303,322.8,262.1,1.232,0.818,0.98,0.78,0.584,5.0532,1.4303,0.5353,0.1376,0.8955,3.176,0.1152,0.0,black / very dark brown,round
Al-ajwa,alhamdan,alhamdan__Ajwa Date (72).jpg,0.243,3.3,0.081,0.246,14.18,0.389,1,63227,325.6,252.7,1.288,0.824,0.98,0.798,0.63,5.4883,1.4094,0.5582,0.15,0.9066,3.141,0.1081,0.0,black / very dark brown,oval
Al-ajwa,alhamdan,alhamdan__Ajwa Date (74).jpg,0.211,13.8,0.075,0.287,13.36,0.41,1,54808,338.0,208.4,1.622,0.818,0.989,0.831,0.787,5.3165,1.4613,0.5302,0.123,0.897,3.201,0.1165,0.0,black / very dark brown,oblong / elongated
Al-ajwa,alhamdan,alhamdan__Ajwa Date (75).jpg,0.213,357.4,0.062,0.269,12.87,0.424,1,55497,337.0,212.8,1.583,0.828,0.99,0.838,0.775,4.8385,1.345,0.5636,0.1387,0.8989,3.164,0.1004,0.0,black / very dark brown,oval
Al-ajwa,alhamdan,alhamdan__Ajwa Date (79).jpg,0.257,7.2,0.113,0.247,13.85,0.397,1,66877,346.3,249.3,1.389,0.817,0.979,0.787,0.694,5.0081,1.368,0.5543,0.1428,0.9113,3.222,0.0833,0.0,black / very dark brown,oval
Al-ajwa,alhamdan,alhamdan__Ajwa Date (81).jpg,0.249,4.9,0.089,0.256,13.8,0.398,1,64964,337.4,248.2,1.36,0.813,0.979,0.776,0.677,5.6961,1.4845,0.5354,0.134,0.8995,3.186,0.1196,0.0,black / very dark brown,oval
Al-ajwa,alhamdan,alhamdan__Ajwa Date (82).jpg,0.221,7.2,0.088,0.233,14.11,0.39,1,57622,329.0,226.6,1.452,0.806,0.985,0.815,0.725,4.2717,1.2071,0.596,0.1626,0.9242,3.13,0.0799,0.0,black / very dark brown,oval
Al-ajwa,alhamdan,alhamdan__Ajwa Date (83).jpg,0.207,11.5,0.09,0.228,14.35,0.384,1,53925,343.6,206.4,1.665,0.79,0.982,0.851,0.8,4.4949,1.2122,0.6008,0.1605,0.9232,3.203,0.0664,0.0,black / very dark brown,oblong / elongated
Al-ajwa,alhamdan,alhamdan__Ajwa Date (85).jpg,0.207,11.0,0.079,0.255,14.11,0.39,1,53917,336.2,207.2,1.623,0.794,0.984,0.826,0.788,5.5179,1.3859,0.57,0.1631,0.9021,3.203,0.0942,0.0,black / very dark brown,oblong / elongated
Al-ajwa,alhamdan,alhamdan__Ajwa Date (87).jpg,0.247,32.6,0.083,0.195,13.5,0.407,1,64325,333.2,249.2,1.337,0.804,0.975,0.803,0.664,2.9059,0.9395,0.6644,0.2106,0.9457,3.03,0.032,0.0,black / very dark brown,oval
Al-ajwa,alhamdan,alhamdan__Ajwa Date (88).jpg,0.229,5.7,0.176,0.287,13.02,0.42,1,59496,333.7,232.8,1.434,0.822,0.988,0.801,0.717,5.3787,1.4399,0.5419,0.1356,0.888,3.171,0.1143,0.0,black / very dark brown,oval
Al-ajwa,alhamdan,alhamdan__Ajwa Date (89).jpg,0.22,9.4,0.115,0.289,14.14,0.39,1,57170,326.6,226.8,1.44,0.83,0.994,0.798,0.719,5.4194,1.4609,0.5372,0.1268,0.9036,3.153,0.1111,0.0,black / very dark brown,oval
Al-ajwa,alhamdan,alhamdan__Ajwa Date (9).jpg,0.226,19.5,0.064,0.219,14.38,0.383,1,58927,337.2,230.3,1.464,0.772,0.972,0.833,0.73,4.5759,1.2563,0.5964,0.1679,0.9163,3.143,0.0981,0.0,black / very dark brown,oval
Al-ajwa,alhamdan,alhamdan__Ajwa Date (91).jpg,0.226,6.5,0.086,0.281,13.29,0.412,1,58844,328.2,235.0,1.397,0.722,0.961,0.783,0.698,4.8302,1.3159,0.5755,0.1423,0.9002,3.124,0.0991,0.0,black / very dark brown,oval
Al-ajwa,alhamdan,alhamdan__Ajwa Date (92).jpg,0.22,15.1,0.07,0.263,13.97,0.394,1,57299,330.2,223.1,1.48,0.825,0.988,0.807,0.737,6.1176,1.5623,0.524,0.1301,0.8819,3.17,0.1394,0.0,black / very dark brown,oval
Al-ajwa,alhamdan,alhamdan__Ajwa Date (93).jpg,0.213,30.7,0.083,0.308,12.67,0.43,1,55534,323.3,222.0,1.456,0.802,0.982,0.789,0.727,7.4444,1.845,0.4577,0.1058,0.8263,3.212,0.1817,0.0,black / very dark brown,oval
Al-ajwa,alhamdan,alhamdan__Ajwa Date (95).jpg,0.21,5.6,0.111,0.296,14.08,0.391,1,54642,335.4,210.4,1.594,0.819,0.991,0.839,0.779,6.3879,1.651,0.4962,0.1157,0.8824,3.197,0.1465,0.0,black / very dark brown,oval
Al-ajwa,alhamdan,alhamdan__Ajwa Date (96).jpg,0.2,8.1,0.094,0.292,13.91,0.396,1,52135,339.6,199.3,1.704,0.798,0.988,0.846,0.81,5.8784,1.5403,0.5208,0.1218,0.8944,3.174,0.1372,0.0,black / very dark brown,oblong / elongated
Al-ajwa,alhamdan,alhamdan__Ajwa Date (98).jpg,0.243,13.4,0.058,0.213,12.19,0.444,1,63163,331.5,245.5,1.35,0.823,0.983,0.822,0.672,4.314,1.2856,0.5662,0.1534,0.8967,3.165,0.0875,0.0,black / very dark brown,oval
Al-majdool,alhamdan,alhamdan__Medjool Date (101).jpg,0.236,11.6,0.446,0.533,14.92,0.37,1,40998,325.3,166.1,1.958,0.738,0.986,0.808,0.86,7.3352,1.7943,0.477,0.1086,0.8244,3.193,0.1712,0.0002,reddish brown,oblong / elongated
Al-majdool,alhamdan,alhamdan__Medjool Date (102).jpg,0.355,10.9,0.406,0.49,14.37,0.384,1,92509,468.4,254.3,1.842,0.732,0.982,0.754,0.84,5.2493,1.4989,0.5195,0.1177,0.8444,3.165,0.1347,0.0002,reddish brown,oblong / elongated
Al-majdool,alhamdan,alhamdan__Medjool Date (103).jpg,0.361,13.3,0.456,0.455,14.18,0.389,1,94179,473.8,255.3,1.856,0.746,0.986,0.759,0.842,6.5552,1.5981,0.5179,0.1231,0.8051,3.168,0.1279,0.0001,amber brown,oblong / elongated
Al-majdool,alhamdan,alhamdan__Medjool Date (104).jpg,0.336,11.5,0.38,0.532,16.14,0.341,1,87452,495.0,230.1,2.152,0.702,0.984,0.797,0.885,6.916,1.6915,0.5052,0.1117,0.8318,3.058,0.1561,0.0004,reddish brown,oblong / elongated
Al-majdool,alhamdan,alhamdan__Medjool Date (105).jpg,0.266,13.9,0.407,0.452,14.33,0.385,1,46191,320.6,186.9,1.715,0.77,0.986,0.782,0.812,5.4246,1.5201,0.5131,0.128,0.7372,3.17,0.1293,0.0001,amber brown,oblong / elongated
Al-majdool,alhamdan,alhamdan__Medjool Date (106).jpg,0.358,352.0,0.315,0.644,27.38,0.161,1,62195,327.9,249.0,1.317,0.758,0.973,0.8,0.651,5.8037,1.3269,0.6246,0.2182,0.9515,3.073,0.1172,0.174,reddish brown,oval
Al-majdool,alhamdan,alhamdan__Medjool Date (107).jpg,0.418,19.3,0.571,0.519,13.7,0.401,1,109031,489.0,288.8,1.693,0.775,0.991,0.774,0.807,3.8684,1.1981,0.5903,0.1565,0.7894,3.041,0.0769,0.0006,amber brown,oblong / elongated
Al-majdool,alhamdan,alhamdan__Medjool Date (108).jpg,0.315,9.7,0.436,0.462,15.06,0.366,1,82074,464.5,227.0,2.047,0.704,0.99,0.716,0.873,5.7932,1.5294,0.5298,0.121,0.8739,3.184,0.1345,0.0,reddish brown,oblong / elongated
Al-majdool,alhamdan,alhamdan__Medjool Date (11).jpg,0.313,15.8,0.539,0.471,14.69,0.376,1,81620,447.3,235.1,1.903,0.763,0.99,0.816,0.851,6.3539,1.4845,0.557,0.1334,0.8265,3.164,0.1069,0.0008,amber brown,oblong / elongated
Al-majdool,alhamdan,alhamdan__Medjool Date (110).jpg,0.32,15.3,0.579,0.406,13.49,0.407,1,83245,453.7,235.0,1.931,0.743,0.992,0.749,0.855,7.0379,1.5045,0.5719,0.161,0.777,3.129,0.1024,0.0002,amber brown,oblong / elongated
Al-majdool,alhamdan,alhamdan__Medjool Date (111).jpg,0.379,12.2,0.466,0.558,14.18,0.389,1,98830,458.0,277.5,1.65,0.751,0.976,0.778,0.795,4.6335,1.3435,0.5569,0.1302,0.8628,3.153,0.1037,0.0004,amber brown,oblong / elongated
Al-majdool,alhamdan,alhamdan__Medjool Date (112).jpg,0.321,6.2,0.356,0.487,13.56,0.405,1,83750,436.5,245.5,1.778,0.743,0.982,0.752,0.827,5.2839,1.4895,0.5237,0.127,0.8297,3.19,0.1295,0.0004,reddish brown,oblong / elongated
Al-majdool,alhamdan,alhamdan__Medjool Date (113).jpg,0.361,7.1,0.31,0.5,13.69,0.401,1,93972,452.0,268.7,1.682,0.741,0.985,0.768,0.804,5.8313,1.547,0.5175,0.1233,0.8314,3.163,0.138,0.0001,reddish brown,oblong / elongated
Al-majdool,alhamdan,alhamdan__Medjool Date (114).jpg,0.334,17.2,0.46,0.544,15.0,0.368,1,87017,479.4,235.3,2.038,0.734,0.991,0.807,0.871,4.3552,1.3234,0.5553,0.1177,0.8862,3.176,0.0932,0.0003,amber brown,oblong / elongated
Al-majdool,alhamdan,alhamdan__Medjool Date (116).jpg,0.34,17.0,0.551,0.535,16.54,0.332,1,88478,490.5,235.1,2.087,0.725,0.989,0.803,0.878,7.6861,1.6687,0.5249,0.1147,0.8043,3.209,0.1376,0.0017,amber brown,oblong / elongated
Al-majdool,alhamdan,alhamdan__Medjool Date (117).jpg,0.261,15.9,0.535,0.551,15.08,0.366,1,67990,380.3,231.4,1.644,0.774,0.985,0.799,0.794,4.4583,1.3764,0.5385,0.1195,0.8601,3.188,0.1051,0.0002,amber brown,oblong / elongated
Al-majdool,alhamdan,alhamdan__Medjool Date (118).jpg,0.269,18.3,0.584,0.565,17.72,0.307,1,69960,379.4,237.4,1.598,0.788,0.988,0.802,0.78,5.7116,1.4134,0.5713,0.1237,0.8762,3.174,0.1247,0.0004,amber brown,oval
Al-majdool,alhamdan,alhamdan__Medjool Date (119).jpg,0.318,21.8,0.6,0.595,15.97,0.345,1,82853,424.6,253.7,1.673,0.735,0.985,0.779,0.802,2.6258,0.9735,0.6352,0.1448,0.9189,3.203,0.0441,0.0003,amber brown,oblong / elongated
Al-majdool,alhamdan,alhamdan__Medjool Date (12).jpg,0.357,15.8,0.604,0.543,17.02,0.322,1,92936,451.1,265.7,1.698,0.77,0.988,0.824,0.808,8.526,1.6859,0.5486,0.1479,0.7921,3.181,0.1306,0.0014,amber brown,oblong / elongated
Al-majdool,alhamdan,alhamdan__Medjool Date (120).jpg,0.278,18.4,0.555,0.48,14.74,0.374,1,72469,443.8,211.1,2.103,0.729,0.985,0.782,0.88,3.0324,1.0267,0.6281,0.1504,0.9176,3.204,0.0474,0.0,amber brown,oblong / elongated
Al-majdool,alhamdan,alhamdan__Medjool Date (121).jpg,0.319,16.1,0.509,0.553,17.07,0.321,1,83190,439.4,248.6,1.768,0.744,0.987,0.754,0.825,8.734,1.8424,0.488,0.1028,0.7897,3.19,0.1622,0.0027,amber brown,oblong / elongated
Al-majdool,alhamdan,alhamdan__Medjool Date (122).jpg,0.271,21.5,0.56,0.554,16.77,0.327,1,70589,423.8,213.7,1.983,0.738,0.991,0.775,0.864,2.4505,0.9742,0.6276,0.1443,0.9161,3.183,0.0443,0.0003,amber brown,oblong / elongated
Al-majdool,alhamdan,alhamdan__Medjool Date (123).jpg,0.29,14.5,0.524,0.364,12.08,0.447,1,75613,406.8,244.6,1.664,0.747,0.983,0.746,0.799,3.337,1.1159,0.6069,0.1599,0.8439,3.004,0.075,0.0,dark brown,oblong / elongated
Al-majdool,alhamdan,alhamdan__Medjool Date (124).jpg,0.315,13.7,0.5,0.539,14.9,0.37,1,82129,425.7,249.9,1.704,0.785,0.99,0.795,0.81,4.1568,1.3059,0.5569,0.127,0.8685,3.175,0.0962,0.0002,amber brown,oblong / elongated
Al-majdool,alhamdan,alhamdan__Medjool Date (125).jpg,0.312,15.1,0.529,0.558,13.9,0.396,1,81330,415.7,252.0,1.65,0.783,0.99,0.772,0.795,3.7523,1.2609,0.5562,0.1377,0.8672,3.189,0.0845,0.0,amber brown,oblong / elongated
Al-majdool,alhamdan,alhamdan__Medjool Date (126).jpg,0.315,12.9,0.499,0.523,14.13,0.39,1,81995,434.0,247.7,1.752,0.757,0.99,0.777,0.821,4.0954,1.3193,0.5459,0.1367,0.8589,3.208,0.093,0.0001,amber brown,oblong / elongated
Al-majdool,alhamdan,alhamdan__Medjool Date (128).jpg,0.359,9.1,0.444,0.516,14.02,0.393,1,93607,490.9,247.8,1.981,0.712,0.988,0.754,0.863,5.2904,1.4804,0.5261,0.1199,0.8335,3.117,0.1248,0.0001,reddish brown,oblong / elongated
Al-majdool,alhamdan,alhamdan__Medjool Date (129).jpg,0.242,12.0,0.484,0.527,14.52,0.38,1,42009,340.2,159.2,2.136,0.713,0.989,0.803,0.884,4.9739,1.4748,0.5184,0.122,0.8284,3.168,0.1294,0.0,reddish brown,oblong / elongated
Al-majdool,alhamdan,alhamdan__Medjool Date (13).jpg,0.362,12.6,0.492,0.488,15.79,0.349,1,94355,417.6,288.4,1.448,0.798,0.987,0.775,0.723,5.671,1.4499,0.5549,0.1253,0.8756,3.199,0.1188,0.0002,amber brown,oval
Al-majdool,alhamdan,alhamdan__Medjool Date (130).jpg,0.232,17.6,0.545,0.578,14.29,0.386,1,40327,331.4,159.2,2.082,0.726,0.992,0.808,0.877,4.6947,1.3602,0.5533,0.1323,0.8575,3.183,0.1046,0.0,amber brown,oblong / elongated
Al-majdool,alhamdan,alhamdan__Medjool Date (131).jpg,0.22,16.8,0.526,0.563,13.74,0.4,1,38063,326.1,152.3,2.142,0.689,0.984,0.758,0.884,5.933,1.5748,0.5123,0.1235,0.8187,3.152,0.1288,0.0005,amber brown,oblong / elongated
Al-majdool,alhamdan,alhamdan__Medjool Date (132).jpg,0.334,18.6,0.566,0.423,13.2,0.415,1,87007,463.1,243.1,1.905,0.748,0.991,0.77,0.851,5.082,1.3371,0.5776,0.15,0.8043,3.029,0.0997,0.0,amber brown,oblong / elongated
Al-majdool,alhamdan,alhamdan__Medjool Date (134).jpg,0.257,16.9,0.564,0.55,15.65,0.352,1,66981,409.5,210.9,1.942,0.75,0.989,0.786,0.857,2.5943,1.0122,0.6185,0.1458,0.9124,3.151,0.0421,0.0,amber brown,oblong / elongated
Al-majdool,alhamdan,alhamdan__Medjool Date (135).jpg,0.311,18.1,0.583,0.564,16.23,0.339,1,81046,407.3,254.6,1.6,0.792,0.986,0.79,0.781,6.014,1.4729,0.5536,0.1239,0.8424,3.207,0.1201,0.0013,amber brown,oval
Al-majdool,alhamdan,alhamdan__Medjool Date (14).jpg,0.354,12.7,0.487,0.514,17.94,0.302,1,92405,422.3,280.2,1.507,0.801,0.99,0.759,0.748,7.104,1.5916,0.5423,0.1118,0.8714,3.161,0.1335,0.0007,amber brown,oval
Al-majdool,alhamdan,alhamdan__Medjool Date (15).jpg,0.399,10.3,0.408,0.536,15.51,0.356,1,103898,437.6,305.7,1.431,0.761,0.977,0.781,0.716,3.7387,1.2841,0.5515,0.1154,0.9056,3.083,0.115,0.0,reddish brown,oval
Al-majdool,alhamdan,alhamdan__Medjool Date (17).jpg,0.302,18.0,0.516,0.491,15.68,0.351,1,52393,345.3,195.4,1.767,0.765,0.988,0.796,0.824,5.557,1.4884,0.5286,0.1205,0.8038,3.08,0.1099,0.0,amber brown,oblong / elongated
Al-majdool,alhamdan,alhamdan__Medjool Date (18).jpg,0.237,13.8,0.483,0.538,14.78,0.373,1,41097,314.0,168.2,1.867,0.747,0.988,0.749,0.844,7.6212,1.8195,0.4702,0.1123,0.7847,3.216,0.1725,0.0015,amber brown,oblong / elongated
Al-majdool,alhamdan,alhamdan__Medjool Date (19).jpg,0.396,17.6,0.431,0.398,13.79,0.399,1,103181,492.6,272.6,1.807,0.754,0.986,0.816,0.833,4.8229,1.3769,0.5513,0.1238,0.8431,3.039,0.102,0.0,dark brown,oblong / elongated
Al-majdool,alhamdan,alhamdan__Medjool Date (2).jpg,0.381,10.2,0.474,0.541,13.75,0.4,1,99222,461.3,274.3,1.682,0.794,0.991,0.776,0.804,6.3786,1.6611,0.4909,0.118,0.7812,3.166,0.1511,0.0015,reddish brown,oblong / elongated
Al-majdool,alhamdan,alhamdan__Medjool Date (20).jpg,0.331,20.4,0.566,0.42,13.45,0.408,1,86252,413.5,267.4,1.547,0.78,0.985,0.762,0.763,5.2151,1.4061,0.5521,0.1293,0.7957,3.126,0.1048,0.0,amber brown,oval
Al-majdool,alhamdan,alhamdan__Medjool Date (21).jpg,0.346,14.9,0.504,0.423,17.08,0.32,1,90144,424.2,273.5,1.551,0.775,0.98,0.809,0.764,8.7617,1.8102,0.5108,0.1142,0.8306,3.177,0.1747,0.0001,amber brown,oval
Al-majdool,alhamdan,alhamdan__Medjool Date (26).jpg,0.316,19.0,0.5,0.505,15.87,0.347,1,82293,458.0,229.9,1.992,0.714,0.989,0.74,0.865,3.6073,1.1912,0.5836,0.1245,0.8972,3.079,0.0723,0.0001,amber brown,oblong / elongated
Al-majdool,alhamdan,alhamdan__Medjool Date (28).jpg,0.339,16.6,0.558,0.569,15.79,0.349,1,88406,457.6,247.9,1.846,0.741,0.986,0.795,0.841,3.5294,1.1553,0.5947,0.1419,0.89,3.157,0.0787,0.0002,amber brown,oblong / elongated
Al-majdool,alhamdan,alhamdan__Medjool Date (30).jpg,0.328,12.5,0.51,0.479,16.28,0.338,1,85567,410.1,266.2,1.54,0.808,0.991,0.784,0.761,7.0311,1.5757,0.5416,0.1235,0.8394,3.162,0.1334,0.0007,amber brown,oval
Al-majdool,alhamdan,alhamdan__Medjool Date (31).jpg,0.304,11.9,0.435,0.438,13.45,0.408,1,79197,383.6,264.7,1.449,0.785,0.983,0.799,0.724,5.233,1.4271,0.5419,0.1263,0.8426,3.213,0.1038,0.0002,dark red-brown,oval
Al-majdool,alhamdan,alhamdan__Medjool Date (33).jpg,0.27,20.0,0.56,0.536,16.62,0.33,1,70380,390.5,232.0,1.683,0.791,0.99,0.803,0.804,4.0812,1.2466,0.5817,0.1316,0.8857,3.19,0.0951,0.0002,amber brown,oblong / elongated
Al-majdool,alhamdan,alhamdan__Medjool Date (34).jpg,0.303,17.6,0.528,0.527,14.47,0.381,1,78905,403.7,252.3,1.6,0.808,0.993,0.808,0.781,3.7531,1.2548,0.5624,0.1299,0.8759,3.22,0.0898,0.0,amber brown,oval
Al-majdool,alhamdan,alhamdan__Medjool Date (35).jpg,0.311,17.3,0.564,0.521,16.13,0.341,1,80937,408.4,255.0,1.602,0.802,0.993,0.804,0.781,6.2841,1.6134,0.514,0.12,0.8433,3.231,0.1563,0.0001,amber brown,oblong / elongated
Al-majdool,alhamdan,alhamdan__Medjool Date (36).jpg,0.24,8.4,0.415,0.434,14.92,0.37,1,41565,324.8,165.3,1.965,0.709,0.978,0.802,0.861,8.2542,1.9664,0.4419,0.107,0.6916,3.2,0.1983,0.0,dark red-brown,oblong / elongated
Al-majdool,alhamdan,alhamdan__Medjool Date (37).jpg,0.379,9.0,0.395,0.46,16.08,0.342,1,98701,505.1,252.2,2.003,0.718,0.986,0.786,0.866,7.6937,1.7786,0.4905,0.11,0.7822,3.065,0.161,0.0002,reddish brown,oblong / elongated
Al-majdool,alhamdan,alhamdan__Medjool Date (38).jpg,0.373,10.7,0.357,0.445,25.43,0.184,1,64870,327.1,255.0,1.282,0.815,0.981,0.82,0.626,4.1462,1.0816,0.6617,0.1793,0.9679,3.102,0.0899,0.0,dark red-brown,oval
Al-majdool,alhamdan,alhamdan__Medjool Date (39).jpg,0.364,19.4,0.623,0.578,18.0,0.301,1,94800,438.2,277.5,1.579,0.805,0.991,0.811,0.774,5.499,1.3707,0.58,0.1284,0.8755,3.219,0.1098,0.0009,amber brown,oval
Al-majdool,alhamdan,alhamdan__Medjool Date (4).jpg,0.346,18.0,0.578,0.535,16.05,0.343,1,90114,417.7,276.6,1.51,0.79,0.987,0.758,0.749,3.5841,1.1804,0.5859,0.1431,0.8574,3.177,0.0839,0.0003,amber brown,oval
Al-majdool,alhamdan,alhamdan__Medjool Date (40).jpg,0.367,17.3,0.578,0.55,18.33,0.295,1,95585,431.2,284.9,1.513,0.819,0.991,0.805,0.751,7.7979,1.6582,0.5403,0.128,0.8261,3.151,0.1523,0.0008,amber brown,oval
Al-majdool,alhamdan,alhamdan__Medjool Date (41).jpg,0.286,15.3,0.526,0.482,17.47,0.312,1,74345,419.2,228.9,1.831,0.753,0.98,0.81,0.838,7.4147,1.5476,0.5648,0.136,0.8202,3.148,0.1208,0.0023,amber brown,oblong / elongated
Al-majdool,alhamdan,alhamdan__Medjool Date (42).jpg,0.287,16.4,0.521,0.516,16.14,0.341,1,74788,390.6,244.5,1.598,0.786,0.987,0.77,0.78,6.4414,1.5557,0.534,0.1266,0.8487,3.192,0.1438,0.0005,amber brown,oval
Al-majdool,alhamdan,alhamdan__Medjool Date (43).jpg,0.272,18.5,0.557,0.483,15.52,0.355,1,70869,371.6,244.1,1.522,0.817,0.991,0.785,0.754,3.4561,1.1411,0.6015,0.1559,0.8931,3.154,0.078,0.0002,amber brown,oval
Al-majdool,alhamdan,alhamdan__Medjool Date (44).jpg,0.287,15.7,0.552,0.572,15.46,0.357,1,74829,398.5,242.3,1.644,0.795,0.987,0.82,0.794,3.6773,1.1948,0.5849,0.1361,0.8891,3.176,0.0911,0.0001,amber brown,oblong / elongated
Al-majdool,alhamdan,alhamdan__Medjool Date (45).jpg,0.26,17.0,0.617,0.579,16.23,0.339,1,67684,410.3,212.3,1.932,0.753,0.989,0.803,0.856,3.352,1.1104,0.6062,0.1461,0.9015,3.154,0.0716,0.0,amber brown,oblong / elongated
Al-majdool,alhamdan,alhamdan__Medjool Date (46).jpg,0.286,15.9,0.605,0.53,14.5,0.38,1,74558,398.7,241.8,1.649,0.789,0.99,0.804,0.795,3.2079,1.1155,0.6,0.1499,0.8938,3.178,0.075,0.0,amber brown,oblong / elongated
Al-majdool,alhamdan,alhamdan__Medjool Date (47).jpg,0.33,9.3,0.41,0.52,13.53,0.406,1,86066,427.3,259.1,1.649,0.793,0.99,0.79,0.795,5.9805,1.5949,0.503,0.1239,0.7793,3.184,0.1355,0.0002,reddish brown,oblong / elongated
Al-majdool,alhamdan,alhamdan__Medjool Date (48).jpg,0.32,14.8,0.519,0.399,11.16,0.475,1,83250,424.7,253.5,1.675,0.774,0.988,0.768,0.802,3.1261,1.0824,0.6116,0.1622,0.8377,2.957,0.0652,0.0,dark brown,oblong / elongated
Al-majdool,alhamdan,alhamdan__Medjool Date (49).jpg,0.347,6.9,0.385,0.506,12.53,0.434,1,90536,454.6,259.7,1.751,0.766,0.99,0.822,0.821,6.8596,1.695,0.4958,0.1379,0.7222,3.197,0.1519,0.0,reddish brown,oblong / elongated
Al-majdool,alhamdan,alhamdan__Medjool Date (50).jpg,0.346,7.3,0.325,0.501,13.45,0.408,1,90145,478.0,243.6,1.962,0.731,0.981,0.787,0.86,4.315,1.3706,0.5387,0.1264,0.8499,3.169,0.1135,0.0,reddish brown,oblong / elongated
Al-majdool,alhamdan,alhamdan__Medjool Date (51).jpg,0.386,6.7,0.358,0.528,16.21,0.339,1,100541,482.3,268.0,1.8,0.763,0.99,0.762,0.831,4.2763,1.3087,0.5634,0.1371,0.8678,3.165,0.1071,0.0,reddish brown,oblong / elongated
Al-majdool,alhamdan,alhamdan__Medjool Date (52).jpg,0.362,9.0,0.404,0.532,15.81,0.349,1,94328,472.0,258.9,1.823,0.742,0.986,0.732,0.836,4.0959,1.288,0.564,0.1272,0.8702,3.07,0.1019,0.0,reddish brown,oblong / elongated
Al-majdool,alhamdan,alhamdan__Medjool Date (53).jpg,0.296,11.7,0.543,0.542,13.97,0.394,1,77189,413.9,238.6,1.734,0.776,0.99,0.796,0.817,5.6687,1.5232,0.5237,0.1293,0.7802,3.204,0.1339,0.0001,reddish brown,oblong / elongated
Al-majdool,alhamdan,alhamdan__Medjool Date (54).jpg,0.309,7.5,0.456,0.522,14.56,0.379,1,80368,426.5,245.0,1.741,0.759,0.991,0.74,0.819,5.0857,1.4193,0.5477,0.1399,0.8445,3.162,0.1256,0.0,reddish brown,oblong / elongated
Al-majdool,alhamdan,alhamdan__Medjool Date (57).jpg,0.351,13.2,0.471,0.522,14.22,0.388,1,91552,438.8,268.7,1.633,0.77,0.985,0.768,0.79,3.4438,1.1702,0.5852,0.1458,0.8916,3.182,0.0759,0.0,amber brown,oblong / elongated
Al-majdool,alhamdan,alhamdan__Medjool Date (59).jpg,0.349,15.4,0.495,0.547,12.45,0.436,1,91039,427.5,275.4,1.552,0.785,0.986,0.778,0.765,4.4873,1.3782,0.5349,0.1383,0.8204,3.231,0.099,0.0002,amber brown,oval
Al-majdool,alhamdan,alhamdan__Medjool Date (60).jpg,0.266,16.4,0.462,0.437,13.09,0.418,1,69228,438.8,206.4,2.126,0.694,0.983,0.755,0.883,3.8292,1.2407,0.5704,0.1373,0.8762,3.164,0.0839,0.0,amber brown,oblong / elongated
Al-majdool,alhamdan,alhamdan__Medjool Date (61).jpg,0.336,18.8,0.548,0.386,11.77,0.456,1,87510,411.8,276.8,1.488,0.781,0.988,0.763,0.74,5.177,1.36,0.5688,0.148,0.7831,3.169,0.095,0.0,dark brown,oval
Al-majdool,alhamdan,alhamdan__Medjool Date (62).jpg,0.335,14.3,0.49,0.488,16.55,0.332,1,87211,414.2,273.2,1.516,0.794,0.99,0.78,0.752,11.2806,2.1135,0.466,0.1033,0.7594,3.201,0.19,0.0009,amber brown,oval
Al-majdool,alhamdan,alhamdan__Medjool Date (65).jpg,0.361,14.5,0.534,0.479,16.27,0.338,1,94072,508.3,239.1,2.126,0.682,0.975,0.78,0.882,6.9176,1.6641,0.5143,0.1199,0.828,3.173,0.1466,0.001,amber brown,oblong / elongated
Al-majdool,alhamdan,alhamdan__Medjool Date (66).jpg,0.377,12.3,0.503,0.461,15.5,0.356,1,98249,489.7,257.8,1.9,0.732,0.989,0.805,0.85,7.8849,1.7897,0.4953,0.1189,0.8062,3.2,0.1677,0.0004,amber brown,oblong / elongated
Al-majdool,alhamdan,alhamdan__Medjool Date (67).jpg,0.294,18.5,0.621,0.311,12.97,0.421,1,76649,415.3,236.8,1.754,0.699,0.972,0.725,0.822,5.8639,1.2601,0.6398,0.2137,0.8046,3.105,0.0856,0.0,dark brown,oblong / elongated
Al-majdool,alhamdan,alhamdan__Medjool Date (69).jpg,0.302,15.4,0.501,0.433,15.08,0.366,1,78754,425.0,238.2,1.784,0.726,0.976,0.736,0.828,9.8527,1.9609,0.4867,0.1231,0.7654,3.21,0.1758,0.0002,amber brown,oblong / elongated
Al-majdool,alhamdan,alhamdan__Medjool Date (70).jpg,0.4,14.7,0.513,0.529,13.88,0.396,1,104364,471.0,288.0,1.635,0.755,0.986,0.769,0.791,4.0531,1.2716,0.5654,0.1327,0.8547,3.159,0.0874,0.0002,amber brown,oblong / elongated
Al-majdool,alhamdan,alhamdan__Medjool Date (72).jpg,0.278,13.6,0.481,0.529,15.11,0.365,1,72389,459.1,210.0,2.186,0.693,0.985,0.771,0.889,3.858,1.2587,0.5624,0.137,0.8721,3.212,0.0805,0.0001,amber brown,oblong / elongated
Al-majdool,alhamdan,alhamdan__Medjool Date (75).jpg,0.329,15.5,0.543,0.568,15.75,0.35,1,85694,445.2,245.8,1.811,0.778,0.993,0.764,0.834,3.5854,1.2003,0.5784,0.1301,0.888,3.122,0.0866,0.0,amber brown,oblong / elongated
Al-majdool,alhamdan,alhamdan__Medjool Date (76).jpg,0.315,17.6,0.575,0.598,16.78,0.327,1,82044,459.7,234.4,1.962,0.702,0.98,0.737,0.86,3.8318,1.2172,0.5797,0.1277,0.8886,3.134,0.0821,0.0004,amber brown,oblong / elongated
Al-majdool,alhamdan,alhamdan__Medjool Date (77).jpg,0.332,15.4,0.555,0.556,15.26,0.362,1,86573,442.0,251.8,1.755,0.756,0.987,0.776,0.822,4.0177,1.2273,0.5832,0.1247,0.8836,3.141,0.0872,0.0,amber brown,oblong / elongated
Al-majdool,alhamdan,alhamdan__Medjool Date (8).jpg,0.396,12.4,0.467,0.537,14.03,0.392,1,103391,445.3,297.9,1.495,0.82,0.992,0.782,0.743,4.5044,1.3782,0.5356,0.1281,0.8427,3.207,0.1072,0.0001,amber brown,oval
Al-majdool,alhamdan,alhamdan__Medjool Date (82).jpg,0.333,8.8,0.49,0.552,14.12,0.39,1,86896,424.8,263.0,1.616,0.766,0.984,0.769,0.785,4.6743,1.3736,0.5493,0.123,0.8591,3.136,0.1104,0.0001,reddish brown,oblong / elongated
Al-majdool,alhamdan,alhamdan__Medjool Date (84).jpg,0.298,18.4,0.593,0.544,16.08,0.342,1,77532,393.1,253.9,1.548,0.785,0.989,0.783,0.763,6.0931,1.4331,0.5695,0.1304,0.8409,3.169,0.1225,0.0019,amber brown,oval
Al-majdool,alhamdan,alhamdan__Medjool Date (89).jpg,0.337,12.8,0.512,0.337,14.55,0.379,1,87801,459.1,255.3,1.798,0.681,0.971,0.749,0.831,6.2895,1.3887,0.5951,0.1851,0.8482,3.054,0.0983,0.0001,dark brown,oblong / elongated
Al-majdool,alhamdan,alhamdan__Medjool Date (9).jpg,0.262,17.0,0.559,0.581,15.5,0.356,1,45401,333.3,175.4,1.9,0.694,0.976,0.759,0.85,6.0373,1.6073,0.502,0.1129,0.8124,3.16,0.1376,0.001,amber brown,oblong / elongated
Al-majdool,alhamdan,alhamdan__Medjool Date (91).jpg,0.324,12.7,0.443,0.485,17.99,0.301,1,84425,421.1,261.3,1.612,0.709,0.968,0.778,0.784,5.0811,1.393,0.5602,0.1212,0.9071,3.023,0.1239,0.0,amber brown,oblong / elongated
Al-majdool,alhamdan,alhamdan__Medjool Date (92).jpg,0.318,14.1,0.539,0.513,15.13,0.365,1,82931,418.9,256.0,1.636,0.786,0.988,0.796,0.792,7.3525,1.6007,0.5358,0.1262,0.8026,3.215,0.1238,0.0008,amber brown,oblong / elongated
Al-majdool,alhamdan,alhamdan__Medjool Date (94).jpg,0.35,3.0,0.4,0.659,26.97,0.166,1,60796,333.0,239.5,1.39,0.734,0.962,0.814,0.695,6.5236,1.4628,0.5959,0.2069,0.9525,3.099,0.138,0.28,reddish brown,oval
Al-majdool,alhamdan,alhamdan__Medjool Date (96).jpg,0.242,8.5,0.342,0.561,12.15,0.445,1,41948,314.3,172.0,1.827,0.766,0.991,0.768,0.837,6.2593,1.6617,0.4892,0.1263,0.7957,3.202,0.1521,0.0004,reddish brown,oblong / elongated
Al-majdool,alhamdan,alhamdan__Medjool Date (98).jpg,0.339,13.9,0.492,0.501,14.62,0.377,1,88217,464.1,244.3,1.899,0.754,0.982,0.808,0.85,5.0143,1.4579,0.5295,0.1183,0.8507,3.08,0.1315,0.0,amber brown,oblong / elongated
Al-majdool,alhamdan,alhamdan__Medjool Date (99).jpg,0.351,16.2,0.509,0.39,13.64,0.403,1,91531,464.5,258.9,1.794,0.741,0.981,0.785,0.83,8.5741,1.7814,0.5165,0.1292,0.7589,3.13,0.1474,0.0,dark brown,oblong / elongated
Al-masyihia,zenodo,zenodo__masyihia-1.jpg,0.647,23.8,0.603,0.465,19.64,0.27,1,126612,423.7,385.8,1.098,0.723,0.967,0.854,0.413,3.0742,1.0216,0.6357,0.1214,0.9376,3.032,0.0744,0.0009,amber brown,round
Al-masyihia,zenodo,zenodo__masyihia-10.jpg,0.428,53.2,0.552,0.525,27.55,0.159,1,83649,360.5,307.3,1.173,0.621,0.917,0.67,0.523,0.7779,0.3853,0.8369,0.1744,0.9877,2.737,0.0132,0.0006,yellow,round
Al-masyihia,zenodo,zenodo__masyihia-11.jpg,0.46,45.2,0.387,0.423,32.58,0.114,1,89743,453.7,295.2,1.537,0.339,0.763,0.58,0.759,4.849,0.9674,0.702,0.1383,0.9669,3.119,0.0497,0.0524,yellow,oval
Al-masyihia,zenodo,zenodo__masyihia-12.jpg,0.352,43.8,0.519,0.677,27.35,0.162,2,61083,301.8,262.2,1.151,0.707,0.955,0.721,0.495,1.6166,0.6913,0.7246,0.1694,0.9701,2.772,0.028,0.0094,amber / golden yellow,round
Al-masyihia,zenodo,zenodo__masyihia-13.jpg,0.469,38.4,0.61,0.666,30.94,0.127,1,91565,429.6,307.9,1.395,0.407,0.842,0.59,0.697,2.5671,0.6374,0.7728,0.1725,0.9764,2.724,0.0279,0.0099,amber / golden yellow,oval
Al-masyihia,zenodo,zenodo__masyihia-14.jpg,0.52,44.5,0.616,0.641,24.02,0.202,1,101497,489.8,293.4,1.669,0.489,0.845,0.617,0.801,3.9834,0.9854,0.6761,0.1478,0.9406,2.803,0.0603,0.0127,amber / golden yellow,oblong / elongated
Al-masyihia,zenodo,zenodo__masyihia-17.jpg,0.584,30.8,0.466,0.437,20.61,0.253,1,114308,416.1,357.3,1.165,0.738,0.959,0.788,0.513,5.6093,1.4048,0.5641,0.1088,0.8944,3.136,0.1068,0.0079,golden brown,round
Al-masyihia,zenodo,zenodo__masyihia-18.jpg,0.344,23.6,0.543,0.439,19.12,0.28,1,67257,311.2,279.4,1.114,0.691,0.949,0.735,0.44,3.4984,1.1531,0.5912,0.1072,0.938,3.117,0.0868,0.0004,amber brown,round
Al-masyihia,zenodo,zenodo__masyihia-2.jpg,0.469,27.5,0.56,0.51,15.1,0.366,1,91450,378.0,312.7,1.209,0.376,0.879,0.661,0.562,1.7125,0.671,0.7406,0.175,0.9366,2.921,0.0322,0.0006,golden brown,round
Al-masyihia,zenodo,zenodo__masyihia-20.jpg,0.502,37.3,0.701,0.731,15.55,0.355,1,97893,468.1,282.9,1.655,0.42,0.85,0.62,0.797,4.2677,1.0955,0.6495,0.144,0.9095,2.871,0.0828,0.0,amber / golden yellow,oblong / elongated
Al-masyihia,zenodo,zenodo__masyihia-21.jpg,0.441,32.8,0.674,0.629,19.44,0.274,1,86156,374.0,324.1,1.154,0.568,0.891,0.639,0.499,1.7327,0.5364,0.7968,0.167,0.9737,2.844,0.0239,0.0001,amber / golden yellow,round
Al-masyihia,zenodo,zenodo__masyihia-23.jpg,0.333,46.0,0.65,0.667,24.4,0.197,1,64635,396.4,256.3,1.547,0.257,0.736,0.543,0.763,3.9616,0.9076,0.7031,0.1536,0.9557,2.84,0.0454,0.0013,yellow,oval
Al-masyihia,zenodo,zenodo__masyihia-24.jpg,0.408,37.6,0.683,0.625,13.04,0.419,1,79476,448.7,271.5,1.653,0.297,0.747,0.578,0.796,1.6967,0.6165,0.7653,0.1773,0.946,2.824,0.0283,0.0001,amber / golden yellow,oblong / elongated
Al-masyihia,zenodo,zenodo__masyihia-25.jpg,0.428,32.0,0.594,0.567,18.54,0.291,1,83605,347.6,322.0,1.08,0.574,0.891,0.738,0.377,3.3203,1.098,0.6086,0.1174,0.9354,3.031,0.0763,0.0004,golden brown,round
Al-masyihia,zenodo,zenodo__masyihia-29.jpg,0.484,30.7,0.431,0.64,24.6,0.194,1,94148,397.8,340.9,1.167,0.252,0.811,0.629,0.515,3.2893,0.8235,0.718,0.1307,0.9578,3.17,0.0242,0.0282,amber / golden yellow,round
Al-masyihia,zenodo,zenodo__masyihia-3.jpg,0.24,22.7,0.512,0.654,24.04,0.201,1,33447,249.6,199.6,1.251,0.499,0.854,0.603,0.6,3.1629,1.104,0.6012,0.1192,0.9548,3.13,0.0665,0.0532,amber brown,oval
Al-masyihia,zenodo,zenodo__masyihia-30.jpg,0.321,20.9,0.552,0.527,20.78,0.25,1,62556,345.6,240.3,1.438,0.587,0.897,0.715,0.719,3.7576,1.125,0.6168,0.1237,0.9182,3.039,0.0763,0.003,amber brown,oval
Al-masyihia,zenodo,zenodo__masyihia-31.jpg,0.483,15.7,0.548,0.392,18.96,0.283,1,94107,479.6,283.4,1.692,0.329,0.84,0.624,0.807,5.9431,1.2045,0.6556,0.1649,0.8562,3.038,0.0822,0.0046,dark brown,oblong / elongated
Al-masyihia,zenodo,zenodo__masyihia-4.jpg,0.405,26.1,0.544,0.36,18.06,0.3,1,78988,393.2,273.8,1.436,0.492,0.881,0.595,0.718,3.9987,1.0823,0.6374,0.1446,0.9004,3.061,0.0693,0.0047,golden brown,oval
Al-masyihia,zenodo,zenodo__masyihia-6.jpg,0.531,38.0,0.685,0.597,19.42,0.274,1,103636,452.2,310.3,1.457,0.463,0.854,0.663,0.727,4.5836,1.1789,0.6226,0.1126,0.9334,2.773,0.0877,0.0,golden brown,oval
Al-masyihia,zenodo,zenodo__masyihia-8.jpg,0.563,32.1,0.5,0.545,19.27,0.277,1,110062,401.1,359.2,1.117,0.578,0.916,0.778,0.445,3.8813,1.1991,0.5884,0.111,0.9241,3.109,0.0927,0.0005,golden brown,round
Al-meneifi,alhamdan,alhamdan__Meneifi Date (1).jpg,0.29,20.8,0.641,0.593,15.35,0.359,1,75621,394.9,244.7,1.614,0.818,0.994,0.784,0.785,1.2048,0.6264,0.7344,0.1845,0.9591,3.148,0.0137,0.0,amber brown,oblong / elongated
Al-meneifi,alhamdan,alhamdan__Meneifi Date (10).jpg,0.22,6.1,0.374,0.448,16.34,0.336,1,57151,348.0,211.5,1.645,0.793,0.988,0.795,0.794,3.7549,1.2635,0.5605,0.1249,0.9015,3.145,0.1006,0.0,dark red-brown,oblong / elongated
Al-meneifi,alhamdan,alhamdan__Meneifi Date (100).jpg,0.276,11.9,0.539,0.514,18.75,0.287,1,71967,404.3,230.3,1.755,0.755,0.984,0.78,0.822,2.8997,1.0102,0.6348,0.1444,0.9401,3.129,0.0597,0.0,reddish brown,oblong / elongated
Al-meneifi,alhamdan,alhamdan__Meneifi Date (102).jpg,0.251,13.9,0.446,0.494,15.19,0.363,1,65398,378.0,222.9,1.696,0.783,0.988,0.777,0.808,2.5217,0.9942,0.6247,0.1475,0.9226,3.174,0.0453,0.0,amber brown,oblong / elongated
Al-meneifi,alhamdan,alhamdan__Meneifi Date (104).jpg,0.257,15.7,0.522,0.442,15.93,0.346,1,67024,379.4,226.8,1.673,0.803,0.99,0.825,0.802,1.7164,0.7554,0.6976,0.1616,0.9601,3.179,0.0245,0.0,amber brown,oblong / elongated
Al-meneifi,alhamdan,alhamdan__Meneifi Date (106).jpg,0.273,13.0,0.533,0.517,17.39,0.314,1,71073,382.6,236.9,1.615,0.822,0.995,0.791,0.785,2.6579,0.982,0.6369,0.1406,0.941,3.157,0.0558,0.0001,amber brown,oblong / elongated
Al-meneifi,alhamdan,alhamdan__Meneifi Date (107).jpg,0.262,17.0,0.546,0.51,16.49,0.333,1,68122,388.0,227.8,1.704,0.793,0.992,0.826,0.81,2.098,0.882,0.6572,0.1451,0.9448,3.154,0.0456,0.0,amber brown,oblong / elongated
Al-meneifi,alhamdan,alhamdan__Meneifi Date (108).jpg,0.266,16.2,0.537,0.534,15.76,0.35,1,69342,380.7,235.3,1.618,0.803,0.994,0.808,0.786,2.1911,0.9527,0.6288,0.1428,0.9321,3.142,0.0456,0.0,amber brown,oblong / elongated
Al-meneifi,alhamdan,alhamdan__Meneifi Date (109).jpg,0.249,18.4,0.574,0.543,15.56,0.354,1,64736,362.6,230.7,1.572,0.794,0.984,0.777,0.771,1.9285,0.866,0.6551,0.1569,0.9347,3.091,0.0352,0.0,amber brown,oval
Al-meneifi,alhamdan,alhamdan__Meneifi Date (11).jpg,0.21,5.2,0.332,0.423,14.37,0.384,1,54621,371.0,190.7,1.946,0.757,0.99,0.816,0.858,3.9521,1.287,0.5588,0.1318,0.8945,3.136,0.1058,0.0,dark red-brown,oblong / elongated
Al-meneifi,alhamdan,alhamdan__Meneifi Date (110).jpg,0.282,12.6,0.588,0.488,15.06,0.366,1,73390,378.7,248.1,1.526,0.799,0.985,0.75,0.756,2.5545,0.9451,0.6485,0.153,0.9265,3.119,0.0452,0.0,amber brown,oval
Al-meneifi,alhamdan,alhamdan__Meneifi Date (111).jpg,0.287,13.0,0.581,0.48,15.83,0.348,1,74752,388.7,249.6,1.557,0.799,0.986,0.777,0.767,1.9511,0.8255,0.6765,0.1655,0.9516,3.112,0.035,0.0,amber brown,oval
Al-meneifi,alhamdan,alhamdan__Meneifi Date (112).jpg,0.272,11.9,0.578,0.493,15.08,0.366,1,70914,395.0,231.1,1.709,0.782,0.99,0.787,0.811,2.5452,0.9402,0.6524,0.1698,0.9161,3.145,0.0587,0.0,reddish brown,oblong / elongated
Al-meneifi,alhamdan,alhamdan__Meneifi Date (115).jpg,0.251,21.3,0.649,0.555,16.89,0.324,1,65404,372.0,225.2,1.652,0.8,0.991,0.782,0.796,1.4122,0.7012,0.7089,0.1634,0.9563,3.164,0.0196,0.0,amber brown,oblong / elongated
Al-meneifi,alhamdan,alhamdan__Meneifi Date (116).jpg,0.243,21.7,0.649,0.562,17.27,0.316,1,63170,385.0,211.0,1.825,0.789,0.993,0.808,0.837,1.5813,0.7407,0.6971,0.1534,0.9582,3.159,0.0161,0.0,amber brown,oblong / elongated
Al-meneifi,alhamdan,alhamdan__Meneifi Date (119).jpg,0.252,7.1,0.571,0.421,14.99,0.368,1,65653,376.0,224.0,1.678,0.79,0.988,0.771,0.803,2.7438,0.9187,0.6688,0.1898,0.9319,3.14,0.0442,0.0,dark red-brown,oblong / elongated
Al-meneifi,alhamdan,alhamdan__Meneifi Date (124).jpg,0.252,10.0,0.554,0.477,15.58,0.354,1,65663,405.1,208.6,1.942,0.748,0.99,0.788,0.857,3.4451,1.1563,0.5927,0.1438,0.9187,3.128,0.0792,0.0,reddish brown,oblong / elongated
Al-meneifi,alhamdan,alhamdan__Meneifi Date (126).jpg,0.313,14.0,0.556,0.533,16.93,0.324,1,81512,411.4,254.4,1.617,0.815,0.993,0.797,0.786,2.4177,0.9537,0.6376,0.1463,0.9373,3.169,0.0449,0.0,amber brown,oblong / elongated
Al-meneifi,alhamdan,alhamdan__Meneifi Date (128).jpg,0.265,12.4,0.546,0.493,18.21,0.297,1,69075,404.5,219.8,1.841,0.753,0.979,0.791,0.84,3.2582,1.0752,0.6213,0.1332,0.9323,3.12,0.0802,0.0,amber brown,oblong / elongated
Al-meneifi,alhamdan,alhamdan__Meneifi Date (129).jpg,0.224,15.8,0.634,0.527,16.97,0.323,1,58396,390.0,192.4,2.027,0.736,0.986,0.776,0.87,2.6874,0.9712,0.643,0.1684,0.9196,3.17,0.0566,0.0,amber brown,oblong / elongated
Al-meneifi,alhamdan,alhamdan__Meneifi Date (130).jpg,0.241,16.3,0.637,0.575,18.03,0.301,1,62604,395.8,204.1,1.939,0.749,0.988,0.799,0.857,2.9677,0.9895,0.6464,0.1548,0.9212,3.126,0.0566,0.0,amber brown,oblong / elongated
Al-meneifi,alhamdan,alhamdan__Meneifi Date (134).jpg,0.3,15.5,0.623,0.493,16.4,0.335,1,78230,403.2,248.2,1.625,0.795,0.989,0.767,0.788,1.3642,0.672,0.7205,0.1743,0.9646,3.106,0.0123,0.0,amber brown,oblong / elongated
Al-meneifi,alhamdan,alhamdan__Meneifi Date (135).jpg,0.275,21.1,0.576,0.539,17.14,0.319,1,71683,384.0,238.9,1.608,0.8,0.991,0.789,0.783,1.8571,0.8241,0.6717,0.1413,0.954,3.176,0.0283,0.0,amber brown,oblong / elongated
Al-meneifi,alhamdan,alhamdan__Meneifi Date (136).jpg,0.256,21.5,0.611,0.532,16.19,0.34,1,66726,365.7,233.8,1.565,0.812,0.99,0.776,0.769,1.6491,0.7884,0.6783,0.153,0.9525,3.128,0.0212,0.0,amber brown,oval
Al-meneifi,alhamdan,alhamdan__Meneifi Date (138).jpg,0.32,13.8,0.567,0.53,17.13,0.319,1,83508,409.0,263.4,1.553,0.815,0.991,0.805,0.765,2.4277,0.9908,0.6228,0.1387,0.9405,3.171,0.0552,0.0,amber brown,oval
Al-meneifi,alhamdan,alhamdan__Meneifi Date (139).jpg,0.304,15.8,0.625,0.532,15.57,0.354,1,79171,398.7,256.4,1.555,0.802,0.988,0.783,0.766,2.1712,0.8957,0.6538,0.1526,0.9359,3.123,0.0478,0.0,amber brown,oval
Al-meneifi,alhamdan,alhamdan__Meneifi Date (140).jpg,0.252,10.5,0.554,0.484,14.31,0.385,1,65686,373.7,225.6,1.656,0.807,0.991,0.8,0.797,2.6047,0.9703,0.635,0.1568,0.9234,3.153,0.0422,0.0,reddish brown,oblong / elongated
Al-meneifi,alhamdan,alhamdan__Meneifi Date (143).jpg,0.241,15.4,0.546,0.57,16.03,0.343,1,62660,363.4,222.2,1.636,0.8,0.991,0.797,0.791,2.5973,1.0192,0.616,0.1358,0.9148,3.193,0.0527,0.0,amber brown,oblong / elongated
Al-meneifi,alhamdan,alhamdan__Meneifi Date (145).jpg,0.246,17.7,0.584,0.565,16.49,0.333,1,64118,361.6,227.6,1.589,0.801,0.989,0.793,0.777,2.3182,0.938,0.6401,0.1439,0.9288,3.139,0.0492,0.0,amber brown,oval
Al-meneifi,alhamdan,alhamdan__Meneifi Date (146).jpg,0.25,11.5,0.533,0.482,15.48,0.356,1,65117,363.5,230.0,1.58,0.811,0.992,0.787,0.774,2.6761,1.0528,0.6055,0.1433,0.9201,3.12,0.066,0.0,reddish brown,oval
Al-meneifi,alhamdan,alhamdan__Meneifi Date (148).jpg,0.26,15.8,0.565,0.538,16.43,0.334,1,67709,397.0,218.3,1.818,0.774,0.99,0.78,0.835,1.9959,0.8198,0.6785,0.1697,0.9443,3.148,0.0283,0.0,amber brown,oblong / elongated
Al-meneifi,alhamdan,alhamdan__Meneifi Date (149).jpg,0.248,20.6,0.619,0.551,17.7,0.307,1,64503,375.7,220.2,1.706,0.792,0.989,0.818,0.81,1.7541,0.8161,0.6686,0.1479,0.9534,3.128,0.0267,0.0001,amber brown,oblong / elongated
Al-meneifi,alhamdan,alhamdan__Meneifi Date (15).jpg,0.325,15.1,0.602,0.565,17.47,0.312,1,84682,425.7,255.7,1.665,0.77,0.984,0.786,0.799,2.4865,0.9759,0.6288,0.1432,0.9289,3.111,0.0506,0.0002,amber brown,oblong / elongated
Al-meneifi,alhamdan,alhamdan__Meneifi Date (151).jpg,0.269,21.2,0.626,0.56,16.88,0.324,1,69950,376.8,237.9,1.584,0.809,0.992,0.789,0.775,1.5058,0.7248,0.6997,0.1601,0.9561,3.15,0.015,0.0,amber brown,oval
Al-meneifi,alhamdan,alhamdan__Meneifi Date (152).jpg,0.254,7.7,0.332,0.446,14.49,0.381,1,66047,372.1,227.5,1.635,0.796,0.986,0.785,0.791,3.7682,1.2509,0.5697,0.1367,0.899,3.155,0.1076,0.0,dark red-brown,oblong / elongated
Al-meneifi,alhamdan,alhamdan__Meneifi Date (154).jpg,0.253,11.9,0.484,0.515,16.6,0.331,1,65987,384.8,220.2,1.748,0.76,0.984,0.779,0.82,2.1195,0.8788,0.6593,0.1647,0.9458,3.167,0.0369,0.0,reddish brown,oblong / elongated
Al-meneifi,alhamdan,alhamdan__Meneifi Date (155).jpg,0.284,15.8,0.497,0.543,16.15,0.341,1,74105,394.0,241.6,1.63,0.812,0.992,0.781,0.79,1.887,0.8422,0.6645,0.1529,0.9455,3.199,0.0336,0.0,amber brown,oblong / elongated
Al-meneifi,alhamdan,alhamdan__Meneifi Date (156).jpg,0.268,15.6,0.459,0.517,15.75,0.35,1,69727,388.9,231.8,1.677,0.78,0.986,0.791,0.803,2.2747,0.9725,0.6253,0.1442,0.9323,3.136,0.058,0.0,amber brown,oblong / elongated
Al-meneifi,alhamdan,alhamdan__Meneifi Date (157).jpg,0.266,16.6,0.51,0.521,16.02,0.344,1,69217,373.4,238.4,1.566,0.815,0.989,0.79,0.77,2.9781,1.1094,0.5948,0.1275,0.9166,3.182,0.0665,0.0,amber brown,oval
Al-meneifi,alhamdan,alhamdan__Meneifi Date (158).jpg,0.266,18.0,0.596,0.483,15.61,0.353,1,69283,412.5,216.7,1.903,0.757,0.989,0.771,0.851,1.513,0.7379,0.6955,0.1622,0.9599,3.185,0.0133,0.0,amber brown,oblong / elongated
Al-meneifi,alhamdan,alhamdan__Meneifi Date (16).jpg,0.258,17.9,0.602,0.566,16.9,0.324,1,67265,378.0,230.3,1.641,0.802,0.984,0.801,0.793,2.152,0.9195,0.6409,0.1444,0.9386,3.151,0.0408,0.0,amber brown,oblong / elongated
Al-meneifi,alhamdan,alhamdan__Meneifi Date (160).jpg,0.255,11.8,0.601,0.371,14.36,0.384,1,66440,372.8,229.7,1.623,0.774,0.977,0.765,0.788,1.1781,0.5273,0.7857,0.2272,0.968,2.982,0.006,0.0,dark red-brown,oblong / elongated
Al-meneifi,alhamdan,alhamdan__Meneifi Date (161).jpg,0.268,15.7,0.575,0.563,17.52,0.311,1,69670,389.4,228.9,1.701,0.794,0.991,0.787,0.809,1.7121,0.7951,0.6794,0.1516,0.9581,3.131,0.0284,0.0,amber brown,oblong / elongated
Al-meneifi,alhamdan,alhamdan__Meneifi Date (162).jpg,0.285,16.6,0.623,0.416,15.55,0.355,1,74292,383.3,249.2,1.538,0.816,0.99,0.811,0.76,1.5803,0.75,0.6954,0.1693,0.9589,2.979,0.0251,0.0,amber brown,oval
Al-meneifi,alhamdan,alhamdan__Meneifi Date (163).jpg,0.271,17.2,0.608,0.535,17.44,0.313,1,70580,387.5,236.0,1.642,0.792,0.984,0.807,0.793,2.0616,0.895,0.6472,0.1387,0.9451,3.152,0.0385,0.0,amber brown,oblong / elongated
Al-meneifi,alhamdan,alhamdan__Meneifi Date (164).jpg,0.282,17.9,0.607,0.591,19.48,0.273,1,73471,422.4,225.3,1.875,0.766,0.988,0.783,0.846,2.4235,0.9489,0.6416,0.1293,0.9496,3.161,0.0612,0.0,amber brown,oblong / elongated
Al-meneifi,alhamdan,alhamdan__Meneifi Date (165).jpg,0.305,16.9,0.576,0.55,17.0,0.322,1,79368,418.4,244.8,1.709,0.772,0.986,0.799,0.811,1.7237,0.7942,0.6801,0.1498,0.9503,3.117,0.0249,0.0,amber brown,oblong / elongated
Al-meneifi,alhamdan,alhamdan__Meneifi Date (166).jpg,0.291,17.6,0.556,0.561,17.31,0.315,1,75875,399.7,243.9,1.638,0.802,0.991,0.777,0.792,2.6266,1.0107,0.6236,0.1279,0.935,3.157,0.0699,0.0001,amber brown,oblong / elongated
Al-meneifi,alhamdan,alhamdan__Meneifi Date (167).jpg,0.29,17.1,0.559,0.537,16.21,0.339,1,75490,402.0,242.6,1.657,0.802,0.991,0.81,0.797,1.9167,0.8698,0.6546,0.142,0.9477,3.155,0.0392,0.0,amber brown,oblong / elongated
Al-meneifi,alhamdan,alhamdan__Meneifi Date (168).jpg,0.279,15.8,0.528,0.56,16.53,0.332,1,72586,401.2,231.1,1.736,0.777,0.989,0.766,0.818,1.763,0.8187,0.6701,0.1465,0.954,3.171,0.0298,0.0,amber brown,oblong / elongated
Al-meneifi,alhamdan,alhamdan__Meneifi Date (169).jpg,0.271,16.0,0.61,0.514,17.41,0.313,1,70483,390.5,231.9,1.684,0.791,0.989,0.782,0.805,1.7861,0.8056,0.6784,0.148,0.9589,3.138,0.0248,0.0,amber brown,oblong / elongated
Al-meneifi,alhamdan,alhamdan__Meneifi Date (17).jpg,0.241,17.8,0.606,0.484,15.22,0.363,1,62637,364.4,220.1,1.655,0.805,0.989,0.804,0.797,1.6604,0.7531,0.6943,0.1649,0.951,3.153,0.0233,0.0,amber brown,oblong / elongated
Al-meneifi,alhamdan,alhamdan__Meneifi Date (170).jpg,0.275,19.1,0.574,0.494,15.39,0.358,1,71735,385.3,238.6,1.615,0.812,0.994,0.792,0.785,1.7428,0.8105,0.6715,0.1474,0.9521,3.121,0.0301,0.0,amber brown,oblong / elongated
Al-meneifi,alhamdan,alhamdan__Meneifi Date (171).jpg,0.282,17.7,0.603,0.377,13.45,0.408,1,73488,377.5,251.0,1.504,0.809,0.99,0.793,0.747,1.1063,0.6068,0.7399,0.1966,0.9652,3.012,0.009,0.0,dark brown,oval
Al-meneifi,alhamdan,alhamdan__Meneifi Date (172).jpg,0.255,18.7,0.58,0.587,15.57,0.354,1,66451,375.3,228.3,1.644,0.813,0.992,0.806,0.794,2.0007,0.8986,0.6429,0.1515,0.9271,3.175,0.0378,0.0,amber brown,oblong / elongated
Al-meneifi,alhamdan,alhamdan__Meneifi Date (173).jpg,0.245,16.8,0.6,0.538,16.15,0.341,1,63862,371.1,222.6,1.667,0.784,0.99,0.772,0.8,1.6831,0.8175,0.6657,0.1567,0.9485,3.18,0.0244,0.0,amber brown,oblong / elongated
Al-meneifi,alhamdan,alhamdan__Meneifi Date (174).jpg,0.267,17.9,0.62,0.551,16.9,0.324,1,69581,377.8,236.9,1.595,0.821,0.993,0.81,0.779,1.5502,0.7565,0.6876,0.1629,0.9591,3.161,0.0234,0.0,amber brown,oval
Al-meneifi,alhamdan,alhamdan__Meneifi Date (175).jpg,0.266,12.3,0.595,0.501,16.85,0.325,1,69271,388.8,229.3,1.695,0.782,0.99,0.79,0.808,2.2354,0.8755,0.6657,0.1517,0.9473,3.162,0.038,0.0,amber brown,oblong / elongated
Al-meneifi,alhamdan,alhamdan__Meneifi Date (177).jpg,0.266,10.8,0.561,0.498,15.77,0.349,1,69288,375.2,237.8,1.578,0.803,0.991,0.784,0.773,2.2438,0.9115,0.6468,0.1592,0.9239,3.154,0.0394,0.0,reddish brown,oval
Al-meneifi,alhamdan,alhamdan__Meneifi Date (178).jpg,0.287,8.0,0.592,0.386,16.07,0.342,1,74763,374.2,256.7,1.458,0.792,0.98,0.781,0.728,1.4554,0.606,0.7608,0.2256,0.9678,2.943,0.0084,0.0,dark red-brown,oval
Al-meneifi,alhamdan,alhamdan__Meneifi Date (179).jpg,0.247,11.2,0.53,0.431,14.33,0.385,1,64433,356.2,231.6,1.538,0.804,0.986,0.817,0.76,3.2574,1.0718,0.6231,0.1608,0.9125,3.134,0.0641,0.0,dark red-brown,oval
Al-meneifi,alhamdan,alhamdan__Meneifi Date (18).jpg,0.267,17.9,0.583,0.591,16.76,0.327,1,69594,380.9,238.4,1.598,0.793,0.984,0.777,0.78,2.1424,0.9021,0.6511,0.1357,0.9405,3.192,0.0522,0.0001,amber brown,oval
Al-meneifi,alhamdan,alhamdan__Meneifi Date (180).jpg,0.253,11.8,0.516,0.53,16.36,0.336,1,65906,370.8,229.9,1.613,0.792,0.986,0.794,0.785,3.2082,1.0971,0.6087,0.1371,0.9144,3.153,0.0752,0.0,reddish brown,oblong / elongated
Al-meneifi,alhamdan,alhamdan__Meneifi Date (181).jpg,0.229,20.8,0.608,0.566,17.1,0.32,1,59598,350.7,217.7,1.611,0.808,0.991,0.769,0.784,1.4236,0.7122,0.7044,0.1576,0.9596,3.141,0.0185,0.0,amber brown,oblong / elongated
Al-meneifi,alhamdan,alhamdan__Meneifi Date (183).jpg,0.272,15.7,0.559,0.501,16.89,0.324,1,70758,391.3,232.7,1.681,0.795,0.993,0.805,0.804,1.8148,0.8047,0.6804,0.1487,0.9579,3.107,0.0314,0.0,amber brown,oblong / elongated
Al-meneifi,alhamdan,alhamdan__Meneifi Date (185).jpg,0.257,11.7,0.575,0.536,17.02,0.321,1,67027,392.6,218.2,1.799,0.774,0.992,0.772,0.831,2.2909,0.863,0.6757,0.1659,0.9469,3.14,0.0395,0.0,reddish brown,oblong / elongated
Al-meneifi,alhamdan,alhamdan__Meneifi Date (187).jpg,0.271,18.0,0.626,0.581,17.02,0.322,1,70615,389.2,233.8,1.665,0.801,0.99,0.814,0.8,1.8975,0.8521,0.6602,0.1502,0.9429,3.165,0.0294,0.0,amber brown,oblong / elongated
Al-meneifi,alhamdan,alhamdan__Meneifi Date (189).jpg,0.256,17.6,0.594,0.539,16.29,0.338,1,66760,383.1,224.2,1.709,0.796,0.993,0.788,0.811,1.8963,0.8355,0.6683,0.1525,0.9505,3.19,0.033,0.0,amber brown,oblong / elongated
Al-meneifi,alhamdan,alhamdan__Meneifi Date (19).jpg,0.318,20.3,0.638,0.591,17.3,0.316,1,82934,400.3,264.2,1.515,0.763,0.986,0.756,0.751,1.5347,0.7461,0.6938,0.1576,0.9546,3.159,0.0281,0.0,amber brown,oval
Al-meneifi,alhamdan,alhamdan__Meneifi Date (190).jpg,0.255,15.7,0.58,0.526,17.0,0.322,1,66303,393.4,218.4,1.801,0.753,0.983,0.811,0.832,2.0484,0.8408,0.6757,0.163,0.9487,3.151,0.0408,0.0,amber brown,oblong / elongated
Al-meneifi,alhamdan,alhamdan__Meneifi Date (191).jpg,0.234,20.2,0.595,0.542,14.45,0.382,1,60869,353.1,222.7,1.586,0.807,0.988,0.801,0.776,1.7378,0.7927,0.6803,0.1635,0.9364,3.118,0.0268,0.0,amber brown,oval
Al-meneifi,alhamdan,alhamdan__Meneifi Date (193).jpg,0.247,16.8,0.594,0.517,15.64,0.352,1,64414,350.0,238.0,1.47,0.805,0.99,0.751,0.733,1.4522,0.7061,0.7084,0.1671,0.9561,3.136,0.0199,0.0,amber brown,oval
Al-meneifi,alhamdan,alhamdan__Meneifi Date (194).jpg,0.298,16.9,0.581,0.511,16.17,0.34,1,77570,397.1,250.7,1.584,0.806,0.992,0.787,0.776,1.5492,0.7402,0.6966,0.1664,0.9599,3.139,0.0227,0.0,amber brown,oval
Al-meneifi,alhamdan,alhamdan__Meneifi Date (195).jpg,0.27,14.3,0.523,0.468,15.76,0.35,1,70311,378.1,238.3,1.587,0.807,0.989,0.817,0.776,3.5142,1.2208,0.5695,0.1234,0.9124,3.144,0.0911,0.0,amber brown,oval
Al-meneifi,alhamdan,alhamdan__Meneifi Date (196).jpg,0.249,19.6,0.579,0.537,14.42,0.382,1,64901,406.5,207.4,1.96,0.745,0.99,0.815,0.86,1.3315,0.6844,0.7108,0.1722,0.9442,3.184,0.0106,0.0,amber brown,oblong / elongated
Al-meneifi,alhamdan,alhamdan__Meneifi Date (198).jpg,0.254,14.7,0.52,0.551,15.55,0.355,1,66125,385.3,221.6,1.738,0.789,0.989,0.807,0.818,2.2813,0.9568,0.63,0.1391,0.936,3.153,0.0414,0.0,amber brown,oblong / elongated
Al-meneifi,alhamdan,alhamdan__Meneifi Date (2).jpg,0.267,17.1,0.583,0.569,16.95,0.323,1,69410,368.5,240.4,1.533,0.836,0.994,0.81,0.758,2.5537,1.0405,0.607,0.1294,0.9297,3.194,0.0577,0.0,amber brown,oval
Al-meneifi,alhamdan,alhamdan__Meneifi Date (20).jpg,0.311,20.7,0.639,0.566,17.11,0.32,1,81092,387.0,268.7,1.44,0.805,0.986,0.766,0.72,1.7311,0.796,0.6797,0.1529,0.9572,3.131,0.0334,0.0,amber brown,oval
Al-meneifi,alhamdan,alhamdan__Meneifi Date (201).jpg,0.233,15.5,0.648,0.56,16.77,0.327,1,60523,386.8,201.7,1.917,0.761,0.989,0.78,0.853,2.2628,0.8981,0.6579,0.1635,0.945,3.151,0.0452,0.0,amber brown,oblong / elongated
Al-meneifi,alhamdan,alhamdan__Meneifi Date (204).jpg,0.266,8.1,0.493,0.475,14.91,0.37,1,69154,381.0,233.4,1.632,0.792,0.99,0.753,0.79,3.3267,1.1109,0.6059,0.1402,0.9153,3.18,0.0668,0.0,reddish brown,oblong / elongated
Al-meneifi,alhamdan,alhamdan__Meneifi Date (206).jpg,0.233,11.6,0.536,0.539,18.34,0.294,1,60528,345.8,223.7,1.546,0.818,0.99,0.815,0.763,2.4808,0.9138,0.6612,0.1562,0.9422,3.155,0.0502,0.0,reddish brown,oval
Al-meneifi,alhamdan,alhamdan__Meneifi Date (207).jpg,0.239,12.5,0.581,0.5,16.35,0.336,1,62304,338.5,235.5,1.438,0.837,0.99,0.815,0.718,2.3029,0.8675,0.673,0.1906,0.9333,3.145,0.0422,0.0,amber brown,oval
Al-meneifi,alhamdan,alhamdan__Meneifi Date (208).jpg,0.235,20.6,0.629,0.577,16.21,0.339,1,61228,346.4,226.3,1.531,0.81,0.99,0.81,0.757,2.1233,0.9269,0.6361,0.1313,0.9407,3.151,0.0397,0.0,amber brown,oval
Al-meneifi,alhamdan,alhamdan__Meneifi Date (209).jpg,0.236,21.0,0.645,0.592,16.74,0.328,1,61517,349.5,225.6,1.549,0.792,0.988,0.813,0.764,2.158,0.8903,0.6543,0.1422,0.9357,3.169,0.0445,0.0,amber brown,oval
Al-meneifi,alhamdan,alhamdan__Meneifi Date (210).jpg,0.276,15.3,0.581,0.541,16.93,0.323,1,71952,391.0,237.8,1.644,0.763,0.983,0.742,0.794,2.2581,0.9226,0.6476,0.142,0.9464,3.16,0.0476,0.0,amber brown,oblong / elongated
Al-meneifi,alhamdan,alhamdan__Meneifi Date (211).jpg,0.263,12.6,0.529,0.462,15.45,0.357,1,68570,376.2,234.9,1.602,0.796,0.991,0.78,0.781,2.2722,0.9369,0.637,0.1464,0.9334,3.127,0.0357,0.0,amber brown,oblong / elongated
Al-meneifi,alhamdan,alhamdan__Meneifi Date (214).jpg,0.229,18.2,0.64,0.564,16.66,0.329,1,59486,362.9,211.4,1.717,0.774,0.987,0.793,0.813,2.17,0.8744,0.6643,0.1486,0.9394,3.181,0.0435,0.0,amber brown,oblong / elongated
Al-meneifi,alhamdan,alhamdan__Meneifi Date (216).jpg,0.268,10.8,0.533,0.507,16.29,0.338,1,69809,366.8,243.5,1.506,0.825,0.99,0.771,0.748,3.3465,1.1638,0.586,0.1449,0.924,3.197,0.0809,0.0,reddish brown,oval
Al-meneifi,alhamdan,alhamdan__Meneifi Date (217).jpg,0.272,13.7,0.533,0.524,15.87,0.347,1,70960,378.9,240.3,1.577,0.804,0.989,0.76,0.773,2.1832,0.9333,0.6364,0.1438,0.9377,3.181,0.0438,0.0,amber brown,oval
Al-meneifi,alhamdan,alhamdan__Meneifi Date (218).jpg,0.281,14.6,0.602,0.552,16.31,0.337,1,73083,404.0,234.2,1.725,0.761,0.987,0.766,0.815,2.3376,0.9331,0.6449,0.1483,0.9353,3.158,0.05,0.0,amber brown,oblong / elongated
Al-meneifi,alhamdan,alhamdan__Meneifi Date (219).jpg,0.272,13.7,0.573,0.511,17.24,0.317,1,70949,402.8,227.3,1.772,0.774,0.99,0.783,0.826,2.3872,0.9747,0.6292,0.1383,0.9432,3.129,0.0563,0.0,amber brown,oblong / elongated
Al-meneifi,alhamdan,alhamdan__Meneifi Date (22).jpg,0.229,9.2,0.521,0.452,15.88,0.347,1,59734,359.8,212.8,1.691,0.805,0.991,0.793,0.806,3.5894,1.1452,0.6022,0.1519,0.9195,3.171,0.0749,0.0,reddish brown,oblong / elongated
Al-meneifi,alhamdan,alhamdan__Meneifi Date (220).jpg,0.197,19.4,0.614,0.573,17.96,0.302,1,51292,331.8,199.3,1.664,0.782,0.989,0.771,0.799,2.0085,0.8779,0.6555,0.1376,0.9498,3.136,0.0392,0.0,amber brown,oblong / elongated
Al-meneifi,alhamdan,alhamdan__Meneifi Date (222).jpg,0.28,16.2,0.571,0.529,16.17,0.34,1,72813,397.0,236.3,1.68,0.79,0.994,0.768,0.804,2.2359,0.9333,0.6402,0.1436,0.9357,3.096,0.0462,0.0,amber brown,oblong / elongated
Al-meneifi,alhamdan,alhamdan__Meneifi Date (223).jpg,0.271,16.4,0.568,0.544,15.54,0.355,1,70554,377.1,240.6,1.567,0.808,0.994,0.767,0.77,1.7991,0.8232,0.669,0.1545,0.9381,3.156,0.0287,0.0,amber brown,oval
Al-meneifi,alhamdan,alhamdan__Meneifi Date (224).jpg,0.256,14.4,0.586,0.535,15.36,0.359,1,66736,385.6,224.3,1.719,0.748,0.985,0.749,0.813,2.5848,0.9985,0.6248,0.1485,0.9164,3.213,0.0506,0.0,amber brown,oblong / elongated
Al-meneifi,alhamdan,alhamdan__Meneifi Date (225).jpg,0.272,12.7,0.49,0.501,15.14,0.365,1,70728,385.8,237.0,1.628,0.793,0.99,0.746,0.789,2.5632,1.0334,0.609,0.1448,0.9227,3.16,0.0573,0.0,amber brown,oblong / elongated
Al-meneifi,alhamdan,alhamdan__Meneifi Date (226).jpg,0.282,17.3,0.606,0.559,15.39,0.358,1,73556,401.1,236.2,1.698,0.792,0.986,0.815,0.808,1.7728,0.8274,0.6646,0.156,0.9439,3.13,0.0215,0.0,amber brown,oblong / elongated
Al-meneifi,alhamdan,alhamdan__Meneifi Date (227).jpg,0.277,18.4,0.621,0.525,14.85,0.372,1,72269,385.1,240.9,1.599,0.799,0.99,0.776,0.78,1.5094,0.7455,0.6916,0.1601,0.9538,3.13,0.0155,0.0,amber brown,oval
Al-meneifi,alhamdan,alhamdan__Meneifi Date (228).jpg,0.295,13.8,0.531,0.563,18.44,0.292,1,76879,405.1,244.1,1.66,0.766,0.986,0.775,0.798,2.7057,1.0043,0.63,0.1431,0.9363,3.201,0.0566,0.0,amber brown,oblong / elongated
Al-meneifi,alhamdan,alhamdan__Meneifi Date (229).jpg,0.267,14.2,0.592,0.559,15.82,0.348,1,69499,370.2,240.4,1.54,0.807,0.987,0.788,0.761,2.5385,1.039,0.6029,0.1406,0.9183,3.17,0.0431,0.0,amber brown,oval
Al-meneifi,alhamdan,alhamdan__Meneifi Date (23).jpg,0.22,9.3,0.522,0.448,16.58,0.331,1,57346,383.8,192.0,1.999,0.758,0.992,0.81,0.866,2.8338,0.9484,0.6632,0.1871,0.9423,3.13,0.0565,0.0,dark red-brown,oblong / elongated
Al-meneifi,alhamdan,alhamdan__Meneifi Date (231).jpg,0.266,22.5,0.624,0.568,16.27,0.338,1,69352,391.7,227.7,1.721,0.776,0.983,0.78,0.814,1.2899,0.6642,0.7207,0.1696,0.9632,3.154,0.0135,0.0,amber brown,oblong / elongated
Al-meneifi,alhamdan,alhamdan__Meneifi Date (232).jpg,0.363,19.1,0.581,0.377,10.37,0.501,1,94550,458.5,264.8,1.732,0.795,0.994,0.812,0.816,0.8535,0.4759,0.7921,0.2737,0.9427,2.879,0.0039,0.0,dark brown,oblong / elongated
Al-meneifi,alhamdan,alhamdan__Meneifi Date (24).jpg,0.309,21.8,0.6,0.589,17.27,0.316,1,80622,430.3,241.7,1.78,0.783,0.985,0.8,0.827,1.462,0.7071,0.7073,0.153,0.9608,3.159,0.0177,0.0001,amber brown,oblong / elongated
Al-meneifi,alhamdan,alhamdan__Meneifi Date (26).jpg,0.308,18.0,0.559,0.553,16.38,0.336,1,80368,423.0,244.5,1.73,0.797,0.985,0.817,0.816,2.2909,0.9556,0.6327,0.1378,0.9394,3.174,0.0499,0.0,amber brown,oblong / elongated
Al-meneifi,alhamdan,alhamdan__Meneifi Date (27).jpg,0.293,20.7,0.64,0.556,16.25,0.338,1,76346,413.1,238.0,1.736,0.763,0.982,0.778,0.817,1.728,0.7808,0.6876,0.1552,0.9569,3.155,0.0345,0.0,amber brown,oblong / elongated
Al-meneifi,alhamdan,alhamdan__Meneifi Date (28).jpg,0.252,20.5,0.587,0.54,17.2,0.318,1,65694,366.9,230.2,1.593,0.795,0.989,0.8,0.779,1.8059,0.831,0.6664,0.1383,0.958,3.1,0.0364,0.0,amber brown,oval
Al-meneifi,alhamdan,alhamdan__Meneifi Date (3).jpg,0.228,19.8,0.587,0.564,15.95,0.345,1,59444,374.2,205.0,1.825,0.761,0.986,0.759,0.837,1.718,0.7847,0.6839,0.1605,0.9475,3.162,0.0263,0.0,amber brown,oblong / elongated
Al-meneifi,alhamdan,alhamdan__Meneifi Date (30).jpg,0.267,21.1,0.539,0.552,18.43,0.293,1,69457,383.0,233.3,1.642,0.788,0.99,0.793,0.793,1.7039,0.7838,0.684,0.1435,0.9574,3.172,0.029,0.0001,amber brown,oblong / elongated
Al-meneifi,alhamdan,alhamdan__Meneifi Date (32).jpg,0.249,20.8,0.613,0.562,16.0,0.344,1,64957,360.8,232.3,1.554,0.821,0.992,0.795,0.765,1.8474,0.8392,0.6632,0.1517,0.9453,3.15,0.0298,0.0001,amber brown,oval
Al-meneifi,alhamdan,alhamdan__Meneifi Date (35).jpg,0.267,17.0,0.636,0.545,15.97,0.345,1,69621,386.2,233.0,1.657,0.786,0.99,0.797,0.797,1.6545,0.7613,0.6928,0.1758,0.946,3.142,0.0218,0.0,amber brown,oblong / elongated
Al-meneifi,alhamdan,alhamdan__Meneifi Date (36).jpg,0.273,17.1,0.627,0.584,17.79,0.305,1,71066,404.3,227.2,1.78,0.773,0.987,0.792,0.827,1.8553,0.8386,0.6654,0.1505,0.9538,3.166,0.0295,0.0,amber brown,oblong / elongated
Al-meneifi,alhamdan,alhamdan__Meneifi Date (37).jpg,0.262,16.4,0.619,0.536,15.42,0.358,1,68297,390.9,223.9,1.746,0.777,0.988,0.798,0.82,2.1808,0.9144,0.6437,0.152,0.9318,3.147,0.0386,0.0,amber brown,oblong / elongated
Al-meneifi,alhamdan,alhamdan__Meneifi Date (38).jpg,0.264,16.6,0.597,0.562,16.38,0.336,1,68732,391.6,226.6,1.728,0.78,0.99,0.795,0.816,2.3692,0.9678,0.6309,0.1438,0.9322,3.114,0.0582,0.0,amber brown,oblong / elongated
Al-meneifi,alhamdan,alhamdan__Meneifi Date (39).jpg,0.247,17.9,0.635,0.51,16.59,0.331,1,64368,363.1,228.4,1.59,0.813,0.992,0.792,0.777,1.3335,0.7037,0.7036,0.1667,0.9632,3.121,0.0206,0.0,amber brown,oval
Al-meneifi,alhamdan,alhamdan__Meneifi Date (4).jpg,0.234,21.3,0.614,0.572,16.16,0.341,1,60869,368.5,212.9,1.731,0.779,0.984,0.775,0.816,1.5181,0.7154,0.7065,0.1595,0.9571,3.171,0.0175,0.0,amber brown,oblong / elongated
Al-meneifi,alhamdan,alhamdan__Meneifi Date (40).jpg,0.281,7.8,0.583,0.344,19.17,0.279,1,73206,372.3,251.0,1.483,0.812,0.988,0.727,0.739,1.2971,0.5772,0.767,0.2051,0.9781,3.038,0.0108,0.0,dark red-brown,oval
Al-meneifi,alhamdan,alhamdan__Meneifi Date (41).jpg,0.264,10.1,0.578,0.382,19.17,0.279,1,68855,358.4,246.2,1.456,0.811,0.982,0.793,0.727,1.3047,0.6071,0.7506,0.1867,0.9748,3.048,0.007,0.0,dark red-brown,oval
Al-meneifi,alhamdan,alhamdan__Meneifi Date (42).jpg,0.257,18.3,0.627,0.566,17.04,0.321,1,66931,376.0,229.3,1.64,0.813,0.992,0.811,0.793,1.4826,0.7327,0.6972,0.1663,0.9543,3.15,0.0208,0.0,amber brown,oblong / elongated
Al-meneifi,alhamdan,alhamdan__Meneifi Date (43).jpg,0.315,15.8,0.567,0.562,15.91,0.346,1,82016,403.7,263.5,1.532,0.76,0.984,0.758,0.758,2.4835,1.0021,0.6205,0.1432,0.9181,3.13,0.0614,0.0,amber brown,oval
Al-meneifi,alhamdan,alhamdan__Meneifi Date (45).jpg,0.307,16.8,0.583,0.542,15.17,0.364,1,80057,395.5,263.0,1.504,0.812,0.991,0.782,0.747,2.0131,0.879,0.6527,0.1584,0.932,3.126,0.0355,0.0,amber brown,oval
Al-meneifi,alhamdan,alhamdan__Meneifi Date (48).jpg,0.257,20.4,0.601,0.577,18.26,0.296,1,67040,394.6,220.5,1.79,0.775,0.989,0.789,0.829,1.7118,0.7534,0.6977,0.1522,0.9569,3.176,0.0272,0.0,amber brown,oblong / elongated
Al-meneifi,alhamdan,alhamdan__Meneifi Date (49).jpg,0.258,20.1,0.623,0.534,16.69,0.329,1,67224,355.0,243.5,1.458,0.833,0.993,0.807,0.728,1.4192,0.7043,0.7078,0.1581,0.9595,3.123,0.0215,0.0,amber brown,oval
Al-meneifi,alhamdan,alhamdan__Meneifi Date (5).jpg,0.263,21.3,0.647,0.544,14.98,0.368,1,68391,356.0,245.2,1.452,0.848,0.994,0.802,0.725,1.1585,0.6175,0.7367,0.1761,0.9582,3.141,0.0144,0.0,amber brown,oval
Al-meneifi,alhamdan,alhamdan__Meneifi Date (50).jpg,0.294,14.3,0.575,0.578,16.18,0.34,1,76469,388.8,251.6,1.545,0.833,0.992,0.812,0.762,2.1212,0.875,0.6597,0.1563,0.9344,3.186,0.0371,0.0,amber brown,oval
Al-meneifi,alhamdan,alhamdan__Meneifi Date (51).jpg,0.294,12.3,0.55,0.548,14.55,0.379,1,76508,396.6,246.9,1.606,0.814,0.987,0.791,0.783,2.286,0.9317,0.6427,0.1601,0.925,3.188,0.0434,0.0,amber brown,oblong / elongated
Al-meneifi,alhamdan,alhamdan__Meneifi Date (54).jpg,0.242,18.2,0.629,0.538,16.84,0.325,1,62934,363.2,221.4,1.641,0.816,0.992,0.793,0.793,1.5891,0.7654,0.688,0.1529,0.9572,3.076,0.0338,0.0,amber brown,oblong / elongated
Al-meneifi,alhamdan,alhamdan__Meneifi Date (55).jpg,0.245,15.4,0.592,0.552,18.23,0.297,1,63641,388.4,213.1,1.822,0.737,0.985,0.741,0.836,2.5077,0.9834,0.6297,0.1508,0.94,3.136,0.0586,0.0,amber brown,oblong / elongated
Al-meneifi,alhamdan,alhamdan__Meneifi Date (56).jpg,0.234,17.7,0.622,0.551,17.31,0.315,1,60800,355.3,220.4,1.612,0.793,0.985,0.758,0.784,1.5295,0.7501,0.6913,0.1605,0.9587,3.158,0.0216,0.0,amber brown,oblong / elongated
Al-meneifi,alhamdan,alhamdan__Meneifi Date (57).jpg,0.243,17.3,0.59,0.53,15.57,0.354,1,63394,366.9,221.2,1.659,0.813,0.992,0.8,0.798,1.7169,0.7949,0.6779,0.1609,0.9493,3.152,0.0206,0.0,amber brown,oblong / elongated
Al-meneifi,alhamdan,alhamdan__Meneifi Date (58).jpg,0.232,16.6,0.591,0.535,15.31,0.36,1,60294,349.1,222.2,1.571,0.808,0.989,0.757,0.771,2.0781,0.9361,0.6296,0.1465,0.9323,3.139,0.0367,0.0,amber brown,oval
Al-meneifi,alhamdan,alhamdan__Meneifi Date (60).jpg,0.207,16.2,0.616,0.524,16.9,0.324,1,53819,359.3,192.9,1.863,0.761,0.99,0.796,0.844,1.954,0.8215,0.6787,0.1614,0.9411,3.165,0.0296,0.0,amber brown,oblong / elongated
Al-meneifi,alhamdan,alhamdan__Meneifi Date (61).jpg,0.213,14.9,0.568,0.582,17.41,0.313,1,55314,361.2,197.6,1.828,0.773,0.991,0.78,0.837,3.218,1.1693,0.5784,0.1247,0.9089,3.167,0.0771,0.0,amber brown,oblong / elongated
Al-meneifi,alhamdan,alhamdan__Meneifi Date (64).jpg,0.24,18.9,0.587,0.528,15.41,0.358,1,62524,382.9,209.7,1.826,0.784,0.992,0.81,0.837,2.3093,0.9416,0.6382,0.1536,0.9285,3.187,0.0452,0.0,amber brown,oblong / elongated
Al-meneifi,alhamdan,alhamdan__Meneifi Date (66).jpg,0.242,18.6,0.621,0.554,17.21,0.317,1,63092,380.9,213.7,1.782,0.786,0.993,0.821,0.828,2.1555,0.8646,0.6685,0.1527,0.9419,3.192,0.0388,0.0,amber brown,oblong / elongated
Al-meneifi,alhamdan,alhamdan__Meneifi Date (69).jpg,0.236,18.7,0.576,0.575,17.37,0.314,1,61446,357.6,220.8,1.62,0.771,0.987,0.765,0.787,2.3935,0.9728,0.6289,0.1341,0.9355,3.188,0.0537,0.0001,amber brown,oblong / elongated
Al-meneifi,alhamdan,alhamdan__Meneifi Date (7).jpg,0.299,18.3,0.587,0.566,16.65,0.33,1,77849,406.7,244.2,1.665,0.798,0.992,0.776,0.8,1.6336,0.7934,0.6742,0.1561,0.9479,3.115,0.022,0.0,amber brown,oblong / elongated
Al-meneifi,alhamdan,alhamdan__Meneifi Date (71).jpg,0.249,20.6,0.582,0.589,18.27,0.296,1,64843,389.5,213.4,1.826,0.77,0.993,0.756,0.837,1.5101,0.759,0.6854,0.1434,0.9634,3.147,0.0226,0.0,amber brown,oblong / elongated
Al-meneifi,alhamdan,alhamdan__Meneifi Date (72).jpg,0.243,21.9,0.592,0.505,15.37,0.359,1,63325,358.6,227.5,1.576,0.803,0.983,0.783,0.773,1.403,0.7105,0.7022,0.1653,0.9576,3.173,0.0191,0.0,amber brown,oval
Al-meneifi,alhamdan,alhamdan__Meneifi Date (74).jpg,0.26,17.3,0.574,0.553,16.69,0.329,1,67828,386.6,228.6,1.691,0.786,0.987,0.765,0.806,1.6538,0.7756,0.6845,0.1607,0.9531,3.17,0.0264,0.0,amber brown,oblong / elongated
Al-meneifi,alhamdan,alhamdan__Meneifi Date (75).jpg,0.274,16.8,0.536,0.544,16.43,0.334,1,71343,390.6,234.6,1.665,0.787,0.991,0.75,0.8,2.1823,0.9511,0.6288,0.14,0.9337,3.164,0.0503,0.0,amber brown,oblong / elongated
Al-meneifi,alhamdan,alhamdan__Meneifi Date (77).jpg,0.264,17.4,0.562,0.568,16.25,0.338,1,68632,375.0,236.2,1.587,0.788,0.984,0.775,0.777,1.7646,0.825,0.6673,0.1477,0.9498,3.189,0.0326,0.0,amber brown,oval
Al-meneifi,alhamdan,alhamdan__Meneifi Date (79).jpg,0.24,12.5,0.547,0.514,16.92,0.324,1,62400,348.9,230.1,1.517,0.804,0.985,0.769,0.752,3.1689,1.1044,0.605,0.1331,0.9268,3.165,0.0795,0.0,amber brown,oval
Al-meneifi,alhamdan,alhamdan__Meneifi Date (8).jpg,0.311,15.2,0.579,0.58,15.59,0.354,1,80905,415.4,249.1,1.668,0.802,0.991,0.785,0.8,2.3446,0.9677,0.6274,0.1517,0.9235,3.177,0.047,0.0,amber brown,oblong / elongated
Al-meneifi,alhamdan,alhamdan__Meneifi Date (80).jpg,0.24,13.2,0.585,0.493,16.97,0.323,1,62470,367.3,218.4,1.682,0.792,0.988,0.778,0.804,2.1936,0.8383,0.6804,0.1641,0.9495,3.181,0.0342,0.0,amber brown,oblong / elongated
Al-meneifi,alhamdan,alhamdan__Meneifi Date (81).jpg,0.232,14.5,0.596,0.542,18.73,0.287,1,60398,343.8,228.1,1.507,0.772,0.979,0.766,0.748,1.8089,0.7553,0.7041,0.1604,0.9485,3.156,0.0354,0.0,amber brown,oval
Al-meneifi,alhamdan,alhamdan__Meneifi Date (83).jpg,0.23,24.9,0.619,0.585,15.81,0.348,1,59917,385.2,199.6,1.93,0.744,0.984,0.807,0.855,1.4878,0.733,0.6962,0.1654,0.9492,3.188,0.0174,0.0,amber brown,oblong / elongated
Al-meneifi,alhamdan,alhamdan__Meneifi Date (85).jpg,0.228,24.8,0.657,0.587,16.26,0.338,1,59420,385.7,198.1,1.947,0.735,0.987,0.748,0.858,1.6391,0.7501,0.6951,0.1611,0.9444,3.188,0.0242,0.0,amber brown,oblong / elongated
Al-meneifi,alhamdan,alhamdan__Meneifi Date (86).jpg,0.219,23.9,0.672,0.569,17.98,0.302,1,56948,371.0,197.3,1.881,0.741,0.98,0.788,0.847,1.4303,0.7058,0.7068,0.1481,0.961,3.192,0.0209,0.0,amber brown,oblong / elongated
Al-meneifi,alhamdan,alhamdan__Meneifi Date (87).jpg,0.235,13.1,0.551,0.529,16.37,0.336,1,61196,367.6,215.6,1.705,0.772,0.992,0.762,0.81,2.8995,1.0331,0.6241,0.1497,0.9214,3.159,0.0606,0.0,amber brown,oblong / elongated
Al-meneifi,alhamdan,alhamdan__Meneifi Date (88).jpg,0.211,13.0,0.608,0.484,17.6,0.309,1,54827,339.5,207.9,1.633,0.779,0.988,0.765,0.791,2.4585,0.9691,0.6322,0.1429,0.938,3.167,0.0416,0.0,amber brown,oblong / elongated
Al-meneifi,alhamdan,alhamdan__Meneifi Date (89).jpg,0.227,14.7,0.604,0.561,16.71,0.328,1,59149,337.6,223.8,1.508,0.828,0.992,0.817,0.749,2.553,0.9892,0.6256,0.1456,0.9068,3.179,0.0478,0.0,amber brown,oval
Al-meneifi,alhamdan,alhamdan__Meneifi Date (9).jpg,0.261,15.0,0.598,0.58,17.57,0.31,1,67942,428.8,203.2,2.111,0.729,0.988,0.774,0.881,2.2048,0.9299,0.6396,0.1463,0.9425,3.152,0.0434,0.0,amber brown,oblong / elongated
Al-meneifi,alhamdan,alhamdan__Meneifi Date (91).jpg,0.237,21.0,0.679,0.61,17.57,0.31,1,61689,368.2,215.8,1.706,0.781,0.987,0.793,0.81,1.7194,0.7977,0.6773,0.1587,0.9425,3.139,0.0246,0.0,amber brown,oblong / elongated
Al-meneifi,alhamdan,alhamdan__Meneifi Date (92).jpg,0.239,20.5,0.664,0.598,18.18,0.298,1,62197,374.2,213.7,1.751,0.793,0.99,0.802,0.821,2.3278,0.9335,0.6442,0.1494,0.9358,3.153,0.0523,0.0,amber brown,oblong / elongated
Al-meneifi,alhamdan,alhamdan__Meneifi Date (93).jpg,0.258,18.1,0.607,0.548,16.52,0.332,1,67198,384.6,224.6,1.713,0.79,0.991,0.78,0.812,1.405,0.7043,0.7067,0.1637,0.9588,3.17,0.018,0.0,amber brown,oblong / elongated
Al-meneifi,alhamdan,alhamdan__Meneifi Date (94).jpg,0.251,16.6,0.593,0.55,16.9,0.324,1,65406,387.3,217.6,1.78,0.772,0.989,0.806,0.827,2.3663,0.9324,0.6449,0.1394,0.9375,3.147,0.0484,0.0,amber brown,oblong / elongated
Al-meneifi,alhamdan,alhamdan__Meneifi Date (95).jpg,0.272,16.5,0.587,0.524,17.12,0.319,1,70949,388.0,234.2,1.657,0.803,0.99,0.778,0.797,1.6267,0.7603,0.6917,0.16,0.9588,3.105,0.026,0.0,amber brown,oblong / elongated
Al-meneifi,alhamdan,alhamdan__Meneifi Date (97).jpg,0.272,16.6,0.56,0.5,17.02,0.321,1,70810,388.3,235.3,1.65,0.783,0.984,0.753,0.796,2.529,0.9793,0.6354,0.1464,0.9416,3.122,0.0696,0.0,amber brown,oblong / elongated
Al-meneifi,alhamdan,alhamdan__Meneifi Date (98).jpg,0.262,11.1,0.514,0.467,15.64,0.352,1,68254,389.1,225.8,1.724,0.782,0.99,0.78,0.814,2.5261,0.9715,0.6329,0.1494,0.9315,3.117,0.0389,0.0,reddish brown,oblong / elongated
Al-meneifi,alhamdan,alhamdan__Meneifi Date (99).jpg,0.261,12.5,0.582,0.52,17.91,0.303,1,67946,377.9,231.3,1.634,0.8,0.989,0.766,0.791,1.8377,0.8394,0.665,0.1526,0.9595,3.166,0.0372,0.0,amber brown,oblong / elongated
Al-muraaya,zenodo,zenodo__Muraaya-1.jpg,0.42,38.0,0.695,0.615,21.98,0.231,1,109466,443.5,357.5,1.24,0.477,0.823,0.633,0.592,2.5645,0.908,0.6646,0.1177,0.9675,3.05,0.052,0.0013,amber / golden yellow,round
Al-muraaya,zenodo,zenodo__Muraaya-10.jpg,0.32,36.6,0.674,0.589,26.61,0.17,1,83166,522.0,227.7,2.292,0.469,0.852,0.601,0.9,2.4284,0.7826,0.7187,0.1348,0.9681,3.095,0.0343,0.0003,golden brown,very elongated
Al-muraaya,zenodo,zenodo__Muraaya-11.jpg,0.314,36.5,0.731,0.39,15.98,0.345,1,81556,496.1,234.3,2.117,0.406,0.828,0.612,0.881,1.4396,0.5111,0.7975,0.2087,0.9348,3.144,0.0131,0.0028,golden brown,oblong / elongated
Al-muraaya,zenodo,zenodo__Muraaya-12.jpg,0.148,41.9,0.775,0.493,21.36,0.241,1,38425,285.2,172.5,1.653,0.797,0.989,0.684,0.796,2.4893,0.6817,0.7708,0.1767,0.9479,2.991,0.019,0.0094,golden brown,oblong / elongated
Al-muraaya,zenodo,zenodo__Muraaya-13.jpg,0.194,18.4,0.39,0.619,30.23,0.133,1,50562,311.0,219.5,1.417,0.73,0.94,0.681,0.708,1.4493,0.5119,0.8079,0.2934,0.987,2.967,0.0181,0.0011,amber brown,oval
Al-muraaya,zenodo,zenodo__Muraaya-14.jpg,0.127,32.9,0.524,0.57,28.16,0.153,1,32934,238.2,180.0,1.323,0.791,0.974,0.734,0.655,2.024,0.7679,0.7094,0.1442,0.9802,3.201,0.0233,0.0023,golden brown,oval
Al-muraaya,zenodo,zenodo__Muraaya-15.jpg,0.139,36.3,0.627,0.566,27.17,0.163,1,36169,254.6,181.9,1.4,0.847,0.992,0.803,0.7,2.3372,0.7614,0.7226,0.1341,0.9761,3.071,0.015,0.0,golden brown,oval
Al-muraaya,zenodo,zenodo__Muraaya-16.jpg,0.116,33.9,0.652,0.509,24.52,0.195,1,30166,241.1,159.7,1.51,0.833,0.991,0.792,0.749,3.0571,0.9074,0.6814,0.1272,0.9579,3.202,0.0221,0.0016,golden brown,oval
Al-muraaya,zenodo,zenodo__Muraaya-17.jpg,0.411,353.2,0.199,0.561,21.98,0.231,1,107197,432.8,360.2,1.202,0.626,0.889,0.66,0.555,0.8048,0.27,0.8987,0.2545,0.969,2.539,0.0077,0.0,reddish brown,round
Al-muraaya,zenodo,zenodo__Muraaya-18.jpg,0.203,45.7,0.475,0.589,31.1,0.126,1,52707,378.5,197.5,1.916,0.635,0.898,0.571,0.853,2.1113,0.5663,0.8127,0.2358,0.9793,3.015,0.0242,0.0081,yellow,oblong / elongated
Al-muraaya,zenodo,zenodo__Muraaya-19.jpg,0.195,39.7,0.52,0.689,31.85,0.12,1,50610,326.9,205.5,1.591,0.714,0.94,0.765,0.778,1.6771,0.5236,0.8121,0.2588,0.9771,3.022,0.0211,0.0018,amber / golden yellow,oval
Al-muraaya,zenodo,zenodo__Muraaya-21.jpg,0.496,16.3,0.364,0.522,26.5,0.171,1,129054,496.9,392.0,1.268,0.426,0.861,0.712,0.615,1.7168,0.527,0.8149,0.1906,0.962,2.841,0.029,0.0034,amber brown,oval
Al-muraaya,zenodo,zenodo__Muraaya-22.jpg,0.373,34.1,0.556,0.617,27.56,0.159,1,97256,480.2,275.2,1.745,0.603,0.925,0.606,0.819,2.3504,0.7032,0.7532,0.1672,0.9724,2.987,0.0311,0.002,amber / golden yellow,oblong / elongated
Al-muraaya,zenodo,zenodo__Muraaya-23.jpg,0.251,34.5,0.689,0.425,19.3,0.276,1,65105,484.5,197.2,2.457,0.36,0.829,0.441,0.913,2.6199,0.7242,0.7466,0.1624,0.9338,3.148,0.0237,0.004,golden brown,very elongated
Al-muraaya,zenodo,zenodo__Muraaya-24.jpg,0.117,30.3,0.705,0.389,14.62,0.377,1,30411,247.5,157.4,1.572,0.819,0.991,0.777,0.772,3.4607,0.9809,0.666,0.1714,0.8606,3.151,0.0354,0.0001,golden brown,oval
Al-muraaya,zenodo,zenodo__Muraaya-26.jpg,0.49,34.9,0.724,0.516,22.65,0.221,1,127819,471.0,353.1,1.334,0.568,0.909,0.664,0.662,2.8807,0.8705,0.6878,0.1268,0.958,3.094,0.0455,0.0012,golden brown,oval
Al-muraaya,zenodo,zenodo__Muraaya-27.jpg,0.406,34.9,0.705,0.532,22.84,0.218,1,105714,440.8,314.9,1.4,0.544,0.905,0.606,0.7,3.7523,0.9879,0.667,0.1225,0.9439,3.11,0.0474,0.0007,golden brown,oval
Al-muraaya,zenodo,zenodo__Muraaya-28.jpg,0.486,34.7,0.728,0.518,21.92,0.232,1,126583,482.4,353.8,1.363,0.595,0.908,0.694,0.68,1.9885,0.759,0.7085,0.1347,0.9709,3.111,0.0356,0.0001,golden brown,oval
Al-muraaya,zenodo,zenodo__Muraaya-29.jpg,0.487,35.4,0.715,0.539,23.1,0.214,1,126925,461.1,357.1,1.291,0.558,0.908,0.689,0.633,2.6768,0.8437,0.691,0.1229,0.963,3.116,0.0398,0.0008,golden brown,oval
Al-muraaya,zenodo,zenodo__Muraaya-32.jpg,0.41,34.6,0.684,0.508,22.71,0.22,1,106656,530.2,291.5,1.819,0.432,0.848,0.762,0.835,1.8382,0.6824,0.7377,0.1385,0.9734,3.114,0.0309,0.0001,golden brown,oblong / elongated
Al-muraaya,zenodo,zenodo__Muraaya-33.jpg,0.456,29.4,0.446,0.633,29.18,0.143,1,118684,509.1,355.8,1.431,0.398,0.789,0.739,0.715,1.3723,0.5223,0.7998,0.2403,0.9854,2.985,0.0259,0.0004,amber / golden yellow,oval
Al-muraaya,zenodo,zenodo__Muraaya-34.jpg,0.452,31.5,0.66,0.529,24.04,0.201,1,117801,488.2,339.9,1.436,0.445,0.866,0.787,0.718,4.3291,0.97,0.6874,0.1222,0.9413,3.176,0.0377,0.0033,golden brown,oval
Al-muraaya,zenodo,zenodo__Muraaya-35.jpg,0.528,32.9,0.652,0.539,23.42,0.21,1,137455,528.2,366.7,1.44,0.414,0.859,0.766,0.72,3.1632,0.835,0.7124,0.1274,0.9546,3.183,0.0317,0.0019,golden brown,oval
Al-muraaya,zenodo,zenodo__Muraaya-36.jpg,0.396,41.8,0.531,0.493,23.02,0.216,1,103113,395.5,385.4,1.026,0.608,0.889,0.589,0.224,1.2131,0.4961,0.8026,0.1672,0.9772,3.164,0.0199,0.0048,golden brown,round
Al-muraaya,zenodo,zenodo__Muraaya-37.jpg,0.295,31.5,0.509,0.643,29.07,0.144,1,76830,376.9,295.3,1.276,0.577,0.863,0.595,0.621,2.1532,0.6793,0.7543,0.1804,0.9776,3.108,0.0303,0.0042,amber / golden yellow,oval
Al-muraaya,zenodo,zenodo__Muraaya-39.jpg,0.348,25.9,0.477,0.645,30.48,0.131,1,90584,413.9,314.6,1.316,0.565,0.863,0.62,0.65,2.0512,0.6262,0.7768,0.2338,0.9808,3.057,0.0239,0.0004,amber / golden yellow,oval
Al-muraaya,zenodo,zenodo__Muraaya-4.jpg,0.296,31.5,0.648,0.559,21.58,0.237,1,77102,411.9,280.8,1.467,0.477,0.817,0.66,0.732,2.0868,0.7909,0.698,0.1231,0.9695,3.019,0.0365,0.0032,golden brown,oval
Al-muraaya,zenodo,zenodo__Muraaya-43.jpg,0.648,35.0,0.68,0.535,23.62,0.207,1,169050,525.1,455.2,1.153,0.608,0.905,0.833,0.498,3.7296,1.1015,0.6232,0.1094,0.9488,3.042,0.0739,0.0012,golden brown,round
Al-muraaya,zenodo,zenodo__Muraaya-45.jpg,0.632,37.3,0.705,0.494,22.65,0.221,1,164901,534.8,427.4,1.251,0.551,0.907,0.747,0.601,2.1771,0.7878,0.7035,0.1269,0.9708,2.902,0.0459,0.0001,golden brown,oval
Al-muraaya,zenodo,zenodo__Muraaya-46.jpg,0.669,31.8,0.498,0.623,29.49,0.14,1,174333,503.8,468.4,1.076,0.541,0.929,0.849,0.368,1.9322,0.6625,0.7507,0.1521,0.984,2.933,0.0331,0.1418,amber / golden yellow,round
Al-muraaya,zenodo,zenodo__Muraaya-48.jpg,0.603,37.3,0.675,0.62,25.16,0.187,1,157345,498.0,437.4,1.139,0.603,0.893,0.786,0.478,1.7145,0.6939,0.7257,0.1284,0.9803,2.989,0.0268,0.0015,amber / golden yellow,round
Al-muraaya,zenodo,zenodo__Muraaya-5.jpg,0.321,28.2,0.639,0.561,23.2,0.213,1,83561,384.1,352.4,1.09,0.509,0.807,0.593,0.398,2.7023,0.9285,0.6606,0.1205,0.9597,3.138,0.053,0.0024,golden brown,round
Al-muraaya,zenodo,zenodo__Muraaya-50.jpg,0.533,32.0,0.64,0.528,21.57,0.237,1,138967,505.9,383.2,1.32,0.571,0.905,0.848,0.653,2.1649,0.8033,0.6977,0.1294,0.9642,2.985,0.044,0.0004,golden brown,oval
Al-muraaya,zenodo,zenodo__Muraaya-6.jpg,0.401,38.1,0.71,0.609,22.61,0.221,1,104327,476.5,314.1,1.517,0.446,0.836,0.623,0.752,2.6676,0.8932,0.673,0.1186,0.9673,3.075,0.0515,0.0015,amber / golden yellow,oval
Al-muraaya,zenodo,zenodo__Muraaya-7.jpg,0.287,32.1,0.659,0.485,22.52,0.223,1,74631,465.4,224.6,2.073,0.399,0.858,0.712,0.876,3.4442,0.9905,0.6576,0.1238,0.9541,3.2,0.0393,0.0078,golden brown,oblong / elongated
Al-sagai,alhamdan,alhamdan__Sugaey Date (10).jpg,0.354,20.6,0.556,0.569,15.83,0.348,1,92377,469.4,254.1,1.847,0.78,0.987,0.823,0.841,2.1666,0.9296,0.638,0.1425,0.9388,3.2,0.0397,0.0,amber brown,oblong / elongated
Al-sagai,alhamdan,alhamdan__Sugaey Date (101).jpg,0.252,23.1,0.652,0.559,15.15,0.364,1,43665,332.4,171.0,1.943,0.727,0.973,0.812,0.857,2.174,0.9138,0.6438,0.1551,0.9144,3.117,0.0316,0.0,amber brown,oblong / elongated
Al-sagai,alhamdan,alhamdan__Sugaey Date (103).jpg,0.252,22.4,0.619,0.572,14.81,0.373,1,43743,331.5,170.9,1.94,0.72,0.98,0.831,0.857,2.4034,0.9801,0.6243,0.1473,0.916,3.126,0.0367,0.0002,amber brown,oblong / elongated
Al-sagai,alhamdan,alhamdan__Sugaey Date (105).jpg,0.35,20.0,0.637,0.592,15.98,0.345,1,91196,460.8,258.3,1.784,0.753,0.983,0.753,0.828,1.8442,0.8623,0.6526,0.1431,0.9486,3.117,0.0305,0.0,amber brown,oblong / elongated
Al-sagai,alhamdan,alhamdan__Sugaey Date (107).jpg,0.301,20.1,0.648,0.573,17.4,0.313,1,78385,429.2,239.3,1.794,0.764,0.99,0.824,0.83,1.5546,0.7451,0.6958,0.1514,0.9557,3.145,0.0197,0.0,amber brown,oblong / elongated
Al-sagai,alhamdan,alhamdan__Sugaey Date (108).jpg,0.303,20.3,0.652,0.614,16.58,0.331,1,79017,440.3,237.4,1.855,0.71,0.989,0.731,0.842,2.5959,1.0102,0.6198,0.151,0.9135,3.212,0.0437,0.0001,amber brown,oblong / elongated
Al-sagai,alhamdan,alhamdan__Sugaey Date (109).jpg,0.37,20.7,0.612,0.543,14.13,0.39,1,96409,475.7,264.4,1.799,0.763,0.985,0.854,0.831,2.2878,0.9332,0.6418,0.148,0.9146,3.157,0.0448,0.0001,amber brown,oblong / elongated
Al-sagai,alhamdan,alhamdan__Sugaey Date (11).jpg,0.338,22.2,0.631,0.577,17.33,0.315,1,88167,471.8,243.7,1.936,0.754,0.991,0.804,0.856,1.7357,0.7706,0.6899,0.1422,0.9524,3.173,0.0199,0.0,amber brown,oblong / elongated
Al-sagai,alhamdan,alhamdan__Sugaey Date (110).jpg,0.241,19.1,0.592,0.544,16.19,0.34,1,41767,316.0,173.7,1.819,0.762,0.989,0.792,0.835,2.9009,1.0739,0.6061,0.1349,0.9177,3.12,0.0661,0.0,amber brown,oblong / elongated
Al-sagai,alhamdan,alhamdan__Sugaey Date (111).jpg,0.343,18.8,0.617,0.544,15.89,0.347,1,89236,480.8,242.4,1.983,0.714,0.969,0.77,0.864,2.1648,0.918,0.6421,0.1406,0.9404,3.163,0.0373,0.0,amber brown,oblong / elongated
Al-sagai,alhamdan,alhamdan__Sugaey Date (112).jpg,0.284,20.2,0.593,0.508,15.77,0.35,1,74005,418.2,230.7,1.813,0.769,0.98,0.813,0.834,3.2172,1.1244,0.5984,0.1347,0.9035,3.151,0.0669,0.0001,amber brown,oblong / elongated
Al-sagai,alhamdan,alhamdan__Sugaey Date (113).jpg,0.303,19.7,0.626,0.54,17.06,0.321,1,78872,427.1,241.5,1.768,0.738,0.981,0.796,0.825,4.1822,1.2635,0.5766,0.132,0.8716,3.207,0.0853,0.0001,amber brown,oblong / elongated
Al-sagai,alhamdan,alhamdan__Sugaey Date (114).jpg,0.305,18.5,0.632,0.513,16.24,0.339,1,79395,434.1,237.2,1.83,0.774,0.981,0.816,0.837,3.3185,1.0448,0.6373,0.1504,0.9153,3.184,0.0634,0.0001,amber brown,oblong / elongated
Al-sagai,alhamdan,alhamdan__Sugaey Date (117).jpg,0.326,21.6,0.673,0.588,16.09,0.342,1,84951,421.2,260.2,1.618,0.806,0.989,0.832,0.786,1.9058,0.8496,0.6625,0.153,0.9331,3.179,0.03,0.0,amber brown,oblong / elongated
Al-sagai,alhamdan,alhamdan__Sugaey Date (118).jpg,0.304,22.1,0.625,0.556,16.14,0.341,1,79036,463.2,222.0,2.087,0.747,0.99,0.849,0.878,1.8806,0.8238,0.6732,0.1627,0.9414,3.182,0.0269,0.0,amber brown,oblong / elongated
Al-sagai,alhamdan,alhamdan__Sugaey Date (119).jpg,0.212,21.5,0.684,0.57,16.42,0.335,1,36739,304.0,158.6,1.917,0.732,0.973,0.805,0.853,2.1543,0.8802,0.6568,0.1598,0.9266,3.201,0.0201,0.0,amber brown,oblong / elongated
Al-sagai,alhamdan,alhamdan__Sugaey Date (12).jpg,0.3,21.2,0.608,0.556,17.36,0.314,1,78166,460.7,220.4,2.09,0.725,0.987,0.826,0.878,2.0869,0.8736,0.6612,0.1449,0.9313,3.106,0.0355,0.0,amber brown,oblong / elongated
Al-sagai,alhamdan,alhamdan__Sugaey Date (120).jpg,0.306,17.5,0.599,0.538,16.84,0.325,1,79632,406.0,251.5,1.614,0.801,0.988,0.775,0.785,2.3309,0.95,0.637,0.1374,0.9348,3.18,0.0473,0.0,amber brown,oblong / elongated
Al-sagai,alhamdan,alhamdan__Sugaey Date (121).jpg,0.293,18.6,0.568,0.559,16.08,0.342,1,76350,426.9,229.9,1.857,0.775,0.988,0.822,0.843,2.0795,0.8717,0.6587,0.1552,0.9367,3.131,0.0296,0.0,amber brown,oblong / elongated
Al-sagai,alhamdan,alhamdan__Sugaey Date (123).jpg,0.269,17.5,0.584,0.503,17.42,0.313,1,69972,430.6,218.0,1.975,0.725,0.986,0.825,0.862,4.076,1.2884,0.5616,0.1195,0.8941,3.145,0.0926,0.0,amber brown,oblong / elongated
Al-sagai,alhamdan,alhamdan__Sugaey Date (125).jpg,0.284,15.8,0.613,0.547,15.92,0.346,1,73818,445.3,222.2,2.004,0.724,0.988,0.812,0.867,4.8023,1.4033,0.5367,0.1286,0.8697,3.181,0.1152,0.0002,amber brown,oblong / elongated
Al-sagai,alhamdan,alhamdan__Sugaey Date (126).jpg,0.32,21.7,0.629,0.557,16.17,0.34,1,83477,437.6,247.4,1.769,0.785,0.992,0.805,0.825,2.2396,0.9489,0.6331,0.1441,0.928,3.192,0.0465,0.0,amber brown,oblong / elongated
Al-sagai,alhamdan,alhamdan__Sugaey Date (127).jpg,0.283,22.1,0.616,0.557,17.0,0.322,1,73566,440.1,219.9,2.002,0.725,0.981,0.773,0.866,2.4569,0.9759,0.6293,0.1394,0.9307,3.194,0.0431,0.0,amber brown,oblong / elongated
Al-sagai,alhamdan,alhamdan__Sugaey Date (128).jpg,0.311,22.0,0.66,0.567,16.85,0.325,1,80896,434.5,243.3,1.786,0.773,0.99,0.811,0.829,2.4852,0.9864,0.6282,0.1431,0.9196,3.202,0.0525,0.0,amber brown,oblong / elongated
Al-sagai,alhamdan,alhamdan__Sugaey Date (129).jpg,0.329,21.8,0.673,0.568,18.73,0.287,1,85619,400.9,278.0,1.442,0.795,0.984,0.794,0.72,2.8421,0.9669,0.6526,0.1411,0.9235,3.198,0.0607,0.0001,amber brown,oval
Al-sagai,alhamdan,alhamdan__Sugaey Date (13).jpg,0.241,19.7,0.623,0.604,17.94,0.302,1,41891,325.3,168.0,1.937,0.757,0.985,0.843,0.856,3.8782,1.2672,0.5643,0.1236,0.9023,3.194,0.0927,0.0002,amber brown,oblong / elongated
Al-sagai,alhamdan,alhamdan__Sugaey Date (131).jpg,0.311,23.1,0.6,0.553,17.23,0.317,1,81072,372.5,285.1,1.306,0.81,0.986,0.777,0.643,1.7409,0.8474,0.6539,0.1363,0.9538,3.136,0.0269,0.0,amber brown,oval
Al-sagai,alhamdan,alhamdan__Sugaey Date (132).jpg,0.324,20.9,0.612,0.525,18.3,0.295,1,84456,379.8,291.3,1.304,0.786,0.97,0.78,0.642,2.4344,0.9453,0.6453,0.1324,0.9461,3.128,0.0506,0.0,amber brown,oval
Al-sagai,alhamdan,alhamdan__Sugaey Date (134).jpg,0.233,21.9,0.609,0.587,15.68,0.352,1,40400,301.7,172.4,1.75,0.771,0.989,0.797,0.821,3.1175,1.1165,0.5978,0.1474,0.9003,3.152,0.0648,0.0002,amber brown,oblong / elongated
Al-sagai,alhamdan,alhamdan__Sugaey Date (135).jpg,0.31,19.9,0.652,0.539,18.35,0.294,1,80637,436.6,237.3,1.84,0.76,0.987,0.795,0.839,2.5793,0.9778,0.6344,0.1347,0.932,3.19,0.045,0.0,amber brown,oblong / elongated
Al-sagai,alhamdan,alhamdan__Sugaey Date (137).jpg,0.373,20.0,0.666,0.598,17.53,0.311,1,97186,464.0,268.0,1.731,0.787,0.991,0.789,0.816,1.9011,0.8529,0.6608,0.1484,0.9403,3.18,0.0301,0.0,amber brown,oblong / elongated
Al-sagai,alhamdan,alhamdan__Sugaey Date (138).jpg,0.261,20.5,0.646,0.589,17.49,0.312,1,67938,427.4,208.4,2.051,0.736,0.99,0.835,0.873,2.3295,0.9209,0.6497,0.1421,0.9306,3.188,0.0401,0.0,amber brown,oblong / elongated
Al-sagai,alhamdan,alhamdan__Sugaey Date (14).jpg,0.343,22.5,0.645,0.579,17.04,0.321,1,89476,423.1,272.7,1.552,0.786,0.986,0.767,0.765,2.06,0.8869,0.6526,0.1404,0.9398,3.109,0.0396,0.0,amber brown,oval
Al-sagai,alhamdan,alhamdan__Sugaey Date (140).jpg,0.177,19.4,0.624,0.571,17.42,0.313,1,30699,293.5,136.8,2.146,0.729,0.988,0.845,0.885,3.0468,1.0224,0.6307,0.1404,0.9151,3.19,0.037,0.0,amber brown,oblong / elongated
Al-sagai,alhamdan,alhamdan__Sugaey Date (141).jpg,0.302,21.7,0.636,0.555,16.29,0.337,1,78763,424.2,240.7,1.762,0.779,0.99,0.807,0.823,1.8226,0.8274,0.6684,0.1456,0.9479,3.187,0.0327,0.0,amber brown,oblong / elongated
Al-sagai,alhamdan,alhamdan__Sugaey Date (142).jpg,0.293,23.2,0.608,0.568,17.31,0.315,1,76175,432.6,229.3,1.886,0.736,0.988,0.75,0.848,1.6173,0.792,0.6751,0.1434,0.9562,3.125,0.0168,0.0,amber brown,oblong / elongated
Al-sagai,alhamdan,alhamdan__Sugaey Date (143).jpg,0.322,23.4,0.644,0.561,17.14,0.319,1,83855,428.8,251.5,1.705,0.798,0.991,0.817,0.81,1.6623,0.7496,0.698,0.1536,0.9576,3.175,0.0266,0.0,amber brown,oblong / elongated
Al-sagai,alhamdan,alhamdan__Sugaey Date (144).jpg,0.292,19.5,0.624,0.566,15.56,0.354,1,75913,423.4,234.2,1.807,0.755,0.987,0.793,0.833,3.3205,1.1089,0.6051,0.1447,0.884,3.18,0.0638,0.0005,amber brown,oblong / elongated
Al-sagai,alhamdan,alhamdan__Sugaey Date (145).jpg,0.275,20.6,0.7,0.56,13.76,0.399,1,71637,427.0,216.9,1.969,0.742,0.988,0.789,0.861,2.3154,0.9043,0.6562,0.1685,0.9039,3.205,0.0296,0.0,amber brown,oblong / elongated
Al-sagai,alhamdan,alhamdan__Sugaey Date (146).jpg,0.286,21.2,0.651,0.58,16.17,0.34,1,74572,437.2,223.4,1.957,0.747,0.985,0.811,0.86,2.6603,1.0049,0.6264,0.1448,0.9124,3.172,0.0497,0.0,amber brown,oblong / elongated
Al-sagai,alhamdan,alhamdan__Sugaey Date (147).jpg,0.336,23.3,0.681,0.598,17.74,0.307,1,87507,436.4,259.5,1.682,0.802,0.994,0.808,0.804,1.7966,0.8507,0.6554,0.1466,0.945,3.147,0.0242,0.0,amber brown,oblong / elongated
Al-sagai,alhamdan,alhamdan__Sugaey Date (148).jpg,0.315,24.9,0.727,0.591,15.76,0.35,1,82113,421.5,251.5,1.676,0.795,0.991,0.811,0.802,1.5669,0.7407,0.6978,0.1601,0.9501,3.074,0.0224,0.0,amber brown,oblong / elongated
Al-sagai,alhamdan,alhamdan__Sugaey Date (149).jpg,0.301,22.3,0.667,0.552,15.12,0.365,1,78480,411.6,245.4,1.677,0.781,0.987,0.78,0.803,1.3152,0.7151,0.6958,0.1675,0.9445,3.137,0.0106,0.0,amber brown,oblong / elongated
Al-sagai,alhamdan,alhamdan__Sugaey Date (151).jpg,0.285,24.7,0.652,0.597,15.78,0.349,1,74288,427.6,227.4,1.881,0.744,0.991,0.761,0.847,1.8438,0.8473,0.6617,0.1577,0.9434,3.184,0.0374,0.0,amber brown,oblong / elongated
Al-sagai,alhamdan,alhamdan__Sugaey Date (152).jpg,0.355,20.9,0.65,0.569,18.79,0.286,1,92555,447.0,269.2,1.66,0.784,0.991,0.799,0.798,2.6404,0.9613,0.6467,0.1342,0.9291,3.158,0.0556,0.0,amber brown,oblong / elongated
Al-sagai,alhamdan,alhamdan__Sugaey Date (154).jpg,0.245,20.2,0.61,0.626,17.84,0.304,1,42454,311.7,176.7,1.764,0.781,0.989,0.8,0.824,2.2743,0.9013,0.6512,0.1348,0.9467,3.17,0.0247,0.0,amber brown,oblong / elongated
Al-sagai,alhamdan,alhamdan__Sugaey Date (155).jpg,0.234,20.4,0.581,0.588,17.79,0.305,1,40629,310.1,168.9,1.836,0.775,0.99,0.786,0.839,2.2458,0.9349,0.6382,0.1305,0.9473,3.131,0.0352,0.0,amber brown,oblong / elongated
Al-sagai,alhamdan,alhamdan__Sugaey Date (156).jpg,0.309,17.1,0.574,0.526,15.55,0.355,1,80580,450.7,235.0,1.918,0.748,0.99,0.819,0.853,3.2336,1.089,0.6115,0.1484,0.9074,3.21,0.06,0.0002,amber brown,oblong / elongated
Al-sagai,alhamdan,alhamdan__Sugaey Date (158).jpg,0.309,22.8,0.702,0.595,17.97,0.302,1,80566,458.5,226.4,2.025,0.754,0.992,0.834,0.87,1.6715,0.7658,0.691,0.1466,0.9526,3.171,0.0241,0.0,amber brown,oblong / elongated
Al-sagai,alhamdan,alhamdan__Sugaey Date (159).jpg,0.274,23.1,0.642,0.596,17.07,0.32,1,71276,467.1,200.5,2.33,0.683,0.988,0.807,0.903,2.3786,0.939,0.6438,0.1474,0.9167,3.134,0.0428,0.0001,amber brown,very elongated
Al-sagai,alhamdan,alhamdan__Sugaey Date (16).jpg,0.317,20.6,0.601,0.575,17.55,0.31,1,82473,444.1,245.3,1.811,0.749,0.983,0.753,0.834,1.956,0.8656,0.6565,0.1386,0.948,3.149,0.0329,0.0,amber brown,oblong / elongated
Al-sagai,alhamdan,alhamdan__Sugaey Date (160).jpg,0.214,24.4,0.674,0.613,17.54,0.31,1,37139,302.7,158.5,1.91,0.757,0.99,0.813,0.852,2.0548,0.891,0.6476,0.1396,0.9411,3.15,0.0278,0.0,amber brown,oblong / elongated
Al-sagai,alhamdan,alhamdan__Sugaey Date (164).jpg,0.284,16.7,0.605,0.552,15.03,0.367,1,73904,408.8,238.2,1.716,0.757,0.983,0.813,0.813,2.6351,1.0667,0.5973,0.1422,0.9131,3.148,0.0563,0.0,amber brown,oblong / elongated
Al-sagai,alhamdan,alhamdan__Sugaey Date (17).jpg,0.331,20.3,0.658,0.59,18.15,0.298,1,86308,438.7,253.5,1.731,0.781,0.992,0.805,0.816,1.7558,0.7659,0.6962,0.152,0.9534,3.177,0.031,0.0,amber brown,oblong / elongated
Al-sagai,alhamdan,alhamdan__Sugaey Date (18).jpg,0.302,19.2,0.655,0.545,15.87,0.347,1,78683,432.8,234.7,1.844,0.765,0.983,0.782,0.84,2.1478,0.9112,0.6451,0.1548,0.9238,3.199,0.033,0.0,amber brown,oblong / elongated
Al-sagai,alhamdan,alhamdan__Sugaey Date (19).jpg,0.346,18.1,0.665,0.56,16.47,0.333,1,90192,443.1,265.6,1.668,0.765,0.986,0.795,0.8,2.236,0.8767,0.6677,0.1646,0.9166,3.18,0.0457,0.0,amber brown,oblong / elongated
Al-sagai,alhamdan,alhamdan__Sugaey Date (2).jpg,0.307,22.2,0.632,0.544,15.96,0.345,1,79830,441.6,237.8,1.857,0.755,0.984,0.817,0.843,1.9498,0.8493,0.6635,0.1415,0.9492,3.16,0.0229,0.0,amber brown,oblong / elongated
Al-sagai,alhamdan,alhamdan__Sugaey Date (20).jpg,0.316,23.0,0.706,0.59,16.61,0.33,1,82405,447.7,238.2,1.879,0.755,0.986,0.812,0.847,1.7105,0.744,0.7028,0.1604,0.9445,3.186,0.0204,0.0,amber brown,oblong / elongated
Al-sagai,alhamdan,alhamdan__Sugaey Date (22).jpg,0.327,21.8,0.652,0.578,17.57,0.31,1,85225,433.2,253.9,1.706,0.78,0.985,0.81,0.81,2.0113,0.8584,0.6641,0.1472,0.9403,3.124,0.0343,0.0,amber brown,oblong / elongated
Al-sagai,alhamdan,alhamdan__Sugaey Date (23).jpg,0.316,24.7,0.651,0.585,15.71,0.351,1,82240,426.5,247.3,1.725,0.792,0.994,0.79,0.815,1.3054,0.6903,0.7071,0.1635,0.9551,3.163,0.0148,0.0,amber brown,oblong / elongated
Al-sagai,alhamdan,alhamdan__Sugaey Date (25).jpg,0.369,22.9,0.689,0.523,17.14,0.319,1,96272,458.8,270.7,1.695,0.775,0.987,0.815,0.807,1.1695,0.6274,0.7337,0.1672,0.9597,2.892,0.0118,0.0,amber brown,oblong / elongated
Al-sagai,alhamdan,alhamdan__Sugaey Date (26).jpg,0.343,22.8,0.65,0.599,16.47,0.334,1,89262,456.8,255.8,1.786,0.739,0.978,0.75,0.829,1.4821,0.7589,0.6832,0.1475,0.9541,3.116,0.0186,0.0,amber brown,oblong / elongated
Al-sagai,alhamdan,alhamdan__Sugaey Date (27).jpg,0.386,20.7,0.676,0.606,17.17,0.318,1,100737,479.9,270.2,1.776,0.773,0.991,0.785,0.826,2.0853,0.8746,0.6598,0.1377,0.9441,3.184,0.0395,0.0,amber brown,oblong / elongated
Al-sagai,alhamdan,alhamdan__Sugaey Date (30).jpg,0.335,18.9,0.637,0.524,16.77,0.327,1,87410,425.8,265.0,1.607,0.794,0.99,0.782,0.783,2.1005,0.8644,0.6631,0.149,0.9421,3.151,0.0304,0.0,amber brown,oblong / elongated
Al-sagai,alhamdan,alhamdan__Sugaey Date (31).jpg,0.293,21.1,0.65,0.558,15.95,0.345,1,76239,404.8,241.3,1.678,0.776,0.984,0.787,0.803,1.8767,0.835,0.6681,0.1635,0.9395,3.147,0.0295,0.0,amber brown,oblong / elongated
Al-sagai,alhamdan,alhamdan__Sugaey Date (32).jpg,0.3,20.1,0.571,0.533,16.82,0.326,1,78227,393.1,254.2,1.546,0.789,0.986,0.772,0.763,1.6767,0.8092,0.6696,0.1644,0.9546,3.151,0.0236,0.0,amber brown,oval
Al-sagai,alhamdan,alhamdan__Sugaey Date (33).jpg,0.367,24.8,0.655,0.587,14.81,0.373,1,95754,474.1,262.2,1.808,0.757,0.985,0.746,0.833,1.6093,0.7848,0.6767,0.1481,0.95,3.163,0.0175,0.0,amber brown,oblong / elongated
Al-sagai,alhamdan,alhamdan__Sugaey Date (34).jpg,0.361,24.6,0.667,0.608,15.98,0.345,1,94189,468.3,260.7,1.796,0.743,0.989,0.763,0.831,1.6062,0.7572,0.6898,0.1518,0.9516,3.183,0.0191,0.0,amber brown,oblong / elongated
Al-sagai,alhamdan,alhamdan__Sugaey Date (35).jpg,0.338,24.2,0.694,0.612,15.51,0.356,1,87991,481.5,239.3,2.012,0.703,0.978,0.779,0.868,1.7528,0.7706,0.6909,0.1603,0.9436,3.164,0.0282,0.0,amber brown,oblong / elongated
Al-sagai,alhamdan,alhamdan__Sugaey Date (36).jpg,0.377,22.7,0.691,0.55,15.89,0.347,1,98163,484.0,262.2,1.846,0.713,0.973,0.81,0.841,1.5608,0.7351,0.6971,0.1589,0.9567,3.139,0.0155,0.0,amber brown,oblong / elongated
Al-sagai,alhamdan,alhamdan__Sugaey Date (37).jpg,0.355,23.1,0.736,0.605,15.97,0.345,1,92379,474.5,253.4,1.873,0.759,0.984,0.839,0.845,2.4012,0.9023,0.662,0.1535,0.9162,3.174,0.0465,0.0,amber brown,oblong / elongated
Al-sagai,alhamdan,alhamdan__Sugaey Date (38).jpg,0.378,23.9,0.639,0.573,16.68,0.329,1,98439,475.2,267.1,1.779,0.737,0.979,0.75,0.827,3.6097,1.0931,0.6227,0.1338,0.905,3.217,0.0718,0.0004,amber brown,oblong / elongated
Al-sagai,alhamdan,alhamdan__Sugaey Date (39).jpg,0.245,20.3,0.601,0.568,17.58,0.31,1,42532,321.1,174.2,1.843,0.737,0.981,0.793,0.84,5.2373,1.4813,0.5272,0.1138,0.8662,3.185,0.1321,0.0001,amber brown,oblong / elongated
Al-sagai,alhamdan,alhamdan__Sugaey Date (4).jpg,0.221,21.4,0.655,0.574,16.66,0.329,1,38263,304.2,162.2,1.875,0.761,0.99,0.79,0.846,2.8618,1.0424,0.6154,0.135,0.9094,3.158,0.0549,0.0,amber brown,oblong / elongated
Al-sagai,alhamdan,alhamdan__Sugaey Date (40).jpg,0.243,23.3,0.688,0.596,15.82,0.348,1,42247,324.0,168.6,1.922,0.756,0.989,0.784,0.854,2.4046,0.9391,0.6435,0.1506,0.9181,3.156,0.0403,0.0,amber brown,oblong / elongated
Al-sagai,alhamdan,alhamdan__Sugaey Date (42).jpg,0.222,21.0,0.7,0.599,16.96,0.323,1,38517,322.8,155.9,2.07,0.722,0.986,0.769,0.876,2.7583,0.9935,0.6333,0.1366,0.9295,3.158,0.0486,0.0,amber brown,oblong / elongated
Al-sagai,alhamdan,alhamdan__Sugaey Date (43).jpg,0.351,21.3,0.656,0.51,14.06,0.392,1,91397,450.2,261.1,1.724,0.773,0.985,0.77,0.815,1.2886,0.6516,0.7283,0.1935,0.9516,2.961,0.0163,0.0,amber brown,oblong / elongated
Al-sagai,alhamdan,alhamdan__Sugaey Date (46).jpg,0.349,21.1,0.629,0.611,17.7,0.307,1,91040,458.1,257.4,1.78,0.767,0.984,0.82,0.827,1.9498,0.8409,0.67,0.1404,0.9515,3.19,0.0347,0.0,amber brown,oblong / elongated
Al-sagai,alhamdan,alhamdan__Sugaey Date (47).jpg,0.331,20.7,0.597,0.57,16.89,0.324,1,86292,437.9,255.7,1.712,0.77,0.983,0.823,0.812,1.7661,0.804,0.6767,0.139,0.956,3.18,0.0229,0.0,amber brown,oblong / elongated
Al-sagai,alhamdan,alhamdan__Sugaey Date (48).jpg,0.339,19.2,0.581,0.579,16.76,0.327,1,88419,448.7,254.8,1.761,0.789,0.991,0.841,0.823,2.5784,0.9971,0.6272,0.1317,0.9326,3.179,0.0483,0.0001,amber brown,oblong / elongated
Al-sagai,alhamdan,alhamdan__Sugaey Date (49).jpg,0.283,23.9,0.667,0.563,16.8,0.326,1,73814,424.0,226.4,1.872,0.748,0.989,0.783,0.845,1.6794,0.7409,0.7031,0.1525,0.9521,3.193,0.0226,0.0,amber brown,oblong / elongated
Al-sagai,alhamdan,alhamdan__Sugaey Date (5).jpg,0.205,22.2,0.663,0.573,16.31,0.337,1,35464,312.3,147.6,2.116,0.73,0.986,0.835,0.881,3.3645,1.1454,0.5946,0.1398,0.9064,3.142,0.0725,0.0,amber brown,oblong / elongated
Al-sagai,alhamdan,alhamdan__Sugaey Date (50).jpg,0.277,22.6,0.65,0.599,15.96,0.345,1,72096,441.4,213.2,2.07,0.734,0.991,0.819,0.876,1.5937,0.7646,0.6873,0.1569,0.9543,3.178,0.0172,0.0,amber brown,oblong / elongated
Al-sagai,alhamdan,alhamdan__Sugaey Date (51).jpg,0.284,22.4,0.647,0.488,14.17,0.389,1,74032,389.0,245.0,1.588,0.791,0.98,0.786,0.777,1.4182,0.6974,0.7114,0.1758,0.9526,3.072,0.0183,0.0,amber brown,oval
Al-sagai,alhamdan,alhamdan__Sugaey Date (52).jpg,0.266,23.8,0.628,0.561,15.94,0.345,1,69200,417.4,214.2,1.948,0.747,0.991,0.783,0.858,1.6489,0.7976,0.6721,0.1573,0.9444,3.154,0.0232,0.0,amber brown,oblong / elongated
Al-sagai,alhamdan,alhamdan__Sugaey Date (53).jpg,0.36,21.8,0.609,0.592,14.61,0.378,1,93727,464.8,262.2,1.772,0.739,0.982,0.755,0.826,2.7377,1.0748,0.5973,0.1475,0.8988,3.18,0.0631,0.0,amber brown,oblong / elongated
Al-sagai,alhamdan,alhamdan__Sugaey Date (54).jpg,0.35,22.6,0.666,0.577,15.45,0.357,1,91224,446.5,264.7,1.687,0.749,0.988,0.778,0.805,2.4511,0.9864,0.6248,0.1447,0.9157,3.124,0.0488,0.0,amber brown,oblong / elongated
Al-sagai,alhamdan,alhamdan__Sugaey Date (55).jpg,0.344,22.0,0.666,0.565,14.81,0.373,1,89702,448.5,258.1,1.737,0.754,0.983,0.747,0.818,2.6213,1.0197,0.6157,0.1517,0.893,3.14,0.052,0.0,amber brown,oblong / elongated
Al-sagai,alhamdan,alhamdan__Sugaey Date (56).jpg,0.249,23.2,0.697,0.622,16.44,0.334,1,43173,311.8,178.4,1.748,0.787,0.987,0.816,0.82,1.8612,0.8374,0.6646,0.1486,0.9434,3.142,0.027,0.0,amber brown,oblong / elongated
Al-sagai,alhamdan,alhamdan__Sugaey Date (58).jpg,0.353,22.8,0.658,0.568,16.14,0.341,1,91973,452.4,263.0,1.72,0.783,0.989,0.794,0.814,1.6151,0.7532,0.6948,0.1627,0.9426,3.179,0.0245,0.0,amber brown,oblong / elongated
Al-sagai,alhamdan,alhamdan__Sugaey Date (59).jpg,0.347,24.3,0.717,0.614,16.39,0.335,1,90428,469.0,252.6,1.857,0.705,0.969,0.794,0.843,1.5605,0.7102,0.7113,0.1663,0.9509,3.207,0.0155,0.0,amber brown,oblong / elongated
Al-sagai,alhamdan,alhamdan__Sugaey Date (6).jpg,0.211,21.2,0.66,0.589,16.43,0.335,1,36630,300.6,159.4,1.886,0.739,0.985,0.776,0.848,3.0283,1.0934,0.6017,0.1431,0.8931,3.147,0.058,0.0,amber brown,oblong / elongated
Al-sagai,alhamdan,alhamdan__Sugaey Date (62).jpg,0.32,20.3,0.676,0.568,17.42,0.313,1,83448,412.2,261.0,1.579,0.82,0.993,0.83,0.774,2.2316,0.9144,0.6475,0.1513,0.9196,3.179,0.0425,0.0,amber brown,oval
Al-sagai,alhamdan,alhamdan__Sugaey Date (63).jpg,0.327,18.5,0.648,0.552,18.14,0.298,1,85303,422.2,261.4,1.615,0.806,0.992,0.808,0.785,1.9608,0.8513,0.6648,0.1459,0.941,3.157,0.0352,0.0,amber brown,oblong / elongated
Al-sagai,alhamdan,alhamdan__Sugaey Date (64).jpg,0.338,21.4,0.686,0.589,16.09,0.342,1,88166,435.3,260.1,1.674,0.797,0.993,0.793,0.802,1.2909,0.6777,0.7131,0.1643,0.9564,3.186,0.012,0.0,amber brown,oblong / elongated
Al-sagai,alhamdan,alhamdan__Sugaey Date (68).jpg,0.367,24.4,0.728,0.547,12.54,0.434,1,95615,454.1,275.5,1.648,0.769,0.986,0.791,0.795,1.0978,0.6119,0.7356,0.2028,0.9463,3.078,0.0049,0.0,amber brown,oblong / elongated
Al-sagai,alhamdan,alhamdan__Sugaey Date (69).jpg,0.346,20.1,0.672,0.498,16.28,0.338,1,90103,449.2,258.5,1.738,0.731,0.972,0.766,0.818,1.0678,0.5863,0.7488,0.1883,0.9686,2.9,0.0081,0.0,amber brown,oblong / elongated
Al-sagai,alhamdan,alhamdan__Sugaey Date (71).jpg,0.312,23.4,0.681,0.522,15.14,0.365,1,81272,410.2,254.1,1.615,0.801,0.989,0.808,0.785,1.0976,0.5963,0.7455,0.1913,0.9554,2.935,0.0095,0.0,amber brown,oblong / elongated
Al-sagai,alhamdan,alhamdan__Sugaey Date (72).jpg,0.321,23.6,0.675,0.459,14.43,0.382,1,83653,410.4,261.6,1.569,0.776,0.98,0.78,0.77,1.0057,0.5368,0.7703,0.2112,0.9674,3.022,0.0059,0.0,amber brown,oval
Al-sagai,alhamdan,alhamdan__Sugaey Date (76).jpg,0.352,24.5,0.678,0.58,15.34,0.36,1,91832,453.0,261.4,1.733,0.789,0.993,0.797,0.817,1.7828,0.7822,0.6872,0.1533,0.9389,3.171,0.0214,0.0,amber brown,oblong / elongated
Al-sagai,alhamdan,alhamdan__Sugaey Date (8).jpg,0.353,21.7,0.61,0.574,15.17,0.364,1,92016,451.3,263.1,1.716,0.795,0.989,0.814,0.813,1.4858,0.7376,0.6936,0.1525,0.9566,3.207,0.0171,0.0,amber brown,oblong / elongated
Al-sagai,alhamdan,alhamdan__Sugaey Date (80).jpg,0.326,20.0,0.674,0.56,19.27,0.277,1,84859,418.2,267.4,1.564,0.756,0.98,0.763,0.769,2.785,1.0187,0.6298,0.1435,0.9241,3.162,0.0664,0.0,amber brown,oval
Al-sagai,alhamdan,alhamdan__Sugaey Date (81).jpg,0.288,19.7,0.651,0.577,18.4,0.293,1,74951,416.9,242.5,1.719,0.733,0.976,0.738,0.813,3.2805,1.1261,0.6013,0.1288,0.9047,3.179,0.078,0.0,amber brown,oblong / elongated
Al-sagai,alhamdan,alhamdan__Sugaey Date (82).jpg,0.285,19.9,0.678,0.568,20.31,0.258,1,74238,419.6,234.7,1.788,0.745,0.983,0.755,0.829,2.7125,0.968,0.6469,0.1351,0.9348,3.178,0.0533,0.0,amber brown,oblong / elongated
Al-sagai,alhamdan,alhamdan__Sugaey Date (83).jpg,0.308,24.0,0.675,0.582,16.9,0.324,1,80277,425.2,243.6,1.745,0.786,0.991,0.8,0.82,2.0313,0.8812,0.6538,0.1428,0.9392,3.195,0.0338,0.0,amber brown,oblong / elongated
Al-sagai,alhamdan,alhamdan__Sugaey Date (85).jpg,0.3,21.1,0.611,0.597,15.2,0.363,1,78218,437.1,231.2,1.891,0.761,0.991,0.797,0.849,2.4622,1.0107,0.6166,0.1456,0.916,3.155,0.052,0.0,amber brown,oblong / elongated
Al-sagai,alhamdan,alhamdan__Sugaey Date (86).jpg,0.31,22.1,0.647,0.56,18.49,0.291,1,80686,434.6,239.3,1.816,0.775,0.992,0.825,0.835,1.8224,0.8222,0.6719,0.1385,0.9526,3.157,0.0284,0.0,amber brown,oblong / elongated
Al-sagai,alhamdan,alhamdan__Sugaey Date (87).jpg,0.308,21.2,0.617,0.547,17.32,0.315,1,80320,441.1,237.2,1.86,0.749,0.992,0.786,0.843,1.8841,0.8361,0.6677,0.1378,0.9513,3.145,0.033,0.0,amber brown,oblong / elongated
Al-sagai,alhamdan,alhamdan__Sugaey Date (88).jpg,0.327,21.6,0.667,0.595,17.48,0.312,1,85103,453.0,242.2,1.87,0.773,0.993,0.811,0.845,1.9123,0.8433,0.665,0.1463,0.9453,3.169,0.0264,0.0,amber brown,oblong / elongated
Al-sagai,alhamdan,alhamdan__Sugaey Date (89).jpg,0.312,22.3,0.689,0.478,17.2,0.318,1,81342,389.7,268.1,1.454,0.804,0.984,0.776,0.726,1.152,0.5934,0.7492,0.1761,0.969,2.907,0.0096,0.0,amber brown,oval
Al-sagai,alhamdan,alhamdan__Sugaey Date (9).jpg,0.314,21.9,0.643,0.59,17.47,0.312,1,81831,465.6,227.0,2.051,0.745,0.989,0.845,0.873,2.4603,0.9398,0.6486,0.1417,0.9404,3.196,0.0448,0.0,amber brown,oblong / elongated
Al-sagai,alhamdan,alhamdan__Sugaey Date (90).jpg,0.315,22.6,0.693,0.591,18.79,0.286,1,82153,428.0,248.1,1.725,0.787,0.991,0.784,0.815,1.6218,0.7474,0.6969,0.1471,0.9606,3.17,0.0224,0.0,amber brown,oblong / elongated
Al-sagai,alhamdan,alhamdan__Sugaey Date (91).jpg,0.3,23.3,0.692,0.589,17.65,0.308,1,78212,428.1,237.8,1.8,0.76,0.987,0.796,0.831,1.4585,0.7207,0.7021,0.1491,0.9623,3.169,0.0161,0.0,amber brown,oblong / elongated
Al-sagai,alhamdan,alhamdan__Sugaey Date (92).jpg,0.323,23.4,0.638,0.578,15.99,0.344,1,84266,445.6,247.1,1.803,0.743,0.984,0.778,0.832,1.4918,0.7152,0.7052,0.1541,0.9563,3.198,0.0168,0.0,amber brown,oblong / elongated
Al-sagai,alhamdan,alhamdan__Sugaey Date (94).jpg,0.307,22.5,0.601,0.558,15.53,0.355,1,79972,444.6,237.2,1.875,0.738,0.987,0.787,0.846,2.0935,0.8967,0.6496,0.1527,0.9288,3.169,0.039,0.0,amber brown,oblong / elongated
Al-sagai,alhamdan,alhamdan__Sugaey Date (95).jpg,0.276,22.9,0.63,0.556,16.79,0.326,1,71962,393.7,234.7,1.678,0.793,0.993,0.773,0.803,1.4922,0.7182,0.7024,0.1572,0.9474,3.148,0.0148,0.0,amber brown,oblong / elongated
Al-sagai,alhamdan,alhamdan__Sugaey Date (98).jpg,0.225,18.3,0.612,0.537,16.38,0.336,1,38994,312.2,161.6,1.932,0.743,0.985,0.794,0.856,4.2555,1.3855,0.5297,0.1175,0.8757,3.193,0.099,0.0,amber brown,oblong / elongated
Al-sagai,alhamdan,alhamdan__Sugaey Date (99).jpg,0.299,17.9,0.622,0.542,18.75,0.287,1,77806,482.8,212.2,2.275,0.665,0.973,0.793,0.898,2.722,1.0488,0.6114,0.1302,0.9363,3.147,0.0559,0.0001,amber brown,very elongated
Al-sagai,zenodo,zenodo__sequee-10.jpg,0.466,22.1,0.612,0.732,18.0,0.301,1,121180,464.1,410.7,1.13,0.365,0.8,0.706,0.466,1.8705,0.7948,0.6859,0.1375,0.9627,2.695,0.0329,0.0123,amber brown,round
Al-sagai,zenodo,zenodo__sequee-12.jpg,0.403,17.0,0.473,0.665,24.05,0.201,1,104915,488.1,292.3,1.67,0.585,0.939,0.629,0.801,7.8689,1.727,0.4993,0.0812,0.9238,3.089,0.1582,0.01,amber brown,oblong / elongated
Al-sagai,zenodo,zenodo__sequee-14.jpg,0.55,17.1,0.539,0.59,20.12,0.261,1,107452,409.4,351.4,1.165,0.502,0.906,0.771,0.513,8.516,1.8905,0.4702,0.088,0.8685,3.191,0.1744,0.0033,amber brown,round
Al-sagai,zenodo,zenodo__sequee-17.jpg,0.928,23.4,0.576,0.716,33.03,0.111,1,201046,591.0,475.5,1.243,0.782,1.0,0.995,0.594,5.5441,1.0923,0.6653,0.2157,0.9666,2.965,0.0676,0.229,amber brown,round
Al-sagai,zenodo,zenodo__sequee-18.jpg,0.223,1.1,0.472,0.653,29.77,0.137,1,57579,386.0,239.4,1.612,0.209,0.689,0.494,0.784,7.1251,1.5423,0.5499,0.0942,0.9323,3.106,0.1171,0.039,reddish brown,oblong / elongated
Al-sagai,zenodo,zenodo__sequee-19.jpg,0.172,12.2,0.529,0.683,22.81,0.219,1,44458,502.4,127.3,3.948,0.199,0.813,0.679,0.967,9.266,1.946,0.4618,0.0825,0.8838,2.959,0.1794,0.0378,amber brown,very elongated
Al-sagai,zenodo,zenodo__sequee-20.jpg,0.454,17.5,0.516,0.682,18.92,0.283,1,118253,504.6,315.0,1.602,0.608,0.901,0.745,0.781,1.4941,0.6809,0.7146,0.1299,0.9764,3.254,0.013,0.0222,amber brown,oblong / elongated
Al-sagai,zenodo,zenodo__sequee-21.jpg,0.716,358.1,0.327,0.657,28.98,0.145,1,114373,518.1,300.1,1.726,0.693,0.946,0.855,0.815,7.4382,1.4464,0.6051,0.1317,0.9407,3.182,0.1206,0.144,reddish brown,oblong / elongated
Al-sagai,zenodo,zenodo__sequee-23.jpg,0.609,30.8,0.266,0.42,17.5,0.311,1,119056,492.9,325.6,1.514,0.635,0.952,0.855,0.751,11.7783,2.2334,0.4249,0.0842,0.8173,3.133,0.1983,0.0079,golden brown,oval
Al-sagai,zenodo,zenodo__sequee-25.jpg,0.662,34.7,0.42,0.711,24.49,0.195,1,172897,471.3,467.4,1.008,0.869,0.991,0.812,0.127,3.3983,1.1688,0.5878,0.0974,0.9593,2.599,0.0897,0.0985,amber / golden yellow,round
Al-sagai,zenodo,zenodo__sequee-26.jpg,0.481,12.2,0.441,0.668,29.54,0.14,1,70254,421.1,265.5,1.586,0.518,0.808,0.784,0.776,7.4252,1.5265,0.5901,0.2696,0.9468,3.025,0.1423,0.303,amber brown,oval
Al-sagai,zenodo,zenodo__sequee-27.jpg,0.272,16.3,0.532,0.418,21.01,0.246,1,32597,243.0,204.2,1.19,0.444,0.831,0.683,0.542,9.4128,1.8689,0.4906,0.0925,0.8991,3.031,0.1402,0.012,amber brown,round
Al-sagai,zenodo,zenodo__sequee-28.jpg,0.353,14.8,0.584,0.445,14.56,0.379,2,34508,268.6,177.0,1.518,0.707,0.955,0.903,0.752,11.1242,2.2975,0.3883,0.0897,0.7166,3.218,0.2157,0.0,amber brown,oval
Al-sagai,zenodo,zenodo__sequee-29.jpg,0.334,17.6,0.494,0.476,13.11,0.417,1,65016,355.5,270.2,1.316,0.445,0.903,0.534,0.65,4.3926,1.2715,0.5725,0.1444,0.8287,3.111,0.0847,0.0011,amber brown,oval
Al-sagai,zenodo,zenodo__sequee-30.jpg,0.565,15.6,0.416,0.652,28.09,0.154,1,82640,482.9,270.2,1.787,0.539,0.832,0.818,0.829,7.1767,1.5118,0.587,0.2306,0.9433,3.026,0.1375,0.2569,amber brown,oblong / elongated
Al-sagai,zenodo,zenodo__sequee-31.jpg,0.539,31.2,0.388,0.493,14.73,0.375,1,105202,443.9,326.1,1.361,0.427,0.849,0.682,0.679,3.5403,1.1117,0.6198,0.128,0.9154,2.736,0.087,0.001,golden brown,oval
Al-sagai,zenodo,zenodo__sequee-33.jpg,0.604,24.2,0.661,0.553,19.16,0.279,1,88514,444.8,279.1,1.594,0.707,0.981,0.898,0.779,10.9543,2.1289,0.4359,0.0847,0.8356,2.957,0.1719,0.0,amber brown,oval
Al-sagai,zenodo,zenodo__sequee-34.jpg,0.445,13.0,0.65,0.503,30.29,0.133,1,115987,408.7,398.8,1.025,0.56,0.828,0.61,0.219,7.2165,1.4876,0.5715,0.1133,0.9179,3.123,0.1201,0.0006,amber brown,round
Al-sagai,zenodo,zenodo__sequee-35.jpg,0.433,20.8,0.418,0.626,29.54,0.14,1,112783,443.8,332.4,1.335,0.689,0.949,0.729,0.663,8.5708,1.52,0.5904,0.0909,0.9359,3.037,0.1111,0.0781,amber brown,oval
Al-sagai,zenodo,zenodo__sequee-38.jpg,0.401,15.8,0.478,0.784,22.2,0.228,1,104211,469.0,382.0,1.228,0.308,0.745,0.55,0.58,3.5345,0.9685,0.6691,0.1388,0.9556,2.74,0.0452,0.1668,amber brown,round
Al-sagai,zenodo,zenodo__sequee-39.jpg,0.259,19.0,0.64,0.695,23.33,0.211,1,55702,282.1,267.2,1.056,0.651,0.917,0.688,0.321,5.8889,1.5124,0.5259,0.0871,0.9333,3.147,0.1124,0.0096,amber brown,round
Al-sagai,zenodo,zenodo__sequee-40.jpg,0.329,23.7,0.6,0.517,21.13,0.245,1,56685,337.5,227.7,1.482,0.582,0.92,0.763,0.738,7.3116,1.4323,0.5993,0.1262,0.9062,3.01,0.0992,0.0164,amber brown,oval
Al-sagai,zenodo,zenodo__sequee-41.jpg,0.23,18.6,0.323,0.519,21.0,0.247,1,59822,403.6,196.1,2.058,0.608,0.94,0.719,0.874,8.0444,1.722,0.5082,0.0846,0.9002,2.944,0.1263,0.0075,amber brown,oblong / elongated
Al-sagai,zenodo,zenodo__sequee-42.jpg,0.406,28.8,0.678,0.638,23.61,0.207,1,105678,422.6,326.5,1.294,0.63,0.923,0.682,0.635,6.0276,1.5088,0.5292,0.0915,0.9198,3.003,0.128,0.0017,amber / golden yellow,oval
Al-sagai,zenodo,zenodo__sequee-45.jpg,0.323,29.3,0.307,0.687,27.52,0.16,3,48953,384.2,351.2,1.094,0.207,0.578,0.372,0.405,9.7916,1.762,0.5246,0.1141,0.9219,3.198,0.0801,0.1757,amber / golden yellow,round
Al-sagai,zenodo,zenodo__sequee-46.jpg,0.422,197.2,0.069,0.88,7.31,0.614,1,73336,582.6,189.2,3.079,0.496,0.894,0.856,0.946,5.0268,0.7586,0.8256,0.4824,0.6834,3.089,0.0484,0.7443,greyish / dull,very elongated
Al-sagai,zenodo,zenodo__sequee-47.jpg,0.494,26.9,0.574,0.771,26.89,0.166,1,85549,397.3,274.5,1.447,0.711,0.971,0.759,0.723,7.9013,1.6772,0.5149,0.0887,0.9163,2.635,0.1243,0.0903,amber / golden yellow,oval
Al-sagai,zenodo,zenodo__sequee-6.jpg,0.388,9.0,0.593,0.671,24.91,0.19,1,67014,364.9,244.1,1.495,0.586,0.911,0.616,0.743,10.0644,2.0446,0.4409,0.071,0.9032,3.17,0.1778,0.0328,reddish brown,oval
Al-sagai,zenodo,zenodo__sequee-7.jpg,0.61,11.5,0.631,0.684,24.18,0.2,1,158579,487.0,436.3,1.116,0.579,0.911,0.746,0.444,6.6376,1.5582,0.5254,0.0818,0.9362,3.14,0.1292,0.0201,reddish brown,round
Al-sagai,zenodo,zenodo__sequee-8.jpg,0.348,20.0,0.689,0.57,18.83,0.285,1,56141,427.2,196.8,2.17,0.503,0.88,0.629,0.888,7.4696,1.6769,0.5206,0.1085,0.8629,3.028,0.1452,0.004,amber brown,oblong / elongated
Al-sagai,zenodo,zenodo__sequee-9.jpg,0.339,30.9,0.752,0.562,25.09,0.188,1,76171,318.8,307.2,1.038,0.297,0.911,0.7,0.267,10.2817,1.9349,0.4945,0.0976,0.9028,3.129,0.1641,0.0582,golden brown,round
Al-shagra,zenodo,zenodo__Shagra-1.jpg,0.633,20.1,0.397,0.426,21.34,0.241,1,115098,467.3,320.9,1.456,0.632,0.934,0.745,0.727,4.3403,1.2847,0.571,0.1147,0.9223,2.741,0.1004,0.015,amber brown,oval
Al-shagra,zenodo,zenodo__Shagra-10.jpg,0.526,5.4,0.566,0.363,25.01,0.189,1,102833,442.8,299.0,1.481,0.671,0.954,0.745,0.738,3.7402,1.032,0.6534,0.1396,0.9567,2.949,0.0735,0.0369,dark red-brown,oval
Al-shagra,zenodo,zenodo__Shagra-12.jpg,0.326,10.8,0.721,0.308,13.29,0.412,1,40225,269.6,192.6,1.4,0.794,0.975,0.755,0.7,2.1531,0.7372,0.7251,0.2373,0.8639,3.2,0.0372,0.0,dark red-brown,oval
Al-shagra,zenodo,zenodo__Shagra-13.jpg,0.52,316.1,0.306,0.475,22.22,0.227,1,101604,403.1,334.7,1.204,0.609,0.924,0.738,0.557,7.2824,1.8516,0.4494,0.087,0.8531,3.142,0.1946,0.0012,greenish yellow,round
Al-shagra,zenodo,zenodo__Shagra-14.jpg,0.728,358.9,0.324,0.457,21.16,0.244,1,147568,536.7,388.5,1.381,0.611,0.938,0.902,0.69,5.8744,1.5339,0.5182,0.0952,0.8916,3.171,0.1274,0.0002,reddish brown,oval
Al-shagra,zenodo,zenodo__Shagra-15.jpg,0.275,18.1,0.377,0.445,21.31,0.241,1,46871,293.4,234.7,1.25,0.218,0.765,0.608,0.6,7.6327,1.7134,0.5064,0.1003,0.874,3.005,0.1308,0.0006,amber brown,round
Al-shagra,zenodo,zenodo__Shagra-17.jpg,0.499,12.4,0.577,0.476,18.35,0.294,1,85947,543.0,226.2,2.401,0.638,0.96,0.854,0.909,4.3125,1.3122,0.5556,0.1199,0.8968,2.451,0.0946,0.0059,amber brown,very elongated
Al-shagra,zenodo,zenodo__Shagra-19.jpg,0.335,18.2,0.623,0.345,20.54,0.254,1,67977,365.4,258.9,1.411,0.53,0.876,0.574,0.706,4.2762,1.1974,0.6041,0.1266,0.8972,3.036,0.0899,0.001,dark brown,oval
Al-shagra,zenodo,zenodo__Shagra-20.jpg,0.563,15.3,0.322,0.572,22.84,0.218,1,109969,447.5,354.0,1.264,0.559,0.875,0.702,0.612,3.5763,0.9391,0.6883,0.1798,0.9478,3.172,0.0523,0.0009,amber brown,oval
Al-shagra,zenodo,zenodo__Shagra-21.jpg,0.371,11.5,0.652,0.304,21.46,0.239,1,72401,409.3,251.2,1.629,0.54,0.903,0.641,0.79,3.1586,0.9803,0.6594,0.156,0.9078,2.932,0.0719,0.0021,dark red-brown,oblong / elongated
Al-shagra,zenodo,zenodo__Shagra-24.jpg,0.316,22.0,0.549,0.626,19.05,0.281,1,61636,405.3,239.8,1.69,0.56,0.95,0.577,0.806,6.9383,1.6027,0.5286,0.102,0.8692,2.744,0.1123,0.0,amber brown,oblong / elongated
Al-shagra,zenodo,zenodo__Shagra-3.jpg,0.438,16.5,0.443,0.525,29.46,0.14,1,85240,484.2,292.2,1.657,0.277,0.69,0.555,0.797,5.4763,1.4083,0.5627,0.0934,0.939,2.927,0.1161,0.0113,amber brown,oblong / elongated
Al-shagra,zenodo,zenodo__Shagra-5.jpg,0.561,10.2,0.575,0.53,36.34,0.089,1,109432,456.2,342.2,1.333,0.369,0.825,0.66,0.661,4.0342,1.1361,0.6239,0.1158,0.9469,2.994,0.0828,0.0025,reddish brown,oval
Al-shagra,zenodo,zenodo__Shagra-6.jpg,0.433,3.4,0.884,0.706,36.68,0.087,1,84484,381.8,303.1,1.26,0.472,0.893,0.772,0.608,1.5312,0.6344,0.75,0.199,0.9404,2.9,0.0345,0.0001,reddish brown,oval
Al-shagra,zenodo,zenodo__Shagra-8.jpg,0.439,8.8,0.543,0.316,18.65,0.288,1,85726,385.3,303.3,1.27,0.589,0.905,0.778,0.617,2.6014,0.9502,0.6487,0.1432,0.9266,3.123,0.0567,0.0,dark red-brown,oval
Al-shagra,zenodo,zenodo__Shagra-9.jpg,0.517,4.1,0.468,0.316,19.8,0.267,1,100918,416.9,335.0,1.245,0.417,0.85,0.735,0.595,3.4384,1.0891,0.6196,0.13,0.9072,2.787,0.076,0.0,dark red-brown,round
Al-shaishe,alhamdan,alhamdan__Shaishe Date (10).jpg,0.258,22.7,0.511,0.52,16.36,0.336,1,67201,358.5,243.4,1.473,0.815,0.99,0.828,0.734,2.0757,0.8599,0.6641,0.1436,0.9449,3.126,0.0366,0.0,amber brown,oval
Al-shaishe,alhamdan,alhamdan__Shaishe Date (100).jpg,0.252,30.9,0.401,0.531,17.23,0.317,1,65686,377.3,229.1,1.647,0.786,0.988,0.798,0.795,2.1153,0.8824,0.6582,0.1321,0.9579,3.125,0.0483,0.0,golden brown,oblong / elongated
Al-shaishe,alhamdan,alhamdan__Shaishe Date (101).jpg,0.242,34.0,0.456,0.536,15.78,0.349,1,62929,370.6,225.5,1.643,0.766,0.988,0.776,0.794,2.0299,0.8586,0.6664,0.1476,0.9441,3.161,0.0409,0.0,golden brown,oblong / elongated
Al-shaishe,alhamdan,alhamdan__Shaishe Date (104).jpg,0.229,28.1,0.546,0.498,16.05,0.343,1,59708,358.0,217.3,1.647,0.795,0.991,0.796,0.795,2.5588,0.9839,0.6297,0.1328,0.9237,3.13,0.0475,0.0,golden brown,oblong / elongated
Al-shaishe,alhamdan,alhamdan__Shaishe Date (106).jpg,0.251,29.5,0.389,0.548,15.6,0.353,1,65237,355.3,240.7,1.477,0.803,0.986,0.78,0.736,1.8068,0.7952,0.6858,0.1537,0.9499,3.179,0.0417,0.0,golden brown,oval
Al-shaishe,alhamdan,alhamdan__Shaishe Date (107).jpg,0.271,28.0,0.406,0.524,17.84,0.304,1,70546,366.0,248.6,1.472,0.819,0.988,0.797,0.734,1.754,0.7943,0.6816,0.1374,0.9622,3.119,0.0371,0.0,golden brown,oval
Al-shaishe,alhamdan,alhamdan__Shaishe Date (108).jpg,0.274,28.3,0.444,0.516,18.74,0.287,1,71490,368.1,251.5,1.463,0.823,0.991,0.808,0.73,1.4645,0.7195,0.7019,0.1379,0.9728,3.18,0.0193,0.0,golden brown,oval
Al-shaishe,alhamdan,alhamdan__Shaishe Date (11).jpg,0.23,24.4,0.469,0.539,16.24,0.339,1,59917,377.1,209.7,1.798,0.748,0.978,0.759,0.831,2.7496,0.995,0.6332,0.1325,0.9277,3.102,0.0505,0.0,amber brown,oblong / elongated
Al-shaishe,alhamdan,alhamdan__Shaishe Date (110).jpg,0.284,23.9,0.417,0.472,14.98,0.368,1,74090,381.1,253.8,1.502,0.815,0.992,0.799,0.746,1.7031,0.783,0.6831,0.1611,0.9573,3.123,0.0239,0.0,amber brown,oval
Al-shaishe,alhamdan,alhamdan__Shaishe Date (111).jpg,0.236,25.1,0.512,0.553,17.57,0.31,1,61562,352.5,225.7,1.562,0.807,0.987,0.811,0.768,1.602,0.7483,0.6943,0.1537,0.9602,3.188,0.0205,0.0,golden brown,oval
Al-shaishe,alhamdan,alhamdan__Shaishe Date (112).jpg,0.224,21.6,0.46,0.496,16.42,0.335,1,58286,361.4,208.0,1.738,0.792,0.989,0.817,0.818,1.7609,0.7849,0.6838,0.1573,0.9552,3.17,0.0271,0.0,amber brown,oblong / elongated
Al-shaishe,alhamdan,alhamdan__Shaishe Date (113).jpg,0.305,24.5,0.464,0.535,14.47,0.381,1,79568,408.1,252.4,1.617,0.795,0.993,0.771,0.786,2.2158,0.9511,0.63,0.1403,0.9391,3.067,0.0458,0.0,amber brown,oblong / elongated
Al-shaishe,alhamdan,alhamdan__Shaishe Date (114).jpg,0.281,22.3,0.435,0.489,15.44,0.357,1,73231,411.6,234.0,1.759,0.767,0.989,0.796,0.823,2.2941,0.9125,0.6473,0.1508,0.9371,3.187,0.033,0.0,amber brown,oblong / elongated
Al-shaishe,alhamdan,alhamdan__Shaishe Date (115).jpg,0.284,24.5,0.464,0.496,16.5,0.333,1,73950,377.7,250.5,1.508,0.792,0.982,0.759,0.748,1.5143,0.7256,0.6995,0.1643,0.961,3.188,0.0123,0.0,amber brown,oval
Al-shaishe,alhamdan,alhamdan__Shaishe Date (116).jpg,0.291,20.4,0.398,0.47,15.81,0.348,1,75850,374.4,262.3,1.427,0.8,0.985,0.73,0.713,1.8708,0.8274,0.6707,0.1565,0.9498,3.162,0.0346,0.0,amber brown,oval
Al-shaishe,alhamdan,alhamdan__Shaishe Date (119).jpg,0.305,26.7,0.45,0.493,14.38,0.383,1,79452,391.0,263.9,1.481,0.831,0.993,0.821,0.738,1.6734,0.8015,0.6722,0.1595,0.9522,3.208,0.0251,0.0,golden brown,oval
Al-shaishe,alhamdan,alhamdan__Shaishe Date (12).jpg,0.308,22.3,0.466,0.557,15.66,0.352,1,80258,406.6,253.4,1.605,0.823,0.993,0.805,0.782,2.0479,0.8441,0.6682,0.1447,0.949,3.169,0.0284,0.0001,amber brown,oblong / elongated
Al-shaishe,alhamdan,alhamdan__Shaishe Date (122).jpg,0.268,20.9,0.408,0.503,15.52,0.355,1,69815,390.1,237.1,1.645,0.774,0.983,0.771,0.794,2.2936,0.9012,0.6571,0.143,0.9428,3.146,0.0494,0.0,amber brown,oblong / elongated
Al-shaishe,alhamdan,alhamdan__Shaishe Date (123).jpg,0.278,18.7,0.418,0.5,16.04,0.343,1,72327,396.2,240.2,1.649,0.777,0.987,0.792,0.795,2.3198,0.9188,0.648,0.1458,0.9466,3.176,0.0379,0.0,amber brown,oblong / elongated
Al-shaishe,alhamdan,alhamdan__Shaishe Date (124).jpg,0.257,24.3,0.524,0.549,16.11,0.342,1,66962,384.6,224.9,1.71,0.806,0.992,0.807,0.811,1.8455,0.8311,0.6663,0.1446,0.9453,3.123,0.0267,0.0,amber brown,oblong / elongated
Al-shaishe,alhamdan,alhamdan__Shaishe Date (125).jpg,0.295,27.8,0.475,0.481,14.96,0.369,1,76948,419.8,238.0,1.764,0.79,0.993,0.796,0.824,1.8431,0.7876,0.6865,0.1651,0.9487,3.139,0.0211,0.0,golden brown,oblong / elongated
Al-shaishe,alhamdan,alhamdan__Shaishe Date (126).jpg,0.284,27.0,0.498,0.51,13.39,0.41,1,74037,403.4,236.3,1.707,0.795,0.994,0.778,0.81,1.9746,0.8139,0.6825,0.1671,0.9302,3.127,0.0311,0.0,golden brown,oblong / elongated
Al-shaishe,alhamdan,alhamdan__Shaishe Date (127).jpg,0.283,19.7,0.47,0.49,16.22,0.339,1,73714,366.4,258.1,1.42,0.82,0.987,0.805,0.71,1.9545,0.8754,0.6504,0.1523,0.9421,3.193,0.0296,0.0,amber brown,oval
Al-shaishe,alhamdan,alhamdan__Shaishe Date (128).jpg,0.276,23.5,0.508,0.52,15.0,0.368,1,72007,362.1,256.0,1.415,0.824,0.988,0.797,0.707,1.9635,0.8604,0.6575,0.1527,0.9342,3.182,0.0301,0.0001,amber brown,oval
Al-shaishe,alhamdan,alhamdan__Shaishe Date (13).jpg,0.272,23.5,0.493,0.567,14.31,0.385,1,70673,428.6,217.6,1.97,0.728,0.989,0.825,0.862,1.9911,0.8678,0.6575,0.1529,0.9336,3.185,0.0271,0.0,amber brown,oblong / elongated
Al-shaishe,alhamdan,alhamdan__Shaishe Date (130).jpg,0.274,16.6,0.42,0.539,14.09,0.391,1,71477,385.0,244.0,1.578,0.788,0.987,0.768,0.774,2.5849,0.9905,0.6301,0.1531,0.9155,3.15,0.0629,0.0,amber brown,oval
Al-shaishe,alhamdan,alhamdan__Shaishe Date (131).jpg,0.277,21.5,0.425,0.549,14.19,0.388,1,72140,381.6,245.5,1.555,0.806,0.99,0.78,0.766,2.2857,0.9085,0.6525,0.1525,0.9246,3.164,0.0518,0.0,amber brown,oval
Al-shaishe,alhamdan,alhamdan__Shaishe Date (132).jpg,0.258,17.2,0.419,0.516,16.43,0.334,1,67031,414.5,215.9,1.92,0.734,0.984,0.771,0.854,2.5461,0.9594,0.6407,0.1386,0.936,3.078,0.0442,0.0,amber brown,oblong / elongated
Al-shaishe,alhamdan,alhamdan__Shaishe Date (133).jpg,0.286,20.0,0.471,0.494,16.94,0.323,1,74599,394.9,246.0,1.605,0.805,0.986,0.803,0.782,2.1665,0.8891,0.6563,0.1366,0.9539,3.179,0.0378,0.0,amber brown,oblong / elongated
Al-shaishe,alhamdan,alhamdan__Shaishe Date (134).jpg,0.277,21.8,0.547,0.366,11.13,0.476,1,72149,350.9,263.3,1.333,0.836,0.991,0.803,0.661,1.4248,0.6906,0.7126,0.2046,0.9341,3.039,0.0083,0.0,dark brown,oval
Al-shaishe,alhamdan,alhamdan__Shaishe Date (135).jpg,0.272,21.4,0.474,0.504,14.89,0.371,1,70959,369.3,250.2,1.476,0.811,0.989,0.778,0.735,1.8828,0.8204,0.673,0.153,0.9414,3.196,0.0326,0.0,amber brown,oval
Al-shaishe,alhamdan,alhamdan__Shaishe Date (136).jpg,0.227,25.3,0.464,0.446,13.44,0.408,1,59061,335.3,228.5,1.467,0.823,0.986,0.814,0.732,2.263,0.8834,0.6612,0.1671,0.9156,3.166,0.0403,0.0,golden brown,oval
Al-shaishe,alhamdan,alhamdan__Shaishe Date (138).jpg,0.204,26.9,0.436,0.47,15.24,0.362,1,53066,335.2,206.7,1.622,0.783,0.984,0.796,0.787,2.1098,0.8985,0.6479,0.1524,0.9401,3.15,0.0318,0.0,golden brown,oblong / elongated
Al-shaishe,alhamdan,alhamdan__Shaishe Date (142).jpg,0.281,19.8,0.438,0.448,17.13,0.319,1,73199,386.6,245.6,1.574,0.819,0.989,0.824,0.772,1.8871,0.8142,0.6785,0.1471,0.9615,3.152,0.0321,0.0,amber brown,oval
Al-shaishe,alhamdan,alhamdan__Shaishe Date (143).jpg,0.272,31.5,0.523,0.372,12.19,0.444,1,70839,384.6,240.6,1.598,0.749,0.976,0.813,0.78,1.1668,0.6089,0.7428,0.2107,0.9461,2.945,0.0056,0.0,golden brown,oval
Al-shaishe,alhamdan,alhamdan__Shaishe Date (145).jpg,0.25,27.1,0.524,0.503,15.74,0.35,1,64972,390.4,224.4,1.74,0.74,0.973,0.769,0.818,2.0472,0.8776,0.6565,0.1481,0.9423,3.085,0.0366,0.0,golden brown,oblong / elongated
Al-shaishe,alhamdan,alhamdan__Shaishe Date (147).jpg,0.251,28.0,0.412,0.494,15.32,0.36,1,65228,387.9,220.0,1.763,0.762,0.985,0.751,0.824,2.309,0.9302,0.6442,0.1413,0.937,3.106,0.0536,0.0,golden brown,oblong / elongated
Al-shaishe,alhamdan,alhamdan__Shaishe Date (148).jpg,0.282,24.3,0.388,0.487,15.28,0.361,1,73557,390.3,248.0,1.574,0.79,0.989,0.769,0.772,2.4631,0.9362,0.649,0.1495,0.9414,3.182,0.0538,0.0,amber brown,oval
Al-shaishe,alhamdan,alhamdan__Shaishe Date (15).jpg,0.276,22.3,0.445,0.505,14.83,0.372,1,72004,356.2,258.3,1.379,0.86,0.996,0.805,0.689,1.6388,0.7802,0.6811,0.1546,0.9465,3.181,0.0198,0.0,amber brown,oval
Al-shaishe,alhamdan,alhamdan__Shaishe Date (150).jpg,0.232,24.9,0.486,0.51,18.17,0.298,1,60438,357.0,221.6,1.611,0.8,0.991,0.806,0.784,1.8173,0.8127,0.6742,0.1508,0.9567,3.095,0.0313,0.0,amber brown,oblong / elongated
Al-shaishe,alhamdan,alhamdan__Shaishe Date (151).jpg,0.243,28.1,0.473,0.469,15.77,0.349,1,63333,351.2,233.1,1.507,0.828,0.993,0.788,0.748,2.0356,0.8349,0.674,0.1501,0.9366,3.138,0.0374,0.0,golden brown,oval
Al-shaishe,alhamdan,alhamdan__Shaishe Date (152).jpg,0.332,25.0,0.45,0.507,15.37,0.359,1,86497,398.0,278.7,1.428,0.843,0.995,0.787,0.714,1.9976,0.8861,0.6489,0.1503,0.9391,3.173,0.0352,0.0,golden brown,oval
Al-shaishe,alhamdan,alhamdan__Shaishe Date (154).jpg,0.243,22.2,0.466,0.437,18.13,0.298,1,63182,351.8,231.4,1.52,0.824,0.991,0.773,0.753,2.7198,0.9741,0.6415,0.1273,0.9452,3.143,0.0518,0.0,amber brown,oval
Al-shaishe,alhamdan,alhamdan__Shaishe Date (156).jpg,0.252,26.4,0.458,0.529,14.73,0.375,1,65581,359.6,235.7,1.525,0.818,0.99,0.855,0.755,1.7129,0.807,0.6728,0.1454,0.9482,3.149,0.0354,0.0,golden brown,oval
Al-shaishe,alhamdan,alhamdan__Shaishe Date (157).jpg,0.259,22.8,0.485,0.557,15.64,0.353,1,67433,386.4,227.4,1.699,0.779,0.985,0.776,0.809,2.6074,0.9381,0.6541,0.1609,0.9175,3.178,0.0467,0.0,amber brown,oblong / elongated
Al-shaishe,alhamdan,alhamdan__Shaishe Date (158).jpg,0.301,30.0,0.431,0.561,16.59,0.331,1,78390,401.8,253.2,1.587,0.806,0.986,0.872,0.777,1.3821,0.7199,0.698,0.1462,0.9654,3.185,0.0218,0.0,golden brown,oval
Al-shaishe,alhamdan,alhamdan__Shaishe Date (159).jpg,0.266,27.9,0.38,0.488,14.54,0.379,1,69124,419.9,216.7,1.938,0.737,0.982,0.776,0.857,2.0242,0.8758,0.6546,0.1438,0.9446,3.155,0.0335,0.0,golden brown,oblong / elongated
Al-shaishe,alhamdan,alhamdan__Shaishe Date (16).jpg,0.276,18.8,0.441,0.496,16.21,0.339,1,71913,347.7,265.5,1.31,0.858,0.995,0.809,0.646,2.9594,1.0368,0.6223,0.135,0.9279,3.191,0.0638,0.0003,amber brown,oval
Al-shaishe,alhamdan,alhamdan__Shaishe Date (162).jpg,0.264,26.8,0.41,0.462,13.65,0.402,1,68767,392.8,231.9,1.694,0.747,0.971,0.719,0.807,2.1981,0.8875,0.6548,0.1642,0.9231,3.104,0.0313,0.0,golden brown,oblong / elongated
Al-shaishe,alhamdan,alhamdan__Shaishe Date (163).jpg,0.267,27.6,0.432,0.461,16.55,0.332,1,69570,366.0,245.8,1.489,0.81,0.991,0.737,0.741,1.6289,0.7517,0.6941,0.1433,0.9653,3.142,0.0236,0.0,golden brown,oval
Al-shaishe,alhamdan,alhamdan__Shaishe Date (165).jpg,0.249,26.6,0.362,0.463,16.81,0.326,1,64891,384.8,222.1,1.733,0.759,0.979,0.757,0.817,2.1816,0.8908,0.6559,0.1392,0.9531,3.127,0.0427,0.0,golden brown,oblong / elongated
Al-shaishe,alhamdan,alhamdan__Shaishe Date (166).jpg,0.281,23.1,0.439,0.512,16.69,0.329,1,73289,372.6,255.2,1.46,0.824,0.988,0.804,0.729,1.6862,0.7904,0.6778,0.1443,0.9564,3.198,0.0172,0.0,amber brown,oval
Al-shaishe,alhamdan,alhamdan__Shaishe Date (167).jpg,0.282,21.7,0.427,0.503,17.74,0.307,1,73556,371.6,260.1,1.429,0.798,0.981,0.801,0.714,2.9665,1.0594,0.6154,0.1353,0.9189,3.173,0.0644,0.0,amber brown,oval
Al-shaishe,alhamdan,alhamdan__Shaishe Date (168).jpg,0.334,23.5,0.496,0.498,13.3,0.412,1,87108,396.7,283.3,1.4,0.819,0.984,0.78,0.7,2.0849,0.9128,0.6393,0.1592,0.9178,3.177,0.0354,0.0,amber brown,oval
Al-shaishe,alhamdan,alhamdan__Shaishe Date (17).jpg,0.25,21.5,0.499,0.522,16.64,0.33,1,65091,375.5,225.1,1.668,0.792,0.985,0.852,0.8,3.8637,1.1406,0.6128,0.1441,0.9057,3.2,0.0741,0.0007,amber brown,oblong / elongated
Al-shaishe,alhamdan,alhamdan__Shaishe Date (171).jpg,0.246,20.3,0.453,0.557,15.51,0.356,1,64147,362.8,229.2,1.583,0.788,0.98,0.823,0.775,2.2303,0.9131,0.6468,0.1367,0.9404,3.149,0.0474,0.0,amber brown,oval
Al-shaishe,alhamdan,alhamdan__Shaishe Date (18).jpg,0.247,21.9,0.492,0.509,16.82,0.326,1,64225,365.7,227.8,1.605,0.778,0.984,0.758,0.782,3.0945,1.0527,0.6229,0.1339,0.9263,3.107,0.0691,0.0001,amber brown,oblong / elongated
Al-shaishe,alhamdan,alhamdan__Shaishe Date (19).jpg,0.245,24.7,0.481,0.498,15.08,0.366,1,63811,362.4,229.0,1.582,0.784,0.983,0.783,0.775,2.0267,0.8513,0.6642,0.1518,0.9357,3.121,0.0258,0.0,amber brown,oval
Al-shaishe,alhamdan,alhamdan__Shaishe Date (20).jpg,0.259,24.0,0.503,0.525,15.94,0.346,1,67510,367.9,236.3,1.557,0.821,0.991,0.815,0.766,2.0155,0.8836,0.6494,0.1411,0.9424,3.167,0.0306,0.0,amber brown,oval
Al-shaishe,alhamdan,alhamdan__Shaishe Date (22).jpg,0.249,25.4,0.439,0.516,16.65,0.33,1,64771,378.4,225.3,1.68,0.776,0.989,0.772,0.803,2.0092,0.8202,0.6806,0.1545,0.9545,3.173,0.0329,0.0,golden brown,oblong / elongated
Al-shaishe,alhamdan,alhamdan__Shaishe Date (23).jpg,0.248,26.4,0.425,0.532,16.98,0.322,1,64598,379.5,222.8,1.704,0.764,0.984,0.784,0.81,2.2632,0.8912,0.6582,0.1312,0.9512,3.181,0.038,0.0,golden brown,oblong / elongated
Al-shaishe,alhamdan,alhamdan__Shaishe Date (24).jpg,0.253,25.4,0.458,0.549,15.58,0.354,1,65938,380.4,225.5,1.687,0.791,0.992,0.787,0.805,3.4254,1.1396,0.5975,0.1351,0.8955,3.172,0.0835,0.0001,golden brown,oblong / elongated
Al-shaishe,alhamdan,alhamdan__Shaishe Date (26).jpg,0.255,23.5,0.465,0.534,15.85,0.348,1,66340,364.5,236.8,1.539,0.816,0.994,0.81,0.76,2.0521,0.902,0.6447,0.1469,0.9349,3.156,0.0483,0.0,amber brown,oval
Al-shaishe,alhamdan,alhamdan__Shaishe Date (31).jpg,0.23,21.7,0.446,0.443,16.85,0.325,1,59827,332.8,233.7,1.424,0.812,0.983,0.804,0.712,2.6748,0.9715,0.6387,0.1307,0.9424,3.127,0.05,0.0,amber brown,oval
Al-shaishe,alhamdan,alhamdan__Shaishe Date (32).jpg,0.237,27.4,0.489,0.53,18.07,0.3,1,61746,382.7,213.9,1.789,0.748,0.979,0.8,0.829,2.0505,0.8204,0.6797,0.1386,0.9499,3.147,0.0326,0.0,golden brown,oblong / elongated
Al-shaishe,alhamdan,alhamdan__Shaishe Date (33).jpg,0.256,23.0,0.497,0.5,17.16,0.319,1,66726,374.6,232.6,1.611,0.787,0.987,0.778,0.784,2.2467,0.8528,0.6701,0.133,0.9465,3.175,0.0306,0.0001,amber brown,oblong / elongated
Al-shaishe,alhamdan,alhamdan__Shaishe Date (34).jpg,0.235,28.5,0.499,0.527,17.38,0.314,1,61037,382.8,210.6,1.817,0.752,0.981,0.774,0.835,1.6686,0.7362,0.701,0.1529,0.9614,3.17,0.017,0.0,golden brown,oblong / elongated
Al-shaishe,alhamdan,alhamdan__Shaishe Date (35).jpg,0.206,27.2,0.462,0.505,15.5,0.356,1,53484,355.0,196.0,1.812,0.755,0.988,0.767,0.834,2.9178,1.0772,0.6045,0.1342,0.9171,3.205,0.0587,0.0001,golden brown,oblong / elongated
Al-shaishe,alhamdan,alhamdan__Shaishe Date (36).jpg,0.309,25.6,0.443,0.523,16.89,0.324,1,80421,427.6,245.1,1.745,0.781,0.984,0.775,0.819,2.0144,0.8305,0.6739,0.1458,0.9559,3.136,0.0289,0.0,golden brown,oblong / elongated
Al-shaishe,alhamdan,alhamdan__Shaishe Date (37).jpg,0.292,23.0,0.472,0.491,14.96,0.369,1,76174,418.5,238.2,1.757,0.769,0.991,0.76,0.822,2.0486,0.7916,0.6928,0.1614,0.948,3.183,0.0347,0.0,amber brown,oblong / elongated
Al-shaishe,alhamdan,alhamdan__Shaishe Date (39).jpg,0.272,25.4,0.437,0.497,16.73,0.328,1,70871,404.4,235.4,1.718,0.747,0.984,0.787,0.813,2.697,0.9975,0.6313,0.1331,0.9403,3.204,0.0565,0.0,golden brown,oblong / elongated
Al-shaishe,alhamdan,alhamdan__Shaishe Date (4).jpg,0.2,25.3,0.465,0.534,15.33,0.36,1,34623,264.7,169.1,1.565,0.818,0.993,0.813,0.769,2.4817,0.9764,0.6316,0.154,0.9324,3.149,0.051,0.0,golden brown,oval
Al-shaishe,alhamdan,alhamdan__Shaishe Date (41).jpg,0.251,15.5,0.497,0.494,14.64,0.377,1,65264,361.8,231.4,1.564,0.823,0.99,0.818,0.769,2.3169,0.9594,0.6315,0.139,0.9283,3.099,0.0427,0.0,amber brown,oval
Al-shaishe,alhamdan,alhamdan__Shaishe Date (42).jpg,0.262,20.4,0.573,0.481,16.72,0.328,1,68298,365.7,238.8,1.532,0.825,0.989,0.799,0.757,2.475,0.9418,0.6448,0.1507,0.9256,3.124,0.0468,0.0002,amber brown,oval
Al-shaishe,alhamdan,alhamdan__Shaishe Date (43).jpg,0.272,26.9,0.511,0.547,14.81,0.373,1,70924,400.1,230.0,1.739,0.789,0.993,0.795,0.818,2.0842,0.7933,0.6952,0.1685,0.9414,3.189,0.0268,0.0,golden brown,oblong / elongated
Al-shaishe,alhamdan,alhamdan__Shaishe Date (45).jpg,0.28,27.8,0.4,0.434,16.92,0.324,1,72806,389.0,243.0,1.601,0.791,0.99,0.812,0.781,2.4446,0.9548,0.6344,0.1261,0.9481,3.152,0.0367,0.0,golden brown,oblong / elongated
Al-shaishe,alhamdan,alhamdan__Shaishe Date (46).jpg,0.297,27.6,0.371,0.533,15.88,0.347,1,77345,405.7,252.0,1.61,0.766,0.985,0.767,0.784,2.5512,0.9985,0.6249,0.1289,0.935,3.201,0.0588,0.0,golden brown,oblong / elongated
Al-shaishe,alhamdan,alhamdan__Shaishe Date (47).jpg,0.298,24.6,0.381,0.479,14.59,0.378,1,77543,417.5,241.8,1.726,0.784,0.988,0.808,0.815,2.5069,0.9973,0.6229,0.1401,0.9284,3.186,0.0566,0.0,amber brown,oblong / elongated
Al-shaishe,alhamdan,alhamdan__Shaishe Date (49).jpg,0.299,25.9,0.511,0.497,14.87,0.371,1,77952,375.6,268.9,1.397,0.81,0.986,0.802,0.698,2.0776,0.8965,0.6494,0.1583,0.9196,3.05,0.0421,0.0,golden brown,oval
Al-shaishe,alhamdan,alhamdan__Shaishe Date (5).jpg,0.248,29.8,0.431,0.53,16.52,0.332,1,64542,368.3,228.8,1.61,0.781,0.986,0.794,0.784,1.4927,0.6936,0.7135,0.1479,0.9653,3.17,0.0165,0.0,golden brown,oblong / elongated
Al-shaishe,alhamdan,alhamdan__Shaishe Date (51).jpg,0.319,24.2,0.504,0.532,16.15,0.341,1,83168,416.9,261.8,1.593,0.785,0.99,0.757,0.778,2.0832,0.9125,0.6422,0.1425,0.939,3.066,0.0409,0.0,amber brown,oval
Al-shaishe,alhamdan,alhamdan__Shaishe Date (52).jpg,0.337,22.9,0.521,0.538,15.34,0.36,1,87719,421.1,270.4,1.557,0.774,0.986,0.813,0.767,2.892,1.0033,0.6359,0.1489,0.9173,3.2,0.0526,0.0001,amber brown,oval
Al-shaishe,alhamdan,alhamdan__Shaishe Date (55).jpg,0.317,28.4,0.473,0.532,19.23,0.278,1,82717,418.1,257.0,1.627,0.796,0.992,0.787,0.789,2.2645,0.8866,0.6631,0.1296,0.9558,3.119,0.0494,0.0004,golden brown,oblong / elongated
Al-shaishe,alhamdan,alhamdan__Shaishe Date (56).jpg,0.236,27.1,0.487,0.55,17.41,0.313,1,61531,342.0,231.7,1.476,0.816,0.988,0.79,0.736,1.9891,0.8534,0.6625,0.1386,0.9501,3.159,0.0347,0.0,golden brown,oval
Al-shaishe,alhamdan,alhamdan__Shaishe Date (57).jpg,0.262,26.7,0.464,0.569,16.69,0.329,1,68345,373.3,234.7,1.591,0.82,0.993,0.789,0.778,2.0571,0.854,0.6658,0.154,0.9465,3.208,0.038,0.0,golden brown,oval
Al-shaishe,alhamdan,alhamdan__Shaishe Date (59).jpg,0.24,27.9,0.483,0.532,16.37,0.336,1,62433,362.6,223.3,1.624,0.806,0.992,0.803,0.788,1.4923,0.7394,0.6922,0.1424,0.9646,3.167,0.0207,0.0,golden brown,oblong / elongated
Al-shaishe,alhamdan,alhamdan__Shaishe Date (6).jpg,0.249,29.2,0.442,0.544,16.81,0.326,1,64752,369.0,229.0,1.611,0.783,0.987,0.785,0.784,1.5182,0.7171,0.7036,0.1451,0.9646,3.169,0.0192,0.0,golden brown,oblong / elongated
Al-shaishe,alhamdan,alhamdan__Shaishe Date (60).jpg,0.269,24.8,0.443,0.477,18.05,0.3,1,70004,356.0,252.6,1.409,0.84,0.993,0.8,0.704,1.682,0.7832,0.6829,0.1354,0.967,3.159,0.027,0.0,amber brown,oval
Al-shaishe,alhamdan,alhamdan__Shaishe Date (61).jpg,0.264,27.0,0.469,0.546,17.89,0.303,1,68736,379.1,234.9,1.614,0.801,0.987,0.774,0.785,2.1035,0.8,0.6905,0.1544,0.958,3.19,0.0262,0.0,golden brown,oblong / elongated
Al-shaishe,alhamdan,alhamdan__Shaishe Date (62).jpg,0.247,26.9,0.512,0.511,14.9,0.37,1,64243,369.9,226.9,1.63,0.779,0.986,0.785,0.79,1.4692,0.7216,0.6998,0.1561,0.9565,3.15,0.0147,0.0,golden brown,oblong / elongated
Al-shaishe,alhamdan,alhamdan__Shaishe Date (65).jpg,0.252,24.6,0.495,0.511,16.01,0.344,1,65650,373.3,229.8,1.624,0.793,0.99,0.8,0.788,2.6181,1.0146,0.6224,0.1366,0.9248,3.124,0.0616,0.0,amber brown,oblong / elongated
Al-shaishe,alhamdan,alhamdan__Shaishe Date (66).jpg,0.262,24.5,0.475,0.545,16.97,0.323,1,68272,394.5,227.4,1.735,0.761,0.978,0.795,0.817,2.6036,0.9472,0.6489,0.1411,0.944,3.198,0.0557,0.0,amber brown,oblong / elongated
Al-shaishe,alhamdan,alhamdan__Shaishe Date (67).jpg,0.244,29.7,0.467,0.511,15.5,0.356,1,63593,380.8,217.3,1.752,0.781,0.991,0.788,0.821,2.2508,0.8736,0.669,0.1431,0.9371,3.11,0.0445,0.0,golden brown,oblong / elongated
Al-shaishe,alhamdan,alhamdan__Shaishe Date (68).jpg,0.27,23.5,0.443,0.469,14.46,0.381,1,70289,365.3,249.4,1.464,0.818,0.991,0.783,0.731,2.312,0.9111,0.6502,0.1463,0.938,3.201,0.0424,0.0,amber brown,oval
Al-shaishe,alhamdan,alhamdan__Shaishe Date (69).jpg,0.252,21.0,0.422,0.47,13.3,0.412,1,65705,349.1,246.4,1.417,0.812,0.992,0.758,0.708,2.8349,1.0497,0.6109,0.1487,0.915,3.182,0.0587,0.0,amber brown,oval
Al-shaishe,alhamdan,alhamdan__Shaishe Date (7).jpg,0.254,29.6,0.509,0.501,16.09,0.342,1,66212,365.2,233.1,1.567,0.823,0.994,0.812,0.77,1.5025,0.7109,0.7046,0.1519,0.9631,3.122,0.0128,0.0,golden brown,oval
Al-shaishe,alhamdan,alhamdan__Shaishe Date (70).jpg,0.265,21.3,0.397,0.475,17.13,0.319,1,68981,346.1,257.4,1.345,0.836,0.991,0.803,0.668,2.2237,0.9365,0.6364,0.1269,0.9528,3.177,0.046,0.0,amber brown,oval
Al-shaishe,alhamdan,alhamdan__Shaishe Date (71).jpg,0.265,26.2,0.36,0.498,16.32,0.337,1,68935,337.1,261.7,1.288,0.868,0.994,0.821,0.63,1.9397,0.892,0.644,0.1302,0.9549,3.192,0.0406,0.0,golden brown,oval
Al-shaishe,alhamdan,alhamdan__Shaishe Date (72).jpg,0.286,20.4,0.426,0.517,17.12,0.319,1,74383,393.4,243.3,1.617,0.797,0.987,0.764,0.786,2.1459,0.8998,0.6499,0.1473,0.9553,3.194,0.0417,0.0,amber brown,oblong / elongated
Al-shaishe,alhamdan,alhamdan__Shaishe Date (75).jpg,0.237,24.9,0.508,0.556,15.4,0.358,1,61800,368.8,220.0,1.676,0.778,0.985,0.767,0.803,2.0397,0.8512,0.6669,0.149,0.9329,3.173,0.0342,0.0,amber brown,oblong / elongated
Al-shaishe,alhamdan,alhamdan__Shaishe Date (76).jpg,0.247,24.8,0.535,0.494,15.73,0.35,1,64423,371.2,226.7,1.637,0.8,0.99,0.824,0.792,2.1472,0.8269,0.6814,0.1566,0.9328,3.167,0.0325,0.0,amber brown,oblong / elongated
Al-shaishe,alhamdan,alhamdan__Shaishe Date (78).jpg,0.322,21.3,0.478,0.515,16.29,0.338,1,83992,406.3,267.1,1.521,0.789,0.981,0.803,0.754,1.7842,0.8112,0.6736,0.1476,0.9499,3.202,0.0303,0.0,amber brown,oval
Al-shaishe,alhamdan,alhamdan__Shaishe Date (79).jpg,0.317,22.4,0.465,0.558,17.21,0.318,1,82519,436.4,243.2,1.794,0.77,0.984,0.78,0.83,1.7543,0.767,0.6925,0.1437,0.9598,3.186,0.0245,0.0,amber brown,oblong / elongated
Al-shaishe,alhamdan,alhamdan__Shaishe Date (81).jpg,0.319,23.1,0.409,0.486,14.72,0.375,1,83179,400.2,272.0,1.471,0.778,0.977,0.787,0.733,2.0698,0.8579,0.6654,0.1524,0.9387,3.173,0.0405,0.0,amber brown,oval
Al-shaishe,alhamdan,alhamdan__Shaishe Date (82).jpg,0.301,25.0,0.507,0.533,15.59,0.354,1,78340,431.1,234.2,1.841,0.773,0.993,0.791,0.84,1.8829,0.8337,0.6702,0.1468,0.9484,3.077,0.0364,0.0,golden brown,oblong / elongated
Al-shaishe,alhamdan,alhamdan__Shaishe Date (83).jpg,0.291,23.0,0.527,0.522,16.03,0.343,1,75683,428.1,229.5,1.865,0.755,0.981,0.756,0.844,2.1732,0.8941,0.6505,0.1355,0.9467,3.09,0.0278,0.0,amber brown,oblong / elongated
Al-shaishe,alhamdan,alhamdan__Shaishe Date (84).jpg,0.261,20.6,0.491,0.497,14.21,0.388,1,67991,397.6,230.3,1.726,0.746,0.987,0.767,0.815,2.351,0.9202,0.6499,0.1583,0.931,3.137,0.0393,0.0,amber brown,oblong / elongated
Al-shaishe,alhamdan,alhamdan__Shaishe Date (86).jpg,0.273,19.5,0.434,0.542,15.7,0.351,1,71141,382.6,241.9,1.582,0.753,0.98,0.798,0.775,2.7784,1.0473,0.6123,0.1361,0.9246,3.159,0.0633,0.0,amber brown,oval
Al-shaishe,alhamdan,alhamdan__Shaishe Date (87).jpg,0.288,23.4,0.471,0.52,16.18,0.34,1,74919,378.5,257.6,1.469,0.806,0.983,0.803,0.733,2.1336,0.9002,0.649,0.1305,0.9479,3.182,0.0386,0.0,amber brown,oval
Al-shaishe,alhamdan,alhamdan__Shaishe Date (88).jpg,0.242,19.2,0.423,0.52,15.31,0.36,1,63050,366.4,223.2,1.641,0.803,0.991,0.822,0.793,2.2079,0.9369,0.6329,0.148,0.9242,3.17,0.0262,0.0,amber brown,oblong / elongated
Al-shaishe,alhamdan,alhamdan__Shaishe Date (89).jpg,0.246,20.6,0.444,0.559,15.71,0.351,1,63915,393.5,214.3,1.836,0.744,0.986,0.794,0.839,1.9446,0.8629,0.6563,0.1476,0.9443,3.169,0.0241,0.0,amber brown,oblong / elongated
Al-shaishe,alhamdan,alhamdan__Shaishe Date (9).jpg,0.249,26.1,0.474,0.494,15.66,0.352,1,64814,372.5,225.9,1.649,0.804,0.991,0.833,0.795,1.7905,0.7766,0.6896,0.1493,0.9528,3.147,0.0238,0.0,golden brown,oblong / elongated
Al-shaishe,alhamdan,alhamdan__Shaishe Date (90).jpg,0.293,29.6,0.465,0.501,15.25,0.362,1,76289,407.4,243.7,1.672,0.795,0.991,0.78,0.801,1.6316,0.7259,0.7065,0.1549,0.9619,3.176,0.0223,0.0,golden brown,oblong / elongated
Al-shaishe,alhamdan,alhamdan__Shaishe Date (92).jpg,0.29,29.5,0.44,0.499,16.35,0.336,1,75434,388.4,253.8,1.53,0.798,0.991,0.762,0.757,1.66,0.7625,0.6911,0.1489,0.9627,3.13,0.0244,0.0,golden brown,oval
Al-shaishe,alhamdan,alhamdan__Shaishe Date (93).jpg,0.269,20.3,0.491,0.472,15.82,0.348,1,70042,370.6,244.2,1.517,0.817,0.99,0.81,0.752,2.6808,0.9473,0.6504,0.1574,0.9291,3.185,0.0474,0.0004,amber brown,oval
Al-shaishe,alhamdan,alhamdan__Shaishe Date (94).jpg,0.278,20.8,0.421,0.512,16.23,0.339,1,72451,378.4,246.4,1.536,0.826,0.993,0.794,0.759,1.9606,0.8457,0.6654,0.1516,0.9502,3.189,0.0345,0.0,amber brown,oval
Al-shaishe,alhamdan,alhamdan__Shaishe Date (95).jpg,0.311,22.4,0.446,0.444,14.34,0.384,1,80933,397.3,262.1,1.516,0.812,0.991,0.789,0.751,2.2235,0.8713,0.664,0.1614,0.9381,3.176,0.0322,0.0,amber brown,oval
Al-shaishe,alhamdan,alhamdan__Shaishe Date (96).jpg,0.3,20.4,0.471,0.498,14.8,0.373,1,78180,392.7,256.9,1.528,0.813,0.991,0.79,0.756,2.2648,0.9611,0.6264,0.1481,0.9358,3.172,0.0385,0.0,amber brown,oval
Al-shaishe,alhamdan,alhamdan__Shaishe Date (98).jpg,0.219,22.0,0.445,0.507,16.88,0.324,1,57058,354.7,213.0,1.665,0.769,0.981,0.764,0.8,3.0294,1.038,0.6263,0.1326,0.9259,3.185,0.0661,0.0,amber brown,oblong / elongated
Al-shaishe,alhamdan,alhamdan__Shaishe Date (99).jpg,0.244,34.1,0.472,0.507,16.01,0.344,1,63576,376.8,223.6,1.685,0.759,0.986,0.77,0.805,2.3114,0.9,0.6578,0.1383,0.9437,3.128,0.0405,0.0,golden brown,oblong / elongated
Al-skari,alhamdan,alhamdan__Sokari Date (10).jpg,0.247,28.0,0.599,0.553,15.05,0.367,1,64360,370.1,229.9,1.61,0.78,0.986,0.779,0.784,1.6073,0.7606,0.6865,0.1538,0.9442,3.224,0.0168,0.0,golden brown,oblong / elongated
Al-skari,alhamdan,alhamdan__Sokari Date (100).jpg,0.269,24.8,0.6,0.579,16.51,0.333,1,70036,392.9,235.6,1.668,0.771,0.987,0.767,0.8,2.0435,0.917,0.637,0.1374,0.942,3.217,0.0215,0.0,amber brown,oblong / elongated
Al-skari,alhamdan,alhamdan__Sokari Date (101).jpg,0.298,28.8,0.521,0.546,17.75,0.306,1,77527,376.0,267.8,1.404,0.82,0.985,0.788,0.702,1.6404,0.7759,0.6816,0.1372,0.9626,3.209,0.0209,0.0,golden brown,oval
Al-skari,alhamdan,alhamdan__Sokari Date (103).jpg,0.274,28.4,0.552,0.559,17.54,0.311,1,71260,372.2,252.4,1.475,0.785,0.973,0.774,0.735,1.5489,0.7833,0.6742,0.1343,0.9621,3.173,0.0174,0.0,golden brown,oval
Al-skari,alhamdan,alhamdan__Sokari Date (104).jpg,0.256,26.3,0.527,0.535,18.5,0.291,1,66655,353.5,247.0,1.431,0.803,0.991,0.749,0.715,2.1865,0.9265,0.6386,0.1225,0.9552,3.188,0.0345,0.0,golden brown,oval
Al-skari,alhamdan,alhamdan__Sokari Date (105).jpg,0.241,26.7,0.509,0.529,16.99,0.322,1,62800,362.9,232.5,1.561,0.753,0.975,0.729,0.768,2.1799,0.9072,0.647,0.1373,0.9469,3.21,0.0303,0.0,golden brown,oval
Al-skari,alhamdan,alhamdan__Sokari Date (109).jpg,0.254,24.6,0.568,0.554,19.15,0.279,1,66036,375.4,231.4,1.622,0.796,0.984,0.81,0.787,1.7859,0.7906,0.6824,0.1401,0.9626,3.181,0.0169,0.0,amber brown,oblong / elongated
Al-skari,alhamdan,alhamdan__Sokari Date (111).jpg,0.261,27.5,0.572,0.579,20.24,0.259,1,68010,374.8,240.3,1.56,0.779,0.985,0.79,0.767,1.7879,0.8049,0.6756,0.1359,0.9621,3.183,0.0161,0.0,golden brown,oval
Al-skari,alhamdan,alhamdan__Sokari Date (112).jpg,0.245,24.8,0.629,0.579,14.92,0.37,1,63684,362.6,231.8,1.564,0.788,0.99,0.775,0.769,1.9899,0.9079,0.6372,0.1397,0.9356,3.162,0.0358,0.0,amber brown,oval
Al-skari,alhamdan,alhamdan__Sokari Date (114).jpg,0.249,25.8,0.622,0.613,17.14,0.319,1,64841,364.8,233.3,1.564,0.791,0.987,0.766,0.769,1.7245,0.8037,0.6737,0.1445,0.951,3.191,0.0205,0.0,amber / golden yellow,oval
Al-skari,alhamdan,alhamdan__Sokari Date (115).jpg,0.253,26.5,0.611,0.575,15.35,0.359,1,65774,362.3,237.1,1.528,0.803,0.991,0.786,0.756,2.1765,0.915,0.6443,0.1365,0.9325,3.135,0.0358,0.0,golden brown,oval
Al-skari,alhamdan,alhamdan__Sokari Date (116).jpg,0.245,26.4,0.633,0.586,15.81,0.349,1,63896,359.4,234.1,1.535,0.792,0.987,0.786,0.759,1.9795,0.8973,0.6419,0.1434,0.9379,3.186,0.0282,0.0,golden brown,oval
Al-skari,alhamdan,alhamdan__Sokari Date (117).jpg,0.287,26.5,0.579,0.572,17.63,0.309,1,74641,371.0,262.7,1.412,0.817,0.989,0.79,0.706,1.471,0.7408,0.6901,0.1382,0.9652,3.168,0.0149,0.0,golden brown,oval
Al-skari,alhamdan,alhamdan__Sokari Date (118).jpg,0.295,26.4,0.587,0.59,16.47,0.334,1,76780,371.0,272.9,1.36,0.81,0.986,0.769,0.678,1.2915,0.6886,0.7068,0.1446,0.9657,3.164,0.0146,0.0,golden brown,oval
Al-skari,alhamdan,alhamdan__Sokari Date (12).jpg,0.247,28.2,0.593,0.568,14.41,0.383,1,64222,367.3,230.4,1.594,0.79,0.983,0.804,0.779,1.6331,0.7844,0.6744,0.1531,0.946,3.257,0.0112,0.0,golden brown,oval
Al-skari,alhamdan,alhamdan__Sokari Date (120).jpg,0.286,21.6,0.556,0.522,19.01,0.282,1,74499,373.2,261.9,1.425,0.797,0.981,0.777,0.712,2.1454,0.8823,0.6589,0.1395,0.9497,3.166,0.0361,0.0,amber brown,oval
Al-skari,alhamdan,alhamdan__Sokari Date (121).jpg,0.278,27.4,0.597,0.549,17.37,0.314,1,72452,367.0,262.1,1.4,0.793,0.983,0.762,0.7,1.6788,0.808,0.6687,0.1452,0.9571,3.199,0.0194,0.0,golden brown,oval
Al-skari,alhamdan,alhamdan__Sokari Date (122).jpg,0.271,25.2,0.66,0.543,18.17,0.298,1,70485,363.8,255.1,1.426,0.801,0.987,0.779,0.713,1.9207,0.8663,0.6538,0.1442,0.9489,3.194,0.0287,0.0,golden brown,oval
Al-skari,alhamdan,alhamdan__Sokari Date (123).jpg,0.278,26.6,0.613,0.571,18.29,0.295,1,72327,375.4,256.4,1.464,0.778,0.978,0.76,0.73,1.5479,0.7427,0.693,0.1495,0.9589,3.219,0.0203,0.0,golden brown,oval
Al-skari,alhamdan,alhamdan__Sokari Date (124).jpg,0.286,27.5,0.591,0.528,17.66,0.308,1,74430,371.3,263.4,1.41,0.806,0.986,0.776,0.705,1.4916,0.7324,0.6951,0.1487,0.9628,3.219,0.0191,0.0,golden brown,oval
Al-skari,alhamdan,alhamdan__Sokari Date (126).jpg,0.285,22.9,0.58,0.545,18.42,0.293,1,74187,376.4,267.0,1.41,0.773,0.974,0.749,0.705,1.8382,0.8668,0.6512,0.1325,0.9553,3.167,0.0256,0.0,amber brown,oval
Al-skari,alhamdan,alhamdan__Sokari Date (128).jpg,0.253,20.5,0.558,0.481,18.02,0.301,1,65976,344.7,251.8,1.369,0.801,0.984,0.782,0.683,1.7099,0.793,0.6777,0.1484,0.9597,3.177,0.0203,0.0,amber brown,oval
Al-skari,alhamdan,alhamdan__Sokari Date (129).jpg,0.264,29.3,0.612,0.557,17.72,0.307,1,68788,359.4,248.3,1.447,0.818,0.989,0.758,0.723,1.56,0.7485,0.6921,0.1416,0.9578,3.167,0.0213,0.0,golden brown,oval
Al-skari,alhamdan,alhamdan__Sokari Date (130).jpg,0.256,28.5,0.625,0.57,18.18,0.298,1,66682,350.9,246.9,1.421,0.804,0.982,0.759,0.711,1.8386,0.818,0.6744,0.1388,0.952,3.153,0.0334,0.0,golden brown,oval
Al-skari,alhamdan,alhamdan__Sokari Date (131).jpg,0.246,29.7,0.623,0.567,17.01,0.322,1,64159,347.9,241.2,1.442,0.806,0.982,0.76,0.721,1.4788,0.7492,0.6877,0.1546,0.9536,3.224,0.0216,0.0002,golden brown,oval
Al-skari,alhamdan,alhamdan__Sokari Date (135).jpg,0.292,27.8,0.545,0.565,17.6,0.309,1,76093,366.3,274.8,1.333,0.804,0.98,0.754,0.661,1.487,0.7337,0.6953,0.1429,0.9641,3.179,0.0167,0.0,golden brown,oval
Al-skari,alhamdan,alhamdan__Sokari Date (137).jpg,0.312,21.4,0.625,0.578,20.15,0.261,1,81272,394.7,272.0,1.451,0.795,0.983,0.736,0.725,1.9834,0.9007,0.6411,0.1241,0.9604,3.177,0.0265,0.0,amber brown,oval
Al-skari,alhamdan,alhamdan__Sokari Date (138).jpg,0.321,24.9,0.599,0.589,18.24,0.296,1,83589,400.8,275.4,1.455,0.796,0.987,0.748,0.727,1.8597,0.8531,0.6582,0.1348,0.9521,3.143,0.0297,0.0,amber brown,oval
Al-skari,alhamdan,alhamdan__Sokari Date (139).jpg,0.32,23.3,0.625,0.58,17.96,0.302,1,83437,393.9,277.6,1.419,0.797,0.985,0.738,0.71,2.007,0.9013,0.6416,0.1328,0.9527,3.141,0.0283,0.0,amber brown,oval
Al-skari,alhamdan,alhamdan__Sokari Date (14).jpg,0.279,22.3,0.576,0.565,17.12,0.319,1,72558,378.3,250.5,1.51,0.803,0.99,0.77,0.749,2.2364,0.9055,0.652,0.139,0.9441,3.224,0.0308,0.0,amber brown,oval
Al-skari,alhamdan,alhamdan__Sokari Date (140).jpg,0.347,23.7,0.59,0.553,20.38,0.257,1,90369,397.6,294.0,1.352,0.827,0.991,0.778,0.673,2.0926,0.8709,0.6602,0.1312,0.9563,3.19,0.0359,0.0,amber brown,oval
Al-skari,alhamdan,alhamdan__Sokari Date (141).jpg,0.303,23.2,0.577,0.554,18.86,0.284,1,78829,399.2,256.9,1.554,0.796,0.986,0.76,0.765,2.3485,0.9573,0.6328,0.1322,0.9506,3.163,0.0468,0.0,amber brown,oval
Al-skari,alhamdan,alhamdan__Sokari Date (143).jpg,0.314,21.9,0.588,0.569,18.2,0.297,1,81698,408.9,258.0,1.585,0.806,0.986,0.803,0.776,2.1262,0.8946,0.6512,0.1404,0.9514,3.179,0.0385,0.0,amber brown,oval
Al-skari,alhamdan,alhamdan__Sokari Date (144).jpg,0.275,26.3,0.542,0.555,19.83,0.267,1,71670,357.3,261.7,1.365,0.829,0.989,0.776,0.681,1.4113,0.6938,0.7093,0.1507,0.9684,3.208,0.0099,0.0,golden brown,oval
Al-skari,alhamdan,alhamdan__Sokari Date (145).jpg,0.258,26.1,0.58,0.555,19.37,0.275,1,67302,337.3,261.5,1.29,0.831,0.987,0.779,0.632,1.6123,0.7824,0.6774,0.1338,0.9622,3.168,0.0195,0.0,golden brown,oval
Al-skari,alhamdan,alhamdan__Sokari Date (146).jpg,0.267,25.8,0.572,0.544,18.81,0.285,1,69592,345.3,263.2,1.312,0.838,0.99,0.803,0.647,1.6792,0.8152,0.6648,0.1363,0.9586,3.197,0.0191,0.0,golden brown,oval
Al-skari,alhamdan,alhamdan__Sokari Date (147).jpg,0.27,27.1,0.511,0.535,18.02,0.301,1,70229,350.1,263.4,1.329,0.817,0.99,0.747,0.659,1.5652,0.7752,0.6781,0.1456,0.9621,3.22,0.0172,0.0,golden brown,oval
Al-skari,alhamdan,alhamdan__Sokari Date (148).jpg,0.294,26.1,0.618,0.572,16.9,0.324,1,76593,382.4,261.0,1.465,0.801,0.978,0.835,0.731,1.4955,0.7578,0.6837,0.1414,0.9618,3.173,0.0185,0.0,golden brown,oval
Al-skari,alhamdan,alhamdan__Sokari Date (149).jpg,0.277,26.4,0.634,0.592,15.89,0.347,1,72021,393.2,240.2,1.637,0.787,0.99,0.797,0.792,1.9463,0.8541,0.6607,0.1523,0.9422,3.195,0.0264,0.0,golden brown,oblong / elongated
Al-skari,alhamdan,alhamdan__Sokari Date (15).jpg,0.271,20.9,0.573,0.581,18.45,0.292,1,70645,377.0,247.5,1.523,0.786,0.992,0.757,0.754,1.9175,0.8055,0.681,0.1466,0.96,3.225,0.0221,0.0,amber brown,oval
Al-skari,alhamdan,alhamdan__Sokari Date (150).jpg,0.294,24.3,0.642,0.585,18.01,0.301,1,76638,373.8,266.6,1.402,0.806,0.981,0.783,0.701,1.4966,0.7625,0.6809,0.1407,0.9617,3.224,0.0123,0.0,amber brown,oval
Al-skari,alhamdan,alhamdan__Sokari Date (151).jpg,0.281,22.8,0.601,0.587,19.27,0.277,1,73176,393.3,242.0,1.625,0.806,0.991,0.789,0.788,1.6729,0.7995,0.6742,0.1356,0.9662,3.222,0.0169,0.0,amber brown,oblong / elongated
Al-skari,alhamdan,alhamdan__Sokari Date (153).jpg,0.289,25.5,0.533,0.524,15.64,0.352,1,75263,370.8,269.0,1.378,0.811,0.989,0.788,0.688,3.1506,1.1051,0.6047,0.1293,0.9142,3.198,0.067,0.0,golden brown,oval
Al-skari,alhamdan,alhamdan__Sokari Date (158).jpg,0.326,23.7,0.558,0.54,17.76,0.306,1,85007,421.7,265.4,1.589,0.793,0.987,0.787,0.777,2.1037,0.8976,0.6501,0.143,0.9515,3.173,0.0377,0.0,amber brown,oval
Al-skari,alhamdan,alhamdan__Sokari Date (159).jpg,0.318,23.3,0.548,0.557,19.89,0.266,1,82920,397.0,277.4,1.431,0.794,0.982,0.776,0.715,2.2229,0.9485,0.6303,0.1253,0.9574,3.158,0.0366,0.0,amber brown,oval
Al-skari,alhamdan,alhamdan__Sokari Date (16).jpg,0.266,19.5,0.595,0.541,17.15,0.319,1,69364,363.1,248.5,1.461,0.794,0.987,0.828,0.729,2.2815,0.9363,0.6378,0.1408,0.9439,3.191,0.0325,0.0,amber brown,oval
Al-skari,alhamdan,alhamdan__Sokari Date (161).jpg,0.317,23.2,0.613,0.597,18.58,0.29,1,82555,383.4,286.2,1.339,0.805,0.989,0.765,0.665,1.9303,0.8558,0.6606,0.1476,0.9514,3.147,0.0308,0.0,amber brown,oval
Al-skari,alhamdan,alhamdan__Sokari Date (162).jpg,0.295,22.9,0.58,0.524,15.82,0.348,1,76853,363.5,284.4,1.278,0.773,0.967,0.756,0.623,2.0039,0.9009,0.6415,0.141,0.9389,3.14,0.0287,0.0,amber brown,oval
Al-skari,alhamdan,alhamdan__Sokari Date (165).jpg,0.258,25.4,0.611,0.579,16.23,0.339,1,67155,359.8,246.6,1.459,0.802,0.991,0.779,0.728,2.4901,1.0415,0.6017,0.1366,0.9218,3.151,0.0437,0.0,golden brown,oval
Al-skari,alhamdan,alhamdan__Sokari Date (166).jpg,0.27,24.2,0.628,0.572,17.12,0.319,1,70316,363.7,253.7,1.434,0.793,0.978,0.779,0.717,1.9745,0.9,0.641,0.1426,0.9454,3.205,0.0325,0.0,amber brown,oval
Al-skari,alhamdan,alhamdan__Sokari Date (168).jpg,0.258,24.2,0.59,0.584,18.65,0.288,1,67093,344.8,253.2,1.362,0.832,0.988,0.78,0.679,1.4099,0.7038,0.7047,0.1445,0.9669,3.18,0.0186,0.0,amber brown,oval
Al-skari,alhamdan,alhamdan__Sokari Date (17).jpg,0.312,21.7,0.638,0.579,16.78,0.327,1,81375,392.3,272.1,1.442,0.81,0.989,0.788,0.72,2.093,0.8962,0.6489,0.1453,0.943,3.149,0.031,0.0,amber brown,oval
Al-skari,alhamdan,alhamdan__Sokari Date (170).jpg,0.258,27.2,0.557,0.532,17.39,0.314,1,67312,338.7,260.2,1.302,0.821,0.986,0.776,0.64,1.6656,0.7961,0.6722,0.1377,0.9599,3.196,0.0175,0.0,golden brown,oval
Al-skari,alhamdan,alhamdan__Sokari Date (171).jpg,0.26,27.9,0.575,0.564,18.54,0.29,1,67670,364.5,245.3,1.486,0.792,0.989,0.737,0.74,1.8786,0.8135,0.676,0.1339,0.9595,3.189,0.0284,0.0,golden brown,oval
Al-skari,alhamdan,alhamdan__Sokari Date (172).jpg,0.265,28.0,0.561,0.554,17.61,0.309,1,68882,369.6,244.9,1.509,0.79,0.99,0.775,0.749,1.9663,0.8622,0.6581,0.1334,0.9545,3.194,0.0304,0.0,golden brown,oval
Al-skari,alhamdan,alhamdan__Sokari Date (175).jpg,0.228,25.3,0.571,0.562,15.52,0.355,1,59264,347.5,226.9,1.532,0.779,0.987,0.766,0.757,2.2337,0.9427,0.6317,0.1361,0.9319,3.202,0.0297,0.0,golden brown,oval
Al-skari,alhamdan,alhamdan__Sokari Date (176).jpg,0.245,23.7,0.543,0.569,15.7,0.351,1,63901,352.5,237.7,1.483,0.808,0.988,0.823,0.738,2.02,0.9007,0.6412,0.1376,0.9435,3.233,0.0273,0.0,amber brown,oval
Al-skari,alhamdan,alhamdan__Sokari Date (177).jpg,0.248,22.2,0.549,0.544,15.21,0.363,1,64562,350.6,243.6,1.44,0.803,0.987,0.83,0.719,1.9817,0.8646,0.6548,0.1556,0.9443,3.247,0.0128,0.0,amber brown,oval
Al-skari,alhamdan,alhamdan__Sokari Date (178).jpg,0.249,24.2,0.559,0.575,14.14,0.39,1,64944,357.6,235.4,1.519,0.819,0.988,0.824,0.753,2.303,0.9847,0.616,0.1436,0.92,3.217,0.0404,0.0,amber brown,oval
Al-skari,alhamdan,alhamdan__Sokari Date (18).jpg,0.286,19.1,0.612,0.557,17.11,0.32,1,74371,366.2,267.4,1.369,0.791,0.98,0.765,0.683,2.1387,0.9102,0.6451,0.1443,0.9407,3.139,0.0318,0.0,amber brown,oval
Al-skari,alhamdan,alhamdan__Sokari Date (180).jpg,0.272,28.5,0.61,0.567,16.23,0.339,1,70776,368.7,253.8,1.453,0.791,0.982,0.788,0.725,1.426,0.744,0.6864,0.1539,0.9587,3.246,0.0143,0.0,golden brown,oval
Al-skari,alhamdan,alhamdan__Sokari Date (181).jpg,0.272,28.1,0.539,0.53,17.08,0.32,1,70958,372.8,249.1,1.496,0.811,0.989,0.793,0.744,1.781,0.8199,0.6685,0.1389,0.953,3.227,0.017,0.0,golden brown,oval
Al-skari,alhamdan,alhamdan__Sokari Date (185).jpg,0.272,24.9,0.573,0.526,18.56,0.29,1,70765,345.9,263.3,1.314,0.855,0.993,0.789,0.648,1.6363,0.7872,0.6773,0.1394,0.9629,3.202,0.0241,0.0,amber brown,oval
Al-skari,alhamdan,alhamdan__Sokari Date (187).jpg,0.264,27.4,0.598,0.578,16.31,0.337,1,68752,367.1,246.6,1.489,0.796,0.985,0.793,0.741,1.7086,0.7919,0.6799,0.1511,0.9481,3.173,0.0266,0.0,golden brown,oval
Al-skari,alhamdan,alhamdan__Sokari Date (188).jpg,0.268,26.4,0.602,0.564,15.6,0.353,1,69888,344.6,265.6,1.297,0.827,0.991,0.78,0.637,1.5214,0.7923,0.6681,0.1524,0.9465,3.192,0.0192,0.0,golden brown,oval
Al-skari,alhamdan,alhamdan__Sokari Date (189).jpg,0.228,28.6,0.56,0.54,17.41,0.313,1,59447,333.4,233.9,1.425,0.807,0.987,0.795,0.713,1.6899,0.8097,0.6688,0.1419,0.9523,3.189,0.0209,0.0,golden brown,oval
Al-skari,alhamdan,alhamdan__Sokari Date (190).jpg,0.244,27.9,0.558,0.569,17.55,0.31,1,63453,330.4,248.8,1.328,0.817,0.982,0.809,0.658,2.1075,0.8953,0.6481,0.1321,0.9454,3.196,0.0332,0.0,golden brown,oval
Al-skari,alhamdan,alhamdan__Sokari Date (191).jpg,0.225,27.2,0.562,0.556,18.86,0.284,1,58498,331.1,230.8,1.435,0.818,0.986,0.809,0.717,1.7383,0.8035,0.6747,0.1329,0.96,3.198,0.0272,0.0,golden brown,oval
Al-skari,alhamdan,alhamdan__Sokari Date (194).jpg,0.288,23.1,0.606,0.583,16.36,0.336,1,75049,378.8,257.6,1.47,0.798,0.981,0.767,0.733,2.119,0.9228,0.637,0.1414,0.938,3.211,0.0304,0.0,amber brown,oval
Al-skari,alhamdan,alhamdan__Sokari Date (195).jpg,0.296,22.9,0.594,0.566,17.38,0.314,1,76993,401.4,251.0,1.599,0.786,0.99,0.783,0.78,1.9521,0.845,0.6638,0.1392,0.955,3.214,0.0215,0.0,amber brown,oval
Al-skari,alhamdan,alhamdan__Sokari Date (196).jpg,0.298,24.9,0.554,0.559,16.77,0.327,1,77646,393.6,257.9,1.526,0.792,0.985,0.766,0.755,2.2102,0.9232,0.6413,0.1337,0.9433,3.213,0.0325,0.0,amber brown,oval
Al-skari,alhamdan,alhamdan__Sokari Date (197).jpg,0.268,26.3,0.638,0.355,10.13,0.509,1,69939,327.3,275.8,1.187,0.86,0.991,0.801,0.538,1.1678,0.601,0.7469,0.2308,0.9344,3.094,0.0072,0.0,golden brown,round
Al-skari,alhamdan,alhamdan__Sokari Date (198).jpg,0.273,23.8,0.632,0.558,17.88,0.304,1,71141,352.2,260.9,1.35,0.85,0.995,0.795,0.672,2.2278,0.9348,0.6385,0.1353,0.9432,3.217,0.0455,0.0,amber brown,oval
Al-skari,alhamdan,alhamdan__Sokari Date (199).jpg,0.271,22.2,0.554,0.554,19.24,0.277,1,70663,360.6,255.7,1.41,0.828,0.989,0.807,0.705,1.8196,0.8111,0.676,0.1387,0.9598,3.219,0.0285,0.0,amber brown,oval
Al-skari,alhamdan,alhamdan__Sokari Date (2).jpg,0.264,29.8,0.552,0.54,15.39,0.358,1,68792,355.7,252.3,1.41,0.82,0.989,0.801,0.705,1.9897,0.893,0.6452,0.1373,0.9411,3.209,0.0275,0.0,golden brown,oval
Al-skari,alhamdan,alhamdan__Sokari Date (20).jpg,0.26,23.4,0.623,0.578,17.11,0.32,1,67695,335.1,261.1,1.284,0.844,0.989,0.794,0.627,2.1249,0.9158,0.6399,0.1362,0.939,3.197,0.0377,0.0,amber brown,oval
Al-skari,alhamdan,alhamdan__Sokari Date (200).jpg,0.259,24.6,0.558,0.567,19.08,0.28,1,67313,355.9,248.2,1.434,0.802,0.987,0.777,0.717,1.9225,0.8574,0.6577,0.1288,0.9616,3.167,0.0286,0.0,amber brown,oval
Al-skari,alhamdan,alhamdan__Sokari Date (201).jpg,0.268,27.8,0.536,0.545,19.34,0.275,1,69731,350.8,258.7,1.356,0.839,0.993,0.828,0.675,1.5912,0.7526,0.6891,0.1358,0.9693,3.172,0.0146,0.0,golden brown,oval
Al-skari,alhamdan,alhamdan__Sokari Date (202).jpg,0.263,24.5,0.519,0.547,18.56,0.29,1,68392,363.2,247.0,1.471,0.802,0.987,0.81,0.733,1.7032,0.7994,0.675,0.1367,0.9611,3.218,0.0235,0.0,amber brown,oval
Al-skari,alhamdan,alhamdan__Sokari Date (204).jpg,0.269,24.8,0.597,0.53,16.45,0.334,1,69965,371.0,249.3,1.488,0.796,0.992,0.78,0.741,1.9998,0.8988,0.6418,0.1404,0.9456,3.218,0.0204,0.0,amber brown,oval
Al-skari,alhamdan,alhamdan__Sokari Date (205).jpg,0.255,24.8,0.601,0.555,15.22,0.363,1,66342,375.4,231.6,1.621,0.782,0.987,0.792,0.787,2.5178,0.9883,0.6226,0.147,0.9286,3.212,0.036,0.0,amber brown,oblong / elongated
Al-skari,alhamdan,alhamdan__Sokari Date (207).jpg,0.236,19.8,0.58,0.549,17.37,0.314,1,61423,345.8,232.2,1.489,0.814,0.991,0.8,0.741,2.2968,0.9748,0.622,0.1448,0.9359,3.158,0.0387,0.0,amber brown,oval
Al-skari,alhamdan,alhamdan__Sokari Date (208).jpg,0.234,19.9,0.542,0.518,16.67,0.329,1,60817,331.9,239.0,1.389,0.814,0.987,0.79,0.694,1.9694,0.8995,0.6403,0.1458,0.9471,3.213,0.0236,0.0,amber brown,oval
Al-skari,alhamdan,alhamdan__Sokari Date (21).jpg,0.243,24.2,0.599,0.563,16.59,0.331,1,63231,343.9,238.4,1.443,0.82,0.989,0.746,0.721,2.1569,0.9002,0.6488,0.1374,0.9408,3.189,0.0369,0.0,amber brown,oval
Al-skari,alhamdan,alhamdan__Sokari Date (211).jpg,0.223,28.5,0.48,0.5,14.72,0.375,1,58012,356.4,216.7,1.645,0.766,0.984,0.744,0.794,2.4395,0.9656,0.6336,0.1437,0.9181,3.183,0.0566,0.0001,golden brown,oblong / elongated
Al-skari,alhamdan,alhamdan__Sokari Date (212).jpg,0.265,21.5,0.521,0.511,15.38,0.359,1,68921,353.4,255.5,1.383,0.802,0.983,0.795,0.691,2.676,1.075,0.5934,0.1356,0.923,3.213,0.0522,0.0,amber brown,oval
Al-skari,alhamdan,alhamdan__Sokari Date (213).jpg,0.249,22.6,0.638,0.586,18.99,0.282,1,64737,365.0,229.4,1.591,0.805,0.99,0.777,0.778,1.7072,0.8136,0.6677,0.1399,0.9581,3.195,0.0233,0.0001,amber brown,oval
Al-skari,alhamdan,alhamdan__Sokari Date (214).jpg,0.276,25.8,0.633,0.582,17.45,0.313,1,71989,370.8,253.6,1.462,0.812,0.991,0.796,0.73,1.8377,0.819,0.6717,0.1369,0.953,3.225,0.0216,0.0,golden brown,oval
Al-skari,alhamdan,alhamdan__Sokari Date (216).jpg,0.27,20.8,0.579,0.571,17.43,0.313,1,70365,358.3,252.2,1.421,0.839,0.992,0.822,0.71,2.1793,0.9261,0.6387,0.1389,0.9479,3.24,0.0297,0.0,amber brown,oval
Al-skari,alhamdan,alhamdan__Sokari Date (218).jpg,0.272,26.8,0.589,0.603,18.04,0.3,1,70949,358.1,256.0,1.399,0.845,0.994,0.827,0.699,1.5039,0.728,0.6968,0.1409,0.9627,3.197,0.0181,0.0,amber / golden yellow,oval
Al-skari,alhamdan,alhamdan__Sokari Date (219).jpg,0.292,27.2,0.587,0.568,19.15,0.279,1,76069,390.2,256.0,1.524,0.796,0.986,0.78,0.755,1.5711,0.7791,0.6797,0.1381,0.9664,3.203,0.021,0.0,golden brown,oval
Al-skari,alhamdan,alhamdan__Sokari Date (22).jpg,0.252,23.8,0.615,0.568,17.87,0.304,1,65490,344.7,246.6,1.398,0.824,0.987,0.801,0.699,1.5214,0.7238,0.7018,0.1551,0.9569,3.199,0.0188,0.0,amber brown,oval
Al-skari,alhamdan,alhamdan__Sokari Date (220).jpg,0.298,28.0,0.545,0.528,17.8,0.305,1,77648,377.6,268.3,1.408,0.819,0.99,0.775,0.704,1.9213,0.8516,0.661,0.1314,0.9572,3.203,0.0211,0.0,golden brown,oval
Al-skari,alhamdan,alhamdan__Sokari Date (224).jpg,0.239,25.5,0.552,0.514,19.46,0.273,1,62336,332.5,247.7,1.342,0.808,0.985,0.792,0.667,1.6466,0.7796,0.6806,0.1334,0.9652,3.184,0.0254,0.0,golden brown,oval
Al-skari,alhamdan,alhamdan__Sokari Date (225).jpg,0.261,22.4,0.521,0.553,18.87,0.284,1,68062,361.3,247.2,1.462,0.804,0.99,0.773,0.729,2.5532,0.971,0.6347,0.1235,0.9448,3.182,0.0389,0.0,amber brown,oval
Al-skari,alhamdan,alhamdan__Sokari Date (226).jpg,0.239,24.8,0.603,0.537,20.13,0.261,1,62179,375.9,218.8,1.718,0.759,0.983,0.791,0.813,1.6827,0.7444,0.7005,0.1412,0.9623,3.168,0.0235,0.0,amber brown,oblong / elongated
Al-skari,alhamdan,alhamdan__Sokari Date (228).jpg,0.234,24.2,0.601,0.567,17.03,0.321,1,60872,333.3,242.5,1.374,0.796,0.982,0.762,0.686,1.8518,0.8277,0.6684,0.1413,0.9518,3.194,0.0248,0.0,amber brown,oval
Al-skari,alhamdan,alhamdan__Sokari Date (229).jpg,0.236,21.6,0.568,0.53,18.02,0.301,1,61544,349.7,235.5,1.485,0.781,0.985,0.751,0.739,1.8382,0.7941,0.6808,0.1445,0.9571,3.211,0.0183,0.0,amber brown,oval
Al-skari,alhamdan,alhamdan__Sokari Date (230).jpg,0.244,23.0,0.556,0.54,17.85,0.304,1,63462,337.2,244.7,1.378,0.827,0.992,0.785,0.688,2.2094,0.9276,0.6394,0.1302,0.9422,3.184,0.0373,0.0,amber brown,oval
Al-skari,alhamdan,alhamdan__Sokari Date (231).jpg,0.243,24.8,0.637,0.553,16.87,0.325,1,63288,331.4,247.5,1.339,0.832,0.992,0.789,0.665,1.7979,0.8438,0.6572,0.1403,0.9477,3.199,0.0255,0.0,amber brown,oval
Al-skari,alhamdan,alhamdan__Sokari Date (232).jpg,0.217,24.1,0.632,0.568,19.16,0.279,1,56368,333.9,222.9,1.498,0.786,0.981,0.754,0.745,1.9007,0.8322,0.667,0.1413,0.951,3.201,0.0255,0.0,amber brown,oval
Al-skari,alhamdan,alhamdan__Sokari Date (234).jpg,0.286,24.9,0.513,0.518,15.62,0.353,1,74557,377.9,256.2,1.475,0.807,0.993,0.758,0.735,2.5045,1.0355,0.605,0.1259,0.9328,3.207,0.0399,0.0,amber brown,oval
Al-skari,alhamdan,alhamdan__Sokari Date (238).jpg,0.29,24.4,0.513,0.529,15.97,0.345,1,75550,381.8,257.0,1.486,0.816,0.994,0.764,0.74,2.4943,1.0235,0.6099,0.126,0.9363,3.204,0.0353,0.0,amber brown,oval
Al-skari,alhamdan,alhamdan__Sokari Date (239).jpg,0.303,27.1,0.591,0.55,16.74,0.327,1,79005,391.8,263.1,1.489,0.81,0.989,0.746,0.741,1.8473,0.8327,0.6652,0.1435,0.9497,3.179,0.0221,0.0,golden brown,oval
Al-skari,alhamdan,alhamdan__Sokari Date (24).jpg,0.285,27.8,0.596,0.556,17.34,0.315,1,74205,379.2,257.0,1.476,0.802,0.986,0.77,0.735,1.7621,0.8264,0.6647,0.143,0.9531,3.186,0.021,0.0,golden brown,oval
Al-skari,alhamdan,alhamdan__Sokari Date (240).jpg,0.315,26.9,0.557,0.545,15.91,0.346,1,81989,391.1,274.5,1.425,0.816,0.989,0.758,0.712,1.8467,0.8367,0.6645,0.1433,0.951,3.16,0.0214,0.0,golden brown,oval
Al-skari,alhamdan,alhamdan__Sokari Date (241).jpg,0.29,25.0,0.59,0.552,15.24,0.362,1,75599,374.8,268.7,1.395,0.787,0.986,0.731,0.697,1.8459,0.8597,0.6537,0.1436,0.9457,3.174,0.0217,0.0,amber brown,oval
Al-skari,alhamdan,alhamdan__Sokari Date (242).jpg,0.3,22.7,0.626,0.59,16.54,0.332,1,78021,390.1,266.2,1.466,0.783,0.978,0.77,0.731,1.9024,0.8707,0.651,0.1437,0.9468,3.133,0.0291,0.0,amber brown,oval
Al-skari,alhamdan,alhamdan__Sokari Date (246).jpg,0.266,21.8,0.662,0.587,18.33,0.295,1,69135,390.8,240.8,1.623,0.745,0.973,0.712,0.788,2.3217,0.9579,0.6288,0.1376,0.9443,3.205,0.0269,0.0,amber brown,oblong / elongated
Al-skari,alhamdan,alhamdan__Sokari Date (249).jpg,0.267,25.2,0.628,0.553,18.19,0.297,1,69483,343.7,267.5,1.285,0.793,0.976,0.791,0.628,1.8241,0.8489,0.658,0.1382,0.9517,3.218,0.0264,0.0,golden brown,oval
Al-skari,alhamdan,alhamdan__Sokari Date (250).jpg,0.272,25.4,0.621,0.571,16.9,0.324,1,70829,348.3,266.0,1.309,0.819,0.986,0.768,0.646,2.0319,0.888,0.6507,0.1411,0.9467,3.194,0.0297,0.0,golden brown,oval
Al-skari,alhamdan,alhamdan__Sokari Date (251).jpg,0.281,20.7,0.569,0.57,16.14,0.341,1,73178,381.5,257.0,1.484,0.783,0.989,0.78,0.739,2.3098,0.9697,0.6248,0.1389,0.9318,3.203,0.0375,0.0,amber brown,oval
Al-skari,alhamdan,alhamdan__Sokari Date (252).jpg,0.264,21.3,0.594,0.559,16.6,0.331,1,68621,362.2,250.1,1.448,0.796,0.986,0.756,0.723,2.161,0.9319,0.6343,0.1351,0.9419,3.19,0.0365,0.0,amber brown,oval
Al-skari,alhamdan,alhamdan__Sokari Date (254).jpg,0.296,17.4,0.544,0.543,15.98,0.345,1,77208,383.4,263.9,1.453,0.812,0.993,0.801,0.725,2.5884,1.0254,0.6097,0.1423,0.9318,3.236,0.0285,0.0,amber brown,oval
Al-skari,alhamdan,alhamdan__Sokari Date (255).jpg,0.302,20.6,0.582,0.499,15.61,0.353,1,78698,384.7,270.5,1.422,0.775,0.976,0.75,0.711,2.6688,1.0016,0.6306,0.1439,0.9323,3.106,0.0512,0.0,amber brown,oval
Al-skari,alhamdan,alhamdan__Sokari Date (256).jpg,0.309,19.1,0.604,0.537,15.87,0.347,1,80623,373.7,283.8,1.317,0.808,0.98,0.809,0.651,3.1927,1.1243,0.5984,0.1363,0.9108,3.191,0.061,0.0,amber brown,oval
Al-skari,alhamdan,alhamdan__Sokari Date (257).jpg,0.285,16.1,0.561,0.542,16.55,0.332,1,74313,390.7,251.5,1.553,0.758,0.975,0.771,0.765,2.8533,1.0647,0.6076,0.1442,0.931,3.216,0.0432,0.0,amber brown,oval
Al-skari,alhamdan,alhamdan__Sokari Date (258).jpg,0.31,18.8,0.608,0.57,17.86,0.304,1,80872,394.6,271.5,1.453,0.789,0.98,0.789,0.726,2.8798,1.0809,0.6012,0.1291,0.9298,3.161,0.0529,0.0,amber brown,oval
Al-skari,alhamdan,alhamdan__Sokari Date (260).jpg,0.242,27.2,0.591,0.551,16.66,0.329,1,63140,323.0,255.5,1.264,0.823,0.981,0.765,0.612,1.9074,0.8872,0.6416,0.1315,0.9464,3.174,0.0318,0.0,golden brown,oval
Al-skari,alhamdan,alhamdan__Sokari Date (261).jpg,0.234,27.5,0.556,0.535,17.12,0.319,1,60936,330.7,245.4,1.348,0.805,0.985,0.771,0.67,1.7068,0.8269,0.6608,0.1331,0.9563,3.186,0.024,0.0001,golden brown,oval
Al-skari,alhamdan,alhamdan__Sokari Date (262).jpg,0.264,19.5,0.567,0.488,15.71,0.351,1,68823,358.1,250.8,1.428,0.81,0.988,0.83,0.714,2.1148,0.8576,0.6678,0.1639,0.9448,3.133,0.0267,0.0001,amber brown,oval
Al-skari,alhamdan,alhamdan__Sokari Date (263).jpg,0.273,18.6,0.547,0.541,17.89,0.303,1,71191,356.7,259.4,1.375,0.821,0.986,0.776,0.686,2.2629,0.9111,0.651,0.141,0.949,3.127,0.0446,0.0,amber brown,oval
Al-skari,alhamdan,alhamdan__Sokari Date (264).jpg,0.272,18.6,0.57,0.568,19.61,0.271,1,70899,360.2,252.9,1.424,0.843,0.993,0.787,0.712,1.657,0.7454,0.7013,0.1578,0.9646,3.153,0.0308,0.0,amber brown,oval
Al-skari,alhamdan,alhamdan__Sokari Date (27).jpg,0.252,27.0,0.58,0.537,21.96,0.231,1,65485,364.8,235.7,1.548,0.799,0.989,0.796,0.763,1.6826,0.77,0.6874,0.1303,0.9692,3.202,0.0223,0.0,golden brown,oval
Al-skari,alhamdan,alhamdan__Sokari Date (28).jpg,0.273,26.8,0.555,0.598,18.66,0.288,1,71177,358.9,262.2,1.369,0.798,0.985,0.747,0.683,2.014,0.8995,0.6442,0.1305,0.9516,3.211,0.0386,0.0,golden brown,oval
Al-skari,alhamdan,alhamdan__Sokari Date (29).jpg,0.257,27.2,0.565,0.579,18.02,0.301,1,67015,357.0,248.2,1.439,0.795,0.984,0.762,0.719,2.291,0.9281,0.6426,0.1272,0.9448,3.135,0.0398,0.0,golden brown,oval
Al-skari,alhamdan,alhamdan__Sokari Date (30).jpg,0.314,26.6,0.629,0.57,17.75,0.306,1,81854,386.9,275.6,1.404,0.774,0.98,0.774,0.702,1.526,0.7399,0.6936,0.1409,0.9623,3.15,0.0169,0.0,golden brown,oval
Al-skari,alhamdan,alhamdan__Sokari Date (31).jpg,0.297,24.1,0.628,0.607,18.2,0.297,1,77284,389.3,257.3,1.513,0.808,0.988,0.746,0.75,1.41,0.7105,0.7019,0.1525,0.9626,3.202,0.0155,0.0,amber brown,oval
Al-skari,alhamdan,alhamdan__Sokari Date (32).jpg,0.3,23.5,0.635,0.598,19.14,0.279,1,78159,388.5,264.9,1.466,0.782,0.977,0.739,0.731,1.8871,0.8429,0.6632,0.1361,0.9563,3.2,0.0297,0.0,amber brown,oval
Al-skari,alhamdan,alhamdan__Sokari Date (33).jpg,0.305,22.8,0.648,0.574,19.05,0.281,1,79338,379.4,274.0,1.385,0.78,0.977,0.783,0.692,1.8471,0.856,0.6549,0.1348,0.958,3.205,0.023,0.0,amber brown,oval
Al-skari,alhamdan,alhamdan__Sokari Date (34).jpg,0.271,28.6,0.554,0.571,18.23,0.297,1,70456,369.1,250.4,1.474,0.813,0.989,0.794,0.735,1.924,0.8454,0.6648,0.1362,0.9569,3.215,0.0342,0.0,golden brown,oval
Al-skari,alhamdan,alhamdan__Sokari Date (35).jpg,0.248,28.9,0.563,0.587,18.46,0.292,1,64503,362.6,235.0,1.543,0.792,0.988,0.779,0.761,1.7585,0.8044,0.675,0.1384,0.9586,3.215,0.0265,0.0,golden brown,oval
Al-skari,alhamdan,alhamdan__Sokari Date (36).jpg,0.253,26.5,0.626,0.563,16.09,0.342,1,65807,358.4,243.8,1.47,0.795,0.986,0.785,0.733,1.7176,0.8179,0.6636,0.1476,0.9504,3.236,0.013,0.0,golden brown,oval
Al-skari,alhamdan,alhamdan__Sokari Date (37).jpg,0.255,25.7,0.603,0.569,15.7,0.351,1,66276,360.5,241.5,1.493,0.802,0.99,0.788,0.742,1.9062,0.8926,0.6385,0.1373,0.942,3.216,0.0242,0.0,golden brown,oval
Al-skari,alhamdan,alhamdan__Sokari Date (38).jpg,0.256,32.1,0.615,0.567,16.66,0.329,1,66637,330.7,268.5,1.231,0.794,0.972,0.78,0.584,1.571,0.7809,0.6755,0.1443,0.9527,3.185,0.0175,0.0001,golden brown,round
Al-skari,alhamdan,alhamdan__Sokari Date (39).jpg,0.253,32.5,0.604,0.545,15.97,0.345,1,65775,331.5,261.7,1.267,0.824,0.99,0.77,0.614,1.6173,0.8033,0.6684,0.1529,0.9452,3.198,0.0222,0.0,golden brown,oval
Al-skari,alhamdan,alhamdan__Sokari Date (4).jpg,0.255,30.2,0.628,0.593,16.41,0.335,1,66333,360.3,240.7,1.497,0.81,0.993,0.811,0.744,1.4133,0.7075,0.7033,0.1522,0.9571,3.201,0.017,0.0,golden brown,oval
Al-skari,alhamdan,alhamdan__Sokari Date (40).jpg,0.26,31.9,0.597,0.553,15.08,0.366,1,67770,331.6,268.0,1.237,0.838,0.99,0.793,0.589,1.6279,0.7918,0.6746,0.1522,0.9435,3.199,0.0211,0.0,golden brown,round
Al-skari,alhamdan,alhamdan__Sokari Date (41).jpg,0.239,30.3,0.599,0.562,17.88,0.304,1,62348,332.6,246.9,1.347,0.813,0.987,0.757,0.67,1.7904,0.8036,0.6786,0.1375,0.9569,3.176,0.023,0.0,golden brown,oval
Al-skari,alhamdan,alhamdan__Sokari Date (42).jpg,0.272,24.5,0.605,0.56,17.98,0.302,1,70968,376.2,246.9,1.524,0.808,0.99,0.785,0.755,1.8049,0.8401,0.661,0.1428,0.949,3.227,0.0218,0.0,amber brown,oval
Al-skari,alhamdan,alhamdan__Sokari Date (44).jpg,0.267,23.7,0.606,0.54,17.09,0.32,1,69529,371.9,245.2,1.517,0.802,0.988,0.788,0.752,1.6677,0.7817,0.6806,0.1556,0.9578,3.231,0.0216,0.0,amber brown,oval
Al-skari,alhamdan,alhamdan__Sokari Date (45).jpg,0.281,27.5,0.559,0.577,17.1,0.32,1,73203,369.3,260.7,1.416,0.818,0.986,0.807,0.708,1.5847,0.7732,0.6778,0.1433,0.9598,3.249,0.0127,0.0,golden brown,oval
Al-skari,alhamdan,alhamdan__Sokari Date (46).jpg,0.248,26.1,0.584,0.557,18.05,0.3,1,64574,365.6,228.4,1.601,0.806,0.986,0.806,0.781,1.6253,0.7765,0.6804,0.1472,0.9577,3.221,0.019,0.0,golden brown,oblong / elongated
Al-skari,alhamdan,alhamdan__Sokari Date (47).jpg,0.272,25.7,0.603,0.579,16.68,0.329,1,70919,362.1,257.5,1.406,0.808,0.987,0.766,0.703,1.7317,0.8246,0.6639,0.1471,0.9486,3.251,0.016,0.0,golden brown,oval
Al-skari,alhamdan,alhamdan__Sokari Date (48).jpg,0.293,22.3,0.616,0.55,14.98,0.368,1,76297,391.0,251.1,1.557,0.815,0.988,0.799,0.767,2.4785,1.0003,0.6218,0.1431,0.929,3.21,0.0429,0.0,amber brown,oval
Al-skari,alhamdan,alhamdan__Sokari Date (49).jpg,0.302,23.5,0.638,0.582,17.24,0.317,1,78744,398.3,257.5,1.547,0.817,0.992,0.804,0.763,2.1407,0.8962,0.6522,0.1403,0.9428,3.219,0.0302,0.0,amber brown,oval
Al-skari,alhamdan,alhamdan__Sokari Date (5).jpg,0.249,28.6,0.618,0.578,17.2,0.318,1,64695,372.5,230.4,1.617,0.773,0.983,0.765,0.786,1.7263,0.7865,0.6802,0.1481,0.9515,3.215,0.0193,0.0,golden brown,oblong / elongated
Al-skari,alhamdan,alhamdan__Sokari Date (50).jpg,0.265,23.4,0.647,0.362,12.63,0.431,1,68898,325.8,271.8,1.199,0.83,0.983,0.761,0.551,1.531,0.7393,0.6956,0.1928,0.9158,3.141,0.0122,0.0,dark brown,round
Al-skari,alhamdan,alhamdan__Sokari Date (51).jpg,0.268,21.6,0.585,0.532,17.69,0.308,1,69776,336.7,267.7,1.258,0.85,0.988,0.766,0.607,2.5891,0.999,0.6265,0.1226,0.9435,3.219,0.0537,0.0,amber brown,oval
Al-skari,alhamdan,alhamdan__Sokari Date (52).jpg,0.242,26.7,0.578,0.539,17.87,0.304,1,62879,338.1,247.6,1.366,0.786,0.969,0.739,0.681,1.4814,0.7442,0.6883,0.1379,0.9632,3.211,0.0167,0.0,golden brown,oval
Al-skari,alhamdan,alhamdan__Sokari Date (53).jpg,0.244,27.8,0.527,0.554,18.48,0.292,1,63457,342.7,241.9,1.417,0.814,0.991,0.739,0.708,1.3124,0.6866,0.7075,0.1409,0.9734,3.211,0.0135,0.0,golden brown,oval
Al-skari,alhamdan,alhamdan__Sokari Date (55).jpg,0.279,26.8,0.542,0.565,15.3,0.361,1,72586,352.7,270.2,1.305,0.811,0.981,0.763,0.643,1.9634,0.8922,0.6416,0.1446,0.9341,3.148,0.0268,0.0,golden brown,oval
Al-skari,alhamdan,alhamdan__Sokari Date (56).jpg,0.276,24.9,0.626,0.594,18.06,0.3,1,71754,368.1,259.7,1.417,0.797,0.984,0.767,0.709,1.8548,0.8541,0.656,0.1404,0.9481,3.189,0.0274,0.0,amber brown,oval
Al-skari,alhamdan,alhamdan__Sokari Date (58).jpg,0.287,24.6,0.593,0.565,18.03,0.301,1,74682,379.9,257.0,1.479,0.803,0.99,0.798,0.737,1.5773,0.803,0.6655,0.136,0.9634,3.187,0.0128,0.0,amber brown,oval
Al-skari,alhamdan,alhamdan__Sokari Date (59).jpg,0.27,24.2,0.579,0.562,16.96,0.323,1,70297,374.5,248.5,1.507,0.787,0.987,0.778,0.748,2.093,0.9077,0.6417,0.1327,0.9489,3.125,0.0339,0.0,amber brown,oval
Al-skari,alhamdan,alhamdan__Sokari Date (60).jpg,0.222,27.1,0.615,0.539,16.39,0.335,1,57713,336.0,225.9,1.487,0.796,0.989,0.762,0.74,1.4648,0.7339,0.6938,0.1588,0.9481,3.185,0.0153,0.0,golden brown,oval
Al-skari,alhamdan,alhamdan__Sokari Date (63).jpg,0.225,27.6,0.649,0.55,17.34,0.315,1,58656,332.4,234.4,1.418,0.795,0.985,0.761,0.709,1.3684,0.7065,0.702,0.1559,0.9542,3.194,0.0175,0.0,golden brown,oval
Al-skari,alhamdan,alhamdan__Sokari Date (66).jpg,0.24,25.0,0.581,0.559,16.73,0.328,1,62348,350.7,232.8,1.507,0.809,0.989,0.819,0.748,2.5803,1.0182,0.6148,0.1358,0.9186,3.176,0.0492,0.0,golden brown,oval
Al-skari,alhamdan,alhamdan__Sokari Date (67).jpg,0.305,22.8,0.534,0.571,16.41,0.335,1,79588,397.4,260.1,1.528,0.804,0.99,0.78,0.756,2.0947,0.9156,0.6384,0.1325,0.9467,3.203,0.0301,0.0,amber brown,oval
Al-skari,alhamdan,alhamdan__Sokari Date (68).jpg,0.292,16.1,0.512,0.528,16.61,0.33,1,75979,375.4,265.4,1.415,0.802,0.988,0.795,0.707,2.9336,1.0806,0.6045,0.1305,0.9271,3.176,0.066,0.0,amber brown,oval
Al-skari,alhamdan,alhamdan__Sokari Date (7).jpg,0.263,27.5,0.656,0.575,18.05,0.3,1,68460,359.3,247.0,1.454,0.82,0.993,0.76,0.726,1.4504,0.7134,0.7033,0.1536,0.9591,3.202,0.0193,0.0,golden brown,oval
Al-skari,alhamdan,alhamdan__Sokari Date (70).jpg,0.303,28.7,0.547,0.554,17.85,0.304,1,78977,387.6,269.4,1.439,0.81,0.986,0.815,0.719,1.7563,0.7961,0.6766,0.1387,0.9553,3.208,0.0249,0.0,golden brown,oval
Al-skari,alhamdan,alhamdan__Sokari Date (72).jpg,0.273,29.7,0.57,0.542,13.96,0.394,1,71036,383.0,246.0,1.557,0.783,0.99,0.769,0.766,1.9004,0.8247,0.6699,0.1511,0.9327,3.219,0.0215,0.0,golden brown,oval
Al-skari,alhamdan,alhamdan__Sokari Date (74).jpg,0.249,27.1,0.572,0.589,15.91,0.346,1,64889,363.4,237.6,1.53,0.774,0.987,0.743,0.757,1.8119,0.8237,0.6656,0.1429,0.9422,3.188,0.0205,0.0,golden brown,oval
Al-skari,alhamdan,alhamdan__Sokari Date (76).jpg,0.251,25.7,0.585,0.553,15.84,0.348,1,65392,355.5,242.1,1.468,0.804,0.989,0.777,0.732,1.7885,0.8656,0.6467,0.138,0.9463,3.189,0.0261,0.0,golden brown,oval
Al-skari,alhamdan,alhamdan__Sokari Date (77).jpg,0.306,23.3,0.603,0.568,17.74,0.307,1,79709,374.3,277.3,1.349,0.821,0.989,0.749,0.671,2.2568,0.9655,0.626,0.1283,0.9478,3.159,0.0436,0.0,amber brown,oval
Al-skari,alhamdan,alhamdan__Sokari Date (78).jpg,0.304,22.9,0.603,0.544,18.38,0.294,1,79197,371.3,276.9,1.341,0.821,0.984,0.776,0.666,2.0386,0.8613,0.6632,0.138,0.9482,3.177,0.0377,0.0,amber brown,oval
Al-skari,alhamdan,alhamdan__Sokari Date (79).jpg,0.281,24.1,0.597,0.546,15.53,0.355,1,73130,383.1,256.2,1.495,0.765,0.986,0.742,0.743,2.7348,1.0223,0.6231,0.1446,0.9241,3.127,0.0564,0.0,amber brown,oval
Al-skari,alhamdan,alhamdan__Sokari Date (8).jpg,0.262,28.6,0.641,0.597,18.18,0.298,1,68196,365.0,240.6,1.517,0.824,0.992,0.797,0.752,1.3463,0.6722,0.7181,0.1494,0.9669,3.183,0.0127,0.0,golden brown,oval
Al-skari,alhamdan,alhamdan__Sokari Date (80).jpg,0.248,29.2,0.591,0.542,17.24,0.317,1,64530,349.5,241.8,1.445,0.819,0.991,0.78,0.722,1.6923,0.8209,0.6624,0.1332,0.9573,3.214,0.0235,0.0,golden brown,oval
Al-skari,alhamdan,alhamdan__Sokari Date (81).jpg,0.259,28.3,0.537,0.573,15.66,0.352,1,67349,356.6,245.3,1.454,0.818,0.991,0.774,0.726,1.2991,0.7121,0.695,0.1537,0.9611,3.208,0.0152,0.0,golden brown,oval
Al-skari,alhamdan,alhamdan__Sokari Date (84).jpg,0.246,30.0,0.628,0.565,16.95,0.323,1,63974,350.8,239.4,1.465,0.794,0.988,0.773,0.731,1.5257,0.7932,0.6674,0.1435,0.9532,3.226,0.0183,0.0,golden brown,oval
Al-skari,alhamdan,alhamdan__Sokari Date (85).jpg,0.28,24.7,0.574,0.563,16.72,0.328,1,72875,385.0,252.8,1.523,0.766,0.978,0.727,0.754,1.7035,0.8012,0.6726,0.1404,0.9567,3.177,0.0228,0.0,amber brown,oval
Al-skari,alhamdan,alhamdan__Sokari Date (86).jpg,0.298,24.8,0.55,0.536,16.57,0.331,1,77584,387.9,260.7,1.488,0.816,0.99,0.773,0.741,1.6492,0.7529,0.6931,0.1489,0.9572,3.155,0.0185,0.0,amber brown,oval
Al-skari,alhamdan,alhamdan__Sokari Date (87).jpg,0.296,24.7,0.577,0.551,16.98,0.322,1,77030,374.2,267.3,1.4,0.812,0.989,0.758,0.7,1.7698,0.822,0.6681,0.142,0.9513,3.182,0.0217,0.0,amber brown,oval
Al-skari,alhamdan,alhamdan__Sokari Date (89).jpg,0.271,22.3,0.561,0.517,20.01,0.263,1,70498,371.6,246.1,1.51,0.806,0.988,0.838,0.749,1.6035,0.7365,0.7006,0.1392,0.9674,3.219,0.0155,0.0,amber brown,oval
Al-skari,alhamdan,alhamdan__Sokari Date (9).jpg,0.256,27.3,0.63,0.599,16.59,0.331,1,66617,359.0,241.9,1.484,0.811,0.986,0.767,0.739,1.364,0.7097,0.7007,0.1552,0.9575,3.153,0.0171,0.0,golden brown,oval
Al-skari,alhamdan,alhamdan__Sokari Date (90).jpg,0.28,19.4,0.538,0.585,19.37,0.275,1,72828,391.5,244.8,1.6,0.801,0.988,0.781,0.781,2.4964,0.9754,0.6325,0.1353,0.9463,3.191,0.046,0.0,amber brown,oval
Al-skari,alhamdan,alhamdan__Sokari Date (91).jpg,0.274,22.6,0.606,0.611,19.15,0.279,1,71289,366.5,252.6,1.451,0.832,0.992,0.837,0.724,2.1687,0.8964,0.651,0.131,0.9462,3.221,0.0295,0.0003,amber brown,oval
Al-skari,alhamdan,alhamdan__Sokari Date (92).jpg,0.264,23.6,0.575,0.55,16.69,0.329,1,68831,372.5,245.2,1.519,0.793,0.989,0.779,0.753,2.0844,0.8568,0.6663,0.1475,0.9489,3.2,0.0346,0.0,amber brown,oval
Al-skari,alhamdan,alhamdan__Sokari Date (93).jpg,0.258,24.1,0.553,0.505,17.22,0.317,1,67037,364.4,243.6,1.496,0.721,0.973,0.727,0.744,3.1662,1.1205,0.5994,0.1267,0.9229,3.206,0.064,0.0,amber brown,oval
Al-skari,alhamdan,alhamdan__Sokari Date (95).jpg,0.276,22.7,0.596,0.54,20.72,0.251,1,71770,362.6,257.2,1.41,0.774,0.977,0.754,0.705,1.9422,0.8078,0.6802,0.1455,0.9552,3.22,0.0266,0.0001,amber brown,oval
Al-skari,alhamdan,alhamdan__Sokari Date (97).jpg,0.275,26.1,0.578,0.548,15.79,0.349,1,71517,392.5,239.0,1.642,0.79,0.992,0.799,0.793,1.9736,0.8797,0.6468,0.1363,0.9424,3.227,0.0223,0.0,golden brown,oblong / elongated
Al-skari,alhamdan,alhamdan__Sokari Date (98).jpg,0.279,27.1,0.622,0.567,15.62,0.353,1,72611,390.0,243.9,1.599,0.792,0.989,0.821,0.78,2.0611,0.9002,0.6437,0.1425,0.9351,3.215,0.0297,0.0,golden brown,oval
Al-skari,alhamdan,alhamdan__Sokari Date (99).jpg,0.273,25.5,0.622,0.597,16.57,0.331,1,71132,389.4,240.0,1.622,0.786,0.992,0.802,0.787,2.0995,0.916,0.6376,0.1351,0.9379,3.229,0.0206,0.0,golden brown,oblong / elongated
Al-skari,zenodo,zenodo__Skari-10.jpg,0.302,15.3,0.599,0.594,17.08,0.32,1,63297,347.8,263.3,1.321,0.512,0.846,0.661,0.653,5.4406,1.4551,0.5405,0.1175,0.8842,3.059,0.1244,0.0,amber brown,oval
Al-skari,zenodo,zenodo__Skari-12.jpg,0.563,26.8,0.611,0.815,18.27,0.296,1,90213,512.8,236.7,2.167,0.578,0.931,0.741,0.887,3.3432,1.0919,0.6161,0.1365,0.9052,2.683,0.0664,0.0195,amber / golden yellow,oblong / elongated
Al-skari,zenodo,zenodo__Skari-13.jpg,0.133,13.1,0.639,0.598,16.27,0.338,1,27701,223.6,185.9,1.203,0.416,0.765,0.626,0.556,5.1832,1.4936,0.5111,0.1065,0.8705,3.082,0.1429,0.0,amber brown,round
Al-skari,zenodo,zenodo__Skari-14.jpg,0.488,21.6,0.628,0.466,17.13,0.319,1,95226,533.9,263.9,2.023,0.403,0.82,0.659,0.869,3.2432,1.123,0.595,0.1236,0.9014,2.982,0.0829,0.0,amber brown,oblong / elongated
Al-skari,zenodo,zenodo__Skari-17.jpg,0.566,24.3,0.431,0.659,13.24,0.414,2,53340,265.8,259.2,1.026,0.83,0.987,0.82,0.223,2.3705,0.9854,0.6217,0.1526,0.9148,3.06,0.0607,0.0239,amber brown,round
Al-skari,zenodo,zenodo__Skari-18.jpg,0.413,23.4,0.417,0.679,22.35,0.225,1,80651,380.8,276.5,1.377,0.701,0.959,0.75,0.688,5.2167,1.3388,0.5792,0.1235,0.9055,3.125,0.1171,0.0059,amber brown,oval
Al-skari,zenodo,zenodo__Skari-19.jpg,0.582,32.5,0.71,0.393,18.73,0.287,1,113949,412.9,353.3,1.169,0.85,0.989,0.823,0.518,3.6747,1.1294,0.6109,0.1195,0.924,3.061,0.0748,0.0001,golden brown,round
Al-skari,zenodo,zenodo__Skari-2.jpg,0.32,20.2,0.689,0.42,19.67,0.27,2,31677,242.8,169.3,1.434,0.787,0.954,0.782,0.717,3.9512,1.2113,0.591,0.1269,0.9126,2.887,0.0916,0.0001,amber brown,oval
Al-skari,zenodo,zenodo__Skari-20.jpg,0.541,25.0,0.673,0.493,16.48,0.333,1,105430,469.1,295.4,1.588,0.727,0.967,0.825,0.777,3.6289,1.1568,0.5953,0.1166,0.9246,2.75,0.0714,0.0,golden brown,oval
Al-skari,zenodo,zenodo__Skari-21.jpg,0.676,26.7,0.667,0.617,14.02,0.393,1,165092,467.9,455.0,1.028,0.696,0.964,0.839,0.233,5.6134,1.4871,0.5314,0.1092,0.8589,3.025,0.1361,0.0,amber / golden yellow,round
Al-skari,zenodo,zenodo__Skari-22.jpg,0.432,25.0,0.787,0.373,15.72,0.351,2,75310,318.1,309.8,1.027,0.748,0.97,0.829,0.228,3.8756,1.0076,0.6638,0.1462,0.8935,3.121,0.0574,0.0,dark brown,round
Al-skari,zenodo,zenodo__Skari-23.jpg,0.423,32.0,0.577,0.439,18.92,0.283,2,68316,406.7,249.0,1.633,0.375,0.786,0.55,0.791,1.7279,0.6544,0.7506,0.1864,0.9616,3.065,0.0309,0.0006,golden brown,oblong / elongated
Al-skari,zenodo,zenodo__Skari-24.jpg,0.64,24.5,0.688,0.438,18.07,0.3,1,125172,476.6,361.6,1.318,0.544,0.902,0.763,0.651,9.4453,1.7803,0.5293,0.1018,0.8281,3.094,0.1324,0.0015,amber brown,oval
Al-skari,zenodo,zenodo__Skari-25.jpg,0.547,27.2,0.69,0.449,15.32,0.36,1,106995,388.5,357.5,1.086,0.759,0.953,0.789,0.391,1.9633,0.8079,0.6852,0.15,0.9367,2.993,0.0466,0.0,golden brown,round
Al-skari,zenodo,zenodo__Skari-26.jpg,0.379,31.1,0.488,0.394,21.74,0.235,2,46092,257.2,235.0,1.094,0.725,0.957,0.775,0.406,1.3939,0.6678,0.7286,0.145,0.9804,2.984,0.0285,0.0001,golden brown,round
Al-skari,zenodo,zenodo__Skari-27.jpg,0.447,23.8,0.686,0.388,15.78,0.349,1,87332,378.5,301.2,1.257,0.692,0.939,0.705,0.606,2.1656,0.8526,0.674,0.1448,0.9315,3.061,0.0479,0.0,dark brown,oval
Al-skari,zenodo,zenodo__Skari-28.jpg,0.31,45.1,0.342,0.417,17.95,0.302,2,39358,271.6,227.3,1.195,0.636,0.935,0.543,0.547,0.9325,0.4035,0.8355,0.3169,0.9794,2.843,0.0133,0.0002,yellow,round
Al-skari,zenodo,zenodo__Skari-29.jpg,0.275,29.5,0.743,0.401,12.84,0.425,1,53519,320.5,227.1,1.412,0.567,0.902,0.621,0.706,1.4789,0.6973,0.7135,0.175,0.9297,3.013,0.0267,0.0,golden brown,oval
Al-skari,zenodo,zenodo__Skari-31.jpg,0.436,26.1,0.531,0.487,21.29,0.242,1,85039,355.3,316.4,1.123,0.556,0.898,0.677,0.455,6.6261,1.6655,0.4918,0.0835,0.9148,2.944,0.1588,0.0026,golden brown,round
Al-skari,zenodo,zenodo__Skari-32.jpg,0.436,22.6,0.643,0.472,19.69,0.269,1,85090,433.6,265.5,1.633,0.515,0.887,0.643,0.791,3.4548,1.0871,0.6181,0.116,0.9465,2.82,0.0781,0.0024,amber brown,oblong / elongated
Al-skari,zenodo,zenodo__Skari-33.jpg,0.402,31.8,0.684,0.389,15.79,0.349,1,78485,363.1,288.2,1.26,0.646,0.925,0.68,0.608,1.2402,0.6335,0.7338,0.1663,0.9621,3.037,0.0244,0.0003,golden brown,oval
Al-skari,zenodo,zenodo__Skari-36.jpg,0.508,27.2,0.573,0.47,17.85,0.304,1,99090,399.3,343.3,1.163,0.483,0.88,0.741,0.511,3.1489,1.0572,0.6198,0.1214,0.935,3.029,0.0782,0.0006,golden brown,round
Al-skari,zenodo,zenodo__Skari-37.jpg,0.544,25.4,0.662,0.463,18.59,0.29,1,106247,428.0,338.7,1.264,0.514,0.887,0.697,0.611,3.7638,1.1081,0.6225,0.1222,0.9277,3.064,0.0786,0.0036,golden brown,oval
Al-skari,zenodo,zenodo__Skari-40.jpg,0.444,23.0,0.605,0.42,20.4,0.257,1,86684,351.3,321.6,1.092,0.759,0.955,0.79,0.402,2.5739,0.9285,0.658,0.1242,0.9627,3.062,0.0644,0.009,amber brown,round
Al-skari,zenodo,zenodo__Skari-41.jpg,0.392,32.7,0.528,0.467,18.83,0.285,1,76386,369.8,332.4,1.113,0.454,0.84,0.585,0.438,5.4794,1.486,0.5306,0.0997,0.8945,3.086,0.1258,0.0019,golden brown,round
Al-skari,zenodo,zenodo__Skari-43.jpg,0.538,26.3,0.562,0.543,20.68,0.252,1,105078,465.6,318.6,1.462,0.465,0.838,0.636,0.729,7.9745,1.8373,0.4683,0.0819,0.8858,3.067,0.1718,0.0006,golden brown,oval
Al-skari,zenodo,zenodo__Skari-45.jpg,0.382,23.2,0.716,0.409,16.82,0.326,1,97304,403.2,350.4,1.151,0.564,0.879,0.575,0.495,2.9516,1.021,0.6293,0.1275,0.9362,3.037,0.066,0.0,amber brown,round
Al-skari,zenodo,zenodo__Skari-46.jpg,0.286,26.2,0.699,0.337,14.44,0.382,1,72451,386.4,304.8,1.268,0.388,0.759,0.483,0.615,4.2104,1.1726,0.6106,0.1407,0.8711,3.091,0.0886,0.0005,golden brown,oval
Al-skari,zenodo,zenodo__Skari-47.jpg,0.338,27.4,0.616,0.47,24.32,0.198,2,58389,479.8,185.8,2.583,0.387,0.841,0.621,0.922,4.3834,1.1349,0.6321,0.1222,0.9601,3.008,0.0743,0.0049,golden brown,very elongated
Al-skari,zenodo,zenodo__Skari-48.jpg,0.339,25.7,0.623,0.689,21.84,0.233,1,88092,503.7,260.9,1.93,0.373,0.833,0.586,0.855,8.8898,1.8579,0.4779,0.0794,0.9003,3.049,0.1667,0.015,amber / golden yellow,oblong / elongated
Al-skari,zenodo,zenodo__Skari-49.jpg,0.557,30.5,0.616,0.481,15.48,0.356,1,108526,518.2,349.8,1.481,0.301,0.716,0.653,0.738,5.276,1.4023,0.5561,0.1127,0.8755,3.05,0.1055,0.0,golden brown,oval
Al-skari,zenodo,zenodo__Skari-5.jpg,0.722,22.1,0.769,0.649,22.24,0.227,1,125354,513.6,337.7,1.521,0.649,0.96,0.867,0.753,6.7374,1.5535,0.5332,0.0943,0.9067,3.031,0.1242,0.0005,amber brown,oval
Al-skari,zenodo,zenodo__Skari-50.jpg,0.539,21.0,0.629,0.649,18.48,0.292,1,138177,496.9,453.6,1.095,0.278,0.713,0.632,0.408,2.5295,0.8906,0.6682,0.1232,0.9568,3.074,0.0451,0.0024,amber brown,round
Al-skari,zenodo,zenodo__Skari-52.jpg,0.597,21.9,0.526,0.735,14.16,0.389,1,154008,553.3,362.6,1.526,0.639,0.949,0.705,0.755,3.355,1.083,0.6128,0.1335,0.8998,2.898,0.0695,0.0001,amber brown,oval
Al-skari,zenodo,zenodo__Skari-53.jpg,0.501,26.1,0.851,0.531,21.02,0.246,1,130632,475.1,353.4,1.344,0.685,0.948,0.762,0.668,2.8065,0.9637,0.6501,0.1221,0.9465,2.943,0.0666,0.0001,golden brown,oval
Al-skari,zenodo,zenodo__Skari-55.jpg,0.469,19.4,0.681,0.69,24.84,0.191,1,122262,513.1,334.1,1.536,0.494,0.853,0.744,0.759,8.0257,1.7502,0.4976,0.0829,0.9183,3.047,0.1574,0.0021,amber brown,oval
Al-skari,zenodo,zenodo__Skari-56.jpg,0.292,33.8,0.556,0.725,16.82,0.326,1,75889,458.4,224.5,2.042,0.506,0.929,0.59,0.872,5.9162,1.4595,0.5407,0.1071,0.8905,2.981,0.1175,0.0029,amber / golden yellow,oblong / elongated
Al-skari,zenodo,zenodo__Skari-58.jpg,0.293,27.0,0.863,0.604,19.18,0.278,1,50645,460.6,146.7,3.14,0.46,0.938,0.575,0.948,6.704,1.6915,0.483,0.0925,0.8885,2.885,0.1599,0.0001,amber / golden yellow,very elongated
Al-skari,zenodo,zenodo__Skari-6.jpg,0.722,22.1,0.769,0.649,22.24,0.227,1,125354,513.6,337.7,1.521,0.649,0.96,0.867,0.753,6.7374,1.5535,0.5332,0.0943,0.9067,3.031,0.1242,0.0005,amber brown,oval
Al-skari,zenodo,zenodo__Skari-60.jpg,0.438,30.3,0.54,0.597,23.14,0.214,1,68885,431.0,213.6,2.018,0.499,0.878,0.723,0.869,6.0529,1.5692,0.5098,0.0841,0.9346,2.532,0.1189,0.0232,golden brown,oblong / elongated
Al-skari,zenodo,zenodo__Skari-61.jpg,0.56,24.3,0.829,0.637,16.45,0.334,1,82082,380.8,290.8,1.309,0.64,0.952,0.899,0.646,17.0971,2.9556,0.3283,0.0729,0.6507,3.099,0.2821,0.0008,amber brown,oval
Al-skari,zenodo,zenodo__Skari-62.jpg,0.575,28.3,0.746,0.655,18.66,0.288,1,84209,452.3,245.7,1.841,0.552,0.937,0.715,0.84,12.1914,2.3593,0.398,0.0797,0.7712,3.144,0.2253,0.0003,amber / golden yellow,oblong / elongated
Al-skari,zenodo,zenodo__Skari-7.jpg,0.429,26.1,0.716,0.641,16.48,0.333,1,74479,349.4,271.4,1.288,0.87,0.994,0.782,0.63,4.99,1.486,0.5127,0.1024,0.897,2.841,0.1363,0.012,amber / golden yellow,oval
Al-skari,zenodo,zenodo__Skari-8.jpg,0.418,26.3,0.73,0.634,15.68,0.352,1,72441,348.7,264.6,1.318,0.792,0.981,0.76,0.651,4.8813,1.4735,0.5132,0.105,0.8864,2.836,0.1362,0.0003,amber / golden yellow,oval
Al-skari,zenodo,zenodo__Skari-9.jpg,0.313,27.3,0.814,0.672,17.39,0.314,1,45740,301.2,214.3,1.405,0.513,0.877,0.744,0.703,4.8022,1.4578,0.5141,0.1063,0.8862,3.107,0.1314,0.0,amber / golden yellow,oval
Al-skri_magrosh,zenodo,zenodo__skri_magrosh-1.jpg,0.41,23.2,0.56,0.656,23.5,0.209,1,106705,382.5,365.5,1.046,0.528,0.897,0.635,0.294,10.6054,2.0615,0.4518,0.0787,0.8654,3.196,0.182,0.026,amber brown,round
Al-skri_magrosh,zenodo,zenodo__skri_magrosh-10.jpg,0.581,22.5,0.612,0.688,24.17,0.2,1,130165,490.2,350.5,1.399,0.613,0.907,0.739,0.699,7.9957,1.8132,0.4833,0.0801,0.9091,3.064,0.1764,0.0244,amber brown,oval
Al-skri_magrosh,zenodo,zenodo__skri_magrosh-11.jpg,0.575,33.5,0.6,0.57,29.44,0.141,1,149904,513.3,405.6,1.265,0.698,0.944,0.784,0.613,4.2321,1.1549,0.6271,0.1243,0.9581,2.883,0.0986,0.0056,golden brown,oval
Al-skri_magrosh,zenodo,zenodo__skri_magrosh-12.jpg,0.221,25.2,0.659,0.573,20.55,0.254,1,57562,385.0,194.1,1.983,0.593,0.934,0.72,0.864,8.3368,1.9732,0.4364,0.085,0.8424,3.121,0.2064,0.001,golden brown,oblong / elongated
Al-skri_magrosh,zenodo,zenodo__skri_magrosh-13.jpg,0.783,7.2,0.16,0.921,23.73,0.206,1,204226,544.0,526.5,1.033,0.638,0.962,0.955,0.251,2.0752,0.5106,0.8461,0.699,0.9784,2.711,0.0423,0.7231,greyish / dull,round
Al-skri_magrosh,zenodo,zenodo__skri_magrosh-14.jpg,0.577,24.7,0.684,0.62,17.98,0.302,1,150471,499.3,392.2,1.273,0.775,0.981,0.847,0.619,4.4823,1.1938,0.6053,0.1333,0.8949,2.983,0.079,0.0101,amber brown,oval
Al-skri_magrosh,zenodo,zenodo__skri_magrosh-15.jpg,0.427,360.0,0.284,0.701,27.35,0.162,1,111371,447.2,323.3,1.383,0.602,0.933,0.749,0.691,7.7235,1.4669,0.6079,0.1174,0.9371,2.892,0.1123,0.1728,reddish brown,oval
Al-skri_magrosh,zenodo,zenodo__skri_magrosh-16.jpg,0.275,14.1,0.58,0.497,25.23,0.186,1,71417,367.1,289.4,1.268,0.474,0.867,0.631,0.615,10.3082,2.026,0.469,0.0822,0.887,2.99,0.1675,0.0245,amber brown,oval
Al-skri_magrosh,zenodo,zenodo__skri_magrosh-19.jpg,0.466,25.3,0.635,0.698,19.23,0.278,1,90802,416.8,291.8,1.428,0.646,0.944,0.742,0.714,4.7602,1.3486,0.551,0.1001,0.9228,3.138,0.0934,0.0151,amber / golden yellow,oval
Al-skri_magrosh,zenodo,zenodo__skri_magrosh-2.jpg,0.417,20.4,0.773,0.402,13.87,0.397,1,86874,364.6,318.3,1.145,0.63,0.913,0.667,0.488,5.3801,1.393,0.5515,0.1323,0.7973,3.267,0.1058,0.0014,amber brown,round
Al-skri_magrosh,zenodo,zenodo__skri_magrosh-20.jpg,0.449,23.5,0.638,0.707,18.18,0.298,1,116950,462.9,354.1,1.307,0.402,0.842,0.643,0.644,6.405,1.6238,0.5,0.0981,0.8685,3.242,0.1395,0.0026,amber brown,oval
Al-skri_magrosh,zenodo,zenodo__skri_magrosh-22.jpg,0.59,17.2,0.7,0.531,17.16,0.318,1,153888,523.6,409.6,1.278,0.568,0.919,0.695,0.623,4.233,1.196,0.6008,0.1251,0.9074,3.222,0.0834,0.0037,amber brown,oval
Al-skri_magrosh,zenodo,zenodo__skri_magrosh-23.jpg,0.427,20.7,0.68,0.656,19.08,0.28,1,83943,348.9,315.0,1.108,0.684,0.948,0.725,0.43,14.0491,2.5726,0.3707,0.0833,0.6918,3.214,0.2519,0.0162,amber brown,round
Al-skri_magrosh,zenodo,zenodo__skri_magrosh-25.jpg,0.484,24.9,0.611,0.691,24.52,0.195,1,126058,441.7,396.4,1.114,0.5,0.86,0.676,0.441,4.0601,1.2352,0.5823,0.1082,0.9526,3.041,0.0963,0.02,amber brown,round
Al-skri_magrosh,zenodo,zenodo__skri_magrosh-26.jpg,0.58,33.9,0.591,0.574,29.88,0.136,1,151160,515.1,406.8,1.266,0.687,0.947,0.771,0.613,4.1043,1.1321,0.632,0.1228,0.9611,2.87,0.096,0.0105,golden brown,oval
Al-skri_magrosh,zenodo,zenodo__skri_magrosh-27.jpg,0.273,18.3,0.834,0.625,21.44,0.239,1,47328,320.4,192.8,1.662,0.684,0.941,0.669,0.799,8.4689,2.0078,0.4247,0.0802,0.8573,3.261,0.192,0.0001,amber brown,oblong / elongated
Al-skri_magrosh,zenodo,zenodo__skri_magrosh-28.jpg,0.551,23.8,0.649,0.666,19.37,0.275,4,44775,269.1,224.0,1.201,0.759,0.978,0.921,0.554,5.5345,1.526,0.5135,0.1,0.8957,3.11,0.1355,0.0092,amber brown,round
Al-skri_magrosh,zenodo,zenodo__skri_magrosh-31.jpg,0.44,28.7,0.709,0.64,21.26,0.242,1,58026,351.2,233.6,1.503,0.455,0.845,0.725,0.747,6.0966,1.5554,0.5219,0.099,0.9104,3.097,0.1298,0.0502,amber / golden yellow,oval
Al-skri_magrosh,zenodo,zenodo__skri_magrosh-32.jpg,0.394,34.2,0.453,0.575,20.92,0.248,1,102475,501.1,330.3,1.517,0.394,0.822,0.636,0.752,4.618,1.2009,0.6208,0.114,0.9413,3.01,0.0915,0.0568,golden brown,oval
Al-skri_magrosh,zenodo,zenodo__skri_magrosh-33.jpg,0.43,360.0,0.283,0.702,27.14,0.164,1,112162,447.4,323.9,1.381,0.603,0.937,0.752,0.69,6.9825,1.4003,0.6128,0.1181,0.9426,2.834,0.1076,0.1722,reddish brown,oval
Al-skri_magrosh,zenodo,zenodo__skri_magrosh-34.jpg,0.356,28.0,0.678,0.502,17.65,0.308,1,79326,392.4,277.6,1.414,0.543,0.889,0.624,0.707,4.2685,1.1056,0.6431,0.1471,0.9042,3.136,0.0874,0.0042,golden brown,oval
Al-skri_magrosh,zenodo,zenodo__skri_magrosh-35.jpg,0.641,15.8,0.557,0.411,19.38,0.275,1,146598,482.9,410.7,1.176,0.689,0.948,0.768,0.526,3.4093,0.9724,0.6645,0.1498,0.9078,3.248,0.0589,0.0017,amber brown,round
Al-skri_magrosh,zenodo,zenodo__skri_magrosh-37.jpg,0.477,14.4,0.672,0.621,22.65,0.221,1,124261,492.5,332.2,1.483,0.558,0.907,0.739,0.738,4.6146,1.2679,0.5842,0.1037,0.9299,3.145,0.0983,0.0019,amber brown,oval
Al-skri_magrosh,zenodo,zenodo__skri_magrosh-39.jpg,0.605,15.4,0.77,0.558,31.48,0.123,1,132998,436.0,415.2,1.05,0.614,0.932,0.841,0.305,7.1962,1.5143,0.5692,0.1108,0.9446,3.085,0.1151,0.0232,amber brown,round
Al-skri_magrosh,zenodo,zenodo__skri_magrosh-41.jpg,0.425,347.1,0.291,0.645,29.64,0.139,1,110708,446.4,338.6,1.318,0.47,0.882,0.697,0.652,6.1361,1.3969,0.5817,0.1398,0.9601,3.046,0.1021,0.105,reddish brown,oval
Al-skri_magrosh,zenodo,zenodo__skri_magrosh-42.jpg,0.149,22.8,0.504,0.718,26.77,0.168,1,38474,261.6,213.7,1.224,0.393,0.814,0.673,0.577,6.4806,1.3781,0.5938,0.1501,0.933,3.116,0.1051,0.0793,amber brown,round
Al-skri_magrosh,zenodo,zenodo__skri_magrosh-43.jpg,0.692,16.0,0.659,0.469,17.88,0.304,1,180498,508.5,467.6,1.087,0.585,0.934,0.814,0.393,4.7098,1.2491,0.5974,0.1403,0.8912,2.962,0.0926,0.0041,amber brown,round
Al-skri_magrosh,zenodo,zenodo__skri_magrosh-44.jpg,0.347,6.7,0.377,0.752,29.56,0.139,1,90416,402.6,293.8,1.371,0.752,0.946,0.764,0.684,4.0734,1.1108,0.6487,0.1735,0.9589,3.076,0.1098,0.181,reddish brown,oval
Al-skri_magrosh,zenodo,zenodo__skri_magrosh-45.jpg,0.484,21.5,0.695,0.679,21.97,0.231,1,126269,455.3,395.4,1.152,0.635,0.889,0.661,0.496,3.5258,1.0865,0.636,0.1444,0.9495,2.905,0.0823,0.0043,amber brown,round
Al-skri_magrosh,zenodo,zenodo__skri_magrosh-46.jpg,0.435,30.3,0.654,0.648,19.72,0.269,1,84781,394.7,286.3,1.378,0.666,0.959,0.879,0.688,8.0405,1.9191,0.446,0.0819,0.8851,2.964,0.1915,0.015,amber / golden yellow,oval
Al-skri_magrosh,zenodo,zenodo__skri_magrosh-47.jpg,0.591,34.2,0.587,0.572,29.49,0.14,1,154197,504.7,421.3,1.198,0.679,0.942,0.806,0.551,4.0661,1.1206,0.6362,0.1265,0.9593,2.886,0.0954,0.0053,golden brown,round
Al-skri_magrosh,zenodo,zenodo__skri_magrosh-48.jpg,0.418,22.9,0.685,0.529,18.33,0.295,1,58605,382.1,211.0,1.811,0.595,0.949,0.642,0.834,7.9583,1.8686,0.4606,0.0944,0.8113,2.989,0.187,0.0016,amber brown,oblong / elongated
Al-skri_magrosh,zenodo,zenodo__skri_magrosh-51.jpg,0.618,32.9,0.698,0.451,20.87,0.249,1,120827,434.4,367.3,1.183,0.518,0.925,0.802,0.534,3.6103,1.2037,0.5784,0.1042,0.9425,2.946,0.0977,0.0005,golden brown,round
Al-skri_magrosh,zenodo,zenodo__skri_magrosh-52.jpg,0.716,32.4,0.649,0.456,18.09,0.299,1,139990,508.8,365.7,1.391,0.594,0.942,0.872,0.695,5.5914,1.3152,0.5997,0.1159,0.9021,2.978,0.106,0.0016,golden brown,oval
Al-skri_magrosh,zenodo,zenodo__skri_magrosh-54.jpg,0.484,32.7,0.755,0.556,22.15,0.228,1,113114,446.7,352.9,1.266,0.627,0.904,0.7,0.613,3.1385,1.0234,0.6377,0.1182,0.9435,3.041,0.0704,0.0,golden brown,oval
Al-skri_magrosh,zenodo,zenodo__skri_magrosh-55.jpg,0.489,31.1,0.509,0.573,26.67,0.169,1,84956,461.3,287.1,1.607,0.391,0.793,0.596,0.783,7.1152,1.6193,0.5325,0.094,0.8918,2.967,0.1384,0.0302,golden brown,oblong / elongated
Al-skri_magrosh,zenodo,zenodo__skri_magrosh-58.jpg,0.585,34.0,0.239,0.591,17.71,0.307,1,152518,487.7,425.8,1.145,0.616,0.903,0.712,0.488,1.4309,0.6607,0.7288,0.1766,0.945,2.592,0.0271,0.001,golden brown,round
Al-skri_magrosh,zenodo,zenodo__skri_magrosh-59.jpg,0.317,349.8,0.392,0.691,16.72,0.328,1,82417,403.4,285.8,1.411,0.599,0.936,0.799,0.706,6.2778,1.7972,0.4419,0.1016,0.848,3.199,0.2214,0.0544,reddish brown,oval
Al-skri_magrosh,zenodo,zenodo__skri_magrosh-60.jpg,0.53,25.8,0.639,0.686,23.4,0.21,1,118405,403.7,385.7,1.047,0.626,0.938,0.771,0.295,7.2952,1.634,0.5282,0.0888,0.9124,3.048,0.1394,0.0214,amber / golden yellow,round
Al-skri_magrosh,zenodo,zenodo__skri_magrosh-62.jpg,0.596,21.1,0.563,0.42,24.99,0.189,1,153699,508.6,396.9,1.281,0.585,0.914,0.725,0.625,4.6925,1.1871,0.6195,0.1282,0.9563,2.992,0.083,0.013,amber brown,oval
Al-skri_magrosh,zenodo,zenodo__skri_magrosh-7.jpg,0.18,64.3,0.679,0.82,11.37,0.469,1,31111,237.3,189.0,1.256,0.693,0.977,0.696,0.605,2.651,1.0316,0.6191,0.1566,0.8522,2.94,0.106,0.009,yellow,oval
Al-skri_magrosh,zenodo,zenodo__skri_magrosh-8.jpg,0.3,28.2,0.726,0.709,22.18,0.228,1,51905,306.3,223.0,1.373,0.67,0.928,0.656,0.685,5.6009,1.3876,0.5527,0.0993,0.9326,2.883,0.1156,0.0217,amber / golden yellow,oval
Aseel,grading,grading__Aseel__Large__105__Grade-1.jpg,0.418,15.4,0.597,0.373,10.74,0.489,1,108894,488.2,286.1,1.706,0.798,0.993,0.78,0.81,3.4985,1.0589,0.6477,0.1971,0.7872,3.174,0.0969,0.0,dark brown,oblong / elongated
Aseel,grading,grading__Aseel__Large__108__Grade-1.jpg,0.413,10.6,0.579,0.396,12.72,0.428,1,107601,482.3,287.8,1.676,0.756,0.978,0.78,0.802,2.5567,0.8426,0.6982,0.2132,0.889,3.161,0.0498,0.0,dark red-brown,oblong / elongated
Aseel,grading,grading__Aseel__Large__109__Grade-1.jpg,0.4,13.4,0.559,0.429,13.22,0.414,1,104211,479.7,281.6,1.703,0.742,0.97,0.796,0.81,3.0099,1.0129,0.6398,0.162,0.8906,3.15,0.0715,0.0,amber brown,oblong / elongated
Aseel,grading,grading__Aseel__Large__113__Grade-1.jpg,0.429,14.1,0.63,0.426,13.88,0.396,1,111852,468.2,305.3,1.533,0.793,0.989,0.777,0.758,1.71,0.6737,0.7372,0.2054,0.9265,3.177,0.0268,0.0,amber brown,oval
Aseel,grading,grading__Aseel__Large__115__Grade-1.jpg,0.413,10.5,0.526,0.44,15.0,0.368,1,107783,472.7,295.1,1.602,0.773,0.973,0.776,0.781,4.547,1.2578,0.5961,0.1463,0.837,3.194,0.1035,0.0,dark red-brown,oblong / elongated
Aseel,grading,grading__Aseel__Large__120__Grade-1.jpg,0.427,9.3,0.558,0.367,15.99,0.344,1,111409,478.6,301.2,1.589,0.752,0.975,0.752,0.777,2.9563,0.8813,0.692,0.1778,0.9174,3.211,0.0518,0.0004,dark red-brown,oval
Aseel,grading,grading__Aseel__Large__122__Grade-1.jpg,0.402,10.1,0.552,0.358,14.41,0.383,1,104770,490.4,275.2,1.782,0.785,0.993,0.806,0.828,2.7622,0.8635,0.6936,0.1924,0.8783,3.186,0.0481,0.0,dark red-brown,oblong / elongated
Aseel,grading,grading__Aseel__Large__128__Grade-1.jpg,0.4,11.9,0.587,0.485,14.99,0.368,1,104380,482.1,278.6,1.731,0.771,0.983,0.823,0.816,4.8236,1.2908,0.5917,0.1522,0.848,3.201,0.1092,0.0006,reddish brown,oblong / elongated
Aseel,grading,grading__Aseel__Large__131__Grade-1.jpg,0.413,9.5,0.578,0.435,15.87,0.347,1,107652,488.2,283.5,1.722,0.766,0.984,0.835,0.814,5.5377,1.3608,0.5856,0.1462,0.8315,3.196,0.113,0.0013,dark red-brown,oblong / elongated
Aseel,grading,grading__Aseel__Large__134__Grade-1.jpg,0.386,14.1,0.606,0.444,14.51,0.38,1,100723,482.4,267.9,1.8,0.777,0.989,0.79,0.832,2.1544,0.7765,0.7107,0.189,0.9247,3.183,0.041,0.0,amber brown,oblong / elongated
Aseel,grading,grading__Aseel__Large__137__Grade-1.jpg,0.409,17.1,0.601,0.458,13.41,0.409,1,106655,472.5,288.9,1.636,0.786,0.988,0.774,0.791,2.9318,0.9721,0.6531,0.1629,0.8817,3.189,0.0625,0.0001,amber brown,oblong / elongated
Aseel,grading,grading__Aseel__Large__13__Grade-1.jpg,0.426,12.8,0.507,0.334,12.44,0.436,1,111033,469.3,303.3,1.548,0.806,0.987,0.797,0.763,2.4717,0.8062,0.7146,0.2044,0.8972,3.145,0.0529,0.0,dark brown,oval
Aseel,grading,grading__Aseel__Large__140__Grade-1.jpg,0.381,10.9,0.553,0.412,13.97,0.394,1,99280,480.3,266.1,1.805,0.734,0.978,0.788,0.832,4.6458,1.2074,0.6189,0.1663,0.8369,3.183,0.0924,0.0005,dark red-brown,oblong / elongated
Aseel,grading,grading__Aseel__Large__143__Grade-1.jpg,0.412,11.5,0.559,0.45,13.86,0.397,1,107503,471.3,291.1,1.619,0.773,0.989,0.79,0.786,2.9926,0.9196,0.6802,0.1713,0.8868,3.185,0.0618,0.0003,reddish brown,oblong / elongated
Aseel,grading,grading__Aseel__Large__147__Grade-1.jpg,0.406,12.1,0.564,0.414,13.59,0.404,1,105841,471.7,286.7,1.646,0.79,0.991,0.771,0.794,2.7331,0.8802,0.6867,0.1867,0.899,3.166,0.0542,0.0013,amber brown,oblong / elongated
Aseel,grading,grading__Aseel__Large__14__Grade-1.jpg,0.417,8.9,0.513,0.331,9.93,0.516,1,108615,479.8,292.5,1.64,0.798,0.979,0.791,0.793,2.2565,0.7575,0.7229,0.2243,0.8318,3.168,0.0362,0.0,dark red-brown,oblong / elongated
Aseel,grading,grading__Aseel__Large__153__Grade-1.jpg,0.364,10.0,0.497,0.436,14.62,0.377,1,94928,511.6,241.5,2.118,0.711,0.986,0.777,0.882,2.6725,0.8554,0.6942,0.1781,0.9065,3.167,0.0434,0.0003,dark red-brown,oblong / elongated
Aseel,grading,grading__Aseel__Large__18__Grade-1.jpg,0.393,11.9,0.623,0.368,11.37,0.469,1,102357,472.7,278.6,1.697,0.749,0.974,0.785,0.808,2.4219,0.7798,0.7232,0.2192,0.8593,3.164,0.0464,0.0,dark red-brown,oblong / elongated
Aseel,grading,grading__Aseel__Large__20__Grade-1.jpg,0.349,8.4,0.53,0.341,10.66,0.491,1,90985,498.6,240.4,2.074,0.697,0.962,0.792,0.876,3.9721,1.0886,0.6489,0.2121,0.7747,3.171,0.0836,0.0,dark red-brown,oblong / elongated
Aseel,grading,grading__Aseel__Large__29__Grade-1.jpg,0.392,8.2,0.507,0.345,11.19,0.474,1,102210,473.6,279.0,1.697,0.785,0.981,0.794,0.808,2.4985,0.8373,0.6968,0.2149,0.8526,3.237,0.0464,0.0,dark red-brown,oblong / elongated
Aseel,grading,grading__Aseel__Large__32__Grade-1.jpg,0.444,9.4,0.574,0.361,11.81,0.455,1,115710,475.1,311.6,1.525,0.774,0.976,0.782,0.755,3.5053,0.9946,0.6702,0.2067,0.8175,3.219,0.0716,0.0001,dark red-brown,oval
Aseel,grading,grading__Aseel__Large__33__Grade-1.jpg,0.431,9.4,0.594,0.365,11.68,0.459,1,112476,477.2,301.3,1.583,0.788,0.987,0.785,0.775,4.0242,1.045,0.6675,0.2249,0.8142,3.227,0.0713,0.0,dark red-brown,oval
Aseel,grading,grading__Aseel__Large__34__Grade-1.jpg,0.394,8.9,0.565,0.358,13.63,0.403,1,102813,472.9,278.8,1.696,0.78,0.983,0.775,0.808,5.2323,1.2517,0.6267,0.204,0.8358,3.223,0.0976,0.0003,dark red-brown,oblong / elongated
Aseel,grading,grading__Aseel__Large__35__Grade-1.jpg,0.379,7.3,0.524,0.358,13.09,0.418,1,98833,496.7,256.3,1.938,0.754,0.989,0.804,0.857,5.1944,1.2925,0.61,0.1765,0.8046,3.199,0.1047,0.0,dark red-brown,oblong / elongated
Aseel,grading,grading__Aseel__Large__37__Grade-1.jpg,0.362,7.7,0.573,0.362,12.26,0.441,1,94427,505.7,242.5,2.085,0.748,0.987,0.859,0.877,2.9101,0.8997,0.6905,0.2149,0.8407,3.222,0.058,0.0,dark red-brown,oblong / elongated
Aseel,grading,grading__Aseel__Large__3__Grade-1.jpg,0.433,10.5,0.595,0.363,10.98,0.481,1,112964,488.0,295.4,1.652,0.812,0.995,0.719,0.796,2.4893,0.7712,0.7284,0.2251,0.854,3.162,0.0423,0.0,dark red-brown,oblong / elongated
Aseel,grading,grading__Aseel__Large__44__Grade-1.jpg,0.391,10.7,0.565,0.365,11.36,0.469,1,102033,475.9,274.3,1.735,0.779,0.991,0.811,0.817,2.5958,0.8294,0.7049,0.2208,0.826,3.245,0.0427,0.0,dark red-brown,oblong / elongated
Aseel,grading,grading__Aseel__Large__45__Grade-1.jpg,0.359,11.7,0.633,0.365,12.07,0.447,1,93635,487.6,249.8,1.952,0.7,0.975,0.809,0.859,4.9032,1.1784,0.6476,0.2199,0.7845,3.21,0.0892,0.0001,dark red-brown,oblong / elongated
Aseel,grading,grading__Aseel__Large__47__Grade-1.jpg,0.374,11.1,0.553,0.349,11.23,0.473,1,97530,494.2,255.6,1.933,0.72,0.982,0.744,0.856,4.5314,1.2064,0.6181,0.185,0.773,3.222,0.0914,0.0,dark red-brown,oblong / elongated
Aseel,grading,grading__Aseel__Large__57__Grade-1.jpg,0.432,13.0,0.545,0.342,12.85,0.425,1,112767,488.8,297.0,1.646,0.76,0.984,0.815,0.794,3.1483,0.9449,0.6799,0.1891,0.8642,3.212,0.0662,0.0,dark brown,oblong / elongated
Aseel,grading,grading__Aseel__Large__58__Grade-1.jpg,0.416,11.6,0.609,0.357,12.24,0.442,1,108481,496.0,286.2,1.733,0.752,0.975,0.8,0.817,3.8876,1.017,0.6783,0.2176,0.8214,3.179,0.0746,0.0,dark red-brown,oblong / elongated
Aseel,grading,grading__Aseel__Large__61__Grade-1.jpg,0.38,10.6,0.582,0.365,13.32,0.411,1,98973,484.0,262.6,1.843,0.763,0.989,0.81,0.84,3.1317,0.9557,0.6725,0.2,0.8507,3.226,0.0659,0.0,dark red-brown,oblong / elongated
Aseel,grading,grading__Aseel__Large__6__Grade-1.jpg,0.386,11.4,0.578,0.362,10.14,0.509,1,100706,489.1,264.3,1.851,0.788,0.993,0.831,0.841,2.245,0.7734,0.718,0.2221,0.8349,3.16,0.0416,0.0,dark red-brown,oblong / elongated
Aseel,grading,grading__Aseel__Large__72__Grade-1.jpg,0.429,10.6,0.582,0.356,12.4,0.437,1,111799,464.8,306.9,1.515,0.8,0.99,0.76,0.751,3.9188,1.0111,0.6743,0.213,0.8137,3.234,0.0641,0.0003,dark red-brown,oval
Aseel,grading,grading__Aseel__Large__79__Grade-1.jpg,0.442,8.7,0.559,0.361,13.73,0.4,1,115245,483.8,307.8,1.572,0.801,0.991,0.838,0.771,2.2646,0.7441,0.7314,0.2408,0.9042,3.22,0.0401,0.0,dark red-brown,oval
Aseel,grading,grading__Aseel__Large__80__Grade-1.jpg,0.36,8.4,0.573,0.364,14.64,0.377,1,93806,468.5,258.7,1.811,0.752,0.977,0.818,0.834,5.191,1.1626,0.6633,0.2312,0.8367,3.229,0.0846,0.0003,dark red-brown,oblong / elongated
Aseel,grading,grading__Aseel__Large__89__Grade-1.jpg,0.388,8.8,0.516,0.356,14.66,0.376,1,101031,482.2,268.9,1.793,0.764,0.988,0.781,0.83,5.0189,1.2395,0.6257,0.1893,0.8474,3.218,0.1026,0.0001,dark red-brown,oblong / elongated
Aseel,grading,grading__Aseel__Large__93__Grade-1.jpg,0.373,8.9,0.517,0.348,11.91,0.452,1,97298,495.0,260.1,1.903,0.686,0.952,0.787,0.851,3.2224,0.9298,0.6832,0.2124,0.8392,3.234,0.0563,0.0001,dark red-brown,oblong / elongated
Aseel,grading,grading__Aseel__Medium__103__Grade-1.jpg,0.411,11.9,0.508,0.418,16.68,0.329,1,107061,479.6,287.1,1.671,0.758,0.984,0.767,0.801,4.3195,1.1387,0.6326,0.1455,0.8721,3.169,0.0805,0.0011,dark red-brown,oblong / elongated
Aseel,grading,grading__Aseel__Medium__105__Grade-1.jpg,0.4,11.3,0.613,0.387,14.76,0.374,1,104348,468.9,285.4,1.643,0.775,0.986,0.77,0.793,3.303,0.9016,0.694,0.1754,0.8727,3.186,0.0489,0.001,dark red-brown,oblong / elongated
Aseel,grading,grading__Aseel__Medium__106__Grade-1.jpg,0.405,10.5,0.509,0.416,15.86,0.347,1,105510,474.7,285.2,1.665,0.779,0.987,0.787,0.799,3.9217,1.0694,0.6487,0.1531,0.8739,3.149,0.0727,0.0005,dark red-brown,oblong / elongated
Aseel,grading,grading__Aseel__Medium__107__Grade-1.jpg,0.402,12.9,0.588,0.402,14.8,0.373,1,104849,464.9,288.0,1.614,0.796,0.991,0.753,0.785,2.0424,0.7465,0.7169,0.1925,0.8924,3.144,0.0308,0.0,amber brown,oblong / elongated
Aseel,grading,grading__Aseel__Medium__110__Grade-1.jpg,0.367,14.3,0.575,0.422,13.52,0.406,1,95723,476.1,257.3,1.85,0.758,0.991,0.791,0.841,3.4775,1.0497,0.6433,0.169,0.8666,3.11,0.0762,0.0001,amber brown,oblong / elongated
Aseel,grading,grading__Aseel__Medium__112__Grade-1.jpg,0.368,14.2,0.584,0.415,12.91,0.423,1,95937,475.5,258.9,1.836,0.746,0.989,0.715,0.839,3.3114,1.0218,0.6486,0.174,0.8607,3.158,0.0695,0.0,amber brown,oblong / elongated
Aseel,grading,grading__Aseel__Medium__113__Grade-1.jpg,0.419,15.5,0.556,0.451,14.63,0.377,1,109275,467.0,301.8,1.547,0.744,0.977,0.748,0.763,4.8787,1.3098,0.5838,0.1385,0.8475,3.16,0.1153,0.0015,amber brown,oval
Aseel,grading,grading__Aseel__Medium__117__Grade-1.jpg,0.412,15.2,0.561,0.447,14.22,0.387,1,107486,462.0,300.6,1.537,0.764,0.98,0.747,0.759,4.9244,1.3164,0.5839,0.1402,0.8339,3.154,0.113,0.0009,amber brown,oval
Aseel,grading,grading__Aseel__Medium__119__Grade-1.jpg,0.368,12.3,0.608,0.467,12.93,0.422,1,96002,454.2,271.0,1.676,0.767,0.986,0.788,0.803,2.5349,0.8413,0.6953,0.1977,0.8747,3.189,0.0463,0.0,amber brown,oblong / elongated
Aseel,grading,grading__Aseel__Medium__11__Grade-1.jpg,0.394,11.4,0.6,0.364,11.49,0.465,1,102787,489.4,270.9,1.806,0.757,0.983,0.82,0.833,1.6428,0.6162,0.7647,0.2699,0.9047,3.204,0.0255,0.0,dark red-brown,oblong / elongated
Aseel,grading,grading__Aseel__Medium__124__Grade-1.jpg,0.369,10.7,0.538,0.44,15.33,0.36,1,96225,472.2,262.4,1.8,0.72,0.97,0.748,0.831,2.7497,0.8974,0.68,0.1728,0.8889,3.146,0.0514,0.0001,dark red-brown,oblong / elongated
Aseel,grading,grading__Aseel__Medium__12__Grade-1.jpg,0.373,11.3,0.54,0.349,12.14,0.445,1,97121,474.5,263.0,1.804,0.766,0.989,0.784,0.832,3.055,0.9547,0.6706,0.1901,0.8616,3.212,0.064,0.0,dark red-brown,oblong / elongated
Aseel,grading,grading__Aseel__Medium__131__Grade-1.jpg,0.418,11.9,0.584,0.466,12.78,0.427,1,108955,497.7,286.6,1.737,0.745,0.968,0.783,0.818,2.3574,0.7989,0.705,0.1949,0.8846,3.158,0.0408,0.0002,reddish brown,oblong / elongated
Aseel,grading,grading__Aseel__Medium__134__Grade-1.jpg,0.442,12.4,0.606,0.419,12.88,0.424,1,115296,467.0,315.5,1.48,0.817,0.993,0.766,0.737,1.86,0.6928,0.7352,0.2019,0.9044,3.137,0.0275,0.0,amber brown,oval
Aseel,grading,grading__Aseel__Medium__136__Grade-1.jpg,0.356,15.2,0.646,0.469,14.82,0.372,1,92790,424.6,279.1,1.521,0.812,0.989,0.783,0.754,2.587,0.895,0.6761,0.1602,0.9089,3.187,0.0564,0.0,amber brown,oval
Aseel,grading,grading__Aseel__Medium__137__Grade-1.jpg,0.354,16.3,0.584,0.514,15.45,0.357,1,92332,423.2,279.9,1.512,0.767,0.985,0.73,0.75,3.3001,1.0208,0.6482,0.1524,0.8892,3.16,0.0777,0.0003,amber brown,oval
Aseel,grading,grading__Aseel__Medium__13__Grade-1.jpg,0.418,8.5,0.585,0.375,11.21,0.474,1,109115,474.8,294.6,1.611,0.804,0.99,0.8,0.784,2.1311,0.733,0.7334,0.2687,0.8819,3.192,0.0395,0.0,dark red-brown,oblong / elongated
Aseel,grading,grading__Aseel__Medium__140__Grade-1.jpg,0.403,9.9,0.585,0.423,14.23,0.387,1,104979,457.1,293.5,1.557,0.791,0.988,0.759,0.767,3.8988,1.0642,0.6536,0.1781,0.8733,3.119,0.0734,0.0001,dark red-brown,oval
Aseel,grading,grading__Aseel__Medium__141__Grade-1.jpg,0.417,12.0,0.643,0.425,15.4,0.358,1,108691,463.1,300.6,1.541,0.746,0.981,0.776,0.761,1.7698,0.6508,0.75,0.2115,0.9496,3.069,0.0184,0.0,dark red-brown,oval
Aseel,grading,grading__Aseel__Medium__148__Grade-1.jpg,0.413,11.7,0.554,0.423,14.91,0.37,1,107594,479.3,286.7,1.672,0.794,0.993,0.784,0.801,2.3914,0.8547,0.6862,0.1724,0.92,3.135,0.0524,0.0,dark red-brown,oblong / elongated
Aseel,grading,grading__Aseel__Medium__149__Grade-1.jpg,0.397,10.4,0.629,0.335,12.08,0.447,1,103370,487.5,271.8,1.794,0.761,0.98,0.779,0.83,2.3513,0.7482,0.7314,0.2282,0.9002,3.161,0.0351,0.0,dark red-brown,oblong / elongated
Aseel,grading,grading__Aseel__Medium__14__Grade-1.jpg,0.401,5.6,0.568,0.371,10.48,0.497,1,104569,468.8,284.8,1.646,0.803,0.993,0.779,0.794,2.5012,0.8196,0.7063,0.2636,0.8021,3.232,0.0451,0.0,dark red-brown,oblong / elongated
Aseel,grading,grading__Aseel__Medium__152__Grade-1.jpg,0.414,14.2,0.648,0.357,11.89,0.453,1,107835,467.6,295.1,1.585,0.76,0.985,0.734,0.776,1.7641,0.6445,0.7536,0.2218,0.926,3.116,0.0204,0.0,dark brown,oval
Aseel,grading,grading__Aseel__Medium__153__Grade-1.jpg,0.367,10.6,0.496,0.396,15.36,0.359,1,95591,466.3,263.9,1.767,0.743,0.984,0.785,0.824,2.8026,0.9515,0.661,0.1577,0.9248,3.119,0.0668,0.0001,dark red-brown,oblong / elongated
Aseel,grading,grading__Aseel__Medium__155__Grade-1.jpg,0.368,10.0,0.506,0.388,14.93,0.37,1,95789,466.2,264.4,1.763,0.749,0.983,0.779,0.824,3.1241,1.0043,0.652,0.1611,0.9092,3.141,0.0762,0.0,dark red-brown,oblong / elongated
Aseel,grading,grading__Aseel__Medium__162__Grade-1.jpg,0.491,12.4,0.626,0.375,12.93,0.422,1,128057,474.4,344.4,1.377,0.75,0.985,0.784,0.688,3.5917,1.0501,0.6497,0.1824,0.874,3.132,0.0834,0.0002,dark brown,oval
Aseel,grading,grading__Aseel__Medium__163__Grade-1.jpg,0.387,6.8,0.563,0.347,12.35,0.439,1,100987,470.7,275.9,1.706,0.773,0.986,0.767,0.81,3.138,0.9291,0.6823,0.2178,0.8681,3.165,0.0585,0.0,dark red-brown,oblong / elongated
Aseel,grading,grading__Aseel__Medium__165__Grade-1.jpg,0.387,10.2,0.555,0.396,15.56,0.354,1,100999,461.3,280.6,1.644,0.772,0.985,0.779,0.794,3.5877,1.0245,0.661,0.1967,0.9076,3.158,0.0727,0.0,dark red-brown,oblong / elongated
Aseel,grading,grading__Aseel__Medium__16__Grade-1.jpg,0.357,6.2,0.524,0.339,11.09,0.478,1,93141,500.6,245.5,2.039,0.717,0.968,0.717,0.871,3.7307,0.9602,0.6935,0.2446,0.8175,3.205,0.0554,0.0,dark red-brown,oblong / elongated
Aseel,grading,grading__Aseel__Medium__17__Grade-1.jpg,0.36,11.0,0.58,0.366,10.49,0.497,1,93816,482.9,249.5,1.935,0.756,0.989,0.802,0.856,1.6636,0.6557,0.7465,0.2692,0.8746,3.228,0.0275,0.0,dark red-brown,oblong / elongated
Aseel,grading,grading__Aseel__Medium__19__Grade-1.jpg,0.33,12.5,0.575,0.355,9.92,0.516,1,85911,483.9,230.4,2.101,0.708,0.968,0.726,0.879,1.8174,0.6887,0.7364,0.2401,0.8458,3.154,0.0312,0.0,dark brown,oblong / elongated
Aseel,grading,grading__Aseel__Medium__20__Grade-1.jpg,0.397,12.4,0.547,0.354,11.64,0.46,1,103502,482.7,274.3,1.76,0.763,0.99,0.75,0.823,3.179,0.9198,0.6949,0.2225,0.8381,3.154,0.0709,0.0,dark brown,oblong / elongated
Aseel,grading,grading__Aseel__Medium__21__Grade-1.jpg,0.366,13.9,0.558,0.355,11.98,0.45,1,95439,483.4,255.2,1.894,0.722,0.981,0.788,0.849,2.4288,0.7958,0.7166,0.2283,0.8716,3.118,0.051,0.0,dark brown,oblong / elongated
Aseel,grading,grading__Aseel__Medium__24__Grade-1.jpg,0.375,12.3,0.501,0.336,12.23,0.443,1,97647,472.6,266.6,1.773,0.759,0.986,0.791,0.826,1.9901,0.7186,0.7335,0.2417,0.8901,3.172,0.0389,0.0,dark brown,oblong / elongated
Aseel,grading,grading__Aseel__Medium__26__Grade-1.jpg,0.389,9.6,0.579,0.376,13.22,0.414,1,101493,474.5,275.3,1.724,0.766,0.986,0.728,0.815,3.4128,0.9159,0.7004,0.2506,0.8534,3.23,0.0592,0.0004,dark red-brown,oblong / elongated
Aseel,grading,grading__Aseel__Medium__30__Grade-1.jpg,0.369,9.0,0.541,0.358,13.31,0.412,1,96237,484.7,256.1,1.892,0.747,0.982,0.836,0.849,4.7659,1.1682,0.6474,0.2182,0.8285,3.146,0.0947,0.0005,dark red-brown,oblong / elongated
Aseel,grading,grading__Aseel__Medium__32__Grade-1.jpg,0.39,6.5,0.532,0.358,12.65,0.43,1,101809,456.2,286.0,1.595,0.79,0.989,0.747,0.779,3.7114,1.0575,0.6539,0.2154,0.8227,3.124,0.0799,0.0,dark red-brown,oval
Aseel,grading,grading__Aseel__Medium__37__Grade-1.jpg,0.393,5.2,0.542,0.355,12.54,0.434,1,102448,469.3,280.3,1.674,0.766,0.98,0.784,0.802,4.2327,1.0518,0.6728,0.2425,0.8234,3.228,0.0722,0.0003,dark red-brown,oblong / elongated
Aseel,grading,grading__Aseel__Medium__40__Grade-1.jpg,0.394,10.7,0.546,0.349,12.01,0.449,1,102746,468.7,280.3,1.672,0.786,0.989,0.768,0.801,3.5826,1.0188,0.666,0.22,0.839,3.14,0.0791,0.0,dark red-brown,oblong / elongated
Aseel,grading,grading__Aseel__Medium__43__Grade-1.jpg,0.374,10.2,0.513,0.36,15.75,0.35,1,97378,487.7,258.7,1.885,0.739,0.978,0.802,0.848,5.2356,1.2093,0.6436,0.1786,0.8596,3.181,0.0882,0.0,dark red-brown,oblong / elongated
Aseel,grading,grading__Aseel__Medium__47__Grade-1.jpg,0.417,12.2,0.603,0.38,12.69,0.429,1,108625,467.4,298.2,1.568,0.78,0.986,0.776,0.77,1.6803,0.6607,0.7456,0.2294,0.8959,3.127,0.0317,0.0,dark brown,oval
Aseel,grading,grading__Aseel__Medium__52__Grade-1.jpg,0.377,12.1,0.624,0.359,11.56,0.463,1,98308,466.5,270.3,1.726,0.765,0.981,0.745,0.815,2.6005,0.8453,0.7038,0.2403,0.8664,3.135,0.0616,0.0,dark brown,oblong / elongated
Aseel,grading,grading__Aseel__Medium__59__Grade-1.jpg,0.427,18.1,0.578,0.452,14.01,0.393,1,111287,464.3,306.2,1.516,0.797,0.99,0.785,0.752,2.2374,0.7901,0.7043,0.1808,0.9165,3.188,0.0362,0.0,amber brown,oval
Aseel,grading,grading__Aseel__Medium__72__Grade-1.jpg,0.386,13.9,0.565,0.444,15.6,0.354,1,100496,481.8,269.0,1.791,0.761,0.986,0.786,0.83,3.4775,1.0772,0.6314,0.1547,0.8792,3.165,0.0812,0.0,amber brown,oblong / elongated
Aseel,grading,grading__Aseel__Medium__77__Grade-1.jpg,0.376,10.3,0.611,0.406,14.88,0.371,1,97969,480.6,261.3,1.839,0.742,0.983,0.771,0.839,2.7206,0.8218,0.7099,0.1914,0.8942,3.185,0.0415,0.0003,dark red-brown,oblong / elongated
Aseel,grading,grading__Aseel__Medium__84__Grade-1.jpg,0.42,19.1,0.617,0.477,13.46,0.408,1,109509,470.0,298.1,1.576,0.785,0.988,0.78,0.773,2.3335,0.7941,0.7085,0.1852,0.9126,3.178,0.0427,0.0002,amber brown,oval
Aseel,grading,grading__Aseel__Small__102__Grade-1.jpg,0.374,12.2,0.627,0.425,17.29,0.316,1,97372,478.1,261.9,1.825,0.746,0.985,0.77,0.837,2.4955,0.8417,0.6976,0.1925,0.9376,3.158,0.0514,0.0,amber brown,oblong / elongated
Aseel,grading,grading__Aseel__Small__106__Grade-1.jpg,0.407,12.3,0.608,0.43,16.42,0.335,1,106099,478.3,283.3,1.688,0.749,0.983,0.777,0.806,2.0016,0.7342,0.7255,0.1955,0.9414,3.123,0.0392,0.0004,amber brown,oblong / elongated
Aseel,grading,grading__Aseel__Small__108__Grade-1.jpg,0.403,10.8,0.515,0.341,16.12,0.341,1,105052,474.5,282.9,1.677,0.754,0.988,0.756,0.803,4.8318,1.213,0.6278,0.1578,0.8903,3.12,0.0955,0.0001,dark red-brown,oblong / elongated
Aseel,grading,grading__Aseel__Small__110__Grade-1.jpg,0.339,6.8,0.492,0.387,15.85,0.348,1,88406,468.6,244.0,1.921,0.709,0.975,0.754,0.854,4.5982,1.2022,0.6219,0.1652,0.8827,3.111,0.0885,0.0,dark red-brown,oblong / elongated
Aseel,grading,grading__Aseel__Small__112__Grade-1.jpg,0.442,12.6,0.623,0.418,13.7,0.401,1,115362,459.3,320.7,1.432,0.802,0.988,0.772,0.716,2.5955,0.8535,0.6952,0.2101,0.8957,3.113,0.0515,0.0,amber brown,oval
Aseel,grading,grading__Aseel__Small__115__Grade-1.jpg,0.355,10.8,0.609,0.379,13.41,0.409,1,92460,494.9,244.5,2.024,0.705,0.982,0.794,0.869,2.5754,0.8446,0.6998,0.2013,0.9079,3.095,0.0502,0.0,dark red-brown,oblong / elongated
Aseel,grading,grading__Aseel__Small__118__Grade-1.jpg,0.386,14.0,0.608,0.443,12.24,0.442,1,100671,480.8,270.3,1.779,0.77,0.992,0.793,0.827,2.9862,0.9452,0.6661,0.1863,0.8765,3.136,0.0583,0.0,amber brown,oblong / elongated
Aseel,grading,grading__Aseel__Small__122__Grade-1.jpg,0.37,12.4,0.569,0.418,12.54,0.434,1,96555,470.7,267.6,1.759,0.737,0.976,0.803,0.823,2.4368,0.8128,0.7065,0.1848,0.8978,3.099,0.0434,0.0,amber brown,oblong / elongated
Aseel,grading,grading__Aseel__Small__129__Grade-1.jpg,0.376,10.1,0.494,0.362,15.27,0.361,1,97888,454.9,276.6,1.645,0.735,0.977,0.751,0.794,3.146,0.9671,0.6653,0.1644,0.9034,3.096,0.0607,0.0,dark red-brown,oblong / elongated
Aseel,grading,grading__Aseel__Small__132__Grade-1.jpg,0.415,13.9,0.573,0.394,15.77,0.35,1,108209,479.3,291.4,1.644,0.737,0.966,0.756,0.794,2.2532,0.7692,0.7178,0.1817,0.9287,3.127,0.0425,0.0,dark brown,oblong / elongated
Aseel,grading,grading__Aseel__Small__134__Grade-1.jpg,0.406,11.6,0.571,0.395,13.06,0.419,1,105870,473.0,288.5,1.639,0.705,0.958,0.731,0.792,2.9761,0.9529,0.6672,0.1981,0.9018,3.1,0.0681,0.0,dark red-brown,oblong / elongated
Aseel,grading,grading__Aseel__Small__136__Grade-1.jpg,0.394,12.2,0.615,0.41,13.38,0.41,1,102679,465.0,283.1,1.642,0.776,0.989,0.745,0.793,1.7948,0.6754,0.7414,0.2167,0.9032,3.107,0.0263,0.0,amber brown,oblong / elongated
Aseel,grading,grading__Aseel__Small__139__Grade-1.jpg,0.416,12.6,0.615,0.401,13.11,0.417,1,108536,468.7,295.5,1.586,0.791,0.991,0.78,0.776,1.8305,0.6664,0.7463,0.2058,0.909,3.124,0.0283,0.0,amber brown,oval
Aseel,grading,grading__Aseel__Small__13__Grade-1.jpg,0.343,14.4,0.645,0.454,14.04,0.392,1,89395,418.8,273.1,1.533,0.752,0.981,0.738,0.758,2.3055,0.7708,0.7204,0.2066,0.9263,3.215,0.0437,0.0,amber brown,oval
Aseel,grading,grading__Aseel__Small__140__Grade-1.jpg,0.384,11.9,0.551,0.44,14.32,0.385,1,100220,464.5,275.6,1.685,0.754,0.985,0.778,0.805,1.9438,0.7537,0.7128,0.185,0.9244,3.125,0.0378,0.0,dark red-brown,oblong / elongated
Aseel,grading,grading__Aseel__Small__145__Grade-1.jpg,0.389,13.1,0.571,0.436,13.79,0.399,1,101343,473.3,275.8,1.716,0.757,0.978,0.794,0.813,1.423,0.6173,0.7513,0.2084,0.9446,3.094,0.0157,0.0,amber brown,oblong / elongated
Aseel,grading,grading__Aseel__Small__153__Grade-1.jpg,0.367,12.9,0.582,0.443,14.1,0.391,1,95576,476.2,258.2,1.844,0.699,0.974,0.76,0.84,3.6999,1.0913,0.636,0.1794,0.8893,3.102,0.0786,0.0001,amber brown,oblong / elongated
Aseel,grading,grading__Aseel__Small__154__Grade-1.jpg,0.4,13.8,0.539,0.4,15.44,0.357,1,104188,462.0,287.7,1.606,0.807,0.993,0.787,0.782,3.3832,1.0366,0.6458,0.1596,0.8961,3.076,0.0756,0.0,dark brown,oblong / elongated
Aseel,grading,grading__Aseel__Small__156__Grade-1.jpg,0.397,13.4,0.511,0.406,16.15,0.341,1,103549,463.3,285.0,1.625,0.764,0.987,0.771,0.788,3.2405,1.0252,0.6442,0.1435,0.9216,3.087,0.0719,0.0,amber brown,oblong / elongated
Aseel,grading,grading__Aseel__Small__161__Grade-1.jpg,0.346,11.2,0.565,0.404,16.44,0.334,1,90258,466.9,250.3,1.866,0.712,0.978,0.779,0.844,3.5444,0.9862,0.6716,0.179,0.9037,3.125,0.0654,0.0,dark red-brown,oblong / elongated
Aseel,grading,grading__Aseel__Small__162__Grade-1.jpg,0.377,9.7,0.597,0.389,15.16,0.364,1,98292,462.8,271.9,1.702,0.744,0.979,0.759,0.809,2.3551,0.7731,0.7217,0.2323,0.9377,3.123,0.0373,0.0,dark red-brown,oblong / elongated
Aseel,grading,grading__Aseel__Small__164__Grade-1.jpg,0.387,14.9,0.566,0.469,13.29,0.412,1,100998,479.1,270.5,1.771,0.766,0.989,0.783,0.825,3.2699,1.0579,0.6309,0.1557,0.8768,3.124,0.0782,0.0,amber brown,oblong / elongated
Aseel,grading,grading__Aseel__Small__165__Grade-1.jpg,0.388,13.5,0.628,0.421,11.61,0.461,1,101190,463.9,280.2,1.656,0.777,0.989,0.798,0.797,2.819,0.8718,0.6942,0.2127,0.8532,3.144,0.0469,0.0001,amber brown,oblong / elongated
Aseel,grading,grading__Aseel__Small__167__Grade-1.jpg,0.429,6.5,0.556,0.371,14.93,0.37,1,111841,448.8,319.3,1.405,0.826,0.988,0.757,0.703,3.2061,0.9228,0.689,0.1984,0.8871,3.087,0.0522,0.0,dark red-brown,oval
Aseel,grading,grading__Aseel__Small__168__Grade-1.jpg,0.382,13.0,0.474,0.383,15.94,0.346,1,99458,454.4,279.7,1.624,0.743,0.981,0.77,0.788,4.1579,1.1985,0.6037,0.136,0.8934,3.089,0.089,0.0,dark brown,oblong / elongated
Aseel,grading,grading__Aseel__Small__170__Grade-1.jpg,0.378,10.0,0.503,0.402,16.96,0.323,1,98627,466.1,270.3,1.724,0.751,0.986,0.783,0.815,2.251,0.8097,0.7001,0.1787,0.9397,3.111,0.0413,0.0,dark red-brown,oblong / elongated
Aseel,grading,grading__Aseel__Small__17__Grade-1.jpg,0.464,14.2,0.575,0.353,15.13,0.365,1,121063,477.1,324.5,1.47,0.796,0.987,0.762,0.733,1.8711,0.71,0.729,0.1819,0.9512,3.049,0.0363,0.0,dark brown,oval
Aseel,grading,grading__Aseel__Small__18__Grade-1.jpg,0.428,11.0,0.596,0.286,13.34,0.411,1,111624,459.7,310.9,1.479,0.8,0.988,0.725,0.737,1.4356,0.5801,0.7715,0.2274,0.949,3.086,0.0222,0.0,dark red-brown,oval
Aseel,grading,grading__Aseel__Small__1__Grade-1.jpg,0.385,6.2,0.536,0.365,11.68,0.459,1,100455,473.8,272.0,1.742,0.777,0.988,0.799,0.819,2.433,0.7999,0.7155,0.2539,0.8634,3.102,0.0479,0.0,dark red-brown,oblong / elongated
Aseel,grading,grading__Aseel__Small__23__Grade-1.jpg,0.41,14.8,0.598,0.442,15.66,0.352,1,106804,477.5,288.7,1.654,0.69,0.967,0.705,0.797,2.6349,0.8872,0.6813,0.1674,0.9312,3.096,0.0579,0.0002,amber brown,oblong / elongated
Aseel,grading,grading__Aseel__Small__24__Grade-1.jpg,0.403,14.8,0.641,0.446,15.46,0.357,1,105094,485.8,277.7,1.75,0.72,0.98,0.746,0.821,2.1616,0.7544,0.7212,0.2105,0.9379,3.11,0.0384,0.0,amber brown,oblong / elongated
Aseel,grading,grading__Aseel__Small__25__Grade-1.jpg,0.396,12.8,0.631,0.439,15.86,0.347,1,103247,469.5,283.3,1.657,0.765,0.983,0.743,0.797,2.6401,0.8692,0.6914,0.201,0.9299,3.128,0.0536,0.0,amber brown,oblong / elongated
Aseel,grading,grading__Aseel__Small__29__Grade-1.jpg,0.413,8.3,0.551,0.403,15.12,0.365,1,107728,458.0,303.1,1.511,0.779,0.985,0.717,0.75,2.506,0.8174,0.7082,0.1943,0.9147,3.133,0.0524,0.0,dark red-brown,oval
Aseel,grading,grading__Aseel__Small__30__Grade-1.jpg,0.389,16.2,0.607,0.524,15.98,0.345,1,101451,467.7,277.5,1.686,0.736,0.982,0.792,0.805,3.1824,0.9797,0.6611,0.1507,0.909,3.133,0.0646,0.0001,amber brown,oblong / elongated
Aseel,grading,grading__Aseel__Small__31__Grade-1.jpg,0.346,15.4,0.634,0.504,15.81,0.348,1,90093,474.4,245.7,1.931,0.712,0.976,0.739,0.855,3.1078,0.9775,0.6618,0.1618,0.8921,3.133,0.066,0.0,amber brown,oblong / elongated
Aseel,grading,grading__Aseel__Small__34__Grade-1.jpg,0.395,15.3,0.613,0.462,12.76,0.427,1,102974,461.0,285.2,1.616,0.778,0.987,0.761,0.786,2.0215,0.7346,0.7245,0.1934,0.91,3.121,0.0351,0.0,amber brown,oblong / elongated
Aseel,grading,grading__Aseel__Small__39__Grade-1.jpg,0.423,13.8,0.554,0.424,14.38,0.383,1,110313,460.2,306.4,1.502,0.768,0.988,0.749,0.746,2.4987,0.8445,0.6943,0.1815,0.9277,3.116,0.0465,0.0,amber brown,oval
Aseel,grading,grading__Aseel__Small__43__Grade-1.jpg,0.345,12.4,0.564,0.442,14.72,0.375,1,89839,469.0,245.1,1.914,0.729,0.984,0.802,0.853,4.7011,1.2395,0.6103,0.1487,0.8711,3.1,0.0945,0.0001,amber brown,oblong / elongated
Aseel,grading,grading__Aseel__Small__44__Grade-1.jpg,0.378,11.4,0.614,0.433,13.88,0.397,1,98632,457.6,275.6,1.66,0.779,0.988,0.788,0.798,2.6515,0.7871,0.7232,0.2006,0.9089,3.149,0.0381,0.0,dark red-brown,oblong / elongated
Aseel,grading,grading__Aseel__Small__45__Grade-1.jpg,0.386,10.2,0.595,0.459,15.23,0.362,1,100718,458.8,281.5,1.63,0.782,0.986,0.755,0.79,3.8531,1.0424,0.6611,0.1869,0.8756,3.104,0.0733,0.0003,reddish brown,oblong / elongated
Aseel,grading,grading__Aseel__Small__46__Grade-1.jpg,0.377,9.4,0.655,0.4,12.18,0.444,1,98295,452.1,278.2,1.625,0.774,0.981,0.745,0.788,2.8105,0.8229,0.7167,0.2278,0.8778,3.123,0.0392,0.0,dark red-brown,oblong / elongated
Aseel,grading,grading__Aseel__Small__4__Grade-1.jpg,0.362,12.4,0.533,0.347,12.35,0.439,1,94397,497.8,247.9,2.008,0.758,0.977,0.827,0.867,2.8311,0.8948,0.6909,0.1975,0.8734,3.146,0.0593,0.0,dark brown,oblong / elongated
Aseel,grading,grading__Aseel__Small__52__Grade-1.jpg,0.389,12.8,0.655,0.427,13.0,0.42,1,101496,459.5,284.0,1.618,0.766,0.983,0.756,0.786,1.7077,0.6815,0.7344,0.2158,0.9246,3.132,0.0289,0.0,amber brown,oblong / elongated
Aseel,grading,grading__Aseel__Small__54__Grade-1.jpg,0.41,14.3,0.583,0.404,14.54,0.379,1,106851,471.7,289.5,1.629,0.767,0.984,0.739,0.79,3.5751,1.0542,0.645,0.1678,0.8896,3.088,0.0723,0.0,amber brown,oblong / elongated
Aseel,grading,grading__Aseel__Small__65__Grade-1.jpg,0.393,15.9,0.606,0.426,15.29,0.361,1,102334,464.6,281.4,1.651,0.77,0.983,0.757,0.796,2.7541,0.8882,0.6829,0.1687,0.9198,3.117,0.0511,0.0,amber brown,oblong / elongated
Aseel,grading,grading__Aseel__Small__69__Grade-1.jpg,0.368,12.9,0.599,0.413,15.94,0.346,1,95883,470.8,260.5,1.807,0.749,0.985,0.785,0.833,2.7275,0.8947,0.6824,0.1772,0.9148,3.097,0.0536,0.0,amber brown,oblong / elongated
Aseel,grading,grading__Aseel__Small__77__Grade-1.jpg,0.39,17.1,0.652,0.532,15.2,0.363,1,101690,463.6,281.2,1.649,0.752,0.979,0.771,0.795,3.1657,1.0157,0.6454,0.1554,0.8899,3.098,0.0704,0.0,amber brown,oblong / elongated
Aseel,grading,grading__Aseel__Small__84__Grade-1.jpg,0.389,10.8,0.555,0.362,14.61,0.377,1,101528,458.0,283.7,1.615,0.783,0.985,0.79,0.785,2.9766,0.9382,0.6722,0.1711,0.9146,3.124,0.0651,0.0,dark red-brown,oblong / elongated
Aseel,grading,grading__Aseel__Small__85__Grade-1.jpg,0.407,14.3,0.613,0.471,15.8,0.349,1,106073,483.9,280.8,1.723,0.764,0.986,0.806,0.814,2.0661,0.7532,0.718,0.1865,0.9256,3.127,0.0353,0.0,amber brown,oblong / elongated
Aseel,grading,grading__Aseel__Small__94__Grade-1.jpg,0.39,15.4,0.626,0.479,15.68,0.352,1,101618,480.1,272.0,1.765,0.732,0.986,0.788,0.824,3.4131,1.0324,0.6492,0.1744,0.8912,3.087,0.069,0.0001,amber brown,oblong / elongated
Aseel,grading,grading__Aseel__Small__97__Grade-1.jpg,0.396,12.6,0.654,0.408,12.97,0.421,1,103130,455.2,288.8,1.576,0.79,0.99,0.765,0.773,1.8525,0.6436,0.7577,0.2204,0.9197,3.124,0.023,0.0,amber brown,oval
Aseel,grading,grading__Aseel__Small__98__Grade-1.jpg,0.367,11.4,0.675,0.388,13.97,0.394,1,95553,478.8,256.9,1.864,0.743,0.982,0.778,0.844,2.0405,0.6786,0.7498,0.2254,0.9286,3.122,0.029,0.0,dark red-brown,oblong / elongated
Fasli Toto,grading,grading__Fasli-Toto__Large__100__Grade-1.jpg,0.487,23.0,0.672,0.462,14.57,0.379,1,126969,455.4,357.2,1.275,0.772,0.982,0.764,0.62,1.4721,0.6003,0.7607,0.1947,0.9476,3.127,0.0181,0.0,amber brown,oval
Fasli Toto,grading,grading__Fasli-Toto__Large__101__Grade-1.jpg,0.413,22.7,0.612,0.458,16.85,0.325,1,107712,474.7,290.0,1.637,0.745,0.986,0.762,0.792,2.1531,0.7618,0.7179,0.1588,0.9503,3.132,0.043,0.0,amber brown,oblong / elongated
Fasli Toto,grading,grading__Fasli-Toto__Large__103__Grade-1.jpg,0.456,22.7,0.69,0.457,12.37,0.438,1,118825,481.0,316.2,1.521,0.79,0.986,0.798,0.754,2.3631,0.7962,0.7094,0.1946,0.8775,3.154,0.0414,0.0001,amber brown,oval
Fasli Toto,grading,grading__Fasli-Toto__Large__104__Grade-1.jpg,0.498,23.8,0.664,0.452,12.66,0.43,1,129912,472.3,355.6,1.328,0.71,0.957,0.756,0.658,1.4199,0.6128,0.7536,0.1973,0.9419,3.113,0.0222,0.0,amber brown,oval
Fasli Toto,grading,grading__Fasli-Toto__Large__116__Grade-1.jpg,0.407,23.2,0.681,0.455,12.92,0.423,1,106110,489.7,282.8,1.732,0.701,0.968,0.796,0.816,1.4848,0.6416,0.7417,0.2072,0.9375,3.238,0.0214,0.0,amber brown,oblong / elongated
Fasli Toto,grading,grading__Fasli-Toto__Large__118__Grade-1.jpg,0.496,22.8,0.695,0.444,10.61,0.493,1,129471,486.2,345.3,1.408,0.776,0.976,0.81,0.704,1.5172,0.6142,0.7567,0.2162,0.9048,3.13,0.0217,0.0,amber brown,oval
Fasli Toto,grading,grading__Fasli-Toto__Large__121__Grade-1.jpg,0.399,18.0,0.59,0.386,15.09,0.366,1,104068,484.2,278.0,1.742,0.723,0.976,0.764,0.819,3.2318,0.9336,0.6834,0.1697,0.9178,3.133,0.0631,0.0002,dark brown,oblong / elongated
Fasli Toto,grading,grading__Fasli-Toto__Large__122__Grade-1.jpg,0.431,17.3,0.636,0.377,13.54,0.406,1,112309,480.0,300.3,1.598,0.772,0.988,0.782,0.78,2.1792,0.7258,0.7347,0.2085,0.9258,3.098,0.0353,0.0,dark brown,oval
Fasli Toto,grading,grading__Fasli-Toto__Large__124__Grade-1.jpg,0.459,18.5,0.652,0.386,13.09,0.418,1,119663,490.9,319.1,1.539,0.767,0.975,0.856,0.76,2.0531,0.7212,0.7327,0.1951,0.9185,3.109,0.0326,0.0,dark brown,oval
Fasli Toto,grading,grading__Fasli-Toto__Large__126__Grade-1.jpg,0.424,20.3,0.648,0.429,14.05,0.392,1,110523,473.9,301.2,1.574,0.711,0.965,0.76,0.772,2.4192,0.8018,0.71,0.1861,0.9287,3.156,0.0431,0.0,amber brown,oval
Fasli Toto,grading,grading__Fasli-Toto__Large__127__Grade-1.jpg,0.39,22.7,0.667,0.466,12.11,0.446,1,101617,472.5,275.1,1.718,0.72,0.978,0.771,0.813,2.5052,0.8156,0.7063,0.2081,0.8833,3.161,0.0457,0.0,amber brown,oblong / elongated
Fasli Toto,grading,grading__Fasli-Toto__Large__128__Grade-1.jpg,0.388,20.4,0.658,0.402,14.2,0.388,1,101243,497.2,263.1,1.89,0.716,0.971,0.788,0.848,2.3329,0.7409,0.7336,0.1935,0.9243,3.126,0.0347,0.0,amber brown,oblong / elongated
Fasli Toto,grading,grading__Fasli-Toto__Large__136__Grade-1.jpg,0.442,19.1,0.552,0.395,13.14,0.417,1,115361,505.7,295.9,1.709,0.764,0.978,0.693,0.811,1.9784,0.7384,0.7197,0.1846,0.9284,3.104,0.0359,0.0,dark brown,oblong / elongated
Fasli Toto,grading,grading__Fasli-Toto__Large__139__Grade-1.jpg,0.45,19.9,0.635,0.41,13.76,0.4,1,117488,488.4,307.4,1.589,0.786,0.987,0.791,0.777,2.2741,0.7598,0.7228,0.184,0.9121,3.164,0.0357,0.0,amber brown,oval
Fasli Toto,grading,grading__Fasli-Toto__Large__141__Grade-1.jpg,0.405,19.2,0.628,0.412,14.0,0.393,1,105602,486.1,280.1,1.736,0.711,0.975,0.798,0.817,2.9955,0.9269,0.6785,0.1879,0.8941,3.136,0.0569,0.0,amber brown,oblong / elongated
Fasli Toto,grading,grading__Fasli-Toto__Large__144__Grade-1.jpg,0.467,16.2,0.653,0.391,12.19,0.444,1,121747,465.0,336.2,1.383,0.758,0.984,0.769,0.691,2.204,0.7518,0.7231,0.2079,0.9088,3.112,0.0362,0.0,dark brown,oval
Fasli Toto,grading,grading__Fasli-Toto__Large__145__Grade-1.jpg,0.425,18.0,0.589,0.392,14.2,0.388,1,110762,456.8,310.6,1.471,0.785,0.983,0.754,0.733,2.7538,0.8687,0.6916,0.176,0.9129,3.122,0.0506,0.0,dark brown,oval
Fasli Toto,grading,grading__Fasli-Toto__Large__147__Grade-1.jpg,0.457,14.4,0.6,0.363,14.59,0.378,1,119292,459.3,333.7,1.376,0.753,0.981,0.761,0.687,2.2923,0.7658,0.7235,0.2167,0.9431,3.123,0.0448,0.0,dark brown,oval
Fasli Toto,grading,grading__Fasli-Toto__Large__149__Grade-1.jpg,0.333,20.1,0.627,0.435,12.23,0.442,1,86643,460.6,246.4,1.87,0.6,0.948,0.73,0.845,2.2547,0.7958,0.7045,0.1948,0.9023,3.148,0.0346,0.0,amber brown,oblong / elongated
Fasli Toto,grading,grading__Fasli-Toto__Large__152__Grade-1.jpg,0.438,23.4,0.613,0.515,13.73,0.4,1,114206,516.2,286.1,1.804,0.717,0.979,0.627,0.832,1.9373,0.7453,0.7135,0.2042,0.9098,3.132,0.0385,0.0,amber brown,oblong / elongated
Fasli Toto,grading,grading__Fasli-Toto__Large__15__Grade-1.jpg,0.466,19.2,0.634,0.401,13.56,0.405,1,121583,478.5,326.2,1.467,0.754,0.974,0.773,0.732,1.9401,0.707,0.7348,0.2014,0.9317,3.118,0.041,0.0,amber brown,oval
Fasli Toto,grading,grading__Fasli-Toto__Large__19__Grade-1.jpg,0.465,18.4,0.617,0.406,14.26,0.387,1,121194,480.2,324.4,1.48,0.751,0.976,0.773,0.737,1.6374,0.6186,0.7619,0.2123,0.9492,3.07,0.0247,0.0002,amber brown,oval
Fasli Toto,grading,grading__Fasli-Toto__Large__20__Grade-1.jpg,0.422,18.0,0.701,0.412,14.58,0.378,1,110098,494.0,291.1,1.697,0.731,0.966,0.754,0.808,1.8769,0.6737,0.7471,0.2105,0.9464,3.113,0.0304,0.0,amber brown,oblong / elongated
Fasli Toto,grading,grading__Fasli-Toto__Large__22__Grade-1.jpg,0.358,18.3,0.687,0.401,13.67,0.402,1,93374,460.5,261.4,1.762,0.766,0.986,0.765,0.823,2.7037,0.8143,0.7176,0.2064,0.8923,3.136,0.0427,0.0007,amber brown,oblong / elongated
Fasli Toto,grading,grading__Fasli-Toto__Large__23__Grade-1.jpg,0.329,18.1,0.673,0.402,14.59,0.378,1,85806,433.0,255.9,1.692,0.653,0.964,0.748,0.807,2.5198,0.7955,0.7191,0.201,0.9248,3.155,0.0407,0.0007,amber brown,oblong / elongated
Fasli Toto,grading,grading__Fasli-Toto__Large__24__Grade-1.jpg,0.433,18.5,0.651,0.395,15.4,0.358,1,112895,479.8,301.5,1.591,0.795,0.989,0.779,0.778,1.8856,0.6811,0.744,0.1972,0.9407,3.107,0.0283,0.0001,dark brown,oval
Fasli Toto,grading,grading__Fasli-Toto__Large__25__Grade-1.jpg,0.431,19.6,0.685,0.425,13.46,0.408,1,112296,476.1,303.5,1.569,0.801,0.99,0.819,0.77,2.4536,0.8004,0.7129,0.1953,0.9165,3.118,0.0474,0.0002,amber brown,oval
Fasli Toto,grading,grading__Fasli-Toto__Large__26__Grade-1.jpg,0.405,20.9,0.668,0.476,14.34,0.384,1,105578,458.7,296.6,1.547,0.668,0.971,0.753,0.763,2.1659,0.7493,0.721,0.1819,0.9206,3.098,0.0343,0.0001,amber brown,oval
Fasli Toto,grading,grading__Fasli-Toto__Large__2__Grade-1.jpg,0.429,23.0,0.679,0.482,14.56,0.379,1,111757,480.3,299.3,1.605,0.774,0.982,0.809,0.782,1.7217,0.6596,0.7465,0.1879,0.9306,3.097,0.0237,0.0,amber brown,oblong / elongated
Fasli Toto,grading,grading__Fasli-Toto__Large__32__Grade-1.jpg,0.457,19.2,0.656,0.429,14.51,0.38,1,119164,486.0,314.4,1.546,0.797,0.99,0.722,0.763,1.1626,0.5312,0.781,0.2169,0.9589,3.075,0.0134,0.0,amber brown,oval
Fasli Toto,grading,grading__Fasli-Toto__Large__34__Grade-1.jpg,0.434,17.8,0.637,0.403,13.82,0.398,1,113265,477.6,303.7,1.572,0.772,0.985,0.824,0.772,3.323,0.9425,0.6835,0.1772,0.8971,3.114,0.0598,0.0007,amber brown,oval
Fasli Toto,grading,grading__Fasli-Toto__Large__37__Grade-1.jpg,0.344,19.7,0.632,0.423,15.77,0.349,1,89739,412.5,277.9,1.484,0.76,0.985,0.774,0.739,2.6994,0.853,0.698,0.1836,0.9398,3.173,0.0555,0.0,amber brown,oval
Fasli Toto,grading,grading__Fasli-Toto__Large__39__Grade-1.jpg,0.452,19.5,0.688,0.426,11.93,0.451,1,117769,465.6,323.3,1.44,0.785,0.985,0.771,0.72,1.7333,0.6686,0.7416,0.2283,0.9229,3.144,0.0314,0.0001,amber brown,oval
Fasli Toto,grading,grading__Fasli-Toto__Large__43__Grade-1.jpg,0.439,19.7,0.633,0.436,16.28,0.338,1,114447,466.3,314.8,1.481,0.67,0.967,0.75,0.738,2.8475,0.8401,0.708,0.1796,0.9302,3.16,0.049,0.0001,amber brown,oval
Fasli Toto,grading,grading__Fasli-Toto__Large__45__Grade-1.jpg,0.387,26.2,0.704,0.539,14.47,0.381,1,101029,461.8,280.2,1.648,0.787,0.988,0.768,0.795,2.5525,0.8396,0.6986,0.1903,0.8874,3.151,0.0531,0.0004,golden brown,oblong / elongated
Fasli Toto,grading,grading__Fasli-Toto__Large__48__Grade-1.jpg,0.449,19.0,0.65,0.388,16.02,0.344,1,116994,468.9,321.0,1.461,0.793,0.981,0.769,0.729,3.1423,0.8947,0.6996,0.1879,0.9169,3.118,0.0576,0.0,dark brown,oval
Fasli Toto,grading,grading__Fasli-Toto__Large__4__Grade-1.jpg,0.379,19.3,0.721,0.456,12.44,0.436,1,98715,496.9,257.8,1.928,0.755,0.986,0.822,0.855,2.4218,0.7945,0.714,0.2149,0.8491,3.093,0.0377,0.0,amber brown,oblong / elongated
Fasli Toto,grading,grading__Fasli-Toto__Large__52__Grade-1.jpg,0.442,20.4,0.644,0.403,15.69,0.351,1,115229,476.4,310.7,1.533,0.762,0.985,0.798,0.758,3.3769,0.9481,0.6848,0.1756,0.9161,3.152,0.0698,0.0,amber brown,oval
Fasli Toto,grading,grading__Fasli-Toto__Large__53__Grade-1.jpg,0.385,17.3,0.66,0.342,12.76,0.427,1,100463,486.5,266.4,1.826,0.718,0.971,0.778,0.837,2.5201,0.7958,0.7203,0.2289,0.9047,3.13,0.0499,0.0,dark brown,oblong / elongated
Fasli Toto,grading,grading__Fasli-Toto__Large__57__Grade-1.jpg,0.394,19.4,0.602,0.406,14.72,0.375,1,102662,457.8,289.5,1.581,0.742,0.977,0.738,0.775,2.5433,0.8275,0.7023,0.1822,0.9245,3.128,0.046,0.0001,amber brown,oval
Fasli Toto,grading,grading__Fasli-Toto__Large__59__Grade-1.jpg,0.362,22.9,0.622,0.47,14.53,0.38,1,94218,488.2,250.3,1.951,0.677,0.974,0.727,0.859,2.7002,0.8798,0.6846,0.1636,0.9121,3.146,0.0465,0.0,amber brown,oblong / elongated
Fasli Toto,grading,grading__Fasli-Toto__Large__65__Grade-1.jpg,0.452,18.7,0.647,0.421,14.0,0.393,1,117917,463.2,325.3,1.424,0.78,0.987,0.791,0.712,1.4544,0.6037,0.7601,0.2207,0.9497,3.148,0.0231,0.0,amber brown,oval
Fasli Toto,grading,grading__Fasli-Toto__Large__67__Grade-1.jpg,0.458,19.6,0.661,0.433,12.24,0.442,1,119461,465.5,329.2,1.414,0.692,0.971,0.782,0.707,1.401,0.5725,0.7715,0.2158,0.9419,3.158,0.0183,0.0001,amber brown,oval
Fasli Toto,grading,grading__Fasli-Toto__Large__68__Grade-1.jpg,0.42,23.0,0.673,0.445,12.19,0.444,1,109473,491.7,291.4,1.687,0.662,0.961,0.811,0.805,1.8311,0.667,0.7453,0.2129,0.9202,3.121,0.0254,0.0001,amber brown,oblong / elongated
Fasli Toto,grading,grading__Fasli-Toto__Large__70__Grade-1.jpg,0.4,23.4,0.677,0.506,12.75,0.427,1,104147,503.0,270.5,1.859,0.74,0.975,0.843,0.843,2.1041,0.712,0.7357,0.1988,0.8903,3.132,0.026,0.0,amber brown,oblong / elongated
Fasli Toto,grading,grading__Fasli-Toto__Large__74__Grade-1.jpg,0.399,18.2,0.642,0.43,11.45,0.466,1,103941,493.9,272.7,1.811,0.771,0.984,0.83,0.834,1.7814,0.6864,0.7351,0.2139,0.9077,3.129,0.0265,0.0,amber brown,oblong / elongated
Fasli Toto,grading,grading__Fasli-Toto__Large__76__Grade-1.jpg,0.429,20.3,0.659,0.435,12.75,0.427,1,111715,478.0,308.3,1.55,0.725,0.968,0.815,0.764,2.3025,0.769,0.7176,0.1956,0.8871,3.125,0.0363,0.0,amber brown,oval
Fasli Toto,grading,grading__Fasli-Toto__Large__79__Grade-1.jpg,0.442,21.1,0.67,0.437,12.31,0.44,1,115143,483.0,305.9,1.579,0.793,0.989,0.792,0.774,1.6522,0.6595,0.7407,0.2071,0.9229,3.16,0.0253,0.0,amber brown,oval
Fasli Toto,grading,grading__Fasli-Toto__Large__84__Grade-1.jpg,0.416,19.5,0.596,0.404,14.71,0.375,1,108431,469.9,297.9,1.577,0.73,0.973,0.755,0.773,2.6827,0.8348,0.7062,0.1698,0.9249,3.112,0.0482,0.0,amber brown,oval
Fasli Toto,grading,grading__Fasli-Toto__Large__85__Grade-1.jpg,0.404,21.7,0.645,0.445,14.68,0.376,1,105220,481.7,282.0,1.708,0.662,0.968,0.773,0.811,1.6307,0.6445,0.7464,0.181,0.954,3.157,0.0222,0.0,amber brown,oblong / elongated
Fasli Toto,grading,grading__Fasli-Toto__Large__88__Grade-1.jpg,0.451,19.3,0.647,0.424,13.63,0.403,1,117698,463.5,325.2,1.425,0.768,0.983,0.775,0.713,1.8336,0.6726,0.7417,0.2087,0.9363,3.119,0.0274,0.0,amber brown,oval
Fasli Toto,grading,grading__Fasli-Toto__Large__91__Grade-1.jpg,0.432,19.1,0.644,0.42,12.71,0.429,1,112707,459.6,314.3,1.462,0.78,0.982,0.771,0.73,1.7243,0.6639,0.7418,0.2127,0.9247,3.117,0.0255,0.0,amber brown,oval
Fasli Toto,grading,grading__Fasli-Toto__Large__92__Grade-1.jpg,0.401,17.6,0.605,0.387,17.22,0.317,1,104670,456.6,295.4,1.546,0.712,0.962,0.731,0.762,1.735,0.6535,0.7488,0.1856,0.9551,3.17,0.0277,0.0,dark brown,oval
Fasli Toto,grading,grading__Fasli-Toto__Large__98__Grade-1.jpg,0.463,19.6,0.643,0.433,14.19,0.388,1,120901,460.0,336.6,1.367,0.775,0.982,0.759,0.682,1.8831,0.688,0.7396,0.187,0.9396,3.166,0.0312,0.0,amber brown,oval
Fasli Toto,grading,grading__Fasli-Toto__Large__9__Grade-1.jpg,0.44,20.1,0.669,0.414,15.46,0.357,1,114688,479.3,309.1,1.55,0.763,0.978,0.808,0.764,2.1175,0.7408,0.7262,0.1783,0.9312,3.097,0.0374,0.0,amber brown,oval
Fasli Toto,grading,grading__Fasli-Toto__Medium__101__Grade-1.jpg,0.363,21.7,0.651,0.473,14.9,0.37,1,94471,457.9,267.9,1.709,0.608,0.956,0.74,0.811,2.1642,0.7665,0.7153,0.1944,0.9284,3.115,0.0353,0.0,amber brown,oblong / elongated
Fasli Toto,grading,grading__Fasli-Toto__Medium__104__Grade-1.jpg,0.461,19.3,0.632,0.449,13.38,0.41,1,120232,467.6,329.1,1.421,0.819,0.99,0.834,0.711,2.1882,0.8173,0.6947,0.1888,0.9224,3.025,0.0498,0.0,amber brown,oval
Fasli Toto,grading,grading__Fasli-Toto__Medium__10__Grade-1.jpg,0.423,16.8,0.695,0.424,12.96,0.421,1,110212,476.8,298.2,1.599,0.764,0.978,0.828,0.78,1.6167,0.5909,0.7742,0.2442,0.9354,3.111,0.0189,0.0,amber brown,oval
Fasli Toto,grading,grading__Fasli-Toto__Medium__111__Grade-1.jpg,0.39,18.0,0.627,0.416,16.32,0.337,1,101747,441.3,304.3,1.45,0.695,0.96,0.685,0.724,2.4006,0.8017,0.7117,0.1884,0.9409,3.105,0.0488,0.0001,amber brown,oval
Fasli Toto,grading,grading__Fasli-Toto__Medium__113__Grade-1.jpg,0.408,16.2,0.54,0.393,14.88,0.371,1,106351,461.0,298.5,1.544,0.721,0.986,0.748,0.762,2.3159,0.7832,0.7156,0.1916,0.9291,3.067,0.046,0.0,dark brown,oval
Fasli Toto,grading,grading__Fasli-Toto__Medium__115__Grade-1.jpg,0.376,15.7,0.623,0.388,13.61,0.404,1,98015,448.1,280.7,1.597,0.767,0.984,0.805,0.78,1.4406,0.5988,0.7621,0.2109,0.9467,3.045,0.0192,0.0,dark brown,oval
Fasli Toto,grading,grading__Fasli-Toto__Medium__116__Grade-1.jpg,0.399,15.1,0.603,0.362,14.14,0.39,1,103976,485.8,277.1,1.753,0.735,0.98,0.811,0.821,2.1208,0.7018,0.7449,0.2213,0.9327,3.072,0.0323,0.0004,dark brown,oblong / elongated
Fasli Toto,grading,grading__Fasli-Toto__Medium__117__Grade-1.jpg,0.422,15.4,0.655,0.422,11.6,0.462,1,109993,470.4,301.3,1.562,0.745,0.977,0.775,0.768,1.571,0.618,0.7599,0.2387,0.9273,3.078,0.0252,0.0,amber brown,oval
Fasli Toto,grading,grading__Fasli-Toto__Medium__118__Grade-1.jpg,0.411,17.6,0.662,0.437,13.82,0.398,1,107015,450.1,308.0,1.462,0.679,0.962,0.806,0.729,2.1836,0.7492,0.7254,0.2144,0.9323,3.088,0.0419,0.0,amber brown,oval
Fasli Toto,grading,grading__Fasli-Toto__Medium__119__Grade-1.jpg,0.391,20.2,0.695,0.446,13.65,0.403,1,101851,448.6,290.0,1.547,0.77,0.987,0.794,0.763,1.5966,0.6201,0.7586,0.2173,0.9396,3.105,0.0258,0.0,amber brown,oval
Fasli Toto,grading,grading__Fasli-Toto__Medium__124__Grade-1.jpg,0.412,20.9,0.637,0.493,14.05,0.392,1,107472,460.8,298.1,1.546,0.719,0.976,0.764,0.763,1.5629,0.6557,0.74,0.1881,0.9426,3.095,0.0288,0.0,amber brown,oval
Fasli Toto,grading,grading__Fasli-Toto__Medium__127__Grade-1.jpg,0.352,19.7,0.63,0.434,15.02,0.367,1,91595,465.3,253.9,1.833,0.677,0.971,0.759,0.838,2.6459,0.8678,0.6916,0.1719,0.916,3.094,0.0536,0.0,amber brown,oblong / elongated
Fasli Toto,grading,grading__Fasli-Toto__Medium__12__Grade-1.jpg,0.384,16.3,0.627,0.431,13.48,0.407,1,99976,472.5,273.1,1.73,0.773,0.988,0.841,0.816,2.7738,0.844,0.7058,0.2226,0.9023,3.099,0.0478,0.0,amber brown,oblong / elongated
Fasli Toto,grading,grading__Fasli-Toto__Medium__132__Grade-1.jpg,0.404,19.4,0.609,0.427,13.96,0.394,1,105267,426.8,315.8,1.352,0.794,0.986,0.796,0.673,1.4748,0.6177,0.7563,0.2203,0.9515,3.066,0.0281,0.0002,amber brown,oval
Fasli Toto,grading,grading__Fasli-Toto__Medium__133__Grade-1.jpg,0.395,20.1,0.629,0.452,13.99,0.394,1,103077,443.4,301.6,1.47,0.731,0.98,0.739,0.733,1.8261,0.6755,0.7447,0.2062,0.9395,3.082,0.0301,0.0,amber brown,oval
Fasli Toto,grading,grading__Fasli-Toto__Medium__136__Grade-1.jpg,0.42,13.9,0.675,0.371,13.66,0.402,1,109427,473.5,299.9,1.579,0.648,0.952,0.755,0.774,1.894,0.664,0.7549,0.2332,0.9387,3.074,0.0332,0.0,dark brown,oval
Fasli Toto,grading,grading__Fasli-Toto__Medium__141__Grade-1.jpg,0.41,20.1,0.674,0.474,11.57,0.463,1,106927,489.7,280.6,1.745,0.752,0.985,0.759,0.82,1.4427,0.5789,0.7703,0.2343,0.9283,3.114,0.0126,0.0,amber brown,oblong / elongated
Fasli Toto,grading,grading__Fasli-Toto__Medium__144__Grade-1.jpg,0.459,21.5,0.693,0.433,15.13,0.365,1,119799,460.6,332.1,1.387,0.715,0.982,0.759,0.693,2.3918,0.7907,0.7148,0.178,0.9296,3.072,0.0421,0.0006,amber brown,oval
Fasli Toto,grading,grading__Fasli-Toto__Medium__145__Grade-1.jpg,0.404,21.0,0.692,0.494,15.42,0.358,1,105332,479.1,285.0,1.681,0.686,0.967,0.754,0.804,1.3246,0.6016,0.7552,0.1974,0.9545,3.121,0.0201,0.0,amber brown,oblong / elongated
Fasli Toto,grading,grading__Fasli-Toto__Medium__146__Grade-1.jpg,0.48,21.2,0.61,0.417,16.85,0.325,1,125122,478.3,340.5,1.405,0.726,0.972,0.814,0.702,1.6536,0.6525,0.7455,0.1705,0.9609,3.109,0.0303,0.0,amber brown,oval
Fasli Toto,grading,grading__Fasli-Toto__Medium__150__Grade-1.jpg,0.4,18.3,0.657,0.424,13.14,0.417,1,104198,460.4,290.5,1.585,0.78,0.989,0.79,0.776,1.6821,0.6536,0.7484,0.2271,0.9326,3.092,0.0277,0.0,amber brown,oval
Fasli Toto,grading,grading__Fasli-Toto__Medium__15__Grade-1.jpg,0.354,19.6,0.616,0.44,15.71,0.351,1,92220,453.8,262.2,1.731,0.747,0.983,0.802,0.816,2.5077,0.807,0.7146,0.1997,0.9331,3.044,0.0458,0.0003,amber brown,oblong / elongated
Fasli Toto,grading,grading__Fasli-Toto__Medium__16__Grade-1.jpg,0.436,18.6,0.705,0.457,15.53,0.355,1,113675,454.6,326.0,1.395,0.667,0.954,0.753,0.697,2.0546,0.694,0.7447,0.1889,0.9455,3.09,0.0353,0.0008,amber brown,oval
Fasli Toto,grading,grading__Fasli-Toto__Medium__21__Grade-1.jpg,0.273,20.9,0.634,0.487,14.31,0.385,1,71171,369.1,250.9,1.471,0.67,0.964,0.713,0.733,2.8607,0.8935,0.6881,0.174,0.898,3.169,0.0549,0.0,amber brown,oval
Fasli Toto,grading,grading__Fasli-Toto__Medium__24__Grade-1.jpg,0.344,19.1,0.656,0.426,14.63,0.377,1,89753,437.4,264.8,1.652,0.696,0.968,0.716,0.796,1.8834,0.6968,0.7359,0.197,0.9391,3.119,0.0301,0.0001,amber brown,oblong / elongated
Fasli Toto,grading,grading__Fasli-Toto__Medium__25__Grade-1.jpg,0.443,19.0,0.622,0.418,14.74,0.374,1,115537,446.1,335.6,1.329,0.649,0.962,0.744,0.659,1.5342,0.6349,0.7498,0.2011,0.9536,3.073,0.0261,0.0,amber brown,oval
Fasli Toto,grading,grading__Fasli-Toto__Medium__29__Grade-1.jpg,0.41,19.7,0.647,0.434,11.09,0.477,1,106996,461.6,295.9,1.56,0.746,0.982,0.772,0.767,1.6254,0.61,0.7663,0.2405,0.925,3.078,0.0265,0.0002,amber brown,oval
Fasli Toto,grading,grading__Fasli-Toto__Medium__30__Grade-1.jpg,0.388,20.4,0.67,0.452,12.19,0.444,1,101190,476.8,274.9,1.734,0.691,0.972,0.808,0.817,2.0492,0.7148,0.7381,0.2235,0.9096,3.052,0.036,0.0,amber brown,oblong / elongated
Fasli Toto,grading,grading__Fasli-Toto__Medium__32__Grade-1.jpg,0.439,22.6,0.677,0.462,12.36,0.439,1,114360,464.1,316.2,1.468,0.766,0.98,0.793,0.732,1.4323,0.6022,0.7606,0.2233,0.9288,3.118,0.0255,0.0,amber brown,oval
Fasli Toto,grading,grading__Fasli-Toto__Medium__33__Grade-1.jpg,0.419,15.4,0.643,0.385,13.42,0.409,1,109255,450.6,311.1,1.448,0.757,0.983,0.769,0.723,2.7336,0.861,0.6991,0.1925,0.9084,3.025,0.056,0.0,dark brown,oval
Fasli Toto,grading,grading__Fasli-Toto__Medium__36__Grade-1.jpg,0.532,18.0,0.595,0.393,14.16,0.389,1,138853,490.9,360.7,1.361,0.77,0.986,0.779,0.678,1.2535,0.5613,0.7748,0.2286,0.9586,3.038,0.0279,0.0,dark brown,oval
Fasli Toto,grading,grading__Fasli-Toto__Medium__38__Grade-1.jpg,0.421,16.7,0.639,0.455,12.68,0.429,1,109745,465.3,302.3,1.539,0.762,0.985,0.761,0.76,1.9019,0.6754,0.7505,0.2598,0.9309,3.089,0.0404,0.0,amber brown,oval
Fasli Toto,grading,grading__Fasli-Toto__Medium__39__Grade-1.jpg,0.341,19.4,0.708,0.487,10.78,0.487,1,88979,435.1,264.5,1.645,0.772,0.983,0.79,0.794,2.0026,0.7215,0.7312,0.2341,0.876,3.113,0.0341,0.0,amber brown,oblong / elongated
Fasli Toto,grading,grading__Fasli-Toto__Medium__42__Grade-1.jpg,0.387,17.1,0.676,0.464,12.22,0.443,1,100840,457.0,283.1,1.615,0.783,0.99,0.737,0.785,1.8963,0.6974,0.7374,0.2441,0.9176,3.109,0.0354,0.0,amber brown,oblong / elongated
Fasli Toto,grading,grading__Fasli-Toto__Medium__44__Grade-1.jpg,0.417,20.7,0.679,0.454,14.48,0.381,1,108728,455.4,306.9,1.484,0.687,0.975,0.747,0.739,1.3602,0.5856,0.7632,0.1969,0.9489,3.086,0.0181,0.0002,amber brown,oval
Fasli Toto,grading,grading__Fasli-Toto__Medium__49__Grade-1.jpg,0.409,16.5,0.586,0.385,16.85,0.325,1,106714,464.6,295.5,1.572,0.728,0.969,0.777,0.772,2.2745,0.7836,0.716,0.1819,0.9474,3.059,0.0514,0.0,dark brown,oval
Fasli Toto,grading,grading__Fasli-Toto__Medium__4__Grade-1.jpg,0.445,20.5,0.677,0.445,13.14,0.416,1,115919,477.4,312.3,1.529,0.731,0.979,0.759,0.756,1.5121,0.5982,0.7674,0.2256,0.9332,3.062,0.023,0.0,amber brown,oval
Fasli Toto,grading,grading__Fasli-Toto__Medium__50__Grade-1.jpg,0.424,16.3,0.619,0.397,14.87,0.371,1,110623,469.3,305.6,1.535,0.664,0.966,0.768,0.759,1.8322,0.7029,0.7327,0.1903,0.952,3.037,0.033,0.0005,dark brown,oval
Fasli Toto,grading,grading__Fasli-Toto__Medium__53__Grade-1.jpg,0.436,17.4,0.552,0.386,13.97,0.394,1,113768,463.6,315.6,1.469,0.741,0.975,0.779,0.733,1.4761,0.599,0.7673,0.215,0.958,3.038,0.0314,0.0,dark brown,oval
Fasli Toto,grading,grading__Fasli-Toto__Medium__54__Grade-1.jpg,0.351,20.6,0.583,0.399,13.63,0.403,1,91592,432.5,275.1,1.572,0.706,0.966,0.721,0.772,1.8384,0.7208,0.7224,0.1903,0.9336,3.073,0.033,0.0,dark brown,oval
Fasli Toto,grading,grading__Fasli-Toto__Medium__56__Grade-1.jpg,0.396,20.0,0.658,0.47,14.13,0.39,1,103173,457.9,289.3,1.583,0.701,0.971,0.761,0.775,1.9152,0.7296,0.7213,0.1838,0.9367,3.099,0.035,0.0001,amber brown,oval
Fasli Toto,grading,grading__Fasli-Toto__Medium__57__Grade-1.jpg,0.382,21.4,0.679,0.472,14.3,0.386,1,99577,461.6,279.0,1.654,0.692,0.975,0.784,0.797,2.204,0.7257,0.7371,0.1945,0.9215,3.055,0.0338,0.0001,amber brown,oblong / elongated
Fasli Toto,grading,grading__Fasli-Toto__Medium__58__Grade-1.jpg,0.402,20.9,0.673,0.461,14.35,0.384,1,104832,474.6,287.1,1.653,0.644,0.965,0.77,0.796,1.5535,0.6107,0.7623,0.2102,0.9474,3.117,0.0227,0.0002,amber brown,oblong / elongated
Fasli Toto,grading,grading__Fasli-Toto__Medium__61__Grade-1.jpg,0.459,20.9,0.595,0.42,14.36,0.384,1,119719,462.6,335.2,1.38,0.729,0.973,0.768,0.689,1.0671,0.5267,0.7806,0.2403,0.965,3.005,0.0137,0.0,amber brown,oval
Fasli Toto,grading,grading__Fasli-Toto__Medium__68__Grade-1.jpg,0.408,23.1,0.645,0.511,14.51,0.38,1,106400,462.4,294.8,1.568,0.774,0.987,0.809,0.77,1.289,0.621,0.7422,0.1868,0.9549,3.069,0.0177,0.0004,amber brown,oval
Fasli Toto,grading,grading__Fasli-Toto__Medium__6__Grade-1.jpg,0.331,20.6,0.668,0.444,12.61,0.431,1,86160,452.6,249.3,1.815,0.634,0.959,0.771,0.835,2.9633,0.9375,0.6717,0.1825,0.87,3.116,0.0533,0.0003,amber brown,oblong / elongated
Fasli Toto,grading,grading__Fasli-Toto__Medium__71__Grade-1.jpg,0.448,21.2,0.624,0.468,13.05,0.419,1,116839,453.0,330.7,1.37,0.762,0.984,0.761,0.684,1.4665,0.6509,0.7387,0.2004,0.932,3.077,0.0284,0.0,amber brown,oval
Fasli Toto,grading,grading__Fasli-Toto__Medium__74__Grade-1.jpg,0.389,22.6,0.637,0.465,14.07,0.391,1,101344,429.1,301.5,1.423,0.759,0.984,0.78,0.712,1.2075,0.5594,0.7676,0.1971,0.9543,3.114,0.0168,0.0,amber brown,oval
Fasli Toto,grading,grading__Fasli-Toto__Medium__76__Grade-1.jpg,0.379,18.2,0.529,0.405,14.85,0.372,1,98703,458.1,277.2,1.652,0.713,0.976,0.759,0.796,3.3896,1.0117,0.6568,0.1652,0.886,3.098,0.0701,0.0001,amber brown,oblong / elongated
Fasli Toto,grading,grading__Fasli-Toto__Medium__79__Grade-1.jpg,0.426,19.3,0.66,0.41,13.41,0.409,1,111058,449.5,316.6,1.42,0.759,0.981,0.755,0.71,1.882,0.7165,0.727,0.1931,0.9263,3.068,0.036,0.0,amber brown,oval
Fasli Toto,grading,grading__Fasli-Toto__Medium__80__Grade-1.jpg,0.377,20.0,0.689,0.398,12.96,0.421,1,98171,421.6,299.5,1.408,0.776,0.988,0.796,0.704,2.1976,0.7259,0.7357,0.2033,0.9208,3.095,0.0385,0.0002,dark brown,oval
Fasli Toto,grading,grading__Fasli-Toto__Medium__81__Grade-1.jpg,0.454,19.1,0.642,0.442,15.24,0.362,1,118307,455.6,334.2,1.363,0.7,0.974,0.737,0.68,1.4585,0.6189,0.7548,0.2218,0.9592,3.085,0.0295,0.0003,amber brown,oval
Fasli Toto,grading,grading__Fasli-Toto__Medium__83__Grade-1.jpg,0.416,19.0,0.656,0.442,14.95,0.369,1,108429,454.0,305.0,1.488,0.803,0.989,0.772,0.741,2.2075,0.7901,0.707,0.1767,0.9335,3.093,0.0477,0.0,amber brown,oval
Fasli Toto,grading,grading__Fasli-Toto__Medium__84__Grade-1.jpg,0.399,22.4,0.666,0.446,13.48,0.407,1,104087,466.5,285.8,1.633,0.756,0.985,0.805,0.79,1.9095,0.7365,0.7181,0.1897,0.929,3.112,0.0374,0.0,amber brown,oblong / elongated
Fasli Toto,grading,grading__Fasli-Toto__Medium__87__Grade-1.jpg,0.412,18.7,0.601,0.424,14.47,0.381,1,107394,455.1,306.4,1.485,0.686,0.958,0.748,0.739,2.182,0.7361,0.7333,0.2048,0.9377,3.073,0.0418,0.0003,amber brown,oval
Fasli Toto,grading,grading__Fasli-Toto__Medium__88__Grade-1.jpg,0.402,25.0,0.671,0.495,14.49,0.381,1,104668,451.3,297.7,1.516,0.696,0.971,0.765,0.752,1.6303,0.6544,0.7442,0.1906,0.9456,3.044,0.0288,0.0,golden brown,oval
Fasli Toto,grading,grading__Fasli-Toto__Medium__89__Grade-1.jpg,0.481,20.8,0.647,0.461,12.95,0.422,1,125456,458.7,349.1,1.314,0.798,0.987,0.782,0.649,1.4996,0.6088,0.7608,0.2175,0.9359,3.041,0.0267,0.0006,amber brown,oval
Fasli Toto,grading,grading__Fasli-Toto__Medium__8__Grade-1.jpg,0.392,19.1,0.597,0.432,15.19,0.363,1,102074,468.0,284.0,1.648,0.742,0.977,0.787,0.795,2.2721,0.7504,0.7331,0.2297,0.9371,3.074,0.0463,0.0001,amber brown,oblong / elongated
Fasli Toto,grading,grading__Fasli-Toto__Medium__91__Grade-1.jpg,0.468,20.8,0.664,0.473,13.74,0.4,1,122208,458.3,340.6,1.346,0.78,0.983,0.759,0.669,1.9277,0.7206,0.7266,0.1952,0.9233,3.067,0.0355,0.0006,amber brown,oval
Fasli Toto,grading,grading__Fasli-Toto__Medium__92__Grade-1.jpg,0.442,16.4,0.546,0.402,14.98,0.368,1,115176,458.4,320.6,1.43,0.812,0.992,0.75,0.715,2.6951,0.8265,0.7111,0.1744,0.9224,3.079,0.0517,0.001,amber brown,oval
Fasli Toto,grading,grading__Fasli-Toto__Medium__94__Grade-1.jpg,0.395,19.0,0.636,0.457,14.99,0.368,1,102951,463.6,290.3,1.597,0.709,0.971,0.756,0.78,2.0109,0.7428,0.7218,0.2067,0.9356,3.105,0.0424,0.0006,amber brown,oval
Fasli Toto,grading,grading__Fasli-Toto__Medium__96__Grade-1.jpg,0.351,19.5,0.502,0.453,15.57,0.354,1,91442,460.2,260.4,1.768,0.657,0.975,0.726,0.825,2.0493,0.7937,0.7005,0.1767,0.9401,3.086,0.0488,0.0,amber brown,oblong / elongated
Fasli Toto,grading,grading__Fasli-Toto__Small__19__Grade-1.jpg,0.365,20.8,0.563,0.445,15.67,0.352,1,95088,451.3,277.5,1.627,0.692,0.971,0.719,0.789,2.349,0.7973,0.7138,0.1847,0.931,3.067,0.0512,0.0009,amber brown,oblong / elongated
Fasli Toto,grading,grading__Fasli-Toto__Small__20__Grade-1.jpg,0.451,21.8,0.63,0.466,13.98,0.394,1,117695,470.0,321.9,1.46,0.703,0.976,0.794,0.729,2.0267,0.7603,0.7138,0.1879,0.9316,3.031,0.043,0.0001,amber brown,oval
Fasli Toto,grading,grading__Fasli-Toto__Small__21__Grade-1.jpg,0.467,21.3,0.645,0.444,13.4,0.409,1,121728,482.1,323.7,1.489,0.798,0.987,0.808,0.741,1.5678,0.6177,0.761,0.2107,0.9396,3.055,0.0294,0.0004,amber brown,oval
Fasli Toto,grading,grading__Fasli-Toto__Small__23__Grade-1.jpg,0.297,22.0,0.632,0.478,15.57,0.354,1,77294,419.2,241.7,1.734,0.712,0.982,0.717,0.817,2.3238,0.8161,0.7014,0.1942,0.9186,3.106,0.0433,0.0,amber brown,oblong / elongated
Fasli Toto,grading,grading__Fasli-Toto__Small__25__Grade-1.jpg,0.414,17.4,0.653,0.412,14.69,0.375,1,107901,464.3,297.1,1.563,0.77,0.976,0.791,0.768,1.8918,0.6967,0.7365,0.2032,0.9296,3.046,0.0309,0.0,amber brown,oval
Fasli Toto,grading,grading__Fasli-Toto__Small__30__Grade-1.jpg,0.403,20.7,0.611,0.469,16.2,0.34,1,105151,446.5,301.5,1.481,0.749,0.983,0.776,0.738,1.715,0.6853,0.7345,0.1949,0.9532,3.057,0.0316,0.0,amber brown,oval
Fasli Toto,grading,grading__Fasli-Toto__Small__31__Grade-1.jpg,0.353,17.0,0.609,0.407,15.98,0.345,1,91865,451.3,265.1,1.702,0.683,0.97,0.757,0.809,1.6141,0.5919,0.7739,0.2195,0.9594,3.088,0.0252,0.0,amber brown,oblong / elongated
Fasli Toto,grading,grading__Fasli-Toto__Small__34__Grade-1.jpg,0.344,20.8,0.61,0.44,13.87,0.397,1,89651,437.7,270.8,1.616,0.649,0.956,0.657,0.786,1.4713,0.6255,0.7503,0.2435,0.9548,3.11,0.0257,0.0,amber brown,oblong / elongated
Fasli Toto,grading,grading__Fasli-Toto__Small__36__Grade-1.jpg,0.372,16.2,0.606,0.382,15.06,0.367,1,96843,448.3,277.8,1.614,0.751,0.978,0.773,0.785,1.6497,0.6292,0.7594,0.2115,0.9474,3.058,0.0315,0.0,dark brown,oblong / elongated
Fasli Toto,grading,grading__Fasli-Toto__Small__46__Grade-1.jpg,0.381,19.6,0.608,0.392,15.09,0.366,1,99271,472.0,271.6,1.738,0.692,0.974,0.789,0.818,2.0647,0.7519,0.7209,0.2019,0.9457,3.09,0.0429,0.0,dark brown,oblong / elongated
Fasli Toto,grading,grading__Fasli-Toto__Small__49__Grade-1.jpg,0.377,19.5,0.554,0.389,15.17,0.364,1,98197,449.4,279.9,1.605,0.727,0.98,0.79,0.782,1.6567,0.6468,0.7516,0.2004,0.9561,3.075,0.0352,0.0001,dark brown,oblong / elongated
Fasli Toto,grading,grading__Fasli-Toto__Small__52__Grade-1.jpg,0.388,24.7,0.632,0.492,14.63,0.377,1,101112,457.8,289.2,1.583,0.669,0.96,0.794,0.775,1.8425,0.7245,0.7221,0.1818,0.9376,3.057,0.0381,0.0,amber brown,oval
Fasli Toto,grading,grading__Fasli-Toto__Small__56__Grade-1.jpg,0.358,19.8,0.597,0.432,15.06,0.366,1,93259,442.1,273.3,1.618,0.746,0.978,0.745,0.786,2.6714,0.8459,0.7034,0.192,0.9176,3.018,0.0496,0.0006,amber brown,oblong / elongated
Fasli Toto,grading,grading__Fasli-Toto__Small__57__Grade-1.jpg,0.431,19.0,0.616,0.463,15.11,0.365,1,112365,454.3,319.9,1.42,0.767,0.985,0.729,0.71,2.5029,0.8263,0.7048,0.183,0.9227,3.048,0.0513,0.0,amber brown,oval
Fasli Toto,grading,grading__Fasli-Toto__Small__61__Grade-1.jpg,0.4,21.9,0.572,0.476,16.23,0.339,1,104249,474.2,286.0,1.658,0.649,0.959,0.726,0.798,1.461,0.6523,0.7372,0.1688,0.9611,3.027,0.0249,0.0,amber brown,oblong / elongated
Fasli Toto,grading,grading__Fasli-Toto__Small__66__Grade-1.jpg,0.451,18.3,0.625,0.423,13.05,0.419,1,117731,442.7,337.3,1.312,0.717,0.98,0.778,0.648,1.1058,0.496,0.7949,0.2182,0.9566,3.057,0.0113,0.0,amber brown,oval
Fasli Toto,grading,grading__Fasli-Toto__Small__69__Grade-1.jpg,0.378,23.1,0.634,0.472,14.74,0.374,1,98612,438.0,291.9,1.501,0.731,0.971,0.746,0.746,1.556,0.6496,0.7439,0.1933,0.9503,3.08,0.0296,0.0005,amber brown,oval
Fasli Toto,grading,grading__Fasli-Toto__Small__71__Grade-1.jpg,0.409,19.1,0.652,0.456,17.12,0.319,1,106516,449.1,305.5,1.47,0.735,0.972,0.783,0.733,2.0533,0.6869,0.7496,0.1913,0.9424,3.061,0.0323,0.0007,amber brown,oval
Fasli Toto,grading,grading__Fasli-Toto__Small__74__Grade-1.jpg,0.481,18.3,0.584,0.433,15.14,0.364,1,125511,455.7,357.0,1.276,0.697,0.967,0.715,0.621,1.327,0.5867,0.7635,0.2068,0.9618,3.031,0.0249,0.0003,amber brown,oval
Fasli Toto,grading,grading__Fasli-Toto__Small__77__Grade-1.jpg,0.377,20.3,0.586,0.446,14.63,0.377,1,98320,415.5,305.3,1.361,0.647,0.955,0.688,0.678,1.7078,0.6804,0.7344,0.1981,0.952,3.107,0.0279,0.0,amber brown,oval
Fasli Toto,grading,grading__Fasli-Toto__Small__79__Grade-1.jpg,0.419,21.6,0.617,0.463,12.87,0.424,1,109062,468.6,302.6,1.548,0.58,0.953,0.756,0.763,0.8827,0.4686,0.7996,0.2376,0.9638,3.009,0.0067,0.0,amber brown,oval
Fasli Toto,grading,grading__Fasli-Toto__Small__84__Grade-1.jpg,0.386,17.4,0.686,0.432,12.9,0.423,1,100586,448.3,289.1,1.551,0.709,0.978,0.767,0.764,2.1504,0.7069,0.7435,0.2227,0.9253,3.084,0.0343,0.0,amber brown,oval
Fasli Toto,grading,grading__Fasli-Toto__Small__9__Grade-1.jpg,0.441,17.4,0.616,0.421,16.05,0.343,1,115067,448.1,329.8,1.359,0.722,0.976,0.788,0.677,1.6671,0.6501,0.7506,0.2136,0.9575,3.063,0.0325,0.0003,amber brown,oval
Gajar,grading,grading__Gajar__Large__100__Grade-2.jpg,0.334,16.3,0.357,0.251,13.73,0.401,1,86877,507.8,225.9,2.248,0.619,0.966,0.723,0.896,3.9193,1.0802,0.6473,0.1876,0.8629,3.149,0.0782,0.0,dark brown,very elongated
Gajar,grading,grading__Gajar__Large__10__Grade-1.jpg,0.289,11.6,0.236,0.228,12.36,0.439,1,75107,504.5,193.3,2.609,0.66,0.983,0.804,0.924,5.5896,1.3358,0.6009,0.1847,0.8026,3.166,0.1003,0.0,black / very dark brown,very elongated
Gajar,grading,grading__Gajar__Large__111__Grade-2.jpg,0.358,6.4,0.292,0.248,13.83,0.398,1,93347,519.2,232.8,2.231,0.709,0.987,0.692,0.894,5.0137,1.2403,0.6226,0.1857,0.83,3.146,0.093,0.0,black / very dark brown,very elongated
Gajar,grading,grading__Gajar__Large__113__Grade-2.jpg,0.293,9.1,0.331,0.268,14.13,0.39,1,76394,499.2,197.9,2.522,0.674,0.988,0.802,0.918,7.779,1.6646,0.5449,0.1528,0.7612,3.166,0.1396,0.0,black / very dark brown,very elongated
Gajar,grading,grading__Gajar__Large__115__Grade-3.jpg,0.311,8.9,0.384,0.269,14.91,0.37,1,81071,495.6,211.5,2.344,0.656,0.984,0.733,0.904,4.6318,1.1909,0.6253,0.1697,0.8538,3.127,0.0893,0.0,dark red-brown,very elongated
Gajar,grading,grading__Gajar__Large__118__Grade-1.jpg,0.315,11.0,0.347,0.204,13.39,0.41,1,82055,514.6,209.2,2.46,0.684,0.985,0.833,0.914,4.349,1.0647,0.6727,0.2282,0.8325,3.188,0.0741,0.0,black / very dark brown,very elongated
Gajar,grading,grading__Gajar__Large__119__Grade-1.jpg,0.321,13.9,0.368,0.242,16.0,0.344,1,83658,518.4,211.8,2.447,0.675,0.977,0.753,0.913,4.6257,1.1705,0.6331,0.1867,0.8736,3.18,0.0783,0.0,dark brown,very elongated
Gajar,grading,grading__Gajar__Large__120__Grade-3.jpg,0.338,17.8,0.571,0.38,13.22,0.414,1,88034,515.3,223.2,2.309,0.678,0.97,0.782,0.901,3.3294,1.0418,0.6398,0.1627,0.847,3.108,0.0693,0.0,dark brown,very elongated
Gajar,grading,grading__Gajar__Large__124__Grade-1.jpg,0.333,5.7,0.369,0.212,13.12,0.417,1,86685,495.3,224.9,2.202,0.715,0.991,0.809,0.891,5.0766,1.2395,0.6235,0.2054,0.8019,3.184,0.0916,0.0,dark red-brown,very elongated
Gajar,grading,grading__Gajar__Large__125__Grade-1.jpg,0.345,357.8,0.335,0.21,15.35,0.359,1,89821,486.9,239.0,2.038,0.707,0.986,0.774,0.871,5.5388,1.2782,0.6254,0.2023,0.765,3.194,0.0966,0.0,black / very dark brown,oblong / elongated
Gajar,grading,grading__Gajar__Large__136__Grade-1.jpg,0.335,7.7,0.333,0.211,12.34,0.439,1,87319,496.6,227.7,2.181,0.683,0.973,0.801,0.889,4.1876,1.0701,0.6593,0.2216,0.8259,3.175,0.0713,0.0,black / very dark brown,oblong / elongated
Gajar,grading,grading__Gajar__Large__137__Grade-1.jpg,0.317,12.5,0.313,0.234,12.77,0.427,1,82522,487.0,217.4,2.24,0.688,0.978,0.771,0.895,4.7216,1.2288,0.6171,0.1807,0.8142,3.166,0.0948,0.0,black / very dark brown,very elongated
Gajar,grading,grading__Gajar__Large__13__Grade-1.jpg,0.311,12.9,0.351,0.264,12.62,0.431,1,81063,519.6,205.0,2.534,0.67,0.977,0.778,0.919,8.3425,1.8028,0.5089,0.1489,0.698,3.185,0.1591,0.0,dark brown,very elongated
Gajar,grading,grading__Gajar__Large__13__Grade-3.jpg,0.324,16.2,0.527,0.301,13.85,0.397,1,84435,506.4,217.0,2.334,0.706,0.982,0.829,0.904,3.6921,1.0186,0.6644,0.1913,0.8204,3.187,0.0667,0.0,dark brown,very elongated
Gajar,grading,grading__Gajar__Large__15__Grade-3.jpg,0.313,13.9,0.536,0.353,12.97,0.421,1,81484,511.1,209.1,2.444,0.653,0.958,0.773,0.912,4.9272,1.2938,0.5936,0.169,0.8019,3.199,0.0935,0.0,dark brown,very elongated
Gajar,grading,grading__Gajar__Large__165__Grade-1.jpg,0.308,18.0,0.459,0.279,14.96,0.369,1,80326,510.7,204.7,2.496,0.67,0.978,0.726,0.916,4.4939,1.1589,0.64,0.1874,0.8697,3.152,0.0802,0.0,dark brown,very elongated
Gajar,grading,grading__Gajar__Large__18__Grade-1.jpg,0.339,11.0,0.384,0.257,13.93,0.395,1,88376,502.0,228.9,2.193,0.719,0.98,0.816,0.89,5.4222,1.3231,0.602,0.1813,0.8044,3.2,0.1034,0.0,dark red-brown,oblong / elongated
Gajar,grading,grading__Gajar__Large__19__Grade-1.jpg,0.318,8.0,0.318,0.216,11.55,0.463,1,82902,495.9,216.4,2.292,0.701,0.988,0.746,0.9,6.0057,1.3797,0.5962,0.1974,0.734,3.201,0.1055,0.0,black / very dark brown,very elongated
Gajar,grading,grading__Gajar__Large__22__Grade-1.jpg,0.341,10.8,0.334,0.241,13.1,0.418,1,88888,517.8,225.2,2.299,0.687,0.985,0.812,0.9,3.4161,0.9619,0.6803,0.2158,0.879,3.172,0.0574,0.0,black / very dark brown,very elongated
Gajar,grading,grading__Gajar__Large__24__Grade-3.jpg,0.333,18.0,0.551,0.344,14.97,0.369,1,86705,499.9,225.0,2.222,0.693,0.978,0.799,0.893,3.3762,1.0322,0.644,0.1637,0.8757,3.176,0.0629,0.0,dark brown,very elongated
Gajar,grading,grading__Gajar__Large__26__Grade-2.jpg,0.309,14.0,0.435,0.278,13.99,0.394,1,80580,508.8,205.9,2.471,0.68,0.984,0.789,0.914,4.081,1.0721,0.6565,0.2017,0.8409,3.191,0.0708,0.0,dark brown,very elongated
Gajar,grading,grading__Gajar__Large__27__Grade-1.jpg,0.3,4.7,0.313,0.234,13.51,0.406,1,78004,485.3,211.1,2.3,0.617,0.962,0.684,0.9,7.2164,1.5237,0.5794,0.1883,0.7746,3.193,0.1186,0.0,black / very dark brown,very elongated
Gajar,grading,grading__Gajar__Large__2__Grade-2.jpg,0.34,358.9,0.208,0.225,11.96,0.451,1,88620,502.9,229.8,2.189,0.702,0.98,0.802,0.89,5.006,1.2674,0.6041,0.1836,0.7909,3.192,0.091,0.0,black / very dark brown,oblong / elongated
Gajar,grading,grading__Gajar__Large__30__Grade-2.jpg,0.338,13.5,0.42,0.268,12.84,0.425,1,87991,512.5,224.6,2.282,0.692,0.976,0.828,0.899,2.9662,0.9146,0.6809,0.19,0.8796,3.161,0.0487,0.0,dark brown,very elongated
Gajar,grading,grading__Gajar__Large__31__Grade-1.jpg,0.303,12.1,0.427,0.257,12.51,0.434,1,78836,503.2,204.5,2.461,0.663,0.968,0.796,0.914,3.9629,1.0646,0.6529,0.2018,0.8043,3.176,0.0687,0.0,dark brown,very elongated
Gajar,grading,grading__Gajar__Large__32__Grade-3.jpg,0.342,18.8,0.648,0.407,13.54,0.406,1,89048,504.3,234.9,2.147,0.655,0.937,0.765,0.885,4.3683,1.1987,0.6111,0.1552,0.8199,3.191,0.086,0.0,amber brown,oblong / elongated
Gajar,grading,grading__Gajar__Large__36__Grade-3.jpg,0.363,20.7,0.606,0.42,12.9,0.423,1,94528,489.7,249.3,1.964,0.679,0.952,0.734,0.861,1.9225,0.7585,0.7068,0.1895,0.9185,3.132,0.0338,0.0,amber brown,oblong / elongated
Gajar,grading,grading__Gajar__Large__38__Grade-2.jpg,0.313,14.6,0.474,0.287,11.23,0.473,1,81480,507.2,209.9,2.416,0.664,0.975,0.767,0.91,4.8944,1.2883,0.5974,0.1837,0.7641,3.163,0.0999,0.0,dark brown,very elongated
Gajar,grading,grading__Gajar__Large__41__Grade-2.jpg,0.306,10.5,0.453,0.254,14.47,0.381,1,79648,516.9,203.3,2.542,0.618,0.968,0.846,0.919,3.3577,0.9492,0.6837,0.2139,0.8718,3.194,0.0548,0.0,dark red-brown,very elongated
Gajar,grading,grading__Gajar__Large__44__Grade-3.jpg,0.288,18.8,0.585,0.387,13.16,0.416,1,75058,512.5,194.2,2.639,0.613,0.953,0.713,0.925,4.7291,1.239,0.6093,0.171,0.7932,3.183,0.091,0.0,dark brown,very elongated
Gajar,grading,grading__Gajar__Large__48__Grade-2.jpg,0.321,12.6,0.444,0.275,15.14,0.364,1,83624,513.7,211.3,2.432,0.664,0.979,0.734,0.912,5.5502,1.3404,0.6014,0.1877,0.8474,3.183,0.1102,0.0,dark brown,very elongated
Gajar,grading,grading__Gajar__Large__48__Grade-3.jpg,0.337,20.7,0.584,0.38,12.17,0.444,1,87824,492.7,230.2,2.14,0.693,0.986,0.783,0.884,2.8268,0.9359,0.6652,0.1795,0.8558,3.198,0.0535,0.0,dark brown,oblong / elongated
Gajar,grading,grading__Gajar__Large__49__Grade-2.jpg,0.355,19.2,0.627,0.406,11.03,0.479,1,92453,498.3,240.5,2.072,0.693,0.961,0.798,0.876,4.186,1.1913,0.6103,0.1817,0.7734,3.176,0.0951,0.0,amber brown,oblong / elongated
Gajar,grading,grading__Gajar__Large__50__Grade-2.jpg,0.319,9.8,0.344,0.253,11.78,0.456,1,83105,525.7,206.2,2.549,0.647,0.979,0.69,0.92,4.7069,1.2206,0.6155,0.1754,0.7857,3.176,0.0896,0.0,black / very dark brown,very elongated
Gajar,grading,grading__Gajar__Large__56__Grade-2.jpg,0.344,11.8,0.381,0.265,13.23,0.414,1,89543,508.0,230.0,2.209,0.715,0.976,0.831,0.892,3.5331,1.0119,0.663,0.1887,0.8675,3.192,0.0687,0.0,dark red-brown,very elongated
Gajar,grading,grading__Gajar__Large__5__Grade-2.jpg,0.333,12.2,0.251,0.235,11.83,0.454,1,86667,495.0,225.8,2.192,0.689,0.98,0.704,0.89,5.7452,1.3753,0.5889,0.1887,0.7789,3.189,0.109,0.0,black / very dark brown,oblong / elongated
Gajar,grading,grading__Gajar__Large__5__Grade-3.jpg,0.313,18.4,0.556,0.386,13.19,0.415,1,81459,510.9,208.7,2.448,0.691,0.975,0.803,0.913,4.5521,1.2208,0.609,0.157,0.8031,3.147,0.0932,0.0,dark brown,very elongated
Gajar,grading,grading__Gajar__Large__60__Grade-3.jpg,0.34,16.7,0.576,0.361,12.77,0.427,1,88543,504.4,228.9,2.204,0.712,0.976,0.778,0.891,4.0439,1.1066,0.6432,0.1743,0.8385,3.17,0.0832,0.0,dark brown,very elongated
Gajar,grading,grading__Gajar__Large__61__Grade-2.jpg,0.365,14.3,0.42,0.267,12.73,0.428,1,95106,507.5,243.1,2.087,0.691,0.97,0.776,0.878,3.9335,1.057,0.6578,0.1965,0.8284,3.153,0.0733,0.0,dark brown,oblong / elongated
Gajar,grading,grading__Gajar__Large__62__Grade-3.jpg,0.308,16.4,0.544,0.301,15.08,0.366,1,80068,494.9,208.8,2.37,0.656,0.976,0.801,0.907,4.2619,1.0779,0.6614,0.1937,0.8398,3.186,0.0682,0.0,dark brown,very elongated
Gajar,grading,grading__Gajar__Large__65__Grade-1.jpg,0.351,11.4,0.463,0.231,11.92,0.452,1,91327,510.4,232.3,2.197,0.705,0.982,0.82,0.89,4.4545,1.1449,0.6383,0.1984,0.765,3.186,0.0834,0.0,dark red-brown,oblong / elongated
Gajar,grading,grading__Gajar__Large__74__Grade-2.jpg,0.32,11.0,0.444,0.236,11.41,0.467,1,83205,495.1,217.7,2.275,0.678,0.973,0.772,0.898,5.0661,1.2277,0.6218,0.1995,0.7543,3.193,0.0852,0.0,dark red-brown,very elongated
Gajar,grading,grading__Gajar__Large__74__Grade-3.jpg,0.317,20.6,0.671,0.429,14.75,0.374,1,82577,502.8,215.0,2.339,0.666,0.982,0.753,0.904,2.5585,0.8758,0.6798,0.1596,0.8974,3.171,0.0431,0.0,amber brown,very elongated
Gajar,grading,grading__Gajar__Large__75__Grade-1.jpg,0.326,12.5,0.385,0.243,11.06,0.478,1,84821,515.2,214.8,2.398,0.681,0.973,0.783,0.909,4.3511,1.1291,0.6403,0.2101,0.8025,3.141,0.0767,0.0,dark brown,very elongated
Gajar,grading,grading__Gajar__Large__77__Grade-2.jpg,0.328,14.7,0.51,0.281,14.42,0.382,1,85289,512.9,219.2,2.34,0.689,0.985,0.8,0.904,3.0247,0.9192,0.6815,0.1963,0.8912,3.18,0.0484,0.0,dark brown,very elongated
Gajar,grading,grading__Gajar__Large__77__Grade-3.jpg,0.294,22.8,0.662,0.42,13.96,0.394,1,76559,462.7,216.2,2.14,0.671,0.96,0.72,0.884,3.3721,1.0541,0.6344,0.1578,0.8546,3.197,0.0695,0.0,amber brown,oblong / elongated
Gajar,grading,grading__Gajar__Large__7__Grade-1.jpg,0.345,6.4,0.274,0.201,11.52,0.464,1,89884,509.9,229.6,2.221,0.707,0.981,0.745,0.893,4.4049,1.1119,0.6535,0.2317,0.8222,3.179,0.0793,0.0,black / very dark brown,very elongated
Gajar,grading,grading__Gajar__Large__7__Grade-3.jpg,0.329,20.2,0.647,0.402,13.3,0.412,1,85676,509.0,218.4,2.331,0.706,0.99,0.807,0.903,3.1829,0.9777,0.6601,0.1655,0.8524,3.192,0.0606,0.0,amber brown,very elongated
Gajar,grading,grading__Gajar__Large__80__Grade-3.jpg,0.314,22.2,0.661,0.424,13.19,0.415,1,81798,483.3,219.7,2.2,0.635,0.971,0.741,0.891,2.8283,0.9163,0.6692,0.1674,0.892,3.192,0.0483,0.0,amber brown,very elongated
Gajar,grading,grading__Gajar__Large__83__Grade-2.jpg,0.314,18.2,0.454,0.24,13.71,0.401,1,81748,512.2,207.7,2.466,0.674,0.981,0.763,0.914,5.548,1.3384,0.5961,0.1675,0.7277,3.189,0.1048,0.0,dark brown,very elongated
Gajar,grading,grading__Gajar__Large__91__Grade-2.jpg,0.312,12.6,0.314,0.234,15.19,0.363,1,81282,500.0,211.8,2.36,0.642,0.969,0.746,0.906,5.2136,1.239,0.6264,0.1906,0.8366,3.147,0.0856,0.0,black / very dark brown,very elongated
Gajar,grading,grading__Gajar__Large__92__Grade-2.jpg,0.322,5.5,0.339,0.206,13.73,0.4,1,83771,478.8,226.0,2.119,0.705,0.981,0.762,0.882,4.7075,1.1212,0.6598,0.2218,0.825,3.186,0.0751,0.0,black / very dark brown,oblong / elongated
Gajar,grading,grading__Gajar__Large__96__Grade-3.jpg,0.303,16.8,0.616,0.371,13.09,0.418,1,79014,486.7,210.5,2.312,0.681,0.981,0.781,0.902,3.563,1.0769,0.6343,0.1823,0.8304,3.13,0.0689,0.0,dark brown,very elongated
Gajar,grading,grading__Gajar__Medium__101__Grade-1.jpg,0.309,296.1,0.234,0.174,13.1,0.418,1,80566,498.7,211.7,2.356,0.687,0.98,0.837,0.905,5.6137,1.2834,0.6223,0.2322,0.8159,3.174,0.0976,0.0,black / very dark brown,very elongated
Gajar,grading,grading__Gajar__Medium__102__Grade-1.jpg,0.365,13.3,0.5,0.255,13.68,0.402,1,95056,514.5,243.1,2.116,0.701,0.978,0.834,0.881,2.1267,0.7638,0.7145,0.2053,0.9282,3.164,0.0369,0.0001,dark brown,oblong / elongated
Gajar,grading,grading__Gajar__Medium__10__Grade-1.jpg,0.357,10.6,0.341,0.254,11.65,0.46,1,93073,492.0,246.3,1.997,0.738,0.987,0.788,0.866,2.8534,0.8915,0.6875,0.2158,0.8876,3.177,0.0509,0.0,black / very dark brown,oblong / elongated
Gajar,grading,grading__Gajar__Medium__10__Grade-3.jpg,0.32,14.9,0.411,0.32,13.62,0.403,1,83303,490.3,222.1,2.207,0.677,0.969,0.8,0.891,7.1743,1.6228,0.5361,0.141,0.7693,3.163,0.1317,0.0,dark brown,very elongated
Gajar,grading,grading__Gajar__Medium__11__Grade-3.jpg,0.306,16.5,0.395,0.379,14.93,0.369,1,79550,516.1,202.6,2.548,0.638,0.957,0.777,0.92,5.9385,1.461,0.5589,0.1298,0.8101,3.157,0.1162,0.0,dark brown,very elongated
Gajar,grading,grading__Gajar__Medium__127__Grade-1.jpg,0.338,328.0,0.27,0.169,12.83,0.425,1,88059,499.4,227.7,2.193,0.726,0.989,0.84,0.89,4.542,1.1055,0.6575,0.2419,0.8441,3.164,0.0739,0.0,black / very dark brown,oblong / elongated
Gajar,grading,grading__Gajar__Medium__12__Grade-1.jpg,0.331,325.7,0.189,0.193,12.21,0.443,1,86325,502.1,223.3,2.248,0.716,0.985,0.826,0.896,5.674,1.3454,0.6,0.1963,0.8042,3.186,0.11,0.0,black / very dark brown,very elongated
Gajar,grading,grading__Gajar__Medium__135__Grade-1.jpg,0.319,352.7,0.322,0.226,15.13,0.365,1,83168,526.4,213.0,2.471,0.634,0.94,0.634,0.914,5.1221,1.1939,0.6455,0.2013,0.8581,3.145,0.0859,0.0,black / very dark brown,very elongated
Gajar,grading,grading__Gajar__Medium__139__Grade-1.jpg,0.291,8.9,0.459,0.229,14.07,0.391,1,75843,499.3,203.0,2.459,0.626,0.967,0.791,0.914,3.7304,1.028,0.6605,0.2187,0.8765,3.168,0.0646,0.0001,dark red-brown,very elongated
Gajar,grading,grading__Gajar__Medium__151__Grade-1.jpg,0.246,12.4,0.471,0.285,14.99,0.368,1,64030,434.8,196.0,2.219,0.618,0.961,0.707,0.893,5.809,1.3876,0.5846,0.1505,0.8309,3.188,0.1058,0.0,dark brown,very elongated
Gajar,grading,grading__Gajar__Medium__16__Grade-1.jpg,0.337,356.9,0.295,0.291,17.06,0.321,1,87916,488.1,231.4,2.109,0.727,0.988,0.78,0.88,3.8067,1.0598,0.6527,0.1762,0.9109,3.176,0.0719,0.0002,black / very dark brown,oblong / elongated
Gajar,grading,grading__Gajar__Medium__172__Grade-1.jpg,0.303,356.4,0.321,0.206,13.44,0.408,1,78756,509.1,202.0,2.52,0.678,0.981,0.797,0.918,4.3198,1.1106,0.647,0.207,0.8531,3.19,0.0708,0.0,black / very dark brown,very elongated
Gajar,grading,grading__Gajar__Medium__173__Grade-1.jpg,0.325,3.0,0.416,0.214,14.27,0.386,1,84567,505.2,218.7,2.31,0.703,0.986,0.826,0.901,4.4572,1.0935,0.6613,0.2329,0.8557,3.189,0.0745,0.0,dark red-brown,very elongated
Gajar,grading,grading__Gajar__Medium__178__Grade-1.jpg,0.31,17.5,0.475,0.271,13.8,0.399,1,80631,518.1,207.0,2.503,0.671,0.963,0.791,0.917,4.0843,1.1361,0.6301,0.173,0.8704,3.168,0.0856,0.0,dark brown,very elongated
Gajar,grading,grading__Gajar__Medium__186__Grade-1.jpg,0.307,344.8,0.247,0.197,14.74,0.374,1,79924,476.0,216.5,2.198,0.697,0.983,0.726,0.891,4.1429,1.0813,0.6552,0.2259,0.891,3.162,0.0739,0.0,black / very dark brown,oblong / elongated
Gajar,grading,grading__Gajar__Medium__188__Grade-1.jpg,0.358,8.0,0.36,0.232,14.14,0.39,1,93157,501.5,242.2,2.071,0.638,0.969,0.831,0.876,4.7234,1.2005,0.624,0.1839,0.8518,3.16,0.0885,0.0,dark red-brown,oblong / elongated
Gajar,grading,grading__Gajar__Medium__189__Grade-1.jpg,0.323,8.7,0.369,0.234,13.28,0.413,1,84048,493.4,220.5,2.238,0.706,0.984,0.813,0.895,3.7921,1.0618,0.6468,0.1917,0.8507,3.114,0.0686,0.0,dark red-brown,very elongated
Gajar,grading,grading__Gajar__Medium__24__Grade-1.jpg,0.346,358.4,0.302,0.229,12.62,0.431,1,90262,492.3,235.6,2.089,0.738,0.991,0.795,0.878,4.3066,1.1142,0.6483,0.2052,0.8337,3.171,0.0773,0.0,black / very dark brown,oblong / elongated
Gajar,grading,grading__Gajar__Medium__25__Grade-1.jpg,0.348,325.6,0.231,0.229,13.88,0.396,1,90600,491.0,237.3,2.069,0.739,0.99,0.815,0.875,4.6038,1.2009,0.6183,0.1813,0.8608,3.181,0.0877,0.0,black / very dark brown,oblong / elongated
Gajar,grading,grading__Gajar__Medium__28__Grade-1.jpg,0.338,15.4,0.302,0.312,14.29,0.386,1,88115,483.5,234.2,2.064,0.729,0.99,0.801,0.875,3.8855,1.1492,0.615,0.1534,0.8745,3.144,0.0796,0.0,black / very dark brown,oblong / elongated
Gajar,grading,grading__Gajar__Medium__30__Grade-1.jpg,0.333,326.3,0.286,0.248,16.13,0.341,1,86857,496.8,226.5,2.194,0.71,0.978,0.804,0.89,4.8843,1.2685,0.6054,0.1825,0.8719,3.181,0.1024,0.0,black / very dark brown,oblong / elongated
Gajar,grading,grading__Gajar__Medium__31__Grade-1.jpg,0.28,340.1,0.281,0.279,17.34,0.315,1,73031,446.9,210.9,2.119,0.708,0.98,0.744,0.882,4.9683,1.242,0.6161,0.1734,0.8744,3.192,0.0903,0.0001,black / very dark brown,oblong / elongated
Gajar,grading,grading__Gajar__Medium__36__Grade-2.jpg,0.323,15.8,0.499,0.309,12.66,0.43,1,84170,470.4,231.6,2.031,0.725,0.987,0.806,0.87,2.9584,0.8985,0.6859,0.1965,0.8724,3.16,0.0448,0.0,dark brown,oblong / elongated
Gajar,grading,grading__Gajar__Medium__39__Grade-2.jpg,0.327,7.0,0.39,0.314,17.14,0.319,1,85211,492.2,225.7,2.181,0.728,0.984,0.767,0.889,2.7747,0.8986,0.6793,0.1663,0.9287,3.166,0.0504,0.0,dark red-brown,oblong / elongated
Gajar,grading,grading__Gajar__Medium__40__Grade-3.jpg,0.308,20.2,0.516,0.39,12.93,0.422,1,80221,506.3,211.8,2.39,0.676,0.982,0.767,0.908,3.045,0.9442,0.6693,0.1806,0.8508,3.145,0.0501,0.0,dark brown,very elongated
Gajar,grading,grading__Gajar__Medium__47__Grade-3.jpg,0.311,19.2,0.54,0.339,14.66,0.376,1,81020,512.4,207.3,2.471,0.677,0.971,0.795,0.914,4.6465,1.2551,0.5953,0.1465,0.8292,3.168,0.0924,0.0,dark brown,very elongated
Gajar,grading,grading__Gajar__Medium__49__Grade-2.jpg,0.315,3.4,0.38,0.258,16.29,0.337,1,82053,466.5,227.8,2.048,0.741,0.992,0.798,0.873,4.29,1.1368,0.6353,0.1715,0.8742,3.17,0.0786,0.0,dark red-brown,oblong / elongated
Gajar,grading,grading__Gajar__Medium__51__Grade-3.jpg,0.344,17.5,0.47,0.345,14.43,0.382,1,89559,522.5,222.9,2.344,0.684,0.982,0.651,0.904,3.0488,0.9923,0.6498,0.1579,0.8975,3.164,0.0667,0.0,dark brown,very elongated
Gajar,grading,grading__Gajar__Medium__59__Grade-1.jpg,0.328,3.4,0.391,0.306,17.65,0.308,1,85360,504.2,220.9,2.283,0.7,0.984,0.82,0.899,4.1447,1.1359,0.6332,0.1606,0.8937,3.176,0.0861,0.0,dark red-brown,very elongated
Gajar,grading,grading__Gajar__Medium__59__Grade-2.jpg,0.314,14.2,0.605,0.275,14.53,0.38,1,81775,499.2,216.1,2.31,0.678,0.979,0.75,0.901,3.6069,0.9911,0.6697,0.1826,0.8384,3.176,0.0555,0.0,dark brown,very elongated
Gajar,grading,grading__Gajar__Medium__5__Grade-1.jpg,0.337,350.4,0.25,0.25,15.0,0.368,1,87685,501.1,226.4,2.213,0.714,0.989,0.829,0.892,4.1404,1.0932,0.6463,0.1841,0.8865,3.181,0.0677,0.0003,black / very dark brown,very elongated
Gajar,grading,grading__Gajar__Medium__61__Grade-2.jpg,0.353,12.7,0.481,0.263,14.5,0.38,1,91997,500.0,238.4,2.097,0.735,0.986,0.829,0.879,5.2764,1.3063,0.6034,0.1722,0.8286,3.186,0.1061,0.0,dark brown,oblong / elongated
Gajar,grading,grading__Gajar__Medium__62__Grade-1.jpg,0.291,346.4,0.301,0.309,18.82,0.285,1,75833,508.1,196.1,2.591,0.651,0.964,0.784,0.922,4.5531,1.1984,0.6221,0.1636,0.9074,3.171,0.0882,0.0,black / very dark brown,very elongated
Gajar,grading,grading__Gajar__Medium__64__Grade-1.jpg,0.312,3.3,0.36,0.308,15.5,0.356,1,81170,496.4,211.5,2.347,0.694,0.989,0.821,0.905,4.273,1.1504,0.6295,0.1677,0.8706,3.193,0.0804,0.0,dark red-brown,very elongated
Gajar,grading,grading__Gajar__Medium__6__Grade-1.jpg,0.316,346.6,0.257,0.237,13.87,0.397,1,82396,510.5,211.2,2.417,0.691,0.982,0.849,0.91,3.9647,1.0692,0.6498,0.1932,0.8721,3.184,0.0679,0.0,black / very dark brown,very elongated
Gajar,grading,grading__Gajar__Medium__79__Grade-1.jpg,0.315,6.0,0.303,0.242,11.74,0.457,1,82008,506.3,211.5,2.394,0.679,0.982,0.814,0.909,3.1831,0.9453,0.674,0.2108,0.8861,3.193,0.0497,0.0,black / very dark brown,very elongated
Gajar,grading,grading__Gajar__Medium__81__Grade-1.jpg,0.334,8.9,0.329,0.267,13.16,0.416,1,87122,489.3,229.0,2.137,0.725,0.988,0.811,0.884,4.3031,1.1643,0.6254,0.1714,0.8644,3.165,0.0793,0.0,black / very dark brown,oblong / elongated
Gajar,grading,grading__Gajar__Medium__9__Grade-1.jpg,0.357,307.3,0.179,0.206,12.08,0.447,1,93029,483.9,247.8,1.953,0.764,0.993,0.813,0.859,3.5307,1.0021,0.6681,0.2304,0.8809,3.147,0.063,0.0,black / very dark brown,oblong / elongated
Gajar,grading,grading__Gajar__Small__105__Grade-1.jpg,0.299,13.4,0.338,0.247,12.46,0.436,1,77768,479.5,210.3,2.28,0.685,0.972,0.768,0.899,5.7712,1.4028,0.5812,0.1748,0.805,3.176,0.1146,0.0,black / very dark brown,very elongated
Gajar,grading,grading__Gajar__Small__105__Grade-2.jpg,0.297,17.9,0.5,0.316,16.42,0.335,1,77184,536.4,193.1,2.777,0.631,0.977,0.745,0.933,3.9779,1.1453,0.6205,0.1645,0.903,3.173,0.077,0.0,dark brown,very elongated
Gajar,grading,grading__Gajar__Small__106__Grade-1.jpg,0.3,13.2,0.395,0.27,12.73,0.428,1,77991,504.2,201.0,2.509,0.655,0.975,0.816,0.917,4.5899,1.1903,0.6238,0.1877,0.8336,3.145,0.0801,0.0,dark brown,very elongated
Gajar,grading,grading__Gajar__Small__107__Grade-2.jpg,0.351,17.7,0.5,0.374,13.88,0.396,1,91336,467.8,249.9,1.872,0.74,0.982,0.745,0.845,3.803,1.1352,0.6163,0.1574,0.8537,3.165,0.083,0.0,dark brown,oblong / elongated
Gajar,grading,grading__Gajar__Small__114__Grade-1.jpg,0.341,10.7,0.397,0.252,14.99,0.368,1,88868,499.2,231.2,2.159,0.611,0.957,0.759,0.886,3.7228,1.0047,0.6745,0.1973,0.8868,3.18,0.0662,0.0,dark red-brown,oblong / elongated
Gajar,grading,grading__Gajar__Small__122__Grade-2.jpg,0.317,14.6,0.548,0.313,14.22,0.387,1,82624,506.2,214.6,2.359,0.666,0.971,0.83,0.906,5.6153,1.384,0.5798,0.1587,0.8116,3.159,0.106,0.0,dark brown,very elongated
Gajar,grading,grading__Gajar__Small__127__Grade-2.jpg,0.301,14.2,0.43,0.277,13.21,0.414,1,78450,499.3,204.4,2.442,0.611,0.95,0.754,0.912,8.0175,1.7349,0.5241,0.1501,0.7375,3.181,0.1519,0.0,dark brown,very elongated
Gajar,grading,grading__Gajar__Small__134__Grade-1.jpg,0.309,13.5,0.491,0.275,13.49,0.407,1,80358,498.0,209.2,2.381,0.691,0.984,0.822,0.908,2.6291,0.8449,0.6997,0.2049,0.8957,3.204,0.0448,0.0,dark brown,very elongated
Gajar,grading,grading__Gajar__Small__135__Grade-2.jpg,0.347,18.7,0.546,0.344,12.79,0.426,1,90427,488.4,237.9,2.053,0.652,0.979,0.736,0.873,2.0767,0.7821,0.7038,0.1932,0.9205,3.107,0.0311,0.0,dark brown,oblong / elongated
Gajar,grading,grading__Gajar__Small__135__Grade-3.jpg,0.337,16.2,0.556,0.308,15.1,0.365,1,87792,504.2,226.2,2.229,0.716,0.993,0.772,0.894,3.0326,0.9199,0.6786,0.1873,0.8896,3.172,0.05,0.0,dark brown,very elongated
Gajar,grading,grading__Gajar__Small__13__Grade-1.jpg,0.354,12.2,0.462,0.276,12.64,0.431,1,92231,502.3,240.1,2.092,0.707,0.974,0.806,0.878,2.8569,0.8932,0.6882,0.2296,0.8875,3.181,0.051,0.0,dark brown,oblong / elongated
Gajar,grading,grading__Gajar__Small__142__Grade-1.jpg,0.344,12.1,0.299,0.245,15.52,0.355,1,89616,488.2,236.4,2.065,0.717,0.98,0.787,0.875,5.7783,1.3725,0.5934,0.1639,0.836,3.107,0.1071,0.0,black / very dark brown,oblong / elongated
Gajar,grading,grading__Gajar__Small__151__Grade-1.jpg,0.365,15.7,0.404,0.261,14.11,0.39,1,95171,525.7,245.6,2.141,0.638,0.949,0.745,0.884,4.2697,1.1179,0.6461,0.1861,0.8708,3.162,0.0762,0.0,dark brown,oblong / elongated
Gajar,grading,grading__Gajar__Small__152__Grade-1.jpg,0.332,13.5,0.345,0.237,14.96,0.369,1,86543,502.1,225.0,2.232,0.665,0.97,0.827,0.894,3.1546,0.9495,0.6759,0.1991,0.9107,3.126,0.0577,0.0,black / very dark brown,very elongated
Gajar,grading,grading__Gajar__Small__153__Grade-3.jpg,0.318,13.8,0.509,0.308,13.9,0.396,1,82891,508.7,214.3,2.374,0.681,0.97,0.754,0.907,2.1418,0.7588,0.7162,0.2048,0.9081,3.138,0.0295,0.0,dark brown,very elongated
Gajar,grading,grading__Gajar__Small__157__Grade-1.jpg,0.347,6.2,0.191,0.186,10.63,0.492,1,90416,492.7,236.4,2.084,0.73,0.99,0.812,0.877,4.9465,1.2015,0.6323,0.2135,0.7891,3.166,0.0823,0.0,black / very dark brown,oblong / elongated
Gajar,grading,grading__Gajar__Small__157__Grade-3.jpg,0.331,19.2,0.571,0.351,12.39,0.438,1,86114,502.2,224.8,2.233,0.672,0.968,0.714,0.894,2.0547,0.7767,0.7037,0.2062,0.8917,3.102,0.0319,0.0,dark brown,very elongated
Gajar,grading,grading__Gajar__Small__15__Grade-1.jpg,0.353,15.9,0.469,0.244,13.0,0.42,1,91911,498.0,238.2,2.09,0.718,0.981,0.812,0.878,3.9356,1.0506,0.6598,0.1978,0.8692,3.146,0.0677,0.0,dark brown,oblong / elongated
Gajar,grading,grading__Gajar__Small__164__Grade-1.jpg,0.332,6.6,0.247,0.235,12.91,0.423,1,86583,478.6,232.4,2.059,0.721,0.982,0.784,0.874,2.6623,0.8554,0.6942,0.1864,0.9082,3.107,0.0397,0.0,black / very dark brown,oblong / elongated
Gajar,grading,grading__Gajar__Small__165__Grade-1.jpg,0.338,17.8,0.32,0.249,12.44,0.436,1,87960,497.1,230.9,2.153,0.704,0.977,0.803,0.886,2.8675,0.8918,0.6844,0.1939,0.8938,3.14,0.0433,0.0,black / very dark brown,oblong / elongated
Gajar,grading,grading__Gajar__Small__169__Grade-1.jpg,0.349,13.1,0.438,0.261,11.17,0.475,1,90820,494.2,240.5,2.055,0.736,0.989,0.815,0.874,2.3418,0.7626,0.7221,0.2271,0.8957,3.134,0.0261,0.0,dark brown,oblong / elongated
Gajar,grading,grading__Gajar__Small__178__Grade-3.jpg,0.362,19.5,0.516,0.354,17.24,0.317,1,94219,495.4,245.4,2.019,0.752,0.989,0.832,0.869,2.0793,0.7592,0.7168,0.1848,0.9479,3.1,0.0281,0.0,dark brown,oblong / elongated
Gajar,grading,grading__Gajar__Small__189__Grade-3.jpg,0.355,14.5,0.501,0.334,13.54,0.406,1,92409,486.9,250.4,1.945,0.615,0.957,0.784,0.858,4.0853,1.1287,0.6343,0.1827,0.8745,3.106,0.0786,0.0001,dark brown,oblong / elongated
Gajar,grading,grading__Gajar__Small__18__Grade-1.jpg,0.344,12.0,0.327,0.232,12.81,0.426,1,89727,495.9,233.0,2.128,0.734,0.991,0.823,0.883,4.663,1.1978,0.6269,0.1923,0.8308,3.196,0.0894,0.0,black / very dark brown,oblong / elongated
Gajar,grading,grading__Gajar__Small__195__Grade-1.jpg,0.359,3.9,0.243,0.244,14.91,0.37,1,93582,491.7,245.4,2.003,0.758,0.994,0.821,0.867,2.0642,0.7575,0.7127,0.2092,0.942,3.14,0.0259,0.0,black / very dark brown,oblong / elongated
Gajar,grading,grading__Gajar__Small__1__Grade-2.jpg,0.36,19.4,0.554,0.328,15.64,0.353,1,93853,503.2,240.9,2.088,0.727,0.986,0.796,0.878,4.2294,1.1703,0.6162,0.157,0.8597,3.171,0.0798,0.0,dark brown,oblong / elongated
Gajar,grading,grading__Gajar__Small__21__Grade-1.jpg,0.317,13.9,0.338,0.187,12.45,0.436,1,82464,494.1,217.2,2.275,0.689,0.982,0.82,0.898,4.749,1.136,0.6531,0.2327,0.8281,3.185,0.0754,0.0,black / very dark brown,very elongated
Gajar,grading,grading__Gajar__Small__24__Grade-3.jpg,0.373,18.6,0.628,0.388,13.09,0.418,1,97231,486.2,258.2,1.883,0.756,0.987,0.814,0.847,4.2892,1.2299,0.5975,0.1527,0.8146,3.202,0.1008,0.0,dark brown,oblong / elongated
Gajar,grading,grading__Gajar__Small__2__Grade-2.jpg,0.359,14.2,0.622,0.349,15.9,0.347,1,93542,499.5,243.7,2.05,0.7,0.97,0.757,0.873,3.8796,1.0704,0.6486,0.1819,0.8792,3.189,0.0699,0.0001,dark brown,oblong / elongated
Gajar,grading,grading__Gajar__Small__40__Grade-2.jpg,0.375,18.9,0.583,0.333,12.68,0.429,1,97672,489.0,258.5,1.892,0.75,0.982,0.778,0.849,2.7672,0.9225,0.6702,0.1786,0.8746,3.163,0.0581,0.0,dark brown,oblong / elongated
Gajar,grading,grading__Gajar__Small__43__Grade-2.jpg,0.282,14.0,0.594,0.306,13.1,0.418,1,73263,436.4,220.7,1.978,0.632,0.955,0.687,0.863,3.722,1.0707,0.6424,0.1978,0.8603,3.206,0.0647,0.0,dark brown,oblong / elongated
Gajar,grading,grading__Gajar__Small__46__Grade-2.jpg,0.311,12.1,0.464,0.267,15.06,0.366,1,80979,519.2,203.8,2.547,0.656,0.982,0.684,0.92,5.5279,1.3262,0.6011,0.1698,0.8374,3.201,0.0978,0.0,dark brown,very elongated
Gajar,grading,grading__Gajar__Small__48__Grade-2.jpg,0.303,13.3,0.488,0.287,14.69,0.376,1,78982,528.9,199.8,2.648,0.639,0.971,0.734,0.926,5.2591,1.3146,0.5998,0.1885,0.8177,3.165,0.0993,0.0,dark brown,very elongated
Gajar,grading,grading__Gajar__Small__58__Grade-3.jpg,0.307,20.2,0.514,0.332,14.36,0.384,1,79965,492.0,211.3,2.328,0.693,0.979,0.783,0.903,4.2371,1.1799,0.6196,0.1497,0.8676,3.185,0.0913,0.0,dark brown,very elongated
Gajar,grading,grading__Gajar__Small__59__Grade-1.jpg,0.288,11.2,0.361,0.247,13.52,0.406,1,74863,513.9,191.1,2.69,0.643,0.979,0.826,0.928,6.1956,1.4507,0.5755,0.1826,0.7939,3.177,0.1186,0.0,dark red-brown,very elongated
Gajar,grading,grading__Gajar__Small__59__Grade-3.jpg,0.314,18.7,0.593,0.357,13.34,0.411,1,81871,499.7,213.3,2.343,0.656,0.961,0.794,0.904,4.497,1.2069,0.6137,0.1566,0.8161,3.18,0.0921,0.0,dark brown,very elongated
Gajar,grading,grading__Gajar__Small__5__Grade-2.jpg,0.34,18.5,0.536,0.35,13.41,0.409,1,88612,502.0,227.3,2.209,0.718,0.988,0.733,0.892,2.7136,0.9137,0.6717,0.1807,0.8933,3.182,0.0529,0.0,dark brown,very elongated
Gajar,grading,grading__Gajar__Small__62__Grade-2.jpg,0.306,17.4,0.567,0.366,13.07,0.418,1,79596,518.0,203.8,2.542,0.653,0.978,0.633,0.919,4.2421,1.202,0.6056,0.1611,0.8286,3.164,0.0886,0.0,dark brown,very elongated
Gajar,grading,grading__Gajar__Small__63__Grade-1.jpg,0.343,12.2,0.478,0.245,11.13,0.476,1,89307,498.5,232.7,2.142,0.713,0.988,0.788,0.884,3.0557,0.9115,0.6832,0.218,0.8305,3.174,0.0452,0.0,dark brown,oblong / elongated
Gajar,grading,grading__Gajar__Small__67__Grade-1.jpg,0.4,9.5,0.475,0.23,14.92,0.37,1,104292,481.9,278.6,1.73,0.793,0.995,0.816,0.816,2.4097,0.7392,0.7397,0.2374,0.9242,3.155,0.0405,0.0,dark red-brown,oblong / elongated
Gajar,grading,grading__Gajar__Small__67__Grade-3.jpg,0.343,19.2,0.572,0.339,14.38,0.383,1,89260,506.6,229.6,2.207,0.698,0.982,0.812,0.891,2.0279,0.7562,0.7116,0.1873,0.9217,3.142,0.0233,0.0,dark brown,very elongated
Gajar,grading,grading__Gajar__Small__72__Grade-1.jpg,0.279,12.3,0.352,0.274,13.72,0.401,1,72720,470.9,198.9,2.367,0.649,0.979,0.736,0.906,7.7313,1.6572,0.5423,0.1669,0.773,3.167,0.132,0.0,dark brown,very elongated
Gajar,grading,grading__Gajar__Small__73__Grade-1.jpg,0.302,8.0,0.262,0.239,13.5,0.407,1,78588,487.8,210.4,2.318,0.68,0.973,0.757,0.902,4.2446,1.1225,0.64,0.201,0.8634,3.193,0.0791,0.0,black / very dark brown,very elongated
Gajar,grading,grading__Gajar__Small__80__Grade-2.jpg,0.324,13.9,0.505,0.295,11.48,0.465,1,84453,476.4,227.5,2.094,0.731,0.988,0.773,0.879,2.4741,0.8438,0.6899,0.2048,0.853,3.159,0.0399,0.0,dark brown,oblong / elongated
Gajar,grading,grading__Gajar__Small__81__Grade-1.jpg,0.312,15.8,0.298,0.213,14.12,0.39,1,81312,515.9,206.9,2.493,0.674,0.981,0.826,0.916,5.1101,1.2848,0.6057,0.2011,0.8503,3.186,0.1005,0.0,black / very dark brown,very elongated
Gajar,grading,grading__Gajar__Small__81__Grade-2.jpg,0.324,13.9,0.505,0.295,11.48,0.465,1,84453,476.4,227.5,2.094,0.731,0.988,0.773,0.879,2.4741,0.8438,0.6899,0.2048,0.853,3.159,0.0399,0.0,dark brown,oblong / elongated
Gajar,grading,grading__Gajar__Small__82__Grade-3.jpg,0.342,18.9,0.594,0.375,13.4,0.409,1,89171,495.4,232.3,2.133,0.733,0.985,0.811,0.883,2.3908,0.8051,0.7039,0.1785,0.8982,3.205,0.0368,0.0,dark brown,oblong / elongated
Gajar,grading,grading__Gajar__Small__89__Grade-1.jpg,0.357,6.3,0.308,0.223,14.03,0.393,1,92897,496.0,240.5,2.062,0.727,0.985,0.77,0.875,4.9313,1.2198,0.6273,0.2187,0.8599,3.179,0.0927,0.0,black / very dark brown,oblong / elongated
Gajar,grading,grading__Gajar__Small__90__Grade-2.jpg,0.343,17.2,0.477,0.316,14.19,0.388,1,89371,507.1,230.1,2.204,0.692,0.985,0.782,0.891,4.036,1.1167,0.6361,0.171,0.8644,3.182,0.0735,0.0,dark brown,very elongated
Gajar,grading,grading__Gajar__Small__98__Grade-3.jpg,0.294,20.4,0.606,0.41,16.71,0.328,1,76415,498.5,201.2,2.478,0.658,0.959,0.802,0.915,3.2505,0.9997,0.653,0.1537,0.9003,3.172,0.0591,0.0,amber brown,very elongated
Gajar,grading,grading__Gajar__Small__9__Grade-3.jpg,0.344,25.1,0.611,0.491,14.1,0.391,1,89662,537.1,226.1,2.376,0.563,0.953,0.563,0.907,2.6634,0.9415,0.655,0.1622,0.8915,3.17,0.053,0.0,golden brown,very elongated
Galaxy,alhamdan,alhamdan__Galaxy Date (1).jpg,0.252,13.6,0.576,0.417,16.01,0.344,1,65575,332.8,258.3,1.288,0.807,0.977,0.783,0.631,2.2013,0.8171,0.6904,0.1927,0.9489,3.166,0.0304,0.0,amber brown,oval
Galaxy,alhamdan,alhamdan__Galaxy Date (10).jpg,0.26,17.2,0.551,0.491,18.57,0.29,1,67738,340.0,258.3,1.317,0.838,0.992,0.793,0.65,2.8242,1.0153,0.6256,0.1621,0.9351,3.212,0.055,0.0,amber brown,oval
Galaxy,alhamdan,alhamdan__Galaxy Date (100).jpg,0.28,15.5,0.596,0.555,16.85,0.325,1,72988,381.3,247.0,1.544,0.806,0.99,0.766,0.762,3.2445,1.1871,0.5706,0.1288,0.9234,3.218,0.0713,0.0,amber brown,oval
Galaxy,alhamdan,alhamdan__Galaxy Date (101).jpg,0.276,21.2,0.592,0.633,20.16,0.261,1,71756,382.3,248.8,1.536,0.772,0.98,0.755,0.759,2.0023,0.8488,0.6653,0.1381,0.9579,3.201,0.0374,0.0,amber brown,oval
Galaxy,alhamdan,alhamdan__Galaxy Date (102).jpg,0.235,13.9,0.519,0.526,17.1,0.32,1,61098,327.7,239.6,1.368,0.834,0.988,0.79,0.682,3.0902,1.1214,0.592,0.1428,0.9202,3.216,0.068,0.0,amber brown,oval
Galaxy,alhamdan,alhamdan__Galaxy Date (103).jpg,0.233,13.6,0.54,0.533,17.67,0.308,1,60661,331.8,235.3,1.41,0.82,0.981,0.814,0.705,3.123,1.0771,0.614,0.1468,0.9301,3.156,0.0573,0.0,amber brown,oval
Galaxy,alhamdan,alhamdan__Galaxy Date (104).jpg,0.233,13.9,0.525,0.486,16.83,0.326,1,60775,327.1,240.7,1.359,0.815,0.983,0.773,0.677,3.2227,1.0979,0.6091,0.1545,0.9322,3.145,0.0795,0.0,amber brown,oval
Galaxy,alhamdan,alhamdan__Galaxy Date (105).jpg,0.233,10.8,0.503,0.425,14.87,0.371,1,60539,329.0,239.3,1.375,0.823,0.989,0.792,0.686,2.8631,0.9916,0.6387,0.1726,0.9338,3.176,0.0576,0.0,dark red-brown,oval
Galaxy,alhamdan,alhamdan__Galaxy Date (106).jpg,0.236,13.0,0.483,0.443,15.92,0.346,1,61416,336.6,239.0,1.409,0.81,0.989,0.837,0.704,2.4439,0.919,0.6524,0.1681,0.944,3.218,0.0351,0.0,amber brown,oval
Galaxy,alhamdan,alhamdan__Galaxy Date (107).jpg,0.265,16.2,0.52,0.511,16.7,0.328,1,69138,352.5,254.8,1.384,0.812,0.98,0.765,0.691,2.1271,0.917,0.6396,0.1399,0.9456,3.167,0.0292,0.0,amber brown,oval
Galaxy,alhamdan,alhamdan__Galaxy Date (11).jpg,0.259,19.0,0.626,0.289,12.71,0.429,1,67506,324.9,271.4,1.197,0.804,0.972,0.802,0.55,1.9677,0.7319,0.7224,0.25,0.921,3.096,0.0167,0.0,dark brown,round
Galaxy,alhamdan,alhamdan__Galaxy Date (110).jpg,0.255,15.1,0.536,0.517,16.95,0.323,1,66429,324.5,265.2,1.224,0.84,0.99,0.775,0.577,2.9937,1.0321,0.6297,0.1498,0.9379,3.175,0.0689,0.0,amber brown,round
Galaxy,alhamdan,alhamdan__Galaxy Date (111).jpg,0.262,15.4,0.544,0.45,14.64,0.377,1,68163,332.4,268.4,1.239,0.807,0.98,0.792,0.59,2.5892,0.9735,0.6335,0.1605,0.9279,3.207,0.0418,0.0,amber brown,round
Galaxy,alhamdan,alhamdan__Galaxy Date (112).jpg,0.232,13.5,0.561,0.504,16.18,0.34,1,60340,332.6,237.8,1.399,0.814,0.987,0.788,0.699,2.7926,1.0189,0.6262,0.1639,0.9335,3.177,0.0612,0.0,amber brown,oval
Galaxy,alhamdan,alhamdan__Galaxy Date (114).jpg,0.225,17.0,0.587,0.515,17.32,0.315,1,58653,334.4,227.3,1.471,0.834,0.992,0.81,0.733,2.0768,0.8548,0.6668,0.1671,0.9481,3.181,0.0386,0.0,amber brown,oval
Galaxy,alhamdan,alhamdan__Galaxy Date (116).jpg,0.245,16.1,0.563,0.475,18.54,0.291,1,63738,327.3,250.8,1.305,0.834,0.986,0.779,0.643,2.9832,1.0605,0.6151,0.1443,0.9406,3.175,0.0609,0.0,amber brown,oval
Galaxy,alhamdan,alhamdan__Galaxy Date (117).jpg,0.228,13.8,0.566,0.475,18.72,0.287,1,59416,338.1,225.5,1.499,0.807,0.981,0.768,0.745,2.2867,0.9112,0.6509,0.1503,0.9522,3.194,0.0406,0.0,amber brown,oval
Galaxy,alhamdan,alhamdan__Galaxy Date (118).jpg,0.234,16.7,0.559,0.559,18.96,0.283,1,61048,330.7,239.0,1.383,0.808,0.978,0.771,0.691,2.6812,1.0191,0.6183,0.1398,0.9302,3.204,0.0559,0.0,amber brown,oval
Galaxy,alhamdan,alhamdan__Galaxy Date (119).jpg,0.265,13.3,0.56,0.495,14.68,0.376,1,69014,364.2,246.4,1.478,0.784,0.979,0.781,0.736,3.1531,1.1,0.6023,0.1564,0.9133,3.188,0.063,0.0,amber brown,oval
Galaxy,alhamdan,alhamdan__Galaxy Date (12).jpg,0.26,13.4,0.53,0.425,14.85,0.372,1,67701,320.4,275.2,1.164,0.841,0.981,0.773,0.512,3.1433,1.1199,0.593,0.1455,0.8994,3.152,0.0689,0.0,amber brown,round
Galaxy,alhamdan,alhamdan__Galaxy Date (122).jpg,0.239,14.6,0.512,0.496,16.64,0.33,1,62136,336.7,236.8,1.422,0.826,0.986,0.801,0.711,3.253,1.1544,0.5843,0.1307,0.927,3.216,0.0677,0.0,amber brown,oval
Galaxy,alhamdan,alhamdan__Galaxy Date (123).jpg,0.243,15.5,0.498,0.515,17.69,0.307,1,63190,335.3,244.6,1.371,0.822,0.987,0.804,0.684,3.4638,1.1634,0.5867,0.1266,0.919,3.213,0.0682,0.0,amber brown,oval
Galaxy,alhamdan,alhamdan__Galaxy Date (125).jpg,0.227,13.4,0.523,0.466,14.85,0.371,1,59081,330.6,234.3,1.411,0.809,0.986,0.777,0.705,2.6975,1.0001,0.6264,0.1587,0.9305,3.203,0.0472,0.0,amber brown,oval
Galaxy,alhamdan,alhamdan__Galaxy Date (126).jpg,0.233,14.4,0.596,0.56,16.5,0.333,1,60562,326.6,242.3,1.348,0.821,0.989,0.772,0.67,2.7583,0.9894,0.6346,0.1549,0.9235,3.197,0.0556,0.0,amber brown,oval
Galaxy,alhamdan,alhamdan__Galaxy Date (127).jpg,0.232,20.0,0.609,0.489,17.67,0.308,1,60286,328.2,238.2,1.378,0.821,0.988,0.776,0.688,2.3696,0.9147,0.6519,0.1515,0.9398,3.152,0.0336,0.0,amber brown,oval
Galaxy,alhamdan,alhamdan__Galaxy Date (129).jpg,0.268,20.2,0.631,0.292,13.31,0.412,1,69851,335.1,270.2,1.24,0.814,0.978,0.791,0.591,1.3736,0.5915,0.7612,0.2316,0.9544,3.071,0.0058,0.0,dark brown,round
Galaxy,alhamdan,alhamdan__Galaxy Date (131).jpg,0.248,20.2,0.57,0.546,18.8,0.285,1,64643,352.9,240.7,1.466,0.798,0.987,0.786,0.731,2.1195,0.8953,0.6501,0.1379,0.9477,3.197,0.0299,0.0,amber brown,oval
Galaxy,alhamdan,alhamdan__Galaxy Date (132).jpg,0.255,16.3,0.525,0.522,16.67,0.329,1,66295,352.7,247.2,1.427,0.805,0.982,0.811,0.713,2.6422,1.0318,0.6119,0.1383,0.931,3.216,0.038,0.0,amber brown,oval
Galaxy,alhamdan,alhamdan__Galaxy Date (135).jpg,0.247,15.4,0.565,0.526,16.32,0.337,1,64370,339.9,246.9,1.376,0.812,0.981,0.818,0.687,2.7617,1.0328,0.6174,0.1509,0.9294,3.183,0.0549,0.0,amber brown,oval
Galaxy,alhamdan,alhamdan__Galaxy Date (137).jpg,0.297,15.1,0.563,0.555,18.28,0.296,1,77438,385.6,265.0,1.455,0.79,0.984,0.764,0.726,3.5238,1.2162,0.5701,0.1274,0.9197,3.171,0.0753,0.0,amber brown,oval
Galaxy,alhamdan,alhamdan__Galaxy Date (139).jpg,0.241,14.1,0.567,0.529,17.24,0.317,1,62868,335.7,246.3,1.363,0.807,0.984,0.782,0.68,2.899,1.0015,0.6381,0.1579,0.9291,3.196,0.0549,0.0,amber brown,oval
Galaxy,alhamdan,alhamdan__Galaxy Date (14).jpg,0.245,16.9,0.642,0.588,17.63,0.309,1,63653,368.3,227.4,1.62,0.771,0.989,0.736,0.787,2.9635,1.0857,0.6009,0.1379,0.9187,3.198,0.0588,0.0,amber brown,oblong / elongated
Galaxy,alhamdan,alhamdan__Galaxy Date (141).jpg,0.216,18.4,0.602,0.536,17.73,0.307,1,56288,324.6,228.0,1.424,0.801,0.98,0.772,0.712,2.3004,0.9165,0.6479,0.1458,0.939,3.187,0.0379,0.0,amber brown,oval
Galaxy,alhamdan,alhamdan__Galaxy Date (143).jpg,0.225,14.4,0.535,0.467,15.23,0.362,1,58641,339.1,226.7,1.495,0.799,0.986,0.801,0.744,2.3273,0.915,0.6474,0.1788,0.9364,3.221,0.0227,0.0,amber brown,oval
Galaxy,alhamdan,alhamdan__Galaxy Date (145).jpg,0.256,15.0,0.626,0.509,15.66,0.352,1,66544,369.9,242.2,1.527,0.756,0.981,0.79,0.756,3.0727,1.0593,0.6185,0.159,0.911,3.168,0.0575,0.0001,amber brown,oval
Galaxy,alhamdan,alhamdan__Galaxy Date (146).jpg,0.26,17.1,0.612,0.531,15.44,0.357,1,67601,338.4,262.0,1.292,0.815,0.986,0.822,0.633,2.681,0.982,0.6369,0.1715,0.9047,3.199,0.0488,0.0,amber brown,oval
Galaxy,alhamdan,alhamdan__Galaxy Date (150).jpg,0.257,16.6,0.54,0.472,18.36,0.294,1,66985,348.8,249.9,1.396,0.819,0.986,0.794,0.698,2.3596,0.9181,0.6533,0.1477,0.9539,3.182,0.0453,0.0,amber brown,oval
Galaxy,alhamdan,alhamdan__Galaxy Date (151).jpg,0.259,15.4,0.514,0.496,17.95,0.302,1,67314,347.1,253.8,1.368,0.799,0.973,0.788,0.682,2.9705,1.074,0.6089,0.1394,0.9394,3.198,0.0717,0.0,amber brown,oval
Galaxy,alhamdan,alhamdan__Galaxy Date (152).jpg,0.232,12.1,0.542,0.491,16.25,0.339,1,60401,333.5,233.5,1.429,0.818,0.98,0.808,0.714,3.1362,1.054,0.6263,0.1626,0.9312,3.228,0.0691,0.0,amber brown,oval
Galaxy,alhamdan,alhamdan__Galaxy Date (155).jpg,0.279,14.2,0.547,0.53,16.81,0.326,1,72673,365.0,260.0,1.404,0.815,0.988,0.762,0.702,3.6078,1.213,0.5753,0.1444,0.9139,3.218,0.0818,0.0,amber brown,oval
Galaxy,alhamdan,alhamdan__Galaxy Date (156).jpg,0.288,15.8,0.492,0.39,19.09,0.28,1,75121,336.0,289.8,1.16,0.833,0.986,0.833,0.506,2.633,0.9442,0.6508,0.1635,0.9485,3.184,0.0434,0.0,dark brown,round
Galaxy,alhamdan,alhamdan__Galaxy Date (157).jpg,0.239,15.4,0.47,0.445,18.09,0.299,1,62291,326.0,245.0,1.331,0.841,0.987,0.786,0.66,3.1251,1.1231,0.5948,0.1343,0.9266,3.152,0.069,0.0,amber brown,oval
Galaxy,alhamdan,alhamdan__Galaxy Date (158).jpg,0.225,19.1,0.64,0.439,16.54,0.332,1,58480,329.3,231.6,1.422,0.807,0.985,0.778,0.711,1.7502,0.7672,0.693,0.164,0.9538,3.133,0.0236,0.0,amber brown,oval
Galaxy,alhamdan,alhamdan__Galaxy Date (159).jpg,0.23,19.1,0.596,0.538,15.94,0.346,1,59950,330.7,236.0,1.401,0.829,0.991,0.794,0.7,2.5295,1.0093,0.6173,0.1456,0.9217,3.182,0.0501,0.0,amber brown,oval
Galaxy,alhamdan,alhamdan__Galaxy Date (16).jpg,0.247,14.4,0.604,0.595,17.81,0.305,1,64287,366.5,230.2,1.592,0.777,0.988,0.752,0.778,3.0988,1.1245,0.5919,0.1394,0.9216,3.192,0.0653,0.0,amber brown,oval
Galaxy,alhamdan,alhamdan__Galaxy Date (161).jpg,0.243,16.5,0.583,0.565,17.3,0.316,1,63248,334.8,245.4,1.364,0.839,0.991,0.814,0.68,2.4616,0.9661,0.6305,0.1489,0.9225,3.234,0.0343,0.0,amber brown,oval
Galaxy,alhamdan,alhamdan__Galaxy Date (162).jpg,0.236,11.9,0.482,0.434,15.23,0.362,1,61539,324.3,247.2,1.312,0.81,0.978,0.779,0.647,3.1318,1.1039,0.5986,0.1437,0.9163,3.178,0.059,0.0,dark red-brown,oval
Galaxy,alhamdan,alhamdan__Galaxy Date (163).jpg,0.215,13.2,0.527,0.417,15.75,0.35,1,55840,326.4,221.8,1.471,0.811,0.987,0.773,0.734,2.7193,0.9568,0.6482,0.1724,0.9318,3.142,0.0473,0.0,amber brown,oval
Galaxy,alhamdan,alhamdan__Galaxy Date (166).jpg,0.253,13.0,0.53,0.508,16.7,0.328,1,65803,331.2,259.5,1.276,0.828,0.985,0.806,0.621,2.8242,1.0251,0.6233,0.1537,0.9287,3.157,0.0601,0.0,amber brown,oval
Galaxy,alhamdan,alhamdan__Galaxy Date (167).jpg,0.258,12.8,0.541,0.426,15.91,0.346,1,67292,335.9,263.3,1.276,0.824,0.984,0.816,0.621,2.3582,0.8791,0.6699,0.1822,0.9463,3.16,0.0404,0.0,amber brown,oval
Galaxy,alhamdan,alhamdan__Galaxy Date (168).jpg,0.213,12.8,0.569,0.466,16.11,0.342,1,55494,314.7,227.9,1.381,0.779,0.972,0.759,0.69,2.557,0.9348,0.6532,0.1745,0.9429,3.162,0.0497,0.0,amber brown,oval
Galaxy,alhamdan,alhamdan__Galaxy Date (169).jpg,0.209,14.5,0.559,0.452,16.01,0.344,1,54469,320.5,221.2,1.449,0.749,0.968,0.758,0.724,2.4348,0.904,0.6599,0.1737,0.9447,3.192,0.0378,0.0,amber brown,oval
Galaxy,alhamdan,alhamdan__Galaxy Date (17).jpg,0.244,15.2,0.572,0.459,16.99,0.322,1,63614,333.7,248.1,1.345,0.799,0.983,0.812,0.669,2.5525,0.9485,0.6449,0.1606,0.9445,3.182,0.0365,0.0,amber brown,oval
Galaxy,alhamdan,alhamdan__Galaxy Date (172).jpg,0.237,14.1,0.565,0.527,17.23,0.317,1,61640,328.9,245.6,1.339,0.779,0.978,0.777,0.665,2.9916,1.0359,0.6274,0.1586,0.9361,3.174,0.0669,0.0,amber brown,oval
Galaxy,alhamdan,alhamdan__Galaxy Date (174).jpg,0.234,15.3,0.56,0.498,16.74,0.328,1,60883,339.3,238.8,1.421,0.782,0.985,0.758,0.711,2.922,1.1202,0.5849,0.1299,0.9299,3.202,0.0546,0.0,amber brown,oval
Galaxy,alhamdan,alhamdan__Galaxy Date (175).jpg,0.248,17.9,0.584,0.502,17.79,0.305,1,64565,334.4,256.9,1.302,0.803,0.985,0.764,0.64,2.5726,0.9897,0.6254,0.1447,0.9403,3.241,0.0319,0.0,amber brown,oval
Galaxy,alhamdan,alhamdan__Galaxy Date (176).jpg,0.208,10.6,0.441,0.398,14.65,0.377,1,54096,329.3,212.4,1.551,0.793,0.985,0.799,0.764,3.4552,1.1387,0.5992,0.147,0.9176,3.189,0.0745,0.0,dark red-brown,oval
Galaxy,alhamdan,alhamdan__Galaxy Date (177).jpg,0.234,12.9,0.546,0.411,15.37,0.359,1,60796,334.9,236.7,1.415,0.786,0.979,0.808,0.707,2.8028,0.9839,0.6376,0.1755,0.9326,3.185,0.0445,0.0,amber brown,oval
Galaxy,alhamdan,alhamdan__Galaxy Date (178).jpg,0.244,14.4,0.465,0.501,14.84,0.372,1,63521,345.3,241.5,1.43,0.772,0.976,0.757,0.715,3.3004,1.2013,0.5657,0.1317,0.9098,3.194,0.078,0.0,amber brown,oval
Galaxy,alhamdan,alhamdan__Galaxy Date (179).jpg,0.248,15.8,0.546,0.543,17.54,0.311,1,64499,347.3,242.4,1.433,0.779,0.974,0.752,0.716,3.1063,1.1363,0.5869,0.1326,0.9211,3.159,0.0711,0.0,amber brown,oval
Galaxy,alhamdan,alhamdan__Galaxy Date (18).jpg,0.236,14.7,0.562,0.455,17.56,0.31,1,61398,325.3,245.7,1.324,0.814,0.988,0.783,0.656,2.7241,0.9775,0.6431,0.1597,0.9452,3.176,0.0499,0.0,amber brown,oval
Galaxy,alhamdan,alhamdan__Galaxy Date (180).jpg,0.234,15.6,0.492,0.456,16.31,0.337,1,60819,338.2,235.3,1.437,0.815,0.988,0.818,0.718,2.5717,1.0066,0.6208,0.1516,0.9306,3.19,0.049,0.0,amber brown,oval
Galaxy,alhamdan,alhamdan__Galaxy Date (181).jpg,0.235,16.2,0.509,0.525,17.93,0.303,1,61240,318.7,248.4,1.283,0.837,0.988,0.756,0.627,2.8032,1.0609,0.6071,0.1301,0.934,3.209,0.0675,0.0,amber brown,oval
Galaxy,alhamdan,alhamdan__Galaxy Date (182).jpg,0.226,13.6,0.425,0.411,14.91,0.37,1,58907,325.9,235.0,1.387,0.811,0.984,0.772,0.693,3.4673,1.142,0.5981,0.143,0.9235,3.2,0.0766,0.0,amber brown,oval
Galaxy,alhamdan,alhamdan__Galaxy Date (183).jpg,0.247,13.5,0.452,0.398,16.01,0.344,1,64313,326.1,254.6,1.281,0.819,0.979,0.794,0.625,3.154,1.0721,0.6172,0.1512,0.9295,3.171,0.0685,0.0,dark brown,oval
Galaxy,alhamdan,alhamdan__Galaxy Date (184).jpg,0.233,16.3,0.541,0.496,15.28,0.361,1,60665,330.3,240.2,1.375,0.798,0.979,0.781,0.687,2.3779,0.9166,0.6521,0.1686,0.9291,3.198,0.0466,0.0,amber brown,oval
Galaxy,alhamdan,alhamdan__Galaxy Date (185).jpg,0.24,14.4,0.542,0.517,14.92,0.37,1,62418,337.2,241.9,1.394,0.799,0.974,0.837,0.697,2.4852,0.9608,0.6391,0.1566,0.9211,3.2,0.0533,0.0,amber brown,oval
Galaxy,alhamdan,alhamdan__Galaxy Date (186).jpg,0.252,13.0,0.483,0.449,18.62,0.289,1,65504,323.3,262.5,1.232,0.841,0.984,0.761,0.584,3.0747,1.0589,0.6218,0.1416,0.9375,3.14,0.0813,0.0,amber brown,round
Galaxy,alhamdan,alhamdan__Galaxy Date (188).jpg,0.255,11.5,0.538,0.491,16.4,0.335,1,66273,339.4,257.1,1.32,0.803,0.977,0.812,0.653,3.2672,1.0876,0.6164,0.1558,0.9295,3.188,0.0669,0.0,reddish brown,oval
Galaxy,alhamdan,alhamdan__Galaxy Date (189).jpg,0.252,11.0,0.542,0.55,17.21,0.318,1,65512,338.1,255.2,1.325,0.8,0.977,0.81,0.656,3.3644,1.1358,0.6005,0.1428,0.9233,3.19,0.0813,0.0,reddish brown,oval
Galaxy,alhamdan,alhamdan__Galaxy Date (2).jpg,0.243,14.6,0.533,0.518,15.9,0.346,1,63334,329.5,248.3,1.327,0.837,0.988,0.802,0.657,2.7528,1.0317,0.6161,0.1465,0.9223,3.194,0.0526,0.0,amber brown,oval
Galaxy,alhamdan,alhamdan__Galaxy Date (21).jpg,0.281,13.4,0.59,0.495,16.59,0.331,1,73137,363.4,261.9,1.387,0.812,0.981,0.783,0.693,2.7289,0.9528,0.6496,0.1642,0.9359,3.176,0.0485,0.0,amber brown,oval
Galaxy,alhamdan,alhamdan__Galaxy Date (22).jpg,0.267,14.2,0.554,0.568,18.77,0.286,1,69404,375.4,240.5,1.561,0.789,0.982,0.79,0.768,3.0529,1.0461,0.6226,0.1454,0.9343,3.176,0.0581,0.0,amber brown,oval
Galaxy,alhamdan,alhamdan__Galaxy Date (26).jpg,0.241,12.6,0.53,0.443,15.74,0.35,1,62760,338.0,242.6,1.393,0.813,0.987,0.817,0.696,2.977,0.9996,0.6394,0.1713,0.9212,3.153,0.0574,0.0,amber brown,oval
Galaxy,alhamdan,alhamdan__Galaxy Date (28).jpg,0.274,16.7,0.568,0.497,17.92,0.303,1,71271,366.1,255.0,1.436,0.811,0.989,0.803,0.718,2.3624,0.9236,0.6494,0.1492,0.94,3.165,0.0387,0.0,amber brown,oval
Galaxy,alhamdan,alhamdan__Galaxy Date (3).jpg,0.252,17.4,0.536,0.527,18.59,0.29,1,65506,355.1,242.6,1.464,0.783,0.975,0.779,0.73,2.9813,1.09,0.6021,0.129,0.9392,3.178,0.0713,0.0,amber brown,oval
Galaxy,alhamdan,alhamdan__Galaxy Date (31).jpg,0.245,19.6,0.653,0.541,15.92,0.346,1,63765,333.0,247.2,1.347,0.787,0.975,0.787,0.67,2.2496,0.8858,0.6595,0.168,0.9333,3.18,0.0317,0.0,amber brown,oval
Galaxy,alhamdan,alhamdan__Galaxy Date (32).jpg,0.248,18.0,0.646,0.522,15.38,0.359,1,64665,336.3,248.8,1.352,0.793,0.974,0.781,0.673,3.1207,1.0561,0.6202,0.1722,0.9136,3.195,0.0549,0.0,amber brown,oval
Galaxy,alhamdan,alhamdan__Galaxy Date (33).jpg,0.249,18.5,0.665,0.553,16.44,0.334,1,64853,334.5,251.3,1.331,0.805,0.98,0.797,0.66,2.4247,0.9391,0.6424,0.16,0.9348,3.176,0.0361,0.0,amber brown,oval
Galaxy,alhamdan,alhamdan__Galaxy Date (34).jpg,0.228,15.0,0.545,0.489,18.24,0.296,1,59281,343.1,223.8,1.533,0.803,0.987,0.788,0.758,2.5362,0.94,0.6478,0.1618,0.9383,3.175,0.0442,0.0,amber brown,oval
Galaxy,alhamdan,alhamdan__Galaxy Date (35).jpg,0.246,11.9,0.44,0.48,16.39,0.335,1,64139,346.1,239.7,1.444,0.82,0.991,0.781,0.721,3.117,1.1217,0.5921,0.1338,0.9326,3.196,0.0636,0.0,reddish brown,oval
Galaxy,alhamdan,alhamdan__Galaxy Date (36).jpg,0.237,15.7,0.538,0.537,17.71,0.307,1,61739,335.1,238.1,1.407,0.829,0.991,0.786,0.704,2.4543,0.9772,0.6302,0.1489,0.93,3.167,0.0496,0.0,amber brown,oval
Galaxy,alhamdan,alhamdan__Galaxy Date (37).jpg,0.245,14.5,0.536,0.277,12.5,0.435,1,63902,334.7,247.1,1.354,0.818,0.984,0.785,0.674,2.0677,0.828,0.6799,0.2066,0.941,3.073,0.0183,0.0,dark brown,oval
Galaxy,alhamdan,alhamdan__Galaxy Date (38).jpg,0.249,16.2,0.546,0.518,15.11,0.365,1,64846,355.6,239.4,1.485,0.806,0.987,0.778,0.739,2.8877,1.0908,0.5962,0.1548,0.9201,3.227,0.0441,0.0,amber brown,oval
Galaxy,alhamdan,alhamdan__Galaxy Date (39).jpg,0.243,13.8,0.515,0.438,14.65,0.377,1,63207,358.9,232.2,1.545,0.783,0.985,0.778,0.762,3.5306,1.2165,0.5718,0.1399,0.9163,3.191,0.0738,0.0,amber brown,oval
Galaxy,alhamdan,alhamdan__Galaxy Date (4).jpg,0.25,17.1,0.58,0.46,18.89,0.284,1,65137,343.5,248.2,1.384,0.798,0.979,0.781,0.691,2.7953,0.9481,0.6571,0.1466,0.9433,3.131,0.0497,0.0,amber brown,oval
Galaxy,alhamdan,alhamdan__Galaxy Date (40).jpg,0.247,13.4,0.496,0.424,17.17,0.318,1,64417,317.5,260.6,1.218,0.851,0.989,0.756,0.571,2.4618,0.9429,0.6446,0.1494,0.9477,3.153,0.0463,0.0,amber brown,round
Galaxy,alhamdan,alhamdan__Galaxy Date (41).jpg,0.229,13.6,0.519,0.43,16.93,0.323,1,59510,330.6,236.0,1.401,0.809,0.985,0.782,0.7,3.4854,1.1731,0.588,0.1455,0.9208,3.192,0.0796,0.0,amber brown,oval
Galaxy,alhamdan,alhamdan__Galaxy Date (42).jpg,0.21,18.6,0.63,0.498,18.18,0.298,1,54535,318.0,223.8,1.42,0.796,0.98,0.752,0.71,2.0713,0.8335,0.6752,0.1565,0.9527,3.185,0.0292,0.0,amber brown,oval
Galaxy,alhamdan,alhamdan__Galaxy Date (44).jpg,0.234,18.3,0.6,0.486,17.26,0.316,1,60922,330.7,240.6,1.375,0.79,0.979,0.779,0.686,1.887,0.8062,0.6828,0.1622,0.9514,3.152,0.0297,0.0,amber brown,oval
Galaxy,alhamdan,alhamdan__Galaxy Date (46).jpg,0.262,17.8,0.633,0.549,16.32,0.337,1,68283,381.7,238.2,1.603,0.758,0.983,0.754,0.781,2.6447,1.0238,0.6164,0.1401,0.9369,3.157,0.058,0.0,amber brown,oblong / elongated
Galaxy,alhamdan,alhamdan__Galaxy Date (47).jpg,0.264,19.0,0.623,0.541,15.88,0.347,1,68767,380.1,237.6,1.6,0.779,0.986,0.783,0.781,2.4083,1.0077,0.6126,0.1407,0.9385,3.14,0.0451,0.0,amber brown,oval
Galaxy,alhamdan,alhamdan__Galaxy Date (48).jpg,0.29,17.2,0.644,0.365,13.32,0.411,1,75444,360.8,268.4,1.345,0.832,0.987,0.781,0.668,1.9187,0.8325,0.671,0.1791,0.9158,3.079,0.0204,0.0,dark brown,oval
Galaxy,alhamdan,alhamdan__Galaxy Date (49).jpg,0.303,19.6,0.626,0.589,18.49,0.291,1,78868,390.6,261.2,1.495,0.8,0.986,0.783,0.743,2.7762,1.0194,0.623,0.1362,0.9376,3.181,0.0527,0.0,amber brown,oval
Galaxy,alhamdan,alhamdan__Galaxy Date (5).jpg,0.238,19.3,0.564,0.522,17.61,0.309,1,62078,359.9,226.9,1.586,0.791,0.99,0.769,0.776,3.1018,1.1019,0.6026,0.1341,0.9255,3.124,0.0745,0.0,amber brown,oval
Galaxy,alhamdan,alhamdan__Galaxy Date (50).jpg,0.283,16.9,0.617,0.58,17.91,0.303,1,73710,390.1,244.9,1.593,0.79,0.985,0.769,0.778,2.5982,0.9922,0.6288,0.1407,0.9359,3.175,0.049,0.0,amber brown,oval
Galaxy,alhamdan,alhamdan__Galaxy Date (51).jpg,0.267,15.6,0.451,0.496,16.52,0.332,1,69612,362.2,249.4,1.452,0.807,0.987,0.802,0.725,3.775,1.2937,0.5468,0.1249,0.908,3.213,0.0902,0.0,amber brown,oval
Galaxy,alhamdan,alhamdan__Galaxy Date (52).jpg,0.255,17.6,0.484,0.443,19.07,0.28,1,66405,356.0,244.0,1.459,0.804,0.983,0.803,0.728,3.1939,1.1194,0.5977,0.1245,0.94,3.203,0.0714,0.0,amber brown,oval
Galaxy,alhamdan,alhamdan__Galaxy Date (53).jpg,0.26,13.8,0.511,0.569,20.07,0.262,1,67714,362.0,245.0,1.478,0.805,0.984,0.805,0.736,3.2446,1.1303,0.5953,0.1315,0.9326,3.204,0.0669,0.0,amber brown,oval
Galaxy,alhamdan,alhamdan__Galaxy Date (54).jpg,0.238,14.0,0.562,0.435,16.37,0.336,1,62045,326.1,246.0,1.326,0.835,0.989,0.786,0.656,2.9785,1.0127,0.6354,0.1646,0.9283,3.166,0.0621,0.0,amber brown,oval
Galaxy,alhamdan,alhamdan__Galaxy Date (55).jpg,0.255,14.5,0.563,0.445,15.47,0.357,1,66441,327.2,262.9,1.244,0.827,0.983,0.796,0.595,2.7806,1.0124,0.6259,0.1693,0.9352,3.193,0.045,0.0,amber brown,round
Galaxy,alhamdan,alhamdan__Galaxy Date (56).jpg,0.257,13.3,0.559,0.488,16.02,0.344,1,66860,337.5,258.9,1.303,0.807,0.976,0.82,0.641,2.7991,0.948,0.6539,0.1794,0.9372,3.164,0.0427,0.0,amber brown,oval
Galaxy,alhamdan,alhamdan__Galaxy Date (57).jpg,0.255,18.4,0.651,0.572,16.29,0.338,1,66266,375.2,233.2,1.609,0.776,0.984,0.799,0.783,2.1129,0.924,0.637,0.1457,0.9416,3.164,0.0392,0.0,amber brown,oblong / elongated
Galaxy,alhamdan,alhamdan__Galaxy Date (58).jpg,0.265,16.3,0.618,0.551,15.35,0.359,1,69117,387.1,236.3,1.638,0.773,0.985,0.803,0.792,2.5381,1.0009,0.6201,0.1627,0.92,3.198,0.0398,0.0,amber brown,oblong / elongated
Galaxy,alhamdan,alhamdan__Galaxy Date (59).jpg,0.236,14.3,0.545,0.419,15.17,0.364,1,61539,331.9,238.7,1.39,0.807,0.985,0.818,0.695,2.914,1.0305,0.6252,0.1612,0.9282,3.182,0.057,0.0,amber brown,oval
Galaxy,alhamdan,alhamdan__Galaxy Date (63).jpg,0.301,17.5,0.571,0.57,18.12,0.299,1,78303,384.0,264.6,1.452,0.807,0.989,0.766,0.725,3.0944,1.0747,0.6138,0.1399,0.9246,3.173,0.0652,0.0001,amber brown,oval
Galaxy,alhamdan,alhamdan__Galaxy Date (65).jpg,0.257,18.0,0.555,0.487,15.99,0.344,1,66979,339.3,262.5,1.293,0.785,0.982,0.758,0.634,3.0015,1.0856,0.6027,0.1379,0.9222,3.19,0.0584,0.0001,amber brown,oval
Galaxy,alhamdan,alhamdan__Galaxy Date (67).jpg,0.231,17.4,0.563,0.551,17.12,0.319,1,60034,332.3,235.9,1.408,0.811,0.984,0.786,0.704,2.5056,1.0189,0.6118,0.1335,0.9371,3.174,0.0516,0.0,amber brown,oval
Galaxy,alhamdan,alhamdan__Galaxy Date (68).jpg,0.244,16.2,0.59,0.542,17.53,0.311,1,63598,332.1,248.8,1.335,0.815,0.985,0.793,0.662,2.7194,1.0496,0.6081,0.1415,0.9312,3.18,0.0608,0.0,amber brown,oval
Galaxy,alhamdan,alhamdan__Galaxy Date (69).jpg,0.244,12.9,0.512,0.455,16.52,0.332,1,63529,332.7,247.6,1.344,0.835,0.988,0.814,0.668,3.0996,1.0784,0.6129,0.1532,0.9305,3.141,0.0711,0.0,amber brown,oval
Galaxy,alhamdan,alhamdan__Galaxy Date (7).jpg,0.203,15.8,0.526,0.481,16.6,0.331,1,52884,325.0,211.4,1.538,0.801,0.98,0.804,0.76,2.8441,1.0145,0.6272,0.1478,0.938,3.195,0.0461,0.0,amber brown,oval
Galaxy,alhamdan,alhamdan__Galaxy Date (71).jpg,0.235,13.5,0.51,0.418,14.79,0.373,1,61093,334.2,235.7,1.418,0.814,0.985,0.807,0.709,2.9589,1.0768,0.6053,0.1505,0.9256,3.164,0.0591,0.0,amber brown,oval
Galaxy,alhamdan,alhamdan__Galaxy Date (72).jpg,0.244,14.9,0.56,0.456,15.94,0.346,1,63576,330.7,246.7,1.34,0.836,0.988,0.802,0.666,2.2126,0.8669,0.6672,0.1685,0.9434,3.16,0.0386,0.0,amber brown,oval
Galaxy,alhamdan,alhamdan__Galaxy Date (73).jpg,0.209,14.5,0.529,0.489,15.62,0.353,1,54442,345.1,204.2,1.69,0.778,0.987,0.793,0.806,3.7156,1.2252,0.5725,0.1379,0.9048,3.173,0.0774,0.0,amber brown,oblong / elongated
Galaxy,alhamdan,alhamdan__Galaxy Date (74).jpg,0.227,14.3,0.548,0.482,16.11,0.342,1,59162,346.2,219.6,1.577,0.815,0.99,0.805,0.773,2.9406,1.0375,0.6226,0.1593,0.9241,3.174,0.0544,0.0,amber brown,oval
Galaxy,alhamdan,alhamdan__Galaxy Date (76).jpg,0.239,11.7,0.549,0.447,15.5,0.356,1,62124,330.5,245.0,1.349,0.813,0.98,0.816,0.671,2.6647,0.9438,0.6485,0.174,0.9369,3.191,0.0392,0.0,dark red-brown,oval
Galaxy,alhamdan,alhamdan__Galaxy Date (77).jpg,0.252,16.5,0.55,0.49,13.86,0.397,1,65502,339.4,252.6,1.344,0.806,0.98,0.776,0.668,2.6775,1.0429,0.6061,0.1671,0.916,3.224,0.0393,0.0,amber brown,oval
Galaxy,alhamdan,alhamdan__Galaxy Date (78).jpg,0.26,15.3,0.588,0.508,15.73,0.35,1,67700,347.9,253.7,1.371,0.812,0.982,0.786,0.684,2.5025,0.9224,0.6566,0.1691,0.9414,3.201,0.0433,0.0,amber brown,oval
Galaxy,alhamdan,alhamdan__Galaxy Date (79).jpg,0.219,15.5,0.587,0.542,18.79,0.286,1,56947,328.1,227.3,1.443,0.802,0.988,0.771,0.721,2.8137,1.0333,0.6206,0.1403,0.934,3.156,0.0597,0.0,amber brown,oval
Galaxy,alhamdan,alhamdan__Galaxy Date (8).jpg,0.229,19.7,0.578,0.529,17.7,0.307,1,59708,327.3,237.6,1.378,0.804,0.979,0.782,0.688,2.8226,1.043,0.6178,0.1414,0.9241,3.139,0.0725,0.0,amber brown,oval
Galaxy,alhamdan,alhamdan__Galaxy Date (80).jpg,0.231,16.3,0.605,0.556,17.95,0.302,1,60009,327.0,239.4,1.366,0.808,0.98,0.773,0.681,2.7459,0.9916,0.6341,0.1406,0.9295,3.161,0.0578,0.0,amber brown,oval
Galaxy,alhamdan,alhamdan__Galaxy Date (81).jpg,0.216,17.0,0.616,0.513,16.27,0.338,1,56281,336.0,220.0,1.527,0.797,0.988,0.78,0.756,2.4828,0.9827,0.6259,0.157,0.9342,3.186,0.0348,0.0,amber brown,oval
Galaxy,alhamdan,alhamdan__Galaxy Date (82).jpg,0.221,18.0,0.632,0.523,16.34,0.336,1,57547,339.1,224.6,1.51,0.791,0.986,0.796,0.749,2.3564,0.9598,0.6317,0.1515,0.9344,3.18,0.0394,0.0,amber brown,oval
Galaxy,alhamdan,alhamdan__Galaxy Date (85).jpg,0.251,16.7,0.658,0.335,10.84,0.486,1,65468,341.3,248.1,1.376,0.816,0.981,0.816,0.687,2.0673,0.7626,0.711,0.2501,0.8881,3.102,0.0194,0.0,dark brown,oval
Galaxy,alhamdan,alhamdan__Galaxy Date (87).jpg,0.266,15.6,0.6,0.559,17.07,0.32,1,69220,374.4,240.8,1.555,0.787,0.99,0.748,0.766,3.4316,1.1701,0.5873,0.1445,0.9177,3.191,0.0847,0.0,amber brown,oval
Galaxy,alhamdan,alhamdan__Galaxy Date (88).jpg,0.253,16.9,0.548,0.539,18.44,0.293,1,65785,332.9,256.0,1.3,0.817,0.985,0.799,0.639,2.8606,1.0315,0.6217,0.1395,0.9274,3.183,0.0549,0.0,amber brown,oval
Galaxy,alhamdan,alhamdan__Galaxy Date (89).jpg,0.262,13.8,0.574,0.522,18.99,0.282,1,68208,338.2,261.5,1.293,0.823,0.982,0.782,0.634,2.7932,1.0187,0.6272,0.1503,0.9422,3.141,0.0637,0.0,amber brown,oval
Galaxy,alhamdan,alhamdan__Galaxy Date (91).jpg,0.256,14.4,0.573,0.511,17.76,0.306,1,66694,334.6,257.7,1.299,0.832,0.984,0.795,0.638,2.6373,0.9655,0.6418,0.1587,0.9397,3.159,0.0436,0.0,amber brown,oval
Galaxy,alhamdan,alhamdan__Galaxy Date (92).jpg,0.271,11.8,0.501,0.453,16.02,0.344,1,70637,341.0,270.4,1.261,0.805,0.977,0.827,0.609,2.7912,1.0162,0.6251,0.155,0.9404,3.19,0.0516,0.0,reddish brown,oval
Galaxy,alhamdan,alhamdan__Galaxy Date (93).jpg,0.231,11.2,0.484,0.397,16.47,0.333,1,60213,325.7,239.8,1.359,0.819,0.983,0.788,0.677,2.4477,0.8872,0.6676,0.1778,0.953,3.179,0.035,0.0,dark red-brown,oval
Galaxy,alhamdan,alhamdan__Galaxy Date (94).jpg,0.245,20.4,0.594,0.565,16.89,0.324,1,63810,347.0,243.3,1.426,0.799,0.985,0.77,0.713,2.1278,0.8719,0.6615,0.1541,0.9395,3.178,0.0314,0.0,amber brown,oval
Galaxy,alhamdan,alhamdan__Galaxy Date (97).jpg,0.276,15.5,0.58,0.58,18.68,0.288,1,71798,376.0,250.4,1.502,0.786,0.98,0.761,0.746,3.7125,1.2651,0.5569,0.1245,0.9195,3.211,0.0855,0.0002,amber brown,oval
Galaxy,alhamdan,alhamdan__Galaxy Date (98).jpg,0.236,13.2,0.581,0.445,16.2,0.34,1,61453,334.4,239.5,1.396,0.81,0.985,0.801,0.698,2.8746,0.963,0.6516,0.1643,0.929,3.177,0.0516,0.0,amber brown,oval
Kupro,grading,grading__Kupro__Large__101__Grade-1.jpg,0.48,319.1,0.141,0.211,14.84,0.372,1,125209,472.6,341.6,1.384,0.674,0.972,0.733,0.691,3.2676,0.9269,0.689,0.2212,0.9317,3.194,0.0598,0.0,black / very dark brown,oval
Kupro,grading,grading__Kupro__Large__102__Grade-3.jpg,0.472,346.9,0.293,0.278,15.09,0.366,1,123037,473.0,336.7,1.405,0.722,0.966,0.76,0.702,1.4251,0.5991,0.7592,0.2136,0.9607,3.157,0.0178,0.0,black / very dark brown,oval
Kupro,grading,grading__Kupro__Large__104__Grade-1.jpg,0.477,300.9,0.157,0.169,11.86,0.454,1,124533,469.1,342.0,1.372,0.745,0.973,0.773,0.684,2.8421,0.7307,0.7564,0.3027,0.9225,3.163,0.0349,0.0011,black / very dark brown,oval
Kupro,grading,grading__Kupro__Large__105__Grade-1.jpg,0.437,309.4,0.137,0.217,15.76,0.35,1,114061,463.1,317.5,1.458,0.777,0.987,0.776,0.728,4.2029,1.0914,0.6555,0.2473,0.92,3.147,0.0793,0.0,black / very dark brown,oval
Kupro,grading,grading__Kupro__Large__105__Grade-2.jpg,0.457,347.0,0.258,0.238,14.54,0.379,1,119200,465.5,329.8,1.411,0.834,0.995,0.751,0.706,2.9319,0.8737,0.7028,0.2574,0.9317,3.188,0.0627,0.0,black / very dark brown,oval
Kupro,grading,grading__Kupro__Large__106__Grade-2.jpg,0.491,333.5,0.232,0.213,14.3,0.386,1,128025,475.8,346.2,1.375,0.822,0.989,0.78,0.686,3.3807,0.9212,0.6974,0.2786,0.92,3.17,0.0585,0.0,black / very dark brown,oval
Kupro,grading,grading__Kupro__Large__106__Grade-3.jpg,0.459,358.4,0.426,0.289,15.14,0.364,1,119649,452.7,337.1,1.343,0.797,0.988,0.774,0.667,2.7664,0.878,0.6922,0.1908,0.9212,3.174,0.0604,0.0,dark red-brown,oval
Kupro,grading,grading__Kupro__Large__107__Grade-1.jpg,0.405,321.0,0.155,0.214,15.44,0.357,1,105533,462.0,293.2,1.576,0.772,0.984,0.768,0.773,4.5044,1.0613,0.673,0.272,0.9134,3.162,0.0686,0.0008,black / very dark brown,oval
Kupro,grading,grading__Kupro__Large__108__Grade-1.jpg,0.409,315.9,0.135,0.212,15.77,0.35,1,106713,446.5,308.4,1.448,0.742,0.977,0.778,0.723,4.1808,1.0742,0.6625,0.2563,0.9213,3.153,0.0783,0.0,black / very dark brown,oval
Kupro,grading,grading__Kupro__Large__10__Grade-1.jpg,0.431,330.6,0.149,0.188,12.92,0.422,1,112361,464.0,309.7,1.498,0.836,0.995,0.77,0.745,2.2583,0.755,0.7265,0.2608,0.9353,3.194,0.0404,0.0,black / very dark brown,oval
Kupro,grading,grading__Kupro__Large__10__Grade-3.jpg,0.425,355.8,0.262,0.288,14.86,0.371,1,110947,469.2,303.6,1.546,0.789,0.987,0.774,0.763,4.3439,1.1819,0.6228,0.2,0.9003,3.063,0.0924,0.0,black / very dark brown,oval
Kupro,grading,grading__Kupro__Large__110__Grade-1.jpg,0.455,291.1,0.127,0.204,14.28,0.386,1,118811,472.2,323.3,1.461,0.805,0.99,0.773,0.729,3.7806,0.9793,0.6845,0.2513,0.921,3.185,0.0642,0.0005,black / very dark brown,oval
Kupro,grading,grading__Kupro__Large__110__Grade-2.jpg,0.43,328.6,0.183,0.238,15.31,0.36,1,112128,475.0,311.2,1.526,0.79,0.987,0.733,0.755,3.374,0.9454,0.6859,0.2353,0.9302,3.189,0.0633,0.0002,black / very dark brown,oval
Kupro,grading,grading__Kupro__Large__111__Grade-2.jpg,0.473,339.2,0.187,0.244,14.91,0.37,1,123382,483.4,327.0,1.478,0.779,0.985,0.789,0.736,2.5232,0.7926,0.7179,0.2133,0.9433,3.145,0.0469,0.0003,black / very dark brown,oval
Kupro,grading,grading__Kupro__Large__114__Grade-3.jpg,0.44,351.4,0.313,0.258,16.0,0.344,1,114673,465.2,317.8,1.464,0.67,0.975,0.696,0.73,2.7581,0.8646,0.6943,0.1942,0.9388,3.167,0.0534,0.0,black / very dark brown,oval
Kupro,grading,grading__Kupro__Large__118__Grade-1.jpg,0.49,258.0,0.168,0.189,14.65,0.377,1,127839,466.5,351.8,1.326,0.779,0.977,0.757,0.657,2.6327,0.7903,0.7248,0.2779,0.9451,3.182,0.0447,0.0003,black / very dark brown,oval
Kupro,grading,grading__Kupro__Large__119__Grade-1.jpg,0.432,248.0,0.181,0.192,14.5,0.38,1,112781,479.1,302.7,1.583,0.801,0.992,0.797,0.775,2.6315,0.8056,0.7232,0.2763,0.9428,3.2,0.0524,0.0002,black / very dark brown,oval
Kupro,grading,grading__Kupro__Large__11__Grade-3.jpg,0.425,3.0,0.378,0.298,14.09,0.391,1,110875,468.8,303.1,1.547,0.825,0.993,0.779,0.763,4.2326,1.0788,0.6552,0.182,0.8591,3.167,0.0689,0.0005,dark red-brown,oval
Kupro,grading,grading__Kupro__Large__121__Grade-2.jpg,0.459,329.4,0.182,0.217,13.9,0.396,1,119627,466.1,328.7,1.418,0.806,0.982,0.779,0.709,2.765,0.8338,0.7134,0.2497,0.9343,3.185,0.051,0.0,black / very dark brown,oval
Kupro,grading,grading__Kupro__Large__129__Grade-1.jpg,0.468,331.3,0.168,0.209,14.65,0.377,1,122142,462.6,342.2,1.352,0.726,0.978,0.754,0.673,3.2107,0.9057,0.6953,0.264,0.9331,3.155,0.0611,0.0,black / very dark brown,oval
Kupro,grading,grading__Kupro__Large__129__Grade-2.jpg,0.445,358.3,0.32,0.252,12.13,0.446,1,116178,471.8,318.6,1.481,0.791,0.983,0.738,0.738,4.0156,1.0532,0.6607,0.2087,0.8646,3.148,0.0696,0.0,black / very dark brown,oval
Kupro,grading,grading__Kupro__Large__134__Grade-1.jpg,0.465,341.5,0.188,0.187,12.74,0.428,1,121235,471.8,330.3,1.429,0.762,0.982,0.789,0.714,2.0452,0.6936,0.749,0.3289,0.9466,3.204,0.0382,0.0001,black / very dark brown,oval
Kupro,grading,grading__Kupro__Large__134__Grade-2.jpg,0.463,345.6,0.214,0.258,14.66,0.376,1,120842,472.0,332.6,1.419,0.821,0.992,0.78,0.71,3.618,1.0382,0.6558,0.1999,0.9153,3.144,0.0773,0.0,black / very dark brown,oval
Kupro,grading,grading__Kupro__Large__137__Grade-1.jpg,0.428,265.6,0.16,0.215,14.1,0.391,1,111663,467.8,307.6,1.521,0.716,0.967,0.78,0.754,2.8992,0.9076,0.6852,0.2247,0.9301,3.183,0.0598,0.0001,black / very dark brown,oval
Kupro,grading,grading__Kupro__Large__137__Grade-2.jpg,0.456,316.6,0.195,0.197,15.08,0.366,1,118822,478.1,323.1,1.48,0.767,0.979,0.772,0.737,2.8098,0.8101,0.7259,0.2726,0.945,3.169,0.0508,0.0006,black / very dark brown,oval
Kupro,grading,grading__Kupro__Large__139__Grade-2.jpg,0.446,304.8,0.182,0.21,12.95,0.422,1,116215,453.1,330.7,1.37,0.784,0.985,0.759,0.683,2.5266,0.792,0.7236,0.2685,0.9308,3.175,0.0487,0.0,black / very dark brown,oval
Kupro,grading,grading__Kupro__Large__13__Grade-1.jpg,0.458,305.0,0.151,0.189,13.06,0.419,1,119551,475.0,322.5,1.473,0.83,0.995,0.749,0.734,2.0727,0.7093,0.7381,0.3042,0.9441,3.199,0.0319,0.0,black / very dark brown,oval
Kupro,grading,grading__Kupro__Large__141__Grade-1.jpg,0.437,279.3,0.13,0.25,17.68,0.308,1,113847,453.2,322.3,1.406,0.768,0.982,0.804,0.703,3.3634,0.9447,0.6877,0.2814,0.9468,3.159,0.0655,0.0,black / very dark brown,oval
Kupro,grading,grading__Kupro__Large__144__Grade-1.jpg,0.421,329.3,0.191,0.213,14.71,0.375,1,109762,462.2,307.0,1.505,0.737,0.974,0.744,0.747,2.4668,0.7966,0.7208,0.2915,0.9498,3.196,0.0502,0.0,black / very dark brown,oval
Kupro,grading,grading__Kupro__Large__147__Grade-2.jpg,0.459,354.4,0.283,0.269,16.5,0.333,1,119613,465.1,332.0,1.401,0.736,0.981,0.762,0.7,2.5198,0.8288,0.7042,0.2175,0.9475,3.157,0.0486,0.0,black / very dark brown,oval
Kupro,grading,grading__Kupro__Large__148__Grade-2.jpg,0.446,342.9,0.245,0.236,15.74,0.35,1,116153,475.4,316.1,1.504,0.585,0.955,0.738,0.747,2.7752,0.8499,0.7071,0.259,0.9423,3.178,0.0543,0.0,black / very dark brown,oval
Kupro,grading,grading__Kupro__Large__149__Grade-1.jpg,0.452,336.7,0.19,0.231,15.33,0.36,1,117858,472.3,322.0,1.466,0.784,0.987,0.803,0.731,3.8078,1.0242,0.6686,0.2362,0.9235,3.166,0.0765,0.0,black / very dark brown,oval
Kupro,grading,grading__Kupro__Large__14__Grade-1.jpg,0.453,280.2,0.144,0.204,13.72,0.401,1,118215,474.1,319.5,1.484,0.835,0.995,0.765,0.739,2.2753,0.7813,0.7181,0.3016,0.9419,3.225,0.0496,0.0,black / very dark brown,oval
Kupro,grading,grading__Kupro__Large__150__Grade-2.jpg,0.437,355.3,0.264,0.253,15.13,0.365,1,113914,470.5,311.0,1.513,0.768,0.983,0.779,0.75,4.3848,1.1097,0.6527,0.1977,0.8986,3.123,0.0815,0.0,black / very dark brown,oval
Kupro,grading,grading__Kupro__Large__151__Grade-1.jpg,0.556,259.6,0.142,0.194,13.27,0.413,1,145220,483.9,387.4,1.249,0.804,0.984,0.782,0.599,2.1807,0.7031,0.7516,0.3384,0.9485,3.166,0.0486,0.0,black / very dark brown,round
Kupro,grading,grading__Kupro__Large__151__Grade-2.jpg,0.418,340.3,0.242,0.246,15.54,0.355,1,108949,455.3,310.3,1.467,0.7,0.966,0.768,0.732,4.1998,1.0636,0.6694,0.2334,0.911,3.162,0.0782,0.0,black / very dark brown,oval
Kupro,grading,grading__Kupro__Large__154__Grade-2.jpg,0.453,334.7,0.205,0.246,15.81,0.349,1,118179,486.3,315.2,1.543,0.79,0.988,0.749,0.761,1.9393,0.7156,0.7308,0.2301,0.9596,3.179,0.0357,0.0,black / very dark brown,oval
Kupro,grading,grading__Kupro__Large__156__Grade-2.jpg,0.435,301.0,0.216,0.209,15.13,0.365,1,113339,465.2,311.9,1.492,0.827,0.994,0.774,0.742,2.9955,0.8862,0.6987,0.2622,0.9321,3.191,0.0582,0.0,black / very dark brown,oval
Kupro,grading,grading__Kupro__Large__160__Grade-1.jpg,0.414,311.1,0.17,0.217,14.1,0.391,1,107928,461.4,300.2,1.537,0.784,0.978,0.779,0.759,1.8399,0.7112,0.7283,0.2233,0.9565,3.203,0.033,0.0,black / very dark brown,oval
Kupro,grading,grading__Kupro__Large__160__Grade-2.jpg,0.411,343.3,0.215,0.209,12.47,0.436,1,107248,444.6,309.6,1.436,0.82,0.99,0.748,0.718,2.2057,0.725,0.7338,0.2615,0.9358,3.19,0.0336,0.0,black / very dark brown,oval
Kupro,grading,grading__Kupro__Large__168__Grade-2.jpg,0.442,318.9,0.193,0.191,13.6,0.404,1,115133,461.3,321.9,1.433,0.715,0.975,0.741,0.716,2.9509,0.8449,0.7115,0.2509,0.9266,3.168,0.0475,0.0,black / very dark brown,oval
Kupro,grading,grading__Kupro__Large__172__Grade-2.jpg,0.454,349.6,0.215,0.259,15.17,0.364,1,118317,467.1,327.5,1.426,0.81,0.987,0.77,0.713,3.7195,1.0295,0.6651,0.2074,0.9195,3.15,0.0741,0.0002,black / very dark brown,oval
Kupro,grading,grading__Kupro__Large__173__Grade-1.jpg,0.5,252.9,0.163,0.22,15.16,0.364,1,130478,467.4,357.6,1.307,0.686,0.973,0.778,0.644,4.0446,1.0678,0.6561,0.2119,0.9245,3.248,0.0724,0.0001,black / very dark brown,oval
Kupro,grading,grading__Kupro__Large__180__Grade-2.jpg,0.444,341.6,0.206,0.267,16.86,0.325,1,115718,477.9,317.9,1.503,0.638,0.957,0.725,0.747,4.178,1.0914,0.6518,0.1891,0.929,3.175,0.0758,0.0002,black / very dark brown,oval
Kupro,grading,grading__Kupro__Large__181__Grade-1.jpg,0.488,336.2,0.217,0.225,14.48,0.381,1,127236,477.0,342.1,1.394,0.77,0.985,0.8,0.697,1.7742,0.6751,0.7408,0.2605,0.956,3.137,0.0272,0.0,black / very dark brown,oval
Kupro,grading,grading__Kupro__Large__181__Grade-2.jpg,0.426,0.6,0.321,0.252,14.85,0.372,1,111059,452.9,316.3,1.432,0.715,0.974,0.755,0.716,4.1108,0.9933,0.6874,0.2182,0.906,3.166,0.0585,0.0006,black / very dark brown,oval
Kupro,grading,grading__Kupro__Large__18__Grade-1.jpg,0.445,284.7,0.146,0.196,14.77,0.373,1,116213,466.0,319.8,1.457,0.827,0.993,0.765,0.727,2.5165,0.7902,0.7234,0.3019,0.946,3.186,0.0462,0.0,black / very dark brown,oval
Kupro,grading,grading__Kupro__Large__194__Grade-2.jpg,0.457,332.9,0.185,0.234,14.83,0.372,1,119175,463.5,329.3,1.407,0.834,0.992,0.756,0.704,3.4543,0.9737,0.678,0.2276,0.9281,3.179,0.0642,0.0,black / very dark brown,oval
Kupro,grading,grading__Kupro__Large__195__Grade-2.jpg,0.444,343.8,0.262,0.215,13.54,0.406,1,115712,471.2,319.5,1.475,0.768,0.986,0.759,0.735,3.5055,0.959,0.6885,0.2484,0.8961,3.18,0.0682,0.0,black / very dark brown,oval
Kupro,grading,grading__Kupro__Large__199__Grade-1.jpg,0.455,310.9,0.168,0.207,15.32,0.36,1,118541,471.2,326.1,1.445,0.5,0.953,0.778,0.722,2.4893,0.7812,0.7242,0.2899,0.9513,3.178,0.0455,0.0,black / very dark brown,oval
Kupro,grading,grading__Kupro__Large__19__Grade-1.jpg,0.515,301.4,0.178,0.191,14.18,0.388,1,134332,496.4,349.3,1.421,0.789,0.984,0.77,0.711,2.3844,0.7506,0.7395,0.315,0.9486,3.156,0.0492,0.0,black / very dark brown,oval
Kupro,grading,grading__Kupro__Large__206__Grade-2.jpg,0.444,344.3,0.253,0.239,15.86,0.347,1,115860,466.8,318.8,1.464,0.718,0.972,0.764,0.731,4.6111,1.1309,0.6538,0.232,0.9125,3.204,0.0813,0.0,black / very dark brown,oval
Kupro,grading,grading__Kupro__Large__209__Grade-2.jpg,0.459,343.1,0.199,0.24,15.24,0.362,1,119645,464.9,331.2,1.404,0.72,0.976,0.768,0.702,4.3773,1.0783,0.668,0.2408,0.914,3.173,0.0797,0.0001,black / very dark brown,oval
Kupro,grading,grading__Kupro__Large__210__Grade-2.jpg,0.438,341.5,0.236,0.254,16.37,0.336,1,114202,464.0,316.4,1.466,0.697,0.972,0.759,0.731,4.5218,1.1312,0.6524,0.2335,0.9176,3.179,0.0864,0.0,black / very dark brown,oval
Kupro,grading,grading__Kupro__Large__212__Grade-1.jpg,0.481,248.0,0.133,0.226,15.19,0.363,1,125548,470.0,344.7,1.363,0.829,0.99,0.789,0.68,3.2338,0.9514,0.6769,0.22,0.9348,3.163,0.0636,0.0001,black / very dark brown,oval
Kupro,grading,grading__Kupro__Large__212__Grade-2.jpg,0.501,341.7,0.23,0.208,12.51,0.434,1,130654,460.2,365.7,1.258,0.831,0.989,0.761,0.607,1.807,0.6749,0.7442,0.2768,0.9493,3.177,0.0341,0.0,black / very dark brown,oval
Kupro,grading,grading__Kupro__Large__219__Grade-1.jpg,0.434,328.4,0.164,0.223,14.98,0.368,1,113272,457.3,320.5,1.427,0.808,0.988,0.774,0.713,2.3602,0.8032,0.7108,0.2573,0.9479,3.158,0.0489,0.0,black / very dark brown,oval
Kupro,grading,grading__Kupro__Large__21__Grade-3.jpg,0.438,346.5,0.34,0.271,14.02,0.393,1,114175,468.4,315.8,1.483,0.786,0.983,0.763,0.738,3.7105,1.0613,0.6502,0.2035,0.8988,3.072,0.0677,0.0,black / very dark brown,oval
Kupro,grading,grading__Kupro__Large__223__Grade-2.jpg,0.419,350.3,0.235,0.235,13.72,0.401,1,109147,480.3,292.6,1.642,0.758,0.98,0.782,0.793,2.5863,0.8348,0.7035,0.2371,0.9332,3.208,0.0518,0.0,black / very dark brown,oblong / elongated
Kupro,grading,grading__Kupro__Large__225__Grade-1.jpg,0.445,343.9,0.188,0.252,17.35,0.315,1,115946,443.0,335.2,1.322,0.763,0.982,0.748,0.654,3.557,0.9639,0.6836,0.2414,0.9468,3.205,0.0622,0.0006,black / very dark brown,oval
Kupro,grading,grading__Kupro__Large__22__Grade-3.jpg,0.442,355.3,0.405,0.316,17.46,0.312,1,115266,456.8,323.1,1.414,0.83,0.994,0.772,0.707,2.606,0.8465,0.6998,0.1824,0.9298,3.192,0.0572,0.0,dark red-brown,oval
Kupro,grading,grading__Kupro__Large__237__Grade-1.jpg,0.424,327.0,0.13,0.253,15.73,0.35,1,110687,468.9,301.8,1.554,0.734,0.981,0.744,0.765,3.831,1.0508,0.6548,0.1889,0.9261,3.145,0.0718,0.0,black / very dark brown,oval
Kupro,grading,grading__Kupro__Large__237__Grade-2.jpg,0.507,331.5,0.23,0.214,13.82,0.398,1,132299,459.7,367.6,1.251,0.803,0.987,0.789,0.601,1.6441,0.6035,0.769,0.2669,0.9544,3.16,0.0264,0.0,black / very dark brown,oval
Kupro,grading,grading__Kupro__Large__240__Grade-2.jpg,0.443,352.1,0.293,0.234,14.49,0.381,1,115576,458.5,323.8,1.416,0.825,0.99,0.781,0.708,3.4247,0.8569,0.7184,0.2677,0.9212,3.197,0.044,0.0026,black / very dark brown,oval
Kupro,grading,grading__Kupro__Large__243__Grade-2.jpg,0.452,3.0,0.278,0.307,18.94,0.283,1,118010,484.8,314.1,1.544,0.747,0.976,0.745,0.762,6.8196,1.3781,0.6187,0.221,0.9081,3.176,0.1037,0.0019,black / very dark brown,oval
Kupro,grading,grading__Kupro__Large__248__Grade-1.jpg,0.484,330.5,0.251,0.191,12.53,0.434,1,126320,474.0,342.4,1.384,0.832,0.991,0.789,0.692,2.8773,0.8258,0.7205,0.3042,0.9196,3.193,0.0454,0.0,black / very dark brown,oval
Kupro,grading,grading__Kupro__Large__248__Grade-2.jpg,0.488,335.4,0.255,0.201,12.88,0.424,1,127319,468.6,350.4,1.337,0.785,0.982,0.769,0.664,2.6179,0.8048,0.7188,0.2689,0.9304,3.173,0.0456,0.0,black / very dark brown,oval
Kupro,grading,grading__Kupro__Large__251__Grade-1.jpg,0.448,260.6,0.135,0.19,13.04,0.419,1,116738,460.5,326.3,1.411,0.782,0.974,0.758,0.706,1.4165,0.5645,0.7774,0.2997,0.9634,3.156,0.0183,0.0,black / very dark brown,oval
Kupro,grading,grading__Kupro__Large__254__Grade-1.jpg,0.484,326.8,0.157,0.223,14.02,0.393,1,126170,470.7,345.6,1.362,0.687,0.97,0.701,0.679,2.3892,0.8195,0.7036,0.2296,0.9484,3.197,0.0524,0.0,black / very dark brown,oval
Kupro,grading,grading__Kupro__Large__255__Grade-1.jpg,0.45,312.6,0.131,0.22,13.95,0.394,1,117277,465.5,323.8,1.438,0.781,0.982,0.763,0.718,1.9817,0.7358,0.7202,0.2224,0.9478,3.186,0.0334,0.0,black / very dark brown,oval
Kupro,grading,grading__Kupro__Large__256__Grade-1.jpg,0.466,278.6,0.136,0.214,15.49,0.356,1,121516,457.8,341.1,1.342,0.721,0.972,0.76,0.667,1.7332,0.6378,0.7564,0.2764,0.9688,3.189,0.0267,0.0,black / very dark brown,oval
Kupro,grading,grading__Kupro__Large__25__Grade-3.jpg,0.439,357.6,0.308,0.285,14.92,0.37,1,114498,471.6,312.7,1.508,0.803,0.985,0.787,0.749,3.4312,1.0142,0.6614,0.1982,0.9167,3.188,0.0764,0.0,black / very dark brown,oval
Kupro,grading,grading__Kupro__Large__262__Grade-2.jpg,0.479,341.0,0.225,0.204,12.17,0.444,1,124981,468.4,343.0,1.366,0.739,0.976,0.775,0.681,1.766,0.6615,0.7483,0.2536,0.9464,3.182,0.0315,0.0,black / very dark brown,oval
Kupro,grading,grading__Kupro__Large__264__Grade-1.jpg,0.468,346.3,0.224,0.205,13.38,0.41,1,122034,463.0,340.8,1.359,0.765,0.978,0.771,0.677,2.4468,0.7629,0.7303,0.2538,0.9345,3.155,0.0375,0.0,black / very dark brown,oval
Kupro,grading,grading__Kupro__Large__266__Grade-1.jpg,0.451,330.8,0.163,0.214,13.48,0.407,1,117652,465.3,326.9,1.423,0.786,0.979,0.76,0.712,2.0366,0.7123,0.7326,0.2468,0.9451,3.167,0.0288,0.0,black / very dark brown,oval
Kupro,grading,grading__Kupro__Large__269__Grade-1.jpg,0.47,268.9,0.144,0.182,13.1,0.418,1,122501,477.0,329.5,1.448,0.798,0.986,0.792,0.723,2.4193,0.729,0.7462,0.3379,0.9392,3.178,0.0387,0.0,black / very dark brown,oval
Kupro,grading,grading__Kupro__Large__26__Grade-1.jpg,0.491,325.0,0.167,0.231,15.4,0.358,1,128179,468.7,349.1,1.343,0.845,0.992,0.759,0.667,2.231,0.7893,0.7119,0.2538,0.9507,3.173,0.048,0.0,black / very dark brown,oval
Kupro,grading,grading__Kupro__Large__26__Grade-2.jpg,0.47,356.9,0.211,0.226,13.14,0.416,1,122504,465.8,338.1,1.378,0.846,0.994,0.784,0.688,3.1003,0.9046,0.6928,0.2322,0.9145,3.182,0.0537,0.0,black / very dark brown,oval
Kupro,grading,grading__Kupro__Large__26__Grade-3.jpg,0.426,358.6,0.312,0.293,15.74,0.35,1,111177,458.4,310.4,1.477,0.793,0.988,0.748,0.736,3.796,1.0698,0.6517,0.1922,0.9177,3.177,0.0897,0.0,black / very dark brown,oval
Kupro,grading,grading__Kupro__Large__273__Grade-1.jpg,0.427,340.2,0.179,0.23,14.21,0.388,1,111326,441.9,323.7,1.365,0.717,0.971,0.771,0.681,1.9083,0.6649,0.7484,0.2388,0.9592,3.151,0.0268,0.0,black / very dark brown,oval
Kupro,grading,grading__Kupro__Large__274__Grade-1.jpg,0.453,308.0,0.132,0.22,14.94,0.369,1,118217,464.0,330.0,1.406,0.732,0.972,0.783,0.703,2.1538,0.7257,0.7372,0.2845,0.9524,3.135,0.0382,0.0,black / very dark brown,oval
Kupro,grading,grading__Kupro__Large__278__Grade-1.jpg,0.463,323.0,0.143,0.217,13.85,0.397,1,120800,476.3,328.8,1.449,0.762,0.982,0.81,0.724,2.692,0.8201,0.7159,0.2622,0.9329,3.175,0.0474,0.0,black / very dark brown,oval
Kupro,grading,grading__Kupro__Large__279__Grade-2.jpg,0.466,328.9,0.179,0.213,13.31,0.412,1,121575,468.6,332.0,1.412,0.784,0.983,0.803,0.706,1.6821,0.6266,0.7613,0.2805,0.9561,3.194,0.0251,0.0,black / very dark brown,oval
Kupro,grading,grading__Kupro__Large__280__Grade-1.jpg,0.5,259.8,0.136,0.188,12.98,0.421,1,130542,481.4,349.7,1.376,0.756,0.98,0.765,0.687,2.5517,0.8308,0.706,0.2623,0.9337,3.173,0.0535,0.0,black / very dark brown,oval
Kupro,grading,grading__Kupro__Large__281__Grade-1.jpg,0.388,280.6,0.143,0.198,13.97,0.394,1,101069,464.3,278.6,1.666,0.727,0.977,0.769,0.8,1.8739,0.7242,0.7221,0.234,0.9549,3.202,0.0347,0.0,black / very dark brown,oblong / elongated
Kupro,grading,grading__Kupro__Large__285__Grade-1.jpg,0.461,252.3,0.186,0.185,14.78,0.373,1,120209,464.2,334.7,1.387,0.686,0.969,0.733,0.693,2.2212,0.6968,0.75,0.2976,0.9587,3.167,0.0339,0.0,black / very dark brown,oval
Kupro,grading,grading__Kupro__Large__289__Grade-1.jpg,0.435,299.5,0.124,0.203,14.98,0.368,1,113345,468.7,312.6,1.499,0.691,0.961,0.727,0.745,3.0111,0.8658,0.7065,0.2772,0.942,3.189,0.0521,0.0,black / very dark brown,oval
Kupro,grading,grading__Kupro__Large__291__Grade-1.jpg,0.496,316.7,0.162,0.211,13.53,0.406,1,129466,471.4,352.6,1.337,0.764,0.979,0.77,0.664,2.1651,0.7716,0.7154,0.2415,0.9463,3.181,0.0441,0.0,black / very dark brown,oval
Kupro,grading,grading__Kupro__Large__291__Grade-2.jpg,0.476,330.1,0.237,0.193,12.69,0.429,1,124287,471.5,338.5,1.393,0.807,0.988,0.79,0.696,2.4181,0.758,0.7308,0.2902,0.9336,3.163,0.0365,0.0,black / very dark brown,oval
Kupro,grading,grading__Kupro__Large__297__Grade-1.jpg,0.44,330.8,0.153,0.224,14.15,0.389,1,114795,471.8,312.8,1.508,0.755,0.979,0.785,0.749,2.3134,0.792,0.7112,0.2468,0.9437,3.164,0.049,0.0,black / very dark brown,oval
Kupro,grading,grading__Kupro__Large__298__Grade-1.jpg,0.455,330.8,0.17,0.221,14.13,0.39,1,118621,479.6,318.5,1.506,0.797,0.99,0.756,0.748,2.2719,0.7751,0.718,0.2537,0.9432,3.156,0.049,0.0,black / very dark brown,oval
Kupro,grading,grading__Kupro__Large__2__Grade-3.jpg,0.437,356.3,0.338,0.296,12.13,0.445,1,114087,464.2,314.3,1.477,0.827,0.989,0.767,0.736,4.8067,1.2463,0.6083,0.1738,0.8333,3.142,0.1014,0.0,black / very dark brown,oval
Kupro,grading,grading__Kupro__Large__302__Grade-1.jpg,0.448,340.4,0.186,0.219,13.92,0.395,1,116730,468.1,320.2,1.462,0.751,0.981,0.773,0.729,2.1907,0.8069,0.702,0.2416,0.9454,3.151,0.0521,0.0,black / very dark brown,oval
Kupro,grading,grading__Kupro__Large__307__Grade-2.jpg,0.452,355.5,0.307,0.257,14.84,0.372,1,117912,477.6,319.1,1.497,0.684,0.962,0.709,0.744,4.2041,1.0844,0.655,0.2026,0.9052,3.15,0.0712,0.0,black / very dark brown,oval
Kupro,grading,grading__Kupro__Large__308__Grade-1.jpg,0.468,223.4,0.151,0.218,15.11,0.365,1,122147,471.8,331.3,1.424,0.748,0.982,0.762,0.712,2.3261,0.8046,0.7068,0.2112,0.9529,3.174,0.0468,0.0,black / very dark brown,oval
Kupro,grading,grading__Kupro__Large__309__Grade-1.jpg,0.437,341.4,0.238,0.197,16.34,0.336,1,113830,474.5,310.7,1.527,0.758,0.975,0.776,0.756,4.2669,0.9947,0.6997,0.3162,0.9271,3.186,0.0652,0.0011,black / very dark brown,oval
Kupro,grading,grading__Kupro__Large__312__Grade-1.jpg,0.486,312.0,0.171,0.182,15.51,0.356,1,126758,472.9,343.4,1.377,0.804,0.987,0.786,0.687,2.027,0.693,0.7507,0.3514,0.962,3.176,0.0419,0.0,black / very dark brown,oval
Kupro,grading,grading__Kupro__Large__316__Grade-2.jpg,0.426,294.9,0.167,0.193,14.21,0.388,1,111145,462.2,308.3,1.499,0.781,0.987,0.737,0.745,2.1028,0.6972,0.7441,0.3236,0.9534,3.209,0.0336,0.0006,black / very dark brown,oval
Kupro,grading,grading__Kupro__Large__318__Grade-2.jpg,0.421,346.4,0.236,0.227,12.88,0.424,1,109638,457.3,311.4,1.469,0.667,0.969,0.749,0.732,2.4183,0.7779,0.72,0.2277,0.9201,3.157,0.0406,0.0,black / very dark brown,oval
Kupro,grading,grading__Kupro__Large__319__Grade-1.jpg,0.458,349.1,0.213,0.181,12.13,0.445,1,119273,471.7,327.7,1.439,0.635,0.966,0.784,0.719,2.4423,0.7511,0.7327,0.2496,0.9365,3.175,0.0368,0.0,black / very dark brown,oval
Kupro,grading,grading__Kupro__Large__323__Grade-1.jpg,0.417,316.9,0.195,0.15,11.94,0.451,1,108772,442.4,317.1,1.395,0.73,0.98,0.786,0.697,2.4881,0.7465,0.7388,0.3049,0.9235,3.17,0.0364,0.0001,black / very dark brown,oval
Kupro,grading,grading__Kupro__Large__325__Grade-2.jpg,0.482,323.4,0.196,0.214,14.08,0.391,1,125731,474.1,339.8,1.395,0.679,0.971,0.777,0.697,1.9228,0.7146,0.7316,0.2563,0.9573,3.178,0.0392,0.0,black / very dark brown,oval
Kupro,grading,grading__Kupro__Large__326__Grade-2.jpg,0.436,335.9,0.206,0.248,16.18,0.34,1,113699,468.3,312.2,1.5,0.777,0.984,0.785,0.745,3.7312,1.04,0.6594,0.23,0.9269,3.152,0.0748,0.0,black / very dark brown,oval
Kupro,grading,grading__Kupro__Large__331__Grade-2.jpg,0.447,345.6,0.262,0.226,16.11,0.342,1,116643,463.9,323.3,1.435,0.675,0.971,0.744,0.717,4.5992,1.0654,0.6755,0.2557,0.9217,3.178,0.0686,0.0004,black / very dark brown,oval
Kupro,grading,grading__Kupro__Large__33__Grade-1.jpg,0.433,296.7,0.165,0.208,14.05,0.392,1,112811,480.0,302.6,1.586,0.794,0.984,0.783,0.776,2.0647,0.7489,0.7235,0.2669,0.9516,3.175,0.0428,0.0,black / very dark brown,oval
Kupro,grading,grading__Kupro__Large__343__Grade-2.jpg,0.527,356.6,0.354,0.263,13.94,0.395,1,137499,472.3,376.3,1.255,0.664,0.967,0.775,0.604,2.1589,0.7708,0.7125,0.1991,0.9445,3.074,0.0425,0.0,dark red-brown,oval
Kupro,grading,grading__Kupro__Large__345__Grade-2.jpg,0.525,356.3,0.356,0.266,13.85,0.397,1,136991,471.6,374.4,1.26,0.709,0.976,0.779,0.608,2.7877,0.9014,0.6803,0.1897,0.9252,3.124,0.0595,0.0,dark red-brown,oval
Kupro,grading,grading__Kupro__Large__34__Grade-3.jpg,0.477,356.5,0.401,0.305,13.36,0.411,1,124398,474.7,336.7,1.41,0.831,0.989,0.783,0.705,3.3171,0.9999,0.6609,0.2029,0.8871,3.171,0.072,0.0,dark red-brown,oval
Kupro,grading,grading__Kupro__Large__350__Grade-2.jpg,0.424,345.7,0.351,0.188,14.51,0.38,1,110453,456.0,311.3,1.465,0.771,0.981,0.754,0.731,3.9372,0.9426,0.7076,0.3074,0.9075,3.168,0.0582,0.0008,dark red-brown,oval
Kupro,grading,grading__Kupro__Large__354__Grade-2.jpg,0.423,7.9,0.382,0.265,14.6,0.378,1,110253,436.1,321.2,1.358,0.623,0.974,0.743,0.676,3.5811,1.0029,0.669,0.2142,0.9142,3.186,0.0662,0.0001,dark red-brown,oval
Kupro,grading,grading__Kupro__Large__356__Grade-2.jpg,0.418,5.9,0.35,0.258,14.26,0.386,1,108990,431.3,321.2,1.343,0.612,0.97,0.746,0.668,3.5969,1.0063,0.6667,0.201,0.9122,3.192,0.0649,0.0001,black / very dark brown,oval
Kupro,grading,grading__Kupro__Large__357__Grade-2.jpg,0.443,2.4,0.42,0.252,13.46,0.408,1,115571,454.6,325.5,1.397,0.798,0.98,0.78,0.698,4.3838,1.0556,0.6728,0.2561,0.8766,3.161,0.0641,0.0002,dark red-brown,oval
Kupro,grading,grading__Kupro__Large__367__Grade-2.jpg,0.427,356.3,0.363,0.221,13.55,0.405,1,111300,467.9,306.0,1.529,0.718,0.974,0.743,0.757,3.6299,0.9926,0.6767,0.2225,0.8943,3.15,0.0689,0.0,dark red-brown,oval
Kupro,grading,grading__Kupro__Large__3__Grade-1.jpg,0.413,300.8,0.169,0.206,13.33,0.411,1,107708,454.0,303.7,1.495,0.812,0.988,0.735,0.743,3.4982,1.0004,0.6677,0.2621,0.9088,3.18,0.0683,0.0,black / very dark brown,oval
Kupro,grading,grading__Kupro__Large__41__Grade-3.jpg,0.418,0.3,0.389,0.261,13.22,0.414,1,108964,463.7,302.0,1.536,0.723,0.967,0.77,0.759,4.2728,1.0552,0.669,0.2285,0.8814,3.171,0.0691,0.0001,dark red-brown,oval
Kupro,grading,grading__Kupro__Large__44__Grade-2.jpg,0.495,349.2,0.285,0.214,12.49,0.435,1,129041,477.9,347.0,1.377,0.839,0.992,0.78,0.688,1.9455,0.7035,0.7379,0.2866,0.9423,3.184,0.0364,0.0,black / very dark brown,oval
Kupro,grading,grading__Kupro__Large__44__Grade-3.jpg,0.429,352.2,0.262,0.266,15.35,0.359,1,111734,455.1,316.9,1.436,0.652,0.968,0.741,0.718,4.7769,1.2135,0.6251,0.1931,0.8987,3.157,0.0939,0.0,black / very dark brown,oval
Kupro,grading,grading__Kupro__Large__45__Grade-2.jpg,0.491,338.2,0.176,0.278,17.0,0.322,1,128075,469.1,349.7,1.341,0.819,0.987,0.783,0.667,2.4687,0.8597,0.6889,0.2014,0.9565,3.06,0.0468,0.0,black / very dark brown,oval
Kupro,grading,grading__Kupro__Large__46__Grade-2.jpg,0.464,291.3,0.187,0.229,14.76,0.374,1,121064,464.6,332.7,1.396,0.815,0.987,0.793,0.698,3.6052,0.9971,0.6749,0.2352,0.9155,3.161,0.0691,0.0,black / very dark brown,oval
Kupro,grading,grading__Kupro__Large__4__Grade-2.jpg,0.514,334.7,0.204,0.215,13.32,0.411,1,134002,474.0,364.5,1.3,0.843,0.993,0.773,0.639,3.2071,0.918,0.6941,0.2641,0.9189,3.168,0.0601,0.0001,black / very dark brown,oval
Kupro,grading,grading__Kupro__Large__51__Grade-3.jpg,0.484,351.2,0.32,0.256,14.34,0.384,1,126264,461.6,350.4,1.317,0.796,0.987,0.776,0.651,4.8158,1.1838,0.6396,0.2272,0.8839,3.128,0.0891,0.0,black / very dark brown,oval
Kupro,grading,grading__Kupro__Large__53__Grade-1.jpg,0.49,294.3,0.144,0.222,16.26,0.338,1,127752,468.0,349.1,1.341,0.855,0.991,0.787,0.666,2.0022,0.7066,0.739,0.3107,0.9643,3.159,0.0354,0.0,black / very dark brown,oval
Kupro,grading,grading__Kupro__Large__53__Grade-2.jpg,0.463,342.4,0.213,0.227,14.49,0.38,1,120852,465.4,331.8,1.402,0.854,0.994,0.785,0.701,3.9956,1.0301,0.6749,0.2454,0.9084,3.161,0.0703,0.0001,black / very dark brown,oval
Kupro,grading,grading__Kupro__Large__55__Grade-3.jpg,0.505,349.8,0.317,0.255,14.09,0.391,1,131873,461.8,366.1,1.261,0.769,0.974,0.784,0.609,4.0723,1.1024,0.6466,0.2442,0.8972,3.153,0.0836,0.0,black / very dark brown,oval
Kupro,grading,grading__Kupro__Large__58__Grade-1.jpg,0.493,300.6,0.147,0.215,15.97,0.345,1,128670,468.4,351.4,1.333,0.775,0.983,0.782,0.661,2.7486,0.8345,0.713,0.3072,0.9498,3.189,0.0547,0.0003,black / very dark brown,oval
Kupro,grading,grading__Kupro__Large__59__Grade-2.jpg,0.409,242.3,0.206,0.261,17.76,0.306,1,106558,449.0,304.4,1.475,0.78,0.984,0.735,0.735,3.3039,0.9872,0.6676,0.2018,0.9419,3.169,0.0754,0.0,black / very dark brown,oval
Kupro,grading,grading__Kupro__Large__64__Grade-1.jpg,0.463,321.4,0.189,0.227,15.06,0.367,1,120747,472.7,327.1,1.445,0.8,0.985,0.781,0.722,3.6423,1.0049,0.6716,0.2369,0.9265,3.161,0.073,0.0,black / very dark brown,oval
Kupro,grading,grading__Kupro__Large__64__Grade-2.jpg,0.453,320.3,0.175,0.198,13.33,0.411,1,118226,470.3,323.6,1.454,0.778,0.979,0.766,0.726,3.4515,0.9187,0.7025,0.2859,0.9129,3.195,0.0564,0.0,black / very dark brown,oval
Kupro,grading,grading__Kupro__Large__64__Grade-3.jpg,0.485,343.6,0.282,0.248,14.78,0.373,1,126370,481.5,337.5,1.427,0.712,0.976,0.775,0.713,2.6166,0.83,0.7081,0.2238,0.9361,3.118,0.054,0.0,black / very dark brown,oval
Kupro,grading,grading__Kupro__Large__66__Grade-2.jpg,0.474,327.7,0.133,0.246,15.16,0.364,1,123546,473.7,342.1,1.385,0.639,0.958,0.783,0.692,3.3228,0.9571,0.6775,0.2016,0.9317,3.138,0.0671,0.0001,black / very dark brown,oval
Kupro,grading,grading__Kupro__Large__73__Grade-3.jpg,0.48,336.8,0.307,0.265,17.42,0.313,1,125130,463.1,348.1,1.33,0.777,0.974,0.76,0.66,2.6254,0.8178,0.7105,0.1951,0.9455,3.168,0.0443,0.0002,black / very dark brown,oval
Kupro,grading,grading__Kupro__Large__75__Grade-2.jpg,0.432,344.5,0.238,0.252,16.42,0.335,1,112792,461.4,312.4,1.477,0.771,0.987,0.759,0.736,4.2908,1.0751,0.6646,0.2084,0.9158,3.168,0.0765,0.0002,black / very dark brown,oval
Kupro,grading,grading__Kupro__Large__75__Grade-3.jpg,0.39,338.8,0.272,0.255,15.9,0.346,1,101661,455.7,286.6,1.59,0.72,0.977,0.764,0.777,2.492,0.8208,0.7067,0.1954,0.9459,3.181,0.049,0.0,black / very dark brown,oval
Kupro,grading,grading__Kupro__Large__76__Grade-3.jpg,0.408,356.4,0.358,0.257,13.83,0.398,1,106464,466.1,296.2,1.574,0.654,0.966,0.735,0.772,2.5675,0.8243,0.7086,0.2445,0.9304,3.181,0.0463,0.0,dark red-brown,oval
Kupro,grading,grading__Kupro__Large__78__Grade-3.jpg,0.471,356.6,0.369,0.329,14.46,0.381,1,122925,459.0,344.0,1.334,0.726,0.968,0.745,0.662,1.9485,0.7492,0.7134,0.2051,0.95,3.141,0.0376,0.0,dark red-brown,oval
Kupro,grading,grading__Kupro__Large__79__Grade-3.jpg,0.47,351.7,0.323,0.254,11.6,0.461,1,122502,466.3,336.4,1.386,0.789,0.984,0.769,0.692,2.7677,0.876,0.6885,0.2041,0.8736,3.138,0.0491,0.0,black / very dark brown,oval
Kupro,grading,grading__Kupro__Large__80__Grade-3.jpg,0.488,3.8,0.366,0.28,13.44,0.408,1,127394,479.9,342.2,1.402,0.793,0.982,0.802,0.701,3.2716,0.9583,0.6765,0.1996,0.8968,3.131,0.0622,0.0,dark red-brown,oval
Kupro,grading,grading__Kupro__Large__83__Grade-2.jpg,0.437,348.2,0.28,0.239,13.19,0.415,1,113985,471.3,311.3,1.514,0.786,0.986,0.777,0.751,3.7294,1.0248,0.6657,0.2132,0.8939,3.171,0.0738,0.0,black / very dark brown,oval
Kupro,grading,grading__Kupro__Large__84__Grade-3.jpg,0.509,5.1,0.369,0.282,13.57,0.405,1,132756,492.7,347.7,1.417,0.77,0.982,0.755,0.709,2.4253,0.8102,0.7085,0.2162,0.928,3.122,0.0453,0.0,dark red-brown,oval
Kupro,grading,grading__Kupro__Large__86__Grade-1.jpg,0.472,253.5,0.159,0.237,15.94,0.346,1,123160,465.5,338.5,1.375,0.842,0.992,0.777,0.687,3.2692,0.9419,0.6873,0.226,0.9372,3.154,0.0681,0.0001,black / very dark brown,oval
Kupro,grading,grading__Kupro__Large__91__Grade-2.jpg,0.452,285.7,0.183,0.2,13.69,0.401,1,117861,469.8,322.6,1.456,0.785,0.978,0.765,0.727,2.5699,0.8333,0.7034,0.233,0.9337,3.201,0.0499,0.0,black / very dark brown,oval
Kupro,grading,grading__Kupro__Large__91__Grade-3.jpg,0.426,358.8,0.355,0.32,16.74,0.328,1,110983,473.8,300.6,1.576,0.708,0.974,0.732,0.773,4.8867,1.2145,0.6261,0.171,0.8981,3.162,0.0915,0.0001,dark red-brown,oval
Kupro,grading,grading__Kupro__Large__93__Grade-2.jpg,0.447,336.5,0.179,0.255,15.59,0.354,1,116459,461.9,328.8,1.405,0.749,0.976,0.746,0.702,2.6187,0.8661,0.6899,0.2067,0.9427,3.164,0.053,0.0,black / very dark brown,oval
Kupro,grading,grading__Kupro__Large__95__Grade-3.jpg,0.467,350.8,0.307,0.268,17.12,0.319,1,121788,487.4,320.1,1.523,0.578,0.958,0.717,0.754,2.992,0.8602,0.7093,0.227,0.9504,3.169,0.0567,0.0,black / very dark brown,oval
Kupro,grading,grading__Kupro__Large__96__Grade-2.jpg,0.394,320.4,0.207,0.217,14.9,0.37,1,102747,477.5,277.4,1.722,0.777,0.989,0.749,0.814,3.1311,0.8709,0.7083,0.2563,0.929,3.209,0.0525,0.0002,black / very dark brown,oblong / elongated
Kupro,grading,grading__Kupro__Large__96__Grade-3.jpg,0.456,339.7,0.247,0.252,14.49,0.381,1,119047,458.8,333.4,1.376,0.809,0.986,0.806,0.687,2.6015,0.846,0.7007,0.2055,0.9322,3.167,0.0527,0.0,black / very dark brown,oval
Kupro,grading,grading__Kupro__Large__97__Grade-1.jpg,0.52,311.1,0.151,0.206,14.0,0.393,1,135807,481.5,360.6,1.335,0.845,0.992,0.815,0.663,2.4588,0.802,0.7153,0.2823,0.9399,3.198,0.0495,0.0001,black / very dark brown,oval
Kupro,grading,grading__Kupro__Large__98__Grade-2.jpg,0.457,348.7,0.242,0.256,15.52,0.355,1,119067,468.2,327.1,1.431,0.727,0.979,0.788,0.715,2.6679,0.8894,0.684,0.2346,0.9476,3.15,0.0627,0.0,black / very dark brown,oval
Kupro,grading,grading__Kupro__Large__99__Grade-3.jpg,0.442,353.3,0.376,0.278,13.67,0.402,1,115377,473.4,311.6,1.519,0.712,0.978,0.789,0.753,2.8829,0.9142,0.6831,0.2301,0.9122,3.155,0.0652,0.0,dark red-brown,oval
Kupro,grading,grading__Kupro__Large__9__Grade-1.jpg,0.458,352.6,0.152,0.241,15.46,0.357,1,119412,477.6,321.3,1.486,0.792,0.986,0.759,0.74,2.87,0.9157,0.6801,0.2183,0.9412,3.177,0.0614,0.0,black / very dark brown,oval
NbotAli,alhamdan,alhamdan__Nabtat Ali Date (1).jpg,0.325,21.7,0.567,0.53,14.8,0.373,1,84759,422.2,262.6,1.608,0.788,0.992,0.775,0.783,1.1962,0.664,0.7152,0.168,0.9587,3.104,0.0051,0.0,amber brown,oblong / elongated
NbotAli,alhamdan,alhamdan__Nabtat Ali Date (10).jpg,0.322,25.2,0.621,0.588,19.51,0.272,1,83849,430.9,253.3,1.701,0.792,0.992,0.832,0.809,1.086,0.5983,0.7409,0.1584,0.9711,3.161,0.0041,0.0,golden brown,oblong / elongated
NbotAli,alhamdan,alhamdan__Nabtat Ali Date (101).jpg,0.188,23.4,0.587,0.542,14.0,0.393,1,32553,268.9,157.8,1.704,0.787,0.991,0.795,0.81,1.7742,0.7909,0.6809,0.175,0.9406,3.234,0.016,0.0,amber brown,oblong / elongated
NbotAli,alhamdan,alhamdan__Nabtat Ali Date (103).jpg,0.238,24.7,0.56,0.534,17.32,0.315,1,62017,398.2,202.9,1.963,0.744,0.983,0.8,0.861,1.7243,0.8002,0.6738,0.1424,0.953,3.185,0.0179,0.0,amber brown,oblong / elongated
NbotAli,alhamdan,alhamdan__Nabtat Ali Date (104).jpg,0.273,24.2,0.598,0.55,15.76,0.35,1,71202,385.8,239.8,1.609,0.793,0.987,0.802,0.783,1.6732,0.8191,0.6623,0.1375,0.9525,3.182,0.0202,0.0,amber brown,oblong / elongated
NbotAli,alhamdan,alhamdan__Nabtat Ali Date (105).jpg,0.336,24.5,0.644,0.577,14.99,0.368,1,87504,419.8,269.0,1.561,0.82,0.993,0.824,0.768,1.2767,0.6384,0.731,0.1849,0.9514,3.174,0.0126,0.0,amber brown,oval
NbotAli,alhamdan,alhamdan__Nabtat Ali Date (107).jpg,0.312,24.2,0.613,0.534,13.85,0.397,1,81304,413.4,256.5,1.612,0.79,0.99,0.801,0.784,1.2568,0.669,0.7148,0.186,0.9449,3.152,0.009,0.0,amber brown,oblong / elongated
NbotAli,alhamdan,alhamdan__Nabtat Ali Date (109).jpg,0.308,28.4,0.687,0.579,17.55,0.31,1,80266,411.9,252.8,1.629,0.805,0.993,0.857,0.789,0.9634,0.5678,0.7495,0.1682,0.9699,3.191,0.0053,0.0,golden brown,oblong / elongated
NbotAli,alhamdan,alhamdan__Nabtat Ali Date (110).jpg,0.331,25.5,0.68,0.553,16.23,0.339,1,86150,436.6,256.8,1.7,0.778,0.989,0.817,0.809,2.9917,0.9147,0.6849,0.1535,0.9025,3.202,0.0561,0.0001,golden brown,oblong / elongated
NbotAli,alhamdan,alhamdan__Nabtat Ali Date (111).jpg,0.306,24.7,0.631,0.572,17.54,0.311,1,79669,420.5,245.7,1.711,0.793,0.988,0.81,0.812,1.1637,0.6457,0.7205,0.1612,0.9631,3.217,0.0055,0.0,amber brown,oblong / elongated
NbotAli,alhamdan,alhamdan__Nabtat Ali Date (112).jpg,0.306,26.4,0.625,0.552,19.3,0.276,1,79761,422.1,246.9,1.709,0.776,0.986,0.791,0.811,1.287,0.6428,0.7284,0.1473,0.969,3.216,0.0064,0.0,golden brown,oblong / elongated
NbotAli,alhamdan,alhamdan__Nabtat Ali Date (113).jpg,0.358,24.5,0.605,0.555,13.09,0.418,1,93343,462.5,266.8,1.733,0.756,0.981,0.772,0.817,1.5566,0.7914,0.6705,0.1672,0.9355,3.197,0.009,0.0,amber brown,oblong / elongated
NbotAli,alhamdan,alhamdan__Nabtat Ali Date (114).jpg,0.382,25.3,0.627,0.581,15.81,0.349,1,99470,473.2,272.7,1.735,0.792,0.992,0.837,0.817,1.5331,0.7742,0.6771,0.1565,0.9494,3.2,0.0085,0.0,golden brown,oblong / elongated
NbotAli,alhamdan,alhamdan__Nabtat Ali Date (115).jpg,0.379,22.9,0.653,0.592,13.99,0.394,1,98884,454.5,284.4,1.598,0.792,0.993,0.796,0.78,1.2186,0.6685,0.7121,0.1697,0.9557,3.165,0.0053,0.0,amber brown,oval
NbotAli,alhamdan,alhamdan__Nabtat Ali Date (117).jpg,0.446,23.0,0.69,0.514,12.63,0.431,1,116253,475.2,317.4,1.497,0.754,0.967,0.723,0.744,1.0013,0.5443,0.7653,0.2176,0.9526,3.012,0.005,0.0,amber brown,oval
NbotAli,alhamdan,alhamdan__Nabtat Ali Date (118).jpg,0.314,22.0,0.597,0.53,16.96,0.323,1,81892,399.6,265.7,1.504,0.748,0.978,0.763,0.747,1.3663,0.7089,0.7005,0.144,0.965,3.215,0.0132,0.0,amber brown,oval
NbotAli,alhamdan,alhamdan__Nabtat Ali Date (119).jpg,0.305,21.2,0.594,0.527,14.95,0.369,1,79497,408.9,255.2,1.602,0.744,0.974,0.749,0.781,1.2557,0.6588,0.7186,0.1771,0.9598,3.195,0.0118,0.0,amber brown,oblong / elongated
NbotAli,alhamdan,alhamdan__Nabtat Ali Date (12).jpg,0.351,23.3,0.632,0.524,12.74,0.428,1,91583,441.6,268.6,1.644,0.786,0.99,0.792,0.794,1.1816,0.6503,0.7191,0.1824,0.9534,3.196,0.0058,0.0,amber brown,oblong / elongated
NbotAli,alhamdan,alhamdan__Nabtat Ali Date (121).jpg,0.325,23.4,0.636,0.571,18.63,0.289,1,84590,409.0,266.4,1.535,0.826,0.994,0.826,0.759,1.3752,0.7036,0.7041,0.1524,0.9646,3.185,0.0138,0.0,amber brown,oval
NbotAli,alhamdan,alhamdan__Nabtat Ali Date (122).jpg,0.365,21.5,0.631,0.574,15.78,0.349,1,95186,437.0,283.3,1.543,0.803,0.985,0.816,0.762,2.6402,0.8916,0.6771,0.1618,0.9113,3.165,0.0427,0.0004,amber brown,oval
NbotAli,alhamdan,alhamdan__Nabtat Ali Date (125).jpg,0.308,22.3,0.625,0.519,22.77,0.219,1,80181,413.9,251.4,1.647,0.789,0.986,0.803,0.795,3.5791,1.024,0.658,0.1304,0.9389,3.199,0.0638,0.0,amber brown,oblong / elongated
NbotAli,alhamdan,alhamdan__Nabtat Ali Date (126).jpg,0.283,24.1,0.573,0.496,20.82,0.25,1,73828,367.7,258.9,1.42,0.811,0.981,0.794,0.71,1.1179,0.5984,0.7448,0.1591,0.9722,3.081,0.0083,0.0,amber brown,oval
NbotAli,alhamdan,alhamdan__Nabtat Ali Date (127).jpg,0.276,25.8,0.609,0.556,17.07,0.321,1,71861,431.3,218.3,1.976,0.725,0.983,0.787,0.863,1.2067,0.6643,0.7154,0.1622,0.9615,3.135,0.0069,0.0,golden brown,oblong / elongated
NbotAli,alhamdan,alhamdan__Nabtat Ali Date (128).jpg,0.299,26.1,0.627,0.493,13.99,0.394,1,77812,397.8,252.0,1.579,0.783,0.984,0.81,0.774,0.8526,0.5048,0.7783,0.2044,0.963,3.051,0.0041,0.0,golden brown,oval
NbotAli,alhamdan,alhamdan__Nabtat Ali Date (129).jpg,0.293,25.6,0.642,0.58,15.74,0.35,1,76197,413.6,240.3,1.721,0.783,0.993,0.809,0.814,1.3303,0.7081,0.6992,0.1749,0.9481,3.191,0.011,0.0,golden brown,oblong / elongated
NbotAli,alhamdan,alhamdan__Nabtat Ali Date (13).jpg,0.343,22.7,0.558,0.554,13.84,0.398,1,89302,450.2,260.9,1.725,0.759,0.982,0.791,0.815,1.3117,0.6949,0.7032,0.1778,0.9518,3.162,0.0086,0.0,amber brown,oblong / elongated
NbotAli,alhamdan,alhamdan__Nabtat Ali Date (130).jpg,0.284,22.4,0.546,0.495,13.32,0.412,1,73937,398.8,243.1,1.64,0.756,0.98,0.778,0.793,1.2776,0.6658,0.7176,0.184,0.9478,3.15,0.0116,0.0,amber brown,oblong / elongated
NbotAli,alhamdan,alhamdan__Nabtat Ali Date (133).jpg,0.318,21.6,0.545,0.532,18.52,0.291,1,82968,430.8,252.2,1.708,0.766,0.985,0.764,0.811,1.6479,0.7755,0.6826,0.1519,0.9609,3.202,0.0129,0.0,amber brown,oblong / elongated
NbotAli,alhamdan,alhamdan__Nabtat Ali Date (135).jpg,0.205,21.4,0.546,0.518,15.06,0.366,1,35478,278.6,168.3,1.655,0.765,0.985,0.767,0.797,1.8124,0.832,0.6621,0.1624,0.9379,3.205,0.0134,0.0,amber brown,oblong / elongated
NbotAli,alhamdan,alhamdan__Nabtat Ali Date (136).jpg,0.346,22.9,0.599,0.435,15.84,0.348,1,90296,383.7,305.0,1.258,0.818,0.987,0.821,0.607,1.0545,0.5785,0.7502,0.1848,0.9651,3.115,0.005,0.0,amber brown,oval
NbotAli,alhamdan,alhamdan__Nabtat Ali Date (137).jpg,0.329,20.4,0.572,0.533,15.61,0.353,1,85766,433.8,257.1,1.687,0.796,0.991,0.816,0.805,2.1572,0.9347,0.6335,0.1475,0.9337,3.166,0.0299,0.0,amber brown,oblong / elongated
NbotAli,alhamdan,alhamdan__Nabtat Ali Date (138).jpg,0.348,21.6,0.593,0.459,14.43,0.382,1,90754,421.6,277.0,1.522,0.801,0.984,0.798,0.754,1.0627,0.5961,0.7427,0.1924,0.9656,3.031,0.004,0.0,amber brown,oval
NbotAli,alhamdan,alhamdan__Nabtat Ali Date (14).jpg,0.233,23.5,0.589,0.554,14.93,0.37,1,40362,298.7,174.5,1.712,0.789,0.989,0.792,0.812,1.957,0.831,0.6668,0.1584,0.9351,3.232,0.0089,0.0,amber brown,oblong / elongated
NbotAli,alhamdan,alhamdan__Nabtat Ali Date (141).jpg,0.305,15.0,0.53,0.492,15.3,0.361,1,79411,413.0,253.1,1.632,0.789,0.991,0.807,0.79,2.9352,1.0097,0.6319,0.159,0.8894,3.207,0.0498,0.0001,amber brown,oblong / elongated
NbotAli,alhamdan,alhamdan__Nabtat Ali Date (142).jpg,0.337,19.8,0.59,0.54,14.89,0.371,1,87869,431.6,265.8,1.624,0.792,0.992,0.766,0.788,1.6053,0.782,0.6765,0.173,0.9496,3.235,0.0095,0.0,amber brown,oblong / elongated
NbotAli,alhamdan,alhamdan__Nabtat Ali Date (143).jpg,0.308,16.4,0.497,0.53,15.78,0.349,1,80208,410.6,253.7,1.618,0.78,0.985,0.782,0.786,1.5966,0.7895,0.6737,0.158,0.9483,3.171,0.0143,0.0,amber brown,oblong / elongated
NbotAli,alhamdan,alhamdan__Nabtat Ali Date (144).jpg,0.317,25.5,0.674,0.638,16.46,0.334,1,82709,431.1,247.8,1.74,0.785,0.991,0.808,0.818,1.5016,0.7063,0.7058,0.1722,0.9444,3.193,0.0077,0.0,amber / golden yellow,oblong / elongated
NbotAli,alhamdan,alhamdan__Nabtat Ali Date (145).jpg,0.275,27.1,0.655,0.612,17.86,0.304,1,71698,435.5,214.8,2.028,0.73,0.982,0.816,0.87,1.4121,0.6972,0.7084,0.1548,0.9514,3.136,0.0089,0.0,amber / golden yellow,oblong / elongated
NbotAli,alhamdan,alhamdan__Nabtat Ali Date (146).jpg,0.291,25.4,0.719,0.542,13.29,0.412,1,75716,390.8,250.6,1.56,0.78,0.98,0.775,0.767,1.1898,0.6292,0.7324,0.1945,0.9383,3.107,0.012,0.0,golden brown,oval
NbotAli,alhamdan,alhamdan__Nabtat Ali Date (148).jpg,0.346,22.8,0.597,0.572,14.93,0.37,1,90292,449.4,262.1,1.715,0.783,0.992,0.802,0.812,1.4734,0.7675,0.6776,0.156,0.9522,3.217,0.007,0.0,amber brown,oblong / elongated
NbotAli,alhamdan,alhamdan__Nabtat Ali Date (149).jpg,0.298,20.7,0.605,0.543,15.62,0.353,1,77553,410.4,249.9,1.642,0.775,0.988,0.789,0.793,1.4444,0.6594,0.7309,0.1744,0.9502,3.19,0.024,0.0,amber brown,oblong / elongated
NbotAli,alhamdan,alhamdan__Nabtat Ali Date (15).jpg,0.322,23.7,0.677,0.589,15.67,0.352,1,83936,418.9,259.2,1.616,0.808,0.988,0.835,0.786,1.8063,0.7494,0.7031,0.1693,0.9391,3.173,0.0182,0.0001,amber brown,oblong / elongated
NbotAli,alhamdan,alhamdan__Nabtat Ali Date (151).jpg,0.332,22.5,0.666,0.562,14.3,0.385,1,86457,426.4,261.7,1.63,0.737,0.971,0.788,0.79,1.1801,0.6346,0.7292,0.1827,0.9521,3.147,0.0106,0.0,amber brown,oblong / elongated
NbotAli,alhamdan,alhamdan__Nabtat Ali Date (155).jpg,0.301,22.0,0.615,0.508,17.35,0.315,1,78456,407.4,249.6,1.632,0.791,0.992,0.793,0.79,1.2669,0.652,0.7251,0.1665,0.9672,3.138,0.014,0.0,amber brown,oblong / elongated
NbotAli,alhamdan,alhamdan__Nabtat Ali Date (156).jpg,0.323,22.4,0.657,0.591,17.34,0.315,1,84214,436.8,249.0,1.754,0.786,0.994,0.794,0.822,2.8438,0.962,0.6522,0.1471,0.9295,3.243,0.0413,0.0001,amber brown,oblong / elongated
NbotAli,alhamdan,alhamdan__Nabtat Ali Date (157).jpg,0.287,22.6,0.632,0.561,16.98,0.322,1,74743,402.8,241.6,1.667,0.801,0.992,0.824,0.8,1.4209,0.7404,0.6891,0.1548,0.9551,3.148,0.0088,0.0,amber brown,oblong / elongated
NbotAli,alhamdan,alhamdan__Nabtat Ali Date (158).jpg,0.329,19.6,0.555,0.475,17.34,0.315,1,85841,387.3,284.5,1.361,0.794,0.972,0.758,0.678,1.1586,0.6403,0.7247,0.1803,0.9572,3.131,0.0071,0.0,amber brown,oval
NbotAli,alhamdan,alhamdan__Nabtat Ali Date (160).jpg,0.328,17.7,0.51,0.439,16.82,0.326,1,85426,400.0,277.1,1.444,0.708,0.959,0.726,0.721,1.3457,0.6898,0.7104,0.1633,0.9587,3.083,0.0064,0.0,amber brown,oval
NbotAli,alhamdan,alhamdan__Nabtat Ali Date (161).jpg,0.338,21.3,0.569,0.573,18.57,0.29,1,87967,461.0,252.0,1.83,0.76,0.989,0.791,0.837,1.8641,0.8689,0.6489,0.1381,0.9529,3.169,0.0182,0.0,amber brown,oblong / elongated
NbotAli,alhamdan,alhamdan__Nabtat Ali Date (162).jpg,0.35,21.4,0.572,0.55,16.79,0.326,1,91290,470.6,253.4,1.857,0.759,0.992,0.788,0.843,1.6816,0.8197,0.6635,0.1508,0.9531,3.158,0.0162,0.0,amber brown,oblong / elongated
NbotAli,alhamdan,alhamdan__Nabtat Ali Date (165).jpg,0.343,24.0,0.611,0.502,19.33,0.276,1,89475,415.0,280.0,1.482,0.789,0.976,0.774,0.738,0.9109,0.5263,0.7706,0.1698,0.9761,2.96,0.005,0.0,amber brown,oval
NbotAli,alhamdan,alhamdan__Nabtat Ali Date (166).jpg,0.342,21.9,0.57,0.57,18.02,0.301,1,89124,445.6,256.5,1.737,0.748,0.985,0.723,0.818,3.1613,0.8701,0.6998,0.152,0.9273,3.173,0.0374,0.0004,amber brown,oblong / elongated
NbotAli,alhamdan,alhamdan__Nabtat Ali Date (168).jpg,0.339,22.9,0.633,0.589,19.54,0.272,1,88467,411.3,276.7,1.486,0.824,0.993,0.798,0.74,1.9179,0.8383,0.6704,0.1424,0.9545,3.166,0.0194,0.0,amber brown,oval
NbotAli,alhamdan,alhamdan__Nabtat Ali Date (169).jpg,0.315,21.5,0.595,0.556,19.71,0.269,1,82036,433.7,247.1,1.755,0.773,0.993,0.79,0.822,1.6489,0.7711,0.6893,0.1608,0.9607,3.154,0.016,0.0,amber brown,oblong / elongated
NbotAli,alhamdan,alhamdan__Nabtat Ali Date (17).jpg,0.357,23.3,0.631,0.56,16.39,0.335,1,93156,455.2,267.3,1.703,0.774,0.988,0.804,0.81,1.9127,0.8169,0.6762,0.1644,0.9429,3.2,0.0204,0.0,amber brown,oblong / elongated
NbotAli,alhamdan,alhamdan__Nabtat Ali Date (170).jpg,0.352,20.8,0.625,0.557,15.35,0.359,1,91664,425.0,276.7,1.536,0.836,0.995,0.819,0.759,1.3802,0.7128,0.6995,0.1609,0.9585,3.143,0.0099,0.0,amber brown,oval
NbotAli,alhamdan,alhamdan__Nabtat Ali Date (173).jpg,0.286,23.4,0.61,0.556,15.46,0.357,1,74505,429.8,226.6,1.897,0.76,0.992,0.82,0.85,1.413,0.6895,0.7104,0.1651,0.9556,3.242,0.0058,0.0,amber brown,oblong / elongated
NbotAli,alhamdan,alhamdan__Nabtat Ali Date (174).jpg,0.292,26.2,0.625,0.554,16.61,0.331,1,76157,381.7,258.1,1.479,0.799,0.986,0.84,0.737,1.3883,0.699,0.706,0.1534,0.955,3.191,0.0106,0.0,golden brown,oval
NbotAli,alhamdan,alhamdan__Nabtat Ali Date (175).jpg,0.301,24.7,0.623,0.56,18.14,0.298,1,78416,406.2,250.2,1.624,0.802,0.99,0.836,0.788,1.4799,0.7395,0.6901,0.1426,0.9633,3.221,0.009,0.0,amber brown,oblong / elongated
NbotAli,alhamdan,alhamdan__Nabtat Ali Date (176).jpg,0.332,19.2,0.635,0.562,14.4,0.383,1,86603,410.9,270.8,1.518,0.815,0.99,0.779,0.752,1.646,0.7942,0.6746,0.1751,0.9316,3.137,0.0145,0.0,amber brown,oval
NbotAli,alhamdan,alhamdan__Nabtat Ali Date (177).jpg,0.325,22.9,0.647,0.547,15.87,0.347,1,84769,425.2,260.2,1.634,0.775,0.981,0.782,0.791,1.6164,0.748,0.6958,0.1686,0.9331,3.16,0.0178,0.0,amber brown,oblong / elongated
NbotAli,alhamdan,alhamdan__Nabtat Ali Date (18).jpg,0.33,25.6,0.639,0.583,18.02,0.301,1,86015,474.7,239.3,1.984,0.748,0.983,0.815,0.864,1.3307,0.697,0.7058,0.1516,0.9661,3.17,0.011,0.0,golden brown,oblong / elongated
NbotAli,alhamdan,alhamdan__Nabtat Ali Date (20).jpg,0.342,25.1,0.694,0.575,17.37,0.314,1,89096,455.5,255.4,1.783,0.76,0.99,0.784,0.828,1.4643,0.68,0.7194,0.1557,0.9569,3.223,0.0135,0.0002,golden brown,oblong / elongated
NbotAli,alhamdan,alhamdan__Nabtat Ali Date (21).jpg,0.503,31.3,0.317,0.81,9.24,0.54,1,130508,495.2,469.4,1.055,0.233,0.691,0.649,0.319,0.0588,0.0357,0.9843,0.425,0.9901,0.354,0.0,0.0274,amber / golden yellow,round
NbotAli,alhamdan,alhamdan__Nabtat Ali Date (23).jpg,0.324,22.8,0.606,0.547,13.49,0.407,1,84466,418.3,261.6,1.599,0.791,0.99,0.79,0.78,1.6464,0.7671,0.6855,0.169,0.9393,3.213,0.0162,0.0001,amber brown,oval
NbotAli,alhamdan,alhamdan__Nabtat Ali Date (24).jpg,0.318,21.7,0.569,0.534,14.49,0.381,1,82790,427.7,251.8,1.699,0.783,0.991,0.797,0.808,1.213,0.6446,0.7246,0.1759,0.9625,3.159,0.0084,0.0,amber brown,oblong / elongated
NbotAli,alhamdan,alhamdan__Nabtat Ali Date (25).jpg,0.311,23.2,0.557,0.531,15.81,0.349,1,81111,417.1,254.6,1.639,0.788,0.992,0.792,0.792,1.3831,0.7058,0.7022,0.1709,0.9509,3.174,0.0097,0.0,amber brown,oblong / elongated
NbotAli,alhamdan,alhamdan__Nabtat Ali Date (26).jpg,0.295,23.0,0.567,0.531,15.02,0.367,1,76787,405.6,244.8,1.657,0.808,0.994,0.802,0.797,1.4457,0.7405,0.6884,0.1624,0.958,3.188,0.0124,0.0,amber brown,oblong / elongated
NbotAli,alhamdan,alhamdan__Nabtat Ali Date (29).jpg,0.344,21.5,0.575,0.57,14.9,0.37,1,89572,455.0,255.1,1.784,0.79,0.993,0.836,0.828,1.7372,0.8448,0.6529,0.1501,0.9444,3.244,0.0147,0.0,amber brown,oblong / elongated
NbotAli,alhamdan,alhamdan__Nabtat Ali Date (30).jpg,0.199,20.7,0.587,0.53,15.47,0.357,1,34456,301.6,150.3,2.006,0.729,0.985,0.806,0.867,2.5813,0.932,0.6522,0.1543,0.9167,3.146,0.0306,0.0001,amber brown,oblong / elongated
NbotAli,alhamdan,alhamdan__Nabtat Ali Date (31).jpg,0.328,24.4,0.643,0.586,14.61,0.378,1,85452,444.2,251.1,1.769,0.784,0.995,0.812,0.825,1.2597,0.7085,0.6942,0.1645,0.9542,3.18,0.0058,0.0,amber brown,oblong / elongated
NbotAli,alhamdan,alhamdan__Nabtat Ali Date (32).jpg,0.309,27.3,0.639,0.596,13.42,0.409,1,80569,450.6,241.8,1.863,0.726,0.985,0.77,0.844,1.4634,0.7294,0.6952,0.1723,0.9351,3.21,0.0104,0.0,golden brown,oblong / elongated
NbotAli,alhamdan,alhamdan__Nabtat Ali Date (34).jpg,0.349,25.5,0.659,0.551,13.88,0.396,1,91104,415.1,282.0,1.472,0.833,0.993,0.785,0.734,1.1779,0.6279,0.7311,0.1771,0.9579,3.152,0.0099,0.0,golden brown,oval
NbotAli,alhamdan,alhamdan__Nabtat Ali Date (35).jpg,0.353,22.5,0.643,0.576,15.58,0.354,1,91885,417.8,283.1,1.476,0.813,0.991,0.79,0.736,1.4263,0.7003,0.7087,0.1637,0.9547,3.194,0.0189,0.0001,amber brown,oval
NbotAli,alhamdan,alhamdan__Nabtat Ali Date (36).jpg,0.321,25.0,0.657,0.609,18.91,0.284,1,83638,426.9,255.1,1.673,0.792,0.992,0.817,0.802,1.3182,0.689,0.7102,0.1552,0.9619,3.097,0.0117,0.0,amber brown,oblong / elongated
NbotAli,alhamdan,alhamdan__Nabtat Ali Date (37).jpg,0.34,24.9,0.646,0.621,19.25,0.277,1,88536,450.1,256.3,1.756,0.79,0.993,0.821,0.822,1.0503,0.6188,0.7289,0.1528,0.9771,3.19,0.0069,0.0,amber brown,oblong / elongated
NbotAli,alhamdan,alhamdan__Nabtat Ali Date (38).jpg,0.332,20.9,0.626,0.47,14.03,0.392,1,86589,427.0,264.5,1.614,0.776,0.977,0.78,0.785,0.9784,0.5495,0.7617,0.1886,0.9686,3.024,0.0046,0.0,amber brown,oblong / elongated
NbotAli,alhamdan,alhamdan__Nabtat Ali Date (39).jpg,0.359,21.8,0.576,0.566,16.1,0.342,1,93461,459.0,265.5,1.729,0.776,0.992,0.78,0.816,1.4736,0.7454,0.6876,0.149,0.9567,3.225,0.0118,0.0,amber brown,oblong / elongated
NbotAli,alhamdan,alhamdan__Nabtat Ali Date (4).jpg,0.355,20.3,0.579,0.56,14.69,0.376,1,92503,468.4,256.8,1.824,0.776,0.992,0.82,0.836,2.1181,0.8632,0.6611,0.1536,0.9298,3.218,0.0221,0.0002,amber brown,oblong / elongated
NbotAli,alhamdan,alhamdan__Nabtat Ali Date (40).jpg,0.347,25.9,0.636,0.515,12.12,0.446,1,90517,427.2,273.5,1.562,0.805,0.987,0.823,0.768,1.0615,0.6336,0.7224,0.1893,0.9453,3.046,0.003,0.0,golden brown,oval
NbotAli,alhamdan,alhamdan__Nabtat Ali Date (43).jpg,0.326,24.1,0.578,0.568,14.09,0.391,1,84908,467.4,237.7,1.967,0.742,0.989,0.783,0.861,1.6552,0.7849,0.6787,0.1755,0.9351,3.23,0.0185,0.0,amber brown,oblong / elongated
NbotAli,alhamdan,alhamdan__Nabtat Ali Date (44).jpg,0.337,25.8,0.597,0.601,17.3,0.316,1,87699,445.7,257.1,1.734,0.785,0.991,0.822,0.817,1.3008,0.6985,0.7026,0.1522,0.9629,3.214,0.0085,0.0,amber / golden yellow,oblong / elongated
NbotAli,alhamdan,alhamdan__Nabtat Ali Date (45).jpg,0.298,24.0,0.606,0.557,19.17,0.279,1,77667,442.8,231.5,1.913,0.748,0.989,0.809,0.852,1.411,0.7184,0.6983,0.1467,0.9667,3.19,0.0086,0.0,amber brown,oblong / elongated
NbotAli,alhamdan,alhamdan__Nabtat Ali Date (46).jpg,0.329,19.9,0.601,0.421,16.2,0.34,1,85853,412.7,269.8,1.53,0.768,0.97,0.754,0.757,1.2502,0.6045,0.7475,0.1856,0.9676,3.142,0.0072,0.0,amber brown,oval
NbotAli,alhamdan,alhamdan__Nabtat Ali Date (48).jpg,0.305,22.0,0.52,0.504,14.63,0.377,1,79407,445.0,234.9,1.894,0.754,0.992,0.785,0.849,1.5827,0.7593,0.6893,0.1637,0.9476,3.122,0.018,0.0,amber brown,oblong / elongated
NbotAli,alhamdan,alhamdan__Nabtat Ali Date (52).jpg,0.285,23.2,0.645,0.569,13.6,0.404,1,74317,402.3,241.3,1.667,0.803,0.994,0.857,0.8,1.2604,0.6558,0.7193,0.1837,0.9494,3.187,0.0054,0.0,amber brown,oblong / elongated
NbotAli,alhamdan,alhamdan__Nabtat Ali Date (53).jpg,0.309,23.9,0.66,0.543,14.87,0.371,1,80383,400.3,261.9,1.529,0.801,0.987,0.788,0.756,1.113,0.6038,0.7394,0.1821,0.9627,3.177,0.0111,0.0,amber brown,oval
NbotAli,alhamdan,alhamdan__Nabtat Ali Date (54).jpg,0.267,24.6,0.572,0.553,17.07,0.321,1,69401,403.6,228.0,1.77,0.761,0.98,0.817,0.825,1.2785,0.6358,0.732,0.1574,0.9623,3.178,0.0069,0.0,amber brown,oblong / elongated
NbotAli,alhamdan,alhamdan__Nabtat Ali Date (55).jpg,0.261,21.3,0.57,0.497,15.65,0.352,1,67876,403.5,221.8,1.819,0.756,0.988,0.767,0.835,1.339,0.6836,0.7122,0.1772,0.9612,3.192,0.0099,0.0,amber brown,oblong / elongated
NbotAli,alhamdan,alhamdan__Nabtat Ali Date (56).jpg,0.293,21.6,0.583,0.528,14.89,0.371,1,76196,406.7,246.0,1.653,0.781,0.984,0.829,0.796,1.2873,0.6267,0.736,0.1812,0.9572,3.228,0.008,0.0,amber brown,oblong / elongated
NbotAli,alhamdan,alhamdan__Nabtat Ali Date (57).jpg,0.349,24.6,0.629,0.589,17.61,0.309,1,90948,459.9,258.7,1.778,0.771,0.989,0.829,0.827,1.5007,0.741,0.6929,0.1484,0.9605,3.106,0.0168,0.0,amber brown,oblong / elongated
NbotAli,alhamdan,alhamdan__Nabtat Ali Date (58).jpg,0.337,24.1,0.609,0.567,18.59,0.29,1,87852,469.6,242.7,1.935,0.744,0.987,0.774,0.856,1.9846,0.827,0.6757,0.1402,0.9529,3.178,0.0284,0.0,amber brown,oblong / elongated
NbotAli,alhamdan,alhamdan__Nabtat Ali Date (6).jpg,0.347,26.1,0.632,0.609,16.57,0.331,1,90326,449.5,265.1,1.695,0.758,0.988,0.775,0.808,1.7666,0.817,0.6684,0.1433,0.9496,3.194,0.0202,0.0,amber / golden yellow,oblong / elongated
NbotAli,alhamdan,alhamdan__Nabtat Ali Date (60).jpg,0.317,23.8,0.595,0.554,14.57,0.379,1,82478,449.1,240.3,1.869,0.733,0.984,0.749,0.845,1.456,0.693,0.7133,0.1842,0.9408,3.177,0.0155,0.0002,amber brown,oblong / elongated
NbotAli,alhamdan,alhamdan__Nabtat Ali Date (61).jpg,0.312,20.2,0.545,0.522,17.71,0.307,1,81404,397.0,265.0,1.498,0.798,0.985,0.782,0.744,1.5788,0.7653,0.6833,0.1438,0.9603,3.171,0.018,0.0,amber brown,oval
NbotAli,alhamdan,alhamdan__Nabtat Ali Date (63).jpg,0.32,24.4,0.545,0.535,16.3,0.337,1,83330,420.3,259.9,1.617,0.796,0.992,0.805,0.786,1.891,0.8577,0.6541,0.1484,0.9367,3.21,0.0169,0.0,amber brown,oblong / elongated
NbotAli,alhamdan,alhamdan__Nabtat Ali Date (65).jpg,0.216,24.9,0.637,0.58,20.32,0.258,1,37491,286.0,170.0,1.682,0.799,0.994,0.795,0.804,1.6556,0.6999,0.7178,0.153,0.9588,3.176,0.0113,0.0,amber brown,oblong / elongated
NbotAli,alhamdan,alhamdan__Nabtat Ali Date (66).jpg,0.325,25.4,0.575,0.566,19.31,0.276,1,84565,439.9,251.0,1.753,0.775,0.989,0.798,0.821,1.2637,0.6601,0.7205,0.1442,0.9693,3.186,0.0095,0.0,golden brown,oblong / elongated
NbotAli,alhamdan,alhamdan__Nabtat Ali Date (68).jpg,0.337,26.0,0.581,0.565,14.09,0.391,1,87800,425.3,271.2,1.568,0.784,0.988,0.809,0.77,1.7378,0.8367,0.6573,0.1524,0.9377,3.24,0.0138,0.0,golden brown,oval
NbotAli,alhamdan,alhamdan__Nabtat Ali Date (69).jpg,0.335,25.3,0.653,0.576,14.51,0.38,1,87386,412.8,276.9,1.491,0.784,0.98,0.78,0.742,1.1835,0.6358,0.7264,0.1957,0.9468,3.188,0.0069,0.0,golden brown,oval
NbotAli,alhamdan,alhamdan__Nabtat Ali Date (70).jpg,0.273,21.4,0.588,0.509,16.38,0.336,1,71018,387.5,239.1,1.62,0.794,0.99,0.801,0.787,1.5097,0.7132,0.7052,0.1572,0.9608,3.198,0.0104,0.0,amber brown,oblong / elongated
NbotAli,alhamdan,alhamdan__Nabtat Ali Date (71).jpg,0.271,23.5,0.594,0.568,17.42,0.313,1,70582,394.6,235.2,1.678,0.758,0.969,0.768,0.803,1.5869,0.8229,0.657,0.1458,0.9599,3.203,0.0118,0.0,amber brown,oblong / elongated
NbotAli,alhamdan,alhamdan__Nabtat Ali Date (72).jpg,0.307,22.4,0.558,0.547,16.75,0.327,1,79997,398.3,260.4,1.53,0.81,0.989,0.81,0.757,1.549,0.7627,0.6823,0.1429,0.9594,3.216,0.0095,0.0,amber brown,oval
NbotAli,alhamdan,alhamdan__Nabtat Ali Date (73).jpg,0.321,23.9,0.614,0.593,17.03,0.321,1,83720,399.8,269.2,1.485,0.83,0.993,0.827,0.739,2.0975,0.8982,0.6482,0.1391,0.942,3.227,0.022,0.0004,amber brown,oval
NbotAli,alhamdan,alhamdan__Nabtat Ali Date (74).jpg,0.34,24.0,0.607,0.575,17.06,0.321,1,88592,437.6,266.7,1.641,0.768,0.986,0.8,0.793,1.752,0.8278,0.6651,0.1458,0.9443,3.111,0.0139,0.0,amber brown,oblong / elongated
NbotAli,alhamdan,alhamdan__Nabtat Ali Date (76).jpg,0.309,24.1,0.613,0.513,16.2,0.34,1,80418,415.5,250.2,1.661,0.79,0.99,0.777,0.798,1.9967,0.7749,0.6962,0.166,0.9452,3.176,0.0163,0.0001,amber brown,oblong / elongated
NbotAli,alhamdan,alhamdan__Nabtat Ali Date (77).jpg,0.321,24.5,0.66,0.566,15.83,0.348,1,83564,418.7,258.6,1.619,0.815,0.994,0.832,0.786,1.3165,0.6857,0.7089,0.1691,0.9623,3.207,0.0103,0.0,amber brown,oblong / elongated
NbotAli,alhamdan,alhamdan__Nabtat Ali Date (78).jpg,0.331,22.8,0.562,0.525,14.31,0.385,1,86230,405.4,274.5,1.476,0.826,0.994,0.773,0.736,1.0833,0.6269,0.7268,0.1828,0.9623,3.095,0.0054,0.0,amber brown,oval
NbotAli,alhamdan,alhamdan__Nabtat Ali Date (79).jpg,0.27,22.2,0.495,0.489,15.88,0.347,1,70306,393.8,233.2,1.688,0.778,0.988,0.78,0.806,1.5912,0.7794,0.6775,0.1549,0.9538,3.162,0.0113,0.0,amber brown,oblong / elongated
NbotAli,alhamdan,alhamdan__Nabtat Ali Date (8).jpg,0.336,24.9,0.604,0.557,14.1,0.391,1,87456,452.8,253.1,1.789,0.764,0.987,0.783,0.829,1.4113,0.7529,0.6808,0.1648,0.9462,3.205,0.006,0.0,amber brown,oblong / elongated
NbotAli,alhamdan,alhamdan__Nabtat Ali Date (80).jpg,0.333,22.4,0.595,0.43,16.98,0.322,1,86750,381.4,291.5,1.309,0.834,0.988,0.818,0.645,1.0129,0.5242,0.7779,0.2178,0.9729,3.04,0.008,0.0,amber brown,oval
NbotAli,alhamdan,alhamdan__Nabtat Ali Date (81).jpg,0.319,24.8,0.616,0.537,16.93,0.323,1,83118,398.3,269.8,1.477,0.817,0.991,0.793,0.736,1.9469,0.7793,0.6941,0.1463,0.9465,3.107,0.0257,0.0003,amber brown,oval
NbotAli,alhamdan,alhamdan__Nabtat Ali Date (82).jpg,0.323,23.7,0.64,0.559,13.78,0.399,1,84116,433.3,250.7,1.728,0.79,0.991,0.814,0.816,1.2494,0.625,0.7358,0.1989,0.9503,3.206,0.0117,0.0,amber brown,oblong / elongated
NbotAli,alhamdan,alhamdan__Nabtat Ali Date (84).jpg,0.296,19.2,0.544,0.345,11.85,0.454,1,77202,388.3,259.6,1.496,0.786,0.982,0.787,0.744,1.2018,0.5416,0.7798,0.2846,0.9631,3.083,0.0086,0.0,dark brown,oval
NbotAli,alhamdan,alhamdan__Nabtat Ali Date (85).jpg,0.297,22.6,0.585,0.563,17.32,0.315,1,77362,413.5,243.9,1.695,0.785,0.99,0.793,0.807,1.3091,0.6987,0.7011,0.1489,0.9653,3.232,0.0083,0.0,amber brown,oblong / elongated
NbotAli,alhamdan,alhamdan__Nabtat Ali Date (87).jpg,0.286,21.7,0.589,0.536,15.53,0.355,1,74454,389.1,249.4,1.56,0.809,0.994,0.79,0.767,1.3934,0.7231,0.6936,0.1593,0.9562,3.193,0.0083,0.0,amber brown,oval
NbotAli,alhamdan,alhamdan__Nabtat Ali Date (9).jpg,0.309,23.2,0.643,0.582,17.84,0.304,1,80592,446.0,238.0,1.874,0.738,0.981,0.811,0.846,1.3568,0.6687,0.7184,0.1603,0.9633,3.186,0.0061,0.0,amber brown,oblong / elongated
NbotAli,alhamdan,alhamdan__Nabtat Ali Date (90).jpg,0.265,23.5,0.608,0.522,16.07,0.343,1,68904,407.6,220.7,1.846,0.753,0.988,0.75,0.841,1.3583,0.6587,0.7248,0.1743,0.9646,3.222,0.0067,0.0,amber brown,oblong / elongated
NbotAli,alhamdan,alhamdan__Nabtat Ali Date (92).jpg,0.177,21.2,0.545,0.493,14.23,0.387,1,30636,285.9,144.6,1.977,0.71,0.98,0.741,0.863,2.0835,0.8358,0.6745,0.1768,0.921,3.166,0.0265,0.0,amber brown,oblong / elongated
NbotAli,alhamdan,alhamdan__Nabtat Ali Date (93).jpg,0.317,22.6,0.591,0.523,16.0,0.344,1,82484,409.5,260.9,1.569,0.806,0.992,0.81,0.771,1.3857,0.6822,0.7138,0.1673,0.9542,3.193,0.0084,0.0,amber brown,oval
NbotAli,alhamdan,alhamdan__Nabtat Ali Date (94).jpg,0.326,22.4,0.541,0.594,13.76,0.4,1,84961,466.0,240.9,1.934,0.755,0.988,0.81,0.856,1.8749,0.8692,0.6493,0.1546,0.9256,3.234,0.0141,0.0,amber brown,oblong / elongated
NbotAli,alhamdan,alhamdan__Nabtat Ali Date (95).jpg,0.309,25.3,0.607,0.59,14.06,0.392,1,80532,445.3,237.1,1.878,0.776,0.991,0.828,0.847,1.4065,0.7616,0.6763,0.1745,0.937,3.216,0.0062,0.0,golden brown,oblong / elongated
NbotAli,alhamdan,alhamdan__Nabtat Ali Date (97).jpg,0.207,24.3,0.607,0.559,15.4,0.358,1,53766,331.7,208.5,1.59,0.797,0.989,0.784,0.778,1.6838,0.7478,0.6945,0.1571,0.9358,3.229,0.0151,0.0,amber brown,oval
NbotAli,alhamdan,alhamdan__Nabtat Ali Date (98).jpg,0.22,19.5,0.593,0.59,16.23,0.339,1,57379,345.1,213.3,1.617,0.777,0.988,0.742,0.786,1.5092,0.7442,0.69,0.1587,0.9473,3.225,0.0153,0.0,amber brown,oblong / elongated
NbotAli,zenodo,zenodo__NbotAli-10.jpg,0.456,20.0,0.657,0.557,15.92,0.346,1,79323,393.2,281.5,1.397,0.518,0.878,0.691,0.698,1.919,0.7677,0.697,0.1399,0.9516,2.824,0.0292,0.0,amber brown,oval
NbotAli,zenodo,zenodo__NbotAli-12.jpg,0.226,22.6,0.676,0.627,17.6,0.309,1,39081,288.8,185.0,1.562,0.507,0.842,0.588,0.768,1.5974,0.7297,0.7018,0.1387,0.9662,2.867,0.023,0.0,amber brown,oval
NbotAli,zenodo,zenodo__NbotAli-13.jpg,0.225,22.6,0.676,0.626,17.56,0.31,1,38990,287.9,184.5,1.56,0.498,0.842,0.588,0.768,1.5237,0.7164,0.7049,0.1398,0.9675,2.846,0.0229,0.0,amber brown,oval
NbotAli,zenodo,zenodo__NbotAli-15.jpg,0.275,20.3,0.634,0.579,16.13,0.341,1,47704,326.7,218.5,1.495,0.464,0.82,0.556,0.744,1.8513,0.7388,0.707,0.1427,0.9588,2.932,0.0254,0.0018,amber brown,oval
NbotAli,zenodo,zenodo__NbotAli-16.jpg,0.321,23.5,0.67,0.593,18.77,0.286,1,55695,322.3,246.0,1.31,0.521,0.813,0.626,0.646,1.2955,0.6784,0.7128,0.1407,0.9729,2.879,0.0197,0.0,amber brown,oval
NbotAli,zenodo,zenodo__NbotAli-17.jpg,0.314,23.6,0.67,0.6,18.43,0.293,1,54466,320.7,243.8,1.315,0.471,0.795,0.614,0.65,1.2877,0.6782,0.7123,0.142,0.9723,2.875,0.0162,0.0,amber brown,oval
NbotAli,zenodo,zenodo__NbotAli-18.jpg,0.375,20.6,0.675,0.59,19.37,0.275,1,65091,321.8,281.2,1.145,0.547,0.881,0.696,0.486,2.0769,0.7984,0.6878,0.1288,0.9624,2.879,0.0302,0.0005,amber brown,round
NbotAli,zenodo,zenodo__NbotAli-19.jpg,0.332,20.8,0.681,0.587,20.0,0.264,1,57654,323.3,271.9,1.189,0.437,0.804,0.611,0.541,1.8928,0.7707,0.6932,0.1295,0.9671,2.869,0.0291,0.0006,amber brown,round
NbotAli,zenodo,zenodo__NbotAli-20.jpg,0.288,21.2,0.697,0.549,19.77,0.268,2,43620,307.1,197.0,1.559,0.549,0.868,0.61,0.767,1.857,0.7493,0.7006,0.131,0.9678,2.896,0.0232,0.0001,amber brown,oval
NbotAli,zenodo,zenodo__NbotAli-21.jpg,0.208,20.7,0.648,0.635,18.75,0.286,1,35987,327.4,170.4,1.921,0.416,0.782,0.576,0.854,2.0199,0.789,0.6893,0.1323,0.9643,2.982,0.0283,0.0,amber brown,oblong / elongated
NbotAli,zenodo,zenodo__NbotAli-23.jpg,0.365,20.7,0.664,0.569,15.17,0.364,1,63419,344.5,254.4,1.354,0.494,0.834,0.593,0.674,1.4864,0.6619,0.7288,0.1529,0.9594,2.693,0.0221,0.002,amber brown,oval
NbotAli,zenodo,zenodo__NbotAli-24.jpg,0.48,20.1,0.653,0.439,12.19,0.444,1,83501,490.3,221.3,2.216,0.549,0.938,0.781,0.892,1.438,0.6851,0.7169,0.1765,0.9263,2.727,0.0279,0.0,amber brown,very elongated
NbotAli,zenodo,zenodo__NbotAli-27.jpg,0.274,21.5,0.656,0.413,12.41,0.437,1,47489,366.8,180.8,2.028,0.416,0.836,0.657,0.87,1.3728,0.6598,0.7266,0.182,0.9226,2.877,0.0283,0.0,amber brown,oblong / elongated
NbotAli,zenodo,zenodo__NbotAli-29.jpg,0.416,20.3,0.646,0.395,11.82,0.455,1,72304,528.8,194.6,2.718,0.465,0.885,0.781,0.93,1.2522,0.6267,0.7358,0.1918,0.9208,2.876,0.024,0.0,dark brown,very elongated
NbotAli,zenodo,zenodo__NbotAli-3.jpg,0.657,19.9,0.653,0.506,15.71,0.351,1,114416,481.4,313.1,1.537,0.644,0.947,0.846,0.76,2.2518,0.8445,0.6766,0.1429,0.9319,2.806,0.0371,0.0001,amber brown,oval
NbotAli,zenodo,zenodo__NbotAli-33.jpg,0.493,20.0,0.668,0.4,11.57,0.462,1,85640,475.7,242.2,1.964,0.553,0.922,0.752,0.861,1.2347,0.624,0.7367,0.1906,0.9249,2.743,0.0236,0.0,amber brown,oblong / elongated
NbotAli,zenodo,zenodo__NbotAli-35.jpg,0.471,23.1,0.649,0.648,16.48,0.333,1,81851,415.4,281.8,1.474,0.48,0.883,0.609,0.735,1.8618,0.7536,0.7014,0.1432,0.955,2.902,0.0272,0.0,amber brown,oval
NbotAli,zenodo,zenodo__NbotAli-36.jpg,0.46,23.3,0.687,0.584,18.35,0.294,1,80048,444.0,240.7,1.845,0.593,0.903,0.673,0.84,1.1491,0.6061,0.7412,0.1471,0.9762,2.872,0.0189,0.0,amber brown,oblong / elongated
NbotAli,zenodo,zenodo__NbotAli-37.jpg,0.46,23.3,0.687,0.584,18.26,0.296,1,80022,444.6,240.4,1.849,0.599,0.909,0.675,0.841,1.0657,0.5821,0.7494,0.1501,0.9777,2.788,0.0172,0.0,amber brown,oblong / elongated
NbotAli,zenodo,zenodo__NbotAli-38.jpg,0.234,27.3,0.702,0.708,15.25,0.362,1,40493,279.2,204.4,1.366,0.505,0.847,0.576,0.681,1.0999,0.5828,0.7493,0.1584,0.974,2.662,0.0119,0.0,amber / golden yellow,oval
NbotAli,zenodo,zenodo__NbotAli-39.jpg,0.251,27.4,0.704,0.707,14.88,0.371,1,43498,305.3,204.8,1.491,0.469,0.818,0.57,0.742,1.0961,0.5897,0.7459,0.1594,0.9726,2.637,0.013,0.0,amber / golden yellow,oval
NbotAli,zenodo,zenodo__NbotAli-4.jpg,0.553,19.7,0.653,0.507,16.1,0.342,1,96070,477.9,274.5,1.741,0.444,0.851,0.732,0.819,2.3369,0.8589,0.6716,0.1393,0.9342,2.835,0.0407,0.0002,amber brown,oblong / elongated
NbotAli,zenodo,zenodo__NbotAli-42.jpg,0.345,23.7,0.658,0.652,16.16,0.34,1,59859,316.2,270.6,1.169,0.449,0.831,0.654,0.518,1.4906,0.718,0.7,0.1401,0.9664,3.019,0.0174,0.0,amber brown,round
NbotAli,zenodo,zenodo__NbotAli-43.jpg,0.283,24.0,0.669,0.652,16.02,0.344,1,49110,299.3,256.3,1.168,0.398,0.769,0.548,0.517,1.0711,0.6057,0.737,0.1535,0.975,2.734,0.0128,0.0,amber brown,round
NbotAli,zenodo,zenodo__NbotAli-45.jpg,0.487,23.7,0.68,0.602,17.83,0.305,1,84641,429.7,280.2,1.533,0.53,0.872,0.66,0.758,1.2117,0.6243,0.7353,0.1448,0.9756,2.676,0.0164,0.0,amber brown,oval
NbotAli,zenodo,zenodo__NbotAli-46.jpg,0.306,22.2,0.613,0.641,18.97,0.282,1,53101,377.6,202.4,1.865,0.48,0.836,0.585,0.844,3.254,1.0056,0.6335,0.1244,0.9273,3.15,0.0428,0.0047,amber brown,oblong / elongated
NbotAli,zenodo,zenodo__NbotAli-47.jpg,0.127,28.8,0.717,0.771,19.14,0.279,2,11809,148.9,111.5,1.336,0.689,0.892,0.678,0.663,1.1057,0.6551,0.7131,0.1564,0.9849,2.959,0.0049,0.0,amber / golden yellow,oval
NbotAli,zenodo,zenodo__NbotAli-48.jpg,0.353,21.4,0.586,0.638,18.13,0.299,1,61263,364.8,232.1,1.571,0.525,0.859,0.685,0.771,3.028,0.9834,0.6375,0.1273,0.9276,3.087,0.0425,0.0043,amber brown,oval
NbotAli,zenodo,zenodo__NbotAli-49.jpg,0.595,18.5,0.524,0.599,17.4,0.313,1,103508,461.4,297.8,1.549,0.574,0.904,0.728,0.764,3.0201,0.9502,0.6534,0.1339,0.9219,2.972,0.0426,0.0043,amber brown,oval
NbotAli,zenodo,zenodo__NbotAli-5.jpg,0.575,19.6,0.653,0.513,15.51,0.356,1,100062,408.9,321.7,1.271,0.607,0.926,0.795,0.617,1.9388,0.8092,0.68,0.1414,0.9448,2.635,0.0343,0.0,amber brown,oval
NbotAli,zenodo,zenodo__NbotAli-50.jpg,0.503,19.5,0.677,0.56,17.62,0.309,1,87479,417.1,294.9,1.414,0.49,0.847,0.62,0.707,1.4551,0.6723,0.7223,0.1418,0.9676,2.94,0.022,0.0,amber brown,oval
NbotAli,zenodo,zenodo__NbotAli-53.jpg,0.41,21.7,0.435,0.592,18.87,0.284,1,71252,431.2,228.1,1.89,0.442,0.838,0.651,0.849,2.9695,0.93,0.6569,0.13,0.936,3.004,0.0419,0.0044,amber brown,oblong / elongated
NbotAli,zenodo,zenodo__NbotAli-54.jpg,0.421,20.1,0.608,0.771,15.78,0.349,1,73130,406.0,259.6,1.564,0.495,0.866,0.607,0.769,2.1256,0.7295,0.7167,0.1638,0.9271,3.109,0.0272,0.0106,amber brown,oval
NbotAli,zenodo,zenodo__NbotAli-55.jpg,0.394,18.5,0.428,0.569,19.11,0.28,1,68216,467.1,248.8,1.878,0.311,0.712,0.512,0.846,3.0226,0.9762,0.6405,0.129,0.9253,3.092,0.0391,0.0014,amber brown,oblong / elongated
NbotAli,zenodo,zenodo__NbotAli-56.jpg,0.338,24.1,0.483,0.857,18.26,0.296,1,58689,402.9,209.7,1.921,0.483,0.837,0.602,0.854,2.8529,0.9639,0.6441,0.14,0.93,3.129,0.0479,0.0119,amber brown,oblong / elongated
NbotAli,zenodo,zenodo__NbotAli-57.jpg,0.545,19.6,0.656,0.496,13.76,0.4,1,94766,443.7,288.6,1.538,0.554,0.899,0.694,0.76,1.7805,0.7151,0.7193,0.1604,0.9457,2.755,0.03,0.0,amber brown,oval
NbotAli,zenodo,zenodo__NbotAli-58.jpg,0.57,19.1,0.677,0.418,11.68,0.459,1,99117,479.8,283.0,1.696,0.545,0.904,0.688,0.808,1.1318,0.5898,0.749,0.1894,0.9438,2.735,0.0211,0.0,amber brown,oblong / elongated
NbotAli,zenodo,zenodo__NbotAli-59.jpg,0.579,19.2,0.671,0.417,11.74,0.457,1,100742,489.1,284.6,1.719,0.561,0.912,0.711,0.813,1.0461,0.5734,0.7531,0.1908,0.9471,2.672,0.0195,0.0,amber brown,oblong / elongated
NbotAli,zenodo,zenodo__NbotAli-6.jpg,0.574,19.6,0.655,0.511,15.5,0.356,1,99916,409.3,321.0,1.275,0.608,0.927,0.805,0.621,1.9356,0.8065,0.6811,0.1419,0.9445,2.637,0.0358,0.0,amber brown,oval
NbotAli,zenodo,zenodo__NbotAli-66.jpg,0.502,18.2,0.4,0.492,14.25,0.387,1,87166,459.7,258.4,1.779,0.36,0.857,0.653,0.827,1.3233,0.6908,0.7072,0.1523,0.958,2.556,0.0211,0.0,amber brown,oblong / elongated
NbotAli,zenodo,zenodo__NbotAli-67.jpg,0.54,19.5,0.463,0.403,13.01,0.42,1,93886,496.1,252.2,1.967,0.396,0.879,0.702,0.861,1.7755,0.7579,0.6972,0.1674,0.9259,2.772,0.0302,0.0,amber brown,oblong / elongated
NbotAli,zenodo,zenodo__NbotAli-69.jpg,0.256,26.3,0.506,0.75,16.8,0.326,1,44447,369.1,173.7,2.125,0.539,0.864,0.558,0.882,1.2143,0.6367,0.7269,0.1585,0.9628,2.931,0.0116,0.0067,amber / golden yellow,oblong / elongated
NbotAli,zenodo,zenodo__NbotAli-7.jpg,0.482,19.1,0.647,0.6,16.16,0.341,1,83801,422.1,276.9,1.525,0.486,0.867,0.643,0.755,1.9852,0.7567,0.7019,0.139,0.9557,2.798,0.0246,0.0002,amber brown,oval
NbotAli,zenodo,zenodo__NbotAli-70.jpg,0.54,24.6,0.479,0.823,15.45,0.357,1,93932,459.2,295.1,1.556,0.489,0.894,0.665,0.766,1.0379,0.585,0.7451,0.1627,0.9712,2.899,0.0122,0.0046,amber brown,oval
NbotAli,zenodo,zenodo__NbotAli-71.jpg,0.297,22.3,0.677,0.559,16.07,0.343,1,51565,357.4,194.3,1.839,0.639,0.919,0.766,0.839,0.741,0.5084,0.767,0.1578,0.9816,3.083,0.0067,0.0,amber brown,oblong / elongated
NbotAli,zenodo,zenodo__NbotAli-73.jpg,0.119,29.8,0.598,0.802,23.44,0.21,2,17459,188.6,124.0,1.521,0.674,0.93,0.621,0.754,1.4779,0.6463,0.7381,0.1651,0.9772,2.798,0.0227,0.1457,amber / golden yellow,oval
NbotAli,zenodo,zenodo__NbotAli-74.jpg,0.237,26.4,0.688,0.749,15.86,0.347,1,41197,287.0,197.4,1.454,0.682,0.92,0.583,0.726,0.9091,0.5236,0.769,0.1697,0.9814,2.729,0.0091,0.0,amber / golden yellow,oval
NbotAli,zenodo,zenodo__NbotAli-75.jpg,0.071,26.1,0.682,0.801,13.24,0.414,1,12279,152.5,105.0,1.453,0.793,0.96,0.697,0.725,1.4347,0.7133,0.7026,0.1857,0.9141,2.901,0.0299,0.0002,amber / golden yellow,oval
NbotAli,zenodo,zenodo__NbotAli-76.jpg,0.374,23.1,0.599,0.607,14.37,0.384,1,64859,388.7,239.5,1.623,0.449,0.839,0.575,0.788,1.518,0.6723,0.7229,0.1607,0.9477,2.79,0.0201,0.0005,amber brown,oblong / elongated
NbotAli,zenodo,zenodo__NbotAli-77.jpg,0.527,20.4,0.524,0.637,18.86,0.284,1,91571,468.3,290.3,1.613,0.446,0.852,0.623,0.785,3.448,0.9851,0.6518,0.1276,0.9364,2.989,0.0457,0.0321,amber brown,oblong / elongated
NbotAli,zenodo,zenodo__NbotAli-78.jpg,0.597,18.2,0.48,0.66,18.19,0.297,1,103854,497.4,296.7,1.677,0.434,0.838,0.73,0.803,3.8348,1.0335,0.6414,0.1274,0.9222,2.916,0.0533,0.0262,amber brown,oblong / elongated
NbotAli,zenodo,zenodo__NbotAli-79.jpg,0.44,20.2,0.667,0.546,16.81,0.326,1,76512,372.5,273.6,1.361,0.58,0.902,0.609,0.679,1.9924,0.7445,0.7113,0.1426,0.9525,2.839,0.0303,0.0011,amber brown,oval
NbotAli,zenodo,zenodo__NbotAli-8.jpg,0.456,20.5,0.642,0.566,16.54,0.332,1,79219,495.5,248.1,1.997,0.413,0.834,0.634,0.866,1.7966,0.737,0.7076,0.1432,0.9572,2.727,0.0258,0.0014,amber brown,oblong / elongated
NbotAli,zenodo,zenodo__NbotAli-80.jpg,0.449,20.3,0.664,0.543,16.86,0.325,1,78074,372.7,278.3,1.339,0.595,0.898,0.62,0.665,1.9784,0.7428,0.712,0.1431,0.9522,2.815,0.0302,0.0009,amber brown,oval
NbotAli,zenodo,zenodo__NbotAli-83.jpg,0.286,17.8,0.676,0.564,16.92,0.324,1,49576,286.5,241.4,1.187,0.565,0.867,0.675,0.539,1.8025,0.727,0.7117,0.1384,0.9628,2.652,0.024,0.0,amber brown,round
NbotAli,zenodo,zenodo__NbotAli-84.jpg,0.192,24.7,0.721,0.628,16.67,0.329,1,33292,273.2,173.5,1.575,0.594,0.87,0.593,0.773,1.0226,0.5518,0.7622,0.1571,0.98,2.437,0.0112,0.0,amber brown,oval
NbotAli,zenodo,zenodo__NbotAli-85.jpg,0.235,24.1,0.723,0.627,17.32,0.315,2,29737,250.6,205.7,1.218,0.349,0.725,0.545,0.571,1.476,0.7449,0.6896,0.134,0.9699,3.006,0.0203,0.0,amber brown,round
NbotAli,zenodo,zenodo__NbotAli-87.jpg,0.44,19.6,0.475,0.674,17.87,0.304,1,76444,446.5,250.0,1.786,0.458,0.844,0.65,0.829,3.8787,1.0843,0.625,0.1232,0.922,3.05,0.0648,0.0193,amber brown,oblong / elongated
NbotAli,zenodo,zenodo__NbotAli-88.jpg,0.17,30.8,0.462,0.863,17.77,0.306,1,29298,307.0,143.7,2.136,0.31,0.725,0.496,0.884,3.4283,1.0106,0.6464,0.1556,0.9132,3.068,0.0446,0.0887,amber / golden yellow,oblong / elongated
NbotAli,zenodo,zenodo__NbotAli-89.jpg,0.273,22.3,0.689,0.573,18.29,0.296,1,47278,305.4,213.8,1.428,0.528,0.852,0.62,0.714,1.9258,0.7579,0.7027,0.1349,0.9609,2.9,0.0284,0.0,amber brown,oval
NbotAli,zenodo,zenodo__NbotAli-9.jpg,0.465,20.6,0.641,0.57,16.45,0.334,1,80842,489.2,249.8,1.958,0.439,0.86,0.653,0.86,1.814,0.7365,0.7088,0.1439,0.9564,2.713,0.0277,0.0013,amber brown,oblong / elongated
NbotAli,zenodo,zenodo__NbotAli-90.jpg,0.657,19.9,0.663,0.473,15.93,0.346,1,114255,502.7,297.9,1.688,0.487,0.926,0.779,0.806,2.1103,0.8394,0.6733,0.143,0.9365,2.823,0.0403,0.0,amber brown,oblong / elongated
NbotAli,zenodo,zenodo__NbotAli-91.jpg,0.144,21.1,0.673,0.546,19.4,0.274,2,16338,193.1,124.8,1.548,0.51,0.788,0.549,0.763,1.1988,0.6785,0.7071,0.1411,0.9763,2.938,0.0201,0.0,amber brown,oval
NbotAli,zenodo,zenodo__NbotAli-92.jpg,0.169,26.6,0.597,0.646,19.65,0.27,1,29163,240.2,194.2,1.237,0.399,0.751,0.539,0.589,3.5333,0.9212,0.68,0.1505,0.9382,3.162,0.0277,0.0222,amber / golden yellow,round
NbotAli,zenodo,zenodo__NbotAli-95.jpg,0.155,21.2,0.663,0.515,19.44,0.274,1,26644,330.9,149.5,2.214,0.282,0.619,0.436,0.892,1.2404,0.6639,0.717,0.1471,0.9731,2.997,0.018,0.0,amber brown,very elongated
NbotAli,zenodo,zenodo__NbotAli-96.jpg,0.087,26.3,0.754,0.67,16.27,0.338,1,14979,175.9,115.4,1.524,0.733,0.92,0.617,0.755,0.7688,0.5393,0.752,0.158,0.9854,3.089,0.003,0.0,amber / golden yellow,oval
SagaiIRAQ,zenodo,zenodo__SequeeIRAQ_6163.jpg,0.563,20.1,0.791,0.584,16.26,0.338,1,97825,470.9,287.4,1.639,0.341,0.817,0.67,0.792,1.8971,0.7521,0.706,0.1469,0.9499,2.62,0.0323,0.0001,amber brown,oblong / elongated
SagaiIRAQ,zenodo,zenodo__SequeeIRAQ_6166.jpg,0.515,21.5,0.706,0.71,18.5,0.291,1,89455,448.0,300.0,1.493,0.451,0.792,0.706,0.743,1.5287,0.6379,0.7452,0.1534,0.9684,2.762,0.0174,0.0247,amber brown,oval
SagaiIRAQ,zenodo,zenodo__SequeeIRAQ_6168.jpg,0.311,20.4,0.789,0.666,14.6,0.378,1,53938,399.1,209.1,1.908,0.454,0.769,0.568,0.852,1.108,0.5604,0.7632,0.1631,0.9707,2.91,0.0154,0.0,amber brown,oblong / elongated
SagaiIRAQ,zenodo,zenodo__SequeeIRAQ_6170.jpg,0.625,21.0,0.738,0.663,17.64,0.308,1,108773,478.1,307.7,1.554,0.599,0.936,0.742,0.765,1.0772,0.5266,0.7782,0.1614,0.9785,2.829,0.0162,0.0214,amber brown,oval
SagaiIRAQ,zenodo,zenodo__SequeeIRAQ_6172.jpg,0.538,19.2,0.842,0.371,14.98,0.368,1,93467,431.0,302.9,1.423,0.492,0.847,0.661,0.711,0.5562,0.3709,0.8292,0.2251,0.9708,2.906,0.005,0.0,dark brown,oval
SagaiIRAQ,zenodo,zenodo__SequeeIRAQ_6173.jpg,0.289,20.8,0.779,0.692,16.0,0.344,2,36738,300.1,169.2,1.774,0.555,0.848,0.568,0.826,1.3943,0.6401,0.7374,0.1669,0.9554,2.865,0.0191,0.0059,amber brown,oblong / elongated
SagaiIRAQ,zenodo,zenodo__SequeeIRAQ_6174.jpg,0.545,20.8,0.786,0.668,14.54,0.379,1,94866,423.6,298.1,1.421,0.649,0.931,0.764,0.71,0.8994,0.5141,0.7759,0.1714,0.9724,2.634,0.0159,0.0,amber brown,oval
SagaiIRAQ,zenodo,zenodo__SequeeIRAQ_6175.jpg,0.333,21.6,0.785,0.569,16.96,0.323,1,57746,462.2,178.3,2.592,0.483,0.894,0.7,0.923,1.2113,0.6008,0.749,0.1768,0.9537,2.841,0.0167,0.0,amber brown,very elongated
SagaiIRAQ,zenodo,zenodo__SequeeIRAQ_6176.jpg,0.323,19.1,0.812,0.619,15.54,0.355,1,55892,434.7,192.6,2.258,0.366,0.771,0.566,0.897,0.9984,0.5308,0.7696,0.1645,0.9735,2.799,0.0114,0.0,amber brown,very elongated
SagaiIRAQ,zenodo,zenodo__SequeeIRAQ_6178.jpg,0.537,19.3,0.783,0.639,17.72,0.307,1,93241,457.8,290.8,1.574,0.406,0.815,0.702,0.772,1.8632,0.738,0.7089,0.1439,0.9555,2.793,0.0259,0.0076,amber brown,oval
SagaiIRAQ,zenodo,zenodo__SequeeIRAQ_6179.jpg,0.53,18.9,0.779,0.653,19.05,0.281,1,92181,431.7,298.7,1.445,0.472,0.853,0.658,0.722,2.1586,0.7751,0.703,0.1349,0.9571,2.934,0.0265,0.0063,amber brown,oval
SagaiIRAQ,zenodo,zenodo__SequeeIRAQ_6182.jpg,0.388,17.6,0.785,0.633,16.1,0.342,1,67232,418.9,276.3,1.516,0.379,0.731,0.565,0.752,1.1191,0.5984,0.7436,0.1515,0.9762,2.878,0.0175,0.0001,amber brown,oval
SagaiIRAQ,zenodo,zenodo__SequeeIRAQ_6183.jpg,0.381,21.2,0.798,0.655,12.95,0.422,1,66229,396.5,247.5,1.602,0.496,0.798,0.549,0.781,0.8093,0.4762,0.7875,0.1817,0.9716,2.878,0.0079,0.0,amber brown,oblong / elongated
SagaiIRAQ,zenodo,zenodo__SequeeIRAQ_6184.jpg,0.252,20.6,0.794,0.723,16.33,0.337,1,43665,279.6,244.4,1.144,0.518,0.853,0.593,0.486,1.3818,0.6397,0.7344,0.1531,0.9652,2.918,0.025,0.0003,amber brown,round
SagaiIRAQ,zenodo,zenodo__SequeeIRAQ_6185.jpg,0.143,13.8,0.782,0.613,11.97,0.45,3,8902,118.4,97.4,1.216,0.808,0.957,0.73,0.569,1.431,0.7511,0.6853,0.1707,0.9358,2.977,0.0318,0.0,amber brown,round
SagaiIRAQ,zenodo,zenodo__SequeeIRAQ_6186.jpg,0.437,19.5,0.805,0.656,14.94,0.369,1,75875,428.6,254.8,1.682,0.472,0.83,0.584,0.804,1.1388,0.5787,0.7534,0.1634,0.9642,2.805,0.0146,0.0,amber brown,oblong / elongated
SagaiIRAQ,zenodo,zenodo__SequeeIRAQ_6187.jpg,0.374,21.3,0.808,0.668,17.8,0.305,1,64816,392.4,284.3,1.38,0.397,0.745,0.47,0.689,1.3575,0.6344,0.7379,0.1522,0.9684,2.75,0.0247,0.0,amber brown,oval
SagaiIRAQ,zenodo,zenodo__SequeeIRAQ_6188.jpg,0.273,24.3,0.782,0.791,12.77,0.427,1,47041,383.9,214.3,1.791,0.241,0.715,0.513,0.83,0.8809,0.487,0.7862,0.1972,0.9729,2.948,0.0079,0.0,amber brown,oblong / elongated
SagaiIRAQ,zenodo,zenodo__SequeeIRAQ_6190.jpg,0.385,24.0,0.809,0.711,14.09,0.391,1,66808,344.7,289.7,1.19,0.512,0.843,0.592,0.542,0.7861,0.4913,0.7805,0.1795,0.9789,2.798,0.0115,0.0,amber brown,round
SagaiIRAQ,zenodo,zenodo__SequeeIRAQ_6191.jpg,0.606,20.4,0.775,0.661,17.79,0.305,1,105459,452.5,304.1,1.488,0.571,0.919,0.765,0.741,1.3114,0.5998,0.7482,0.1535,0.9688,2.668,0.0165,0.0006,amber brown,oval
SagaiIRAQ,zenodo,zenodo__SequeeIRAQ_6193.jpg,0.271,25.0,0.268,0.715,2.85,0.827,1,46811,391.6,219.1,1.787,0.328,0.669,0.501,0.829,0.3186,0.2077,0.9067,0.6253,0.8931,2.842,0.0,0.0,amber brown,oblong / elongated
SagaiIRAQ,zenodo,zenodo__SequeeIRAQ_6194.jpg,0.42,20.2,0.596,0.529,25.39,0.184,1,73011,446.7,231.9,1.926,0.586,0.913,0.693,0.855,1.1957,0.4146,0.8385,0.2863,0.988,2.984,0.0139,0.0,amber brown,oblong / elongated
SagaiIRAQ,zenodo,zenodo__SequeeIRAQ_6195.jpg,0.289,19.0,0.523,0.541,24.31,0.198,1,50055,342.5,272.4,1.258,0.318,0.657,0.511,0.606,0.8215,0.3752,0.8483,0.2494,0.9925,2.829,0.0045,0.0,amber brown,oval
SagaiIRAQ,zenodo,zenodo__SequeeIRAQ_6196.jpg,0.425,21.1,0.772,0.624,16.52,0.332,1,73697,392.1,279.4,1.403,0.269,0.779,0.598,0.702,1.1393,0.5448,0.7701,0.1775,0.9661,2.826,0.0134,0.0019,amber brown,oval
SagaiIRAQ,zenodo,zenodo__SequeeIRAQ_6197.jpg,0.318,20.1,0.762,0.547,17.67,0.308,1,55234,333.7,241.8,1.38,0.55,0.871,0.685,0.689,0.9732,0.4839,0.7969,0.1908,0.9762,2.785,0.0118,0.0,amber brown,oval
SagaiIRAQ,zenodo,zenodo__SequeeIRAQ_6200.jpg,0.532,22.1,0.823,0.705,14.34,0.385,1,92415,419.9,327.3,1.283,0.476,0.844,0.688,0.627,0.9482,0.5002,0.7834,0.1776,0.9683,2.849,0.0126,0.0,amber brown,oval
SagaiIRAQ,zenodo,zenodo__SequeeIRAQ_6201.jpg,0.26,24.8,0.826,0.757,17.0,0.322,1,44985,358.3,213.2,1.681,0.394,0.773,0.554,0.804,0.9494,0.5518,0.757,0.1612,0.9807,2.892,0.0049,0.0,amber brown,oblong / elongated
SagaiIRAQ,zenodo,zenodo__SequeeIRAQ_6202.jpg,0.598,20.6,0.79,0.668,16.85,0.325,1,103974,486.7,290.9,1.673,0.565,0.901,0.756,0.802,1.209,0.5659,0.7618,0.1591,0.9692,2.687,0.0119,0.0006,amber brown,oblong / elongated
SagaiIRAQ,zenodo,zenodo__SequeeIRAQ_6204.jpg,0.399,29.0,0.582,0.942,23.93,0.203,1,69249,450.4,218.2,2.064,0.51,0.895,0.669,0.875,2.7528,0.8935,0.6792,0.1728,0.9123,3.003,0.0524,0.0403,amber / golden yellow,oblong / elongated
SagaiIRAQ,zenodo,zenodo__SequeeIRAQ_6206.jpg,0.461,28.6,0.61,0.938,19.81,0.267,1,80179,362.7,304.3,1.192,0.558,0.889,0.66,0.544,1.9439,0.7986,0.6907,0.1689,0.928,2.908,0.0504,0.0124,amber / golden yellow,round
SagaiIRAQ,zenodo,zenodo__SequeeIRAQ_6208.jpg,0.345,26.9,0.531,0.717,21.76,0.234,1,59871,387.4,218.7,1.772,0.531,0.87,0.559,0.826,1.4994,0.6824,0.7203,0.1467,0.9644,2.594,0.0258,0.0165,amber / golden yellow,oblong / elongated
SagaiIRAQ,zenodo,zenodo__SequeeIRAQ_6209.jpg,0.541,25.0,0.588,0.64,20.8,0.25,1,94052,501.2,252.4,1.986,0.434,0.903,0.796,0.864,3.452,1.0468,0.6289,0.1212,0.9289,2.873,0.0592,0.0158,amber brown,oblong / elongated
SagaiIRAQ,zenodo,zenodo__SequeeIRAQ_6211.jpg,0.613,31.5,0.49,0.94,22.35,0.225,1,106500,478.1,294.8,1.622,0.346,0.866,0.737,0.787,1.7869,0.7107,0.722,0.1636,0.9623,2.76,0.0306,0.0789,amber / golden yellow,oblong / elongated
SagaiIRAQ,zenodo,zenodo__SequeeIRAQ_6212.jpg,0.505,21.9,0.733,0.447,23.5,0.209,1,87800,472.8,243.6,1.941,0.618,0.937,0.623,0.857,6.0738,1.0811,0.6984,0.1842,0.9368,2.835,0.057,0.0347,amber brown,oblong / elongated
SagaiIRAQ,zenodo,zenodo__SequeeIRAQ_6215.jpg,0.471,28.9,0.717,0.57,21.05,0.246,1,81804,444.4,261.6,1.698,0.454,0.814,0.627,0.808,2.4913,0.7873,0.7056,0.1328,0.9597,2.725,0.0309,0.0021,golden brown,oblong / elongated
SagaiIRAQ,zenodo,zenodo__SequeeIRAQ_6216.jpg,0.427,25.8,0.821,0.579,21.46,0.239,1,74166,437.4,238.5,1.834,0.539,0.839,0.622,0.838,2.5999,0.8004,0.7051,0.1344,0.9578,2.725,0.0354,0.0002,golden brown,oblong / elongated
SagaiIRAQ,zenodo,zenodo__SequeeIRAQ_6217.jpg,0.384,27.9,0.751,0.576,19.22,0.278,1,66575,445.7,232.4,1.918,0.368,0.754,0.505,0.853,1.9626,0.719,0.7216,0.1535,0.9505,2.751,0.0298,0.0009,golden brown,oblong / elongated
SagaiIRAQ,zenodo,zenodo__SequeeIRAQ_6219.jpg,0.579,25.7,0.693,0.744,21.56,0.238,1,100548,488.9,268.9,1.818,0.395,0.89,0.768,0.835,4.3254,1.1723,0.6064,0.1146,0.9196,2.859,0.0697,0.0188,amber / golden yellow,oblong / elongated
SagaiIRAQ,zenodo,zenodo__SequeeIRAQ_6220.jpg,0.476,24.9,0.674,0.777,23.04,0.215,1,82690,465.1,248.1,1.875,0.388,0.836,0.67,0.846,3.9258,1.1174,0.6167,0.1147,0.9335,2.853,0.0641,0.0294,amber brown,oblong / elongated
SagaiIRAQ,zenodo,zenodo__SequeeIRAQ_6221.jpg,0.461,25.4,0.681,0.795,20.79,0.25,1,80083,484.2,234.3,2.067,0.399,0.866,0.683,0.875,2.9958,1.0143,0.6324,0.1278,0.9326,2.88,0.0644,0.0119,amber / golden yellow,oblong / elongated
SagaiIRAQ,zenodo,zenodo__SequeeIRAQ_6223.jpg,0.353,17.9,0.806,0.518,18.19,0.297,1,61227,429.4,207.2,2.072,0.341,0.766,0.6,0.876,2.4642,0.7985,0.7039,0.1474,0.9425,2.741,0.0295,0.0002,amber brown,oblong / elongated
SagaiIRAQ,zenodo,zenodo__SequeeIRAQ_6225.jpg,0.558,30.2,0.673,0.498,17.76,0.306,1,97037,458.6,303.6,1.511,0.519,0.87,0.754,0.75,1.2288,0.6066,0.7459,0.1697,0.9586,2.833,0.0208,0.0,golden brown,oval
SagaiIRAQ,zenodo,zenodo__SequeeIRAQ_6226.jpg,0.463,30.0,0.724,0.54,17.73,0.307,1,80424,411.9,266.4,1.546,0.518,0.86,0.691,0.763,1.6995,0.6932,0.7243,0.158,0.955,2.853,0.0235,0.0,golden brown,oval
SagaiIRAQ,zenodo,zenodo__SequeeIRAQ_6227.jpg,0.445,28.5,0.75,0.401,14.77,0.374,1,77287,518.1,202.9,2.554,0.499,0.893,0.778,0.92,1.0081,0.5587,0.7584,0.1825,0.9543,2.855,0.0185,0.0,golden brown,very elongated
SagaiIRAQ,zenodo,zenodo__SequeeIRAQ_6228.jpg,0.489,30.0,0.706,0.503,17.84,0.304,1,84923,457.3,251.0,1.822,0.453,0.866,0.618,0.836,1.7171,0.7315,0.7061,0.1525,0.9493,2.879,0.0316,0.0,golden brown,oblong / elongated
SagaiIRAQ,zenodo,zenodo__SequeeIRAQ_6229.jpg,0.525,28.7,0.677,0.45,18.01,0.301,1,91370,441.3,275.9,1.6,0.519,0.904,0.7,0.78,1.5212,0.7179,0.7069,0.1598,0.9435,2.904,0.0365,0.0,golden brown,oval
SagaiIRAQ,zenodo,zenodo__SequeeIRAQ_6230.jpg,0.358,28.1,0.716,0.379,15.83,0.348,1,62092,373.8,222.7,1.679,0.519,0.917,0.751,0.803,1.303,0.6724,0.7176,0.1761,0.9335,2.777,0.03,0.0,golden brown,oblong / elongated
SagaiIRAQ,zenodo,zenodo__SequeeIRAQ_6232.jpg,0.617,23.0,0.797,0.608,17.81,0.305,1,107253,459.8,329.2,1.397,0.476,0.881,0.788,0.698,1.8355,0.6937,0.7292,0.1541,0.9536,2.852,0.026,0.0,amber brown,oval
